variant,clip_c,sd_shift_target,value
context,0.0,1.0,0.5916734225858199
context,0.0,1.0,1.2241433867024192
context,0.0,1.0,0.4459297577545942
context,0.0,1.0,0.030404534279497044
context,0.0,1.0,1.753860971163996
context,0.0,1.0,0.6756536111371775
context,0.0,1.0,0.9186020284532314
context,0.0,1.0,2.4791325947396317
context,0.0,1.0,0.027074805224593917
context,0.0,1.0,2.596011358255977
context,0.0,1.0,8.843013817965055
context,0.0,1.0,2.01449521957454
context,0.0,1.0,0.6831410599907357
context,0.0,1.0,0.14817628311398595
context,0.0,1.0,1.4772468136163517
context,0.0,1.0,6.5002669140155325
context,0.0,1.0,0.21917245854977027
context,0.0,1.0,1.3360738831100032
context,0.0,1.0,4.0123224374371755
context,0.0,1.0,0.7668997567195583
context,0.0,1.0,3.6131198688704225
context,0.0,1.0,1.1176979517531287
context,0.0,1.0,0.03360695008963635
context,0.0,1.0,0.40368348260856685
context,0.0,1.0,0.06819747805535158
context,0.0,1.0,0.07082426930924289
context,0.0,1.0,5.003166651424666
context,0.0,1.0,2.883358504817792
context,0.0,1.0,0.19563109715456878
context,0.0,1.0,0.25680811811526816
context,0.0,1.0,0.699153771960803
context,0.0,1.0,0.06594301352532524
context,0.0,1.0,0.13152799480793903
context,0.0,1.0,0.5852129129982192
context,0.0,1.0,1.1213482709306313
context,0.0,1.0,2.063516422186525
context,0.0,1.0,0.4832629165087768
context,0.0,1.0,0.3524161420211553
context,0.0,1.0,189.81303091750124
context,0.0,1.0,0.2277306814502254
context,0.0,1.0,0.1826288783633949
context,0.0,1.0,1.3343150475325514
context,0.0,1.0,1.1811933574697822
context,0.0,1.0,6.432580745652424
context,0.0,1.0,0.7992122715165372
context,0.0,1.0,2.675416079222984
context,0.0,1.0,144.36344945080526
context,0.0,1.0,0.09043204573020308
context,0.0,1.0,0.6634701152750527
context,0.0,1.0,0.33655419724820934
context,0.0,1.0,11.380145644165532
context,0.0,1.0,0.4789487598478918
context,0.0,1.0,0.5298740372662873
context,0.0,1.0,0.7897033498629252
context,0.0,1.0,10.475400989819342
context,0.0,1.0,0.06306468060020586
context,0.0,1.0,0.004998984540048888
context,0.0,1.0,0.04289953219433155
context,0.0,1.0,2.0434253545364465
context,0.0,1.0,0.3091271087447709
context,0.0,1.0,0.03997707047119874
context,0.0,1.0,0.3039688957617987
context,0.0,1.0,1.1789540036403778
context,0.0,1.0,0.019349881702196148
context,0.0,1.0,1.2110685431460473
context,0.0,1.0,1.7458859942062064
context,0.0,1.0,0.9310050259495926
context,0.0,1.0,1.9455715064336558
context,0.0,1.0,0.843201745117486
context,0.0,1.0,10.942840079858536
context,0.0,1.0,6.296691119125908
context,0.0,1.0,0.34454529902356246
context,0.0,1.0,1.0520903048145447
context,0.0,1.0,2.282067781761292
context,0.0,1.0,1.2845665977416785
context,0.0,1.0,1.6028180530119076
context,0.0,1.0,0.4159941092890964
context,0.0,1.0,1.1208041541351286
context,0.0,1.0,1.3692083443361842
context,0.0,1.0,4.930527792097731
context,0.0,1.0,1.6573250016896792
context,0.0,1.0,0.7920781738749326
context,0.0,1.0,0.4351239713764343
context,0.0,1.0,0.6120923602113256
context,0.0,1.0,12.949876582200206
context,0.0,1.0,0.11820394996106948
context,0.0,1.0,0.35854987172351577
context,0.0,1.0,2.3604394466181944
context,0.0,1.0,0.019269441901763204
context,0.0,1.0,0.18729618108974233
context,0.0,1.0,0.050563400520247624
context,0.0,1.0,2.694566167132792
context,0.0,1.0,0.41467746473438627
context,0.0,1.0,0.03688612926986649
context,0.0,1.0,2.8695355617451206
context,0.0,1.0,4.077641671575402
context,0.0,1.0,1.0001955412604333
context,0.0,1.0,1.4422832533050798
context,0.0,1.0,2.008696147326536
context,0.0,1.0,1.2462371514791644
context,0.0,1.0,0.8724191842969817
context,0.0,1.0,1.4814262643840694
context,0.0,1.0,0.2550154477200992
context,0.0,1.0,0.1968600067820853
context,0.0,1.0,0.26329447297312975
context,0.0,1.0,0.15241303959670902
context,0.0,1.0,2.4961938856260524
context,0.0,1.0,0.8169447575478636
context,0.0,1.0,0.04385527550166164
context,0.0,1.0,0.6191117237717979
context,0.0,1.0,0.6904449454585561
context,0.0,1.0,1.3940873599216248
context,0.0,1.0,6.152176492018854
context,0.0,1.0,3.3542096731192124
context,0.0,1.0,0.05592576027176592
context,0.0,1.0,0.05417109437979863
context,0.0,1.0,0.37444684374051185
context,0.0,1.0,0.7063589663348417
context,0.0,1.0,0.4289910988682006
context,0.0,1.0,0.4785229845529312
context,0.0,1.0,5.0814122017359935
context,0.0,1.0,0.02538691742249541
context,0.0,1.0,0.9490006369944879
context,0.0,1.0,0.35763413332163724
context,0.0,1.0,0.8313595837722001
context,0.0,1.0,0.5476294285760601
context,0.0,1.0,0.2573159617629075
context,0.0,1.0,3.4859695744192924
context,0.0,1.0,0.10197892588998281
context,0.0,1.0,0.7967598312098905
context,0.0,1.0,0.5297560340822245
context,0.0,1.0,3.0347501329419413
context,0.0,1.0,0.19239301120878247
context,0.0,1.0,5.368691210553624
context,0.0,1.0,1.7490116567997953
context,0.0,1.0,1.4722377881317963
context,0.0,1.0,1.046607716642502
context,0.0,1.0,103.8419678146879
context,0.0,1.0,56.066200153954995
context,0.0,1.0,0.23146032345752338
context,0.0,1.0,0.9100856285537785
context,0.0,1.0,0.09538592387918772
context,0.0,1.0,0.13105770859320048
context,0.0,1.0,1.4840093564257117
context,0.0,1.0,0.4826986897879707
context,0.0,1.0,0.9897622079611217
context,0.0,1.0,0.46105585003168303
context,0.0,1.0,40.06583383486295
context,0.0,1.0,1.5234633501410728
context,0.0,1.0,0.043249654587669745
context,0.0,1.0,0.3577523986617845
context,0.0,1.0,0.45314410926321264
context,0.0,1.0,0.315946029935939
context,0.0,1.0,2.0849776062231644
context,0.0,1.0,0.33875794720094027
context,0.0,1.0,0.6367183401553275
context,0.0,1.0,1.0987939692693416
context,0.0,1.0,1.630185781161243
context,0.0,1.0,9.638008265397108
context,0.0,1.0,0.23579076059969337
context,0.0,1.0,0.18993948111698097
context,0.0,1.0,0.09075646703775067
context,0.0,1.0,0.5959811218114643
context,0.0,1.0,0.46072080137090016
context,0.0,1.0,1.7416915924056737
context,0.0,1.0,3.3493006197307724
context,0.0,1.0,0.346742304561199
context,0.0,1.0,0.15029756579910847
context,0.0,1.0,1.602530490836428
context,0.0,1.0,0.6613036571484681
context,0.0,1.0,0.13905668176398023
context,0.0,1.0,2.0077830296146684
context,0.0,1.0,0.5142347333863797
context,0.0,1.0,0.1791434189597823
context,0.0,1.0,68.9193447047782
context,0.0,1.0,0.6701546195731328
context,0.0,1.0,0.3165025218203808
context,0.0,1.0,0.8435426402499482
context,0.0,1.0,1.4906792007950496
context,0.0,1.0,0.7228541955484776
context,0.0,1.0,0.5731882108160785
context,0.0,1.0,0.03298445257714986
context,0.0,1.0,0.5920960696108479
context,0.0,1.0,5.1535944887612
context,0.0,1.0,0.08687947679231663
context,0.0,1.0,0.6034313280582545
context,0.0,1.0,3.1799974237202733
context,0.0,1.0,8.716421330545948
context,0.0,1.0,0.01010287517741485
context,0.0,1.0,2.4753127638970405
context,0.0,1.0,1.3006815371223106
context,0.0,1.0,0.5402597715368262
context,0.0,1.0,0.8699501080402773
context,0.0,1.0,1.057938143934443
context,0.0,1.0,0.05836008380825842
context,0.0,1.0,0.35581124608884535
context,0.0,1.0,0.43633255077125455
context,0.0,1.0,0.5437044945085294
context,0.0,1.0,0.6929003996905326
context,0.0,1.0,2.3582780576473064
context,0.0,1.0,9.598036552025194
context,0.0,1.0,0.13736945810981577
context,0.0,1.0,0.4450116335361303
context,0.0,1.0,4.077324293558398
context,0.0,1.0,4.428932422220745
context,0.0,1.0,3.7392653193212033
context,0.0,1.0,0.3682416297337769
context,0.0,1.0,0.1204281063017334
context,0.0,1.0,0.0009414510551845503
context,0.0,1.0,9.64198726017444
context,0.0,1.0,0.11655436289107145
context,0.0,1.0,1.774928685051802
context,0.0,1.0,1.0738494228858293
context,0.0,1.0,1.12791120865607
context,0.0,1.0,0.14790113083631015
context,0.0,1.0,19.313225684761527
context,0.0,1.0,0.5403858752069414
context,0.0,1.0,1.5547278803771394
context,0.0,1.0,0.3349476157313452
context,0.0,1.0,0.7882986433046031
context,0.0,1.0,1.3472698335113007
context,0.0,1.0,3.303775672907727
context,0.0,1.0,2.3945656965630713
context,0.0,1.0,1.026626863774878
context,0.0,1.0,6.2424039796715975
context,0.0,1.0,9.189576236533297
context,0.0,1.0,0.12997330408830604
context,0.0,1.0,0.5355769442657812
context,0.0,1.0,0.19777647749483748
context,0.0,1.0,0.23778083499390343
context,0.0,1.0,4.018798469684741
context,0.0,1.0,0.5720026758486074
context,0.0,1.0,3.046235771657463
context,0.0,1.0,7.358291448349918
context,0.0,1.0,0.2366415711105994
context,0.0,1.0,3.045275973586029
context,0.0,1.0,0.08026368085007561
context,0.0,1.0,3.577001001804751
context,0.0,1.0,5.400607275030421
context,0.0,1.0,9.716287129106195
context,0.0,1.0,0.7627180833548952
context,0.0,1.0,2.841747703653333
context,0.0,1.0,78.87460503471866
context,0.0,1.0,0.2924963734326695
context,0.0,1.0,1.4446517641586187
context,0.0,1.0,2.186519347979664
context,0.0,1.0,0.0990298923439794
context,0.0,1.0,10.350195337291893
context,0.0,1.0,0.07422444083506803
context,0.0,1.0,1.234480460515069
context,0.0,1.0,0.008168026877871668
context,0.0,1.0,6.391296508360739
context,0.0,1.0,0.1399085079371827
context,0.0,1.0,7.589609145085084
context,0.0,1.0,3.9525136601153057
context,0.0,1.0,2.4173326118358567
context,0.0,1.0,3.0296659914174877
context,0.0,1.0,0.10329045050392827
context,0.0,1.0,0.48014491138272936
context,0.0,1.0,0.23606940157049275
context,0.0,1.0,2.5676707437438844
context,0.0,1.0,2.8035365069612594
context,0.0,1.0,1.4587318200024642
context,0.0,1.0,3.00872338686637
context,0.0,1.0,1.1038142645542803
context,0.0,1.0,1.706850339114376
context,0.0,1.0,2.4803500551137634
context,0.0,1.0,1.1096079092792053
context,0.0,1.0,0.3123010823278163
context,0.0,1.0,0.46723177447814385
context,0.0,1.0,0.27478222698631605
context,0.0,1.0,1.5020675525795544
context,0.0,1.0,0.28149798765826695
context,0.0,1.0,2.790145945106404
context,0.0,1.0,0.2704947701247471
context,0.0,1.0,3.9383187721927864
context,0.0,1.0,0.5623968103258721
context,0.0,1.0,4.760020452855835
context,0.0,1.0,0.18136506313032277
context,0.0,1.0,1.4220170300327426
context,0.0,1.0,0.21858619061525966
context,0.0,1.0,0.049049359818092025
context,0.0,1.0,0.547152044090385
context,0.0,1.0,0.10834537937131003
context,0.0,1.0,10.585786513349538
context,0.0,1.0,1.1157707234637904
context,0.0,1.0,0.9163040785895797
context,0.0,1.0,22.754234945424233
context,0.0,1.0,0.2813273697139219
context,0.0,1.0,6.113398291983941
context,0.0,1.0,8.567556011786705
context,0.0,1.0,1.3244890423988318
context,0.0,1.0,0.44651151028585473
context,0.0,1.0,0.08201725420688474
context,0.0,1.0,0.134480139609991
context,0.0,1.0,0.7237111968672357
context,0.0,1.0,0.23762226622529362
context,0.0,1.0,0.5419795404921398
context,0.0,1.0,2.7266515255096975
context,0.0,1.0,0.0696041597214074
context,0.0,1.0,1.3558566273269288
context,0.0,1.0,0.10866791936636022
context,0.0,1.0,0.017577743601794465
context,0.0,1.0,52.09629722340884
context,0.0,1.0,0.8967991243951475
context,0.0,1.0,1.063450629267869
context,0.0,1.0,8.509080880460626
context,0.0,1.0,0.19170706587289735
context,0.0,1.0,1.248561555968666
context,0.0,1.0,5.999344355038629
context,0.0,1.0,2.7433678024926427
context,0.0,1.0,0.1579166654925728
context,0.0,1.0,0.3711398487040376
context,0.0,1.0,0.2814340435073554
context,0.0,1.0,0.771595183402326
context,0.0,1.0,0.7137037148725676
context,0.0,1.0,5.7385683595373616
context,0.0,1.0,0.2897680511937114
context,0.0,1.0,0.10502860523490905
context,0.0,1.0,0.781448688417058
context,0.0,1.0,3.683681367343373
context,0.0,1.0,0.16849921198127443
context,0.0,1.0,0.48000140275669595
context,0.0,1.0,0.8850365009422455
context,0.0,1.0,0.6074627269546723
context,0.0,1.0,5.586596931521167
context,0.0,1.0,0.9997116307181628
context,0.0,1.0,3.3838358740694896
context,0.0,1.0,0.6365047627570584
context,0.0,1.0,2.8323145341086833
context,0.0,1.0,4.5115078283359304
context,0.0,1.0,0.11366832659533876
context,0.0,1.0,0.3989329871224167
context,0.0,1.0,8.433190307452746
context,0.0,1.0,164.93325105124225
context,0.0,1.0,0.06143185379814637
context,0.0,1.0,0.03925483238124206
context,0.0,1.0,0.7418517641027976
context,0.0,1.0,7.541702280796225
context,0.0,1.0,5.210249987589405
context,0.0,1.0,0.32977807516127655
context,0.0,1.0,0.41440955385079337
context,0.0,1.0,0.08809382122685609
context,0.0,1.0,0.9202068898037272
context,0.0,1.0,0.6004588358861869
context,0.0,1.0,1.9363677351425759
context,0.0,1.0,0.2589881005856221
context,0.0,1.0,5.513999214870715
context,0.0,1.0,0.43755628531818874
context,0.0,1.0,0.36866114085748364
context,0.0,1.0,1.9883660123529192
context,0.0,1.0,3.9543710291166443
context,0.0,1.0,0.3158432549130683
context,0.0,1.0,1.3332722534317376
context,0.0,1.0,0.6035417584730692
context,0.0,1.0,0.2542380085918539
context,0.0,1.0,1.2441679501370249
context,0.0,1.0,0.2939902813490545
context,0.0,1.0,1.0058607308062595
context,0.0,1.0,2.0531482393362372
context,0.0,1.0,0.9497681428691886
context,0.0,1.0,0.25338347977828124
context,0.0,1.0,1.738952316086129
context,0.0,1.0,19.10833123120706
context,0.0,1.0,0.44068761870164336
context,0.0,1.0,0.041021611827385306
context,0.0,1.0,8.515289763464573
context,0.0,1.0,2.538704469732854
context,0.0,1.0,3.545408151006725
context,0.0,1.0,0.5220170888941414
context,0.0,1.0,5.867113692500465
context,0.0,1.0,7.2005671320715985
context,0.0,1.0,5.357190494349115
context,0.0,1.0,0.2663299199435046
context,0.0,1.0,0.8324835221729379
context,0.0,1.0,0.8410886112270152
context,0.0,1.0,2.026585037101913
context,0.0,1.0,0.4098480709889433
context,0.0,1.0,1.5147701222242225
context,0.0,1.0,0.0045090048879779954
context,0.0,1.0,0.4283469614500865
context,0.0,1.0,0.4830341281364204
context,0.0,1.0,15.578925741409872
context,0.0,1.0,1.0623691762085228
context,0.0,1.0,3.4562867239782293
context,0.0,1.0,0.2631161460246209
context,0.0,1.0,2.390635292574244
context,0.0,1.0,0.5567682484188881
context,0.0,1.0,0.7633150865714058
context,0.0,1.0,0.027137669290285348
context,0.0,1.0,8.506445833201134
context,0.0,1.0,0.7781205057630604
context,0.0,1.0,3.6298102527202265
context,0.0,1.0,0.5368061095762868
context,0.0,1.0,12.896639961765768
context,0.0,1.0,0.11988715265995081
context,0.0,1.0,0.000322642271977652
context,0.0,1.0,0.4183575543151886
context,0.0,1.0,0.4896262138151873
context,0.0,1.0,0.08181460368516756
context,0.0,1.0,1.168241430583253
context,0.0,1.0,1.3112267817170307
context,0.0,1.0,3.7970947852755987
context,0.0,1.0,3.5468073706876924
context,0.0,1.0,0.7825140631629968
context,0.0,1.0,0.26019679776471943
context,0.0,1.0,0.1851989604134928
context,0.0,1.0,5.0514010789614705
context,0.0,1.0,25.08150013148634
context,0.0,1.0,13.461188980371242
context,0.0,1.0,0.06678969906826854
context,0.0,1.0,0.1157783023840813
context,0.0,1.0,0.4589888575890109
context,0.0,1.0,0.6536186363858236
context,0.0,1.0,0.24776342958237044
context,0.0,1.0,0.15306802585107768
context,0.0,1.0,0.6922355088920341
context,0.0,1.0,1.1266902749751107
context,0.0,1.0,0.23886025845068315
context,0.0,1.0,0.418276928271819
context,0.0,1.0,3.070227273724887
context,0.0,1.0,0.5282247176082401
context,0.0,1.0,0.983948398817311
context,0.0,1.0,4.326864212656029
context,0.0,1.0,2.195259743447281
context,0.0,1.0,0.4085364636721931
context,0.0,1.0,0.25363534173753904
context,0.0,1.0,0.4112304874240112
context,0.0,1.0,0.7186161367138524
context,0.0,1.0,0.2789529452530098
context,0.0,1.0,0.26059936980741755
context,0.0,1.0,0.21302346632374383
context,0.0,1.0,3.5723642146419965
context,0.0,1.0,2.4461849862361804
context,0.0,1.0,1.1096331096774767
context,0.0,1.0,0.6737934700864961
context,0.0,1.0,0.6146681985256723
context,0.0,1.0,0.7179884937429536
context,0.0,1.0,0.17273101934235144
context,0.0,1.0,0.05027931361376355
context,0.0,1.0,1.316717915942954
context,0.0,1.0,0.20439505261874558
context,0.0,1.0,1.7313179762672113
context,0.0,1.0,0.14205144423679542
context,0.0,1.0,0.30462145352333053
context,0.0,1.0,0.18943977487406655
context,0.0,1.0,1.2489470307917265
context,0.0,1.0,3.2948875135127733
context,0.0,1.0,7.1604382725659645
context,0.0,1.0,2.367143642487331
context,0.0,1.0,0.2534620983129503
context,0.0,1.0,10.990433198331486
context,0.0,1.0,3.813743819895163
context,0.0,1.0,0.5650952755579981
context,0.0,1.0,0.0888153151943117
context,0.0,1.0,1.9008434777667529
context,0.0,1.0,0.0464400283867133
context,0.0,1.0,2.380882251468713
context,0.0,1.0,13.596436077376273
context,0.0,1.0,0.00024047152067617272
context,0.0,1.0,0.11525220685825037
context,0.0,1.0,1.2779708789713373
context,0.0,1.0,1.283325290234164
context,0.0,1.0,5.009485426983881
context,0.0,1.0,3.031341493961612
context,0.0,1.0,0.07156310877214611
context,0.0,1.0,0.4463276145490823
context,0.0,1.0,0.17696062253174077
context,0.0,1.0,0.3123623643620202
context,0.0,1.0,1.5480532866344894
context,0.0,1.0,2.1392430734280965
context,0.0,1.0,3.0951828564722064
context,0.0,1.0,0.8200264408394669
context,0.0,1.0,0.008016387426754385
context,0.0,1.0,0.14409153925339052
context,0.0,1.0,0.16024921965328506
context,0.0,1.0,0.06616912097732927
context,0.0,1.0,4.415268021859788
context,0.0,1.0,1.0134586753193233
context,0.0,1.0,0.2172918997353537
context,0.0,1.0,0.4010289928355904
context,0.0,1.0,19.627329878126943
context,0.0,1.0,0.8086711374262446
context,0.0,1.0,0.7683200088787547
context,0.0,1.0,0.2756860973357666
context,0.0,1.0,2.519975968540813
context,0.0,1.0,2.3450399798440826
context,0.0,1.0,0.3089473613768051
context,0.0,1.0,12.15161160755172
context,0.0,1.0,2.686996149682534
context,0.0,1.0,0.31137033048882523
context,0.0,1.0,2.351204907529423
context,0.0,1.0,662.3565963992633
context,0.0,1.0,0.7231279711406852
context,0.0,1.0,0.6035294592457198
context,0.0,1.0,0.12520265272423964
context,0.0,1.0,0.9477736419342798
context,0.0,1.0,0.2339649167091754
context,0.0,1.0,10.714047736930219
context,0.0,1.0,0.211078442681071
context,0.0,1.0,0.6688083713784795
context,0.0,1.0,4.65034517105064
context,0.0,1.0,0.1114961745249548
context,0.0,1.0,0.06641412338353293
context,0.0,1.0,30.63258251735616
context,0.0,1.0,6.306765786806693
context,0.0,1.0,7.311173597201712
context,0.0,1.0,1.7997848872027749
context,0.0,1.0,4.479929851808442
context,0.0,1.0,0.087348893578476
context,0.0,1.0,0.5613694408148265
context,0.0,1.0,0.7834285502522964
context,0.0,1.0,5.517708415858393
context,0.0,1.0,25.64000708260167
context,0.0,1.0,0.04266051429294478
context,0.0,1.0,1.9081758303008363
context,0.0,1.0,0.24551588554217335
context,0.0,1.0,1.6267644117386637
context,0.0,1.0,1.3743113697036375
context,0.0,1.0,1.1893309401673118
context,0.0,1.0,1.2365636741018908
context,0.0,1.0,1.5790643102339061
context,0.0,1.0,3.3955535492895486
context,0.0,1.0,5.557604098494372
context,0.0,1.0,5.4130877013738194
context,0.0,1.0,1.7998152164103243
context,0.0,1.0,0.3669965787402365
context,0.0,1.0,2.242880515315714
context,0.0,1.0,0.09125005786175802
context,0.0,1.0,0.2966362598794459
context,0.0,1.0,4.918105333239532
context,0.0,1.0,4.402592712854786
context,0.0,1.0,0.40485251817277973
context,0.0,1.0,70.05685781165968
context,0.0,1.0,0.35431343930458475
context,0.0,1.0,6.598276984117191
context,0.0,1.0,2.1625324561203514
context,0.0,1.0,0.017466810605688773
context,0.0,1.0,0.17623990243443033
context,0.0,1.0,1.2657934953525154
context,0.0,1.0,0.7385088479571734
context,0.0,1.0,0.11349596007907882
context,0.0,1.0,1.6792886734852
context,0.0,1.0,0.7195737038599752
context,0.0,1.0,2.139985939311838
context,0.0,1.0,0.340239793852043
context,0.0,1.0,0.12500518699858335
context,0.0,1.0,0.33640908938276537
context,0.0,1.0,1.9842596089307445
context,0.0,1.0,0.00040422907542341804
context,0.0,1.0,5.567445312468205
context,0.0,1.0,0.7186291143691795
context,0.0,1.0,2.1201514114104443
context,0.0,1.0,2.032600423985406
context,0.0,1.0,1.3533699778704529
context,0.0,1.0,0.4160773009248542
context,0.0,1.0,2.5188218780397196
context,0.0,1.0,31.59183525443854
context,0.0,1.0,3.3169135661290285
context,0.0,1.0,0.22764160428960933
context,0.0,1.0,2.5565586384590637
context,0.0,1.0,0.8682173873109629
context,0.0,1.0,9.872647438923302
context,0.0,1.0,1.4306985089190718
context,0.0,1.0,0.5603703605266334
context,0.0,1.0,0.15985650849702376
context,0.0,1.0,0.42408371683845514
context,0.0,1.0,0.7308977837471577
context,0.0,1.0,1.4969115551358756
context,0.0,1.0,0.9539970477426394
context,0.0,1.0,1.5321847669047266
context,0.0,1.0,0.8872328160900965
context,0.0,1.0,0.014052383599909934
context,0.0,1.0,0.11567038154043373
context,0.0,1.0,0.8824459165534893
context,0.0,1.0,0.8747406604327981
context,0.0,1.0,1.6861905014424279
context,0.0,1.0,0.573262832429358
context,0.0,1.0,1.6265953321150992
context,0.0,1.0,0.6717042308727118
context,0.0,1.0,1.2991210321484703
context,0.0,1.0,0.3106672496427336
context,0.0,1.0,0.10659776413256926
context,0.0,1.0,2.70895592619167
context,0.0,1.0,0.3434532823704858
context,0.0,1.0,0.1485154884751465
context,0.0,1.0,0.007096884473179737
context,0.0,1.0,0.9036826784786605
context,0.0,1.0,0.08436160455243377
context,0.0,1.0,1.4805323346148436
context,0.0,1.0,20.840911892757635
context,0.0,1.0,2.4290623704643073
context,0.0,1.0,0.9586800644872063
context,0.0,1.0,0.03684211199611615
context,0.0,1.0,17.514635602797803
context,0.0,1.0,0.7774494763468239
context,0.0,1.0,1.6437407420766676
context,0.0,1.0,0.44342154882500745
context,0.0,1.0,1.0278657368922313
context,0.0,1.0,0.1309867961694947
context,0.0,1.0,0.19052130810105014
context,0.0,1.0,0.5320643630058952
context,0.0,1.0,0.4568777421816009
context,0.0,1.0,0.18877646601284012
context,0.0,1.0,0.06279996992037906
context,0.0,1.0,0.9366246521537684
context,0.0,1.0,1.3677005591323228
context,0.0,1.0,0.03369097957337179
context,0.0,1.0,0.13139566659608953
context,0.0,1.0,0.32372943458036796
context,0.0,1.0,0.19141327966961372
context,0.0,1.0,0.06265990105782966
context,0.0,1.0,0.7566352446564483
context,0.0,1.0,0.4607889751162097
context,0.0,1.0,0.30446250375464984
context,0.0,1.0,0.6162632706451262
context,0.0,1.0,0.38509337864722193
context,0.0,1.0,1.7553709353639417
context,0.0,1.0,0.29100822900278656
context,0.0,1.0,2.21699945148505
context,0.0,1.0,0.30015564168408476
context,0.0,1.0,0.373447491561103
context,0.0,1.0,0.5094333417583616
context,0.0,1.0,0.4079787059947362
context,0.0,1.0,2.17239883338647
context,0.0,1.0,0.6680124510397132
context,0.0,1.0,0.3401406659692721
context,0.0,1.0,0.9284141193772651
context,0.0,1.0,2.140191777940409
context,0.0,1.0,0.5133230624272634
context,0.0,1.0,0.3724364795289397
context,0.0,1.0,0.35101765026406084
context,0.0,1.0,4.436874758306045
context,0.0,1.0,2.2702409492331537
context,0.0,1.0,1.6358564975153356
context,0.0,1.0,0.17382078988973268
context,0.0,1.0,0.1130736592510168
context,0.0,1.0,1.782676487000026
context,0.0,1.0,0.05316047810301913
context,0.0,1.0,0.7792992113334302
context,0.0,1.0,0.1529859569982882
context,0.0,1.0,0.02298504654726753
context,0.0,1.0,1.0691291829647747
context,0.0,1.0,0.07532697835680276
context,0.0,1.0,0.6285483347391944
context,0.0,1.0,0.7335566137745635
context,0.0,1.0,0.9556988640680744
context,0.0,1.0,0.02621148288667906
context,0.0,1.0,1.1229379316806998
context,0.0,1.0,0.5322305682320526
context,0.0,1.0,0.5452584398358421
context,0.0,1.0,1.1675650442641297
context,0.0,1.0,0.42375157439662814
context,0.0,1.0,0.2791819428159267
context,0.0,1.0,0.28202382978639073
context,0.0,1.0,0.3838447887824868
context,0.0,1.0,9.924749817369184
context,0.0,1.0,11.221070350898897
context,0.0,1.0,0.6604150045112548
context,0.0,1.0,0.14672289881322886
context,0.0,1.0,0.5326119426629561
context,0.0,1.0,0.5301060973737513
context,0.0,1.0,19.402301335246904
context,0.0,1.0,0.47667616084220477
context,0.0,1.0,0.5721039344845996
context,0.0,1.0,2.6689937954252585
context,0.0,1.0,5.834063979225639
context,0.0,1.0,5.487061420689388
context,0.0,1.0,1.270061039710777
context,0.0,1.0,37.71161892536725
context,0.0,1.0,6.4637761278026495
context,0.0,1.0,2.2586659233956516
context,0.0,1.0,0.2042490447631137
context,0.0,1.0,0.04992374365368071
context,0.0,1.0,0.1885651997359418
context,0.0,1.0,0.3706807418158105
context,0.0,1.0,1.052699744270347
context,0.0,1.0,26.057262171324137
context,0.0,1.0,0.0313114302462742
context,0.0,1.0,0.19412106406183183
context,0.0,1.0,29.69728894273608
context,0.0,1.0,0.24034959570459116
context,0.0,1.0,0.5231939473794188
context,0.0,1.0,85.89480611061191
context,0.0,1.0,6.783899717353788
context,0.0,1.0,2.4003296543598163
context,0.0,1.0,1.0539682309743714
context,0.0,1.0,1.2255358375846308
context,0.0,1.0,3.6072006923477122
context,0.0,1.0,0.130218117452266
context,0.0,1.0,1.6402811804725315
context,0.0,1.0,1.095132780533951
context,0.0,1.0,44.298066576906066
context,0.0,1.0,0.10907666660430436
context,0.0,1.0,0.2505694386810923
context,0.0,1.0,1.2797680385365269
context,0.0,1.0,0.3435175628755415
context,0.0,1.0,1.289795048824849
context,0.0,1.0,0.1362215643073353
context,0.0,1.0,2.0428069960985007
context,0.0,1.0,3.6912072772362388
context,0.0,1.0,0.7497494981687499
context,0.0,1.0,14.592014683167589
context,0.0,1.0,5.8237177691310755
context,0.0,1.0,1.6830825425853575
context,0.0,1.0,1.6909571681836577
context,0.0,1.0,9.302427274493303
context,0.0,1.0,0.8178122130568414
context,0.0,1.0,0.8842746154610148
context,0.0,1.0,5.473750821719227
context,0.0,1.0,0.1572906015638263
context,0.0,1.0,2.1195930105151564
context,0.0,1.0,12.559614359567322
context,0.0,1.0,0.37133849084548565
context,0.0,1.0,0.8390524541283434
context,0.0,1.0,0.8584932360597916
context,0.0,1.0,0.739202094718763
context,0.0,1.0,0.4532246855077215
context,0.0,1.0,0.2621864496322172
context,0.0,1.0,5.669704566263615
context,0.0,1.0,1.0291014720361145
context,0.0,1.0,5.547527717589229
context,0.0,1.0,9.839342325844557
context,0.0,1.0,0.24805542193494762
context,0.0,1.0,2.2268077499290255
context,0.0,1.0,0.2202042266265074
context,0.0,1.0,0.012001003942254666
context,0.0,1.0,0.40689082873145477
context,0.0,1.0,1.02893523505517
context,0.0,1.0,0.8028382890745581
context,0.0,1.0,0.1326668687931272
context,0.0,1.0,6.881473162334371
context,0.0,1.0,3.1818325023489185
context,0.0,1.0,0.9266943578545014
context,0.0,1.0,0.3606264885822004
context,0.0,1.0,0.4390561657602487
context,0.0,1.0,13.646952697841725
context,0.0,1.0,3.693667599230346
context,0.0,1.0,0.30748467406185
context,0.0,1.0,0.011853711822353692
context,0.0,1.0,0.34633616855666677
context,0.0,1.0,3.399384542229748
context,0.0,1.0,0.09027209190360275
context,0.0,1.0,4.995964142765874
context,0.0,1.0,1.7245119435283398
context,0.0,1.0,1.7168125553561533
context,0.0,1.0,0.13058491702281982
context,0.0,1.0,0.1169752523372338
context,0.0,1.0,0.2594278929902541
context,0.0,1.0,1.0576047574201668
context,0.0,1.0,0.07377189126586438
context,0.0,1.0,0.46426271204701747
context,0.0,1.0,0.5161688185062802
context,0.0,1.0,0.047906367196414196
context,0.0,1.0,4.159742730877509
context,0.0,1.0,0.13413740867183832
context,0.0,1.0,0.3127188585226992
context,0.0,1.0,0.03413794406562877
context,0.0,1.0,307.0620517056621
context,0.0,1.0,0.993309778407035
context,0.0,1.0,0.19361675201434933
context,0.0,1.0,0.545553597430845
context,0.0,1.0,0.81070454853341
context,0.0,1.0,5.541133048756671
context,0.0,1.0,3.5427739423878952
context,0.0,1.0,15.0520322447335
context,0.0,1.0,0.5383747843632363
context,0.0,1.0,1.2465376743900958
context,0.0,1.0,0.045791896687464334
context,0.0,1.0,2.4088839614219855
context,0.0,1.0,0.028540052012131608
context,0.0,1.0,1.712185615543535
context,0.0,1.0,8.534094634740981
context,0.0,1.0,0.4912199679477516
context,0.0,1.0,0.9801505971727007
context,0.0,1.0,0.4333974562048927
context,0.0,1.0,0.6594717494394096
context,0.0,1.0,1.7842397123985017
context,0.0,1.0,10.30912342054129
context,0.0,1.0,0.28571648559609514
context,0.0,1.0,1.0233304156467988
context,0.0,1.0,2.1097674056844844
context,0.0,1.0,14.761557363543293
context,0.0,1.0,1.0225037481724593
context,0.0,1.0,1.510316300281238
context,0.0,1.0,0.2168927829743071
context,0.0,1.0,0.4579375004501395
context,0.0,1.0,1.51387152492395
context,0.0,1.0,0.5198333559014332
context,0.0,1.0,3.231349014195592
context,0.0,1.0,18.337349585309678
context,0.0,1.0,0.650017026751325
context,0.0,1.0,0.30674622812021696
context,0.0,1.0,2.090767661125262
context,0.0,1.0,1.7428005347040705
context,0.0,1.0,1.2484043530310762
context,0.0,1.0,31.653614947083586
context,0.0,1.0,1.324295479110216
context,0.0,1.0,8.63877996291608
context,0.0,1.0,0.3242005940278705
context,0.0,1.0,1.2445541576072277
context,0.0,1.0,1.9484757330037152
context,0.0,1.0,0.013770878233775393
context,0.0,1.0,2.143585331532643
context,0.0,1.0,6.763311478866045
context,0.0,1.0,2.4596401988051424
context,0.0,1.0,3.7312235534021196
context,0.0,1.0,0.025904212555356847
context,0.0,1.0,0.20133289283817088
context,0.0,1.0,0.8988265283602274
context,0.0,1.0,2.586887633846395
context,0.0,1.0,0.11829576629333403
context,0.0,1.0,0.7795819867329712
context,0.0,1.0,0.29866829033204967
context,0.0,1.0,0.06187390286194514
context,0.0,1.0,2.3780990992400777
context,0.0,1.0,0.40252673327690613
context,0.0,1.0,0.3511649176508394
context,0.0,1.0,1.93794297823585
context,0.0,1.0,2.108336433881628
context,0.0,1.0,0.06236961815878694
context,0.0,1.0,0.37852424713331484
context,0.0,1.0,31.419479480670052
context,0.0,1.0,16.201171029525536
context,0.0,1.0,28.057772045725056
context,0.0,1.0,0.2240549470643035
context,0.0,1.0,0.3415266114101292
context,0.0,1.0,0.4145559952499622
context,0.0,1.0,0.6278106917582452
context,0.0,1.0,0.6261709373124545
context,0.0,1.0,1.0891161019579247
context,0.0,1.0,5.069967002493727
context,0.0,1.0,0.4385507159224125
context,0.0,1.0,3.9299266937552533
context,0.0,1.0,28.29496189314519
context,0.0,1.0,0.6483076382237419
context,0.0,1.0,1.7184451644717673
context,0.0,1.0,1.1578791078467077
context,0.0,1.0,1.7710318588152976
context,0.0,1.0,4.564023330642826
context,0.0,1.0,4.491566884057158
context,0.0,1.0,0.3627631888315762
context,0.0,1.0,7.79586740255742e-06
context,0.0,1.0,0.5079315764133703
context,0.0,1.0,0.10220033767130363
context,0.0,1.0,1.067542750715707
context,0.0,1.0,0.06801719344098772
context,0.0,1.0,0.26600578451573786
context,0.0,1.0,4.442941443048043
context,0.0,1.0,0.5173451055592369
context,0.0,1.0,1.75967429546484
context,0.0,1.0,1.7303146135404297
context,0.0,1.0,6.925122829282647
context,0.0,1.0,17.79339477228108
context,0.0,1.0,0.9104516108045906
context,0.0,1.0,18.31377893921442
context,0.0,1.0,0.21034082915552607
context,0.0,1.0,0.4192286813546551
context,0.0,1.0,0.2786253635633942
context,0.0,1.0,0.8928860929442493
context,0.0,1.0,1.1496047562351317
context,0.0,1.0,6.115916500722745
context,0.0,1.0,0.9997351636560954
context,0.0,1.0,1.300564751646353
context,0.0,1.0,26.93546744227089
context,0.0,1.0,2.237900910286979
context,0.0,1.0,1.3780049172466495
context,0.0,1.0,2.3186605077880347
context,0.0,1.0,0.7747331670935667
context,0.0,1.0,1.4537729253499836
context,0.0,1.0,1.4696803656675559
context,0.0,1.0,0.18695846554008053
context,0.0,1.0,0.36034592765845613
context,0.0,1.0,2.3229530029675876
context,0.0,1.0,2.3602893890111805
context,0.0,1.0,0.36005613637682576
context,0.0,1.0,2.088949460604071
context,0.0,1.0,0.42017638028871757
context,0.0,1.0,2.050796876048396
context,0.0,1.0,0.008911099156273526
context,0.0,1.0,9.112404855918946
context,0.0,1.0,20.966456382863456
context,0.0,1.0,0.3520993393891526
context,0.0,1.0,1.0983403323700585
context,0.0,1.0,0.6726453058804082
context,0.0,1.0,0.8142974845901215
context,0.0,1.0,1.9250612056208756
context,0.0,1.0,1.5142448096397114
context,0.0,1.0,5.07638510266289
context,0.0,1.0,91.9440430629435
context,0.0,1.0,0.012386946709031198
context,0.0,1.0,0.9445905830296875
context,0.0,1.0,0.7083182848025554
context,0.0,1.0,4.66378889129625
context,0.0,1.0,0.05885025253982743
context,0.0,1.0,3.2160045332701515
context,0.0,1.0,1.1552149481915353
context,0.0,1.0,4.755605786583345
context,0.0,1.0,3.6153352010543873
context,0.0,1.0,0.2619299418082909
context,0.0,1.0,0.11219162413962244
context,0.0,1.0,0.06315552576467312
context,0.0,1.0,8.156271277722565
context,0.0,1.0,0.6706882722864735
context,0.0,1.0,0.6850547680238731
context,0.0,1.0,0.7143986730094172
context,0.0,1.0,0.11705075556741983
context,0.0,1.0,1.0398318563838818
context,0.0,1.0,0.19950839717248497
context,0.0,1.0,1.3292490532469752
context,0.0,1.0,6.372234574756933
context,0.0,1.0,10.255821759873525
context,0.0,1.0,0.033437714734908315
context,0.0,1.0,11.011763724652273
context,0.0,1.0,0.3094691475527108
context,0.0,1.0,0.6235263775442637
context,0.0,1.0,0.9682420203609078
context,0.0,1.0,0.33066120226337775
context,0.0,1.0,0.8072132717330688
context,0.0,1.0,0.2610326363428696
context,0.0,1.0,3.207938480896623
context,0.0,1.0,1.9191793169818754
context,0.0,1.0,0.9670309163429172
context,0.0,1.0,0.4724836527713389
context,0.0,1.0,0.1587612358152937
context,0.0,1.0,0.39560427748146076
context,0.0,1.0,1.8368545910580558
context,0.0,1.0,1.8248533750533564
context,0.0,1.0,1.0432382112709626
context,0.0,1.0,0.245510877723822
context,0.0,1.0,0.5442710951961443
context,0.0,1.0,0.28405854846686407
context,0.0,1.0,0.5475314418456732
context,0.0,1.0,0.12131174989044784
context,0.0,1.0,0.2605488025038374
context,0.0,1.0,0.048351349957608133
context,0.0,1.0,0.004858437925400828
context,0.0,1.0,0.31571969780026143
context,0.0,1.0,8.797488317655754
context,0.0,1.0,0.31086749349165366
context,0.0,1.0,4.146273662772281
context,0.0,1.0,1.3406889712562473
context,0.0,1.0,4.768368432968739
context,0.0,1.0,1.3867648609241467
context,0.0,1.0,3.50808107324671
context,0.0,1.0,0.02394745706259939
context,0.0,1.0,0.5910083405195617
context,0.0,1.0,0.09336428475009963
context,0.0,1.0,0.0315173180819989
context,0.0,1.0,1.1506532683807007
context,0.0,1.0,0.8650780409018162
context,0.0,1.0,12.771308494540643
context,0.0,1.0,32.12229351843774
context,0.0,1.0,14.310234587853396
context,0.0,1.0,0.5954209671907565
context,0.0,1.0,0.3278912892633754
context,0.0,1.0,3.585248134740372
context,0.0,1.0,0.9082598486731943
context,0.0,1.0,3.6539523855550042
context,0.0,1.0,2.605153900141679
context,0.0,1.0,3.153575947847222
context,0.0,1.0,2.125069223330908
context,0.0,1.0,8.029229264162357
context,0.0,1.0,1.9556525870951533
context,0.0,1.0,5.094470913908474
context,0.0,1.0,2.0393903685887396
context,0.0,1.0,1.9151765168239743
context,0.0,1.0,1.9367888400062088
context,0.0,1.0,0.012801542740804882
context,0.0,1.0,2.5361339711851625
context,0.0,1.0,1.7194152603661705
context,0.0,1.0,0.3370158015235563
context,0.0,1.0,1.4971340674025804
context,0.0,1.0,2.2156926291922066
context,0.0,1.0,0.09702267225344724
context,0.0,1.0,4.050701401205136
context,0.0,1.0,0.14424814984103218
context,0.0,1.0,6.271280747441996
context,0.0,1.0,0.5869077320011499
context,0.0,1.0,0.7642079082694183
context,0.0,1.0,0.22672951011307277
context,0.0,1.0,0.21888113100360215
context,0.0,1.0,2.7161973651410967
context,0.0,1.0,4.476409129710543
context,0.0,1.0,36.499910525522715
context,0.0,1.0,9.205005749487022
context,0.0,1.0,1.2084051248724594
context,0.0,1.0,1.0949751197036042
context,0.0,1.0,3.4820061160890807
context,0.0,1.0,0.23645258342963443
context,0.0,1.0,13.658783005908456
context,0.0,1.0,0.5739825168546167
context,0.0,1.0,10.068602473001521
context,0.0,1.0,10.021854922896512
context,0.0,1.0,0.11934872898550913
context,0.0,1.0,3.3802781545979097
context,0.0,1.0,4.179696686399959
context,0.0,1.0,1.8513788297802902
context,0.0,1.0,3.3489079988076464
context,0.0,1.0,0.07578738632951049
context,0.0,1.0,0.5503924009283251
context,0.0,1.0,1.060772215525152
context,0.0,1.0,0.3980956387871311
context,0.0,1.0,7.820197929048588
context,0.0,1.0,0.09773255388807872
context,0.0,1.0,0.21689392331844798
context,0.0,1.0,4.858836809837596
context,0.0,1.0,0.7482240072308011
context,0.0,1.0,1.6958415021792057
context,0.0,1.0,1.0200768272378857
context,0.0,1.0,0.5440315466624797
context,0.0,1.0,0.7176424443649223
context,0.0,1.0,2.2725039134326344
context,0.0,1.0,1.3280499436686681
context,0.0,1.0,1.5166161912081793
context,0.0,1.0,2.8121959837096324
context,0.0,1.0,1.5191716276509566
context,0.0,1.0,0.2644024238487209
context,0.0,1.0,28.07583916030385
context,0.0,1.0,2.4293911132597157
context,0.0,1.0,1.923546819147887
context,0.0,1.0,0.058339511849505164
context,0.0,1.0,3.5219441009663446
context,0.0,1.0,0.8122357064343365
context,0.0,1.0,0.4588863305696809
context,0.0,1.0,0.3703582897692504
context,0.0,1.0,1.913496355056888
context,0.0,1.0,5.03253982445216
context,0.0,1.0,1.38313105965571
context,0.0,1.0,3.953946940113884
context,0.0,1.0,0.3409881546758534
context,0.0,1.0,1.6345410181754523
context,0.0,1.0,0.023860539682419524
context,0.0,1.0,0.04097528049641092
context,0.0,1.0,2.6064588344930244
context,0.0,1.0,0.07470133055076698
context,0.0,1.0,0.6608319961375244
context,0.0,1.0,1.1415762975689234
context,0.0,1.0,2.8529359451386704
context,0.0,1.0,0.5193139371136514
context,0.0,1.0,0.9782057704002198
context,0.0,1.0,0.6376340870647835
context,0.0,1.0,0.19538082850100685
context,0.0,1.0,0.7764019873288971
context,0.0,1.0,3.8360093896496075
context,0.0,1.0,0.8510419868953869
context,0.0,1.0,2.1668514568354027
context,0.0,1.0,0.1550748128874613
context,0.0,1.0,0.12735621101356207
context,0.0,1.0,0.07320708881948756
context,0.0,1.0,1.0333499899256764
context,0.0,1.0,1.1450905297581908
context,0.0,1.0,0.19184601427693493
context,0.0,1.0,0.6381868266057931
context,0.0,1.0,0.1944062660508093
context,0.0,1.0,0.24563280803686707
context,0.0,1.0,12.086294590155566
context,0.0,1.0,0.3239149035996019
context,0.0,1.0,0.4152247781899213
context,0.0,1.0,21.38939746213722
context,0.0,1.0,0.8542258298621896
context,0.0,1.0,0.8014757398782241
context,0.0,1.0,0.039168630441799246
context,0.0,1.0,0.7841753190122663
context,0.0,1.0,2.9290652117707747
context,0.0,1.0,0.6504653071796581
context,0.0,1.0,2.48811537708352
context,0.0,1.0,0.43481951548725434
context,0.0,1.0,0.09388981829230282
context,0.0,1.0,0.755608371724115
context,0.0,1.0,0.19964135151380935
context,0.0,1.0,0.2551572844104647
context,0.0,1.0,0.9821120899159009
context,0.0,1.0,1.081510087753089
context,0.0,1.0,0.12290118846552268
context,0.0,1.0,0.04989019916458163
context,0.0,1.0,0.11837910384295505
context,0.0,1.0,0.5349150964518804
context,0.0,1.0,0.20199763677244525
context,0.0,1.0,0.6718343224209734
context,0.0,1.0,0.35512911855501555
context,0.0,1.0,0.40899141173170744
context,0.0,1.0,3.094831434131073
context,0.0,1.0,4.389977835930588
context,0.0,1.0,1.0656401651922056
context,0.0,1.0,1.9801672335114302
context,0.0,1.0,1.1096544765824397
context,0.0,1.0,0.035141793179725225
context,0.0,1.0,0.18209285293425673
context,0.0,1.0,0.1093987600567073
context,0.0,1.0,0.18183328821767142
context,0.0,1.0,0.7366648663407481
context,0.0,1.0,0.3158568748701164
context,0.0,1.0,1.5226925579463602
context,0.0,1.0,0.1365568930548775
context,0.0,1.0,0.06124623127907905
context,0.0,1.0,0.2658794194771
context,0.0,1.0,8.362360990733212
context,0.0,1.0,0.9653515527986479
context,0.0,1.0,0.0642978483318365
context,0.0,1.0,3.0858362775153756
context,0.0,1.0,0.21369019258727898
context,0.0,1.0,0.3565263326874089
context,0.0,1.0,0.6071071858813023
context,0.0,1.0,0.7266241485827436
context,0.0,1.0,0.8351677582025404
context,0.0,1.0,0.21430575491258663
context,0.0,1.0,0.9781305938928666
context,0.0,1.0,1.3997305978115995
context,0.0,1.0,7.945472753069251
context,0.0,1.0,2.5575138657772034
context,0.0,1.0,1.1460365024026073
context,0.0,1.0,20.831888067697577
context,0.0,1.0,1.2441844212538242
context,0.0,1.0,7.7276313863825425
context,0.0,1.0,3.494446161548824
context,0.0,1.0,0.5344567053101594
context,0.0,1.0,4.4458592952737765
context,0.0,1.0,0.7796055247883735
context,0.0,1.0,0.47721148842210437
context,0.0,1.0,0.8961010617124178
context,0.0,1.0,5.0351363047305595
context,0.0,1.0,0.25984201424056025
context,0.0,1.0,0.3146057268383153
context,0.0,1.0,2.999037577816056
context,0.0,1.0,1.340759534923572
context,0.0,1.0,0.3237620092943831
context,0.0,1.0,3.26333631421576
context,0.0,1.0,0.0663862724143084
context,0.0,1.0,7.54515568914772
context,0.0,1.0,1.1806869769441395
context,0.0,1.0,1.3507210512136734
context,0.0,1.0,0.3325609488270122
context,0.0,1.0,0.6178397440688799
context,0.0,1.0,3.6779985200501333
context,0.0,1.0,1.7920673658939525
context,0.0,1.0,3.252409265337523
context,0.0,1.0,1.5604999712065595
context,0.0,1.0,1.0768550334607758
context,0.0,1.0,0.964935869774808
context,0.0,1.0,3.2350561370760738
context,0.0,1.0,0.030659190610056765
context,0.0,1.0,1.6266008301728676
context,0.0,1.0,0.08489644298637776
context,0.0,1.0,0.5026503315165605
context,0.0,1.0,7.881689865252746
context,0.0,1.0,0.6336374113238563
context,0.0,1.0,0.060800134256196924
context,0.0,1.0,0.25945916511745015
context,0.0,1.0,0.22122495023861666
context,0.0,1.0,5.182976504549261
context,0.0,1.0,1.6216557598472527
context,0.0,1.0,0.5389209250815328
context,0.0,1.0,1.179809845907456
context,0.0,1.0,0.8733421719269163
context,0.0,1.0,0.4601985480051248
context,0.0,1.0,6.19420726724252
context,0.0,1.0,2.150014597089964
context,0.0,1.0,0.8736088322924143
context,0.0,1.0,0.7674201483976962
context,0.0,1.0,0.49858864696293453
context,0.0,1.0,2.723855884403704
context,0.0,1.0,0.6167988481910264
context,0.0,1.0,1.9164301720939054
context,0.0,1.0,1.633183107646592
context,0.0,1.0,4.486378946491637
context,0.0,1.0,0.07679356384257498
context,0.0,1.0,0.4275793854300602
context,0.0,1.0,0.012652040816691456
context,0.0,1.0,0.5703373037385815
context,0.0,1.0,0.2592037952894341
context,0.0,1.0,1.1666099522362354
context,0.0,1.0,2.7823491546318997
context,0.0,1.0,0.30173847913087887
context,0.0,1.0,0.5759345466225997
context,0.0,1.0,1.311889621748073
context,0.0,1.0,2.875971229044163
context,0.0,1.0,3.911889663507303
context,0.0,1.0,1.8047696781964637
context,0.0,1.0,0.6207990123560793
context,0.0,1.0,0.2610676132014407
context,0.0,1.0,1.7326688769606773
context,0.0,1.0,0.8058169894947484
context,0.0,1.0,0.39780826380602563
context,0.0,1.0,8.679400000658964
context,0.0,1.0,14.85916364851998
context,0.0,1.0,5.819336467532522
context,0.0,1.0,0.8829060489154146
context,0.0,1.0,1.5959303730557635
context,0.0,1.0,7.118487829060545
context,0.0,1.0,0.44326053270888877
context,0.0,1.0,2.605565065365754
context,0.0,1.0,1.4678372985230226
context,0.0,1.0,6.752581018508513
context,0.0,1.0,2.9723333699416
context,0.0,1.0,0.10306903091008981
context,0.0,1.0,0.01801522430424852
context,0.0,1.0,3.14513685181235
context,0.0,1.0,0.6235098806303009
context,0.0,1.0,0.5729656977063283
context,0.0,1.0,0.4716976895568924
context,0.0,1.0,1.3532330454659178
context,0.0,1.0,1.2526132644741914
context,0.0,1.0,6.52505406407696
context,0.0,1.0,79.95271629889469
context,0.0,1.0,3.449935081096369
context,0.0,1.0,0.945182696530219
context,0.0,1.0,0.019000814610306668
context,0.0,1.0,0.4563492071764878
context,0.0,1.0,0.8025541091490535
context,0.0,1.0,0.08858431813459633
context,0.0,1.0,2.425557853559687
context,0.0,1.0,1.29738805557766
context,0.0,1.0,0.22520307751388566
context,0.0,1.0,1.2295990816001279
context,0.0,1.0,1.6916603295428898
context,0.0,1.0,1.6452882602796264
context,0.0,1.0,56.48160112069844
context,0.0,1.0,2.344084140389437
context,0.0,1.0,1.2654913550731257
context,0.0,1.0,0.6688227459668002
context,0.0,1.0,0.44310825670045734
context,0.0,1.0,4.036867536915935
context,0.0,1.0,1.8491827411906985
context,0.0,1.0,1.5962308376801098
context,0.0,1.0,2.8054925501741943
context,0.0,1.0,0.4455450805245372
context,0.0,1.0,0.02392816269925312
context,0.0,1.0,52.50781654699649
context,0.0,1.0,0.3531225582210944
context,0.0,1.0,0.04898969892456691
context,0.0,1.0,0.4520842500263593
context,0.0,1.0,0.6472130793211297
context,0.0,1.0,0.13381152838263596
context,0.0,1.0,0.003914910546832958
context,0.0,1.0,0.34534543750914276
context,0.0,1.0,0.0735985864046701
context,0.0,1.0,4.660577463854495
context,0.0,1.0,8.57402436417909
context,0.0,1.0,0.16834100037526048
context,0.0,1.0,0.36898933295808145
context,0.0,1.0,5.378898068821719
context,0.0,1.0,0.3971631553207386
context,0.0,1.0,0.18849202518416786
context,0.0,1.0,1.7924908330020364
context,0.0,1.0,4.363593862394128
context,0.0,1.0,1.147921011808262
context,0.0,1.0,0.46023785572815096
context,0.0,1.0,10.494114000213209
context,0.0,1.0,0.4674248092777089
context,0.0,1.0,1.7128228269787755
context,0.0,1.0,0.0645148901111989
context,0.0,1.0,4.8376268145608
context,0.0,1.0,2.9042299276337684
context,0.0,1.0,0.4733039710411162
context,0.0,1.0,2.907183205555085
context,0.0,1.0,0.26029387449028485
context,0.0,1.0,67.11979470279505
context,0.0,1.0,0.4355311170367102
context,0.0,1.0,1.5196118242577945
context,0.0,1.0,5.6050409532840355
context,0.0,1.0,17.2211909299047
context,0.0,1.0,0.754404658940617
context,0.0,1.0,0.03774213573767849
context,0.0,1.0,0.6991222539583645
context,0.0,1.0,2.801402724527981
context,0.0,1.0,0.028354530869832945
context,0.0,1.0,0.26858250704893744
context,0.0,1.0,1.2563423610657296
context,0.0,1.0,4.127598669173685
context,0.0,1.0,0.15326995455422182
context,0.0,1.0,12.057815421613043
context,0.0,1.0,0.021129205271069512
context,0.0,1.0,1.3034544170871547
context,0.0,1.0,0.10474711506934702
context,0.0,1.0,0.06572894272971694
context,0.0,1.0,0.8828550118937307
context,0.0,1.0,0.08409959858402825
context,0.0,1.0,0.21483931697680658
context,0.0,1.0,14.922526299462977
context,0.0,1.0,0.06748514126969721
context,0.0,1.0,1.1015676718205822
context,0.0,1.0,3.2994469841324228
context,0.0,1.0,6.761471476615603
context,0.0,1.0,0.25253508209239856
context,0.0,1.0,0.07678287560302824
context,0.0,1.0,2.445093084826102
context,0.0,1.0,2.118861115549312
context,0.0,1.0,0.17797385051836903
context,0.0,1.0,1.536969385488919
context,0.0,1.0,0.02372379836296919
context,0.0,1.0,0.21231554992660182
context,0.0,1.0,2.32166247230091
context,0.0,1.0,3.1258004619060995
context,0.0,1.0,1.9680577422519248
context,0.0,1.0,1.160841422585761
context,0.0,1.0,0.5725860129834066
context,0.0,1.0,1.049068501324486
context,0.0,1.0,1.3948465392680034
context,0.0,1.0,0.5808209752092286
context,0.0,1.0,3.364699109213005
context,0.0,1.0,1.3026495465229961
context,0.0,1.0,2.206778143556271
context,0.0,1.0,0.009936915276160094
context,0.0,1.0,1.6692281734019592
context,0.0,1.0,0.18557896386497502
context,0.0,1.0,0.6665079073293938
context,0.0,1.0,0.2682146804966682
context,0.0,1.0,0.3151103110623042
context,0.0,1.0,5.8724929678077755
context,0.0,1.0,0.06723290205135901
context,0.0,1.0,1.1621222099223514
context,0.0,1.0,0.009031239779781063
context,0.0,1.0,1.057487395377288
context,0.0,1.0,0.163342160591766
context,0.0,1.0,1.1856618604185152
context,0.0,1.0,7.6466176780124835
context,0.0,1.0,0.9561415497506438
context,0.0,1.0,2.9618792089118617
context,0.0,1.0,5.237934190749145
context,0.0,1.0,1.4199815309228407
context,0.0,1.0,55.02246455241311
context,0.0,1.0,0.10530146701276778
context,0.0,1.0,0.042290428817997154
context,0.0,1.0,1.7565609783379954
context,0.0,1.0,0.7276542547177131
context,0.0,1.0,0.21165899306442473
context,0.0,1.0,0.4938259962841814
context,0.0,1.0,7.799142893279702
context,0.0,1.0,0.4359996239397261
context,0.0,1.0,6.271425887902481
context,0.0,1.0,3.2081662501570545
context,0.0,1.0,0.6411385124044009
context,0.0,1.0,7.042908094130306
context,0.0,1.0,0.29018105907628844
context,0.0,1.0,0.47160680380998027
context,0.0,1.0,3.129427214056945
context,0.0,1.0,0.7272378519631403
context,0.0,1.0,0.7627988728158644
context,0.0,1.0,0.10054250311532335
context,0.0,1.0,0.17458652326636057
context,0.0,1.0,0.866285193726212
context,0.0,1.0,0.010760747404105124
context,0.0,1.0,36.1957630831602
context,0.0,1.0,0.6875985739163029
context,0.0,1.0,0.5068243102507508
context,0.0,1.0,0.09687318066550828
context,0.0,1.0,0.5185525914696864
context,0.0,1.0,0.2924932593750107
context,0.0,1.0,1.758736457620813
context,0.0,1.0,0.017673910228846783
context,0.0,1.0,0.8906116707088944
context,0.0,1.0,0.3289743702940529
context,0.0,1.0,1.6440424845929116
context,0.0,1.0,2.706442857422722
context,0.0,1.0,4.834363569586202
context,0.0,1.0,0.8129293103962782
context,0.0,1.0,0.002760847460137102
context,0.0,1.0,2.399335213864654
context,0.0,1.0,0.5295011634989237
context,0.0,1.0,0.018409294564257255
context,0.0,1.0,0.23937951785368225
context,0.0,1.0,1.252149781932236
context,0.0,1.0,0.12762307057607242
context,0.0,1.0,1.086917715278373
context,0.0,1.0,0.7650996900364443
context,0.0,1.0,0.9768217779010709
context,0.0,1.0,0.41809186921923436
context,0.0,1.0,1.4622491474729686
context,0.0,1.0,0.04247528131333717
context,0.0,1.0,0.5492095987381861
context,0.0,1.0,0.020355750205854235
context,0.0,1.0,0.22298333597764597
context,0.0,1.0,7.0747267148420585
context,0.0,1.0,10.942485938908565
context,0.0,1.0,0.12510837156268118
context,0.0,1.0,0.06184438887462244
context,0.0,1.0,0.45616214768841473
context,0.0,1.0,3.878406782393145
context,0.0,1.0,0.05783295861198031
context,0.0,1.0,53.43660092202055
context,0.0,1.0,2.979510976195437
context,0.0,1.0,1.227212959047414
context,0.0,1.0,4.2435692746524305
context,0.0,1.0,3.5001657247555795
context,0.0,1.0,0.019990758591629746
context,0.0,1.0,0.7206218471611865
context,0.0,1.0,0.38391700604250767
context,0.0,1.0,2.5297942261528243
context,0.0,1.0,1.3382275880557002
context,0.0,1.0,0.2735775057365866
context,0.0,1.0,0.5132940555636181
context,0.0,1.0,0.2390468402677909
context,0.0,1.0,6.612887252421927
context,0.0,1.0,0.5465067481247227
context,0.0,1.0,0.6941306609149259
context,0.0,1.0,0.4373110676745336
context,0.0,1.0,0.6364842871095461
context,0.0,1.0,0.3206842279053931
context,0.0,1.0,1.4294347635499633
context,0.0,1.0,49.41468047176794
context,0.0,1.0,0.2368719807276064
context,0.0,1.0,1.1834534063995625
context,0.0,1.0,0.14619095198476903
context,0.0,1.0,0.1840118552485298
context,0.0,1.0,0.7023310132812318
context,0.0,1.0,1.0876749698326178
context,0.0,1.0,0.1682706765062437
context,0.0,1.0,2.256480837856718
context,0.0,1.0,0.37260729256840663
context,0.0,1.0,0.012505957557265416
context,0.0,1.0,6.45259241871709
context,0.0,1.0,0.0647637912761906
context,0.0,1.0,3.089397835471609
context,0.0,1.0,0.24736581405677266
context,0.0,1.0,1.2042984672225088
context,0.0,1.0,0.9331258197985746
context,0.0,1.0,0.7670874283739746
context,0.0,1.0,2.5143741901686543
context,0.0,1.0,12.702970324101917
context,0.0,1.0,2.449576031604927
context,0.0,1.0,0.997700776123637
context,0.0,1.0,1.3146171761830292
context,0.0,1.0,0.010080631191095837
context,0.0,1.0,0.01838491222198643
context,0.0,1.0,52.18179212998398
context,0.0,1.0,1.1451092436882266
context,0.0,1.0,1.408097472556965
context,0.0,1.0,0.22290806517872394
context,0.0,1.0,0.2819306992954532
context,0.0,1.0,9.362066418991857
context,0.0,1.0,0.10574291827319868
context,0.0,1.0,1.2797555055979195
context,0.0,1.0,4.847373588150067
context,0.0,1.0,0.2428145126630745
context,0.0,1.0,7.182515364193275
context,0.0,1.0,3.220444004711372
context,0.0,1.0,16.664044518634018
context,0.0,1.0,0.41008530474637533
context,0.0,1.0,0.15509268966918346
context,0.0,1.0,1.437327058561312
context,0.0,1.0,0.5560256361734207
context,0.0,1.0,0.24262838166549755
context,0.0,1.0,0.004523717528158274
context,0.0,1.0,0.8073590221240172
context,0.0,1.0,0.14061472013477963
context,0.0,1.0,0.0013397120979903984
context,0.0,1.0,1.4823313617653664
context,0.0,1.0,0.6212408514285088
context,0.0,1.0,4.311724757923523
context,0.0,1.0,1.1678735523863573
context,0.0,1.0,0.24753383990252856
context,0.0,1.0,0.1081979038535254
context,0.0,1.0,0.35290642277933026
context,0.0,1.0,0.5572002607862769
context,0.0,1.0,4.209631118026326
context,0.0,1.0,0.07049223710318109
context,0.0,1.0,0.9140142406864101
context,0.0,1.0,0.6820811595378397
context,0.0,1.0,0.024151474225727616
context,0.0,1.0,1.0911443329197594
context,0.0,1.0,0.26651365963030393
context,0.0,1.0,0.369284476454755
context,0.0,1.0,54.05106420948444
context,0.0,1.0,5.341634263427266
context,0.0,1.0,0.3099280136936455
context,0.0,1.0,32.5807044433783
context,0.0,1.0,1.4035234408107375
context,0.0,1.0,13.724721644941301
context,0.0,1.0,0.03407735290503002
context,0.0,1.0,0.01857923013259496
context,0.0,1.0,0.050890017235267766
context,0.0,1.0,0.9745103550982301
context,0.0,1.0,0.9209073796317073
context,0.0,1.0,0.004964214942850167
context,0.0,1.0,4.002919274166774
context,0.0,1.0,1.025536449740753
context,0.0,1.0,0.1832356836859669
context,0.0,1.0,0.3553754398526675
context,0.0,1.0,10.435993442512647
context,0.0,1.0,4.8424090070214865
context,0.0,1.0,3.1157378904484827
context,0.0,1.0,1.0547860310501074
context,0.0,1.0,3.272397133046365
context,0.0,1.0,22.191732371083468
context,0.0,1.0,0.9883587613198713
context,0.0,1.0,0.5687750833049584
context,0.0,1.0,0.45118699436652804
context,0.0,1.0,0.2723957575767299
context,0.0,1.0,0.39577737047605177
context,0.0,1.0,0.30163309975622693
context,0.0,1.0,0.6783194954343091
context,0.0,1.0,3.141133724153257
context,0.0,1.0,0.055917289154691296
context,0.0,1.0,9.582976462439946
context,0.0,1.0,1.4498729060968945
context,0.0,1.0,0.7481231090608826
context,0.0,1.0,3.0872289017898726
context,0.0,1.0,3.82122132136898
context,0.0,1.0,1.212929672435668
context,0.0,1.0,0.5887998068272832
context,0.0,1.0,11.040796433922344
context,0.0,1.0,0.3271368554953818
context,0.0,1.0,0.0031597182838136763
context,0.0,1.0,0.9088948212486758
context,0.0,1.0,0.5355434119022011
context,0.0,1.0,1.891035537667223
context,0.0,1.0,3.7844263911598723
context,0.0,1.0,1.2295014210687483
context,0.0,1.0,0.4160279980465382
context,0.0,1.0,1.5935046247566254
context,0.0,1.0,0.3111916831402355
context,0.0,1.0,0.08765543877253908
context,0.0,1.0,5.67653396746009
context,0.0,1.0,7.1576881331580235
context,0.0,1.0,0.04700459536851534
context,0.0,1.0,0.7283799147558732
context,0.0,1.0,0.7282404469389361
context,0.0,1.0,4.253821776234455
context,0.0,1.0,2.17703730081399
context,0.0,1.0,1.3818477303441583
context,0.0,1.0,1.1245674493527409
context,0.0,1.0,2.622147358347536
context,0.0,1.0,0.05268110854174231
context,0.0,1.0,4.531097277967394
context,0.0,1.0,11.953381091731302
context,0.0,1.0,0.5228504432484005
context,0.0,1.0,0.24921091723274827
context,0.0,1.0,2.896847230508025
context,0.0,1.0,0.30496436179531144
context,0.0,1.0,2.0298886437914985
context,0.0,1.0,0.22208166387821496
context,0.0,1.0,0.6606686937624532
context,0.0,1.0,4.468148256447864
context,0.0,1.0,0.29182246321565003
context,0.0,1.0,0.4598910002638994
context,0.0,1.0,0.9021486374335898
context,0.0,1.0,0.1511166400803008
context,0.0,1.0,0.7896264697038192
context,0.0,1.0,0.056563480532495373
context,0.0,1.0,0.3853537509965568
context,0.0,1.0,0.5841518566638557
context,0.0,1.0,0.2913765111546641
context,0.0,1.0,0.11458513676586343
context,0.0,1.0,1.1093070199960597
context,0.0,1.0,2.543525025052776
context,0.0,1.0,0.8442224516463415
context,0.0,1.0,5.969638132028518
context,0.0,1.0,0.1964782385513537
context,0.0,1.0,0.28515612530205076
context,0.0,1.0,2.460105677569921
context,0.0,1.0,0.25618326888192283
context,0.0,1.0,0.04726994158069341
context,0.0,1.0,0.16803719156444868
context,0.0,1.0,1.0687065066376753
context,0.0,1.0,4.534755078599651
context,0.0,1.0,0.5211874276067252
context,0.0,1.0,0.07465436358769446
context,0.0,1.0,0.3328812954368654
context,0.0,1.0,3.237200458319817
context,0.0,1.0,0.24330891732634605
context,0.0,1.0,0.02059294353220461
context,0.0,1.0,5.071212246315592
context,0.0,1.0,0.19165437513827296
context,0.0,1.0,0.5878208317847542
context,0.0,1.0,0.24469021706860644
context,0.0,1.0,0.9078969956255818
context,0.0,1.0,6.796562891795189
context,0.0,1.0,18.15011606052024
context,0.0,1.0,0.11115713688645586
context,0.0,1.0,7.0853360589667504
context,0.0,1.0,1.943097857909052
context,0.0,1.0,15.01856797114965
context,0.0,1.0,0.6348357292699109
context,0.0,1.0,0.9714076977870021
context,0.0,1.0,0.44146696858586565
context,0.0,1.0,0.04945578621434937
context,0.0,1.0,45.67504922228276
context,0.0,1.0,0.8500215015004583
context,0.0,1.0,0.6237219774833511
context,0.0,1.0,1.9460220851874217
context,0.0,1.0,0.062438900594436623
context,0.0,1.0,0.2508593011702151
context,0.0,1.0,0.5008597651290413
context,0.0,1.0,0.21257866153946395
context,0.0,1.0,0.7731778497136241
context,0.0,1.0,0.1628751780892529
context,0.0,1.0,2.029534085413349
context,0.0,1.0,3.49776496882673
context,0.0,1.0,0.4966666462157407
context,0.0,1.0,1.5693076752226143
context,0.0,1.0,3.680200366182009
context,0.0,1.0,0.6021838326892242
context,0.0,1.0,0.9995250391113796
context,0.0,1.0,0.350799121455437
context,0.0,1.0,2.032380319844372
context,0.0,1.0,0.10170562042403576
context,0.0,1.0,4.5199208561624085
context,0.0,1.0,0.1553700476498926
context,0.0,1.0,2.363481671463232
context,0.0,1.0,0.5755894011798969
context,0.0,1.0,1.0999235217931544
context,0.0,1.0,0.9005849207242006
context,0.0,1.0,20.320747310557604
context,0.0,1.0,0.19570262577402867
context,0.0,1.0,0.015677983914565066
context,0.0,1.0,2.492661950848277
context,0.0,1.0,1.9139238814189485
context,0.0,1.0,0.0581917778042654
context,0.0,1.0,0.0638146776895225
context,0.0,1.0,0.8511819996124335
context,0.0,1.0,0.7961775524914247
context,0.0,1.0,3.5917440977488435
context,0.0,1.0,0.5034015436168052
context,0.0,1.0,2.1785557893818055
context,0.0,1.0,1.5834157703342415
context,0.0,1.0,1.0386400862058376
context,0.0,1.0,0.03796316862655164
context,0.0,1.0,7.499835178633994
context,0.0,1.0,1.428306612811158
context,0.0,1.0,29.449707977033658
context,0.0,1.0,0.8328948602453418
context,0.0,1.0,11.771873925859145
context,0.0,1.0,1.8478776203729625
context,0.0,1.0,0.6859706495892619
context,0.0,1.0,16.46542012388863
context,0.0,1.0,0.208537854478963
context,0.0,1.0,0.8002125574736725
context,0.0,1.0,0.7195352945133482
context,0.0,1.0,0.5039403841973178
context,0.0,1.0,0.36843874553948786
context,0.0,1.0,7.919190717697968
context,0.0,1.0,0.4490271645213134
context,0.0,1.0,0.5044389001419799
context,0.0,1.0,1.5845091069600021
context,0.0,1.0,0.9414458684252508
context,0.0,1.0,15.172597462686223
context,0.0,1.0,0.26997114363144475
context,0.0,1.0,1.093664146367209
context,0.0,1.0,0.5485185438180782
context,0.0,1.0,0.5638258499582298
context,0.0,1.0,1.5210486848385396
context,0.0,1.0,1.8087542000429238
context,0.0,1.0,0.10862082224822998
context,0.0,1.0,7.719440863334107
context,0.0,1.0,0.8069883902326475
context,0.0,1.0,21.201980942792865
context,0.0,1.0,0.8162910130333911
context,0.0,1.0,1.1609186866443544
context,0.0,1.0,0.16446240057903186
context,0.0,1.0,13.131785074080012
context,0.0,1.0,0.022242936986377214
context,0.0,1.0,2.258132924291524
context,0.0,1.0,1.4210639642510026
context,0.0,1.0,0.14164157922356319
context,0.0,1.0,1.0628908408249864
context,0.0,1.0,4.401764423562959
context,0.0,1.0,0.1787956742409427
context,0.0,1.0,0.5793270317666845
context,0.0,1.0,0.07255536493115378
context,0.0,1.0,0.12548874595748133
context,0.0,1.0,16.52940697353884
context,0.0,1.0,2.855415159457841
context,0.0,1.0,3.2302567798996336
context,0.0,1.0,6.250585652368458
context,0.0,1.0,0.23893494122234274
context,0.0,1.0,1.2364308075408927
context,0.0,1.0,0.4152859138978594
context,0.0,1.0,0.09818589121709517
context,0.0,1.0,0.1662255077444695
context,0.0,1.0,3.272447925048382
context,0.0,1.0,0.08958931131231485
context,0.0,1.0,1.4065409512080522
context,0.0,1.0,1.7694272802658868
context,0.0,1.0,0.6090000689115852
context,0.0,1.0,0.39659466688960404
context,0.0,1.0,1.5501644314297072
context,0.0,1.0,5.519931753495102
context,0.0,1.0,0.29762125707357273
context,0.0,1.0,1.6812709145931273
context,0.0,1.0,0.6336911310685681
context,0.0,1.0,2.0933863484168227
context,0.0,1.0,3.0908208051072044
context,0.0,1.0,0.86390267409126
context,0.0,1.0,2.024556133082781
context,0.0,1.0,0.3546090857092405
context,0.0,1.0,2.1363962114143193
context,0.0,1.0,0.3797042994159
context,0.0,1.0,1.9987174203897948
context,0.0,1.0,1.521108960490988
context,0.0,1.0,8.337426794927621
context,0.0,1.0,3.5603918692250938
context,0.0,1.0,1.056193661935971
context,0.0,1.0,0.555629058791411
context,0.0,1.0,0.14930281138832685
context,0.0,1.0,1.0984296358389605
context,0.0,1.0,0.0768861017607341
context,0.0,1.0,1.0636101442532
context,0.0,1.0,0.7217582374172574
context,0.0,1.0,0.38558471132800926
context,0.0,1.0,3.498444382487059
context,0.0,1.0,0.6337036859913303
context,0.0,1.0,0.8011344027205338
context,0.0,1.0,1.292333659449825
context,0.0,1.0,1.5288870499075446
context,0.0,1.0,11.583732807342429
context,0.0,1.0,0.3668398887224811
context,0.0,1.0,5.567991616844005
context,0.0,1.0,0.14436223658604302
context,0.0,1.0,0.24012887272251957
context,0.0,1.0,4.62401948113377
context,0.0,1.0,0.09346275347162845
context,0.0,1.0,0.45954378863243683
context,0.0,1.0,0.5058283166201052
context,0.0,1.0,0.6828177222002191
context,0.0,1.0,0.020273908080384262
context,0.0,1.0,0.6945272133290602
context,0.0,1.0,0.47085197171143267
context,0.0,1.0,0.3003129599994834
context,0.0,1.0,0.696984338684698
context,0.0,1.0,0.3640324847189577
context,0.0,1.0,0.43601269978581314
context,0.0,1.0,1.6083638687844948
context,0.0,1.0,0.08297899137400108
context,0.0,1.0,0.46320425955113936
context,0.0,1.0,0.11890564779536669
context,0.0,1.0,0.49130117983088606
context,0.0,1.0,4.959741943616011
context,0.0,1.0,0.8382102203938323
context,0.0,1.0,0.17977961228868816
context,0.0,1.0,0.36675935594142
context,0.0,1.0,0.13091050984483923
context,0.0,1.0,2.2048617914365596
context,0.0,1.0,0.5744603797858729
context,0.0,1.0,0.08336238205462182
context,0.0,1.0,0.5952244774644332
context,0.0,1.0,0.9180996073996129
context,0.0,1.0,0.01849624275533769
context,0.0,1.0,0.04573868526383151
context,0.0,1.0,1.4024407797485061
context,0.0,1.0,0.5874780376754337
context,0.0,1.0,8.209599656475444
context,0.0,1.0,0.08143210297136669
context,0.0,1.0,9.663623072402405
context,0.0,1.0,0.27044306723600536
context,0.0,1.0,4.214518861754987
context,0.0,1.0,0.5742001397818033
context,0.0,1.0,1.4939948314635105
context,0.0,1.0,0.8131445439633824
context,0.0,1.0,26.864633821709702
context,0.0,1.0,0.26892242266232735
context,0.0,1.0,6.0798019647381505
context,0.0,1.0,0.003717891701115696
context,0.0,1.0,2.06604207052046
context,0.0,1.0,0.8085769523044438
context,0.0,1.0,0.22571496555533466
context,0.0,1.0,3.0736140957768816
context,0.0,1.0,0.36681843652302665
context,0.0,1.0,0.7452571280345525
context,0.0,1.0,0.08264158712176896
context,0.0,1.0,0.5867005591643115
context,0.0,1.0,1.0226990043845745
context,0.0,1.0,0.02566607354993038
context,0.0,1.0,0.44673304592528235
context,0.0,1.0,28.663003494221297
context,0.0,1.0,0.5145969676306739
context,0.0,1.0,0.6607997343468945
context,0.0,1.0,0.36881571496116067
context,0.0,1.0,0.15877982674837268
context,0.0,1.0,1.0568474849261282
context,0.0,1.0,0.7670191997255172
context,0.0,1.0,1.0028728747750464
context,0.0,1.0,0.13912439512083907
context,0.0,1.0,0.3140391750624629
context,0.0,1.0,9.499677148558805
context,0.0,1.0,1.8374497284994586
context,0.0,1.0,0.4874528885888411
context,0.0,1.0,2.7426965838970943
context,0.0,1.0,5.485431746922432
context,0.0,1.0,0.1590326148769254
context,0.0,1.0,2.3179052137777245
context,0.0,1.0,0.15709438086755034
context,0.0,1.0,1.9044082831582274
context,0.0,1.0,0.9373109730371769
context,0.0,1.0,2.1494122691409303
context,0.0,1.0,0.4610394591935942
context,0.0,1.0,1.1084735796815455
context,0.0,1.0,2.8091493527794458
context,0.0,1.0,0.10003300335988134
context,0.0,1.0,6.261466678540204
context,0.0,1.0,2.5075108139003426
context,0.0,1.0,0.8968596669275762
context,0.0,1.0,0.08613090223297254
context,0.0,1.0,4.963014477134209
context,0.0,1.0,0.22738902413919101
context,0.0,1.0,0.40221054479017954
context,0.0,1.0,0.10448481607884705
context,0.0,1.0,4.8909158759723494
context,0.0,1.0,0.1814078481134568
context,0.0,1.0,0.5601149820228312
context,0.0,1.0,0.38856891999144566
context,0.0,1.0,3.8247298478769203
context,0.0,1.0,1.691714336696183
context,0.0,1.0,0.6873683466642448
context,0.0,1.0,5.76429989510033
context,0.0,1.0,0.005875814941734528
context,0.0,1.0,2.9819431623963366
context,0.0,1.0,1.5861934703969605
context,0.0,1.0,2.2451955199951334
context,0.0,1.0,0.7478805659296809
context,0.0,1.0,1.7800978581402587
context,0.0,1.0,0.13423970501518193
context,0.0,1.0,1.035124342590037
context,0.0,1.0,360.00231312144905
context,0.0,1.0,0.5939811712752904
context,0.0,1.0,0.5574214836899678
context,0.0,1.0,0.047685114305519236
context,0.0,1.0,0.02761203174309096
context,0.0,1.0,2.523751411916021
context,0.0,1.0,0.8546497909886779
context,0.0,1.0,0.599974829259416
context,0.0,1.0,6.533490887289985
context,0.0,1.0,0.0445618122153395
context,0.0,1.0,0.060328640636317356
context,0.0,1.0,1.6133063187246974
context,0.0,1.0,5.804890724570014
context,0.0,1.0,0.24115727691136213
context,0.0,1.0,0.4512815721330273
context,0.0,1.0,0.036636255227728835
context,0.0,1.0,0.9186187335828696
context,0.0,1.0,1.961230434316417
context,0.0,1.0,0.6179820773500474
context,0.0,1.0,0.08339534530123455
context,0.0,1.0,0.13007613564249962
context,0.0,1.0,0.46220188104084914
context,0.0,1.0,0.4508393061870376
context,0.0,1.0,0.16639926152351175
context,0.0,1.0,0.7196541249837424
context,0.0,1.0,1.1924333692735363
context,0.0,1.0,0.5546862328399947
context,0.0,1.0,1.3010693245028413
context,0.0,1.0,0.295028842375673
context,0.0,1.0,0.07943018537820862
context,0.0,1.0,0.30833202545085747
context,0.0,1.0,0.37370238184364324
context,0.0,1.0,1.2356602898547522
context,0.0,1.0,0.018724019661432792
context,0.0,1.0,3.5176326252836585
context,0.0,1.0,0.012272134059998363
context,0.0,1.0,7.914383189435348
context,0.0,1.0,0.3189742978979807
context,0.0,1.0,0.7610738493367012
context,0.0,1.0,0.41798522757923523
context,0.0,1.0,0.1948945827956415
context,0.0,1.0,0.9948662471063221
context,0.0,1.0,1.284647545443033
context,0.0,1.0,2.4880983962337218
context,0.0,1.0,0.08423234276105121
context,0.0,1.0,0.008465832856395506
context,0.0,1.0,2.2576769502792398
context,0.0,1.0,2.3542705641000774
context,0.0,1.0,11.061709616466246
context,0.0,1.0,44.40325918859807
context,0.0,1.0,1.8651529450728177
context,0.0,1.0,0.8624862579968477
context,0.0,1.0,2.269039138142154
context,0.0,1.0,58.86869030182614
context,0.0,1.0,1.9521535216758812
context,0.0,1.0,2.5557693500624166
context,0.0,1.0,1.8371747612355946
context,0.0,1.0,1.1204251584427234
context,0.0,1.0,2.1164107083424866
context,0.0,1.0,0.9325017566821041
context,0.0,1.0,4.255687167244301
context,0.0,1.0,100.68919796294533
context,0.0,1.0,0.9687664532164584
context,0.0,1.0,0.5635516999578944
context,0.0,1.0,0.5014762044349487
context,0.0,1.0,27.715584432552536
context,0.0,1.0,6.295316396834993
context,0.0,1.0,0.2714193613350137
context,0.0,1.0,9.404369180432841
context,0.0,1.0,1.2081553919990782
context,0.0,1.0,0.4427127866130528
context,0.0,1.0,2.0193832488802594
context,0.0,1.0,0.1052907262125308
context,0.0,1.0,0.21224061717145615
context,0.0,1.0,0.06142387693063285
context,0.0,1.0,0.5112269525460049
context,0.0,1.0,3.749671439178084
context,0.0,1.0,0.1514818859216417
context,0.0,1.0,1.5126751433193095
context,0.0,1.0,0.9367157039264685
context,0.0,1.0,1.5921760921415964
context,0.0,1.0,3.947284962339
context,0.0,1.0,4.050370344253766
context,0.0,1.0,9.244510373602765
context,0.0,1.0,1.953750299800482
context,0.0,1.0,4.532596236849796
context,0.0,1.0,2.363347704789596
context,0.0,1.0,6.2948828668629995
context,0.0,1.0,0.46480620961908825
context,0.0,1.0,1.1180947124153688
context,0.0,1.0,1.8091133429279964
context,0.0,1.0,0.16789038313489626
context,0.0,1.0,1.6325265018913668
context,0.0,1.0,0.13411987679306586
context,0.0,1.0,12.572843866025815
context,0.0,1.0,0.8588156531208572
context,0.0,1.0,0.3329000147050195
context,0.0,1.0,1.574469474265147
context,0.0,1.0,0.9147428260933246
context,0.0,1.0,0.004343491391054242
context,0.0,1.0,0.9729502543273308
context,0.0,1.0,0.546212001583989
context,0.0,1.0,1.5563110385027745
context,0.0,1.0,0.35599290063874045
context,0.0,1.0,1.71047983052573
context,0.0,1.0,12.67340294196964
context,0.0,1.0,0.26051978659474845
context,0.0,1.0,0.6405312262232453
context,0.0,1.0,0.54470376996913
context,0.0,1.0,28.27817006658368
context,0.0,1.0,2.0991360416063363
context,0.0,1.0,4.130410011641478
context,0.0,1.0,2.991838876480023
context,0.0,1.0,1.0559343230895701
context,0.0,1.0,1.0225973609360035
context,0.0,1.0,0.8633142780269006
context,0.0,1.0,0.15707639860623843
context,0.0,1.0,1.1916096389354993
context,0.0,1.0,0.3508667985299904
context,0.0,1.0,0.005053986964727394
context,0.0,1.0,1.3235102958024914
context,0.0,1.0,1.0970672266429062
context,0.0,1.0,0.04043560255738089
context,0.0,1.0,5.456010151006088
context,0.0,1.0,0.3426342205154857
context,0.0,1.0,15.128383443034666
context,0.0,1.0,2.0048994785323644
context,0.0,1.0,0.4159156352933482
context,0.0,1.0,0.7057852488680526
context,0.0,1.0,0.3609938827855758
context,0.0,1.0,1.2973703721985128
context,0.0,1.0,1.7852329846626855
context,0.0,1.0,0.03203015459273923
context,0.0,1.0,0.12008145082376996
context,0.0,1.0,15.715874875601969
context,0.0,1.0,0.15337546491994514
context,0.0,1.0,0.23671501833661054
context,0.0,1.0,1.8455512185674325
context,0.0,1.0,0.16497796042959562
context,0.0,1.0,1.763855582967529
context,0.0,1.0,0.9392830953989144
context,0.0,1.0,1.4362548722657333
context,0.0,1.0,1.3163194073522162
context,0.0,1.0,0.039311491333022495
context,0.0,1.0,1.7510564904999477
context,0.0,1.0,0.35012577522840316
context,0.0,1.0,1.403193772249644
context,0.0,1.0,0.08349887190194183
context,0.0,1.0,0.9742370958536203
context,0.0,1.0,1.9830180480852337
context,0.0,1.0,0.09851390931658727
context,0.0,1.0,1.0315049379626682
context,0.0,1.0,4.9364361044726826
context,0.0,1.0,1.0474526922878193
context,0.0,1.0,0.43500785277176496
context,0.0,1.0,1.7072406023254774
context,0.0,1.0,1.1474155879149708
context,0.0,1.0,0.02458328586543657
context,0.0,1.0,0.4526791550447852
context,0.0,1.0,0.09468483005880034
context,0.0,1.0,4.348312220680432
context,0.0,1.0,3.653503597986731
context,0.0,1.0,0.16512249540639365
context,0.0,1.0,1.0658020371370556
context,0.0,1.0,4.879831247133492
context,0.0,1.0,1.1275903418500557
context,0.0,1.0,0.3084078949661472
context,0.0,1.0,1.8043230331229865
context,0.0,1.0,0.6873017008626945
context,0.0,1.0,1.710609684315204
context,0.0,1.0,6.591515045571142
context,0.0,1.0,1.4361579872235346
context,0.0,1.0,0.06454576016145246
context,0.0,1.0,0.061663247607644155
context,0.0,1.0,0.8401340793675249
context,0.0,1.0,5.223401330382989
context,0.0,1.0,0.07861761840534653
context,0.0,1.0,0.502975237071434
context,0.0,1.0,0.4256818008260908
context,0.0,1.0,1.61794390002922
context,0.0,1.0,3.128799948858609
context,0.0,1.0,0.11740069078318624
context,0.0,1.0,0.7486951610623109
context,0.0,1.0,3.1741698363255977
context,0.0,1.0,0.2469429652522414
context,0.0,1.0,0.20993410658318656
context,0.0,1.0,1.610939312189356
raw,0.0,1.0,0.05132746696472168
raw,0.0,1.0,0.11228084564208984
raw,0.0,1.0,0.1732339859008789
raw,0.0,1.0,0.23418736457824707
raw,0.0,1.0,0.29514074325561523
raw,0.0,1.0,0.3560938835144043
raw,0.0,1.0,0.41704726219177246
raw,0.0,1.0,0.4780006408691406
raw,0.0,1.0,0.5389535427093506
raw,0.0,1.0,0.5999069213867188
raw,0.0,1.0,0.6608603000640869
raw,0.0,1.0,0.721813440322876
raw,0.0,1.0,0.7827668190002441
raw,0.0,1.0,0.8437201976776123
raw,0.0,1.0,0.9046733379364014
raw,0.0,1.0,0.9656267166137695
raw,0.0,1.0,1.0265800952911377
raw,0.0,1.0,1.0875332355499268
raw,0.0,1.0,1.148486614227295
raw,0.0,1.0,1.209439992904663
raw,0.0,1.0,1.270392894744873
raw,0.0,1.0,1.3313462734222412
raw,0.0,1.0,1.3922996520996094
raw,0.0,1.0,1.4532530307769775
raw,0.0,1.0,1.5142061710357666
raw,0.0,1.0,1.5751593112945557
raw,0.0,1.0,1.6361126899719238
raw,0.0,1.0,1.697066068649292
raw,0.0,1.0,1.758019208908081
raw,0.0,1.0,1.8189725875854492
raw,0.0,1.0,1.8799257278442383
raw,0.0,1.0,1.940878987312317
raw,0.0,1.0,2.0018324851989746
raw,0.0,1.0,2.0627856254577637
raw,0.0,1.0,2.1237387657165527
raw,0.0,1.0,2.1846923828125
raw,0.0,1.0,2.245645523071289
raw,0.0,1.0,2.306598663330078
raw,0.0,1.0,2.3675520420074463
raw,0.0,1.0,2.4285054206848145
raw,0.0,1.0,2.4894585609436035
raw,0.0,1.0,2.5504119396209717
raw,0.0,1.0,2.6113650798797607
raw,0.0,1.0,2.672318458557129
raw,0.0,1.0,2.733271598815918
raw,0.0,1.0,2.794224977493286
raw,0.0,1.0,2.8551783561706543
raw,0.0,1.0,2.9161314964294434
raw,0.0,1.0,2.9770846366882324
raw,0.0,1.0,3.0380380153656006
raw,0.0,1.0,3.0989913940429688
raw,0.0,1.0,3.159944534301758
raw,0.0,1.0,3.220897912979126
raw,0.0,1.0,3.281851291656494
raw,0.0,1.0,3.342804431915283
raw,0.0,1.0,3.4037575721740723
raw,0.0,1.0,3.4647109508514404
raw,0.0,1.0,3.5256643295288086
raw,0.0,1.0,3.5866174697875977
raw,0.0,1.0,3.647570848464966
raw,0.0,1.0,3.708523988723755
raw,0.0,1.0,3.769477367401123
raw,0.0,1.0,3.830430507659912
raw,0.0,1.0,3.8913838863372803
raw,0.0,1.0,3.9523372650146484
raw,0.0,1.0,4.0132904052734375
raw,0.0,1.0,4.074243545532227
raw,0.0,1.0,4.135197162628174
raw,0.0,1.0,4.196150302886963
raw,0.0,1.0,4.257103443145752
raw,0.0,1.0,4.318056583404541
raw,0.0,1.0,4.379010200500488
raw,0.0,1.0,4.439963340759277
raw,0.0,1.0,4.500916481018066
raw,0.0,1.0,4.5618696212768555
raw,0.0,1.0,4.622823238372803
raw,0.0,1.0,4.683776378631592
raw,0.0,1.0,4.744729518890381
raw,0.0,1.0,4.805683135986328
raw,0.0,1.0,4.866636276245117
raw,0.0,1.0,4.927589416503906
raw,0.0,1.0,4.988542556762695
raw,0.0,1.0,5.049496173858643
raw,0.0,1.0,5.110449314117432
raw,0.0,1.0,5.171402931213379
raw,0.0,1.0,5.232356071472168
raw,0.0,1.0,5.293309211730957
raw,0.0,1.0,5.354262351989746
raw,0.0,1.0,5.415215492248535
raw,0.0,1.0,5.476169109344482
raw,0.0,1.0,5.5371222496032715
raw,0.0,1.0,5.5980753898620605
raw,0.0,1.0,5.659029006958008
raw,0.0,1.0,5.719982147216797
raw,0.0,1.0,5.780935287475586
raw,0.0,1.0,5.841888904571533
raw,0.0,1.0,5.902842044830322
raw,0.0,1.0,5.963795185089111
raw,0.0,1.0,6.024748802185059
raw,0.0,1.0,6.085701942443848
raw,0.0,1.0,6.146655082702637
raw,0.0,1.0,6.207608222961426
raw,0.0,1.0,6.268561363220215
raw,0.0,1.0,6.329514503479004
raw,0.0,1.0,6.390468120574951
raw,0.0,1.0,6.451421737670898
raw,0.0,1.0,6.5123748779296875
raw,0.0,1.0,6.573328018188477
raw,0.0,1.0,6.634281158447266
raw,0.0,1.0,6.695234298706055
raw,0.0,1.0,6.756187438964844
raw,0.0,1.0,6.817141056060791
raw,0.0,1.0,6.878094673156738
raw,0.0,1.0,6.939047813415527
raw,0.0,1.0,7.000000953674316
raw,0.0,1.0,7.0609540939331055
raw,0.0,1.0,7.1219072341918945
raw,0.0,1.0,7.182860851287842
raw,0.0,1.0,7.243814468383789
raw,0.0,1.0,7.30476713180542
raw,0.0,1.0,7.365720748901367
raw,0.0,1.0,7.426673889160156
raw,0.0,1.0,7.487627029418945
raw,0.0,1.0,7.548580169677734
raw,0.0,1.0,7.609533786773682
raw,0.0,1.0,7.670486927032471
raw,0.0,1.0,7.731440544128418
raw,0.0,1.0,7.792393684387207
raw,0.0,1.0,7.853346824645996
raw,0.0,1.0,7.914299964904785
raw,0.0,1.0,7.975253105163574
raw,0.0,1.0,8.036206245422363
raw,0.0,1.0,8.097160339355469
raw,0.0,1.0,8.158113479614258
raw,0.0,1.0,8.219066619873047
raw,0.0,1.0,8.280019760131836
raw,0.0,1.0,8.340972900390625
raw,0.0,1.0,8.401926040649414
raw,0.0,1.0,8.462879180908203
raw,0.0,1.0,8.523833274841309
raw,0.0,1.0,8.584786415100098
raw,0.0,1.0,8.645739555358887
raw,0.0,1.0,8.706692695617676
raw,0.0,1.0,8.767645835876465
raw,0.0,1.0,8.828598976135254
raw,0.0,1.0,8.889552116394043
raw,0.0,1.0,8.950505256652832
raw,0.0,1.0,9.011459350585938
raw,0.0,1.0,9.072412490844727
raw,0.0,1.0,9.133365631103516
raw,0.0,1.0,9.194318771362305
raw,0.0,1.0,9.255271911621094
raw,0.0,1.0,9.3162260055542
raw,0.0,1.0,9.377178192138672
raw,0.0,1.0,9.438131332397461
raw,0.0,1.0,9.499085426330566
raw,0.0,1.0,9.560038566589355
raw,0.0,1.0,9.620991706848145
raw,0.0,1.0,9.681944847106934
raw,0.0,1.0,9.742897987365723
raw,0.0,1.0,9.803851127624512
raw,0.0,1.0,9.864805221557617
raw,0.0,1.0,9.925758361816406
raw,0.0,1.0,9.986711502075195
raw,0.0,1.0,10.047664642333984
raw,0.0,1.0,10.108617782592773
raw,0.0,1.0,10.169570922851562
raw,0.0,1.0,10.230525016784668
raw,0.0,1.0,10.291478157043457
raw,0.0,1.0,10.352431297302246
raw,0.0,1.0,10.413384437561035
raw,0.0,1.0,10.474337577819824
raw,0.0,1.0,10.535290718078613
raw,0.0,1.0,10.596244812011719
raw,0.0,1.0,10.657196998596191
raw,0.0,1.0,10.71815013885498
raw,0.0,1.0,10.779104232788086
raw,0.0,1.0,10.840057373046875
raw,0.0,1.0,10.901010513305664
raw,0.0,1.0,10.961963653564453
raw,0.0,1.0,11.022916793823242
raw,0.0,1.0,11.083869934082031
raw,0.0,1.0,11.144824028015137
raw,0.0,1.0,11.205777168273926
raw,0.0,1.0,11.266730308532715
raw,0.0,1.0,11.327683448791504
raw,0.0,1.0,11.388636589050293
raw,0.0,1.0,11.449589729309082
raw,0.0,1.0,11.510543823242188
raw,0.0,1.0,11.571496963500977
raw,0.0,1.0,11.632450103759766
raw,0.0,1.0,11.693403244018555
raw,0.0,1.0,11.754356384277344
raw,0.0,1.0,11.815309524536133
raw,0.0,1.0,11.876263618469238
raw,0.0,1.0,11.937216758728027
raw,0.0,1.0,11.998169898986816
raw,0.0,1.0,12.059123039245605
raw,0.0,1.0,12.120076179504395
raw,0.0,1.0,12.181029319763184
raw,0.0,1.0,12.241983413696289
raw,0.0,1.0,12.302936553955078
raw,0.0,1.0,12.36388874053955
raw,0.0,1.0,12.424842834472656
raw,0.0,1.0,12.485795974731445
raw,0.0,1.0,12.546749114990234
raw,0.0,1.0,12.607702255249023
raw,0.0,1.0,12.668655395507812
raw,0.0,1.0,12.729608535766602
raw,0.0,1.0,12.790562629699707
raw,0.0,1.0,12.851515769958496
raw,0.0,1.0,12.912468910217285
raw,0.0,1.0,12.973422050476074
raw,0.0,1.0,13.034375190734863
raw,0.0,1.0,13.095328330993652
raw,0.0,1.0,13.156282424926758
raw,0.0,1.0,13.217235565185547
raw,0.0,1.0,13.278188705444336
raw,0.0,1.0,13.339141845703125
raw,0.0,1.0,13.400094985961914
raw,0.0,1.0,13.461048126220703
raw,0.0,1.0,13.522002220153809
raw,0.0,1.0,13.582955360412598
raw,0.0,1.0,13.64390754699707
raw,0.0,1.0,13.704861640930176
raw,0.0,1.0,13.765814781188965
raw,0.0,1.0,13.826767921447754
raw,0.0,1.0,13.887721061706543
raw,0.0,1.0,13.948674201965332
raw,0.0,1.0,14.009627342224121
raw,0.0,1.0,14.070581436157227
raw,0.0,1.0,14.131534576416016
raw,0.0,1.0,14.192487716674805
raw,0.0,1.0,14.253440856933594
raw,0.0,1.0,14.3143949508667
raw,0.0,1.0,14.375348091125488
raw,0.0,1.0,14.436301231384277
raw,0.0,1.0,14.497254371643066
raw,0.0,1.0,14.558207511901855
raw,0.0,1.0,14.619159698486328
raw,0.0,1.0,14.68011474609375
raw,0.0,1.0,14.741067886352539
raw,0.0,1.0,14.802021026611328
raw,0.0,1.0,14.8629732131958
raw,0.0,1.0,14.92392635345459
raw,0.0,1.0,14.984879493713379
raw,0.0,1.0,15.0458345413208
raw,0.0,1.0,15.106786727905273
raw,0.0,1.0,15.167739868164062
raw,0.0,1.0,15.228693008422852
raw,0.0,1.0,15.28964614868164
raw,0.0,1.0,15.35059928894043
raw,0.0,1.0,15.411553382873535
raw,0.0,1.0,15.472506523132324
raw,0.0,1.0,15.533459663391113
raw,0.0,1.0,15.594412803649902
raw,0.0,1.0,15.655365943908691
raw,0.0,1.0,15.71631908416748
raw,0.0,1.0,15.777273178100586
raw,0.0,1.0,15.838226318359375
raw,0.0,1.0,15.899179458618164
raw,0.0,1.0,15.960132598876953
raw,0.0,1.0,16.021085739135742
raw,0.0,1.0,16.08203887939453
raw,0.0,1.0,16.14299201965332
raw,0.0,1.0,16.20394515991211
raw,0.0,1.0,16.2648983001709
raw,0.0,1.0,16.325851440429688
raw,0.0,1.0,16.386804580688477
raw,0.0,1.0,16.447757720947266
raw,0.0,1.0,16.508712768554688
raw,0.0,1.0,16.569665908813477
raw,0.0,1.0,16.630619049072266
raw,0.0,1.0,16.691572189331055
raw,0.0,1.0,16.752525329589844
raw,0.0,1.0,16.813478469848633
raw,0.0,1.0,16.874431610107422
raw,0.0,1.0,16.93538475036621
raw,0.0,1.0,16.996337890625
raw,0.0,1.0,17.05729103088379
raw,0.0,1.0,17.118244171142578
raw,0.0,1.0,17.179197311401367
raw,0.0,1.0,17.24015235900879
raw,0.0,1.0,17.301105499267578
raw,0.0,1.0,17.362056732177734
raw,0.0,1.0,17.423009872436523
raw,0.0,1.0,17.483963012695312
raw,0.0,1.0,17.5449161529541
raw,0.0,1.0,17.605871200561523
raw,0.0,1.0,17.666824340820312
raw,0.0,1.0,17.7277774810791
raw,0.0,1.0,17.78873062133789
raw,0.0,1.0,17.84968376159668
raw,0.0,1.0,17.91063690185547
raw,0.0,1.0,17.971590042114258
raw,0.0,1.0,18.032543182373047
raw,0.0,1.0,18.093496322631836
raw,0.0,1.0,18.154449462890625
raw,0.0,1.0,18.215402603149414
raw,0.0,1.0,18.276355743408203
raw,0.0,1.0,18.337310791015625
raw,0.0,1.0,18.398263931274414
raw,0.0,1.0,18.459217071533203
raw,0.0,1.0,18.520170211791992
raw,0.0,1.0,18.58112335205078
raw,0.0,1.0,18.64207649230957
raw,0.0,1.0,18.70302963256836
raw,0.0,1.0,18.76398277282715
raw,0.0,1.0,18.824935913085938
raw,0.0,1.0,18.885889053344727
raw,0.0,1.0,18.946842193603516
raw,0.0,1.0,19.007795333862305
raw,0.0,1.0,19.068750381469727
raw,0.0,1.0,19.129703521728516
raw,0.0,1.0,19.190656661987305
raw,0.0,1.0,19.251609802246094
raw,0.0,1.0,19.312562942504883
raw,0.0,1.0,19.373516082763672
raw,0.0,1.0,19.43446922302246
raw,0.0,1.0,19.49542236328125
raw,0.0,1.0,19.55637550354004
raw,0.0,1.0,19.617328643798828
raw,0.0,1.0,19.678281784057617
raw,0.0,1.0,19.739234924316406
raw,0.0,1.0,19.800189971923828
raw,0.0,1.0,19.861143112182617
raw,0.0,1.0,19.922096252441406
raw,0.0,1.0,19.983049392700195
raw,0.0,1.0,20.044002532958984
raw,0.0,1.0,20.104955673217773
raw,0.0,1.0,20.165908813476562
raw,0.0,1.0,20.22686195373535
raw,0.0,1.0,20.28781509399414
raw,0.0,1.0,20.34876823425293
raw,0.0,1.0,20.40972137451172
raw,0.0,1.0,20.470674514770508
raw,0.0,1.0,20.53162956237793
raw,0.0,1.0,20.59258270263672
raw,0.0,1.0,20.653535842895508
raw,0.0,1.0,20.714488983154297
raw,0.0,1.0,20.775440216064453
raw,0.0,1.0,20.836393356323242
raw,0.0,1.0,20.897348403930664
raw,0.0,1.0,20.958301544189453
raw,0.0,1.0,21.019254684448242
raw,0.0,1.0,21.08020782470703
raw,0.0,1.0,21.14116096496582
raw,0.0,1.0,21.20211410522461
raw,0.0,1.0,21.2630672454834
raw,0.0,1.0,21.324020385742188
raw,0.0,1.0,21.384973526000977
raw,0.0,1.0,21.445926666259766
raw,0.0,1.0,21.506879806518555
raw,0.0,1.0,21.567832946777344
raw,0.0,1.0,21.628787994384766
raw,0.0,1.0,21.689741134643555
raw,0.0,1.0,21.750694274902344
raw,0.0,1.0,21.811647415161133
raw,0.0,1.0,21.872600555419922
raw,0.0,1.0,21.93355369567871
raw,0.0,1.0,21.9945068359375
raw,0.0,1.0,22.05545997619629
raw,0.0,1.0,22.116413116455078
raw,0.0,1.0,22.177366256713867
raw,0.0,1.0,22.238319396972656
raw,0.0,1.0,22.299272537231445
raw,0.0,1.0,22.360227584838867
raw,0.0,1.0,22.421180725097656
raw,0.0,1.0,22.482133865356445
raw,0.0,1.0,22.543087005615234
raw,0.0,1.0,22.604040145874023
raw,0.0,1.0,22.664993286132812
raw,0.0,1.0,22.7259464263916
raw,0.0,1.0,22.78689956665039
raw,0.0,1.0,22.84785270690918
raw,0.0,1.0,22.90880584716797
raw,0.0,1.0,22.969758987426758
raw,0.0,1.0,23.030712127685547
raw,0.0,1.0,23.09166717529297
raw,0.0,1.0,23.152620315551758
raw,0.0,1.0,23.213573455810547
raw,0.0,1.0,23.274526596069336
raw,0.0,1.0,23.335477828979492
raw,0.0,1.0,23.39643096923828
raw,0.0,1.0,23.457386016845703
raw,0.0,1.0,23.518339157104492
raw,0.0,1.0,23.57929229736328
raw,0.0,1.0,23.64024543762207
raw,0.0,1.0,23.70119857788086
raw,0.0,1.0,23.76215171813965
raw,0.0,1.0,23.823104858398438
raw,0.0,1.0,23.884057998657227
raw,0.0,1.0,23.945011138916016
raw,0.0,1.0,24.005964279174805
raw,0.0,1.0,24.066917419433594
raw,0.0,1.0,24.127870559692383
raw,0.0,1.0,24.188825607299805
raw,0.0,1.0,24.249778747558594
raw,0.0,1.0,24.310731887817383
raw,0.0,1.0,24.371685028076172
raw,0.0,1.0,24.43263816833496
raw,0.0,1.0,24.49359130859375
raw,0.0,1.0,24.55454444885254
raw,0.0,1.0,24.615497589111328
raw,0.0,1.0,24.676450729370117
raw,0.0,1.0,24.73740577697754
raw,0.0,1.0,24.798357009887695
raw,0.0,1.0,24.859312057495117
raw,0.0,1.0,24.920263290405273
raw,0.0,1.0,24.981218338012695
raw,0.0,1.0,25.04216957092285
raw,0.0,1.0,25.103124618530273
raw,0.0,1.0,25.164077758789062
raw,0.0,1.0,25.22503089904785
raw,0.0,1.0,25.28598403930664
raw,0.0,1.0,25.346935272216797
raw,0.0,1.0,25.40789031982422
raw,0.0,1.0,25.46884536743164
raw,0.0,1.0,25.529796600341797
raw,0.0,1.0,25.59075164794922
raw,0.0,1.0,25.651702880859375
raw,0.0,1.0,25.712657928466797
raw,0.0,1.0,25.773609161376953
raw,0.0,1.0,25.834562301635742
raw,0.0,1.0,25.895517349243164
raw,0.0,1.0,25.95646858215332
raw,0.0,1.0,26.017423629760742
raw,0.0,1.0,26.0783748626709
raw,0.0,1.0,26.13932991027832
raw,0.0,1.0,26.200284957885742
raw,0.0,1.0,26.2612361907959
raw,0.0,1.0,26.322189331054688
raw,0.0,1.0,26.383142471313477
raw,0.0,1.0,26.444095611572266
raw,0.0,1.0,26.505048751831055
raw,0.0,1.0,26.566001892089844
raw,0.0,1.0,26.626956939697266
raw,0.0,1.0,26.687908172607422
raw,0.0,1.0,26.748863220214844
raw,0.0,1.0,26.809814453125
raw,0.0,1.0,26.870769500732422
raw,0.0,1.0,26.93172264099121
raw,0.0,1.0,26.99267578125
raw,0.0,1.0,27.05362892150879
raw,0.0,1.0,27.114582061767578
raw,0.0,1.0,27.175535202026367
raw,0.0,1.0,27.236488342285156
raw,0.0,1.0,27.297441482543945
raw,0.0,1.0,27.358396530151367
raw,0.0,1.0,27.419347763061523
raw,0.0,1.0,27.480302810668945
raw,0.0,1.0,27.5412540435791
raw,0.0,1.0,27.602209091186523
raw,0.0,1.0,27.663162231445312
raw,0.0,1.0,27.7241153717041
raw,0.0,1.0,27.78506851196289
raw,0.0,1.0,27.846019744873047
raw,0.0,1.0,27.90697479248047
raw,0.0,1.0,27.967926025390625
raw,0.0,1.0,28.028881072998047
raw,0.0,1.0,28.08983612060547
raw,0.0,1.0,28.150787353515625
raw,0.0,1.0,28.211742401123047
raw,0.0,1.0,28.272693634033203
raw,0.0,1.0,28.333646774291992
raw,0.0,1.0,28.394601821899414
raw,0.0,1.0,28.45555305480957
raw,0.0,1.0,28.516508102416992
raw,0.0,1.0,28.57745933532715
raw,0.0,1.0,28.63841438293457
raw,0.0,1.0,28.699365615844727
raw,0.0,1.0,28.76032066345215
raw,0.0,1.0,28.821273803710938
raw,0.0,1.0,28.882226943969727
raw,0.0,1.0,28.943180084228516
raw,0.0,1.0,29.004133224487305
raw,0.0,1.0,29.065086364746094
raw,0.0,1.0,29.126041412353516
raw,0.0,1.0,29.186992645263672
raw,0.0,1.0,29.247947692871094
raw,0.0,1.0,29.30889892578125
raw,0.0,1.0,29.369853973388672
raw,0.0,1.0,29.430805206298828
raw,0.0,1.0,29.49176025390625
raw,0.0,1.0,29.55271339416504
raw,0.0,1.0,29.613666534423828
raw,0.0,1.0,29.674619674682617
raw,0.0,1.0,29.735572814941406
raw,0.0,1.0,29.796525955200195
raw,0.0,1.0,29.857481002807617
raw,0.0,1.0,29.918432235717773
raw,0.0,1.0,29.979387283325195
raw,0.0,1.0,30.04033851623535
raw,0.0,1.0,30.101293563842773
raw,0.0,1.0,30.16224479675293
raw,0.0,1.0,30.22319984436035
raw,0.0,1.0,30.28415298461914
raw,0.0,1.0,30.345104217529297
raw,0.0,1.0,30.40605926513672
raw,0.0,1.0,30.467010498046875
raw,0.0,1.0,30.527965545654297
raw,0.0,1.0,30.58892059326172
raw,0.0,1.0,30.649871826171875
raw,0.0,1.0,30.710826873779297
raw,0.0,1.0,30.771778106689453
raw,0.0,1.0,30.832731246948242
raw,0.0,1.0,30.89368438720703
raw,0.0,1.0,30.95463752746582
raw,0.0,1.0,31.015592575073242
raw,0.0,1.0,31.0765438079834
raw,0.0,1.0,31.13749885559082
raw,0.0,1.0,31.198450088500977
raw,0.0,1.0,31.2594051361084
raw,0.0,1.0,31.320358276367188
raw,0.0,1.0,31.381311416625977
raw,0.0,1.0,31.442264556884766
raw,0.0,1.0,31.503217697143555
raw,0.0,1.0,31.564170837402344
raw,0.0,1.0,31.625123977661133
raw,0.0,1.0,31.686077117919922
raw,0.0,1.0,31.747032165527344
raw,0.0,1.0,31.8079833984375
raw,0.0,1.0,31.868938446044922
raw,0.0,1.0,31.929889678955078
raw,0.0,1.0,31.9908447265625
raw,0.0,1.0,32.051795959472656
raw,0.0,1.0,32.11275100708008
raw,0.0,1.0,32.173702239990234
raw,0.0,1.0,32.234657287597656
raw,0.0,1.0,32.29560852050781
raw,0.0,1.0,32.356563568115234
raw,0.0,1.0,32.41751480102539
raw,0.0,1.0,32.47846984863281
raw,0.0,1.0,32.53942108154297
raw,0.0,1.0,32.60037612915039
raw,0.0,1.0,32.66132736206055
raw,0.0,1.0,32.72228240966797
raw,0.0,1.0,32.78323745727539
raw,0.0,1.0,32.84418869018555
raw,0.0,1.0,32.90514373779297
raw,0.0,1.0,32.966094970703125
raw,0.0,1.0,33.02705001831055
raw,0.0,1.0,33.0880012512207
raw,0.0,1.0,33.148956298828125
raw,0.0,1.0,33.20991134643555
raw,0.0,1.0,33.2708625793457
raw,0.0,1.0,33.331817626953125
raw,0.0,1.0,33.39276885986328
raw,0.0,1.0,33.45372009277344
raw,0.0,1.0,33.51467514038086
raw,0.0,1.0,33.575626373291016
raw,0.0,1.0,33.63658142089844
raw,0.0,1.0,33.697532653808594
raw,0.0,1.0,33.758487701416016
raw,0.0,1.0,33.81943893432617
raw,0.0,1.0,33.880393981933594
raw,0.0,1.0,33.941349029541016
raw,0.0,1.0,34.00230026245117
raw,0.0,1.0,34.063255310058594
raw,0.0,1.0,34.12420654296875
raw,0.0,1.0,34.18516159057617
raw,0.0,1.0,34.246116638183594
raw,0.0,1.0,34.30706787109375
raw,0.0,1.0,34.36802291870117
raw,0.0,1.0,34.42897415161133
raw,0.0,1.0,34.48992919921875
raw,0.0,1.0,34.550880432128906
raw,0.0,1.0,34.61183547973633
raw,0.0,1.0,34.672786712646484
raw,0.0,1.0,34.733741760253906
raw,0.0,1.0,34.79469299316406
raw,0.0,1.0,34.855648040771484
raw,0.0,1.0,34.91659927368164
raw,0.0,1.0,34.97755432128906
raw,0.0,1.0,35.03850555419922
raw,0.0,1.0,35.09946060180664
raw,0.0,1.0,35.1604118347168
raw,0.0,1.0,35.22136688232422
raw,0.0,1.0,35.282318115234375
raw,0.0,1.0,35.3432731628418
raw,0.0,1.0,35.40422821044922
raw,0.0,1.0,35.465179443359375
raw,0.0,1.0,35.5261344909668
raw,0.0,1.0,35.58708572387695
raw,0.0,1.0,35.648040771484375
raw,0.0,1.0,35.7089958190918
raw,0.0,1.0,35.76994705200195
raw,0.0,1.0,35.830902099609375
raw,0.0,1.0,35.89185333251953
raw,0.0,1.0,35.95280838012695
raw,0.0,1.0,36.01375961303711
raw,0.0,1.0,36.07471466064453
raw,0.0,1.0,36.13566589355469
raw,0.0,1.0,36.19662094116211
raw,0.0,1.0,36.257572174072266
raw,0.0,1.0,36.31852722167969
raw,0.0,1.0,36.379478454589844
raw,0.0,1.0,36.440433502197266
raw,0.0,1.0,36.50138473510742
raw,0.0,1.0,36.562339782714844
raw,0.0,1.0,36.623291015625
raw,0.0,1.0,36.68424606323242
raw,0.0,1.0,36.74519729614258
raw,0.0,1.0,36.80615234375
raw,0.0,1.0,36.86710739135742
raw,0.0,1.0,36.92805862426758
raw,0.0,1.0,36.989013671875
raw,0.0,1.0,37.049964904785156
raw,0.0,1.0,37.11091995239258
raw,0.0,1.0,37.171875
raw,0.0,1.0,37.232826232910156
raw,0.0,1.0,37.29378128051758
raw,0.0,1.0,37.354732513427734
raw,0.0,1.0,37.415687561035156
raw,0.0,1.0,37.47663879394531
raw,0.0,1.0,37.537593841552734
raw,0.0,1.0,37.59854507446289
raw,0.0,1.0,37.65949630737305
raw,0.0,1.0,37.72045135498047
raw,0.0,1.0,37.781402587890625
raw,0.0,1.0,37.84235763549805
raw,0.0,1.0,37.90331268310547
raw,0.0,1.0,37.964263916015625
raw,0.0,1.0,38.02521896362305
raw,0.0,1.0,38.0861701965332
raw,0.0,1.0,38.147125244140625
raw,0.0,1.0,38.20807647705078
raw,0.0,1.0,38.2690315246582
raw,0.0,1.0,38.329986572265625
raw,0.0,1.0,38.39093780517578
raw,0.0,1.0,38.4518928527832
raw,0.0,1.0,38.51284408569336
raw,0.0,1.0,38.57379913330078
raw,0.0,1.0,38.63475036621094
raw,0.0,1.0,38.69570541381836
raw,0.0,1.0,38.756656646728516
raw,0.0,1.0,38.81761169433594
raw,0.0,1.0,38.878562927246094
raw,0.0,1.0,38.939517974853516
raw,0.0,1.0,39.00046920776367
raw,0.0,1.0,39.061424255371094
raw,0.0,1.0,39.12237548828125
raw,0.0,1.0,39.18333053588867
raw,0.0,1.0,39.24428176879883
raw,0.0,1.0,39.30523681640625
raw,0.0,1.0,39.36619186401367
raw,0.0,1.0,39.42714309692383
raw,0.0,1.0,39.48809814453125
raw,0.0,1.0,39.549049377441406
raw,0.0,1.0,39.61000442504883
raw,0.0,1.0,39.670955657958984
raw,0.0,1.0,39.731910705566406
raw,0.0,1.0,39.79286575317383
raw,0.0,1.0,39.853816986083984
raw,0.0,1.0,39.914772033691406
raw,0.0,1.0,39.97572326660156
raw,0.0,1.0,40.036678314208984
raw,0.0,1.0,40.09762954711914
raw,0.0,1.0,40.1585807800293
raw,0.0,1.0,40.21953582763672
raw,0.0,1.0,40.280487060546875
raw,0.0,1.0,40.3414421081543
raw,0.0,1.0,40.40239334106445
raw,0.0,1.0,40.463348388671875
raw,0.0,1.0,40.5243034362793
raw,0.0,1.0,40.58525466918945
raw,0.0,1.0,40.646209716796875
raw,0.0,1.0,40.70716094970703
raw,0.0,1.0,40.76811599731445
raw,0.0,1.0,40.829071044921875
raw,0.0,1.0,40.89002227783203
raw,0.0,1.0,40.95097732543945
raw,0.0,1.0,41.01192855834961
raw,0.0,1.0,41.07288360595703
raw,0.0,1.0,41.13383483886719
raw,0.0,1.0,41.19478988647461
raw,0.0,1.0,41.255741119384766
raw,0.0,1.0,41.31669616699219
raw,0.0,1.0,41.377647399902344
raw,0.0,1.0,41.438602447509766
raw,0.0,1.0,41.49955368041992
raw,0.0,1.0,41.560508728027344
raw,0.0,1.0,41.6214599609375
raw,0.0,1.0,41.68241500854492
raw,0.0,1.0,41.74336624145508
raw,0.0,1.0,41.8043212890625
raw,0.0,1.0,41.865272521972656
raw,0.0,1.0,41.92622756958008
raw,0.0,1.0,41.9871826171875
raw,0.0,1.0,42.048133850097656
raw,0.0,1.0,42.10908889770508
raw,0.0,1.0,42.170040130615234
raw,0.0,1.0,42.230995178222656
raw,0.0,1.0,42.29195022583008
raw,0.0,1.0,42.352901458740234
raw,0.0,1.0,42.413856506347656
raw,0.0,1.0,42.47480773925781
raw,0.0,1.0,42.535762786865234
raw,0.0,1.0,42.59671401977539
raw,0.0,1.0,42.65766906738281
raw,0.0,1.0,42.71862030029297
raw,0.0,1.0,42.779571533203125
raw,0.0,1.0,42.84052658081055
raw,0.0,1.0,42.9014778137207
raw,0.0,1.0,42.962432861328125
raw,0.0,1.0,43.02338790893555
raw,0.0,1.0,43.0843391418457
raw,0.0,1.0,43.145294189453125
raw,0.0,1.0,43.20624542236328
raw,0.0,1.0,43.2672004699707
raw,0.0,1.0,43.328155517578125
raw,0.0,1.0,43.38910675048828
raw,0.0,1.0,43.4500617980957
raw,0.0,1.0,43.51101303100586
raw,0.0,1.0,43.57196807861328
raw,0.0,1.0,43.63291931152344
raw,0.0,1.0,43.69387435913086
raw,0.0,1.0,43.754825592041016
raw,0.0,1.0,43.81578063964844
raw,0.0,1.0,43.876731872558594
raw,0.0,1.0,43.937686920166016
raw,0.0,1.0,43.99863815307617
raw,0.0,1.0,44.059593200683594
raw,0.0,1.0,44.12054443359375
raw,0.0,1.0,44.18149948120117
raw,0.0,1.0,44.24245071411133
raw,0.0,1.0,44.30340576171875
raw,0.0,1.0,44.364356994628906
raw,0.0,1.0,44.42531204223633
raw,0.0,1.0,44.48626708984375
raw,0.0,1.0,44.547218322753906
raw,0.0,1.0,44.60817337036133
raw,0.0,1.0,44.669124603271484
raw,0.0,1.0,44.730079650878906
raw,0.0,1.0,44.79103469848633
raw,0.0,1.0,44.851985931396484
raw,0.0,1.0,44.912940979003906
raw,0.0,1.0,44.97389221191406
raw,0.0,1.0,45.034847259521484
raw,0.0,1.0,45.09579849243164
raw,0.0,1.0,45.15675354003906
raw,0.0,1.0,45.21770477294922
raw,0.0,1.0,45.278656005859375
raw,0.0,1.0,45.3396110534668
raw,0.0,1.0,45.40056228637695
raw,0.0,1.0,45.461517333984375
raw,0.0,1.0,45.52246856689453
raw,0.0,1.0,45.58342742919922
raw,0.0,1.0,45.644378662109375
raw,0.0,1.0,45.70532989501953
raw,0.0,1.0,45.76628112792969
raw,0.0,1.0,45.827239990234375
raw,0.0,1.0,45.88819122314453
raw,0.0,1.0,45.94914245605469
raw,0.0,1.0,46.010101318359375
raw,0.0,1.0,46.07105255126953
raw,0.0,1.0,46.13200378417969
raw,0.0,1.0,46.192955017089844
raw,0.0,1.0,46.253910064697266
raw,0.0,1.0,46.31486511230469
raw,0.0,1.0,46.375816345214844
raw,0.0,1.0,46.436771392822266
raw,0.0,1.0,46.49772262573242
raw,0.0,1.0,46.558677673339844
raw,0.0,1.0,46.619632720947266
raw,0.0,1.0,46.68058395385742
raw,0.0,1.0,46.74153518676758
raw,0.0,1.0,46.802486419677734
raw,0.0,1.0,46.86344528198242
raw,0.0,1.0,46.92439651489258
raw,0.0,1.0,46.985347747802734
raw,0.0,1.0,47.04630661010742
raw,0.0,1.0,47.10725784301758
raw,0.0,1.0,47.168209075927734
raw,0.0,1.0,47.22916030883789
raw,0.0,1.0,47.29011917114258
raw,0.0,1.0,47.351070404052734
raw,0.0,1.0,47.41202163696289
raw,0.0,1.0,47.47297668457031
raw,0.0,1.0,47.533931732177734
raw,0.0,1.0,47.59488296508789
raw,0.0,1.0,47.65583419799805
raw,0.0,1.0,47.71678924560547
raw,0.0,1.0,47.777740478515625
raw,0.0,1.0,47.83869552612305
raw,0.0,1.0,47.89965057373047
raw,0.0,1.0,47.960601806640625
raw,0.0,1.0,48.02155303955078
raw,0.0,1.0,48.08251190185547
raw,0.0,1.0,48.143463134765625
raw,0.0,1.0,48.20441436767578
raw,0.0,1.0,48.26536560058594
raw,0.0,1.0,48.326324462890625
raw,0.0,1.0,48.38727569580078
raw,0.0,1.0,48.44822692871094
raw,0.0,1.0,48.509185791015625
raw,0.0,1.0,48.57013702392578
raw,0.0,1.0,48.63108825683594
raw,0.0,1.0,48.692039489746094
raw,0.0,1.0,48.752994537353516
raw,0.0,1.0,48.81394958496094
raw,0.0,1.0,48.874900817871094
raw,0.0,1.0,48.935855865478516
raw,0.0,1.0,48.99680709838867
raw,0.0,1.0,49.057762145996094
raw,0.0,1.0,49.11871337890625
raw,0.0,1.0,49.17966842651367
raw,0.0,1.0,49.24061965942383
raw,0.0,1.0,49.301570892333984
raw,0.0,1.0,49.36252975463867
raw,0.0,1.0,49.42348098754883
raw,0.0,1.0,49.484432220458984
raw,0.0,1.0,49.54539108276367
raw,0.0,1.0,49.60634231567383
raw,0.0,1.0,49.667293548583984
raw,0.0,1.0,49.72824478149414
raw,0.0,1.0,49.78920364379883
raw,0.0,1.0,49.850154876708984
raw,0.0,1.0,49.91110610961914
raw,0.0,1.0,49.97206115722656
raw,0.0,1.0,50.033016204833984
raw,0.0,1.0,50.09396743774414
raw,0.0,1.0,50.1549186706543
raw,0.0,1.0,50.21587371826172
raw,0.0,1.0,50.276824951171875
raw,0.0,1.0,50.3377799987793
raw,0.0,1.0,50.39873504638672
raw,0.0,1.0,50.459686279296875
raw,0.0,1.0,50.52063751220703
raw,0.0,1.0,50.58159255981445
raw,0.0,1.0,50.642547607421875
raw,0.0,1.0,50.70349884033203
raw,0.0,1.0,50.76445007324219
raw,0.0,1.0,50.825408935546875
raw,0.0,1.0,50.88636016845703
raw,0.0,1.0,50.94731140136719
raw,0.0,1.0,51.008270263671875
raw,0.0,1.0,51.06922149658203
raw,0.0,1.0,51.13017272949219
raw,0.0,1.0,51.191123962402344
raw,0.0,1.0,51.252079010009766
raw,0.0,1.0,51.31303405761719
raw,0.0,1.0,51.373985290527344
raw,0.0,1.0,51.434940338134766
raw,0.0,1.0,51.49589157104492
raw,0.0,1.0,51.556846618652344
raw,0.0,1.0,51.6177978515625
raw,0.0,1.0,51.67875289916992
raw,0.0,1.0,51.73970413208008
raw,0.0,1.0,51.800655364990234
raw,0.0,1.0,51.86161422729492
raw,0.0,1.0,51.92256546020508
raw,0.0,1.0,51.983516693115234
raw,0.0,1.0,52.04446792602539
raw,0.0,1.0,52.10542678833008
raw,0.0,1.0,52.166378021240234
raw,0.0,1.0,52.22732925415039
raw,0.0,1.0,52.28828811645508
raw,0.0,1.0,52.349239349365234
raw,0.0,1.0,52.41019058227539
raw,0.0,1.0,52.47114562988281
raw,0.0,1.0,52.532100677490234
raw,0.0,1.0,52.59305191040039
raw,0.0,1.0,52.65400314331055
raw,0.0,1.0,52.71495819091797
raw,0.0,1.0,52.775909423828125
raw,0.0,1.0,52.83686447143555
raw,0.0,1.0,52.89781951904297
raw,0.0,1.0,52.958770751953125
raw,0.0,1.0,53.01972198486328
raw,0.0,1.0,53.0806770324707
raw,0.0,1.0,53.141632080078125
raw,0.0,1.0,53.20258331298828
raw,0.0,1.0,53.26353454589844
raw,0.0,1.0,53.324493408203125
raw,0.0,1.0,53.38544464111328
raw,0.0,1.0,53.44639587402344
raw,0.0,1.0,53.507347106933594
raw,0.0,1.0,53.56830596923828
raw,0.0,1.0,53.62925720214844
raw,0.0,1.0,53.690208435058594
raw,0.0,1.0,53.751163482666016
raw,0.0,1.0,53.81211853027344
raw,0.0,1.0,53.873069763183594
raw,0.0,1.0,53.934024810791016
raw,0.0,1.0,53.99497604370117
raw,0.0,1.0,54.055931091308594
raw,0.0,1.0,54.11688232421875
raw,0.0,1.0,54.17783737182617
raw,0.0,1.0,54.23878860473633
raw,0.0,1.0,54.299739837646484
raw,0.0,1.0,54.36069869995117
raw,0.0,1.0,54.42164993286133
raw,0.0,1.0,54.482601165771484
raw,0.0,1.0,54.54355239868164
raw,0.0,1.0,54.60451126098633
raw,0.0,1.0,54.665462493896484
raw,0.0,1.0,54.72641372680664
raw,0.0,1.0,54.78737258911133
raw,0.0,1.0,54.848323822021484
raw,0.0,1.0,54.90927505493164
raw,0.0,1.0,54.9702262878418
raw,0.0,1.0,55.031185150146484
raw,0.0,1.0,55.09213638305664
raw,0.0,1.0,55.1530876159668
raw,0.0,1.0,55.21404266357422
raw,0.0,1.0,55.274993896484375
raw,0.0,1.0,55.3359489440918
raw,0.0,1.0,55.39690399169922
raw,0.0,1.0,55.457855224609375
raw,0.0,1.0,55.51880645751953
raw,0.0,1.0,55.57976150512695
raw,0.0,1.0,55.640716552734375
raw,0.0,1.0,55.70166778564453
raw,0.0,1.0,55.76261901855469
raw,0.0,1.0,55.823577880859375
raw,0.0,1.0,55.88452911376953
raw,0.0,1.0,55.94548034667969
raw,0.0,1.0,56.006431579589844
raw,0.0,1.0,56.06739044189453
raw,0.0,1.0,56.12834167480469
raw,0.0,1.0,56.189292907714844
raw,0.0,1.0,56.250247955322266
raw,0.0,1.0,56.31120300292969
raw,0.0,1.0,56.372154235839844
raw,0.0,1.0,56.43310546875
raw,0.0,1.0,56.49406051635742
raw,0.0,1.0,56.555015563964844
raw,0.0,1.0,56.615966796875
raw,0.0,1.0,56.67692184448242
raw,0.0,1.0,56.73787307739258
raw,0.0,1.0,56.798824310302734
raw,0.0,1.0,56.85978317260742
raw,0.0,1.0,56.92073440551758
raw,0.0,1.0,56.981685638427734
raw,0.0,1.0,57.04263687133789
raw,0.0,1.0,57.10359573364258
raw,0.0,1.0,57.164546966552734
raw,0.0,1.0,57.22549819946289
raw,0.0,1.0,57.28645706176758
raw,0.0,1.0,57.347408294677734
raw,0.0,1.0,57.40835952758789
raw,0.0,1.0,57.46931076049805
raw,0.0,1.0,57.530269622802734
raw,0.0,1.0,57.59122085571289
raw,0.0,1.0,57.65217208862305
raw,0.0,1.0,57.71312713623047
raw,0.0,1.0,57.774078369140625
raw,0.0,1.0,57.83503341674805
raw,0.0,1.0,57.8959846496582
raw,0.0,1.0,57.956939697265625
raw,0.0,1.0,58.01789093017578
raw,0.0,1.0,58.0788459777832
raw,0.0,1.0,58.139801025390625
raw,0.0,1.0,58.20075225830078
raw,0.0,1.0,58.26170349121094
raw,0.0,1.0,58.322662353515625
raw,0.0,1.0,58.38361358642578
raw,0.0,1.0,58.44456481933594
raw,0.0,1.0,58.505516052246094
raw,0.0,1.0,58.56647491455078
raw,0.0,1.0,58.62742614746094
raw,0.0,1.0,58.688377380371094
raw,0.0,1.0,58.749332427978516
raw,0.0,1.0,58.81028747558594
raw,0.0,1.0,58.871238708496094
raw,0.0,1.0,58.93218994140625
raw,0.0,1.0,58.99314498901367
raw,0.0,1.0,59.054100036621094
raw,0.0,1.0,59.11505126953125
raw,0.0,1.0,59.17600631713867
raw,0.0,1.0,59.23695755004883
raw,0.0,1.0,59.297908782958984
raw,0.0,1.0,59.358863830566406
raw,0.0,1.0,59.41981887817383
raw,0.0,1.0,59.480770111083984
raw,0.0,1.0,59.54172134399414
raw,0.0,1.0,59.60268020629883
raw,0.0,1.0,59.663631439208984
raw,0.0,1.0,59.72458267211914
raw,0.0,1.0,59.78554153442383
raw,0.0,1.0,59.846492767333984
raw,0.0,1.0,59.90744400024414
raw,0.0,1.0,59.9683952331543
raw,0.0,1.0,60.029354095458984
raw,0.0,1.0,60.09030532836914
raw,0.0,1.0,60.1512565612793
raw,0.0,1.0,60.21221160888672
raw,0.0,1.0,60.273162841796875
raw,0.0,1.0,60.3341178894043
raw,0.0,1.0,60.39506912231445
raw,0.0,1.0,60.456024169921875
raw,0.0,1.0,60.51697540283203
raw,0.0,1.0,60.57793045043945
raw,0.0,1.0,60.638885498046875
raw,0.0,1.0,60.69983673095703
raw,0.0,1.0,60.76078796386719
raw,0.0,1.0,60.82174301147461
raw,0.0,1.0,60.88269805908203
raw,0.0,1.0,60.94364929199219
raw,0.0,1.0,61.004600524902344
raw,0.0,1.0,61.06555938720703
raw,0.0,1.0,61.12651062011719
raw,0.0,1.0,61.187461853027344
raw,0.0,1.0,61.248416900634766
raw,0.0,1.0,61.30937194824219
raw,0.0,1.0,61.370323181152344
raw,0.0,1.0,61.4312744140625
raw,0.0,1.0,61.49222946166992
raw,0.0,1.0,61.553184509277344
raw,0.0,1.0,61.6141357421875
raw,0.0,1.0,61.67509078979492
raw,0.0,1.0,61.73604202270508
raw,0.0,1.0,61.7969970703125
raw,0.0,1.0,61.857948303222656
raw,0.0,1.0,61.91890335083008
raw,0.0,1.0,61.979854583740234
raw,0.0,1.0,62.04080581665039
raw,0.0,1.0,62.10176467895508
raw,0.0,1.0,62.162715911865234
raw,0.0,1.0,62.22366714477539
raw,0.0,1.0,62.28461837768555
raw,0.0,1.0,62.345577239990234
raw,0.0,1.0,62.40652847290039
raw,0.0,1.0,62.46747970581055
raw,0.0,1.0,62.528438568115234
raw,0.0,1.0,62.58938980102539
raw,0.0,1.0,62.65034103393555
raw,0.0,1.0,62.71129608154297
raw,0.0,1.0,62.77225112915039
raw,0.0,1.0,62.83320236206055
raw,0.0,1.0,62.8941535949707
raw,0.0,1.0,62.955108642578125
raw,0.0,1.0,63.01605987548828
raw,0.0,1.0,63.0770149230957
raw,0.0,1.0,63.137969970703125
raw,0.0,1.0,63.19892120361328
raw,0.0,1.0,63.25987243652344
raw,0.0,1.0,63.32082748413086
raw,0.0,1.0,63.38178253173828
raw,0.0,1.0,63.44273376464844
raw,0.0,1.0,63.503684997558594
raw,0.0,1.0,63.56464385986328
raw,0.0,1.0,63.62559509277344
raw,0.0,1.0,63.686546325683594
raw,0.0,1.0,63.74749755859375
raw,0.0,1.0,63.80845642089844
raw,0.0,1.0,63.869407653808594
raw,0.0,1.0,63.93035888671875
raw,0.0,1.0,63.99131393432617
raw,0.0,1.0,64.0522689819336
raw,0.0,1.0,64.11322021484375
raw,0.0,1.0,64.1741714477539
raw,0.0,1.0,64.23512268066406
raw,0.0,1.0,64.29608154296875
raw,0.0,1.0,64.3570327758789
raw,0.0,1.0,64.41798400878906
raw,0.0,1.0,64.47893524169922
raw,0.0,1.0,64.53988647460938
raw,0.0,1.0,64.60084533691406
raw,0.0,1.0,64.66179656982422
raw,0.0,1.0,64.72274780273438
raw,0.0,1.0,64.78369903564453
raw,0.0,1.0,64.84465789794922
raw,0.0,1.0,64.90560913085938
raw,0.0,1.0,64.96656036376953
raw,0.0,1.0,65.02751922607422
raw,0.0,1.0,65.08847045898438
raw,0.0,1.0,65.14942169189453
raw,0.0,1.0,65.21037292480469
raw,0.0,1.0,65.27133178710938
raw,0.0,1.0,65.33228302001953
raw,0.0,1.0,65.39323425292969
raw,0.0,1.0,65.45419311523438
raw,0.0,1.0,65.51514434814453
raw,0.0,1.0,65.57609558105469
raw,0.0,1.0,65.63705444335938
raw,0.0,1.0,65.69800567626953
raw,0.0,1.0,65.75895690917969
raw,0.0,1.0,65.81990814208984
raw,0.0,1.0,65.88086700439453
raw,0.0,1.0,65.94181823730469
raw,0.0,1.0,66.00276947021484
raw,0.0,1.0,66.06372833251953
raw,0.0,1.0,66.12467956542969
raw,0.0,1.0,66.18563079833984
raw,0.0,1.0,66.24658203125
raw,0.0,1.0,66.30754089355469
raw,0.0,1.0,66.36849212646484
raw,0.0,1.0,66.429443359375
raw,0.0,1.0,66.49039459228516
raw,0.0,1.0,66.55135345458984
raw,0.0,1.0,66.6123046875
raw,0.0,1.0,66.67325592041016
raw,0.0,1.0,66.73420715332031
raw,0.0,1.0,66.795166015625
raw,0.0,1.0,66.85611724853516
raw,0.0,1.0,66.91706848144531
raw,0.0,1.0,66.97801971435547
raw,0.0,1.0,67.03897094726562
raw,0.0,1.0,67.09992980957031
raw,0.0,1.0,67.16088104248047
raw,0.0,1.0,67.22183227539062
raw,0.0,1.0,67.28278350830078
raw,0.0,1.0,67.34374237060547
raw,0.0,1.0,67.40469360351562
raw,0.0,1.0,67.46564483642578
raw,0.0,1.0,67.52660369873047
raw,0.0,1.0,67.58755493164062
raw,0.0,1.0,67.64850616455078
raw,0.0,1.0,67.70945739746094
raw,0.0,1.0,67.77041625976562
raw,0.0,1.0,67.83136749267578
raw,0.0,1.0,67.89231872558594
raw,0.0,1.0,67.95327758789062
raw,0.0,1.0,68.01422882080078
raw,0.0,1.0,68.07518005371094
raw,0.0,1.0,68.1361312866211
raw,0.0,1.0,68.19709014892578
raw,0.0,1.0,68.25804138183594
raw,0.0,1.0,68.3189926147461
raw,0.0,1.0,68.37994384765625
raw,0.0,1.0,68.44090270996094
raw,0.0,1.0,68.5018539428711
raw,0.0,1.0,68.56280517578125
raw,0.0,1.0,68.6237564086914
raw,0.0,1.0,68.6847152709961
raw,0.0,1.0,68.74566650390625
raw,0.0,1.0,68.8066177368164
raw,0.0,1.0,68.86756896972656
raw,0.0,1.0,68.92852020263672
raw,0.0,1.0,68.9894790649414
raw,0.0,1.0,69.05043029785156
raw,0.0,1.0,69.11138153076172
raw,0.0,1.0,69.17233276367188
raw,0.0,1.0,69.23329162597656
raw,0.0,1.0,69.29424285888672
raw,0.0,1.0,69.35519409179688
raw,0.0,1.0,69.41615295410156
raw,0.0,1.0,69.47710418701172
raw,0.0,1.0,69.53805541992188
raw,0.0,1.0,69.59900665283203
raw,0.0,1.0,69.65996551513672
raw,0.0,1.0,69.72091674804688
raw,0.0,1.0,69.78186798095703
raw,0.0,1.0,69.84282684326172
raw,0.0,1.0,69.90377807617188
raw,0.0,1.0,69.96472930908203
raw,0.0,1.0,70.02568817138672
raw,0.0,1.0,70.08663940429688
raw,0.0,1.0,70.14759063720703
raw,0.0,1.0,70.20854187011719
raw,0.0,1.0,70.26950073242188
raw,0.0,1.0,70.33045196533203
raw,0.0,1.0,70.39140319824219
raw,0.0,1.0,70.45236206054688
raw,0.0,1.0,70.51331329345703
raw,0.0,1.0,70.57426452636719
raw,0.0,1.0,70.63521575927734
raw,0.0,1.0,70.69617462158203
raw,0.0,1.0,70.75712585449219
raw,0.0,1.0,70.81807708740234
raw,0.0,1.0,70.8790283203125
raw,0.0,1.0,70.93998718261719
raw,0.0,1.0,71.00093841552734
raw,0.0,1.0,71.0618896484375
raw,0.0,1.0,71.12284088134766
raw,0.0,1.0,71.18379974365234
raw,0.0,1.0,71.2447509765625
raw,0.0,1.0,71.30570220947266
raw,0.0,1.0,71.36665344238281
raw,0.0,1.0,71.42760467529297
raw,0.0,1.0,71.48856353759766
raw,0.0,1.0,71.54951477050781
raw,0.0,1.0,71.61046600341797
raw,0.0,1.0,71.67141723632812
raw,0.0,1.0,71.73237609863281
raw,0.0,1.0,71.79332733154297
raw,0.0,1.0,71.85427856445312
raw,0.0,1.0,71.91523742675781
raw,0.0,1.0,71.97618865966797
raw,0.0,1.0,72.03713989257812
raw,0.0,1.0,72.09809112548828
raw,0.0,1.0,72.15904998779297
raw,0.0,1.0,72.22000122070312
raw,0.0,1.0,72.28095245361328
raw,0.0,1.0,72.34191131591797
raw,0.0,1.0,72.40286254882812
raw,0.0,1.0,72.46381378173828
raw,0.0,1.0,72.52476501464844
raw,0.0,1.0,72.58572387695312
raw,0.0,1.0,72.64667510986328
raw,0.0,1.0,72.70762634277344
raw,0.0,1.0,72.76858520507812
raw,0.0,1.0,72.82953643798828
raw,0.0,1.0,72.89048767089844
raw,0.0,1.0,72.95144653320312
raw,0.0,1.0,73.01239776611328
raw,0.0,1.0,73.07334899902344
raw,0.0,1.0,73.1343002319336
raw,0.0,1.0,73.19525909423828
raw,0.0,1.0,73.25621032714844
raw,0.0,1.0,73.3171615600586
raw,0.0,1.0,73.37811279296875
raw,0.0,1.0,73.43907165527344
raw,0.0,1.0,73.5000228881836
raw,0.0,1.0,73.56097412109375
raw,0.0,1.0,73.6219253540039
raw,0.0,1.0,73.6828842163086
raw,0.0,1.0,73.74383544921875
raw,0.0,1.0,73.8047866821289
raw,0.0,1.0,73.86573791503906
raw,0.0,1.0,73.92668914794922
raw,0.0,1.0,73.9876480102539
raw,0.0,1.0,74.04859924316406
raw,0.0,1.0,74.10955047607422
raw,0.0,1.0,74.17050170898438
raw,0.0,1.0,74.23146057128906
raw,0.0,1.0,74.29241180419922
raw,0.0,1.0,74.35336303710938
raw,0.0,1.0,74.41432189941406
raw,0.0,1.0,74.47527313232422
raw,0.0,1.0,74.53622436523438
raw,0.0,1.0,74.59717559814453
raw,0.0,1.0,74.65813446044922
raw,0.0,1.0,74.71908569335938
raw,0.0,1.0,74.78003692626953
raw,0.0,1.0,74.84099578857422
raw,0.0,1.0,74.90194702148438
raw,0.0,1.0,74.96289825439453
raw,0.0,1.0,75.02384948730469
raw,0.0,1.0,75.08480834960938
raw,0.0,1.0,75.14575958251953
raw,0.0,1.0,75.20671081542969
raw,0.0,1.0,75.26766967773438
raw,0.0,1.0,75.32862091064453
raw,0.0,1.0,75.38957214355469
raw,0.0,1.0,75.45052337646484
raw,0.0,1.0,75.51148223876953
raw,0.0,1.0,75.57243347167969
raw,0.0,1.0,75.63338470458984
raw,0.0,1.0,75.69434356689453
raw,0.0,1.0,75.75529479980469
raw,0.0,1.0,75.81624603271484
raw,0.0,1.0,75.877197265625
raw,0.0,1.0,75.93815612792969
raw,0.0,1.0,75.99910736083984
raw,0.0,1.0,76.06005859375
raw,0.0,1.0,76.12100982666016
raw,0.0,1.0,76.18196868896484
raw,0.0,1.0,76.242919921875
raw,0.0,1.0,76.30387115478516
raw,0.0,1.0,76.36482238769531
raw,0.0,1.0,76.42577362060547
raw,0.0,1.0,76.48673248291016
raw,0.0,1.0,76.54768371582031
raw,0.0,1.0,76.60863494873047
raw,0.0,1.0,76.66958618164062
raw,0.0,1.0,76.73054504394531
raw,0.0,1.0,76.79149627685547
raw,0.0,1.0,76.85244750976562
raw,0.0,1.0,76.91339874267578
raw,0.0,1.0,76.97435760498047
raw,0.0,1.0,77.03530883789062
raw,0.0,1.0,77.09626007080078
raw,0.0,1.0,77.15721893310547
raw,0.0,1.0,77.21817016601562
raw,0.0,1.0,77.27912139892578
raw,0.0,1.0,77.34008026123047
raw,0.0,1.0,77.40103149414062
raw,0.0,1.0,77.46198272705078
raw,0.0,1.0,77.52293395996094
raw,0.0,1.0,77.58389282226562
raw,0.0,1.0,77.64484405517578
raw,0.0,1.0,77.70579528808594
raw,0.0,1.0,77.76675415039062
raw,0.0,1.0,77.82770538330078
raw,0.0,1.0,77.88865661621094
raw,0.0,1.0,77.9496078491211
raw,0.0,1.0,78.01056671142578
raw,0.0,1.0,78.07151794433594
raw,0.0,1.0,78.1324691772461
raw,0.0,1.0,78.19342803955078
raw,0.0,1.0,78.25437927246094
raw,0.0,1.0,78.3153305053711
raw,0.0,1.0,78.37628173828125
raw,0.0,1.0,78.43724060058594
raw,0.0,1.0,78.4981918334961
raw,0.0,1.0,78.55914306640625
raw,0.0,1.0,78.6200942993164
raw,0.0,1.0,78.6810531616211
raw,0.0,1.0,78.74200439453125
raw,0.0,1.0,78.8029556274414
raw,0.0,1.0,78.86390686035156
raw,0.0,1.0,78.92485809326172
raw,0.0,1.0,78.9858169555664
raw,0.0,1.0,79.04676818847656
raw,0.0,1.0,79.10771942138672
raw,0.0,1.0,79.16867065429688
raw,0.0,1.0,79.22962951660156
raw,0.0,1.0,79.29058074951172
raw,0.0,1.0,79.35153198242188
raw,0.0,1.0,79.41248321533203
raw,0.0,1.0,79.47344207763672
raw,0.0,1.0,79.53439331054688
raw,0.0,1.0,79.59534454345703
raw,0.0,1.0,79.65630340576172
raw,0.0,1.0,79.71725463867188
raw,0.0,1.0,79.77820587158203
raw,0.0,1.0,79.83915710449219
raw,0.0,1.0,79.90011596679688
raw,0.0,1.0,79.96106719970703
raw,0.0,1.0,80.02201843261719
raw,0.0,1.0,80.08297729492188
raw,0.0,1.0,80.14392852783203
raw,0.0,1.0,80.20487976074219
raw,0.0,1.0,80.26583862304688
raw,0.0,1.0,80.32678985595703
raw,0.0,1.0,80.38774108886719
raw,0.0,1.0,80.44869232177734
raw,0.0,1.0,80.50965118408203
raw,0.0,1.0,80.57060241699219
raw,0.0,1.0,80.63155364990234
raw,0.0,1.0,80.69251251220703
raw,0.0,1.0,80.75346374511719
raw,0.0,1.0,80.81441497802734
raw,0.0,1.0,80.8753662109375
raw,0.0,1.0,80.93632507324219
raw,0.0,1.0,80.99727630615234
raw,0.0,1.0,81.0582275390625
raw,0.0,1.0,81.11917877197266
raw,0.0,1.0,81.18013763427734
raw,0.0,1.0,81.2410888671875
raw,0.0,1.0,81.30204010009766
raw,0.0,1.0,81.36299133300781
raw,0.0,1.0,81.4239501953125
raw,0.0,1.0,81.48490142822266
raw,0.0,1.0,81.54585266113281
raw,0.0,1.0,81.60680389404297
raw,0.0,1.0,81.66775512695312
raw,0.0,1.0,81.72871398925781
raw,0.0,1.0,81.78966522216797
raw,0.0,1.0,81.85061645507812
raw,0.0,1.0,81.91156768798828
raw,0.0,1.0,81.97252655029297
raw,0.0,1.0,82.03347778320312
raw,0.0,1.0,82.09442901611328
raw,0.0,1.0,82.15538787841797
raw,0.0,1.0,82.21633911132812
raw,0.0,1.0,82.27729034423828
raw,0.0,1.0,82.33824157714844
raw,0.0,1.0,82.39920043945312
raw,0.0,1.0,82.46015167236328
raw,0.0,1.0,82.52110290527344
raw,0.0,1.0,82.58206176757812
raw,0.0,1.0,82.64301300048828
raw,0.0,1.0,82.70396423339844
raw,0.0,1.0,82.76492309570312
raw,0.0,1.0,82.82587432861328
raw,0.0,1.0,82.88682556152344
raw,0.0,1.0,82.9477767944336
raw,0.0,1.0,83.00873565673828
raw,0.0,1.0,83.06968688964844
raw,0.0,1.0,83.1306381225586
raw,0.0,1.0,83.19159698486328
raw,0.0,1.0,83.25254821777344
raw,0.0,1.0,83.3134994506836
raw,0.0,1.0,83.37445068359375
raw,0.0,1.0,83.43540954589844
raw,0.0,1.0,83.4963607788086
raw,0.0,1.0,83.55731201171875
raw,0.0,1.0,83.6182632446289
raw,0.0,1.0,83.6792221069336
raw,0.0,1.0,83.74017333984375
raw,0.0,1.0,83.8011245727539
raw,0.0,1.0,83.86207580566406
raw,0.0,1.0,83.92303466796875
raw,0.0,1.0,83.9839859008789
raw,0.0,1.0,84.04493713378906
raw,0.0,1.0,84.10588836669922
raw,0.0,1.0,84.16683959960938
raw,0.0,1.0,84.22779846191406
raw,0.0,1.0,84.28874969482422
raw,0.0,1.0,84.34970092773438
raw,0.0,1.0,84.41065216064453
raw,0.0,1.0,84.47161102294922
raw,0.0,1.0,84.53256225585938
raw,0.0,1.0,84.59351348876953
raw,0.0,1.0,84.65447235107422
raw,0.0,1.0,84.71542358398438
raw,0.0,1.0,84.77637481689453
raw,0.0,1.0,84.83732604980469
raw,0.0,1.0,84.89828491210938
raw,0.0,1.0,84.95923614501953
raw,0.0,1.0,85.02018737792969
raw,0.0,1.0,85.08114624023438
raw,0.0,1.0,85.14209747314453
raw,0.0,1.0,85.20304870605469
raw,0.0,1.0,85.26399993896484
raw,0.0,1.0,85.32495880126953
raw,0.0,1.0,85.38591003417969
raw,0.0,1.0,85.44686126708984
raw,0.0,1.0,85.50782012939453
raw,0.0,1.0,85.56877136230469
raw,0.0,1.0,85.62972259521484
raw,0.0,1.0,85.69068145751953
raw,0.0,1.0,85.75163269042969
raw,0.0,1.0,85.81258392333984
raw,0.0,1.0,85.87353515625
raw,0.0,1.0,85.93449401855469
raw,0.0,1.0,85.99544525146484
raw,0.0,1.0,86.056396484375
raw,0.0,1.0,86.11734771728516
raw,0.0,1.0,86.17830657958984
raw,0.0,1.0,86.2392578125
raw,0.0,1.0,86.30020904541016
raw,0.0,1.0,86.36116027832031
raw,0.0,1.0,86.422119140625
raw,0.0,1.0,86.48307037353516
raw,0.0,1.0,86.54402160644531
raw,0.0,1.0,86.60497283935547
raw,0.0,1.0,86.66592407226562
raw,0.0,1.0,86.72688293457031
raw,0.0,1.0,86.78783416748047
raw,0.0,1.0,86.84878540039062
raw,0.0,1.0,86.90973663330078
raw,0.0,1.0,86.97069549560547
raw,0.0,1.0,87.03164672851562
raw,0.0,1.0,87.09260559082031
raw,0.0,1.0,87.15354919433594
raw,0.0,1.0,87.21450805664062
raw,0.0,1.0,87.27546691894531
raw,0.0,1.0,87.33641052246094
raw,0.0,1.0,87.39736938476562
raw,0.0,1.0,87.45831298828125
raw,0.0,1.0,87.51927185058594
raw,0.0,1.0,87.58023071289062
raw,0.0,1.0,87.64117431640625
raw,0.0,1.0,87.70213317871094
raw,0.0,1.0,87.76309204101562
raw,0.0,1.0,87.82403564453125
raw,0.0,1.0,87.88499450683594
raw,0.0,1.0,87.94595336914062
raw,0.0,1.0,88.00689697265625
raw,0.0,1.0,88.06785583496094
raw,0.0,1.0,88.12881469726562
raw,0.0,1.0,88.18975830078125
raw,0.0,1.0,88.25071716308594
raw,0.0,1.0,88.3116683959961
raw,0.0,1.0,88.37261962890625
raw,0.0,1.0,88.43357849121094
raw,0.0,1.0,88.49452209472656
raw,0.0,1.0,88.55548095703125
raw,0.0,1.0,88.6164321899414
raw,0.0,1.0,88.67738342285156
raw,0.0,1.0,88.73834228515625
raw,0.0,1.0,88.7992935180664
raw,0.0,1.0,88.86024475097656
raw,0.0,1.0,88.92120361328125
raw,0.0,1.0,88.9821548461914
raw,0.0,1.0,89.04310607910156
raw,0.0,1.0,89.10405731201172
raw,0.0,1.0,89.1650161743164
raw,0.0,1.0,89.22596740722656
raw,0.0,1.0,89.28691864013672
raw,0.0,1.0,89.3478775024414
raw,0.0,1.0,89.40882110595703
raw,0.0,1.0,89.46977996826172
raw,0.0,1.0,89.53073120117188
raw,0.0,1.0,89.59168243408203
raw,0.0,1.0,89.65264129638672
raw,0.0,1.0,89.71358489990234
raw,0.0,1.0,89.77454376220703
raw,0.0,1.0,89.83550262451172
raw,0.0,1.0,89.89644622802734
raw,0.0,1.0,89.95740509033203
raw,0.0,1.0,90.01836395263672
raw,0.0,1.0,90.07930755615234
raw,0.0,1.0,90.14026641845703
raw,0.0,1.0,90.20122528076172
raw,0.0,1.0,90.26216888427734
raw,0.0,1.0,90.32312774658203
raw,0.0,1.0,90.38407135009766
raw,0.0,1.0,90.44503021240234
raw,0.0,1.0,90.50598907470703
raw,0.0,1.0,90.56693267822266
raw,0.0,1.0,90.62789154052734
raw,0.0,1.0,90.68885040283203
raw,0.0,1.0,90.74979400634766
raw,0.0,1.0,90.81075286865234
raw,0.0,1.0,90.87171173095703
raw,0.0,1.0,90.93265533447266
raw,0.0,1.0,90.99361419677734
raw,0.0,1.0,91.0545654296875
raw,0.0,1.0,91.11551666259766
raw,0.0,1.0,91.17647552490234
raw,0.0,1.0,91.2374267578125
raw,0.0,1.0,91.29837799072266
raw,0.0,1.0,91.35932922363281
raw,0.0,1.0,91.42028045654297
raw,0.0,1.0,91.48123931884766
raw,0.0,1.0,91.54219055175781
raw,0.0,1.0,91.60314178466797
raw,0.0,1.0,91.66409301757812
raw,0.0,1.0,91.72505187988281
raw,0.0,1.0,91.78600311279297
raw,0.0,1.0,91.84695434570312
raw,0.0,1.0,91.90791320800781
raw,0.0,1.0,91.96886444091797
raw,0.0,1.0,92.02981567382812
raw,0.0,1.0,92.09077453613281
raw,0.0,1.0,92.15171813964844
raw,0.0,1.0,92.21267700195312
raw,0.0,1.0,92.27363586425781
raw,0.0,1.0,92.33457946777344
raw,0.0,1.0,92.39553833007812
raw,0.0,1.0,92.45648193359375
raw,0.0,1.0,92.51744079589844
raw,0.0,1.0,92.57839965820312
raw,0.0,1.0,92.63934326171875
raw,0.0,1.0,92.70030212402344
raw,0.0,1.0,92.76126098632812
raw,0.0,1.0,92.82220458984375
raw,0.0,1.0,92.88316345214844
raw,0.0,1.0,92.94412231445312
raw,0.0,1.0,93.00506591796875
raw,0.0,1.0,93.06602478027344
raw,0.0,1.0,93.12698364257812
raw,0.0,1.0,93.18792724609375
raw,0.0,1.0,93.24888610839844
raw,0.0,1.0,93.30982971191406
raw,0.0,1.0,93.37078857421875
raw,0.0,1.0,93.43174743652344
raw,0.0,1.0,93.49269104003906
raw,0.0,1.0,93.55364990234375
raw,0.0,1.0,93.6146011352539
raw,0.0,1.0,93.67555236816406
raw,0.0,1.0,93.73651123046875
raw,0.0,1.0,93.7974624633789
raw,0.0,1.0,93.85841369628906
raw,0.0,1.0,93.91937255859375
raw,0.0,1.0,93.9803237915039
raw,0.0,1.0,94.04127502441406
raw,0.0,1.0,94.10222625732422
raw,0.0,1.0,94.1631851196289
raw,0.0,1.0,94.22413635253906
raw,0.0,1.0,94.28508758544922
raw,0.0,1.0,94.34603881835938
raw,0.0,1.0,94.40699005126953
raw,0.0,1.0,94.46794891357422
raw,0.0,1.0,94.52890014648438
raw,0.0,1.0,94.58985137939453
raw,0.0,1.0,94.65081024169922
raw,0.0,1.0,94.71175384521484
raw,0.0,1.0,94.77271270751953
raw,0.0,1.0,94.83367156982422
raw,0.0,1.0,94.89461517333984
raw,0.0,1.0,94.95557403564453
raw,0.0,1.0,95.01653289794922
raw,0.0,1.0,95.07747650146484
raw,0.0,1.0,95.13843536376953
raw,0.0,1.0,95.19939422607422
raw,0.0,1.0,95.26033782958984
raw,0.0,1.0,95.32129669189453
raw,0.0,1.0,95.4077377319336
raw,0.0,1.0,95.49417877197266
raw,0.0,1.0,95.58061981201172
raw,0.0,1.0,95.66706085205078
raw,0.0,1.0,95.75350952148438
raw,0.0,1.0,95.83995056152344
raw,0.0,1.0,95.9263916015625
raw,0.0,1.0,96.01283264160156
raw,0.0,1.0,96.09927368164062
raw,0.0,1.0,96.18572235107422
raw,0.0,1.0,96.27216339111328
raw,0.0,1.0,96.35861206054688
raw,0.0,1.0,96.44505310058594
raw,0.0,1.0,96.531494140625
raw,0.0,1.0,96.61793518066406
raw,0.0,1.0,96.70437622070312
raw,0.0,1.0,96.79081726074219
raw,0.0,1.0,96.87726593017578
raw,0.0,1.0,96.96370697021484
raw,0.0,1.0,97.0501480102539
raw,0.0,1.0,97.1365966796875
raw,0.0,1.0,97.22303771972656
raw,0.0,1.0,97.30947875976562
raw,0.0,1.0,97.39591979980469
raw,0.0,1.0,97.48236846923828
raw,0.0,1.0,97.56880950927734
raw,0.0,1.0,97.6552505493164
raw,0.0,1.0,97.74169158935547
raw,0.0,1.0,97.82813262939453
raw,0.0,1.0,97.9145736694336
raw,0.0,1.0,98.00102233886719
raw,0.0,1.0,98.08747100830078
raw,0.0,1.0,98.17391204833984
raw,0.0,1.0,98.2603530883789
raw,0.0,1.0,98.34679412841797
raw,0.0,1.0,98.43323516845703
raw,0.0,1.0,98.5196762084961
raw,0.0,1.0,98.60612487792969
raw,0.0,1.0,98.69256591796875
raw,0.0,1.0,98.77900695800781
raw,0.0,1.0,98.86544799804688
raw,0.0,1.0,98.95188903808594
raw,0.0,1.0,99.038330078125
raw,0.0,1.0,99.12478637695312
raw,0.0,1.0,99.21122741699219
raw,0.0,1.0,99.29766845703125
raw,0.0,1.0,99.38410949707031
raw,0.0,1.0,99.47055053710938
raw,0.0,1.0,99.55699157714844
raw,0.0,1.0,99.6434326171875
raw,0.0,1.0,99.7298812866211
raw,0.0,1.0,99.81632232666016
raw,0.0,1.0,99.90276336669922
raw,0.0,1.0,99.98920440673828
raw,0.0,1.0,100.07564544677734
raw,0.0,1.0,100.1620864868164
raw,0.0,1.0,100.24852752685547
raw,0.0,1.0,100.3349838256836
raw,0.0,1.0,100.42142486572266
raw,0.0,1.0,100.50786590576172
raw,0.0,1.0,100.59430694580078
raw,0.0,1.0,100.68074798583984
raw,0.0,1.0,100.7671890258789
raw,0.0,1.0,100.8536376953125
raw,0.0,1.0,100.94007873535156
raw,0.0,1.0,101.02651977539062
raw,0.0,1.0,101.11296081542969
raw,0.0,1.0,101.19940185546875
raw,0.0,1.0,101.28584289550781
raw,0.0,1.0,101.37228393554688
raw,0.0,1.0,101.458740234375
raw,0.0,1.0,101.54518127441406
raw,0.0,1.0,101.63162231445312
raw,0.0,1.0,101.71806335449219
raw,0.0,1.0,101.80450439453125
raw,0.0,1.0,101.89094543457031
raw,0.0,1.0,101.9773941040039
raw,0.0,1.0,102.06383514404297
raw,0.0,1.0,102.15027618408203
raw,0.0,1.0,102.2367172241211
raw,0.0,1.0,102.32315826416016
raw,0.0,1.0,102.40959930419922
raw,0.0,1.0,102.49604034423828
raw,0.0,1.0,102.5824966430664
raw,0.0,1.0,102.66893768310547
raw,0.0,1.0,102.75537872314453
raw,0.0,1.0,102.8418197631836
raw,0.0,1.0,102.92826080322266
raw,0.0,1.0,103.01470184326172
raw,0.0,1.0,103.10115051269531
raw,0.0,1.0,103.18759155273438
raw,0.0,1.0,103.27403259277344
raw,0.0,1.0,103.3604736328125
raw,0.0,1.0,103.44691467285156
raw,0.0,1.0,103.53336334228516
raw,0.0,1.0,103.61980438232422
raw,0.0,1.0,103.70625305175781
raw,0.0,1.0,103.79269409179688
raw,0.0,1.0,103.87913513183594
raw,0.0,1.0,103.965576171875
raw,0.0,1.0,104.05201721191406
raw,0.0,1.0,104.13845825195312
raw,0.0,1.0,104.22489929199219
raw,0.0,1.0,104.31134796142578
raw,0.0,1.0,104.39778900146484
raw,0.0,1.0,104.4842300415039
raw,0.0,1.0,104.5706787109375
raw,0.0,1.0,104.65711975097656
raw,0.0,1.0,104.74356079101562
raw,0.0,1.0,104.83000946044922
raw,0.0,1.0,104.91645050048828
raw,0.0,1.0,105.00289154052734
raw,0.0,1.0,105.0893325805664
raw,0.0,1.0,105.17577362060547
raw,0.0,1.0,105.26221466064453
raw,0.0,1.0,105.3486557006836
raw,0.0,1.0,105.43510437011719
raw,0.0,1.0,105.52155303955078
raw,0.0,1.0,105.60799407958984
raw,0.0,1.0,105.6944351196289
raw,0.0,1.0,105.78087615966797
raw,0.0,1.0,105.86731719970703
raw,0.0,1.0,105.95376586914062
raw,0.0,1.0,106.04020690917969
raw,0.0,1.0,106.12664794921875
raw,0.0,1.0,106.21308898925781
raw,0.0,1.0,106.29953002929688
raw,0.0,1.0,106.38597106933594
raw,0.0,1.0,106.472412109375
raw,0.0,1.0,106.55886840820312
raw,0.0,1.0,106.64530944824219
raw,0.0,1.0,106.73175048828125
raw,0.0,1.0,106.81819152832031
raw,0.0,1.0,106.90463256835938
raw,0.0,1.0,106.99107360839844
raw,0.0,1.0,107.07752227783203
raw,0.0,1.0,107.1639633178711
raw,0.0,1.0,107.25040435791016
raw,0.0,1.0,107.33684539794922
raw,0.0,1.0,107.42328643798828
raw,0.0,1.0,107.50972747802734
raw,0.0,1.0,107.5961685180664
raw,0.0,1.0,107.68262481689453
raw,0.0,1.0,107.7690658569336
raw,0.0,1.0,107.85550689697266
raw,0.0,1.0,107.94194793701172
raw,0.0,1.0,108.02838897705078
raw,0.0,1.0,108.11483001708984
raw,0.0,1.0,108.2012710571289
raw,0.0,1.0,108.2877197265625
raw,0.0,1.0,108.37416076660156
raw,0.0,1.0,108.46060180664062
raw,0.0,1.0,108.54704284667969
raw,0.0,1.0,108.63348388671875
raw,0.0,1.0,108.71992492675781
raw,0.0,1.0,108.80638122558594
raw,0.0,1.0,108.892822265625
raw,0.0,1.0,108.97926330566406
raw,0.0,1.0,109.06570434570312
raw,0.0,1.0,109.15214538574219
raw,0.0,1.0,109.23858642578125
raw,0.0,1.0,109.32502746582031
raw,0.0,1.0,109.4114761352539
raw,0.0,1.0,109.49791717529297
raw,0.0,1.0,109.58435821533203
raw,0.0,1.0,109.6707992553711
raw,0.0,1.0,109.75724029541016
raw,0.0,1.0,109.84368133544922
raw,0.0,1.0,109.93013763427734
raw,0.0,1.0,110.0165786743164
raw,0.0,1.0,110.10301971435547
raw,0.0,1.0,110.18946075439453
raw,0.0,1.0,110.2759017944336
raw,0.0,1.0,110.36234283447266
raw,0.0,1.0,110.44878387451172
raw,0.0,1.0,110.53523254394531
raw,0.0,1.0,110.62167358398438
raw,0.0,1.0,110.70811462402344
raw,0.0,1.0,110.7945556640625
raw,0.0,1.0,110.88099670410156
raw,0.0,1.0,110.96744537353516
raw,0.0,1.0,111.05389404296875
raw,0.0,1.0,111.14033508300781
raw,0.0,1.0,111.22677612304688
raw,0.0,1.0,111.31321716308594
raw,0.0,1.0,111.399658203125
raw,0.0,1.0,111.48609924316406
raw,0.0,1.0,111.57254028320312
raw,0.0,1.0,111.65898895263672
raw,0.0,1.0,111.74542999267578
raw,0.0,1.0,111.83187103271484
raw,0.0,1.0,111.91831970214844
raw,0.0,1.0,112.0047607421875
raw,0.0,1.0,112.09120178222656
raw,0.0,1.0,112.17765045166016
raw,0.0,1.0,112.26409149169922
raw,0.0,1.0,112.35053253173828
raw,0.0,1.0,112.43697357177734
raw,0.0,1.0,112.5234146118164
raw,0.0,1.0,112.60985565185547
raw,0.0,1.0,112.69629669189453
raw,0.0,1.0,112.78274536132812
raw,0.0,1.0,112.86919403076172
raw,0.0,1.0,112.95563507080078
raw,0.0,1.0,113.04207611083984
raw,0.0,1.0,113.1285171508789
raw,0.0,1.0,113.21495819091797
raw,0.0,1.0,113.30139923095703
raw,0.0,1.0,113.38784790039062
raw,0.0,1.0,113.47428894042969
raw,0.0,1.0,113.56072998046875
raw,0.0,1.0,113.64717102050781
raw,0.0,1.0,113.73361206054688
raw,0.0,1.0,113.82005310058594
raw,0.0,1.0,113.90650939941406
raw,0.0,1.0,113.99295043945312
raw,0.0,1.0,114.07939147949219
raw,0.0,1.0,114.16583251953125
raw,0.0,1.0,114.25227355957031
raw,0.0,1.0,114.33871459960938
raw,0.0,1.0,114.42515563964844
raw,0.0,1.0,114.51160430908203
raw,0.0,1.0,114.5980453491211
raw,0.0,1.0,114.68448638916016
raw,0.0,1.0,114.77092742919922
raw,0.0,1.0,114.85736846923828
raw,0.0,1.0,114.94380950927734
raw,0.0,1.0,115.03026580810547
raw,0.0,1.0,115.11670684814453
raw,0.0,1.0,115.2031478881836
raw,0.0,1.0,115.28958892822266
raw,0.0,1.0,115.37602996826172
raw,0.0,1.0,115.46247100830078
raw,0.0,1.0,115.54891204833984
raw,0.0,1.0,115.63536071777344
raw,0.0,1.0,115.7218017578125
raw,0.0,1.0,115.80824279785156
raw,0.0,1.0,115.89468383789062
raw,0.0,1.0,115.98112487792969
raw,0.0,1.0,116.06756591796875
raw,0.0,1.0,116.15402221679688
raw,0.0,1.0,116.24046325683594
raw,0.0,1.0,116.326904296875
raw,0.0,1.0,116.41334533691406
raw,0.0,1.0,116.49978637695312
raw,0.0,1.0,116.58622741699219
raw,0.0,1.0,116.67266845703125
raw,0.0,1.0,116.75911712646484
raw,0.0,1.0,116.8455581665039
raw,0.0,1.0,116.93199920654297
raw,0.0,1.0,117.01844024658203
raw,0.0,1.0,117.1048812866211
raw,0.0,1.0,117.19132232666016
raw,0.0,1.0,117.27776336669922
raw,0.0,1.0,117.36421966552734
raw,0.0,1.0,117.4506607055664
raw,0.0,1.0,117.53710174560547
raw,0.0,1.0,117.62354278564453
raw,0.0,1.0,117.7099838256836
raw,0.0,1.0,117.79642486572266
raw,0.0,1.0,117.88287353515625
raw,0.0,1.0,117.96931457519531
raw,0.0,1.0,118.05575561523438
raw,0.0,1.0,118.14219665527344
raw,0.0,1.0,118.2286376953125
raw,0.0,1.0,118.31507873535156
raw,0.0,1.0,118.40152740478516
raw,0.0,1.0,118.48797607421875
raw,0.0,1.0,118.57441711425781
raw,0.0,1.0,118.66085815429688
raw,0.0,1.0,118.74729919433594
raw,0.0,1.0,118.833740234375
raw,0.0,1.0,118.92018127441406
raw,0.0,1.0,119.00662994384766
raw,0.0,1.0,119.09307098388672
raw,0.0,1.0,119.17951202392578
raw,0.0,1.0,119.26595306396484
raw,0.0,1.0,119.35240173339844
raw,0.0,1.0,119.4388427734375
raw,0.0,1.0,119.52528381347656
raw,0.0,1.0,119.61173248291016
raw,0.0,1.0,119.69817352294922
raw,0.0,1.0,119.78461456298828
raw,0.0,1.0,119.87105560302734
raw,0.0,1.0,119.9574966430664
raw,0.0,1.0,120.04393768310547
raw,0.0,1.0,120.13038635253906
raw,0.0,1.0,120.21682739257812
raw,0.0,1.0,120.30327606201172
raw,0.0,1.0,120.38971710205078
raw,0.0,1.0,120.47615814208984
raw,0.0,1.0,120.5625991821289
raw,0.0,1.0,120.64904022216797
raw,0.0,1.0,120.73548889160156
raw,0.0,1.0,120.82192993164062
raw,0.0,1.0,120.90837097167969
raw,0.0,1.0,120.99481201171875
raw,0.0,1.0,121.08125305175781
raw,0.0,1.0,121.16769409179688
raw,0.0,1.0,121.25413513183594
raw,0.0,1.0,121.34059143066406
raw,0.0,1.0,121.42703247070312
raw,0.0,1.0,121.51347351074219
raw,0.0,1.0,121.59991455078125
raw,0.0,1.0,121.68635559082031
raw,0.0,1.0,121.77279663085938
raw,0.0,1.0,121.85924530029297
raw,0.0,1.0,121.94568634033203
raw,0.0,1.0,122.0321273803711
raw,0.0,1.0,122.11856842041016
raw,0.0,1.0,122.20500946044922
raw,0.0,1.0,122.29145050048828
raw,0.0,1.0,122.37789154052734
raw,0.0,1.0,122.46434783935547
raw,0.0,1.0,122.55078887939453
raw,0.0,1.0,122.6372299194336
raw,0.0,1.0,122.72367095947266
raw,0.0,1.0,122.81011199951172
raw,0.0,1.0,122.89655303955078
raw,0.0,1.0,122.98300170898438
raw,0.0,1.0,123.06944274902344
raw,0.0,1.0,123.1558837890625
raw,0.0,1.0,123.24232482910156
raw,0.0,1.0,123.32876586914062
raw,0.0,1.0,123.41520690917969
raw,0.0,1.0,123.50164794921875
raw,0.0,1.0,123.58810424804688
raw,0.0,1.0,123.67454528808594
raw,0.0,1.0,123.760986328125
raw,0.0,1.0,123.84742736816406
raw,0.0,1.0,123.93386840820312
raw,0.0,1.0,124.02030944824219
raw,0.0,1.0,124.10675811767578
raw,0.0,1.0,124.19319915771484
raw,0.0,1.0,124.2796401977539
raw,0.0,1.0,124.36608123779297
raw,0.0,1.0,124.45252227783203
raw,0.0,1.0,124.5389633178711
raw,0.0,1.0,124.62540435791016
raw,0.0,1.0,124.71186065673828
raw,0.0,1.0,124.79830169677734
raw,0.0,1.0,124.8847427368164
raw,0.0,1.0,124.97118377685547
raw,0.0,1.0,125.05762481689453
raw,0.0,1.0,125.1440658569336
raw,0.0,1.0,125.23051452636719
raw,0.0,1.0,125.31695556640625
raw,0.0,1.0,125.40339660644531
raw,0.0,1.0,125.48983764648438
raw,0.0,1.0,125.57627868652344
raw,0.0,1.0,125.6627197265625
raw,0.0,1.0,125.7491683959961
raw,0.0,1.0,125.83561706542969
raw,0.0,1.0,125.92205810546875
raw,0.0,1.0,126.00849914550781
raw,0.0,1.0,126.09494018554688
raw,0.0,1.0,126.18138122558594
raw,0.0,1.0,126.267822265625
raw,0.0,1.0,126.35426330566406
raw,0.0,1.0,126.44071197509766
raw,0.0,1.0,126.52715301513672
raw,0.0,1.0,126.61359405517578
raw,0.0,1.0,126.70004272460938
raw,0.0,1.0,126.78648376464844
raw,0.0,1.0,126.8729248046875
raw,0.0,1.0,126.9593734741211
raw,0.0,1.0,127.04581451416016
raw,0.0,1.0,127.13225555419922
raw,0.0,1.0,127.21869659423828
raw,0.0,1.0,127.30513763427734
raw,0.0,1.0,127.3915786743164
raw,0.0,1.0,127.47801971435547
raw,0.0,1.0,127.56446838378906
raw,0.0,1.0,127.65091705322266
raw,0.0,1.0,127.73735809326172
raw,0.0,1.0,127.82379913330078
raw,0.0,1.0,127.91024017333984
raw,0.0,1.0,127.9966812133789
raw,0.0,1.0,128.0831298828125
raw,0.0,1.0,128.16957092285156
raw,0.0,1.0,128.25601196289062
raw,0.0,1.0,128.3424530029297
raw,0.0,1.0,128.42889404296875
raw,0.0,1.0,128.5153350830078
raw,0.0,1.0,128.60177612304688
raw,0.0,1.0,128.688232421875
raw,0.0,1.0,128.77467346191406
raw,0.0,1.0,128.86111450195312
raw,0.0,1.0,128.9475555419922
raw,0.0,1.0,129.03399658203125
raw,0.0,1.0,129.1204376220703
raw,0.0,1.0,129.20689392089844
raw,0.0,1.0,129.2933349609375
raw,0.0,1.0,129.37977600097656
raw,0.0,1.0,129.46621704101562
raw,0.0,1.0,129.5526580810547
raw,0.0,1.0,129.63909912109375
raw,0.0,1.0,129.7255401611328
raw,0.0,1.0,129.81199645996094
raw,0.0,1.0,129.8984375
raw,0.0,1.0,129.98487854003906
raw,0.0,1.0,130.07131958007812
raw,0.0,1.0,130.1577606201172
raw,0.0,1.0,130.24420166015625
raw,0.0,1.0,130.3306427001953
raw,0.0,1.0,130.41708374023438
raw,0.0,1.0,130.50352478027344
raw,0.0,1.0,130.5899658203125
raw,0.0,1.0,130.67640686035156
raw,0.0,1.0,130.76284790039062
raw,0.0,1.0,130.8492889404297
raw,0.0,1.0,130.9357452392578
raw,0.0,1.0,131.02218627929688
raw,0.0,1.0,131.10862731933594
raw,0.0,1.0,131.195068359375
raw,0.0,1.0,131.28150939941406
raw,0.0,1.0,131.36795043945312
raw,0.0,1.0,131.4543914794922
raw,0.0,1.0,131.5408477783203
raw,0.0,1.0,131.62728881835938
raw,0.0,1.0,131.71372985839844
raw,0.0,1.0,131.8001708984375
raw,0.0,1.0,131.88661193847656
raw,0.0,1.0,131.97305297851562
raw,0.0,1.0,132.05950927734375
raw,0.0,1.0,132.1459503173828
raw,0.0,1.0,132.23239135742188
raw,0.0,1.0,132.31883239746094
raw,0.0,1.0,132.4052734375
raw,0.0,1.0,132.49171447753906
raw,0.0,1.0,132.57815551757812
raw,0.0,1.0,132.66461181640625
raw,0.0,1.0,132.7510528564453
raw,0.0,1.0,132.83749389648438
raw,0.0,1.0,132.92393493652344
raw,0.0,1.0,133.0103759765625
raw,0.0,1.0,133.09681701660156
raw,0.0,1.0,133.18325805664062
raw,0.0,1.0,133.2696990966797
raw,0.0,1.0,133.35614013671875
raw,0.0,1.0,133.4425811767578
raw,0.0,1.0,133.52902221679688
raw,0.0,1.0,133.615478515625
raw,0.0,1.0,133.70191955566406
raw,0.0,1.0,133.78836059570312
raw,0.0,1.0,133.8748016357422
raw,0.0,1.0,133.96124267578125
raw,0.0,1.0,134.0476837158203
raw,0.0,1.0,134.13412475585938
raw,0.0,1.0,134.22056579589844
raw,0.0,1.0,134.3070068359375
raw,0.0,1.0,134.39346313476562
raw,0.0,1.0,134.4799041748047
raw,0.0,1.0,134.56634521484375
raw,0.0,1.0,134.6527862548828
raw,0.0,1.0,134.73922729492188
raw,0.0,1.0,134.82566833496094
raw,0.0,1.0,134.91212463378906
raw,0.0,1.0,134.99856567382812
raw,0.0,1.0,135.0850067138672
raw,0.0,1.0,135.17144775390625
raw,0.0,1.0,135.2578887939453
raw,0.0,1.0,135.34432983398438
raw,0.0,1.0,135.43077087402344
raw,0.0,1.0,135.51722717285156
raw,0.0,1.0,135.60366821289062
raw,0.0,1.0,135.6901092529297
raw,0.0,1.0,135.77655029296875
raw,0.0,1.0,135.8629913330078
raw,0.0,1.0,135.94943237304688
raw,0.0,1.0,136.03587341308594
raw,0.0,1.0,136.122314453125
raw,0.0,1.0,136.20875549316406
raw,0.0,1.0,136.29519653320312
raw,0.0,1.0,136.3816375732422
raw,0.0,1.0,136.46807861328125
raw,0.0,1.0,136.5545196533203
raw,0.0,1.0,136.64097595214844
raw,0.0,1.0,136.7274169921875
raw,0.0,1.0,136.81385803222656
raw,0.0,1.0,136.90029907226562
raw,0.0,1.0,136.9867401123047
raw,0.0,1.0,137.07318115234375
raw,0.0,1.0,137.15963745117188
raw,0.0,1.0,137.24607849121094
raw,0.0,1.0,137.33251953125
raw,0.0,1.0,137.41896057128906
raw,0.0,1.0,137.50540161132812
raw,0.0,1.0,137.5918426513672
raw,0.0,1.0,137.67828369140625
raw,0.0,1.0,137.76473999023438
raw,0.0,1.0,137.85118103027344
raw,0.0,1.0,137.9376220703125
raw,0.0,1.0,138.02406311035156
raw,0.0,1.0,138.11050415039062
raw,0.0,1.0,138.1969451904297
raw,0.0,1.0,138.28338623046875
raw,0.0,1.0,138.3698272705078
raw,0.0,1.0,138.45626831054688
raw,0.0,1.0,138.54270935058594
raw,0.0,1.0,138.68055725097656
raw,0.0,1.0,138.81838989257812
raw,0.0,1.0,138.9562225341797
raw,0.0,1.0,139.09405517578125
raw,0.0,1.0,139.23190307617188
raw,0.0,1.0,139.3697509765625
raw,0.0,1.0,139.50758361816406
raw,0.0,1.0,139.64541625976562
raw,0.0,1.0,139.7832489013672
raw,0.0,1.0,139.9210968017578
raw,0.0,1.0,140.05892944335938
raw,0.0,1.0,140.19676208496094
raw,0.0,1.0,140.3345947265625
raw,0.0,1.0,140.47244262695312
raw,0.0,1.0,140.6102752685547
raw,0.0,1.0,140.7481231689453
raw,0.0,1.0,140.88595581054688
raw,0.0,1.0,141.02378845214844
raw,0.0,1.0,141.16162109375
raw,0.0,1.0,141.29946899414062
raw,0.0,1.0,141.4373016357422
raw,0.0,1.0,141.57513427734375
raw,0.0,1.0,141.7129669189453
raw,0.0,1.0,141.85081481933594
raw,0.0,1.0,141.98866271972656
raw,0.0,1.0,142.12649536132812
raw,0.0,1.0,142.2643280029297
raw,0.0,1.0,142.40216064453125
raw,0.0,1.0,142.54000854492188
raw,0.0,1.0,142.67784118652344
raw,0.0,1.0,142.815673828125
raw,0.0,1.0,142.95350646972656
raw,0.0,1.0,143.0913543701172
raw,0.0,1.0,143.22918701171875
raw,0.0,1.0,143.36703491210938
raw,0.0,1.0,143.50486755371094
raw,0.0,1.0,143.6427001953125
raw,0.0,1.0,143.78053283691406
raw,0.0,1.0,143.9183807373047
raw,0.0,1.0,144.05621337890625
raw,0.0,1.0,144.1940460205078
raw,0.0,1.0,144.33189392089844
raw,0.0,1.0,144.4697265625
raw,0.0,1.0,144.60757446289062
raw,0.0,1.0,144.7454071044922
raw,0.0,1.0,144.88323974609375
raw,0.0,1.0,145.0210723876953
raw,0.0,1.0,145.15892028808594
raw,0.0,1.0,145.2967529296875
raw,0.0,1.0,145.43458557128906
raw,0.0,1.0,145.57241821289062
raw,0.0,1.0,145.71026611328125
raw,0.0,1.0,145.84811401367188
raw,0.0,1.0,145.98594665527344
raw,0.0,1.0,146.123779296875
raw,0.0,1.0,146.26161193847656
raw,0.0,1.0,146.3994598388672
raw,0.0,1.0,146.53729248046875
raw,0.0,1.0,146.6751251220703
raw,0.0,1.0,146.81295776367188
raw,0.0,1.0,146.9508056640625
raw,0.0,1.0,147.08863830566406
raw,0.0,1.0,147.2264862060547
raw,0.0,1.0,147.36431884765625
raw,0.0,1.0,147.5021514892578
raw,0.0,1.0,147.63998413085938
raw,0.0,1.0,147.77783203125
raw,0.0,1.0,147.91566467285156
raw,0.0,1.0,148.05349731445312
raw,0.0,1.0,148.19134521484375
raw,0.0,1.0,148.3291778564453
raw,0.0,1.0,148.46702575683594
raw,0.0,1.0,148.6048583984375
raw,0.0,1.0,148.74269104003906
raw,0.0,1.0,148.88052368164062
raw,0.0,1.0,149.01837158203125
raw,0.0,1.0,149.1562042236328
raw,0.0,1.0,149.29403686523438
raw,0.0,1.0,149.431884765625
raw,0.0,1.0,149.56971740722656
raw,0.0,1.0,149.70755004882812
raw,0.0,1.0,149.84539794921875
raw,0.0,1.0,149.9832305908203
raw,0.0,1.0,150.12106323242188
raw,0.0,1.0,150.25889587402344
raw,0.0,1.0,150.39674377441406
raw,0.0,1.0,150.53457641601562
raw,0.0,1.0,150.6724090576172
raw,0.0,1.0,150.8102569580078
raw,0.0,1.0,150.94808959960938
raw,0.0,1.0,151.0859375
raw,0.0,1.0,151.22377014160156
raw,0.0,1.0,151.36160278320312
raw,0.0,1.0,151.4994354248047
raw,0.0,1.0,151.6372833251953
raw,0.0,1.0,151.77511596679688
raw,0.0,1.0,151.91294860839844
raw,0.0,1.0,152.05079650878906
raw,0.0,1.0,152.18862915039062
raw,0.0,1.0,152.3264617919922
raw,0.0,1.0,152.4643096923828
raw,0.0,1.0,152.60214233398438
raw,0.0,1.0,152.73997497558594
raw,0.0,1.0,152.8778076171875
raw,0.0,1.0,153.01565551757812
raw,0.0,1.0,153.1534881591797
raw,0.0,1.0,153.2913360595703
raw,0.0,1.0,153.42916870117188
raw,0.0,1.0,153.56700134277344
raw,0.0,1.0,153.70484924316406
raw,0.0,1.0,153.84268188476562
raw,0.0,1.0,153.9805145263672
raw,0.0,1.0,154.11834716796875
raw,0.0,1.0,154.25619506835938
raw,0.0,1.0,154.39402770996094
raw,0.0,1.0,154.53187561035156
raw,0.0,1.0,154.66970825195312
raw,0.0,1.0,154.8075408935547
raw,0.0,1.0,154.9453887939453
raw,0.0,1.0,155.08322143554688
raw,0.0,1.0,155.22105407714844
raw,0.0,1.0,155.35888671875
raw,0.0,1.0,155.49673461914062
raw,0.0,1.0,155.6345672607422
raw,0.0,1.0,155.77239990234375
raw,0.0,1.0,155.91024780273438
raw,0.0,1.0,156.04808044433594
raw,0.0,1.0,156.1859130859375
raw,0.0,1.0,156.32376098632812
raw,0.0,1.0,156.4615936279297
raw,0.0,1.0,156.59942626953125
raw,0.0,1.0,156.7372589111328
raw,0.0,1.0,156.87510681152344
raw,0.0,1.0,157.012939453125
raw,0.0,1.0,157.15078735351562
raw,0.0,1.0,157.2886199951172
raw,0.0,1.0,157.42645263671875
raw,0.0,1.0,157.56430053710938
raw,0.0,1.0,157.70213317871094
raw,0.0,1.0,157.8399658203125
raw,0.0,1.0,157.97779846191406
raw,0.0,1.0,158.1156463623047
raw,0.0,1.0,158.25347900390625
raw,0.0,1.0,158.39132690429688
raw,0.0,1.0,158.52915954589844
raw,0.0,1.0,158.6669921875
raw,0.0,1.0,158.80482482910156
raw,0.0,1.0,158.9426727294922
raw,0.0,1.0,159.08050537109375
raw,0.0,1.0,159.2183380126953
raw,0.0,1.0,159.35617065429688
raw,0.0,1.0,159.4940185546875
raw,0.0,1.0,159.63186645507812
raw,0.0,1.0,159.7696990966797
raw,0.0,1.0,159.90753173828125
raw,0.0,1.0,160.0453643798828
raw,0.0,1.0,160.18321228027344
raw,0.0,1.0,160.321044921875
raw,0.0,1.0,160.45887756347656
raw,0.0,1.0,160.59671020507812
raw,0.0,1.0,160.73455810546875
raw,0.0,1.0,160.8723907470703
raw,0.0,1.0,161.01023864746094
raw,0.0,1.0,161.1480712890625
raw,0.0,1.0,161.28590393066406
raw,0.0,1.0,161.42373657226562
raw,0.0,1.0,161.56158447265625
raw,0.0,1.0,161.6994171142578
raw,0.0,1.0,161.83724975585938
raw,0.0,1.0,161.97508239746094
raw,0.0,1.0,162.11293029785156
raw,0.0,1.0,162.2507781982422
raw,0.0,1.0,162.38861083984375
raw,0.0,1.0,162.5264434814453
raw,0.0,1.0,162.66427612304688
raw,0.0,1.0,162.8021240234375
raw,0.0,1.0,162.93995666503906
raw,0.0,1.0,163.07778930664062
raw,0.0,1.0,163.2156219482422
raw,0.0,1.0,163.3534698486328
raw,0.0,1.0,163.49131774902344
raw,0.0,1.0,163.629150390625
raw,0.0,1.0,163.76698303222656
raw,0.0,1.0,163.90481567382812
raw,0.0,1.0,164.04266357421875
raw,0.0,1.0,164.1804962158203
raw,0.0,1.0,164.31832885742188
raw,0.0,1.0,164.45616149902344
raw,0.0,1.0,164.59400939941406
raw,0.0,1.0,164.73184204101562
raw,0.0,1.0,164.86968994140625
raw,0.0,1.0,165.0075225830078
raw,0.0,1.0,165.14535522460938
raw,0.0,1.0,165.28318786621094
raw,0.0,1.0,165.42103576660156
raw,0.0,1.0,165.55886840820312
raw,0.0,1.0,165.6967010498047
raw,0.0,1.0,165.83453369140625
raw,0.0,1.0,165.97238159179688
raw,0.0,1.0,166.1102294921875
raw,0.0,1.0,166.24806213378906
raw,0.0,1.0,166.38589477539062
raw,0.0,1.0,166.5237274169922
raw,0.0,1.0,166.6615753173828
raw,0.0,1.0,166.79940795898438
raw,0.0,1.0,166.93724060058594
raw,0.0,1.0,167.0750732421875
raw,0.0,1.0,167.21292114257812
raw,0.0,1.0,167.3507537841797
raw,0.0,1.0,167.4886016845703
raw,0.0,1.0,167.62643432617188
raw,0.0,1.0,167.76426696777344
raw,0.0,1.0,167.902099609375
raw,0.0,1.0,168.03994750976562
raw,0.0,1.0,168.1777801513672
raw,0.0,1.0,168.31561279296875
raw,0.0,1.0,168.4534454345703
raw,0.0,1.0,168.59129333496094
raw,0.0,1.0,168.72914123535156
raw,0.0,1.0,168.86697387695312
raw,0.0,1.0,169.0048065185547
raw,0.0,1.0,169.14263916015625
raw,0.0,1.0,169.28048706054688
raw,0.0,1.0,169.41831970214844
raw,0.0,1.0,169.55615234375
raw,0.0,1.0,169.69398498535156
raw,0.0,1.0,169.8318328857422
raw,0.0,1.0,169.96966552734375
raw,0.0,1.0,170.10751342773438
raw,0.0,1.0,170.24534606933594
raw,0.0,1.0,170.3831787109375
raw,0.0,1.0,170.52101135253906
raw,0.0,1.0,170.6588592529297
raw,0.0,1.0,170.79669189453125
raw,0.0,1.0,170.93453979492188
raw,0.0,1.0,171.07235717773438
raw,0.0,1.0,171.210205078125
raw,0.0,1.0,171.34803771972656
raw,0.0,1.0,171.4858856201172
raw,0.0,1.0,171.6237030029297
raw,0.0,1.0,171.7615509033203
raw,0.0,1.0,171.89939880371094
raw,0.0,1.0,172.0372314453125
raw,0.0,1.0,172.17507934570312
raw,0.0,1.0,172.31289672851562
raw,0.0,1.0,172.45074462890625
raw,0.0,1.0,172.5885772705078
raw,0.0,1.0,172.72642517089844
raw,0.0,1.0,172.86424255371094
raw,0.0,1.0,173.00209045410156
raw,0.0,1.0,173.1399383544922
raw,0.0,1.0,173.27777099609375
raw,0.0,1.0,173.41561889648438
raw,0.0,1.0,173.55343627929688
raw,0.0,1.0,173.6912841796875
raw,0.0,1.0,173.82911682128906
raw,0.0,1.0,173.9669647216797
raw,0.0,1.0,174.1047821044922
raw,0.0,1.0,174.2426300048828
raw,0.0,1.0,174.38047790527344
raw,0.0,1.0,174.518310546875
raw,0.0,1.0,174.65615844726562
raw,0.0,1.0,174.79397583007812
raw,0.0,1.0,174.93182373046875
raw,0.0,1.0,175.0696563720703
raw,0.0,1.0,175.20750427246094
raw,0.0,1.0,175.34532165527344
raw,0.0,1.0,175.48316955566406
raw,0.0,1.0,175.6210174560547
raw,0.0,1.0,175.75885009765625
raw,0.0,1.0,175.8966827392578
raw,0.0,1.0,176.03451538085938
raw,0.0,1.0,176.17236328125
raw,0.0,1.0,176.31019592285156
raw,0.0,1.0,176.44802856445312
raw,0.0,1.0,176.5858612060547
raw,0.0,1.0,176.7237091064453
raw,0.0,1.0,176.86155700683594
raw,0.0,1.0,176.99937438964844
raw,0.0,1.0,177.13722229003906
raw,0.0,1.0,177.27505493164062
raw,0.0,1.0,177.41290283203125
raw,0.0,1.0,177.55072021484375
raw,0.0,1.0,177.68856811523438
raw,0.0,1.0,177.82640075683594
raw,0.0,1.0,177.96424865722656
raw,0.0,1.0,178.1020965576172
raw,0.0,1.0,178.2399139404297
raw,0.0,1.0,178.3777618408203
raw,0.0,1.0,178.51559448242188
raw,0.0,1.0,178.6534423828125
raw,0.0,1.0,178.791259765625
raw,0.0,1.0,178.92910766601562
raw,0.0,1.0,179.0669403076172
raw,0.0,1.0,179.2047882080078
raw,0.0,1.0,179.34263610839844
raw,0.0,1.0,179.48045349121094
raw,0.0,1.0,179.61830139160156
raw,0.0,1.0,179.75613403320312
raw,0.0,1.0,179.89398193359375
raw,0.0,1.0,180.1911163330078
raw,0.0,1.0,180.48826599121094
raw,0.0,1.0,180.78541564941406
raw,0.0,1.0,181.08255004882812
raw,0.0,1.0,181.3797149658203
raw,0.0,1.0,181.67686462402344
raw,0.0,1.0,181.9739990234375
raw,0.0,1.0,182.27114868164062
raw,0.0,1.0,182.5682830810547
raw,0.0,1.0,182.86544799804688
raw,0.0,1.0,183.16259765625
raw,0.0,1.0,183.45973205566406
raw,0.0,1.0,183.7568817138672
raw,0.0,1.0,184.05404663085938
raw,0.0,1.0,184.35118103027344
raw,0.0,1.0,184.64833068847656
raw,0.0,1.0,184.9454803466797
raw,0.0,1.0,185.24261474609375
raw,0.0,1.0,185.53976440429688
raw,0.0,1.0,185.83689880371094
raw,0.0,1.0,186.13406372070312
raw,0.0,1.0,186.43121337890625
raw,0.0,1.0,186.7283477783203
raw,0.0,1.0,187.02549743652344
raw,0.0,1.0,187.32266235351562
raw,0.0,1.0,187.6197967529297
raw,0.0,1.0,187.9169464111328
raw,0.0,1.0,188.21409606933594
raw,0.0,1.0,188.51123046875
raw,0.0,1.0,188.8083953857422
raw,0.0,1.0,189.10552978515625
raw,0.0,1.0,189.40267944335938
raw,0.0,1.0,189.6998291015625
raw,0.0,1.0,189.99696350097656
raw,0.0,1.0,190.29412841796875
raw,0.0,1.0,190.59127807617188
raw,0.0,1.0,190.88841247558594
raw,0.0,1.0,191.18556213378906
raw,0.0,1.0,191.48272705078125
raw,0.0,1.0,191.7798614501953
raw,0.0,1.0,192.07701110839844
raw,0.0,1.0,192.3741455078125
raw,0.0,1.0,192.67129516601562
raw,0.0,1.0,192.9684600830078
raw,0.0,1.0,193.26559448242188
raw,0.0,1.0,193.562744140625
raw,0.0,1.0,193.85989379882812
raw,0.0,1.0,194.1570281982422
raw,0.0,1.0,194.45419311523438
raw,0.0,1.0,194.7513427734375
raw,0.0,1.0,195.04847717285156
raw,0.0,1.0,195.3456268310547
raw,0.0,1.0,195.64276123046875
raw,0.0,1.0,195.93992614746094
raw,0.0,1.0,196.23707580566406
raw,0.0,1.0,196.53421020507812
raw,0.0,1.0,196.83135986328125
raw,0.0,1.0,197.12850952148438
raw,0.0,1.0,197.42564392089844
raw,0.0,1.0,197.72280883789062
raw,0.0,1.0,198.01995849609375
raw,0.0,1.0,198.3170928955078
raw,0.0,1.0,198.61424255371094
raw,0.0,1.0,198.911376953125
raw,0.0,1.0,199.2085418701172
raw,0.0,1.0,199.5056915283203
raw,0.0,1.0,199.80282592773438
raw,0.0,1.0,200.0999755859375
raw,0.0,1.0,200.3971405029297
raw,0.0,1.0,200.69427490234375
raw,0.0,1.0,200.99142456054688
raw,0.0,1.0,201.28857421875
raw,0.0,1.0,201.58570861816406
raw,0.0,1.0,201.88287353515625
raw,0.0,1.0,202.1800079345703
raw,0.0,1.0,202.47715759277344
raw,0.0,1.0,202.77430725097656
raw,0.0,1.0,203.07144165039062
raw,0.0,1.0,203.3686065673828
raw,0.0,1.0,203.66575622558594
raw,0.0,1.0,203.962890625
raw,0.0,1.0,204.26004028320312
raw,0.0,1.0,204.5572052001953
raw,0.0,1.0,204.85433959960938
raw,0.0,1.0,205.1514892578125
raw,0.0,1.0,205.44862365722656
raw,0.0,1.0,205.7457733154297
raw,0.0,1.0,206.04293823242188
raw,0.0,1.0,206.34007263183594
raw,0.0,1.0,206.63722229003906
raw,0.0,1.0,206.9343719482422
raw,0.0,1.0,207.23150634765625
raw,0.0,1.0,207.52865600585938
raw,0.0,1.0,207.82582092285156
raw,0.0,1.0,208.12295532226562
raw,0.0,1.0,208.42010498046875
raw,0.0,1.0,208.7172393798828
raw,0.0,1.0,209.01438903808594
raw,0.0,1.0,209.31155395507812
raw,0.0,1.0,209.6086883544922
raw,0.0,1.0,210.41390991210938
raw,0.0,1.0,211.21910095214844
raw,0.0,1.0,212.02430725097656
raw,0.0,1.0,212.82952880859375
raw,0.0,1.0,213.6347198486328
raw,0.0,1.0,214.43992614746094
raw,0.0,1.0,215.24514770507812
raw,0.0,1.0,216.05035400390625
raw,0.0,1.0,216.8555450439453
raw,0.0,1.0,217.6607666015625
raw,0.0,1.0,218.46597290039062
raw,0.0,1.0,219.2711639404297
raw,0.0,1.0,220.07638549804688
raw,0.0,1.0,220.881591796875
raw,0.0,1.0,221.68678283691406
raw,0.0,1.0,222.49200439453125
raw,0.0,1.0,223.29721069335938
raw,0.0,1.0,224.10240173339844
raw,0.0,1.0,224.90760803222656
raw,0.0,1.0,225.71282958984375
raw,0.0,1.0,226.51803588867188
raw,0.0,1.0,227.32322692871094
raw,0.0,1.0,228.12844848632812
raw,0.0,1.0,228.93365478515625
raw,0.0,1.0,229.7388458251953
raw,0.0,1.0,230.5440673828125
raw,0.0,1.0,231.34927368164062
raw,0.0,1.0,232.1544647216797
raw,0.0,1.0,232.95968627929688
raw,0.0,1.0,233.764892578125
raw,0.0,1.0,234.57009887695312
raw,0.0,1.0,235.37530517578125
raw,0.0,1.0,236.18051147460938
raw,0.0,1.0,236.9857177734375
raw,0.0,1.0,237.7909393310547
raw,0.0,1.0,238.59613037109375
raw,0.0,1.0,239.40133666992188
raw,0.0,1.0,240.20655822753906
raw,0.0,1.0,241.01174926757812
raw,0.0,1.0,241.81695556640625
raw,0.0,1.0,242.62217712402344
raw,0.0,1.0,243.4273681640625
raw,0.0,1.0,244.23257446289062
raw,0.0,1.0,245.03778076171875
raw,0.0,1.0,245.84300231933594
raw,0.0,1.0,246.648193359375
raw,0.0,1.0,247.45339965820312
raw,0.0,1.0,248.2586212158203
raw,0.0,1.0,249.06381225585938
raw,0.0,1.0,249.8690185546875
raw,0.0,1.0,250.6742401123047
raw,0.0,1.0,251.47943115234375
raw,0.0,1.0,252.28463745117188
raw,0.0,1.0,253.08985900878906
raw,0.0,1.0,253.89505004882812
raw,0.0,1.0,254.70025634765625
raw,0.0,1.0,255.50547790527344
raw,0.0,1.0,256.3106689453125
raw,0.0,1.0,257.1158752441406
raw,0.0,1.0,257.92108154296875
raw,0.0,1.0,258.7262878417969
raw,0.0,1.0,259.531494140625
raw,0.0,1.0,260.33673095703125
raw,0.0,1.0,261.14190673828125
raw,0.0,1.0,261.9471130371094
raw,0.0,1.0,262.7523498535156
raw,0.0,1.0,263.5575256347656
raw,0.0,1.0,264.36273193359375
raw,0.0,1.0,265.1679382324219
raw,0.0,1.0,265.9731750488281
raw,0.0,1.0,266.7783508300781
raw,0.0,1.0,267.58355712890625
raw,0.0,1.0,268.3887939453125
raw,0.0,1.0,269.1939697265625
raw,0.0,1.0,269.9991760253906
raw,0.0,1.0,270.8044128417969
raw,0.0,1.0,271.6095886230469
raw,0.0,1.0,272.414794921875
raw,0.0,1.0,273.22003173828125
raw,0.0,1.0,274.0252380371094
raw,0.0,1.0,279.42791748046875
raw,0.0,1.0,284.8305969238281
raw,0.0,1.0,290.2332458496094
raw,0.0,1.0,295.63592529296875
raw,0.0,1.0,301.0386047363281
raw,0.0,1.0,306.4412841796875
raw,0.0,1.0,311.8439636230469
raw,0.0,1.0,317.24664306640625
raw,0.0,1.0,322.6493225097656
raw,0.0,1.0,328.052001953125
raw,0.0,1.0,333.45465087890625
raw,0.0,1.0,338.85736083984375
raw,0.0,1.0,344.260009765625
raw,0.0,1.0,349.6626892089844
raw,0.0,1.0,355.06536865234375
raw,0.0,4.0,0.08327198028564453
raw,0.0,4.0,0.3270854949951172
raw,0.0,4.0,0.5708980560302734
raw,0.0,4.0,0.8147115707397461
raw,0.0,4.0,1.0585241317749023
raw,0.0,4.0,1.302337646484375
raw,0.0,4.0,1.5461506843566895
raw,0.0,4.0,1.7899634838104248
raw,0.0,4.0,2.0337767601013184
raw,0.0,4.0,2.277590036392212
raw,0.0,4.0,2.5214028358459473
raw,0.0,4.0,2.765216112136841
raw,0.0,4.0,3.0090293884277344
raw,0.0,4.0,3.252842426300049
raw,0.0,4.0,3.4966554641723633
raw,0.0,4.0,3.7404685020446777
raw,0.0,4.0,3.984281539916992
raw,0.0,4.0,4.228094577789307
raw,0.0,4.0,4.471907615661621
raw,0.0,4.0,4.7157206535339355
raw,0.0,4.0,4.959534168243408
raw,0.0,4.0,5.203347206115723
raw,0.0,4.0,5.447160243988037
raw,0.0,4.0,5.690973281860352
raw,0.0,4.0,5.934786319732666
raw,0.0,4.0,6.1785993576049805
raw,0.0,4.0,6.422412395477295
raw,0.0,4.0,6.666225910186768
raw,0.0,4.0,6.910038948059082
raw,0.0,4.0,7.1538519859313965
raw,0.0,4.0,7.397665023803711
raw,0.0,4.0,7.641478061676025
raw,0.0,4.0,7.88529109954834
raw,0.0,4.0,8.129104614257812
raw,0.0,4.0,8.372917175292969
raw,0.0,4.0,8.616730690002441
raw,0.0,4.0,8.860544204711914
raw,0.0,4.0,9.10435676574707
raw,0.0,4.0,9.348169326782227
raw,0.0,4.0,9.5919828414917
raw,0.0,4.0,9.835796356201172
raw,0.0,4.0,10.079608917236328
raw,0.0,4.0,10.3234224319458
raw,0.0,4.0,10.567234992980957
raw,0.0,4.0,10.81104850769043
raw,0.0,4.0,11.054861068725586
raw,0.0,4.0,11.298674583435059
raw,0.0,4.0,11.542488098144531
raw,0.0,4.0,11.786300659179688
raw,0.0,4.0,12.03011417388916
raw,0.0,4.0,12.273927688598633
raw,0.0,4.0,12.517740249633789
raw,0.0,4.0,12.761552810668945
raw,0.0,4.0,13.005366325378418
raw,0.0,4.0,13.24917984008789
raw,0.0,4.0,13.492992401123047
raw,0.0,4.0,13.73680591583252
raw,0.0,4.0,13.980618476867676
raw,0.0,4.0,14.224431991577148
raw,0.0,4.0,14.468244552612305
raw,0.0,4.0,14.712058067321777
raw,0.0,4.0,14.95587158203125
raw,0.0,4.0,15.199684143066406
raw,0.0,4.0,15.443496704101562
raw,0.0,4.0,15.687310218811035
raw,0.0,4.0,15.931123733520508
raw,0.0,4.0,16.174938201904297
raw,0.0,4.0,16.41874885559082
raw,0.0,4.0,16.66256332397461
raw,0.0,4.0,16.906375885009766
raw,0.0,4.0,17.150188446044922
raw,0.0,4.0,17.394001007080078
raw,0.0,4.0,17.637815475463867
raw,0.0,4.0,17.881628036499023
raw,0.0,4.0,18.125442504882812
raw,0.0,4.0,18.36925506591797
raw,0.0,4.0,18.613067626953125
raw,0.0,4.0,18.85688018798828
raw,0.0,4.0,19.10069465637207
raw,0.0,4.0,19.344505310058594
raw,0.0,4.0,19.588319778442383
raw,0.0,4.0,19.832134246826172
raw,0.0,4.0,20.075946807861328
raw,0.0,4.0,20.319759368896484
raw,0.0,4.0,20.56357192993164
raw,0.0,4.0,20.807384490966797
raw,0.0,4.0,21.051198959350586
raw,0.0,4.0,21.295013427734375
raw,0.0,4.0,21.5388240814209
raw,0.0,4.0,21.782638549804688
raw,0.0,4.0,22.026451110839844
raw,0.0,4.0,22.270263671875
raw,0.0,4.0,22.51407814025879
raw,0.0,4.0,22.757890701293945
raw,0.0,4.0,23.0017032623291
raw,0.0,4.0,23.245515823364258
raw,0.0,4.0,23.489330291748047
raw,0.0,4.0,23.733142852783203
raw,0.0,4.0,23.97695541381836
raw,0.0,4.0,24.22076988220215
raw,0.0,4.0,24.464582443237305
raw,0.0,4.0,24.70839500427246
raw,0.0,4.0,24.95220947265625
raw,0.0,4.0,25.196020126342773
raw,0.0,4.0,25.439834594726562
raw,0.0,4.0,25.68364715576172
raw,0.0,4.0,25.927459716796875
raw,0.0,4.0,26.171274185180664
raw,0.0,4.0,26.41508674621582
raw,0.0,4.0,26.65890121459961
raw,0.0,4.0,26.902713775634766
raw,0.0,4.0,27.14652442932129
raw,0.0,4.0,27.39034080505371
raw,0.0,4.0,27.634151458740234
raw,0.0,4.0,27.87796401977539
raw,0.0,4.0,28.12177848815918
raw,0.0,4.0,28.365591049194336
raw,0.0,4.0,28.609403610229492
raw,0.0,4.0,28.85321807861328
raw,0.0,4.0,29.097030639648438
raw,0.0,4.0,29.340843200683594
raw,0.0,4.0,29.584657669067383
raw,0.0,4.0,29.82847023010254
raw,0.0,4.0,30.072282791137695
raw,0.0,4.0,30.316097259521484
raw,0.0,4.0,30.55990982055664
raw,0.0,4.0,30.803722381591797
raw,0.0,4.0,31.047536849975586
raw,0.0,4.0,31.291349411010742
raw,0.0,4.0,31.5351619720459
raw,0.0,4.0,31.778976440429688
raw,0.0,4.0,32.022789001464844
raw,0.0,4.0,32.2666015625
raw,0.0,4.0,32.510414123535156
raw,0.0,4.0,32.75422668457031
raw,0.0,4.0,32.99803924560547
raw,0.0,4.0,33.241851806640625
raw,0.0,4.0,33.48566436767578
raw,0.0,4.0,33.72947692871094
raw,0.0,4.0,33.97329330444336
raw,0.0,4.0,34.217105865478516
raw,0.0,4.0,34.46091842651367
raw,0.0,4.0,34.704734802246094
raw,0.0,4.0,34.94854736328125
raw,0.0,4.0,35.192359924316406
raw,0.0,4.0,35.43617248535156
raw,0.0,4.0,35.67998504638672
raw,0.0,4.0,35.923797607421875
raw,0.0,4.0,36.16761016845703
raw,0.0,4.0,36.41142272949219
raw,0.0,4.0,36.655235290527344
raw,0.0,4.0,36.899051666259766
raw,0.0,4.0,37.14286422729492
raw,0.0,4.0,37.38667297363281
raw,0.0,4.0,37.6304931640625
raw,0.0,4.0,37.874305725097656
raw,0.0,4.0,38.11811828613281
raw,0.0,4.0,38.36193084716797
raw,0.0,4.0,38.605743408203125
raw,0.0,4.0,38.84955596923828
raw,0.0,4.0,39.09336853027344
raw,0.0,4.0,39.337181091308594
raw,0.0,4.0,39.58099365234375
raw,0.0,4.0,39.824806213378906
raw,0.0,4.0,40.06861877441406
raw,0.0,4.0,40.31243133544922
raw,0.0,4.0,40.556243896484375
raw,0.0,4.0,40.80005645751953
raw,0.0,4.0,41.04386901855469
raw,0.0,4.0,41.287689208984375
raw,0.0,4.0,41.53150177001953
raw,0.0,4.0,41.77531433105469
raw,0.0,4.0,42.019126892089844
raw,0.0,4.0,42.262939453125
raw,0.0,4.0,42.506752014160156
raw,0.0,4.0,42.75056457519531
raw,0.0,4.0,42.99437713623047
raw,0.0,4.0,43.238189697265625
raw,0.0,4.0,43.48200225830078
raw,0.0,4.0,43.72581481933594
raw,0.0,4.0,43.969627380371094
raw,0.0,4.0,44.21344757080078
raw,0.0,4.0,44.45726013183594
raw,0.0,4.0,44.70106506347656
raw,0.0,4.0,44.94488525390625
raw,0.0,4.0,45.188697814941406
raw,0.0,4.0,45.43251037597656
raw,0.0,4.0,45.67632293701172
raw,0.0,4.0,45.920135498046875
raw,0.0,4.0,46.16394805908203
raw,0.0,4.0,46.40776062011719
raw,0.0,4.0,46.651573181152344
raw,0.0,4.0,46.8953857421875
raw,0.0,4.0,47.139198303222656
raw,0.0,4.0,47.383018493652344
raw,0.0,4.0,47.6268310546875
raw,0.0,4.0,47.870643615722656
raw,0.0,4.0,48.11445617675781
raw,0.0,4.0,48.35826873779297
raw,0.0,4.0,48.602073669433594
raw,0.0,4.0,48.84589385986328
raw,0.0,4.0,49.08970642089844
raw,0.0,4.0,49.333518981933594
raw,0.0,4.0,49.57733154296875
raw,0.0,4.0,49.821144104003906
raw,0.0,4.0,50.06495666503906
raw,0.0,4.0,50.30877685546875
raw,0.0,4.0,50.552581787109375
raw,0.0,4.0,50.79639434814453
raw,0.0,4.0,51.04020690917969
raw,0.0,4.0,51.284019470214844
raw,0.0,4.0,51.52783203125
raw,0.0,4.0,51.77165222167969
raw,0.0,4.0,52.015464782714844
raw,0.0,4.0,52.25927734375
raw,0.0,4.0,52.503089904785156
raw,0.0,4.0,52.74690246582031
raw,0.0,4.0,52.99071502685547
raw,0.0,4.0,53.234527587890625
raw,0.0,4.0,53.47834014892578
raw,0.0,4.0,53.72215270996094
raw,0.0,4.0,53.965965270996094
raw,0.0,4.0,54.20977783203125
raw,0.0,4.0,54.453590393066406
raw,0.0,4.0,54.697410583496094
raw,0.0,4.0,54.94122314453125
raw,0.0,4.0,55.185035705566406
raw,0.0,4.0,55.42884826660156
raw,0.0,4.0,55.67266082763672
raw,0.0,4.0,55.916473388671875
raw,0.0,4.0,56.16028594970703
raw,0.0,4.0,56.40409851074219
raw,0.0,4.0,56.647911071777344
raw,0.0,4.0,56.8917236328125
raw,0.0,4.0,57.135536193847656
raw,0.0,4.0,57.37934875488281
raw,0.0,4.0,57.6231689453125
raw,0.0,4.0,57.866981506347656
raw,0.0,4.0,58.11079406738281
raw,0.0,4.0,58.35460662841797
raw,0.0,4.0,58.598411560058594
raw,0.0,4.0,58.84222412109375
raw,0.0,4.0,59.08604431152344
raw,0.0,4.0,59.329856872558594
raw,0.0,4.0,59.57366943359375
raw,0.0,4.0,59.817481994628906
raw,0.0,4.0,60.06129455566406
raw,0.0,4.0,60.30510711669922
raw,0.0,4.0,60.548919677734375
raw,0.0,4.0,60.79273223876953
raw,0.0,4.0,61.03654479980469
raw,0.0,4.0,61.280357360839844
raw,0.0,4.0,61.524169921875
raw,0.0,4.0,61.767982482910156
raw,0.0,4.0,62.011802673339844
raw,0.0,4.0,62.255615234375
raw,0.0,4.0,62.499427795410156
raw,0.0,4.0,62.74324035644531
raw,0.0,4.0,62.98705291748047
raw,0.0,4.0,63.230865478515625
raw,0.0,4.0,63.47467803955078
raw,0.0,4.0,63.71849060058594
raw,0.0,4.0,63.962303161621094
raw,0.0,4.0,64.20611572265625
raw,0.0,4.0,64.4499282836914
raw,0.0,4.0,64.69374084472656
raw,0.0,4.0,64.93756103515625
raw,0.0,4.0,65.1813735961914
raw,0.0,4.0,65.42518615722656
raw,0.0,4.0,65.66899871826172
raw,0.0,4.0,65.91281127929688
raw,0.0,4.0,66.15662384033203
raw,0.0,4.0,66.40043640136719
raw,0.0,4.0,66.64424896240234
raw,0.0,4.0,66.8880615234375
raw,0.0,4.0,67.13187408447266
raw,0.0,4.0,67.37568664550781
raw,0.0,4.0,67.61949920654297
raw,0.0,4.0,67.86331939697266
raw,0.0,4.0,68.10713195800781
raw,0.0,4.0,68.35094451904297
raw,0.0,4.0,68.59475708007812
raw,0.0,4.0,68.83856201171875
raw,0.0,4.0,69.0823745727539
raw,0.0,4.0,69.3261947631836
raw,0.0,4.0,69.57000732421875
raw,0.0,4.0,69.8138198852539
raw,0.0,4.0,70.05763244628906
raw,0.0,4.0,70.30144500732422
raw,0.0,4.0,70.54525756835938
raw,0.0,4.0,70.78907012939453
raw,0.0,4.0,71.03288269042969
raw,0.0,4.0,71.27669525146484
raw,0.0,4.0,71.5205078125
raw,0.0,4.0,71.76432037353516
raw,0.0,4.0,72.00813293457031
raw,0.0,4.0,72.251953125
raw,0.0,4.0,72.49576568603516
raw,0.0,4.0,72.73957824707031
raw,0.0,4.0,72.98339080810547
raw,0.0,4.0,73.2271957397461
raw,0.0,4.0,73.47100830078125
raw,0.0,4.0,73.71482849121094
raw,0.0,4.0,73.9586410522461
raw,0.0,4.0,74.20245361328125
raw,0.0,4.0,74.4462661743164
raw,0.0,4.0,74.69007873535156
raw,0.0,4.0,74.93389129638672
raw,0.0,4.0,75.17770385742188
raw,0.0,4.0,75.42151641845703
raw,0.0,4.0,75.66532897949219
raw,0.0,4.0,75.90914154052734
raw,0.0,4.0,76.1529541015625
raw,0.0,4.0,76.39676666259766
raw,0.0,4.0,76.64058685302734
raw,0.0,4.0,76.8843994140625
raw,0.0,4.0,77.12821197509766
raw,0.0,4.0,77.37202453613281
raw,0.0,4.0,77.61583709716797
raw,0.0,4.0,77.85964965820312
raw,0.0,4.0,78.10346221923828
raw,0.0,4.0,78.34727478027344
raw,0.0,4.0,78.5910873413086
raw,0.0,4.0,78.83489990234375
raw,0.0,4.0,79.0787124633789
raw,0.0,4.0,79.32252502441406
raw,0.0,4.0,79.56634521484375
raw,0.0,4.0,79.8101577758789
raw,0.0,4.0,80.05397033691406
raw,0.0,4.0,80.29778289794922
raw,0.0,4.0,80.54159545898438
raw,0.0,4.0,80.78540802001953
raw,0.0,4.0,81.02922058105469
raw,0.0,4.0,81.27303314208984
raw,0.0,4.0,81.516845703125
raw,0.0,4.0,81.76065826416016
raw,0.0,4.0,82.00447082519531
raw,0.0,4.0,82.24828338623047
raw,0.0,4.0,82.49210357666016
raw,0.0,4.0,82.73591613769531
raw,0.0,4.0,82.97972869873047
raw,0.0,4.0,83.22354125976562
raw,0.0,4.0,83.46734619140625
raw,0.0,4.0,83.7111587524414
raw,0.0,4.0,83.9549789428711
raw,0.0,4.0,84.19879150390625
raw,0.0,4.0,84.4426040649414
raw,0.0,4.0,84.68641662597656
raw,0.0,4.0,84.93022918701172
raw,0.0,4.0,85.17404174804688
raw,0.0,4.0,85.41785430908203
raw,0.0,4.0,85.66166687011719
raw,0.0,4.0,85.90547943115234
raw,0.0,4.0,86.1492919921875
raw,0.0,4.0,86.39310455322266
raw,0.0,4.0,86.63691711425781
raw,0.0,4.0,86.8807373046875
raw,0.0,4.0,87.12454986572266
raw,0.0,4.0,87.36836242675781
raw,0.0,4.0,87.61217498779297
raw,0.0,4.0,87.85598754882812
raw,0.0,4.0,88.09980010986328
raw,0.0,4.0,88.34361267089844
raw,0.0,4.0,88.5874252319336
raw,0.0,4.0,88.83123779296875
raw,0.0,4.0,89.07505798339844
raw,0.0,4.0,89.31886291503906
raw,0.0,4.0,89.56268310546875
raw,0.0,4.0,89.80648803710938
raw,0.0,4.0,90.05030822753906
raw,0.0,4.0,90.29411315917969
raw,0.0,4.0,90.53793334960938
raw,0.0,4.0,90.78174591064453
raw,0.0,4.0,91.02555847167969
raw,0.0,4.0,91.26937103271484
raw,0.0,4.0,91.51317596435547
raw,0.0,4.0,91.75699615478516
raw,0.0,4.0,92.00081634521484
raw,0.0,4.0,92.24462127685547
raw,0.0,4.0,92.48844146728516
raw,0.0,4.0,92.73224639892578
raw,0.0,4.0,92.97606658935547
raw,0.0,4.0,93.2198715209961
raw,0.0,4.0,93.46368408203125
raw,0.0,4.0,93.70750427246094
raw,0.0,4.0,93.95130920410156
raw,0.0,4.0,94.19512939453125
raw,0.0,4.0,94.43893432617188
raw,0.0,4.0,94.68275451660156
raw,0.0,4.0,94.92657470703125
raw,0.0,4.0,95.17037963867188
raw,0.0,4.0,95.41419219970703
raw,0.0,4.0,95.65800476074219
raw,0.0,4.0,95.90181732177734
raw,0.0,4.0,96.1456298828125
raw,0.0,4.0,96.38944244384766
raw,0.0,4.0,96.63326263427734
raw,0.0,4.0,96.87706756591797
raw,0.0,4.0,97.12088775634766
raw,0.0,4.0,97.36469268798828
raw,0.0,4.0,97.60851287841797
raw,0.0,4.0,97.85232543945312
raw,0.0,4.0,98.09613800048828
raw,0.0,4.0,98.33995056152344
raw,0.0,4.0,98.5837631225586
raw,0.0,4.0,98.82757568359375
raw,0.0,4.0,99.0713882446289
raw,0.0,4.0,99.31520080566406
raw,0.0,4.0,99.55902099609375
raw,0.0,4.0,99.80282592773438
raw,0.0,4.0,100.04664611816406
raw,0.0,4.0,100.29045104980469
raw,0.0,4.0,100.53427124023438
raw,0.0,4.0,100.77808380126953
raw,0.0,4.0,101.02189636230469
raw,0.0,4.0,101.26570892333984
raw,0.0,4.0,101.50951385498047
raw,0.0,4.0,101.75333404541016
raw,0.0,4.0,101.99713897705078
raw,0.0,4.0,102.24095916748047
raw,0.0,4.0,102.48477935791016
raw,0.0,4.0,102.72858428955078
raw,0.0,4.0,102.97240447998047
raw,0.0,4.0,103.2162094116211
raw,0.0,4.0,103.46002197265625
raw,0.0,4.0,103.70384216308594
raw,0.0,4.0,103.94764709472656
raw,0.0,4.0,104.19146728515625
raw,0.0,4.0,104.43527221679688
raw,0.0,4.0,104.67909240722656
raw,0.0,4.0,104.92289733886719
raw,0.0,4.0,105.16671752929688
raw,0.0,4.0,105.41053009033203
raw,0.0,4.0,105.65434265136719
raw,0.0,4.0,105.89815521240234
raw,0.0,4.0,106.1419677734375
raw,0.0,4.0,106.38578033447266
raw,0.0,4.0,106.62960052490234
raw,0.0,4.0,106.87340545654297
raw,0.0,4.0,107.11722564697266
raw,0.0,4.0,107.36103057861328
raw,0.0,4.0,107.60485076904297
raw,0.0,4.0,107.8486557006836
raw,0.0,4.0,108.09247589111328
raw,0.0,4.0,108.33628845214844
raw,0.0,4.0,108.5801010131836
raw,0.0,4.0,108.82391357421875
raw,0.0,4.0,109.0677261352539
raw,0.0,4.0,109.31153869628906
raw,0.0,4.0,109.55535888671875
raw,0.0,4.0,109.79916381835938
raw,0.0,4.0,110.04298400878906
raw,0.0,4.0,110.28678894042969
raw,0.0,4.0,110.53060913085938
raw,0.0,4.0,110.7744140625
raw,0.0,4.0,111.01823425292969
raw,0.0,4.0,111.26204681396484
raw,0.0,4.0,111.50585174560547
raw,0.0,4.0,111.74967193603516
raw,0.0,4.0,111.99347686767578
raw,0.0,4.0,112.23729705810547
raw,0.0,4.0,112.48111724853516
raw,0.0,4.0,112.72492218017578
raw,0.0,4.0,112.96874237060547
raw,0.0,4.0,113.2125473022461
raw,0.0,4.0,113.45635986328125
raw,0.0,4.0,113.7001724243164
raw,0.0,4.0,113.94398498535156
raw,0.0,4.0,114.18780517578125
raw,0.0,4.0,114.43161010742188
raw,0.0,4.0,114.67543029785156
raw,0.0,4.0,114.91923522949219
raw,0.0,4.0,115.16305541992188
raw,0.0,4.0,115.40686798095703
raw,0.0,4.0,115.65068054199219
raw,0.0,4.0,115.89449310302734
raw,0.0,4.0,116.1383056640625
raw,0.0,4.0,116.38211822509766
raw,0.0,4.0,116.62593078613281
raw,0.0,4.0,116.86974334716797
raw,0.0,4.0,117.11356353759766
raw,0.0,4.0,117.35736846923828
raw,0.0,4.0,117.60118865966797
raw,0.0,4.0,117.8449935913086
raw,0.0,4.0,118.08881378173828
raw,0.0,4.0,118.33262634277344
raw,0.0,4.0,118.5764389038086
raw,0.0,4.0,118.82025146484375
raw,0.0,4.0,119.0640640258789
raw,0.0,4.0,119.30787658691406
raw,0.0,4.0,119.55168914794922
raw,0.0,4.0,119.79550170898438
raw,0.0,4.0,120.03932189941406
raw,0.0,4.0,120.28312683105469
raw,0.0,4.0,120.52694702148438
raw,0.0,4.0,120.770751953125
raw,0.0,4.0,121.01457214355469
raw,0.0,4.0,121.25838470458984
raw,0.0,4.0,121.502197265625
raw,0.0,4.0,121.74600982666016
raw,0.0,4.0,121.98981475830078
raw,0.0,4.0,122.23363494873047
raw,0.0,4.0,122.4774398803711
raw,0.0,4.0,122.72126007080078
raw,0.0,4.0,122.96508026123047
raw,0.0,4.0,123.2088851928711
raw,0.0,4.0,123.45270538330078
raw,0.0,4.0,123.6965103149414
raw,0.0,4.0,123.94032287597656
raw,0.0,4.0,124.18414306640625
raw,0.0,4.0,124.42794799804688
raw,0.0,4.0,124.67176818847656
raw,0.0,4.0,124.91557312011719
raw,0.0,4.0,125.15939331054688
raw,0.0,4.0,125.4031982421875
raw,0.0,4.0,125.64701843261719
raw,0.0,4.0,125.89083099365234
raw,0.0,4.0,126.1346435546875
raw,0.0,4.0,126.37845611572266
raw,0.0,4.0,126.62226867675781
raw,0.0,4.0,126.86608123779297
raw,0.0,4.0,127.10990142822266
raw,0.0,4.0,127.35370635986328
raw,0.0,4.0,127.59752655029297
raw,0.0,4.0,127.8413314819336
raw,0.0,4.0,128.0851593017578
raw,0.0,4.0,128.32896423339844
raw,0.0,4.0,128.57278442382812
raw,0.0,4.0,128.81658935546875
raw,0.0,4.0,129.06040954589844
raw,0.0,4.0,129.30421447753906
raw,0.0,4.0,129.54803466796875
raw,0.0,4.0,129.79183959960938
raw,0.0,4.0,130.03565979003906
raw,0.0,4.0,130.2794647216797
raw,0.0,4.0,130.52328491210938
raw,0.0,4.0,130.76708984375
raw,0.0,4.0,131.0109100341797
raw,0.0,4.0,131.2547149658203
raw,0.0,4.0,131.49853515625
raw,0.0,4.0,131.7423553466797
raw,0.0,4.0,131.9861602783203
raw,0.0,4.0,132.22998046875
raw,0.0,4.0,132.47378540039062
raw,0.0,4.0,132.7176055908203
raw,0.0,4.0,132.96142578125
raw,0.0,4.0,133.20523071289062
raw,0.0,4.0,133.4490509033203
raw,0.0,4.0,133.69285583496094
raw,0.0,4.0,133.93667602539062
raw,0.0,4.0,134.18048095703125
raw,0.0,4.0,134.42430114746094
raw,0.0,4.0,134.66810607910156
raw,0.0,4.0,134.91192626953125
raw,0.0,4.0,135.15573120117188
raw,0.0,4.0,135.39955139160156
raw,0.0,4.0,135.6433563232422
raw,0.0,4.0,135.88717651367188
raw,0.0,4.0,136.1309814453125
raw,0.0,4.0,136.3748016357422
raw,0.0,4.0,136.6186065673828
raw,0.0,4.0,136.8624267578125
raw,0.0,4.0,137.10623168945312
raw,0.0,4.0,137.3500518798828
raw,0.0,4.0,137.5938720703125
raw,0.0,4.0,137.83767700195312
raw,0.0,4.0,138.0814971923828
raw,0.0,4.0,138.32530212402344
raw,0.0,4.0,138.56912231445312
raw,0.0,4.0,138.8129425048828
raw,0.0,4.0,139.05674743652344
raw,0.0,4.0,139.30056762695312
raw,0.0,4.0,139.54437255859375
raw,0.0,4.0,139.78819274902344
raw,0.0,4.0,140.03199768066406
raw,0.0,4.0,140.27581787109375
raw,0.0,4.0,140.51962280273438
raw,0.0,4.0,140.763427734375
raw,0.0,4.0,141.0072479248047
raw,0.0,4.0,141.2510528564453
raw,0.0,4.0,141.494873046875
raw,0.0,4.0,141.7386932373047
raw,0.0,4.0,141.9824981689453
raw,0.0,4.0,142.226318359375
raw,0.0,4.0,142.47012329101562
raw,0.0,4.0,142.7139434814453
raw,0.0,4.0,142.95774841308594
raw,0.0,4.0,143.20156860351562
raw,0.0,4.0,143.4453887939453
raw,0.0,4.0,143.68919372558594
raw,0.0,4.0,143.93301391601562
raw,0.0,4.0,144.17681884765625
raw,0.0,4.0,144.42063903808594
raw,0.0,4.0,144.66444396972656
raw,0.0,4.0,144.90826416015625
raw,0.0,4.0,145.15206909179688
raw,0.0,4.0,145.39588928222656
raw,0.0,4.0,145.6396942138672
raw,0.0,4.0,145.88351440429688
raw,0.0,4.0,146.1273193359375
raw,0.0,4.0,146.3711395263672
raw,0.0,4.0,146.6149444580078
raw,0.0,4.0,146.8587646484375
raw,0.0,4.0,147.10256958007812
raw,0.0,4.0,147.3463897705078
raw,0.0,4.0,147.5902099609375
raw,0.0,4.0,147.83401489257812
raw,0.0,4.0,148.0778350830078
raw,0.0,4.0,148.32164001464844
raw,0.0,4.0,148.56546020507812
raw,0.0,4.0,148.80926513671875
raw,0.0,4.0,149.05308532714844
raw,0.0,4.0,149.29690551757812
raw,0.0,4.0,149.54071044921875
raw,0.0,4.0,149.78453063964844
raw,0.0,4.0,150.02833557128906
raw,0.0,4.0,150.27215576171875
raw,0.0,4.0,150.51596069335938
raw,0.0,4.0,150.759765625
raw,0.0,4.0,151.0035858154297
raw,0.0,4.0,151.2473907470703
raw,0.0,4.0,151.4912109375
raw,0.0,4.0,151.73501586914062
raw,0.0,4.0,151.9788360595703
raw,0.0,4.0,152.22265625
raw,0.0,4.0,152.46646118164062
raw,0.0,4.0,152.7102813720703
raw,0.0,4.0,152.95408630371094
raw,0.0,4.0,153.19790649414062
raw,0.0,4.0,153.4417266845703
raw,0.0,4.0,153.68553161621094
raw,0.0,4.0,153.92935180664062
raw,0.0,4.0,154.17315673828125
raw,0.0,4.0,154.41697692871094
raw,0.0,4.0,154.66078186035156
raw,0.0,4.0,154.90460205078125
raw,0.0,4.0,155.14840698242188
raw,0.0,4.0,155.39222717285156
raw,0.0,4.0,155.6360321044922
raw,0.0,4.0,155.87985229492188
raw,0.0,4.0,156.1236572265625
raw,0.0,4.0,156.3674774169922
raw,0.0,4.0,156.6112823486328
raw,0.0,4.0,156.8551025390625
raw,0.0,4.0,157.09890747070312
raw,0.0,4.0,157.3427276611328
raw,0.0,4.0,157.58653259277344
raw,0.0,4.0,157.83035278320312
raw,0.0,4.0,158.0741729736328
raw,0.0,4.0,158.31797790527344
raw,0.0,4.0,158.56179809570312
raw,0.0,4.0,158.80560302734375
raw,0.0,4.0,159.04942321777344
raw,0.0,4.0,159.29324340820312
raw,0.0,4.0,159.53704833984375
raw,0.0,4.0,159.78086853027344
raw,0.0,4.0,160.02467346191406
raw,0.0,4.0,160.26849365234375
raw,0.0,4.0,160.51229858398438
raw,0.0,4.0,160.75611877441406
raw,0.0,4.0,160.9999237060547
raw,0.0,4.0,161.2437286376953
raw,0.0,4.0,161.487548828125
raw,0.0,4.0,161.73135375976562
raw,0.0,4.0,161.9751739501953
raw,0.0,4.0,162.218994140625
raw,0.0,4.0,162.46279907226562
raw,0.0,4.0,162.7066192626953
raw,0.0,4.0,162.95042419433594
raw,0.0,4.0,163.19424438476562
raw,0.0,4.0,163.4380645751953
raw,0.0,4.0,163.68186950683594
raw,0.0,4.0,163.92568969726562
raw,0.0,4.0,164.16949462890625
raw,0.0,4.0,164.41331481933594
raw,0.0,4.0,164.65711975097656
raw,0.0,4.0,164.90093994140625
raw,0.0,4.0,165.14474487304688
raw,0.0,4.0,165.38856506347656
raw,0.0,4.0,165.6323699951172
raw,0.0,4.0,165.87619018554688
raw,0.0,4.0,166.1199951171875
raw,0.0,4.0,166.3638153076172
raw,0.0,4.0,166.6076202392578
raw,0.0,4.0,166.8514404296875
raw,0.0,4.0,167.09524536132812
raw,0.0,4.0,167.3390655517578
raw,0.0,4.0,167.58287048339844
raw,0.0,4.0,167.82669067382812
raw,0.0,4.0,168.0705108642578
raw,0.0,4.0,168.31431579589844
raw,0.0,4.0,168.55813598632812
raw,0.0,4.0,168.80194091796875
raw,0.0,4.0,169.04576110839844
raw,0.0,4.0,169.28958129882812
raw,0.0,4.0,169.53338623046875
raw,0.0,4.0,169.77720642089844
raw,0.0,4.0,170.02101135253906
raw,0.0,4.0,170.26483154296875
raw,0.0,4.0,170.50863647460938
raw,0.0,4.0,170.75245666503906
raw,0.0,4.0,170.9962615966797
raw,0.0,4.0,171.2400665283203
raw,0.0,4.0,171.48388671875
raw,0.0,4.0,171.72769165039062
raw,0.0,4.0,171.9715118408203
raw,0.0,4.0,172.21531677246094
raw,0.0,4.0,172.4591522216797
raw,0.0,4.0,172.7029571533203
raw,0.0,4.0,172.94676208496094
raw,0.0,4.0,173.19056701660156
raw,0.0,4.0,173.4344024658203
raw,0.0,4.0,173.67820739746094
raw,0.0,4.0,173.92201232910156
raw,0.0,4.0,174.1658477783203
raw,0.0,4.0,174.40965270996094
raw,0.0,4.0,174.65345764160156
raw,0.0,4.0,174.8972625732422
raw,0.0,4.0,175.14108276367188
raw,0.0,4.0,175.38490295410156
raw,0.0,4.0,175.6287078857422
raw,0.0,4.0,175.87252807617188
raw,0.0,4.0,176.1163330078125
raw,0.0,4.0,176.3601531982422
raw,0.0,4.0,176.60397338867188
raw,0.0,4.0,176.8477783203125
raw,0.0,4.0,177.09158325195312
raw,0.0,4.0,177.33538818359375
raw,0.0,4.0,177.5792236328125
raw,0.0,4.0,177.82302856445312
raw,0.0,4.0,178.06683349609375
raw,0.0,4.0,178.3106689453125
raw,0.0,4.0,178.55447387695312
raw,0.0,4.0,178.79827880859375
raw,0.0,4.0,179.04208374023438
raw,0.0,4.0,179.28591918945312
raw,0.0,4.0,179.52972412109375
raw,0.0,4.0,179.77352905273438
raw,0.0,4.0,180.01734924316406
raw,0.0,4.0,180.26116943359375
raw,0.0,4.0,180.50497436523438
raw,0.0,4.0,180.748779296875
raw,0.0,4.0,180.9925994873047
raw,0.0,4.0,181.2364044189453
raw,0.0,4.0,181.480224609375
raw,0.0,4.0,181.7240447998047
raw,0.0,4.0,181.9678497314453
raw,0.0,4.0,182.21165466308594
raw,0.0,4.0,182.4554901123047
raw,0.0,4.0,182.6992950439453
raw,0.0,4.0,182.94309997558594
raw,0.0,4.0,183.18690490722656
raw,0.0,4.0,183.4307403564453
raw,0.0,4.0,183.67454528808594
raw,0.0,4.0,183.91835021972656
raw,0.0,4.0,184.1621856689453
raw,0.0,4.0,184.40599060058594
raw,0.0,4.0,184.64979553222656
raw,0.0,4.0,184.8936004638672
raw,0.0,4.0,185.13742065429688
raw,0.0,4.0,185.38124084472656
raw,0.0,4.0,185.6250457763672
raw,0.0,4.0,185.86886596679688
raw,0.0,4.0,186.1126708984375
raw,0.0,4.0,186.3564910888672
raw,0.0,4.0,186.6002960205078
raw,0.0,4.0,186.8441162109375
raw,0.0,4.0,187.08792114257812
raw,0.0,4.0,187.33172607421875
raw,0.0,4.0,187.5755615234375
raw,0.0,4.0,187.81936645507812
raw,0.0,4.0,188.06317138671875
raw,0.0,4.0,188.3070068359375
raw,0.0,4.0,188.55081176757812
raw,0.0,4.0,188.79461669921875
raw,0.0,4.0,189.03842163085938
raw,0.0,4.0,189.28225708007812
raw,0.0,4.0,189.52606201171875
raw,0.0,4.0,189.76986694335938
raw,0.0,4.0,190.01368713378906
raw,0.0,4.0,190.25750732421875
raw,0.0,4.0,190.50131225585938
raw,0.0,4.0,190.7451171875
raw,0.0,4.0,190.9889373779297
raw,0.0,4.0,191.2327423095703
raw,0.0,4.0,191.4765625
raw,0.0,4.0,191.7203826904297
raw,0.0,4.0,191.9641876220703
raw,0.0,4.0,192.20799255371094
raw,0.0,4.0,192.45181274414062
raw,0.0,4.0,192.6956329345703
raw,0.0,4.0,192.93943786621094
raw,0.0,4.0,193.18324279785156
raw,0.0,4.0,193.4270782470703
raw,0.0,4.0,193.67088317871094
raw,0.0,4.0,193.91468811035156
raw,0.0,4.0,194.1585235595703
raw,0.0,4.0,194.40232849121094
raw,0.0,4.0,194.64613342285156
raw,0.0,4.0,194.8899383544922
raw,0.0,4.0,195.13375854492188
raw,0.0,4.0,195.37757873535156
raw,0.0,4.0,195.6213836669922
raw,0.0,4.0,195.86520385742188
raw,0.0,4.0,196.1090087890625
raw,0.0,4.0,196.3528289794922
raw,0.0,4.0,196.5966339111328
raw,0.0,4.0,196.8404541015625
raw,0.0,4.0,197.08425903320312
raw,0.0,4.0,197.32806396484375
raw,0.0,4.0,197.5718994140625
raw,0.0,4.0,197.81570434570312
raw,0.0,4.0,198.05950927734375
raw,0.0,4.0,198.30331420898438
raw,0.0,4.0,198.54714965820312
raw,0.0,4.0,198.79095458984375
raw,0.0,4.0,199.03475952148438
raw,0.0,4.0,199.27859497070312
raw,0.0,4.0,199.52239990234375
raw,0.0,4.0,199.76620483398438
raw,0.0,4.0,200.01002502441406
raw,0.0,4.0,200.25384521484375
raw,0.0,4.0,200.49765014648438
raw,0.0,4.0,200.741455078125
raw,0.0,4.0,200.9852752685547
raw,0.0,4.0,201.2290802001953
raw,0.0,4.0,201.472900390625
raw,0.0,4.0,201.7167205810547
raw,0.0,4.0,201.9605255126953
raw,0.0,4.0,202.20433044433594
raw,0.0,4.0,202.44815063476562
raw,0.0,4.0,202.6919708251953
raw,0.0,4.0,202.93577575683594
raw,0.0,4.0,203.17958068847656
raw,0.0,4.0,203.4234161376953
raw,0.0,4.0,203.66722106933594
raw,0.0,4.0,203.91102600097656
raw,0.0,4.0,204.1548309326172
raw,0.0,4.0,204.39866638183594
raw,0.0,4.0,204.64247131347656
raw,0.0,4.0,204.8862762451172
raw,0.0,4.0,205.13009643554688
raw,0.0,4.0,205.37391662597656
raw,0.0,4.0,205.6177215576172
raw,0.0,4.0,205.86154174804688
raw,0.0,4.0,206.1053466796875
raw,0.0,4.0,206.3491668701172
raw,0.0,4.0,206.5929718017578
raw,0.0,4.0,206.8367919921875
raw,0.0,4.0,207.08059692382812
raw,0.0,4.0,207.32440185546875
raw,0.0,4.0,207.5682373046875
raw,0.0,4.0,207.81204223632812
raw,0.0,4.0,208.05584716796875
raw,0.0,4.0,208.29965209960938
raw,0.0,4.0,208.54348754882812
raw,0.0,4.0,208.78729248046875
raw,0.0,4.0,209.03109741210938
raw,0.0,4.0,209.27493286132812
raw,0.0,4.0,209.51873779296875
raw,0.0,4.0,209.76254272460938
raw,0.0,4.0,210.00634765625
raw,0.0,4.0,210.25018310546875
raw,0.0,4.0,210.49398803710938
raw,0.0,4.0,210.73779296875
raw,0.0,4.0,210.9816131591797
raw,0.0,4.0,211.2254180908203
raw,0.0,4.0,211.46923828125
raw,0.0,4.0,211.7130584716797
raw,0.0,4.0,211.9568634033203
raw,0.0,4.0,212.20066833496094
raw,0.0,4.0,212.44448852539062
raw,0.0,4.0,212.6883087158203
raw,0.0,4.0,212.93211364746094
raw,0.0,4.0,213.17591857910156
raw,0.0,4.0,213.4197540283203
raw,0.0,4.0,213.66355895996094
raw,0.0,4.0,213.90736389160156
raw,0.0,4.0,214.1511688232422
raw,0.0,4.0,214.39500427246094
raw,0.0,4.0,214.63880920410156
raw,0.0,4.0,214.8826141357422
raw,0.0,4.0,215.12643432617188
raw,0.0,4.0,215.37025451660156
raw,0.0,4.0,215.6140594482422
raw,0.0,4.0,215.8578643798828
raw,0.0,4.0,216.1016845703125
raw,0.0,4.0,216.3455047607422
raw,0.0,4.0,216.5893096923828
raw,0.0,4.0,216.8331298828125
raw,0.0,4.0,217.07693481445312
raw,0.0,4.0,217.32073974609375
raw,0.0,4.0,217.5645751953125
raw,0.0,4.0,217.80838012695312
raw,0.0,4.0,218.05218505859375
raw,0.0,4.0,218.29598999023438
raw,0.0,4.0,218.53982543945312
raw,0.0,4.0,218.78363037109375
raw,0.0,4.0,219.02743530273438
raw,0.0,4.0,219.27127075195312
raw,0.0,4.0,219.51507568359375
raw,0.0,4.0,219.75888061523438
raw,0.0,4.0,220.002685546875
raw,0.0,4.0,220.24652099609375
raw,0.0,4.0,220.49032592773438
raw,0.0,4.0,220.734130859375
raw,0.0,4.0,220.9779510498047
raw,0.0,4.0,221.2217559814453
raw,0.0,4.0,221.465576171875
raw,0.0,4.0,221.70938110351562
raw,0.0,4.0,221.9532012939453
raw,0.0,4.0,222.19700622558594
raw,0.0,4.0,222.44082641601562
raw,0.0,4.0,222.6846466064453
raw,0.0,4.0,222.92845153808594
raw,0.0,4.0,223.17225646972656
raw,0.0,4.0,223.4160919189453
raw,0.0,4.0,223.65989685058594
raw,0.0,4.0,223.90370178222656
raw,0.0,4.0,224.1475067138672
raw,0.0,4.0,224.39134216308594
raw,0.0,4.0,224.63514709472656
raw,0.0,4.0,224.8789520263672
raw,0.0,4.0,225.12277221679688
raw,0.0,4.0,225.36659240722656
raw,0.0,4.0,225.6103973388672
raw,0.0,4.0,225.8542022705078
raw,0.0,4.0,226.0980224609375
raw,0.0,4.0,226.3418426513672
raw,0.0,4.0,226.5856475830078
raw,0.0,4.0,226.8294677734375
raw,0.0,4.0,227.07327270507812
raw,0.0,4.0,227.31707763671875
raw,0.0,4.0,227.56089782714844
raw,0.0,4.0,227.80471801757812
raw,0.0,4.0,228.04852294921875
raw,0.0,4.0,228.29232788085938
raw,0.0,4.0,228.53616333007812
raw,0.0,4.0,228.77996826171875
raw,0.0,4.0,229.02377319335938
raw,0.0,4.0,229.26760864257812
raw,0.0,4.0,229.51141357421875
raw,0.0,4.0,229.75521850585938
raw,0.0,4.0,229.9990234375
raw,0.0,4.0,230.24285888671875
raw,0.0,4.0,230.48666381835938
raw,0.0,4.0,230.73046875
raw,0.0,4.0,230.9742889404297
raw,0.0,4.0,231.2180938720703
raw,0.0,4.0,231.4619140625
raw,0.0,4.0,231.70571899414062
raw,0.0,4.0,231.9495391845703
raw,0.0,4.0,232.19334411621094
raw,0.0,4.0,232.43716430664062
raw,0.0,4.0,232.6809844970703
raw,0.0,4.0,232.92478942871094
raw,0.0,4.0,233.16859436035156
raw,0.0,4.0,233.41241455078125
raw,0.0,4.0,233.65623474121094
raw,0.0,4.0,233.90003967285156
raw,0.0,4.0,234.1438446044922
raw,0.0,4.0,234.38768005371094
raw,0.0,4.0,234.63148498535156
raw,0.0,4.0,234.8752899169922
raw,0.0,4.0,235.11911010742188
raw,0.0,4.0,235.36293029785156
raw,0.0,4.0,235.6067352294922
raw,0.0,4.0,235.8505401611328
raw,0.0,4.0,236.0943603515625
raw,0.0,4.0,236.3381805419922
raw,0.0,4.0,236.5819854736328
raw,0.0,4.0,236.8258056640625
raw,0.0,4.0,237.06961059570312
raw,0.0,4.0,237.3134307861328
raw,0.0,4.0,237.55723571777344
raw,0.0,4.0,237.80105590820312
raw,0.0,4.0,238.04486083984375
raw,0.0,4.0,238.28866577148438
raw,0.0,4.0,238.53250122070312
raw,0.0,4.0,238.77630615234375
raw,0.0,4.0,239.02011108398438
raw,0.0,4.0,239.263916015625
raw,0.0,4.0,239.50775146484375
raw,0.0,4.0,239.75155639648438
raw,0.0,4.0,239.995361328125
raw,0.0,4.0,240.23919677734375
raw,0.0,4.0,240.48300170898438
raw,0.0,4.0,240.726806640625
raw,0.0,4.0,240.9706268310547
raw,0.0,4.0,241.21444702148438
raw,0.0,4.0,241.458251953125
raw,0.0,4.0,241.70205688476562
raw,0.0,4.0,241.9458770751953
raw,0.0,4.0,242.18968200683594
raw,0.0,4.0,242.43350219726562
raw,0.0,4.0,242.6773223876953
raw,0.0,4.0,242.92112731933594
raw,0.0,4.0,243.16493225097656
raw,0.0,4.0,243.40875244140625
raw,0.0,4.0,243.65257263183594
raw,0.0,4.0,243.89637756347656
raw,0.0,4.0,244.1401824951172
raw,0.0,4.0,244.38401794433594
raw,0.0,4.0,244.62782287597656
raw,0.0,4.0,244.8716278076172
raw,0.0,4.0,245.1154327392578
raw,0.0,4.0,245.35926818847656
raw,0.0,4.0,245.6030731201172
raw,0.0,4.0,245.8468780517578
raw,0.0,4.0,246.0906982421875
raw,0.0,4.0,246.3345184326172
raw,0.0,4.0,246.5783233642578
raw,0.0,4.0,246.8221435546875
raw,0.0,4.0,247.06594848632812
raw,0.0,4.0,247.3097686767578
raw,0.0,4.0,247.55357360839844
raw,0.0,4.0,247.79739379882812
raw,0.0,4.0,248.04119873046875
raw,0.0,4.0,248.28500366210938
raw,0.0,4.0,248.52883911132812
raw,0.0,4.0,248.77264404296875
raw,0.0,4.0,249.01644897460938
raw,0.0,4.0,249.26025390625
raw,0.0,4.0,249.50408935546875
raw,0.0,4.0,249.74789428710938
raw,0.0,4.0,249.99169921875
raw,0.0,4.0,250.23553466796875
raw,0.0,4.0,250.47933959960938
raw,0.0,4.0,250.72314453125
raw,0.0,4.0,250.96694946289062
raw,0.0,4.0,251.21078491210938
raw,0.0,4.0,251.45458984375
raw,0.0,4.0,251.69839477539062
raw,0.0,4.0,251.9422149658203
raw,0.0,4.0,252.18601989746094
raw,0.0,4.0,252.42984008789062
raw,0.0,4.0,252.6736602783203
raw,0.0,4.0,252.91746520996094
raw,0.0,4.0,253.16127014160156
raw,0.0,4.0,253.40509033203125
raw,0.0,4.0,253.64891052246094
raw,0.0,4.0,253.89271545410156
raw,0.0,4.0,254.1365203857422
raw,0.0,4.0,254.38035583496094
raw,0.0,4.0,254.62416076660156
raw,0.0,4.0,254.8679656982422
raw,0.0,4.0,255.1117706298828
raw,0.0,4.0,255.35560607910156
raw,0.0,4.0,255.5994110107422
raw,0.0,4.0,255.8432159423828
raw,0.0,4.0,256.0870361328125
raw,0.0,4.0,256.3308410644531
raw,0.0,4.0,256.57464599609375
raw,0.0,4.0,256.8184509277344
raw,0.0,4.0,257.0622863769531
raw,0.0,4.0,257.30609130859375
raw,0.0,4.0,257.5498962402344
raw,0.0,4.0,257.7937316894531
raw,0.0,4.0,258.03753662109375
raw,0.0,4.0,258.2813415527344
raw,0.0,4.0,258.5251770019531
raw,0.0,4.0,258.76898193359375
raw,0.0,4.0,259.0127868652344
raw,0.0,4.0,259.256591796875
raw,0.0,4.0,259.50042724609375
raw,0.0,4.0,259.7442321777344
raw,0.0,4.0,259.988037109375
raw,0.0,4.0,260.23187255859375
raw,0.0,4.0,260.4756774902344
raw,0.0,4.0,260.719482421875
raw,0.0,4.0,260.9632873535156
raw,0.0,4.0,261.2071228027344
raw,0.0,4.0,261.450927734375
raw,0.0,4.0,261.6947326660156
raw,0.0,4.0,261.9385681152344
raw,0.0,4.0,262.182373046875
raw,0.0,4.0,262.4261779785156
raw,0.0,4.0,262.66998291015625
raw,0.0,4.0,262.913818359375
raw,0.0,4.0,263.1576232910156
raw,0.0,4.0,263.40142822265625
raw,0.0,4.0,263.6452331542969
raw,0.0,4.0,263.8890686035156
raw,0.0,4.0,264.13287353515625
raw,0.0,4.0,264.3766784667969
raw,0.0,4.0,264.6204833984375
raw,0.0,4.0,264.86431884765625
raw,0.0,4.0,265.1081237792969
raw,0.0,4.0,265.3519287109375
raw,0.0,4.0,265.5957336425781
raw,0.0,4.0,265.83953857421875
raw,0.0,4.0,266.0833740234375
raw,0.0,4.0,266.3271789550781
raw,0.0,4.0,266.57098388671875
raw,0.0,4.0,266.8147888183594
raw,0.0,4.0,267.0586242675781
raw,0.0,4.0,267.30242919921875
raw,0.0,4.0,267.5462341308594
raw,0.0,4.0,267.7900695800781
raw,0.0,4.0,268.03387451171875
raw,0.0,4.0,268.2776794433594
raw,0.0,4.0,268.521484375
raw,0.0,4.0,268.76531982421875
raw,0.0,4.0,269.0091247558594
raw,0.0,4.0,269.2529296875
raw,0.0,4.0,269.49676513671875
raw,0.0,4.0,269.7405700683594
raw,0.0,4.0,269.984375
raw,0.0,4.0,270.22821044921875
raw,0.0,4.0,270.4720153808594
raw,0.0,4.0,270.7158203125
raw,0.0,4.0,270.9596252441406
raw,0.0,4.0,271.2034606933594
raw,0.0,4.0,271.447265625
raw,0.0,4.0,271.6910705566406
raw,0.0,4.0,271.9349060058594
raw,0.0,4.0,272.1787109375
raw,0.0,4.0,272.4225158691406
raw,0.0,4.0,272.66632080078125
raw,0.0,4.0,272.91015625
raw,0.0,4.0,273.1539611816406
raw,0.0,4.0,273.39776611328125
raw,0.0,4.0,273.6415710449219
raw,0.0,4.0,273.8854064941406
raw,0.0,4.0,274.12921142578125
raw,0.0,4.0,274.3730163574219
raw,0.0,4.0,274.6168212890625
raw,0.0,4.0,274.86065673828125
raw,0.0,4.0,275.1044616699219
raw,0.0,4.0,275.3482666015625
raw,0.0,4.0,275.5920715332031
raw,0.0,4.0,275.83587646484375
raw,0.0,4.0,276.0797119140625
raw,0.0,4.0,276.3235168457031
raw,0.0,4.0,276.56732177734375
raw,0.0,4.0,276.8111267089844
raw,0.0,4.0,277.0549621582031
raw,0.0,4.0,277.29876708984375
raw,0.0,4.0,277.5425720214844
raw,0.0,4.0,277.7864074707031
raw,0.0,4.0,278.03021240234375
raw,0.0,4.0,278.2740173339844
raw,0.0,4.0,278.517822265625
raw,0.0,4.0,278.76165771484375
raw,0.0,4.0,279.0054626464844
raw,0.0,4.0,279.249267578125
raw,0.0,4.0,279.49310302734375
raw,0.0,4.0,279.7369079589844
raw,0.0,4.0,279.980712890625
raw,0.0,4.0,280.2245178222656
raw,0.0,4.0,280.4683532714844
raw,0.0,4.0,280.712158203125
raw,0.0,4.0,280.9559631347656
raw,0.0,4.0,281.1997985839844
raw,0.0,4.0,281.443603515625
raw,0.0,4.0,281.6874084472656
raw,0.0,4.0,281.9312438964844
raw,0.0,4.0,282.175048828125
raw,0.0,4.0,282.4188537597656
raw,0.0,4.0,282.66265869140625
raw,0.0,4.0,282.906494140625
raw,0.0,4.0,283.1502990722656
raw,0.0,4.0,283.39410400390625
raw,0.0,4.0,283.6379089355469
raw,0.0,4.0,283.8817443847656
raw,0.0,4.0,284.12554931640625
raw,0.0,4.0,284.3693542480469
raw,0.0,4.0,284.6131591796875
raw,0.0,4.0,284.85699462890625
raw,0.0,4.0,285.1007995605469
raw,0.0,4.0,285.3446044921875
raw,0.0,4.0,285.5884094238281
raw,0.0,4.0,285.83221435546875
raw,0.0,4.0,286.0760498046875
raw,0.0,4.0,286.3198547363281
raw,0.0,4.0,286.56365966796875
raw,0.0,4.0,286.8074645996094
raw,0.0,4.0,287.0513000488281
raw,0.0,4.0,287.29510498046875
raw,0.0,4.0,287.5389099121094
raw,0.0,4.0,287.7827453613281
raw,0.0,4.0,288.02655029296875
raw,0.0,4.0,288.2703552246094
raw,0.0,4.0,288.51416015625
raw,0.0,4.0,288.75799560546875
raw,0.0,4.0,289.0018005371094
raw,0.0,4.0,289.24560546875
raw,0.0,4.0,289.48944091796875
raw,0.0,4.0,289.7332458496094
raw,0.0,4.0,289.97705078125
raw,0.0,4.0,290.2208557128906
raw,0.0,4.0,290.4646911621094
raw,0.0,4.0,290.70849609375
raw,0.0,4.0,290.9523010253906
raw,0.0,4.0,291.1961364746094
raw,0.0,4.0,291.43994140625
raw,0.0,4.0,291.6837463378906
raw,0.0,4.0,291.92755126953125
raw,0.0,4.0,292.17138671875
raw,0.0,4.0,292.4151916503906
raw,0.0,4.0,292.65899658203125
raw,0.0,4.0,292.90283203125
raw,0.0,4.0,293.1466369628906
raw,0.0,4.0,293.39044189453125
raw,0.0,4.0,293.6342468261719
raw,0.0,4.0,293.8780822753906
raw,0.0,4.0,294.12188720703125
raw,0.0,4.0,294.3656921386719
raw,0.0,4.0,294.6094970703125
raw,0.0,4.0,294.85333251953125
raw,0.0,4.0,295.0971374511719
raw,0.0,4.0,295.3409423828125
raw,0.0,4.0,295.5847473144531
raw,0.0,4.0,295.82855224609375
raw,0.0,4.0,296.0723876953125
raw,0.0,4.0,296.3161926269531
raw,0.0,4.0,296.55999755859375
raw,0.0,4.0,296.8038024902344
raw,0.0,4.0,297.0476379394531
raw,0.0,4.0,297.29144287109375
raw,0.0,4.0,297.5352478027344
raw,0.0,4.0,297.779052734375
raw,0.0,4.0,298.02288818359375
raw,0.0,4.0,298.2666931152344
raw,0.0,4.0,298.510498046875
raw,0.0,4.0,298.75433349609375
raw,0.0,4.0,298.9981384277344
raw,0.0,4.0,299.241943359375
raw,0.0,4.0,299.48577880859375
raw,0.0,4.0,299.7295837402344
raw,0.0,4.0,299.973388671875
raw,0.0,4.0,300.2171936035156
raw,0.0,4.0,300.4610290527344
raw,0.0,4.0,300.704833984375
raw,0.0,4.0,300.9486389160156
raw,0.0,4.0,301.1924743652344
raw,0.0,4.0,301.436279296875
raw,0.0,4.0,301.6800842285156
raw,0.0,4.0,301.92388916015625
raw,0.0,4.0,302.167724609375
raw,0.0,4.0,302.4115295410156
raw,0.0,4.0,302.65533447265625
raw,0.0,4.0,302.899169921875
raw,0.0,4.0,303.1429748535156
raw,0.0,4.0,303.38677978515625
raw,0.0,4.0,303.6305847167969
raw,0.0,4.0,303.8744201660156
raw,0.0,4.0,304.11822509765625
raw,0.0,4.0,304.3620300292969
raw,0.0,4.0,304.6058349609375
raw,0.0,4.0,304.84967041015625
raw,0.0,4.0,305.0934753417969
raw,0.0,4.0,305.3372802734375
raw,0.0,4.0,305.5810852050781
raw,0.0,4.0,305.82489013671875
raw,0.0,4.0,306.0687255859375
raw,0.0,4.0,306.3125305175781
raw,0.0,4.0,306.55633544921875
raw,0.0,4.0,306.8001403808594
raw,0.0,4.0,307.0439758300781
raw,0.0,4.0,307.28778076171875
raw,0.0,4.0,307.5315856933594
raw,0.0,4.0,307.775390625
raw,0.0,4.0,308.01922607421875
raw,0.0,4.0,308.2630310058594
raw,0.0,4.0,308.5068359375
raw,0.0,4.0,308.75067138671875
raw,0.0,4.0,308.9944763183594
raw,0.0,4.0,309.23828125
raw,0.0,4.0,309.4820861816406
raw,0.0,4.0,309.7259216308594
raw,0.0,4.0,309.9697265625
raw,0.0,4.0,310.2135314941406
raw,0.0,4.0,310.4573669433594
raw,0.0,4.0,310.701171875
raw,0.0,4.0,310.9449768066406
raw,0.0,4.0,311.1888122558594
raw,0.0,4.0,311.4326171875
raw,0.0,4.0,311.6764221191406
raw,0.0,4.0,311.92022705078125
raw,0.0,4.0,312.1640625
raw,0.0,4.0,312.4078674316406
raw,0.0,4.0,312.65167236328125
raw,0.0,4.0,312.8955078125
raw,0.0,4.0,313.1393127441406
raw,0.0,4.0,313.38311767578125
raw,0.0,4.0,313.6269226074219
raw,0.0,4.0,313.8707580566406
raw,0.0,4.0,314.11456298828125
raw,0.0,4.0,314.3583679199219
raw,0.0,4.0,314.6021728515625
raw,0.0,4.0,314.84600830078125
raw,0.0,4.0,315.0898132324219
raw,0.0,4.0,315.3336181640625
raw,0.0,4.0,315.5774230957031
raw,0.0,4.0,315.8212585449219
raw,0.0,4.0,316.0650634765625
raw,0.0,4.0,316.3088684082031
raw,0.0,4.0,316.55267333984375
raw,0.0,4.0,316.7964782714844
raw,0.0,4.0,317.0403137207031
raw,0.0,4.0,317.28411865234375
raw,0.0,4.0,317.5279235839844
raw,0.0,4.0,317.771728515625
raw,0.0,4.0,318.01556396484375
raw,0.0,4.0,318.2593688964844
raw,0.0,4.0,318.503173828125
raw,0.0,4.0,318.74700927734375
raw,0.0,4.0,318.9908142089844
raw,0.0,4.0,319.234619140625
raw,0.0,4.0,319.4784240722656
raw,0.0,4.0,319.7222595214844
raw,0.0,4.0,319.966064453125
raw,0.0,4.0,320.2098693847656
raw,0.0,4.0,320.4537048339844
raw,0.0,4.0,320.697509765625
raw,0.0,4.0,320.9413146972656
raw,0.0,4.0,321.1851501464844
raw,0.0,4.0,321.428955078125
raw,0.0,4.0,321.6727600097656
raw,0.0,4.0,321.91656494140625
raw,0.0,4.0,322.160400390625
raw,0.0,4.0,322.4042053222656
raw,0.0,4.0,322.64801025390625
raw,0.0,4.0,322.891845703125
raw,0.0,4.0,323.1356506347656
raw,0.0,4.0,323.37945556640625
raw,0.0,4.0,323.6232604980469
raw,0.0,4.0,323.8670959472656
raw,0.0,4.0,324.11090087890625
raw,0.0,4.0,324.3547058105469
raw,0.0,4.0,324.5985107421875
raw,0.0,4.0,324.84234619140625
raw,0.0,4.0,325.0861511230469
raw,0.0,4.0,325.3299560546875
raw,0.0,4.0,325.5737609863281
raw,0.0,4.0,325.8175964355469
raw,0.0,4.0,326.0614013671875
raw,0.0,4.0,326.3052062988281
raw,0.0,4.0,326.54901123046875
raw,0.0,4.0,326.7928161621094
raw,0.0,4.0,327.0366516113281
raw,0.0,4.0,327.28045654296875
raw,0.0,4.0,327.5242614746094
raw,0.0,4.0,327.76806640625
raw,0.0,4.0,328.01190185546875
raw,0.0,4.0,328.2557067871094
raw,0.0,4.0,328.49951171875
raw,0.0,4.0,328.74334716796875
raw,0.0,4.0,328.9871520996094
raw,0.0,4.0,329.23095703125
raw,0.0,4.0,329.4747619628906
raw,0.0,4.0,329.7185974121094
raw,0.0,4.0,329.96240234375
raw,0.0,4.0,330.2062072753906
raw,0.0,4.0,330.4500427246094
raw,0.0,4.0,330.69384765625
raw,0.0,4.0,330.9376525878906
raw,0.0,4.0,331.18145751953125
raw,0.0,4.0,331.42529296875
raw,0.0,4.0,331.6690979003906
raw,0.0,4.0,331.91290283203125
raw,0.0,4.0,332.15673828125
raw,0.0,4.0,332.4005432128906
raw,0.0,4.0,332.64434814453125
raw,0.0,4.0,332.88818359375
raw,0.0,4.0,333.1319885253906
raw,0.0,4.0,333.37579345703125
raw,0.0,4.0,333.6195983886719
raw,0.0,4.0,333.8634338378906
raw,0.0,4.0,334.10723876953125
raw,0.0,4.0,334.3510437011719
raw,0.0,4.0,334.5948486328125
raw,0.0,4.0,334.83868408203125
raw,0.0,4.0,335.0824890136719
raw,0.0,4.0,335.3262939453125
raw,0.0,4.0,335.5700988769531
raw,0.0,4.0,335.8139343261719
raw,0.0,4.0,336.0577392578125
raw,0.0,4.0,336.3015441894531
raw,0.0,4.0,336.54534912109375
raw,0.0,4.0,336.7891540527344
raw,0.0,4.0,337.0329895019531
raw,0.0,4.0,337.27679443359375
raw,0.0,4.0,337.5205993652344
raw,0.0,4.0,337.764404296875
raw,0.0,4.0,338.00823974609375
raw,0.0,4.0,338.2520446777344
raw,0.0,4.0,338.4958801269531
raw,0.0,4.0,338.7396545410156
raw,0.0,4.0,338.9834899902344
raw,0.0,4.0,339.2273254394531
raw,0.0,4.0,339.4710998535156
raw,0.0,4.0,339.7149353027344
raw,0.0,4.0,339.9587097167969
raw,0.0,4.0,340.2025451660156
raw,0.0,4.0,340.4463806152344
raw,0.0,4.0,340.6901550292969
raw,0.0,4.0,340.9339904785156
raw,0.0,4.0,341.1778259277344
raw,0.0,4.0,341.4216003417969
raw,0.0,4.0,341.6654357910156
raw,0.0,4.0,341.9092712402344
raw,0.0,4.0,342.1530456542969
raw,0.0,4.0,342.3968811035156
raw,0.0,4.0,342.6407165527344
raw,0.0,4.0,342.8844909667969
raw,0.0,4.0,343.1283264160156
raw,0.0,4.0,343.37213134765625
raw,0.0,4.0,343.6159362792969
raw,0.0,4.0,343.8597717285156
raw,0.0,4.0,344.1035461425781
raw,0.0,4.0,344.3473815917969
raw,0.0,4.0,344.5911865234375
raw,0.0,4.0,344.8349914550781
raw,0.0,4.0,345.0788269042969
raw,0.0,4.0,345.3226318359375
raw,0.0,4.0,345.5664367675781
raw,0.0,4.0,345.8102722167969
raw,0.0,4.0,346.0540771484375
raw,0.0,4.0,346.2978820800781
raw,0.0,4.0,346.54168701171875
raw,0.0,4.0,346.7855224609375
raw,0.0,4.0,347.0293273925781
raw,0.0,4.0,347.27313232421875
raw,0.0,4.0,347.5169677734375
raw,0.0,4.0,347.7607421875
raw,0.0,4.0,348.00457763671875
raw,0.0,4.0,348.2483825683594
raw,0.0,4.0,348.4921875
raw,0.0,4.0,348.73602294921875
raw,0.0,4.0,348.97979736328125
raw,0.0,4.0,349.2236328125
raw,0.0,4.0,349.46746826171875
raw,0.0,4.0,349.71124267578125
raw,0.0,4.0,349.955078125
raw,0.0,4.0,350.19891357421875
raw,0.0,4.0,350.44268798828125
raw,0.0,4.0,350.6865234375
raw,0.0,4.0,350.93035888671875
raw,0.0,4.0,351.17413330078125
raw,0.0,4.0,351.41796875
raw,0.0,4.0,351.6617431640625
raw,0.0,4.0,351.90557861328125
raw,0.0,4.0,352.1494140625
raw,0.0,4.0,352.3931884765625
raw,0.0,4.0,352.63702392578125
raw,0.0,4.0,352.880859375
raw,0.0,4.0,353.1246337890625
raw,0.0,4.0,353.36846923828125
raw,0.0,4.0,353.6123046875
raw,0.0,4.0,353.8560791015625
raw,0.0,4.0,354.09991455078125
raw,0.0,4.0,354.3437194824219
raw,0.0,4.0,354.5875244140625
raw,0.0,4.0,354.83135986328125
raw,0.0,4.0,355.0751647949219
raw,0.0,4.0,355.3189697265625
raw,0.0,4.0,355.5627746582031
raw,0.0,4.0,355.80657958984375
raw,0.0,4.0,356.0504150390625
raw,0.0,4.0,356.2942199707031
raw,0.0,4.0,356.53802490234375
raw,0.0,4.0,356.7818298339844
raw,0.0,4.0,357.0256652832031
raw,0.0,4.0,357.26947021484375
raw,0.0,4.0,357.5132751464844
raw,0.0,4.0,357.7571105957031
raw,0.0,4.0,358.00091552734375
raw,0.0,4.0,358.2447204589844
raw,0.0,4.0,358.4885559082031
raw,0.0,4.0,358.7323303222656
raw,0.0,4.0,358.9761657714844
raw,0.0,4.0,359.2200012207031
raw,0.0,4.0,359.4637756347656
raw,0.0,4.0,359.7076110839844
raw,0.0,4.0,359.9513854980469
raw,0.0,4.0,360.1952209472656
raw,0.0,4.0,360.4390563964844
raw,0.0,4.0,360.6828308105469
raw,0.0,4.0,360.9266662597656
raw,0.0,4.0,361.1705017089844
raw,0.0,4.0,361.4142761230469
raw,0.0,4.0,361.6581115722656
raw,0.0,4.0,361.9019470214844
raw,0.0,4.0,362.1457214355469
raw,0.0,4.0,362.3895568847656
raw,0.0,4.0,362.6333923339844
raw,0.0,4.0,362.8771667480469
raw,0.0,4.0,363.1210021972656
raw,0.0,4.0,363.3647766113281
raw,0.0,4.0,363.6086120605469
raw,0.0,4.0,363.8524475097656
raw,0.0,4.0,364.0962219238281
raw,0.0,4.0,364.3400573730469
raw,0.0,4.0,364.5838623046875
raw,0.0,4.0,364.8276672363281
raw,0.0,4.0,365.0715026855469
raw,0.0,4.0,365.3153076171875
raw,0.0,4.0,365.5591125488281
raw,0.0,4.0,365.8029479980469
raw,0.0,4.0,366.0467529296875
raw,0.0,4.0,366.2905578613281
raw,0.0,4.0,366.53436279296875
raw,0.0,4.0,366.7781982421875
raw,0.0,4.0,367.0220031738281
raw,0.0,4.0,367.26580810546875
raw,0.0,4.0,367.5096130371094
raw,0.0,4.0,367.75341796875
raw,0.0,4.0,367.99725341796875
raw,0.0,4.0,368.2410583496094
raw,0.0,4.0,368.48486328125
raw,0.0,4.0,368.72869873046875
raw,0.0,4.0,368.97247314453125
raw,0.0,4.0,369.21630859375
raw,0.0,4.0,369.46014404296875
raw,0.0,4.0,369.70391845703125
raw,0.0,4.0,369.94775390625
raw,0.0,4.0,370.19158935546875
raw,0.0,4.0,370.43536376953125
raw,0.0,4.0,370.67919921875
raw,0.0,4.0,370.92303466796875
raw,0.0,4.0,371.16680908203125
raw,0.0,4.0,371.41064453125
raw,0.0,4.0,371.75640869140625
raw,0.0,4.0,372.1021728515625
raw,0.0,4.0,372.44793701171875
raw,0.0,4.0,372.793701171875
raw,0.0,4.0,373.1394958496094
raw,0.0,4.0,373.4852600097656
raw,0.0,4.0,373.8310241699219
raw,0.0,4.0,374.1767883300781
raw,0.0,4.0,374.5225524902344
raw,0.0,4.0,374.86834716796875
raw,0.0,4.0,375.214111328125
raw,0.0,4.0,375.5599060058594
raw,0.0,4.0,375.9056701660156
raw,0.0,4.0,376.2514343261719
raw,0.0,4.0,376.5971984863281
raw,0.0,4.0,376.9429626464844
raw,0.0,4.0,377.2887268066406
raw,0.0,4.0,377.634521484375
raw,0.0,4.0,377.98028564453125
raw,0.0,4.0,378.3260498046875
raw,0.0,4.0,378.6718444824219
raw,0.0,4.0,379.0176086425781
raw,0.0,4.0,379.3633728027344
raw,0.0,4.0,379.7091369628906
raw,0.0,4.0,380.054931640625
raw,0.0,4.0,380.40069580078125
raw,0.0,4.0,380.7464599609375
raw,0.0,4.0,381.09222412109375
raw,0.0,4.0,381.43798828125
raw,0.0,4.0,381.78375244140625
raw,0.0,4.0,382.1295471191406
raw,0.0,4.0,382.475341796875
raw,0.0,4.0,382.82110595703125
raw,0.0,4.0,383.1668701171875
raw,0.0,4.0,383.51263427734375
raw,0.0,4.0,383.8583984375
raw,0.0,4.0,384.20416259765625
raw,0.0,4.0,384.5499572753906
raw,0.0,4.0,384.8957214355469
raw,0.0,4.0,385.2414855957031
raw,0.0,4.0,385.5872497558594
raw,0.0,4.0,385.9330139160156
raw,0.0,4.0,386.2787780761719
raw,0.0,4.0,386.6246032714844
raw,0.0,4.0,386.9703674316406
raw,0.0,4.0,387.3161315917969
raw,0.0,4.0,387.6618957519531
raw,0.0,4.0,388.0076599121094
raw,0.0,4.0,388.3534240722656
raw,0.0,4.0,388.6991882324219
raw,0.0,4.0,389.04498291015625
raw,0.0,4.0,389.3907470703125
raw,0.0,4.0,389.73651123046875
raw,0.0,4.0,390.082275390625
raw,0.0,4.0,390.42803955078125
raw,0.0,4.0,390.7738037109375
raw,0.0,4.0,391.11956787109375
raw,0.0,4.0,391.46539306640625
raw,0.0,4.0,391.8111572265625
raw,0.0,4.0,392.15692138671875
raw,0.0,4.0,392.502685546875
raw,0.0,4.0,392.84844970703125
raw,0.0,4.0,393.1942138671875
raw,0.0,4.0,393.5400085449219
raw,0.0,4.0,393.8857727050781
raw,0.0,4.0,394.2315368652344
raw,0.0,4.0,394.5773010253906
raw,0.0,4.0,394.9230651855469
raw,0.0,4.0,395.2688293457031
raw,0.0,4.0,395.6145935058594
raw,0.0,4.0,395.9604187011719
raw,0.0,4.0,396.3061828613281
raw,0.0,4.0,396.6519470214844
raw,0.0,4.0,396.9977111816406
raw,0.0,4.0,397.3434753417969
raw,0.0,4.0,397.6892395019531
raw,0.0,4.0,398.0350341796875
raw,0.0,4.0,398.38079833984375
raw,0.0,4.0,398.7265625
raw,0.0,4.0,399.07232666015625
raw,0.0,4.0,399.4180908203125
raw,0.0,4.0,399.76385498046875
raw,0.0,4.0,400.109619140625
raw,0.0,4.0,400.4554443359375
raw,0.0,4.0,400.80120849609375
raw,0.0,4.0,401.14697265625
raw,0.0,4.0,401.49273681640625
raw,0.0,4.0,401.8385009765625
raw,0.0,4.0,402.18426513671875
raw,0.0,4.0,402.5300598144531
raw,0.0,4.0,402.8758239746094
raw,0.0,4.0,403.2215881347656
raw,0.0,4.0,403.5673522949219
raw,0.0,4.0,403.9131164550781
raw,0.0,4.0,404.2589111328125
raw,0.0,4.0,404.60467529296875
raw,0.0,4.0,404.9504699707031
raw,0.0,4.0,405.2962341308594
raw,0.0,4.0,405.6419982910156
raw,0.0,4.0,405.9877624511719
raw,0.0,4.0,406.3335266113281
raw,0.0,4.0,406.6792907714844
raw,0.0,4.0,407.0250549316406
raw,0.0,4.0,407.370849609375
raw,0.0,4.0,407.71661376953125
raw,0.0,4.0,408.0623779296875
raw,0.0,4.0,408.4081726074219
raw,0.0,4.0,408.7539367675781
raw,0.0,4.0,409.0997009277344
raw,0.0,4.0,409.44549560546875
raw,0.0,4.0,409.791259765625
raw,0.0,4.0,410.13702392578125
raw,0.0,4.0,410.4827880859375
raw,0.0,4.0,410.82855224609375
raw,0.0,4.0,411.17431640625
raw,0.0,4.0,411.52008056640625
raw,0.0,4.0,411.8658752441406
raw,0.0,4.0,412.211669921875
raw,0.0,4.0,412.55743408203125
raw,0.0,4.0,412.9031982421875
raw,0.0,4.0,413.24896240234375
raw,0.0,4.0,413.5947265625
raw,0.0,4.0,413.9405212402344
raw,0.0,4.0,414.2862854003906
raw,0.0,4.0,414.6320495605469
raw,0.0,4.0,414.9778137207031
raw,0.0,4.0,415.3235778808594
raw,0.0,4.0,415.6693420410156
raw,0.0,4.0,416.0151062011719
raw,0.0,4.0,416.3609313964844
raw,0.0,4.0,416.7066955566406
raw,0.0,4.0,417.0524597167969
raw,0.0,4.0,417.3982238769531
raw,0.0,4.0,417.7439880371094
raw,0.0,4.0,418.0897521972656
raw,0.0,4.0,418.435546875
raw,0.0,4.0,418.78131103515625
raw,0.0,4.0,419.1270751953125
raw,0.0,4.0,419.47283935546875
raw,0.0,4.0,419.818603515625
raw,0.0,4.0,420.16436767578125
raw,0.0,4.0,420.5101318359375
raw,0.0,4.0,420.85595703125
raw,0.0,4.0,421.20172119140625
raw,0.0,4.0,421.5474853515625
raw,0.0,4.0,421.89324951171875
raw,0.0,4.0,422.239013671875
raw,0.0,4.0,422.58477783203125
raw,0.0,4.0,422.9305419921875
raw,0.0,4.0,423.2763366699219
raw,0.0,4.0,423.6221008300781
raw,0.0,4.0,423.9678649902344
raw,0.0,4.0,424.3136291503906
raw,0.0,4.0,424.6593933105469
raw,0.0,4.0,425.0051574707031
raw,0.0,4.0,425.3509826660156
raw,0.0,4.0,425.6967468261719
raw,0.0,4.0,426.0425109863281
raw,0.0,4.0,426.3882751464844
raw,0.0,4.0,426.7340393066406
raw,0.0,4.0,427.0798034667969
raw,0.0,4.0,427.4255676269531
raw,0.0,4.0,427.7713623046875
raw,0.0,4.0,428.11712646484375
raw,0.0,4.0,428.462890625
raw,0.0,4.0,428.80865478515625
raw,0.0,4.0,429.1544189453125
raw,0.0,4.0,429.50018310546875
raw,0.0,4.0,429.84600830078125
raw,0.0,4.0,430.1917724609375
raw,0.0,4.0,430.53753662109375
raw,0.0,4.0,430.88330078125
raw,0.0,4.0,431.22906494140625
raw,0.0,4.0,431.5748291015625
raw,0.0,4.0,431.92059326171875
raw,0.0,4.0,432.2663879394531
raw,0.0,4.0,432.6121520996094
raw,0.0,4.0,432.9579162597656
raw,0.0,4.0,433.3036804199219
raw,0.0,4.0,433.6494445800781
raw,0.0,4.0,433.9952392578125
raw,0.0,4.0,434.3410339355469
raw,0.0,4.0,434.6867980957031
raw,0.0,4.0,435.0325622558594
raw,0.0,4.0,435.3783264160156
raw,0.0,4.0,435.7240905761719
raw,0.0,4.0,436.0698547363281
raw,0.0,4.0,436.4156188964844
raw,0.0,4.0,436.76141357421875
raw,0.0,4.0,437.107177734375
raw,0.0,4.0,437.45294189453125
raw,0.0,4.0,437.7987365722656
raw,0.0,4.0,438.1445007324219
raw,0.0,4.0,438.4902648925781
raw,0.0,4.0,438.8360595703125
raw,0.0,4.0,439.18182373046875
raw,0.0,4.0,439.527587890625
raw,0.0,4.0,439.87335205078125
raw,0.0,4.0,440.2191162109375
raw,0.0,4.0,440.56488037109375
raw,0.0,4.0,440.91064453125
raw,0.0,4.0,441.2564392089844
raw,0.0,4.0,441.60223388671875
raw,0.0,4.0,441.947998046875
raw,0.0,4.0,442.29376220703125
raw,0.0,4.0,442.6395263671875
raw,0.0,4.0,442.98529052734375
raw,0.0,4.0,443.3310546875
raw,0.0,4.0,443.6768493652344
raw,0.0,4.0,444.0226135253906
raw,0.0,4.0,444.3683776855469
raw,0.0,4.0,444.7141418457031
raw,0.0,4.0,445.0599060058594
raw,0.0,4.0,445.4056701660156
raw,0.0,4.0,445.7514953613281
raw,0.0,4.0,446.0972595214844
raw,0.0,4.0,446.4430236816406
raw,0.0,4.0,446.7887878417969
raw,0.0,4.0,447.1345520019531
raw,0.0,4.0,447.4803161621094
raw,0.0,4.0,447.8260803222656
raw,0.0,4.0,448.171875
raw,0.0,4.0,448.51763916015625
raw,0.0,4.0,448.8634033203125
raw,0.0,4.0,449.20916748046875
raw,0.0,4.0,449.554931640625
raw,0.0,4.0,449.90069580078125
raw,0.0,4.0,450.24652099609375
raw,0.0,4.0,450.59228515625
raw,0.0,4.0,450.93804931640625
raw,0.0,4.0,451.2838134765625
raw,0.0,4.0,451.62957763671875
raw,0.0,4.0,451.975341796875
raw,0.0,4.0,452.32110595703125
raw,0.0,4.0,452.6669006347656
raw,0.0,4.0,453.0126647949219
raw,0.0,4.0,453.3584289550781
raw,0.0,4.0,453.7041931152344
raw,0.0,4.0,454.0499572753906
raw,0.0,4.0,454.3957214355469
raw,0.0,4.0,454.7415466308594
raw,0.0,4.0,455.0873107910156
raw,0.0,4.0,455.4330749511719
raw,0.0,4.0,455.7788391113281
raw,0.0,4.0,456.1246032714844
raw,0.0,4.0,456.4703674316406
raw,0.0,4.0,456.8161315917969
raw,0.0,4.0,457.16192626953125
raw,0.0,4.0,457.5076904296875
raw,0.0,4.0,457.85345458984375
raw,0.0,4.0,458.19921875
raw,0.0,4.0,458.54498291015625
raw,0.0,4.0,458.8907470703125
raw,0.0,4.0,459.23651123046875
raw,0.0,4.0,459.58233642578125
raw,0.0,4.0,459.9281005859375
raw,0.0,4.0,460.27386474609375
raw,0.0,4.0,460.61962890625
raw,0.0,4.0,460.96539306640625
raw,0.0,4.0,461.3111572265625
raw,0.0,4.0,461.6569519042969
raw,0.0,4.0,462.0027160644531
raw,0.0,4.0,462.3484802246094
raw,0.0,4.0,462.6942443847656
raw,0.0,4.0,463.0400085449219
raw,0.0,4.0,463.3857727050781
raw,0.0,4.0,463.7315673828125
raw,0.0,4.0,464.0773620605469
raw,0.0,4.0,464.4231262207031
raw,0.0,4.0,464.7688903808594
raw,0.0,4.0,465.1146545410156
raw,0.0,4.0,465.4604187011719
raw,0.0,4.0,465.8061828613281
raw,0.0,4.0,466.1519775390625
raw,0.0,4.0,466.49774169921875
raw,0.0,4.0,466.843505859375
raw,0.0,4.0,467.18927001953125
raw,0.0,4.0,467.5350646972656
raw,0.0,4.0,467.8808288574219
raw,0.0,4.0,468.2265930175781
raw,0.0,4.0,468.5723876953125
raw,0.0,4.0,468.91815185546875
raw,0.0,4.0,469.263916015625
raw,0.0,4.0,469.60968017578125
raw,0.0,4.0,469.9554443359375
raw,0.0,4.0,470.30120849609375
raw,0.0,4.0,470.6470031738281
raw,0.0,4.0,470.9927673339844
raw,0.0,4.0,471.33856201171875
raw,0.0,4.0,471.684326171875
raw,0.0,4.0,472.03009033203125
raw,0.0,4.0,472.3758544921875
raw,0.0,4.0,472.72161865234375
raw,0.0,4.0,473.0674133300781
raw,0.0,4.0,473.4131774902344
raw,0.0,4.0,473.7589416503906
raw,0.0,4.0,474.1047058105469
raw,0.0,4.0,474.4504699707031
raw,0.0,4.0,474.7962341308594
raw,0.0,4.0,475.1419982910156
raw,0.0,4.0,475.4878234863281
raw,0.0,4.0,475.8335876464844
raw,0.0,4.0,476.1793518066406
raw,0.0,4.0,476.5251159667969
raw,0.0,4.0,476.8708801269531
raw,0.0,4.0,477.2166442871094
raw,0.0,4.0,477.56243896484375
raw,0.0,4.0,477.908203125
raw,0.0,4.0,478.25396728515625
raw,0.0,4.0,478.5997314453125
raw,0.0,4.0,478.94549560546875
raw,0.0,4.0,479.291259765625
raw,0.0,4.0,479.63702392578125
raw,0.0,4.0,479.98284912109375
raw,0.0,4.0,480.32861328125
raw,0.0,4.0,480.67437744140625
raw,0.0,4.0,481.0201416015625
raw,0.0,4.0,481.36590576171875
raw,0.0,4.0,481.711669921875
raw,0.0,4.0,482.0574645996094
raw,0.0,4.0,482.4032287597656
raw,0.0,4.0,482.7489929199219
raw,0.0,4.0,483.0947570800781
raw,0.0,4.0,483.4405212402344
raw,0.0,4.0,483.7862854003906
raw,0.0,4.0,484.1320495605469
raw,0.0,4.0,484.4778747558594
raw,0.0,4.0,484.8236389160156
raw,0.0,4.0,485.1694030761719
raw,0.0,4.0,485.5151672363281
raw,0.0,4.0,485.8609313964844
raw,0.0,4.0,486.2066955566406
raw,0.0,4.0,486.552490234375
raw,0.0,4.0,486.89825439453125
raw,0.0,4.0,487.2440185546875
raw,0.0,4.0,487.58978271484375
raw,0.0,4.0,487.935546875
raw,0.0,4.0,488.28131103515625
raw,0.0,4.0,488.6270751953125
raw,0.0,4.0,488.972900390625
raw,0.0,4.0,489.31866455078125
raw,0.0,4.0,489.6644287109375
raw,0.0,4.0,490.01019287109375
raw,0.0,4.0,490.35595703125
raw,0.0,4.0,490.70172119140625
raw,0.0,4.0,491.0475158691406
raw,0.0,4.0,491.3932800292969
raw,0.0,4.0,491.7390441894531
raw,0.0,4.0,492.0848083496094
raw,0.0,4.0,492.4305725097656
raw,0.0,4.0,492.7763366699219
raw,0.0,4.0,493.12213134765625
raw,0.0,4.0,493.4679260253906
raw,0.0,4.0,493.8136901855469
raw,0.0,4.0,494.1594543457031
raw,0.0,4.0,494.5052185058594
raw,0.0,4.0,494.8509826660156
raw,0.0,4.0,495.1967468261719
raw,0.0,4.0,495.5425109863281
raw,0.0,4.0,495.8883056640625
raw,0.0,4.0,496.23406982421875
raw,0.0,4.0,496.579833984375
raw,0.0,4.0,496.9256286621094
raw,0.0,4.0,497.2713928222656
raw,0.0,4.0,497.6171569824219
raw,0.0,4.0,497.96295166015625
raw,0.0,4.0,498.3087158203125
raw,0.0,4.0,498.65447998046875
raw,0.0,4.0,499.000244140625
raw,0.0,4.0,499.34600830078125
raw,0.0,4.0,499.6917724609375
raw,0.0,4.0,500.03753662109375
raw,0.0,4.0,500.3833312988281
raw,0.0,4.0,500.7291259765625
raw,0.0,4.0,501.07489013671875
raw,0.0,4.0,501.420654296875
raw,0.0,4.0,501.76641845703125
raw,0.0,4.0,502.1121826171875
raw,0.0,4.0,502.4579772949219
raw,0.0,4.0,502.8037414550781
raw,0.0,4.0,503.1495056152344
raw,0.0,4.0,503.4952697753906
raw,0.0,4.0,503.8410339355469
raw,0.0,4.0,504.1867980957031
raw,0.0,4.0,504.5325622558594
raw,0.0,4.0,504.8783874511719
raw,0.0,4.0,505.2241516113281
raw,0.0,4.0,505.5699157714844
raw,0.0,4.0,505.9156799316406
raw,0.0,4.0,506.2614440917969
raw,0.0,4.0,506.6072082519531
raw,0.0,4.0,506.9530029296875
raw,0.0,4.0,507.29876708984375
raw,0.0,4.0,507.64453125
raw,0.0,4.0,507.99029541015625
raw,0.0,4.0,508.3360595703125
raw,0.0,4.0,508.68182373046875
raw,0.0,4.0,509.027587890625
raw,0.0,4.0,509.3734130859375
raw,0.0,4.0,509.71917724609375
raw,0.0,4.0,510.06494140625
raw,0.0,4.0,510.41070556640625
raw,0.0,4.0,510.7564697265625
raw,0.0,4.0,511.10223388671875
raw,0.0,4.0,511.447998046875
raw,0.0,4.0,511.7937927246094
raw,0.0,4.0,512.1395263671875
raw,0.0,4.0,512.4852905273438
raw,0.0,4.0,512.8310546875
raw,0.0,4.0,513.1768188476562
raw,0.0,4.0,513.5225830078125
raw,0.0,4.0,513.868408203125
raw,0.0,4.0,514.2141723632812
raw,0.0,4.0,514.5599365234375
raw,0.0,4.0,514.9057006835938
raw,0.0,4.0,515.25146484375
raw,0.0,4.0,515.5972290039062
raw,0.0,4.0,515.9429931640625
raw,0.0,4.0,516.288818359375
raw,0.0,4.0,516.6345825195312
raw,0.0,4.0,516.9803466796875
raw,0.0,4.0,517.3261108398438
raw,0.0,4.0,517.671875
raw,0.0,4.0,518.0176391601562
raw,0.0,4.0,518.3634643554688
raw,0.0,4.0,518.709228515625
raw,0.0,4.0,519.0549926757812
raw,0.0,4.0,519.4007568359375
raw,0.0,4.0,519.7465209960938
raw,0.0,4.0,520.09228515625
raw,0.0,4.0,520.4380493164062
raw,0.0,4.0,520.7838745117188
raw,0.0,4.0,521.129638671875
raw,0.0,4.0,521.4754028320312
raw,0.0,4.0,521.8211669921875
raw,0.0,4.0,522.1669311523438
raw,0.0,4.0,522.5126953125
raw,0.0,4.0,522.8584594726562
raw,0.0,4.0,523.2042236328125
raw,0.0,4.0,523.5499877929688
raw,0.0,4.0,523.895751953125
raw,0.0,4.0,524.2415161132812
raw,0.0,4.0,524.5873413085938
raw,0.0,4.0,524.93310546875
raw,0.0,4.0,525.2788696289062
raw,0.0,4.0,525.6246337890625
raw,0.0,4.0,525.9703979492188
raw,0.0,4.0,526.316162109375
raw,0.0,4.0,526.6619262695312
raw,0.0,4.0,527.0076904296875
raw,0.0,4.0,527.3534545898438
raw,0.0,4.0,527.6992797851562
raw,0.0,4.0,528.0450439453125
raw,0.0,4.0,528.3908081054688
raw,0.0,4.0,528.736572265625
raw,0.0,4.0,529.0823364257812
raw,0.0,4.0,529.4281005859375
raw,0.0,4.0,529.77392578125
raw,0.0,4.0,530.1196899414062
raw,0.0,4.0,530.4654541015625
raw,0.0,4.0,530.8112182617188
raw,0.0,4.0,531.156982421875
raw,0.0,4.0,531.5027465820312
raw,0.0,4.0,531.8485107421875
raw,0.0,4.0,532.1943359375
raw,0.0,4.0,532.5401000976562
raw,0.0,4.0,532.8858642578125
raw,0.0,4.0,533.2316284179688
raw,0.0,4.0,533.577392578125
raw,0.0,4.0,533.9231567382812
raw,0.0,4.0,534.2689208984375
raw,0.0,4.0,534.6146850585938
raw,0.0,4.0,534.96044921875
raw,0.0,4.0,535.3062133789062
raw,0.0,4.0,535.6519775390625
raw,0.0,4.0,535.9977416992188
raw,0.0,4.0,536.343505859375
raw,0.0,4.0,536.6893310546875
raw,0.0,4.0,537.0350952148438
raw,0.0,4.0,537.380859375
raw,0.0,4.0,537.7266235351562
raw,0.0,4.0,538.0723876953125
raw,0.0,4.0,538.4181518554688
raw,0.0,4.0,538.7639770507812
raw,0.0,4.0,539.1097412109375
raw,0.0,4.0,539.4555053710938
raw,0.0,4.0,539.80126953125
raw,0.0,4.0,540.1470336914062
raw,0.0,4.0,540.4927978515625
raw,0.0,4.0,540.8385620117188
raw,0.0,4.0,541.1843872070312
raw,0.0,4.0,541.5301513671875
raw,0.0,4.0,541.8759155273438
raw,0.0,4.0,542.2216796875
raw,0.0,4.0,542.5674438476562
raw,0.0,4.0,542.9132080078125
raw,0.0,4.0,543.2589721679688
raw,0.0,4.0,543.604736328125
raw,0.0,4.0,543.9505004882812
raw,0.0,4.0,544.2962646484375
raw,0.0,4.0,544.84765625
raw,0.0,4.0,545.3989868164062
raw,0.0,4.0,545.9503173828125
raw,0.0,4.0,546.5016479492188
raw,0.0,4.0,547.0530395507812
raw,0.0,4.0,547.6044311523438
raw,0.0,4.0,548.15576171875
raw,0.0,4.0,548.7070922851562
raw,0.0,4.0,549.2584228515625
raw,0.0,4.0,549.809814453125
raw,0.0,4.0,550.3611450195312
raw,0.0,4.0,550.9124755859375
raw,0.0,4.0,551.4638061523438
raw,0.0,4.0,552.0151977539062
raw,0.0,4.0,552.5665283203125
raw,0.0,4.0,553.117919921875
raw,0.0,4.0,553.6692504882812
raw,0.0,4.0,554.2205810546875
raw,0.0,4.0,554.7719116210938
raw,0.0,4.0,555.3233032226562
raw,0.0,4.0,555.8746337890625
raw,0.0,4.0,556.4259643554688
raw,0.0,4.0,556.977294921875
raw,0.0,4.0,557.5286865234375
raw,0.0,4.0,558.080078125
raw,0.0,4.0,558.6314086914062
raw,0.0,4.0,559.1827392578125
raw,0.0,4.0,559.7340698242188
raw,0.0,4.0,560.2854614257812
raw,0.0,4.0,560.8367919921875
raw,0.0,4.0,561.3881225585938
raw,0.0,4.0,561.939453125
raw,0.0,4.0,562.4908447265625
raw,0.0,4.0,563.0421752929688
raw,0.0,4.0,563.5935668945312
raw,0.0,4.0,564.1448974609375
raw,0.0,4.0,564.6962280273438
raw,0.0,4.0,565.24755859375
raw,0.0,4.0,565.7989501953125
raw,0.0,4.0,566.3502807617188
raw,0.0,4.0,566.901611328125
raw,0.0,4.0,567.4530029296875
raw,0.0,4.0,568.0043334960938
raw,0.0,4.0,568.5557250976562
raw,0.0,4.0,569.1070556640625
raw,0.0,4.0,569.6583862304688
raw,0.0,4.0,570.209716796875
raw,0.0,4.0,570.7611083984375
raw,0.0,4.0,571.3124389648438
raw,0.0,4.0,571.86376953125
raw,0.0,4.0,572.4151000976562
raw,0.0,4.0,572.9664916992188
raw,0.0,4.0,573.5178833007812
raw,0.0,4.0,574.0692138671875
raw,0.0,4.0,574.6205444335938
raw,0.0,4.0,575.171875
raw,0.0,4.0,575.7232666015625
raw,0.0,4.0,576.2745971679688
raw,0.0,4.0,576.825927734375
raw,0.0,4.0,577.3772583007812
raw,0.0,4.0,577.9286499023438
raw,0.0,4.0,578.47998046875
raw,0.0,4.0,579.0313720703125
raw,0.0,4.0,579.5827026367188
raw,0.0,4.0,580.134033203125
raw,0.0,4.0,580.6853637695312
raw,0.0,4.0,581.2367553710938
raw,0.0,4.0,581.7880859375
raw,0.0,4.0,582.3394165039062
raw,0.0,4.0,582.8908081054688
raw,0.0,4.0,583.442138671875
raw,0.0,4.0,583.9935302734375
raw,0.0,4.0,584.5448608398438
raw,0.0,4.0,585.09619140625
raw,0.0,4.0,585.6475219726562
raw,0.0,4.0,586.1989135742188
raw,0.0,4.0,586.750244140625
raw,0.0,4.0,587.3015747070312
raw,0.0,4.0,587.8529663085938
raw,0.0,4.0,588.404296875
raw,0.0,4.0,588.9556274414062
raw,0.0,4.0,589.5070190429688
raw,0.0,4.0,590.058349609375
raw,0.0,4.0,590.6096801757812
raw,0.0,4.0,591.1610107421875
raw,0.0,4.0,591.71240234375
raw,0.0,4.0,592.2637329101562
raw,0.0,4.0,592.8150634765625
raw,0.0,4.0,593.366455078125
raw,0.0,4.0,593.9177856445312
raw,0.0,4.0,594.4691772460938
raw,0.0,4.0,595.0205078125
raw,0.0,4.0,595.5718383789062
raw,0.0,4.0,596.1231689453125
raw,0.0,4.0,596.674560546875
raw,0.0,4.0,597.2258911132812
raw,0.0,4.0,597.7772216796875
raw,0.0,4.0,598.32861328125
raw,0.0,4.0,598.8799438476562
raw,0.0,4.0,599.4312744140625
raw,0.0,4.0,599.982666015625
raw,0.0,4.0,600.5339965820312
raw,0.0,4.0,601.0853271484375
raw,0.0,4.0,601.6366577148438
raw,0.0,4.0,602.1880493164062
raw,0.0,4.0,602.7393798828125
raw,0.0,4.0,603.290771484375
raw,0.0,4.0,603.8421020507812
raw,0.0,4.0,604.3934326171875
raw,0.0,4.0,604.94482421875
raw,0.0,4.0,605.4961547851562
raw,0.0,4.0,606.0474853515625
raw,0.0,4.0,606.5988159179688
raw,0.0,4.0,607.1502075195312
raw,0.0,4.0,607.7015380859375
raw,0.0,4.0,608.2529296875
raw,0.0,4.0,608.8042602539062
raw,0.0,4.0,609.3555908203125
raw,0.0,4.0,609.906982421875
raw,0.0,4.0,610.4583129882812
raw,0.0,4.0,611.0096435546875
raw,0.0,4.0,611.5609741210938
raw,0.0,4.0,612.1123657226562
raw,0.0,4.0,612.6636962890625
raw,0.0,4.0,613.2150268554688
raw,0.0,4.0,613.7664184570312
raw,0.0,4.0,614.3177490234375
raw,0.0,4.0,614.8690795898438
raw,0.0,4.0,615.4204711914062
raw,0.0,4.0,615.9718017578125
raw,0.0,4.0,616.5231323242188
raw,0.0,4.0,617.074462890625
raw,0.0,4.0,617.6258544921875
raw,0.0,4.0,618.1771850585938
raw,0.0,4.0,618.7285766601562
raw,0.0,4.0,619.2799072265625
raw,0.0,4.0,619.8312377929688
raw,0.0,4.0,620.3826293945312
raw,0.0,4.0,620.9339599609375
raw,0.0,4.0,621.4852905273438
raw,0.0,4.0,622.03662109375
raw,0.0,4.0,622.5880126953125
raw,0.0,4.0,623.1393432617188
raw,0.0,4.0,623.6907348632812
raw,0.0,4.0,624.2420654296875
raw,0.0,4.0,624.7933959960938
raw,0.0,4.0,625.3447265625
raw,0.0,4.0,625.8961181640625
raw,0.0,4.0,626.4474487304688
raw,0.0,4.0,626.998779296875
raw,0.0,4.0,627.5501098632812
raw,0.0,4.0,628.1015014648438
raw,0.0,4.0,628.6528930664062
raw,0.0,4.0,629.2042236328125
raw,0.0,4.0,629.7555541992188
raw,0.0,4.0,630.306884765625
raw,0.0,4.0,630.8582763671875
raw,0.0,4.0,631.4096069335938
raw,0.0,4.0,631.9609375
raw,0.0,4.0,632.5122680664062
raw,0.0,4.0,633.0636596679688
raw,0.0,4.0,633.614990234375
raw,0.0,4.0,634.1663818359375
raw,0.0,4.0,634.7177124023438
raw,0.0,4.0,635.26904296875
raw,0.0,4.0,635.8203735351562
raw,0.0,4.0,636.3717651367188
raw,0.0,4.0,636.923095703125
raw,0.0,4.0,637.4744262695312
raw,0.0,4.0,638.0257568359375
raw,0.0,4.0,638.5771484375
raw,0.0,4.0,639.1285400390625
raw,0.0,4.0,639.6798706054688
raw,0.0,4.0,640.231201171875
raw,0.0,4.0,640.7825317382812
raw,0.0,4.0,641.3339233398438
raw,0.0,4.0,641.88525390625
raw,0.0,4.0,642.4365844726562
raw,0.0,4.0,642.9879150390625
raw,0.0,4.0,643.539306640625
raw,0.0,4.0,644.0906982421875
raw,0.0,4.0,644.6420288085938
raw,0.0,4.0,645.193359375
raw,0.0,4.0,645.7446899414062
raw,0.0,4.0,646.2960815429688
raw,0.0,4.0,646.847412109375
raw,0.0,4.0,647.3987426757812
raw,0.0,4.0,647.9500732421875
raw,0.0,4.0,648.50146484375
raw,0.0,4.0,649.0527954101562
raw,0.0,4.0,649.6041870117188
raw,0.0,4.0,650.155517578125
raw,0.0,4.0,650.7068481445312
raw,0.0,4.0,651.2581787109375
raw,0.0,4.0,651.8095703125
raw,0.0,4.0,652.3609008789062
raw,0.0,4.0,652.9122314453125
raw,0.0,4.0,653.4635620117188
raw,0.0,4.0,654.0149536132812
raw,0.0,4.0,654.5663452148438
raw,0.0,4.0,655.11767578125
raw,0.0,4.0,655.6690063476562
raw,0.0,4.0,656.2203369140625
raw,0.0,4.0,656.771728515625
raw,0.0,4.0,657.3230590820312
raw,0.0,4.0,657.8743896484375
raw,0.0,4.0,658.4257202148438
raw,0.0,4.0,658.9771118164062
raw,0.0,4.0,659.5284423828125
raw,0.0,4.0,660.079833984375
raw,0.0,4.0,660.6311645507812
raw,0.0,4.0,661.1824951171875
raw,0.0,4.0,661.7338256835938
raw,0.0,4.0,662.2852172851562
raw,0.0,20.0,0.9819974899291992
raw,0.0,20.0,2.2010631561279297
raw,0.0,20.0,3.4201278686523438
raw,0.0,20.0,4.639193534851074
raw,0.0,20.0,5.858259201049805
raw,0.0,20.0,7.077324867248535
raw,0.0,20.0,8.296390533447266
raw,0.0,20.0,9.51545524597168
raw,0.0,20.0,10.73452091217041
raw,0.0,20.0,11.95358657836914
raw,0.0,20.0,13.172652244567871
raw,0.0,20.0,14.391717910766602
raw,0.0,20.0,15.610783576965332
raw,0.0,20.0,16.829849243164062
raw,0.0,20.0,18.048913955688477
raw,0.0,20.0,19.26797866821289
raw,0.0,20.0,20.487045288085938
raw,0.0,20.0,21.706111907958984
raw,0.0,20.0,22.9251766204834
raw,0.0,20.0,24.144241333007812
raw,0.0,20.0,25.36330795288086
raw,0.0,20.0,26.582372665405273
raw,0.0,20.0,27.801437377929688
raw,0.0,20.0,29.020503997802734
raw,0.0,20.0,30.23957061767578
raw,0.0,20.0,31.458633422851562
raw,0.0,20.0,32.67770004272461
raw,0.0,20.0,33.896766662597656
raw,0.0,20.0,35.11582946777344
raw,0.0,20.0,36.334896087646484
raw,0.0,20.0,37.55396270751953
raw,0.0,20.0,38.77302932739258
raw,0.0,20.0,39.99209213256836
raw,0.0,20.0,41.211158752441406
raw,0.0,20.0,42.43022537231445
raw,0.0,20.0,43.649288177490234
raw,0.0,20.0,44.86835479736328
raw,0.0,20.0,46.08742141723633
raw,0.0,20.0,47.306488037109375
raw,0.0,20.0,48.52555465698242
raw,0.0,20.0,49.7446174621582
raw,0.0,20.0,50.96368408203125
raw,0.0,20.0,52.1827507019043
raw,0.0,20.0,53.40181350708008
raw,0.0,20.0,54.620880126953125
raw,0.0,20.0,55.83994674682617
raw,0.0,20.0,57.05900955200195
raw,0.0,20.0,58.278076171875
raw,0.0,20.0,59.49714279174805
raw,0.0,20.0,60.716209411621094
raw,0.0,20.0,61.935272216796875
raw,0.0,20.0,63.15433883666992
raw,0.0,20.0,64.37340545654297
raw,0.0,20.0,65.59246826171875
raw,0.0,20.0,66.81153106689453
raw,0.0,20.0,68.03060150146484
raw,0.0,20.0,69.24966430664062
raw,0.0,20.0,70.4687271118164
raw,0.0,20.0,71.68779754638672
raw,0.0,20.0,72.9068603515625
raw,0.0,20.0,74.12592315673828
raw,0.0,20.0,75.3449935913086
raw,0.0,20.0,76.56405639648438
raw,0.0,20.0,77.78311920166016
raw,0.0,20.0,79.00218963623047
raw,0.0,20.0,80.22126007080078
raw,0.0,20.0,81.44032287597656
raw,0.0,20.0,82.65938568115234
raw,0.0,20.0,83.87845611572266
raw,0.0,20.0,85.09751892089844
raw,0.0,20.0,86.31658172607422
raw,0.0,20.0,87.53565216064453
raw,0.0,20.0,88.75471496582031
raw,0.0,20.0,89.9737777709961
raw,0.0,20.0,91.1928482055664
raw,0.0,20.0,92.41191101074219
raw,0.0,20.0,93.63097381591797
raw,0.0,20.0,94.85004425048828
raw,0.0,20.0,96.06910705566406
raw,0.0,20.0,97.28816986083984
raw,0.0,20.0,98.50724029541016
raw,0.0,20.0,99.72630310058594
raw,0.0,20.0,100.94536590576172
raw,0.0,20.0,102.16443634033203
raw,0.0,20.0,103.38349914550781
raw,0.0,20.0,104.60256958007812
raw,0.0,20.0,105.8216323852539
raw,0.0,20.0,107.04069519042969
raw,0.0,20.0,108.259765625
raw,0.0,20.0,109.47882843017578
raw,0.0,20.0,110.69789123535156
raw,0.0,20.0,111.91696166992188
raw,0.0,20.0,113.13602447509766
raw,0.0,20.0,114.35508728027344
raw,0.0,20.0,115.57415771484375
raw,0.0,20.0,116.79322052001953
raw,0.0,20.0,118.01229095458984
raw,0.0,20.0,119.23135375976562
raw,0.0,20.0,120.4504165649414
raw,0.0,20.0,121.66948699951172
raw,0.0,20.0,122.8885498046875
raw,0.0,20.0,124.10761260986328
raw,0.0,20.0,125.3266830444336
raw,0.0,20.0,126.54574584960938
raw,0.0,20.0,127.76480865478516
raw,0.0,20.0,128.98387145996094
raw,0.0,20.0,130.20294189453125
raw,0.0,20.0,131.4219970703125
raw,0.0,20.0,132.6410675048828
raw,0.0,20.0,133.86013793945312
raw,0.0,20.0,135.07919311523438
raw,0.0,20.0,136.2982635498047
raw,0.0,20.0,137.517333984375
raw,0.0,20.0,138.73638916015625
raw,0.0,20.0,139.95545959472656
raw,0.0,20.0,141.17453002929688
raw,0.0,20.0,142.39358520507812
raw,0.0,20.0,143.6126708984375
raw,0.0,20.0,144.83172607421875
raw,0.0,20.0,146.05079650878906
raw,0.0,20.0,147.26986694335938
raw,0.0,20.0,148.48892211914062
raw,0.0,20.0,149.70799255371094
raw,0.0,20.0,150.92706298828125
raw,0.0,20.0,152.1461181640625
raw,0.0,20.0,153.3651885986328
raw,0.0,20.0,154.58425903320312
raw,0.0,20.0,155.80331420898438
raw,0.0,20.0,157.0223846435547
raw,0.0,20.0,158.241455078125
raw,0.0,20.0,159.46051025390625
raw,0.0,20.0,160.67958068847656
raw,0.0,20.0,161.89865112304688
raw,0.0,20.0,163.11770629882812
raw,0.0,20.0,164.33677673339844
raw,0.0,20.0,165.55584716796875
raw,0.0,20.0,166.77490234375
raw,0.0,20.0,167.9939727783203
raw,0.0,20.0,169.21304321289062
raw,0.0,20.0,170.43209838867188
raw,0.0,20.0,171.6511688232422
raw,0.0,20.0,172.8702392578125
raw,0.0,20.0,174.08929443359375
raw,0.0,20.0,175.30836486816406
raw,0.0,20.0,176.52743530273438
raw,0.0,20.0,177.74649047851562
raw,0.0,20.0,178.96556091308594
raw,0.0,20.0,180.18463134765625
raw,0.0,20.0,181.4036865234375
raw,0.0,20.0,182.6227569580078
raw,0.0,20.0,183.84182739257812
raw,0.0,20.0,185.06088256835938
raw,0.0,20.0,186.2799530029297
raw,0.0,20.0,187.4990234375
raw,0.0,20.0,188.71807861328125
raw,0.0,20.0,189.93714904785156
raw,0.0,20.0,191.15621948242188
raw,0.0,20.0,192.3752899169922
raw,0.0,20.0,193.59434509277344
raw,0.0,20.0,194.81341552734375
raw,0.0,20.0,196.03248596191406
raw,0.0,20.0,197.2515411376953
raw,0.0,20.0,198.47061157226562
raw,0.0,20.0,199.68968200683594
raw,0.0,20.0,200.9087371826172
raw,0.0,20.0,202.1278076171875
raw,0.0,20.0,203.3468780517578
raw,0.0,20.0,204.56593322753906
raw,0.0,20.0,205.78500366210938
raw,0.0,20.0,207.0040740966797
raw,0.0,20.0,208.22312927246094
raw,0.0,20.0,209.44219970703125
raw,0.0,20.0,210.66127014160156
raw,0.0,20.0,211.8803253173828
raw,0.0,20.0,213.09939575195312
raw,0.0,20.0,214.31846618652344
raw,0.0,20.0,215.5375213623047
raw,0.0,20.0,216.756591796875
raw,0.0,20.0,217.9756622314453
raw,0.0,20.0,219.19471740722656
raw,0.0,20.0,220.41378784179688
raw,0.0,20.0,221.63287353515625
raw,0.0,20.0,222.8519287109375
raw,0.0,20.0,224.07098388671875
raw,0.0,20.0,225.29005432128906
raw,0.0,20.0,226.5091094970703
raw,0.0,20.0,227.72817993164062
raw,0.0,20.0,228.947265625
raw,0.0,20.0,230.16632080078125
raw,0.0,20.0,231.3853759765625
raw,0.0,20.0,232.6044464111328
raw,0.0,20.0,233.82350158691406
raw,0.0,20.0,235.04257202148438
raw,0.0,20.0,236.26165771484375
raw,0.0,20.0,237.480712890625
raw,0.0,20.0,238.69976806640625
raw,0.0,20.0,239.91883850097656
raw,0.0,20.0,241.1378936767578
raw,0.0,20.0,242.35696411132812
raw,0.0,20.0,243.5760498046875
raw,0.0,20.0,244.79510498046875
raw,0.0,20.0,246.01417541503906
raw,0.0,20.0,247.2332305908203
raw,0.0,20.0,248.45228576660156
raw,0.0,20.0,249.67135620117188
raw,0.0,20.0,250.89044189453125
raw,0.0,20.0,252.1094970703125
raw,0.0,20.0,253.3285675048828
raw,0.0,20.0,254.54762268066406
raw,0.0,20.0,255.7666778564453
raw,0.0,20.0,256.9857482910156
raw,0.0,20.0,258.204833984375
raw,0.0,20.0,259.42388916015625
raw,0.0,20.0,260.6429443359375
raw,0.0,20.0,261.86199951171875
raw,0.0,20.0,263.0810546875
raw,0.0,20.0,264.3001403808594
raw,0.0,20.0,265.51922607421875
raw,0.0,20.0,266.73828125
raw,0.0,20.0,267.95733642578125
raw,0.0,20.0,269.1763916015625
raw,0.0,20.0,270.39544677734375
raw,0.0,20.0,271.614501953125
raw,0.0,20.0,272.8335876464844
raw,0.0,20.0,274.05267333984375
raw,0.0,20.0,275.271728515625
raw,0.0,20.0,276.49078369140625
raw,0.0,20.0,277.7098388671875
raw,0.0,20.0,278.9289245605469
raw,0.0,20.0,280.14801025390625
raw,0.0,20.0,281.3670654296875
raw,0.0,20.0,282.58612060546875
raw,0.0,20.0,283.80517578125
raw,0.0,20.0,285.02423095703125
raw,0.0,20.0,286.2433166503906
raw,0.0,20.0,287.46240234375
raw,0.0,20.0,288.68145751953125
raw,0.0,20.0,289.9005126953125
raw,0.0,20.0,291.11956787109375
raw,0.0,20.0,292.338623046875
raw,0.0,20.0,293.5577087402344
raw,0.0,20.0,294.77679443359375
raw,0.0,20.0,295.995849609375
raw,0.0,20.0,297.21490478515625
raw,0.0,20.0,298.4339599609375
raw,0.0,20.0,299.65301513671875
raw,0.0,20.0,300.8721008300781
raw,0.0,20.0,302.0911865234375
raw,0.0,20.0,303.31024169921875
raw,0.0,20.0,304.529296875
raw,0.0,20.0,305.74835205078125
raw,0.0,20.0,306.9674072265625
raw,0.0,20.0,308.1864929199219
raw,0.0,20.0,309.40557861328125
raw,0.0,20.0,310.6246337890625
raw,0.0,20.0,311.84368896484375
raw,0.0,20.0,313.062744140625
raw,0.0,20.0,314.28179931640625
raw,0.0,20.0,315.5008850097656
raw,0.0,20.0,316.719970703125
raw,0.0,20.0,317.93902587890625
raw,0.0,20.0,319.1580810546875
raw,0.0,20.0,320.37713623046875
raw,0.0,20.0,321.59619140625
raw,0.0,20.0,322.8152770996094
raw,0.0,20.0,324.03436279296875
raw,0.0,20.0,325.25341796875
raw,0.0,20.0,326.47247314453125
raw,0.0,20.0,327.6915283203125
raw,0.0,20.0,328.9106140136719
raw,0.0,20.0,330.1296691894531
raw,0.0,20.0,331.3487548828125
raw,0.0,20.0,332.56781005859375
raw,0.0,20.0,333.786865234375
raw,0.0,20.0,335.00592041015625
raw,0.0,20.0,336.2250061035156
raw,0.0,20.0,337.4440612792969
raw,0.0,20.0,338.66314697265625
raw,0.0,20.0,339.8822021484375
raw,0.0,20.0,341.10125732421875
raw,0.0,20.0,342.3203125
raw,0.0,20.0,343.5393981933594
raw,0.0,20.0,344.7584533691406
raw,0.0,20.0,345.9775390625
raw,0.0,20.0,347.19659423828125
raw,0.0,20.0,348.4156494140625
raw,0.0,20.0,349.63470458984375
raw,0.0,20.0,350.8537902832031
raw,0.0,20.0,352.0728454589844
raw,0.0,20.0,353.29193115234375
raw,0.0,20.0,354.510986328125
raw,0.0,20.0,355.73004150390625
raw,0.0,20.0,356.9490966796875
raw,0.0,20.0,358.1681823730469
raw,0.0,20.0,359.3872375488281
raw,0.0,20.0,360.6063232421875
raw,0.0,20.0,361.82537841796875
raw,0.0,20.0,363.04443359375
raw,0.0,20.0,364.26348876953125
raw,0.0,20.0,365.4825744628906
raw,0.0,20.0,366.7016296386719
raw,0.0,20.0,367.92071533203125
raw,0.0,20.0,369.1397705078125
raw,0.0,20.0,370.35882568359375
raw,0.0,20.0,371.5779113769531
raw,0.0,20.0,372.7969665527344
raw,0.0,20.0,374.0160217285156
raw,0.0,20.0,375.235107421875
raw,0.0,20.0,376.45416259765625
raw,0.0,20.0,377.6732177734375
raw,0.0,20.0,378.8923034667969
raw,0.0,20.0,380.1113586425781
raw,0.0,20.0,381.3304138183594
raw,0.0,20.0,382.54949951171875
raw,0.0,20.0,383.7685546875
raw,0.0,20.0,384.98760986328125
raw,0.0,20.0,386.2066955566406
raw,0.0,20.0,387.4257507324219
raw,0.0,20.0,388.6448059082031
raw,0.0,20.0,389.8638916015625
raw,0.0,20.0,391.08294677734375
raw,0.0,20.0,392.302001953125
raw,0.0,20.0,393.5210876464844
raw,0.0,20.0,394.7401428222656
raw,0.0,20.0,395.9591979980469
raw,0.0,20.0,397.17828369140625
raw,0.0,20.0,398.3973388671875
raw,0.0,20.0,399.61639404296875
raw,0.0,20.0,400.8354797363281
raw,0.0,20.0,402.0545349121094
raw,0.0,20.0,403.2735900878906
raw,0.0,20.0,404.49267578125
raw,0.0,20.0,405.71173095703125
raw,0.0,20.0,406.9307861328125
raw,0.0,20.0,408.1498718261719
raw,0.0,20.0,409.3689270019531
raw,0.0,20.0,410.5879821777344
raw,0.0,20.0,411.80706787109375
raw,0.0,20.0,413.026123046875
raw,0.0,20.0,414.24517822265625
raw,0.0,20.0,415.4642639160156
raw,0.0,20.0,416.6833190917969
raw,0.0,20.0,417.9023742675781
raw,0.0,20.0,419.1214599609375
raw,0.0,20.0,420.34051513671875
raw,0.0,20.0,421.5596008300781
raw,0.0,20.0,422.7786560058594
raw,0.0,20.0,423.9977111816406
raw,0.0,20.0,425.2167663574219
raw,0.0,20.0,426.43585205078125
raw,0.0,20.0,427.6549072265625
raw,0.0,20.0,428.8739929199219
raw,0.0,20.0,430.09307861328125
raw,0.0,20.0,431.3121032714844
raw,0.0,20.0,432.53118896484375
raw,0.0,20.0,433.7502136230469
raw,0.0,20.0,434.96929931640625
raw,0.0,20.0,436.1883544921875
raw,0.0,20.0,437.4074401855469
raw,0.0,20.0,438.62652587890625
raw,0.0,20.0,439.8455505371094
raw,0.0,20.0,441.06463623046875
raw,0.0,20.0,442.28369140625
raw,0.0,20.0,443.5027770996094
raw,0.0,20.0,444.72186279296875
raw,0.0,20.0,445.9408874511719
raw,0.0,20.0,447.15997314453125
raw,0.0,20.0,448.3789978027344
raw,0.0,20.0,449.59808349609375
raw,0.0,20.0,450.817138671875
raw,0.0,20.0,452.0362243652344
raw,0.0,20.0,453.25531005859375
raw,0.0,20.0,454.4743347167969
raw,0.0,20.0,455.69342041015625
raw,0.0,20.0,456.9124755859375
raw,0.0,20.0,458.1315612792969
raw,0.0,20.0,459.35064697265625
raw,0.0,20.0,460.5696716308594
raw,0.0,20.0,461.78875732421875
raw,0.0,20.0,463.0077819824219
raw,0.0,20.0,464.22686767578125
raw,0.0,20.0,465.4459228515625
raw,0.0,20.0,466.6650085449219
raw,0.0,20.0,467.88409423828125
raw,0.0,20.0,469.1031188964844
raw,0.0,20.0,470.32220458984375
raw,0.0,20.0,471.541259765625
raw,0.0,20.0,472.7603454589844
raw,0.0,20.0,473.97943115234375
raw,0.0,20.0,475.1984558105469
raw,0.0,20.0,476.41754150390625
raw,0.0,20.0,477.6365966796875
raw,0.0,20.0,478.8556823730469
raw,0.0,20.0,480.07470703125
raw,0.0,20.0,481.2937927246094
raw,0.0,20.0,482.51287841796875
raw,0.0,20.0,483.7319030761719
raw,0.0,20.0,484.95098876953125
raw,0.0,20.0,486.1700439453125
raw,0.0,20.0,487.3891296386719
raw,0.0,20.0,488.60821533203125
raw,0.0,20.0,489.8272399902344
raw,0.0,20.0,491.04632568359375
raw,0.0,20.0,492.265380859375
raw,0.0,20.0,493.4844665527344
raw,0.0,20.0,494.7034912109375
raw,0.0,20.0,495.9225769042969
raw,0.0,20.0,497.14166259765625
raw,0.0,20.0,498.3606872558594
raw,0.0,20.0,499.57977294921875
raw,0.0,20.0,500.798828125
raw,0.0,20.0,502.0179138183594
raw,0.0,20.0,503.23699951171875
raw,0.0,20.0,504.4560241699219
raw,0.0,20.0,505.67510986328125
raw,0.0,20.0,506.8941650390625
raw,0.0,20.0,508.1132507324219
raw,0.0,20.0,509.332275390625
raw,0.0,20.0,510.5513610839844
raw,0.0,20.0,511.77044677734375
raw,0.0,20.0,512.989501953125
raw,0.0,20.0,514.2086181640625
raw,0.0,20.0,515.4276123046875
raw,0.0,20.0,516.646728515625
raw,0.0,20.0,517.8657836914062
raw,0.0,20.0,519.0848388671875
raw,0.0,20.0,520.3038940429688
raw,0.0,20.0,521.52294921875
raw,0.0,20.0,522.7420654296875
raw,0.0,20.0,523.9610595703125
raw,0.0,20.0,525.18017578125
raw,0.0,20.0,526.3992919921875
raw,0.0,20.0,527.6182861328125
raw,0.0,20.0,528.83740234375
raw,0.0,20.0,530.056396484375
raw,0.0,20.0,531.2755126953125
raw,0.0,20.0,532.4945678710938
raw,0.0,20.0,533.713623046875
raw,0.0,20.0,534.9327392578125
raw,0.0,20.0,536.1517333984375
raw,0.0,20.0,537.370849609375
raw,0.0,20.0,538.5899047851562
raw,0.0,20.0,539.8089599609375
raw,0.0,20.0,541.028076171875
raw,0.0,20.0,542.2470703125
raw,0.0,20.0,543.4661865234375
raw,0.0,20.0,544.6852416992188
raw,0.0,20.0,545.904296875
raw,0.0,20.0,547.1234130859375
raw,0.0,20.0,548.3424072265625
raw,0.0,20.0,549.5615234375
raw,0.0,20.0,550.780517578125
raw,0.0,20.0,551.9996337890625
raw,0.0,20.0,553.2186889648438
raw,0.0,20.0,554.437744140625
raw,0.0,20.0,555.6568603515625
raw,0.0,20.0,556.8758544921875
raw,0.0,20.0,558.094970703125
raw,0.0,20.0,559.3140258789062
raw,0.0,20.0,560.5330810546875
raw,0.0,20.0,561.752197265625
raw,0.0,20.0,562.97119140625
raw,0.0,20.0,564.1903076171875
raw,0.0,20.0,565.4093017578125
raw,0.0,20.0,566.62841796875
raw,0.0,20.0,567.8474731445312
raw,0.0,20.0,569.0665283203125
raw,0.0,20.0,570.28564453125
raw,0.0,20.0,571.504638671875
raw,0.0,20.0,572.7237548828125
raw,0.0,20.0,573.9428100585938
raw,0.0,20.0,575.161865234375
raw,0.0,20.0,576.3809814453125
raw,0.0,20.0,577.5999755859375
raw,0.0,20.0,578.819091796875
raw,0.0,20.0,580.0380859375
raw,0.0,20.0,581.2572021484375
raw,0.0,20.0,582.4762573242188
raw,0.0,20.0,583.6953125
raw,0.0,20.0,584.9144287109375
raw,0.0,20.0,586.1334228515625
raw,0.0,20.0,587.3525390625
raw,0.0,20.0,588.5715942382812
raw,0.0,20.0,589.7906494140625
raw,0.0,20.0,591.009765625
raw,0.0,20.0,592.228759765625
raw,0.0,20.0,593.4478759765625
raw,0.0,20.0,594.6669311523438
raw,0.0,20.0,595.885986328125
raw,0.0,20.0,597.1050415039062
raw,0.0,20.0,598.3240966796875
raw,0.0,20.0,599.543212890625
raw,0.0,20.0,600.76220703125
raw,0.0,20.0,601.9813232421875
raw,0.0,20.0,603.2003784179688
raw,0.0,20.0,604.41943359375
raw,0.0,20.0,605.6385498046875
raw,0.0,20.0,606.8575439453125
raw,0.0,20.0,608.07666015625
raw,0.0,20.0,609.2957153320312
raw,0.0,20.0,610.5147705078125
raw,0.0,20.0,611.7338256835938
raw,0.0,20.0,612.952880859375
raw,0.0,20.0,614.1719970703125
raw,0.0,20.0,615.3909912109375
raw,0.0,20.0,616.610107421875
raw,0.0,20.0,617.8291625976562
raw,0.0,20.0,619.0482177734375
raw,0.0,20.0,620.267333984375
raw,0.0,20.0,621.486328125
raw,0.0,20.0,622.7054443359375
raw,0.0,20.0,623.9244995117188
raw,0.0,20.0,625.1435546875
raw,0.0,20.0,626.3626098632812
raw,0.0,20.0,627.5816650390625
raw,0.0,20.0,628.80078125
raw,0.0,20.0,630.019775390625
raw,0.0,20.0,631.2388916015625
raw,0.0,20.0,632.4579467773438
raw,0.0,20.0,633.677001953125
raw,0.0,20.0,634.8961181640625
raw,0.0,20.0,636.1151123046875
raw,0.0,20.0,637.334228515625
raw,0.0,20.0,638.5532836914062
raw,0.0,20.0,639.7723388671875
raw,0.0,20.0,640.9913940429688
raw,0.0,20.0,642.21044921875
raw,0.0,20.0,643.4295654296875
raw,0.0,20.0,644.6486206054688
raw,0.0,20.0,645.86767578125
raw,0.0,20.0,647.0867309570312
raw,0.0,20.0,648.3057861328125
raw,0.0,20.0,649.52490234375
raw,0.0,20.0,650.743896484375
raw,0.0,20.0,651.9630126953125
raw,0.0,20.0,653.1820678710938
raw,0.0,20.0,654.401123046875
raw,0.0,20.0,655.6201782226562
raw,0.0,20.0,656.8392333984375
raw,0.0,20.0,658.058349609375
raw,0.0,20.0,659.2774047851562
raw,0.0,20.0,660.4964599609375
raw,0.0,20.0,661.7155151367188
raw,0.0,50.0,2.7376441955566406
raw,0.0,50.0,5.785308837890625
raw,0.0,50.0,8.832971572875977
raw,0.0,50.0,11.880636215209961
raw,0.0,50.0,14.928299903869629
raw,0.0,50.0,17.975963592529297
raw,0.0,50.0,21.02362823486328
raw,0.0,50.0,24.071290969848633
raw,0.0,50.0,27.118955612182617
raw,0.0,50.0,30.1666202545166
raw,0.0,50.0,33.21428298950195
raw,0.0,50.0,36.26194763183594
raw,0.0,50.0,39.30961227416992
raw,0.0,50.0,42.357276916503906
raw,0.0,50.0,45.404937744140625
raw,0.0,50.0,48.45260238647461
raw,0.0,50.0,51.500267028808594
raw,0.0,50.0,54.54792785644531
raw,0.0,50.0,57.59559631347656
raw,0.0,50.0,60.64325714111328
raw,0.0,50.0,63.69092559814453
raw,0.0,50.0,66.73858642578125
raw,0.0,50.0,69.78624725341797
raw,0.0,50.0,72.83391571044922
raw,0.0,50.0,75.88157653808594
raw,0.0,50.0,78.92923736572266
raw,0.0,50.0,81.9769058227539
raw,0.0,50.0,85.02456665039062
raw,0.0,50.0,88.07223510742188
raw,0.0,50.0,91.1198959350586
raw,0.0,50.0,94.16755676269531
raw,0.0,50.0,97.21522521972656
raw,0.0,50.0,100.26289367675781
raw,0.0,50.0,103.31055450439453
raw,0.0,50.0,106.35822296142578
raw,0.0,50.0,109.4058837890625
raw,0.0,50.0,112.45354461669922
raw,0.0,50.0,115.50121307373047
raw,0.0,50.0,118.54887390136719
raw,0.0,50.0,121.5965347290039
raw,0.0,50.0,124.64420318603516
raw,0.0,50.0,127.69186401367188
raw,0.0,50.0,130.73951721191406
raw,0.0,50.0,133.7871856689453
raw,0.0,50.0,136.83485412597656
raw,0.0,50.0,139.88250732421875
raw,0.0,50.0,142.93017578125
raw,0.0,50.0,145.97784423828125
raw,0.0,50.0,149.0255126953125
raw,0.0,50.0,152.07318115234375
raw,0.0,50.0,155.12083435058594
raw,0.0,50.0,158.1685028076172
raw,0.0,50.0,161.21615600585938
raw,0.0,50.0,164.26382446289062
raw,0.0,50.0,167.31149291992188
raw,0.0,50.0,170.35914611816406
raw,0.0,50.0,173.40682983398438
raw,0.0,50.0,176.45449829101562
raw,0.0,50.0,179.5021514892578
raw,0.0,50.0,182.54981994628906
raw,0.0,50.0,185.5974884033203
raw,0.0,50.0,188.6451416015625
raw,0.0,50.0,191.69281005859375
raw,0.0,50.0,194.740478515625
raw,0.0,50.0,197.7881317138672
raw,0.0,50.0,200.83580017089844
raw,0.0,50.0,203.8834686279297
raw,0.0,50.0,206.93112182617188
raw,0.0,50.0,209.97879028320312
raw,0.0,50.0,213.02645874023438
raw,0.0,50.0,216.07411193847656
raw,0.0,50.0,219.1217803955078
raw,0.0,50.0,222.16944885253906
raw,0.0,50.0,225.21710205078125
raw,0.0,50.0,228.2647705078125
raw,0.0,50.0,231.31243896484375
raw,0.0,50.0,234.36009216308594
raw,0.0,50.0,237.4077606201172
raw,0.0,50.0,240.45542907714844
raw,0.0,50.0,243.50308227539062
raw,0.0,50.0,246.55075073242188
raw,0.0,50.0,249.59841918945312
raw,0.0,50.0,252.6460723876953
raw,0.0,50.0,255.69374084472656
raw,0.0,50.0,258.74139404296875
raw,0.0,50.0,261.7890625
raw,0.0,50.0,264.83673095703125
raw,0.0,50.0,267.8843994140625
raw,0.0,50.0,270.93206787109375
raw,0.0,50.0,273.979736328125
raw,0.0,50.0,277.02740478515625
raw,0.0,50.0,280.0750427246094
raw,0.0,50.0,283.1227111816406
raw,0.0,50.0,286.1703796386719
raw,0.0,50.0,289.2180480957031
raw,0.0,50.0,292.2657165527344
raw,0.0,50.0,295.3133544921875
raw,0.0,50.0,298.3610534667969
raw,0.0,50.0,301.40869140625
raw,0.0,50.0,304.45635986328125
raw,0.0,50.0,307.5040283203125
raw,0.0,50.0,310.55169677734375
raw,0.0,50.0,313.5993347167969
raw,0.0,50.0,316.64703369140625
raw,0.0,50.0,319.6947021484375
raw,0.0,50.0,322.7423400878906
raw,0.0,50.0,325.7900390625
raw,0.0,50.0,328.8376770019531
raw,0.0,50.0,331.8853454589844
raw,0.0,50.0,334.9330139160156
raw,0.0,50.0,337.9806823730469
raw,0.0,50.0,341.0283203125
raw,0.0,50.0,344.0760192871094
raw,0.0,50.0,347.1236572265625
raw,0.0,50.0,350.17132568359375
raw,0.0,50.0,353.218994140625
raw,0.0,50.0,356.26666259765625
raw,0.0,50.0,359.3143005371094
raw,0.0,50.0,362.36199951171875
raw,0.0,50.0,365.4096374511719
raw,0.0,50.0,368.4573059082031
raw,0.0,50.0,371.5049743652344
raw,0.0,50.0,374.5526428222656
raw,0.0,50.0,377.60028076171875
raw,0.0,50.0,380.6479797363281
raw,0.0,50.0,383.69561767578125
raw,0.0,50.0,386.7432861328125
raw,0.0,50.0,389.79095458984375
raw,0.0,50.0,392.838623046875
raw,0.0,50.0,395.8862609863281
raw,0.0,50.0,398.9339599609375
raw,0.0,50.0,401.9815979003906
raw,0.0,50.0,405.0292663574219
raw,0.0,50.0,408.0769348144531
raw,0.0,50.0,411.1246032714844
raw,0.0,50.0,414.1722412109375
raw,0.0,50.0,417.2199401855469
raw,0.0,50.0,420.2676086425781
raw,0.0,50.0,423.31524658203125
raw,0.0,50.0,426.3629455566406
raw,0.0,50.0,429.41058349609375
raw,0.0,50.0,432.458251953125
raw,0.0,50.0,435.50592041015625
raw,0.0,50.0,438.5535888671875
raw,0.0,50.0,441.6012268066406
raw,0.0,50.0,444.64892578125
raw,0.0,50.0,447.6965637207031
raw,0.0,50.0,450.7442321777344
raw,0.0,50.0,453.7919006347656
raw,0.0,50.0,456.8395690917969
raw,0.0,50.0,459.88720703125
raw,0.0,50.0,462.9349060058594
raw,0.0,50.0,465.9825439453125
raw,0.0,50.0,469.03021240234375
raw,0.0,50.0,472.077880859375
raw,0.0,50.0,475.12554931640625
raw,0.0,50.0,478.1731872558594
raw,0.0,50.0,481.22088623046875
raw,0.0,50.0,484.2685241699219
raw,0.0,50.0,487.3161926269531
raw,0.0,50.0,490.3638610839844
raw,0.0,50.0,493.4115295410156
raw,0.0,50.0,496.45916748046875
raw,0.0,50.0,499.5068664550781
raw,0.0,50.0,502.55450439453125
raw,0.0,50.0,505.6021728515625
raw,0.0,50.0,508.64984130859375
raw,0.0,50.0,511.697509765625
raw,0.0,50.0,514.7451782226562
raw,0.0,50.0,517.7928466796875
raw,0.0,50.0,520.8405151367188
raw,0.0,50.0,523.8881225585938
raw,0.0,50.0,526.9358520507812
raw,0.0,50.0,529.9834594726562
raw,0.0,50.0,533.0311279296875
raw,0.0,50.0,536.0787963867188
raw,0.0,50.0,539.12646484375
raw,0.0,50.0,542.1741333007812
raw,0.0,50.0,545.2218017578125
raw,0.0,50.0,548.26953125
raw,0.0,50.0,551.317138671875
raw,0.0,50.0,554.3648071289062
raw,0.0,50.0,557.4124755859375
raw,0.0,50.0,560.4601440429688
raw,0.0,50.0,563.5077514648438
raw,0.0,50.0,566.5554809570312
raw,0.0,50.0,569.6031494140625
raw,0.0,50.0,572.6508178710938
raw,0.0,50.0,575.6984252929688
raw,0.0,50.0,578.74609375
raw,0.0,50.0,581.7937622070312
raw,0.0,50.0,584.8414916992188
raw,0.0,50.0,587.8890991210938
raw,0.0,50.0,590.936767578125
raw,0.0,50.0,593.9844360351562
raw,0.0,50.0,597.0321044921875
raw,0.0,50.0,600.0797119140625
raw,0.0,50.0,603.12744140625
raw,0.0,50.0,606.1751098632812
raw,0.0,50.0,609.2227783203125
raw,0.0,50.0,612.2704467773438
raw,0.0,50.0,615.3180541992188
raw,0.0,50.0,618.36572265625
raw,0.0,50.0,621.4134521484375
raw,0.0,50.0,624.4611206054688
raw,0.0,50.0,627.5087280273438
raw,0.0,50.0,630.556396484375
raw,0.0,50.0,633.6040649414062
raw,0.0,50.0,636.6517333984375
raw,0.0,50.0,639.6994018554688
raw,0.0,50.0,642.7470703125
raw,0.0,50.0,645.7947387695312
raw,0.0,50.0,648.8424072265625
raw,0.0,50.0,651.8900146484375
raw,0.0,50.0,654.9376831054688
raw,0.0,50.0,657.9854125976562
raw,0.0,50.0,661.0330810546875
clip,200.0,50.0,0.014044761657714844
clip,200.0,50.0,0.0636446475982666
clip,200.0,50.0,0.11324501037597656
clip,200.0,50.0,0.16284513473510742
clip,200.0,50.0,0.21244502067565918
clip,200.0,50.0,0.26204514503479004
clip,200.0,50.0,0.3116455078125
clip,200.0,50.0,0.36124539375305176
clip,200.0,50.0,0.4108455181121826
clip,200.0,50.0,0.4604456424713135
clip,200.0,50.0,0.5100457668304443
clip,200.0,50.0,0.5596458911895752
clip,200.0,50.0,0.609246015548706
clip,200.0,50.0,0.6588459014892578
clip,200.0,50.0,0.7084462642669678
clip,200.0,50.0,0.7580463886260986
clip,200.0,50.0,0.8076462745666504
clip,200.0,50.0,0.8572463989257812
clip,200.0,50.0,0.9068467617034912
clip,200.0,50.0,0.956446647644043
clip,200.0,50.0,1.0060467720031738
clip,200.0,50.0,1.0556468963623047
clip,200.0,50.0,1.1052467823028564
clip,200.0,50.0,1.1548471450805664
clip,200.0,50.0,1.2044472694396973
clip,200.0,50.0,1.254047155380249
clip,200.0,50.0,1.3036472797393799
clip,200.0,50.0,1.3532476425170898
clip,200.0,50.0,1.4028475284576416
clip,200.0,50.0,1.4524476528167725
clip,200.0,50.0,1.5020477771759033
clip,200.0,50.0,1.5516479015350342
clip,200.0,50.0,1.601248025894165
clip,200.0,50.0,1.650848150253296
clip,200.0,50.0,1.7004480361938477
clip,200.0,50.0,1.7500483989715576
clip,200.0,50.0,1.7996482849121094
clip,200.0,50.0,1.8492485284805298
clip,200.0,50.0,1.8988486528396606
clip,200.0,50.0,1.948448657989502
clip,200.0,50.0,1.9980489015579224
clip,200.0,50.0,2.0476489067077637
clip,200.0,50.0,2.0972490310668945
clip,200.0,50.0,2.1468491554260254
clip,200.0,50.0,2.1964492797851562
clip,200.0,50.0,2.246049404144287
clip,200.0,50.0,2.295649528503418
clip,200.0,50.0,2.345249652862549
clip,200.0,50.0,2.3948497772216797
clip,200.0,50.0,2.4444499015808105
clip,200.0,50.0,2.4940500259399414
clip,200.0,50.0,2.543649911880493
clip,200.0,50.0,2.593250274658203
clip,200.0,50.0,2.642850160598755
clip,200.0,50.0,2.6924502849578857
clip,200.0,50.0,2.7420504093170166
clip,200.0,50.0,2.7916505336761475
clip,200.0,50.0,2.8412506580352783
clip,200.0,50.0,2.89085054397583
clip,200.0,50.0,2.940450668334961
clip,200.0,50.0,2.990050792694092
clip,200.0,50.0,3.0396509170532227
clip,200.0,50.0,3.0892510414123535
clip,200.0,50.0,3.1388511657714844
clip,200.0,50.0,3.1884512901306152
clip,200.0,50.0,3.238051414489746
clip,200.0,50.0,3.287651538848877
clip,200.0,50.0,3.337251663208008
clip,200.0,50.0,3.3868517875671387
clip,200.0,50.0,3.4364519119262695
clip,200.0,50.0,3.4860520362854004
clip,200.0,50.0,3.5356521606445312
clip,200.0,50.0,3.585252046585083
clip,200.0,50.0,3.634852170944214
clip,200.0,50.0,3.6844522953033447
clip,200.0,50.0,3.7340524196624756
clip,200.0,50.0,3.7836525440216064
clip,200.0,50.0,3.8332526683807373
clip,200.0,50.0,3.882852792739868
clip,200.0,50.0,3.932452917098999
clip,200.0,50.0,3.98205304145813
clip,200.0,50.0,4.031652927398682
clip,200.0,50.0,4.0812530517578125
clip,200.0,50.0,4.130853176116943
clip,200.0,50.0,4.180453300476074
clip,200.0,50.0,4.230053424835205
clip,200.0,50.0,4.279653549194336
clip,200.0,50.0,4.329253673553467
clip,200.0,50.0,4.378853797912598
clip,200.0,50.0,4.4284539222717285
clip,200.0,50.0,4.478054046630859
clip,200.0,50.0,4.52765417098999
clip,200.0,50.0,4.577254295349121
clip,200.0,50.0,4.626854419708252
clip,200.0,50.0,4.676454544067383
clip,200.0,50.0,4.726054668426514
clip,200.0,50.0,4.7756547927856445
clip,200.0,50.0,4.825254917144775
clip,200.0,50.0,4.874855041503906
clip,200.0,50.0,4.924454689025879
clip,200.0,50.0,4.974055290222168
clip,200.0,50.0,5.023654937744141
clip,200.0,50.0,5.0732550621032715
clip,200.0,50.0,5.122855186462402
clip,200.0,50.0,5.172455310821533
clip,200.0,50.0,5.222055435180664
clip,200.0,50.0,5.271655559539795
clip,200.0,50.0,5.321255683898926
clip,200.0,50.0,5.370855808258057
clip,200.0,50.0,5.4204559326171875
clip,200.0,50.0,5.470056056976318
clip,200.0,50.0,5.519656181335449
clip,200.0,50.0,5.56925630569458
clip,200.0,50.0,5.618856430053711
clip,200.0,50.0,5.668456554412842
clip,200.0,50.0,5.718056678771973
clip,200.0,50.0,5.7676568031311035
clip,200.0,50.0,5.817256927490234
clip,200.0,50.0,5.866857051849365
clip,200.0,50.0,5.916457176208496
clip,200.0,50.0,5.966057300567627
clip,200.0,50.0,6.015657424926758
clip,200.0,50.0,6.0652570724487305
clip,200.0,50.0,6.1148576736450195
clip,200.0,50.0,6.164457321166992
clip,200.0,50.0,6.214057922363281
clip,200.0,50.0,6.263657569885254
clip,200.0,50.0,6.313257694244385
clip,200.0,50.0,6.362857818603516
clip,200.0,50.0,6.412458419799805
clip,200.0,50.0,6.462058067321777
clip,200.0,50.0,6.511658191680908
clip,200.0,50.0,6.561258316040039
clip,200.0,50.0,6.61085844039917
clip,200.0,50.0,6.660458564758301
clip,200.0,50.0,6.710058689117432
clip,200.0,50.0,6.7596588134765625
clip,200.0,50.0,6.809258937835693
clip,200.0,50.0,6.858859062194824
clip,200.0,50.0,6.908458709716797
clip,200.0,50.0,6.958059310913086
clip,200.0,50.0,7.007659435272217
clip,200.0,50.0,7.057259559631348
clip,200.0,50.0,7.10685920715332
clip,200.0,50.0,7.156459808349609
clip,200.0,50.0,7.206059455871582
clip,200.0,50.0,7.255660057067871
clip,200.0,50.0,7.305259704589844
clip,200.0,50.0,7.354859828948975
clip,200.0,50.0,7.4044599533081055
clip,200.0,50.0,7.4540605545043945
clip,200.0,50.0,7.503660202026367
clip,200.0,50.0,7.553260326385498
clip,200.0,50.0,7.602860450744629
clip,200.0,50.0,7.65246057510376
clip,200.0,50.0,7.702060699462891
clip,200.0,50.0,7.7516608238220215
clip,200.0,50.0,7.801260948181152
clip,200.0,50.0,7.850860595703125
clip,200.0,50.0,7.900461196899414
clip,200.0,50.0,7.950060844421387
clip,200.0,50.0,7.999661445617676
clip,200.0,50.0,8.049261093139648
clip,200.0,50.0,8.098861694335938
clip,200.0,50.0,8.14846134185791
clip,200.0,50.0,8.1980619430542
clip,200.0,50.0,8.247661590576172
clip,200.0,50.0,8.297262191772461
clip,200.0,50.0,8.346861839294434
clip,200.0,50.0,8.396462440490723
clip,200.0,50.0,8.446062088012695
clip,200.0,50.0,8.495662689208984
clip,200.0,50.0,8.545262336730957
clip,200.0,50.0,8.594862937927246
clip,200.0,50.0,8.644462585449219
clip,200.0,50.0,8.694063186645508
clip,200.0,50.0,8.74366283416748
clip,200.0,50.0,8.793262481689453
clip,200.0,50.0,8.842863082885742
clip,200.0,50.0,8.892463684082031
clip,200.0,50.0,8.942063331604004
clip,200.0,50.0,8.991663932800293
clip,200.0,50.0,9.041263580322266
clip,200.0,50.0,9.090863227844238
clip,200.0,50.0,9.140463829040527
clip,200.0,50.0,9.1900634765625
clip,200.0,50.0,9.239664077758789
clip,200.0,50.0,9.289264678955078
clip,200.0,50.0,9.33886432647705
clip,200.0,50.0,9.388463973999023
clip,200.0,50.0,9.438064575195312
clip,200.0,50.0,9.487664222717285
clip,200.0,50.0,9.537264823913574
clip,200.0,50.0,9.586864471435547
clip,200.0,50.0,9.636465072631836
clip,200.0,50.0,9.686064720153809
clip,200.0,50.0,9.735665321350098
clip,200.0,50.0,9.78526496887207
clip,200.0,50.0,9.834864616394043
clip,200.0,50.0,9.884465217590332
clip,200.0,50.0,9.934065818786621
clip,200.0,50.0,9.983665466308594
clip,200.0,50.0,10.033266067504883
clip,200.0,50.0,10.082865715026855
clip,200.0,50.0,10.132465362548828
clip,200.0,50.0,10.182065963745117
clip,200.0,50.0,10.23166561126709
clip,200.0,50.0,10.281266212463379
clip,200.0,50.0,10.330866813659668
clip,200.0,50.0,10.38046646118164
clip,200.0,50.0,10.430066108703613
clip,200.0,50.0,10.479666709899902
clip,200.0,50.0,10.529266357421875
clip,200.0,50.0,10.578866958618164
clip,200.0,50.0,10.628466606140137
clip,200.0,50.0,10.678067207336426
clip,200.0,50.0,10.727666854858398
clip,200.0,50.0,10.777267456054688
clip,200.0,50.0,10.82686710357666
clip,200.0,50.0,10.876466751098633
clip,200.0,50.0,10.926067352294922
clip,200.0,50.0,10.975667953491211
clip,200.0,50.0,11.025267601013184
clip,200.0,50.0,11.074868202209473
clip,200.0,50.0,11.124467849731445
clip,200.0,50.0,11.174067497253418
clip,200.0,50.0,11.223668098449707
clip,200.0,50.0,11.27326774597168
clip,200.0,50.0,11.322868347167969
clip,200.0,50.0,11.372468948364258
clip,200.0,50.0,11.42206859588623
clip,200.0,50.0,11.471668243408203
clip,200.0,50.0,11.521268844604492
clip,200.0,50.0,11.570868492126465
clip,200.0,50.0,11.620469093322754
clip,200.0,50.0,11.670068740844727
clip,200.0,50.0,11.719669342041016
clip,200.0,50.0,11.769268989562988
clip,200.0,50.0,11.818869590759277
clip,200.0,50.0,11.86846923828125
clip,200.0,50.0,11.918069839477539
clip,200.0,50.0,11.967670440673828
clip,200.0,50.0,12.0172700881958
clip,200.0,50.0,12.066869735717773
clip,200.0,50.0,12.116470336914062
clip,200.0,50.0,12.166069984436035
clip,200.0,50.0,12.215670585632324
clip,200.0,50.0,12.265270233154297
clip,200.0,50.0,12.314870834350586
clip,200.0,50.0,12.364471435546875
clip,200.0,50.0,12.414071083068848
clip,200.0,50.0,12.46367073059082
clip,200.0,50.0,12.513270378112793
clip,200.0,50.0,12.562870979309082
clip,200.0,50.0,12.612471580505371
clip,200.0,50.0,12.662071228027344
clip,200.0,50.0,12.711671829223633
clip,200.0,50.0,12.761271476745605
clip,200.0,50.0,12.810871124267578
clip,200.0,50.0,12.860471725463867
clip,200.0,50.0,12.910072326660156
clip,200.0,50.0,12.959671974182129
clip,200.0,50.0,13.009272575378418
clip,200.0,50.0,13.05887222290039
clip,200.0,50.0,13.108471870422363
clip,200.0,50.0,13.158072471618652
clip,200.0,50.0,13.207673072814941
clip,200.0,50.0,13.257272720336914
clip,200.0,50.0,13.306872367858887
clip,200.0,50.0,13.356472969055176
clip,200.0,50.0,13.406072616577148
clip,200.0,50.0,13.455672264099121
clip,200.0,50.0,13.505273818969727
clip,200.0,50.0,13.5548734664917
clip,200.0,50.0,13.604473114013672
clip,200.0,50.0,13.654073715209961
clip,200.0,50.0,13.703673362731934
clip,200.0,50.0,13.753273010253906
clip,200.0,50.0,13.802874565124512
clip,200.0,50.0,13.852474212646484
clip,200.0,50.0,13.902073860168457
clip,200.0,50.0,13.951674461364746
clip,200.0,50.0,14.001274108886719
clip,200.0,50.0,14.050873756408691
clip,200.0,50.0,14.10047435760498
clip,200.0,50.0,14.15007495880127
clip,200.0,50.0,14.199674606323242
clip,200.0,50.0,14.249274253845215
clip,200.0,50.0,14.298874855041504
clip,200.0,50.0,14.348474502563477
clip,200.0,50.0,14.398075103759766
clip,200.0,50.0,14.447675704956055
clip,200.0,50.0,14.497275352478027
clip,200.0,50.0,14.546875
clip,200.0,50.0,14.596475601196289
clip,200.0,50.0,14.646075248718262
clip,200.0,50.0,14.69567584991455
clip,200.0,50.0,14.74527645111084
clip,200.0,50.0,14.794876098632812
clip,200.0,50.0,14.844475746154785
clip,200.0,50.0,14.894075393676758
clip,200.0,50.0,14.943675994873047
clip,200.0,50.0,14.993276596069336
clip,200.0,50.0,15.042876243591309
clip,200.0,50.0,15.092476844787598
clip,200.0,50.0,15.14207649230957
clip,200.0,50.0,15.191676139831543
clip,200.0,50.0,15.241276741027832
clip,200.0,50.0,15.290877342224121
clip,200.0,50.0,15.340476989746094
clip,200.0,50.0,15.390077590942383
clip,200.0,50.0,15.439677238464355
clip,200.0,50.0,15.489276885986328
clip,200.0,50.0,15.5388765335083
clip,200.0,50.0,15.588478088378906
clip,200.0,50.0,15.638077735900879
clip,200.0,50.0,15.687677383422852
clip,200.0,50.0,15.73727798461914
clip,200.0,50.0,15.786877632141113
clip,200.0,50.0,15.836477279663086
clip,200.0,50.0,15.886078834533691
clip,200.0,50.0,15.935678482055664
clip,200.0,50.0,15.985278129577637
clip,200.0,50.0,16.03487777709961
clip,200.0,50.0,16.0844783782959
clip,200.0,50.0,16.134077072143555
clip,200.0,50.0,16.183679580688477
clip,200.0,50.0,16.233278274536133
clip,200.0,50.0,16.282878875732422
clip,200.0,50.0,16.332477569580078
clip,200.0,50.0,16.382078170776367
clip,200.0,50.0,16.431678771972656
clip,200.0,50.0,16.481279373168945
clip,200.0,50.0,16.530879974365234
clip,200.0,50.0,16.58047866821289
clip,200.0,50.0,16.63007926940918
clip,200.0,50.0,16.67967987060547
clip,200.0,50.0,16.729278564453125
clip,200.0,50.0,16.778879165649414
clip,200.0,50.0,16.828479766845703
clip,200.0,50.0,16.878080368041992
clip,200.0,50.0,16.92767906188965
clip,200.0,50.0,16.977279663085938
clip,200.0,50.0,17.026880264282227
clip,200.0,50.0,17.076480865478516
clip,200.0,50.0,17.126079559326172
clip,200.0,50.0,17.17568016052246
clip,200.0,50.0,17.22528076171875
clip,200.0,50.0,17.274879455566406
clip,200.0,50.0,17.324480056762695
clip,200.0,50.0,17.374080657958984
clip,200.0,50.0,17.423681259155273
clip,200.0,50.0,17.473281860351562
clip,200.0,50.0,17.52288055419922
clip,200.0,50.0,17.572481155395508
clip,200.0,50.0,17.622081756591797
clip,200.0,50.0,17.671682357788086
clip,200.0,50.0,17.721281051635742
clip,200.0,50.0,17.77088165283203
clip,200.0,50.0,17.82048225402832
clip,200.0,50.0,17.870080947875977
clip,200.0,50.0,17.919681549072266
clip,200.0,50.0,17.969282150268555
clip,200.0,50.0,18.018882751464844
clip,200.0,50.0,18.0684814453125
clip,200.0,50.0,18.11808204650879
clip,200.0,50.0,18.167682647705078
clip,200.0,50.0,18.217281341552734
clip,200.0,50.0,18.266883850097656
clip,200.0,50.0,18.316482543945312
clip,200.0,50.0,18.3660831451416
clip,200.0,50.0,18.41568374633789
clip,200.0,50.0,18.465282440185547
clip,200.0,50.0,18.514883041381836
clip,200.0,50.0,18.564483642578125
clip,200.0,50.0,18.614084243774414
clip,200.0,50.0,18.66368293762207
clip,200.0,50.0,18.71328353881836
clip,200.0,50.0,18.76288414001465
clip,200.0,50.0,18.812482833862305
clip,200.0,50.0,18.862083435058594
clip,200.0,50.0,18.911684036254883
clip,200.0,50.0,18.961284637451172
clip,200.0,50.0,19.010883331298828
clip,200.0,50.0,19.060483932495117
clip,200.0,50.0,19.110084533691406
clip,200.0,50.0,19.159685134887695
clip,200.0,50.0,19.209285736083984
clip,200.0,50.0,19.25888442993164
clip,200.0,50.0,19.30848503112793
clip,200.0,50.0,19.358083724975586
clip,200.0,50.0,19.407684326171875
clip,200.0,50.0,19.457284927368164
clip,200.0,50.0,19.506885528564453
clip,200.0,50.0,19.556486129760742
clip,200.0,50.0,19.6060848236084
clip,200.0,50.0,19.655685424804688
clip,200.0,50.0,19.705286026000977
clip,200.0,50.0,19.754886627197266
clip,200.0,50.0,19.804485321044922
clip,200.0,50.0,19.85408592224121
clip,200.0,50.0,19.903684616088867
clip,200.0,50.0,19.953285217285156
clip,200.0,50.0,20.002885818481445
clip,200.0,50.0,20.052486419677734
clip,200.0,50.0,20.102087020874023
clip,200.0,50.0,20.15168571472168
clip,200.0,50.0,20.20128631591797
clip,200.0,50.0,20.250886917114258
clip,200.0,50.0,20.300485610961914
clip,200.0,50.0,20.350086212158203
clip,200.0,50.0,20.399686813354492
clip,200.0,50.0,20.44928741455078
clip,200.0,50.0,20.498886108398438
clip,200.0,50.0,20.548486709594727
clip,200.0,50.0,20.598087310791016
clip,200.0,50.0,20.647687911987305
clip,200.0,50.0,20.69728660583496
clip,200.0,50.0,20.74688720703125
clip,200.0,50.0,20.79648780822754
clip,200.0,50.0,20.846086502075195
clip,200.0,50.0,20.895689010620117
clip,200.0,50.0,20.945287704467773
clip,200.0,50.0,20.994888305664062
clip,200.0,50.0,21.04448699951172
clip,200.0,50.0,21.094087600708008
clip,200.0,50.0,21.143688201904297
clip,200.0,50.0,21.193286895751953
clip,200.0,50.0,21.242889404296875
clip,200.0,50.0,21.29248809814453
clip,200.0,50.0,21.34208869934082
clip,200.0,50.0,21.39168930053711
clip,200.0,50.0,21.441287994384766
clip,200.0,50.0,21.490888595581055
clip,200.0,50.0,21.540489196777344
clip,200.0,50.0,21.590089797973633
clip,200.0,50.0,21.63968849182129
clip,200.0,50.0,21.689289093017578
clip,200.0,50.0,21.738889694213867
clip,200.0,50.0,21.788488388061523
clip,200.0,50.0,21.838090896606445
clip,200.0,50.0,21.8876895904541
clip,200.0,50.0,21.93729019165039
clip,200.0,50.0,21.98689079284668
clip,200.0,50.0,22.036489486694336
clip,200.0,50.0,22.086090087890625
clip,200.0,50.0,22.13568878173828
clip,200.0,50.0,22.185291290283203
clip,200.0,50.0,22.23488998413086
clip,200.0,50.0,22.28449058532715
clip,200.0,50.0,22.334091186523438
clip,200.0,50.0,22.383689880371094
clip,200.0,50.0,22.433290481567383
clip,200.0,50.0,22.482891082763672
clip,200.0,50.0,22.53249168395996
clip,200.0,50.0,22.58209228515625
clip,200.0,50.0,22.631690979003906
clip,200.0,50.0,22.681291580200195
clip,200.0,50.0,22.73089027404785
clip,200.0,50.0,22.78049087524414
clip,200.0,50.0,22.83009147644043
clip,200.0,50.0,22.87969207763672
clip,200.0,50.0,22.929292678833008
clip,200.0,50.0,22.978891372680664
clip,200.0,50.0,23.028491973876953
clip,200.0,50.0,23.07809066772461
clip,200.0,50.0,23.12769317626953
clip,200.0,50.0,23.17729377746582
clip,200.0,50.0,23.226892471313477
clip,200.0,50.0,23.276493072509766
clip,200.0,50.0,23.326091766357422
clip,200.0,50.0,23.37569236755371
clip,200.0,50.0,23.425291061401367
clip,200.0,50.0,23.47489356994629
clip,200.0,50.0,23.524494171142578
clip,200.0,50.0,23.574092864990234
clip,200.0,50.0,23.623693466186523
clip,200.0,50.0,23.67329216003418
clip,200.0,50.0,23.72289276123047
clip,200.0,50.0,23.77249526977539
clip,200.0,50.0,23.822093963623047
clip,200.0,50.0,23.871694564819336
clip,200.0,50.0,23.921293258666992
clip,200.0,50.0,23.97089385986328
clip,200.0,50.0,24.020492553710938
clip,200.0,50.0,24.07009506225586
clip,200.0,50.0,24.11969566345215
clip,200.0,50.0,24.169294357299805
clip,200.0,50.0,24.218894958496094
clip,200.0,50.0,24.26849365234375
clip,200.0,50.0,24.31809425354004
clip,200.0,50.0,24.367694854736328
clip,200.0,50.0,24.417295455932617
clip,200.0,50.0,24.466896057128906
clip,200.0,50.0,24.516494750976562
clip,200.0,50.0,24.56609535217285
clip,200.0,50.0,24.615694046020508
clip,200.0,50.0,24.665294647216797
clip,200.0,50.0,24.71489715576172
clip,200.0,50.0,24.764495849609375
clip,200.0,50.0,24.814096450805664
clip,200.0,50.0,24.86369514465332
clip,200.0,50.0,24.91329574584961
clip,200.0,50.0,24.9628963470459
clip,200.0,50.0,25.012495040893555
clip,200.0,50.0,25.062097549438477
clip,200.0,50.0,25.111696243286133
clip,200.0,50.0,25.161296844482422
clip,200.0,50.0,25.210895538330078
clip,200.0,50.0,25.260496139526367
clip,200.0,50.0,25.310096740722656
clip,200.0,50.0,25.359697341918945
clip,200.0,50.0,25.409297943115234
clip,200.0,50.0,25.45889663696289
clip,200.0,50.0,25.50849723815918
clip,200.0,50.0,25.55809783935547
clip,200.0,50.0,25.607696533203125
clip,200.0,50.0,25.657299041748047
clip,200.0,50.0,25.706897735595703
clip,200.0,50.0,25.756498336791992
clip,200.0,50.0,25.80609703063965
clip,200.0,50.0,25.855697631835938
clip,200.0,50.0,25.905298233032227
clip,200.0,50.0,25.954896926879883
clip,200.0,50.0,26.004499435424805
clip,200.0,50.0,26.05409812927246
clip,200.0,50.0,26.10369873046875
clip,200.0,50.0,26.15329933166504
clip,200.0,50.0,26.202898025512695
clip,200.0,50.0,26.252498626708984
clip,200.0,50.0,26.302099227905273
clip,200.0,50.0,26.351699829101562
clip,200.0,50.0,26.40129852294922
clip,200.0,50.0,26.450899124145508
clip,200.0,50.0,26.500499725341797
clip,200.0,50.0,26.550098419189453
clip,200.0,50.0,26.599699020385742
clip,200.0,50.0,26.64929962158203
clip,200.0,50.0,26.69890022277832
clip,200.0,50.0,26.74850082397461
clip,200.0,50.0,26.798099517822266
clip,200.0,50.0,26.847700119018555
clip,200.0,50.0,26.89729881286621
clip,200.0,50.0,26.946901321411133
clip,200.0,50.0,26.99650001525879
clip,200.0,50.0,27.046100616455078
clip,200.0,50.0,27.095701217651367
clip,200.0,50.0,27.145299911499023
clip,200.0,50.0,27.194900512695312
clip,200.0,50.0,27.24449920654297
clip,200.0,50.0,27.29410171508789
clip,200.0,50.0,27.34370231628418
clip,200.0,50.0,27.393301010131836
clip,200.0,50.0,27.442901611328125
clip,200.0,50.0,27.49250030517578
clip,200.0,50.0,27.54210090637207
clip,200.0,50.0,27.59170150756836
clip,200.0,50.0,27.64130210876465
clip,200.0,50.0,27.690902709960938
clip,200.0,50.0,27.740501403808594
clip,200.0,50.0,27.790102005004883
clip,200.0,50.0,27.83970069885254
clip,200.0,50.0,27.88930320739746
clip,200.0,50.0,27.93890380859375
clip,200.0,50.0,27.988502502441406
clip,200.0,50.0,28.038103103637695
clip,200.0,50.0,28.08770179748535
clip,200.0,50.0,28.13730239868164
clip,200.0,50.0,28.186901092529297
clip,200.0,50.0,28.23650360107422
clip,200.0,50.0,28.286104202270508
clip,200.0,50.0,28.335702896118164
clip,200.0,50.0,28.385303497314453
clip,200.0,50.0,28.43490219116211
clip,200.0,50.0,28.4845027923584
clip,200.0,50.0,28.53410530090332
clip,200.0,50.0,28.583703994750977
clip,200.0,50.0,28.633304595947266
clip,200.0,50.0,28.682903289794922
clip,200.0,50.0,28.73250389099121
clip,200.0,50.0,28.782102584838867
clip,200.0,50.0,28.831703186035156
clip,200.0,50.0,28.881305694580078
clip,200.0,50.0,28.930904388427734
clip,200.0,50.0,28.980504989624023
clip,200.0,50.0,29.03010368347168
clip,200.0,50.0,29.07970428466797
clip,200.0,50.0,29.129304885864258
clip,200.0,50.0,29.178905487060547
clip,200.0,50.0,29.228506088256836
clip,200.0,50.0,29.278104782104492
clip,200.0,50.0,29.32770538330078
clip,200.0,50.0,29.377304077148438
clip,200.0,50.0,29.426904678344727
clip,200.0,50.0,29.47650718688965
clip,200.0,50.0,29.526105880737305
clip,200.0,50.0,29.575706481933594
clip,200.0,50.0,29.62530517578125
clip,200.0,50.0,29.67490577697754
clip,200.0,50.0,29.724506378173828
clip,200.0,50.0,29.774105072021484
clip,200.0,50.0,29.823707580566406
clip,200.0,50.0,29.873306274414062
clip,200.0,50.0,29.92290687561035
clip,200.0,50.0,29.972505569458008
clip,200.0,50.0,30.022106170654297
clip,200.0,50.0,30.071706771850586
clip,200.0,50.0,30.121307373046875
clip,200.0,50.0,30.170907974243164
clip,200.0,50.0,30.22050666809082
clip,200.0,50.0,30.27010726928711
clip,200.0,50.0,30.3197078704834
clip,200.0,50.0,30.369306564331055
clip,200.0,50.0,30.418907165527344
clip,200.0,50.0,30.468507766723633
clip,200.0,50.0,30.518108367919922
clip,200.0,50.0,30.567707061767578
clip,200.0,50.0,30.617307662963867
clip,200.0,50.0,30.666908264160156
clip,200.0,50.0,30.716506958007812
clip,200.0,50.0,30.766109466552734
clip,200.0,50.0,30.81570816040039
clip,200.0,50.0,30.86530876159668
clip,200.0,50.0,30.91490936279297
clip,200.0,50.0,30.964508056640625
clip,200.0,50.0,31.014108657836914
clip,200.0,50.0,31.06370735168457
clip,200.0,50.0,31.113309860229492
clip,200.0,50.0,31.16290855407715
clip,200.0,50.0,31.212509155273438
clip,200.0,50.0,31.262109756469727
clip,200.0,50.0,31.311708450317383
clip,200.0,50.0,31.361309051513672
clip,200.0,50.0,31.41090965270996
clip,200.0,50.0,31.46051025390625
clip,200.0,50.0,31.51011085510254
clip,200.0,50.0,31.559709548950195
clip,200.0,50.0,31.609310150146484
clip,200.0,50.0,31.65890884399414
clip,200.0,50.0,31.708511352539062
clip,200.0,50.0,31.75811004638672
clip,200.0,50.0,31.807710647583008
clip,200.0,50.0,31.857311248779297
clip,200.0,50.0,31.906909942626953
clip,200.0,50.0,31.956510543823242
clip,200.0,50.0,32.00611114501953
clip,200.0,50.0,32.05571365356445
clip,200.0,50.0,32.10531234741211
clip,200.0,50.0,32.154911041259766
clip,200.0,50.0,32.20451354980469
clip,200.0,50.0,32.254112243652344
clip,200.0,50.0,32.3037109375
clip,200.0,50.0,32.35331344604492
clip,200.0,50.0,32.40291213989258
clip,200.0,50.0,32.4525146484375
clip,200.0,50.0,32.502113342285156
clip,200.0,50.0,32.55171203613281
clip,200.0,50.0,32.60131072998047
clip,200.0,50.0,32.65091323852539
clip,200.0,50.0,32.70051574707031
clip,200.0,50.0,32.75011444091797
clip,200.0,50.0,32.799713134765625
clip,200.0,50.0,32.84931182861328
clip,200.0,50.0,32.8989143371582
clip,200.0,50.0,32.94851303100586
clip,200.0,50.0,32.99811553955078
clip,200.0,50.0,33.04771423339844
clip,200.0,50.0,33.097312927246094
clip,200.0,50.0,33.146915435791016
clip,200.0,50.0,33.19651412963867
clip,200.0,50.0,33.24611282348633
clip,200.0,50.0,33.29571533203125
clip,200.0,50.0,33.345314025878906
clip,200.0,50.0,33.39491653442383
clip,200.0,50.0,33.444515228271484
clip,200.0,50.0,33.49411392211914
clip,200.0,50.0,33.5437126159668
clip,200.0,50.0,33.59331512451172
clip,200.0,50.0,33.64291763305664
clip,200.0,50.0,33.6925163269043
clip,200.0,50.0,33.74211502075195
clip,200.0,50.0,33.79171371459961
clip,200.0,50.0,33.84131622314453
clip,200.0,50.0,33.89091491699219
clip,200.0,50.0,33.94051742553711
clip,200.0,50.0,33.990116119384766
clip,200.0,50.0,34.03971481323242
clip,200.0,50.0,34.089317321777344
clip,200.0,50.0,34.138916015625
clip,200.0,50.0,34.188514709472656
clip,200.0,50.0,34.23811721801758
clip,200.0,50.0,34.287715911865234
clip,200.0,50.0,34.337318420410156
clip,200.0,50.0,34.38691711425781
clip,200.0,50.0,34.43651580810547
clip,200.0,50.0,34.48611831665039
clip,200.0,50.0,34.53571701049805
clip,200.0,50.0,34.58531951904297
clip,200.0,50.0,34.634918212890625
clip,200.0,50.0,34.68451690673828
clip,200.0,50.0,34.73411560058594
clip,200.0,50.0,34.78371810913086
clip,200.0,50.0,34.833316802978516
clip,200.0,50.0,34.88291549682617
clip,200.0,50.0,34.932518005371094
clip,200.0,50.0,34.98211669921875
clip,200.0,50.0,35.03171920776367
clip,200.0,50.0,35.08131790161133
clip,200.0,50.0,35.130916595458984
clip,200.0,50.0,35.180519104003906
clip,200.0,50.0,35.23011779785156
clip,200.0,50.0,35.279720306396484
clip,200.0,50.0,35.32931900024414
clip,200.0,50.0,35.3789176940918
clip,200.0,50.0,35.42852020263672
clip,200.0,50.0,35.478118896484375
clip,200.0,50.0,35.5277214050293
clip,200.0,50.0,35.57732009887695
clip,200.0,50.0,35.62691879272461
clip,200.0,50.0,35.67652130126953
clip,200.0,50.0,35.72611999511719
clip,200.0,50.0,35.775718688964844
clip,200.0,50.0,35.8253173828125
clip,200.0,50.0,35.87491989135742
clip,200.0,50.0,35.92451858520508
clip,200.0,50.0,35.974117279052734
clip,200.0,50.0,36.023719787597656
clip,200.0,50.0,36.07331848144531
clip,200.0,50.0,36.122920989990234
clip,200.0,50.0,36.17251968383789
clip,200.0,50.0,36.22211837768555
clip,200.0,50.0,36.27172088623047
clip,200.0,50.0,36.321319580078125
clip,200.0,50.0,36.37092208862305
clip,200.0,50.0,36.4205207824707
clip,200.0,50.0,36.47011947631836
clip,200.0,50.0,36.51972198486328
clip,200.0,50.0,36.56932067871094
clip,200.0,50.0,36.618919372558594
clip,200.0,50.0,36.668521881103516
clip,200.0,50.0,36.71812057495117
clip,200.0,50.0,36.76771926879883
clip,200.0,50.0,36.81732177734375
clip,200.0,50.0,36.866920471191406
clip,200.0,50.0,36.91651916503906
clip,200.0,50.0,36.966121673583984
clip,200.0,50.0,37.01572036743164
clip,200.0,50.0,37.06532287597656
clip,200.0,50.0,37.11492156982422
clip,200.0,50.0,37.164520263671875
clip,200.0,50.0,37.2141227722168
clip,200.0,50.0,37.26372146606445
clip,200.0,50.0,37.313323974609375
clip,200.0,50.0,37.36292266845703
clip,200.0,50.0,37.41252136230469
clip,200.0,50.0,37.46212387084961
clip,200.0,50.0,37.511722564697266
clip,200.0,50.0,37.56132125854492
clip,200.0,50.0,37.610923767089844
clip,200.0,50.0,37.6605224609375
clip,200.0,50.0,37.710121154785156
clip,200.0,50.0,37.75972366333008
clip,200.0,50.0,37.809322357177734
clip,200.0,50.0,37.85892105102539
clip,200.0,50.0,37.90851974487305
clip,200.0,50.0,37.958126068115234
clip,200.0,50.0,38.00772476196289
clip,200.0,50.0,38.05732345581055
clip,200.0,50.0,38.10692596435547
clip,200.0,50.0,38.156524658203125
clip,200.0,50.0,38.20612335205078
clip,200.0,50.0,38.25572204589844
clip,200.0,50.0,38.30532455444336
clip,200.0,50.0,38.354923248291016
clip,200.0,50.0,38.40452194213867
clip,200.0,50.0,38.454124450683594
clip,200.0,50.0,38.50372314453125
clip,200.0,50.0,38.553321838378906
clip,200.0,50.0,38.602928161621094
clip,200.0,50.0,38.65252685546875
clip,200.0,50.0,38.702125549316406
clip,200.0,50.0,38.75172424316406
clip,200.0,50.0,38.801326751708984
clip,200.0,50.0,38.85092544555664
clip,200.0,50.0,38.9005241394043
clip,200.0,50.0,38.95012664794922
clip,200.0,50.0,38.999725341796875
clip,200.0,50.0,39.04932403564453
clip,200.0,50.0,39.09892272949219
clip,200.0,50.0,39.14852523803711
clip,200.0,50.0,39.19812774658203
clip,200.0,50.0,39.24772644042969
clip,200.0,50.0,39.29732894897461
clip,200.0,50.0,39.346927642822266
clip,200.0,50.0,39.39652633666992
clip,200.0,50.0,39.44612503051758
clip,200.0,50.0,39.4957275390625
clip,200.0,50.0,39.545326232910156
clip,200.0,50.0,39.59492492675781
clip,200.0,50.0,39.644527435302734
clip,200.0,50.0,39.69412612915039
clip,200.0,50.0,39.74372482299805
clip,200.0,50.0,39.79332733154297
clip,200.0,50.0,39.84292984008789
clip,200.0,50.0,39.89252853393555
clip,200.0,50.0,39.9421272277832
clip,200.0,50.0,39.991729736328125
clip,200.0,50.0,40.04132843017578
clip,200.0,50.0,40.09092712402344
clip,200.0,50.0,40.14052963256836
clip,200.0,50.0,40.190128326416016
clip,200.0,50.0,40.23972702026367
clip,200.0,50.0,40.28932571411133
clip,200.0,50.0,40.33892822265625
clip,200.0,50.0,40.388526916503906
clip,200.0,50.0,40.43812561035156
clip,200.0,50.0,40.48773193359375
clip,200.0,50.0,40.537330627441406
clip,200.0,50.0,40.58692932128906
clip,200.0,50.0,40.63652801513672
clip,200.0,50.0,40.68613052368164
clip,200.0,50.0,40.7357292175293
clip,200.0,50.0,40.78532791137695
clip,200.0,50.0,40.834930419921875
clip,200.0,50.0,40.88452911376953
clip,200.0,50.0,40.93412780761719
clip,200.0,50.0,40.98373031616211
clip,200.0,50.0,41.033329010009766
clip,200.0,50.0,41.08292770385742
clip,200.0,50.0,41.132530212402344
clip,200.0,50.0,41.182132720947266
clip,200.0,50.0,41.23173141479492
clip,200.0,50.0,41.28133010864258
clip,200.0,50.0,41.3309326171875
clip,200.0,50.0,41.380531311035156
clip,200.0,50.0,41.43013000488281
clip,200.0,50.0,41.47972869873047
clip,200.0,50.0,41.52933120727539
clip,200.0,50.0,41.57892990112305
clip,200.0,50.0,41.6285285949707
clip,200.0,50.0,41.678131103515625
clip,200.0,50.0,41.72772979736328
clip,200.0,50.0,41.7773323059082
clip,200.0,50.0,41.82693099975586
clip,200.0,50.0,41.87653350830078
clip,200.0,50.0,41.92613220214844
clip,200.0,50.0,41.975730895996094
clip,200.0,50.0,42.025333404541016
clip,200.0,50.0,42.07493209838867
clip,200.0,50.0,42.12453079223633
clip,200.0,50.0,42.17413330078125
clip,200.0,50.0,42.223731994628906
clip,200.0,50.0,42.27333068847656
clip,200.0,50.0,42.32292938232422
clip,200.0,50.0,42.372535705566406
clip,200.0,50.0,42.42213439941406
clip,200.0,50.0,42.47173309326172
clip,200.0,50.0,42.52133560180664
clip,200.0,50.0,42.5709342956543
clip,200.0,50.0,42.62053298950195
clip,200.0,50.0,42.67013168334961
clip,200.0,50.0,42.71973419189453
clip,200.0,50.0,42.76933288574219
clip,200.0,50.0,42.818931579589844
clip,200.0,50.0,42.868534088134766
clip,200.0,50.0,42.91813278198242
clip,200.0,50.0,42.96773147583008
clip,200.0,50.0,43.017330169677734
clip,200.0,50.0,43.06693649291992
clip,200.0,50.0,43.11653518676758
clip,200.0,50.0,43.166133880615234
clip,200.0,50.0,43.215736389160156
clip,200.0,50.0,43.26533508300781
clip,200.0,50.0,43.31493377685547
clip,200.0,50.0,43.36453628540039
clip,200.0,50.0,43.41413497924805
clip,200.0,50.0,43.4637336730957
clip,200.0,50.0,43.51333236694336
clip,200.0,50.0,43.56293487548828
clip,200.0,50.0,43.61253356933594
clip,200.0,50.0,43.66213607788086
clip,200.0,50.0,43.71173858642578
clip,200.0,50.0,43.76133728027344
clip,200.0,50.0,43.810935974121094
clip,200.0,50.0,43.86053466796875
clip,200.0,50.0,43.91013717651367
clip,200.0,50.0,43.95973587036133
clip,200.0,50.0,44.009334564208984
clip,200.0,50.0,44.058937072753906
clip,200.0,50.0,44.10853576660156
clip,200.0,50.0,44.15813446044922
clip,200.0,50.0,44.207733154296875
clip,200.0,50.0,44.2573356628418
clip,200.0,50.0,44.30693817138672
clip,200.0,50.0,44.356536865234375
clip,200.0,50.0,44.4061393737793
clip,200.0,50.0,44.45573806762695
clip,200.0,50.0,44.50533676147461
clip,200.0,50.0,44.55493927001953
clip,200.0,50.0,44.60453796386719
clip,200.0,50.0,44.654136657714844
clip,200.0,50.0,44.7037353515625
clip,200.0,50.0,44.75333786010742
clip,200.0,50.0,44.80293655395508
clip,200.0,50.0,44.852535247802734
clip,200.0,50.0,44.902137756347656
clip,200.0,50.0,44.95174026489258
clip,200.0,50.0,45.001338958740234
clip,200.0,50.0,45.05093765258789
clip,200.0,50.0,45.10054016113281
clip,200.0,50.0,45.15013885498047
clip,200.0,50.0,45.199737548828125
clip,200.0,50.0,45.24934005737305
clip,200.0,50.0,45.2989387512207
clip,200.0,50.0,45.34853744506836
clip,200.0,50.0,45.398136138916016
clip,200.0,50.0,45.44773864746094
clip,200.0,50.0,45.497337341308594
clip,200.0,50.0,45.54693603515625
clip,200.0,50.0,45.59654235839844
clip,200.0,50.0,45.646141052246094
clip,200.0,50.0,45.69573974609375
clip,200.0,50.0,45.74534225463867
clip,200.0,50.0,45.79494094848633
clip,200.0,50.0,45.844539642333984
clip,200.0,50.0,45.89413833618164
clip,200.0,50.0,45.94374084472656
clip,200.0,50.0,45.99333953857422
clip,200.0,50.0,46.042938232421875
clip,200.0,50.0,46.0925407409668
clip,200.0,50.0,46.14213943481445
clip,200.0,50.0,46.19173812866211
clip,200.0,50.0,46.24134063720703
clip,200.0,50.0,46.29094314575195
clip,200.0,50.0,46.34054183959961
clip,200.0,50.0,46.390140533447266
clip,200.0,50.0,46.43974304199219
clip,200.0,50.0,46.489341735839844
clip,200.0,50.0,46.5389404296875
clip,200.0,50.0,46.588539123535156
clip,200.0,50.0,46.63814163208008
clip,200.0,50.0,46.687740325927734
clip,200.0,50.0,46.73733901977539
clip,200.0,50.0,46.78694152832031
clip,200.0,50.0,46.836544036865234
clip,200.0,50.0,46.88614273071289
clip,200.0,50.0,46.93574523925781
clip,200.0,50.0,46.98534393310547
clip,200.0,50.0,47.034942626953125
clip,200.0,50.0,47.08454132080078
clip,200.0,50.0,47.1341438293457
clip,200.0,50.0,47.18374252319336
clip,200.0,50.0,47.233341217041016
clip,200.0,50.0,47.28294372558594
clip,200.0,50.0,47.332542419433594
clip,200.0,50.0,47.38214111328125
clip,200.0,50.0,47.431739807128906
clip,200.0,50.0,47.481346130371094
clip,200.0,50.0,47.53094482421875
clip,200.0,50.0,47.580543518066406
clip,200.0,50.0,47.63014602661133
clip,200.0,50.0,47.679744720458984
clip,200.0,50.0,47.72934341430664
clip,200.0,50.0,47.7789421081543
clip,200.0,50.0,47.82854461669922
clip,200.0,50.0,47.878143310546875
clip,200.0,50.0,47.92774200439453
clip,200.0,50.0,47.97734451293945
clip,200.0,50.0,48.02694320678711
clip,200.0,50.0,48.076541900634766
clip,200.0,50.0,48.12614822387695
clip,200.0,50.0,48.17574691772461
clip,200.0,50.0,48.225345611572266
clip,200.0,50.0,48.27494430541992
clip,200.0,50.0,48.324546813964844
clip,200.0,50.0,48.3741455078125
clip,200.0,50.0,48.423744201660156
clip,200.0,50.0,48.47334671020508
clip,200.0,50.0,48.522945404052734
clip,200.0,50.0,48.57254409790039
clip,200.0,50.0,48.62214279174805
clip,200.0,50.0,48.67174530029297
clip,200.0,50.0,48.721343994140625
clip,200.0,50.0,48.77094650268555
clip,200.0,50.0,48.82054901123047
clip,200.0,50.0,48.870147705078125
clip,200.0,50.0,48.91974639892578
clip,200.0,50.0,48.96934509277344
clip,200.0,50.0,49.01894760131836
clip,200.0,50.0,49.068546295166016
clip,200.0,50.0,49.11814498901367
clip,200.0,50.0,49.167747497558594
clip,200.0,50.0,49.21734619140625
clip,200.0,50.0,49.266944885253906
clip,200.0,50.0,49.31654739379883
clip,200.0,50.0,49.366146087646484
clip,200.0,50.0,49.415748596191406
clip,200.0,50.0,49.46534729003906
clip,200.0,50.0,49.514949798583984
clip,200.0,50.0,49.56454849243164
clip,200.0,50.0,49.6141471862793
clip,200.0,50.0,49.66374969482422
clip,200.0,50.0,49.713348388671875
clip,200.0,50.0,49.76294708251953
clip,200.0,50.0,49.81254577636719
clip,200.0,50.0,49.86214828491211
clip,200.0,50.0,49.911746978759766
clip,200.0,50.0,49.96134567260742
clip,200.0,50.0,50.01095199584961
clip,200.0,50.0,50.060550689697266
clip,200.0,50.0,50.11014938354492
clip,200.0,50.0,50.15974807739258
clip,200.0,50.0,50.2093505859375
clip,200.0,50.0,50.258949279785156
clip,200.0,50.0,50.30854797363281
clip,200.0,50.0,50.358150482177734
clip,200.0,50.0,50.40774917602539
clip,200.0,50.0,50.45734786987305
clip,200.0,50.0,50.50695037841797
clip,200.0,50.0,50.556549072265625
clip,200.0,50.0,50.60614776611328
clip,200.0,50.0,50.65574645996094
clip,200.0,50.0,50.705352783203125
clip,200.0,50.0,50.75495147705078
clip,200.0,50.0,50.80455017089844
clip,200.0,50.0,50.85415267944336
clip,200.0,50.0,50.903751373291016
clip,200.0,50.0,50.95335006713867
clip,200.0,50.0,51.00294876098633
clip,200.0,50.0,51.05255126953125
clip,200.0,50.0,51.102149963378906
clip,200.0,50.0,51.15174865722656
clip,200.0,50.0,51.201351165771484
clip,200.0,50.0,51.25094985961914
clip,200.0,50.0,51.30055236816406
clip,200.0,50.0,51.35015106201172
clip,200.0,50.0,51.39975357055664
clip,200.0,50.0,51.4493522644043
clip,200.0,50.0,51.49895095825195
clip,200.0,50.0,51.548553466796875
clip,200.0,50.0,51.59815216064453
clip,200.0,50.0,51.64775085449219
clip,200.0,50.0,51.69735336303711
clip,200.0,50.0,51.746952056884766
clip,200.0,50.0,51.79655075073242
clip,200.0,50.0,51.84614944458008
clip,200.0,50.0,51.895751953125
clip,200.0,50.0,51.94535446166992
clip,200.0,50.0,51.99495315551758
clip,200.0,50.0,52.0445556640625
clip,200.0,50.0,52.094154357910156
clip,200.0,50.0,52.14375305175781
clip,200.0,50.0,52.19335174560547
clip,200.0,50.0,52.24295425415039
clip,200.0,50.0,52.29255294799805
clip,200.0,50.0,52.3421516418457
clip,200.0,50.0,52.391754150390625
clip,200.0,50.0,52.44135284423828
clip,200.0,50.0,52.49095153808594
clip,200.0,50.0,52.540550231933594
clip,200.0,50.0,52.59015655517578
clip,200.0,50.0,52.63975524902344
clip,200.0,50.0,52.689353942871094
clip,200.0,50.0,52.738956451416016
clip,200.0,50.0,52.78855514526367
clip,200.0,50.0,52.83815383911133
clip,200.0,50.0,52.88775634765625
clip,200.0,50.0,52.937355041503906
clip,200.0,50.0,52.98695373535156
clip,200.0,50.0,53.03655242919922
clip,200.0,50.0,53.08615493774414
clip,200.0,50.0,53.1357536315918
clip,200.0,50.0,53.18535232543945
clip,200.0,50.0,53.23495864868164
clip,200.0,50.0,53.2845573425293
clip,200.0,50.0,53.33415603637695
clip,200.0,50.0,53.38375473022461
clip,200.0,50.0,53.43335723876953
clip,200.0,50.0,53.48295593261719
clip,200.0,50.0,53.532554626464844
clip,200.0,50.0,53.582157135009766
clip,200.0,50.0,53.63175582885742
clip,200.0,50.0,53.68135452270508
clip,200.0,50.0,53.730953216552734
clip,200.0,50.0,53.780555725097656
clip,200.0,50.0,53.83015441894531
clip,200.0,50.0,53.879756927490234
clip,200.0,50.0,53.929359436035156
clip,200.0,50.0,53.97895812988281
clip,200.0,50.0,54.02855682373047
clip,200.0,50.0,54.07815933227539
clip,200.0,50.0,54.12775802612305
clip,200.0,50.0,54.1773567199707
clip,200.0,50.0,54.22695541381836
clip,200.0,50.0,54.27655792236328
clip,200.0,50.0,54.32615661621094
clip,200.0,50.0,54.375755310058594
clip,200.0,50.0,54.425357818603516
clip,200.0,50.0,54.47496032714844
clip,200.0,50.0,54.524559020996094
clip,200.0,50.0,54.57415771484375
clip,200.0,50.0,54.62376022338867
clip,200.0,50.0,54.67335891723633
clip,200.0,50.0,54.722957611083984
clip,200.0,50.0,54.772560119628906
clip,200.0,50.0,54.82215881347656
clip,200.0,50.0,54.87175750732422
clip,200.0,50.0,54.921356201171875
clip,200.0,50.0,54.9709587097168
clip,200.0,50.0,55.02055740356445
clip,200.0,50.0,55.07015609741211
clip,200.0,50.0,55.1197624206543
clip,200.0,50.0,55.16936111450195
clip,200.0,50.0,55.21895980834961
clip,200.0,50.0,55.26856231689453
clip,200.0,50.0,55.31816101074219
clip,200.0,50.0,55.367759704589844
clip,200.0,50.0,55.4173583984375
clip,200.0,50.0,55.46696090698242
clip,200.0,50.0,55.51655960083008
clip,200.0,50.0,55.566158294677734
clip,200.0,50.0,55.615760803222656
clip,200.0,50.0,55.66535949707031
clip,200.0,50.0,55.71495819091797
clip,200.0,50.0,55.76456069946289
clip,200.0,50.0,55.81416320800781
clip,200.0,50.0,55.86376190185547
clip,200.0,50.0,55.913360595703125
clip,200.0,50.0,55.96296310424805
clip,200.0,50.0,56.0125617980957
clip,200.0,50.0,56.06216049194336
clip,200.0,50.0,56.111759185791016
clip,200.0,50.0,56.16136169433594
clip,200.0,50.0,56.210960388183594
clip,200.0,50.0,56.26055908203125
clip,200.0,50.0,56.31016159057617
clip,200.0,50.0,56.35976028442383
clip,200.0,50.0,56.40936279296875
clip,200.0,50.0,56.45896530151367
clip,200.0,50.0,56.50856399536133
clip,200.0,50.0,56.558162689208984
clip,200.0,50.0,56.60776138305664
clip,200.0,50.0,56.65736389160156
clip,200.0,50.0,56.70696258544922
clip,200.0,50.0,56.756561279296875
clip,200.0,50.0,56.8061637878418
clip,200.0,50.0,56.85576248168945
clip,200.0,50.0,56.90536117553711
clip,200.0,50.0,56.954959869384766
clip,200.0,50.0,57.00456237792969
clip,200.0,50.0,57.05416488647461
clip,200.0,50.0,57.103763580322266
clip,200.0,50.0,57.15336608886719
clip,200.0,50.0,57.202964782714844
clip,200.0,50.0,57.2525634765625
clip,200.0,50.0,57.302162170410156
clip,200.0,50.0,57.35176467895508
clip,200.0,50.0,57.401363372802734
clip,200.0,50.0,57.45096206665039
clip,200.0,50.0,57.50056457519531
clip,200.0,50.0,57.55016326904297
clip,200.0,50.0,57.599761962890625
clip,200.0,50.0,57.64936828613281
clip,200.0,50.0,57.69896697998047
clip,200.0,50.0,57.748565673828125
clip,200.0,50.0,57.79816436767578
clip,200.0,50.0,57.8477668762207
clip,200.0,50.0,57.89736557006836
clip,200.0,50.0,57.946964263916016
clip,200.0,50.0,57.99656677246094
clip,200.0,50.0,58.046165466308594
clip,200.0,50.0,58.09576416015625
clip,200.0,50.0,58.145362854003906
clip,200.0,50.0,58.19496536254883
clip,200.0,50.0,58.244564056396484
clip,200.0,50.0,58.29416275024414
clip,200.0,50.0,58.34376907348633
clip,200.0,50.0,58.393367767333984
clip,200.0,50.0,58.44296646118164
clip,200.0,50.0,58.4925651550293
clip,200.0,50.0,58.54216766357422
clip,200.0,50.0,58.591766357421875
clip,200.0,50.0,58.64136505126953
clip,200.0,50.0,58.69096755981445
clip,200.0,50.0,58.74056625366211
clip,200.0,50.0,58.790164947509766
clip,200.0,50.0,58.83976745605469
clip,200.0,50.0,58.889366149902344
clip,200.0,50.0,58.938968658447266
clip,200.0,50.0,58.98856735229492
clip,200.0,50.0,59.038169860839844
clip,200.0,50.0,59.0877685546875
clip,200.0,50.0,59.137367248535156
clip,200.0,50.0,59.18696975708008
clip,200.0,50.0,59.236568450927734
clip,200.0,50.0,59.28616714477539
clip,200.0,50.0,59.33576583862305
clip,200.0,50.0,59.38536834716797
clip,200.0,50.0,59.434967041015625
clip,200.0,50.0,59.48456573486328
clip,200.0,50.0,59.5341682434082
clip,200.0,50.0,59.583770751953125
clip,200.0,50.0,59.63336944580078
clip,200.0,50.0,59.68296813964844
clip,200.0,50.0,59.73257064819336
clip,200.0,50.0,59.782169342041016
clip,200.0,50.0,59.83176803588867
clip,200.0,50.0,59.881370544433594
clip,200.0,50.0,59.93096923828125
clip,200.0,50.0,59.980567932128906
clip,200.0,50.0,60.03017044067383
clip,200.0,50.0,60.079769134521484
clip,200.0,50.0,60.12936782836914
clip,200.0,50.0,60.1789665222168
clip,200.0,50.0,60.228572845458984
clip,200.0,50.0,60.27817153930664
clip,200.0,50.0,60.3277702331543
clip,200.0,50.0,60.37737274169922
clip,200.0,50.0,60.426971435546875
clip,200.0,50.0,60.47657012939453
clip,200.0,50.0,60.52616882324219
clip,200.0,50.0,60.57577133178711
clip,200.0,50.0,60.625370025634766
clip,200.0,50.0,60.67496871948242
clip,200.0,50.0,60.724571228027344
clip,200.0,50.0,60.774169921875
clip,200.0,50.0,60.823768615722656
clip,200.0,50.0,60.87337112426758
clip,200.0,50.0,60.9229736328125
clip,200.0,50.0,60.972572326660156
clip,200.0,50.0,61.02217102050781
clip,200.0,50.0,61.071773529052734
clip,200.0,50.0,61.12137222290039
clip,200.0,50.0,61.17097091674805
clip,200.0,50.0,61.22057342529297
clip,200.0,50.0,61.270172119140625
clip,200.0,50.0,61.31977081298828
clip,200.0,50.0,61.36936950683594
clip,200.0,50.0,61.41897201538086
clip,200.0,50.0,61.468570709228516
clip,200.0,50.0,61.51817321777344
clip,200.0,50.0,61.56777572631836
clip,200.0,50.0,61.617374420166016
clip,200.0,50.0,61.66697311401367
clip,200.0,50.0,61.71657180786133
clip,200.0,50.0,61.76617431640625
clip,200.0,50.0,61.815773010253906
clip,200.0,50.0,61.86537170410156
clip,200.0,50.0,61.914974212646484
clip,200.0,50.0,61.96457290649414
clip,200.0,50.0,62.0141716003418
clip,200.0,50.0,62.06377029418945
clip,200.0,50.0,62.11337661743164
clip,200.0,50.0,62.1629753112793
clip,200.0,50.0,62.21257400512695
clip,200.0,50.0,62.262176513671875
clip,200.0,50.0,62.31177520751953
clip,200.0,50.0,62.36137390136719
clip,200.0,50.0,62.41097640991211
clip,200.0,50.0,62.460575103759766
clip,200.0,50.0,62.51017379760742
clip,200.0,50.0,62.55977249145508
clip,200.0,50.0,62.609375
clip,200.0,50.0,62.658973693847656
clip,200.0,50.0,62.70857238769531
clip,200.0,50.0,62.7581787109375
clip,200.0,50.0,62.807777404785156
clip,200.0,50.0,62.85737609863281
clip,200.0,50.0,62.90697479248047
clip,200.0,50.0,62.95657730102539
clip,200.0,50.0,63.00617599487305
clip,200.0,50.0,63.0557746887207
clip,200.0,50.0,63.105377197265625
clip,200.0,50.0,63.15497589111328
clip,200.0,50.0,63.20457458496094
clip,200.0,50.0,63.254173278808594
clip,200.0,50.0,63.303775787353516
clip,200.0,50.0,63.35337448120117
clip,200.0,50.0,63.40297317504883
clip,200.0,50.0,63.452579498291016
clip,200.0,50.0,63.50217819213867
clip,200.0,50.0,63.55177688598633
clip,200.0,50.0,63.60137939453125
clip,200.0,50.0,63.650978088378906
clip,200.0,50.0,63.70057678222656
clip,200.0,50.0,63.75017547607422
clip,200.0,50.0,63.79977798461914
clip,200.0,50.0,63.8493766784668
clip,200.0,50.0,63.89897537231445
clip,200.0,50.0,63.948577880859375
clip,200.0,50.0,63.99817657470703
clip,200.0,50.0,64.04778289794922
clip,200.0,50.0,64.09738159179688
clip,200.0,50.0,64.14698028564453
clip,200.0,50.0,64.19657897949219
clip,200.0,50.0,64.24617767333984
clip,200.0,50.0,64.29578399658203
clip,200.0,50.0,64.34538269042969
clip,200.0,50.0,64.39498138427734
clip,200.0,50.0,64.444580078125
clip,200.0,50.0,64.49417877197266
clip,200.0,50.0,64.54377746582031
clip,200.0,50.0,64.59337615966797
clip,200.0,50.0,64.64298248291016
clip,200.0,50.0,64.69258117675781
clip,200.0,50.0,64.74217987060547
clip,200.0,50.0,64.79178619384766
clip,200.0,50.0,64.84138488769531
clip,200.0,50.0,64.89098358154297
clip,200.0,50.0,64.94058227539062
clip,200.0,50.0,64.99018096923828
clip,200.0,50.0,65.03977966308594
clip,200.0,50.0,65.0893783569336
clip,200.0,50.0,65.13898468017578
clip,200.0,50.0,65.18858337402344
clip,200.0,50.0,65.2381820678711
clip,200.0,50.0,65.28778076171875
clip,200.0,50.0,65.33738708496094
clip,200.0,50.0,65.3869857788086
clip,200.0,50.0,65.43658447265625
clip,200.0,50.0,65.4861831665039
clip,200.0,50.0,65.53578186035156
clip,200.0,50.0,65.58538055419922
clip,200.0,50.0,65.63497924804688
clip,200.0,50.0,65.68458557128906
clip,200.0,50.0,65.73418426513672
clip,200.0,50.0,65.78378295898438
clip,200.0,50.0,65.83338165283203
clip,200.0,50.0,65.88298034667969
clip,200.0,50.0,65.93257904052734
clip,200.0,50.0,65.98218536376953
clip,200.0,50.0,66.03178405761719
clip,200.0,50.0,66.08138275146484
clip,200.0,50.0,66.1309814453125
clip,200.0,50.0,66.18058776855469
clip,200.0,50.0,66.23018646240234
clip,200.0,50.0,66.27978515625
clip,200.0,50.0,66.32938385009766
clip,200.0,50.0,66.37898254394531
clip,200.0,50.0,66.42858123779297
clip,200.0,50.0,66.47817993164062
clip,200.0,50.0,66.52778625488281
clip,200.0,50.0,66.57738494873047
clip,200.0,50.0,66.62698364257812
clip,200.0,50.0,66.67658996582031
clip,200.0,50.0,66.72618865966797
clip,200.0,50.0,66.77578735351562
clip,200.0,50.0,66.82538604736328
clip,200.0,50.0,66.87498474121094
clip,200.0,50.0,66.9245834350586
clip,200.0,50.0,66.97418212890625
clip,200.0,50.0,67.02378845214844
clip,200.0,50.0,67.0733871459961
clip,200.0,50.0,67.12298583984375
clip,200.0,50.0,67.1725845336914
clip,200.0,50.0,67.2221908569336
clip,200.0,50.0,67.27178955078125
clip,200.0,50.0,67.3213882446289
clip,200.0,50.0,67.37098693847656
clip,200.0,50.0,67.42058563232422
clip,200.0,50.0,67.47018432617188
clip,200.0,50.0,67.51979064941406
clip,200.0,50.0,67.56938934326172
clip,200.0,50.0,67.61898803710938
clip,200.0,50.0,67.66858673095703
clip,200.0,50.0,67.71818542480469
clip,200.0,50.0,67.76778411865234
clip,200.0,50.0,67.8173828125
clip,200.0,50.0,67.86698913574219
clip,200.0,50.0,67.91658782958984
clip,200.0,50.0,67.9661865234375
clip,200.0,50.0,68.01578521728516
clip,200.0,50.0,68.06538391113281
clip,200.0,50.0,68.11498260498047
clip,200.0,50.0,68.16458129882812
clip,200.0,50.0,68.21418762207031
clip,200.0,50.0,68.26378631591797
clip,200.0,50.0,68.31338500976562
clip,200.0,50.0,68.36299133300781
clip,200.0,50.0,68.41259002685547
clip,200.0,50.0,68.46218872070312
clip,200.0,50.0,68.51178741455078
clip,200.0,50.0,68.56138610839844
clip,200.0,50.0,68.6109848022461
clip,200.0,50.0,68.66058349609375
clip,200.0,50.0,68.71018981933594
clip,200.0,50.0,68.7597885131836
clip,200.0,50.0,68.80938720703125
clip,200.0,50.0,68.8589859008789
clip,200.0,50.0,68.9085922241211
clip,200.0,50.0,68.95819091796875
clip,200.0,50.0,69.0077896118164
clip,200.0,50.0,69.05738830566406
clip,200.0,50.0,69.10698699951172
clip,200.0,50.0,69.15658569335938
clip,200.0,50.0,69.20619201660156
clip,200.0,50.0,69.25579071044922
clip,200.0,50.0,69.30538940429688
clip,200.0,50.0,69.35498809814453
clip,200.0,50.0,69.40458679199219
clip,200.0,50.0,69.45419311523438
clip,200.0,50.0,69.50379180908203
clip,200.0,50.0,69.55339050292969
clip,200.0,50.0,69.60298919677734
clip,200.0,50.0,69.652587890625
clip,200.0,50.0,69.70218658447266
clip,200.0,50.0,69.75179290771484
clip,200.0,50.0,69.8013916015625
clip,200.0,50.0,69.85099029541016
clip,200.0,50.0,69.90058898925781
clip,200.0,50.0,69.95018768310547
clip,200.0,50.0,69.99978637695312
clip,200.0,50.0,70.04938507080078
clip,200.0,50.0,70.09899139404297
clip,200.0,50.0,70.14859008789062
clip,200.0,50.0,70.19818878173828
clip,200.0,50.0,70.24779510498047
clip,200.0,50.0,70.29739379882812
clip,200.0,50.0,70.34699249267578
clip,200.0,50.0,70.39659118652344
clip,200.0,50.0,70.4461898803711
clip,200.0,50.0,70.49578857421875
clip,200.0,50.0,70.5453872680664
clip,200.0,50.0,70.5949935913086
clip,200.0,50.0,70.64459228515625
clip,200.0,50.0,70.6941909790039
clip,200.0,50.0,70.7437973022461
clip,200.0,50.0,70.79339599609375
clip,200.0,50.0,70.8429946899414
clip,200.0,50.0,70.89259338378906
clip,200.0,50.0,70.94219207763672
clip,200.0,50.0,70.99179077148438
clip,200.0,50.0,71.04138946533203
clip,200.0,50.0,71.09099578857422
clip,200.0,50.0,71.14059448242188
clip,200.0,50.0,71.19019317626953
clip,200.0,50.0,71.23979187011719
clip,200.0,50.0,71.28939056396484
clip,200.0,50.0,71.3389892578125
clip,200.0,50.0,71.38859558105469
clip,200.0,50.0,71.43819427490234
clip,200.0,50.0,71.48779296875
clip,200.0,50.0,71.53739929199219
clip,200.0,50.0,71.58699035644531
clip,200.0,50.0,71.6365966796875
clip,200.0,50.0,71.68619537353516
clip,200.0,50.0,71.73579406738281
clip,200.0,50.0,71.78539276123047
clip,200.0,50.0,71.83499145507812
clip,200.0,50.0,71.88459014892578
clip,200.0,50.0,71.93419647216797
clip,200.0,50.0,71.9837875366211
clip,200.0,50.0,72.03339385986328
clip,200.0,50.0,72.08300018310547
clip,200.0,50.0,72.1325912475586
clip,200.0,50.0,72.18219757080078
clip,200.0,50.0,72.23179626464844
clip,200.0,50.0,72.2813949584961
clip,200.0,50.0,72.33099365234375
clip,200.0,50.0,72.38059997558594
clip,200.0,50.0,72.43019104003906
clip,200.0,50.0,72.47979736328125
clip,200.0,50.0,72.5293960571289
clip,200.0,50.0,72.57899475097656
clip,200.0,50.0,72.62860107421875
clip,200.0,50.0,72.67819213867188
clip,200.0,50.0,72.72779846191406
clip,200.0,50.0,72.77739715576172
clip,200.0,50.0,72.82699584960938
clip,200.0,50.0,72.87659454345703
clip,200.0,50.0,72.92620086669922
clip,200.0,50.0,72.97579193115234
clip,200.0,50.0,73.02539825439453
clip,200.0,50.0,73.07499694824219
clip,200.0,50.0,73.12459564208984
clip,200.0,50.0,73.1741943359375
clip,200.0,50.0,73.22380065917969
clip,200.0,50.0,73.27339172363281
clip,200.0,50.0,73.322998046875
clip,200.0,50.0,73.37260437011719
clip,200.0,50.0,73.42219543457031
clip,200.0,50.0,73.4718017578125
clip,200.0,50.0,73.52139282226562
clip,200.0,50.0,73.57099914550781
clip,200.0,50.0,73.62059783935547
clip,200.0,50.0,73.67019653320312
clip,200.0,50.0,73.71979522705078
clip,200.0,50.0,73.76940155029297
clip,200.0,50.0,73.8189926147461
clip,200.0,50.0,73.86859893798828
clip,200.0,50.0,73.91820526123047
clip,200.0,50.0,73.9677963256836
clip,200.0,50.0,74.01740264892578
clip,200.0,50.0,74.06700134277344
clip,200.0,50.0,74.1166000366211
clip,200.0,50.0,74.16619873046875
clip,200.0,50.0,74.2157974243164
clip,200.0,50.0,74.26539611816406
clip,200.0,50.0,74.31500244140625
clip,200.0,50.0,74.36459350585938
clip,200.0,50.0,74.41419982910156
clip,200.0,50.0,74.46379852294922
clip,200.0,50.0,74.51339721679688
clip,200.0,50.0,74.56300354003906
clip,200.0,50.0,74.61260223388672
clip,200.0,50.0,74.66220092773438
clip,200.0,50.0,74.71179962158203
clip,200.0,50.0,74.76140594482422
clip,200.0,50.0,74.81099700927734
clip,200.0,50.0,74.86060333251953
clip,200.0,50.0,74.91020202636719
clip,200.0,50.0,74.95980072021484
clip,200.0,50.0,75.0093994140625
clip,200.0,50.0,75.05899810791016
clip,200.0,50.0,75.10859680175781
clip,200.0,50.0,75.158203125
clip,200.0,50.0,75.20780181884766
clip,200.0,50.0,75.25740051269531
clip,200.0,50.0,75.3070068359375
clip,200.0,50.0,75.35659790039062
clip,200.0,50.0,75.40620422363281
clip,200.0,50.0,75.45580291748047
clip,200.0,50.0,75.50540161132812
clip,200.0,50.0,75.55500030517578
clip,200.0,50.0,75.60460662841797
clip,200.0,50.0,75.6541976928711
clip,200.0,50.0,75.70380401611328
clip,200.0,50.0,75.75340270996094
clip,200.0,50.0,75.8030014038086
clip,200.0,50.0,75.85260772705078
clip,200.0,50.0,75.9021987915039
clip,200.0,50.0,75.9518051147461
clip,200.0,50.0,76.00140380859375
clip,200.0,50.0,76.0510025024414
clip,200.0,50.0,76.10060119628906
clip,200.0,50.0,76.15020751953125
clip,200.0,50.0,76.19979858398438
clip,200.0,50.0,76.24940490722656
clip,200.0,50.0,76.29900360107422
clip,200.0,50.0,76.34860229492188
clip,200.0,50.0,76.39820098876953
clip,200.0,50.0,76.44780731201172
clip,200.0,50.0,76.49740600585938
clip,200.0,50.0,76.54700469970703
clip,200.0,50.0,76.59660339355469
clip,200.0,50.0,76.64620208740234
clip,200.0,50.0,76.69580841064453
clip,200.0,50.0,76.74539947509766
clip,200.0,50.0,76.79500579833984
clip,200.0,50.0,76.8446044921875
clip,200.0,50.0,76.89420318603516
clip,200.0,50.0,76.94380187988281
clip,200.0,50.0,76.993408203125
clip,200.0,50.0,77.04299926757812
clip,200.0,50.0,77.09260559082031
clip,200.0,50.0,77.1422119140625
clip,200.0,50.0,77.19180297851562
clip,200.0,50.0,77.24140930175781
clip,200.0,50.0,77.29100799560547
clip,200.0,50.0,77.34060668945312
clip,200.0,50.0,77.39020538330078
clip,200.0,50.0,77.43980407714844
clip,200.0,50.0,77.4894027709961
clip,200.0,50.0,77.53900909423828
clip,200.0,50.0,77.5886001586914
clip,200.0,50.0,77.6382064819336
clip,200.0,50.0,77.68780517578125
clip,200.0,50.0,77.7374038696289
clip,200.0,50.0,77.7870101928711
clip,200.0,50.0,77.83660888671875
clip,200.0,50.0,77.8862075805664
clip,200.0,50.0,77.93580627441406
clip,200.0,50.0,77.98541259765625
clip,200.0,50.0,78.03500366210938
clip,200.0,50.0,78.08460998535156
clip,200.0,50.0,78.13420867919922
clip,200.0,50.0,78.18380737304688
clip,200.0,50.0,78.23340606689453
clip,200.0,50.0,78.30374908447266
clip,200.0,50.0,78.37409210205078
clip,200.0,50.0,78.4444351196289
clip,200.0,50.0,78.5147705078125
clip,200.0,50.0,78.58512115478516
clip,200.0,50.0,78.65546417236328
clip,200.0,50.0,78.72579956054688
clip,200.0,50.0,78.796142578125
clip,200.0,50.0,78.86648559570312
clip,200.0,50.0,78.93682098388672
clip,200.0,50.0,79.00716400146484
clip,200.0,50.0,79.0775146484375
clip,200.0,50.0,79.14785766601562
clip,200.0,50.0,79.21819305419922
clip,200.0,50.0,79.28853607177734
clip,200.0,50.0,79.35887908935547
clip,200.0,50.0,79.42921447753906
clip,200.0,50.0,79.49956512451172
clip,200.0,50.0,79.56990814208984
clip,200.0,50.0,79.64025115966797
clip,200.0,50.0,79.71058654785156
clip,200.0,50.0,79.78092956542969
clip,200.0,50.0,79.85127258300781
clip,200.0,50.0,79.9216079711914
clip,200.0,50.0,79.99195861816406
clip,200.0,50.0,80.06230163574219
clip,200.0,50.0,80.13264465332031
clip,200.0,50.0,80.2029800415039
clip,200.0,50.0,80.27332305908203
clip,200.0,50.0,80.34366607666016
clip,200.0,50.0,80.41400909423828
clip,200.0,50.0,80.4843521118164
clip,200.0,50.0,80.55469512939453
clip,200.0,50.0,80.62503814697266
clip,200.0,50.0,80.69537353515625
clip,200.0,50.0,80.76571655273438
clip,200.0,50.0,80.8360595703125
clip,200.0,50.0,80.90640258789062
clip,200.0,50.0,80.97674560546875
clip,200.0,50.0,81.04708862304688
clip,200.0,50.0,81.11742401123047
clip,200.0,50.0,81.1877670288086
clip,200.0,50.0,81.25811004638672
clip,200.0,50.0,81.32846069335938
clip,200.0,50.0,81.39879608154297
clip,200.0,50.0,81.4691390991211
clip,200.0,50.0,81.53948211669922
clip,200.0,50.0,81.60981750488281
clip,200.0,50.0,81.68016052246094
clip,200.0,50.0,81.75050354003906
clip,200.0,50.0,81.82085418701172
clip,200.0,50.0,81.89118957519531
clip,200.0,50.0,81.96153259277344
clip,200.0,50.0,82.03187561035156
clip,200.0,50.0,82.10221099853516
clip,200.0,50.0,82.17255401611328
clip,200.0,50.0,82.2428970336914
clip,200.0,50.0,82.31324768066406
clip,200.0,50.0,82.38358306884766
clip,200.0,50.0,82.45392608642578
clip,200.0,50.0,82.5242691040039
clip,200.0,50.0,82.5946044921875
clip,200.0,50.0,82.66494750976562
clip,200.0,50.0,82.73529815673828
clip,200.0,50.0,82.8056411743164
clip,200.0,50.0,82.8759765625
clip,200.0,50.0,82.94631958007812
clip,200.0,50.0,83.01666259765625
clip,200.0,50.0,83.08699798583984
clip,200.0,50.0,83.15734100341797
clip,200.0,50.0,83.22769165039062
clip,200.0,50.0,83.29803466796875
clip,200.0,50.0,83.36837005615234
clip,200.0,50.0,83.43871307373047
clip,200.0,50.0,83.5090560913086
clip,200.0,50.0,83.57939147949219
clip,200.0,50.0,83.64974212646484
clip,200.0,50.0,83.72008514404297
clip,200.0,50.0,83.79042053222656
clip,200.0,50.0,83.86076354980469
clip,200.0,50.0,83.93110656738281
clip,200.0,50.0,84.00144958496094
clip,200.0,50.0,84.07178497314453
clip,200.0,50.0,84.14213562011719
clip,200.0,50.0,84.21247863769531
clip,200.0,50.0,84.2828140258789
clip,200.0,50.0,84.35315704345703
clip,200.0,50.0,84.42350006103516
clip,200.0,50.0,84.49384307861328
clip,200.0,50.0,84.5641860961914
clip,200.0,50.0,84.63452911376953
clip,200.0,50.0,84.70487213134766
clip,200.0,50.0,84.77520751953125
clip,200.0,50.0,84.84555053710938
clip,200.0,50.0,84.9158935546875
clip,200.0,50.0,84.98623657226562
clip,200.0,50.0,85.05657958984375
clip,200.0,50.0,85.12692260742188
clip,200.0,50.0,85.197265625
clip,200.0,50.0,85.2676010131836
clip,200.0,50.0,85.33794403076172
clip,200.0,50.0,85.40828704833984
clip,200.0,50.0,85.47862243652344
clip,200.0,50.0,85.5489730834961
clip,200.0,50.0,85.61931610107422
clip,200.0,50.0,85.68965911865234
clip,200.0,50.0,85.75999450683594
clip,200.0,50.0,85.83033752441406
clip,200.0,50.0,85.90068054199219
clip,200.0,50.0,85.97102355957031
clip,200.0,50.0,86.04136657714844
clip,200.0,50.0,86.11170959472656
clip,200.0,50.0,86.18205261230469
clip,200.0,50.0,86.25238800048828
clip,200.0,50.0,86.3227310180664
clip,200.0,50.0,86.39307403564453
clip,200.0,50.0,86.46341705322266
clip,200.0,50.0,86.53376007080078
clip,200.0,50.0,86.6041030883789
clip,200.0,50.0,86.67444610595703
clip,200.0,50.0,86.74478149414062
clip,200.0,50.0,86.81512451171875
clip,200.0,50.0,86.8854751586914
clip,200.0,50.0,86.955810546875
clip,200.0,50.0,87.02615356445312
clip,200.0,50.0,87.09649658203125
clip,200.0,50.0,87.16683959960938
clip,200.0,50.0,87.23717498779297
clip,200.0,50.0,87.3075180053711
clip,200.0,50.0,87.37786865234375
clip,200.0,50.0,87.44820404052734
clip,200.0,50.0,87.51854705810547
clip,200.0,50.0,87.5888900756836
clip,200.0,50.0,87.65922546386719
clip,200.0,50.0,87.72956848144531
clip,200.0,50.0,87.79991912841797
clip,200.0,50.0,87.8702621459961
clip,200.0,50.0,87.94059753417969
clip,200.0,50.0,88.01094055175781
clip,200.0,50.0,88.08128356933594
clip,200.0,50.0,88.15161895751953
clip,200.0,50.0,88.22196197509766
clip,200.0,50.0,88.29231262207031
clip,200.0,50.0,88.36265563964844
clip,200.0,50.0,88.43299102783203
clip,200.0,50.0,88.50333404541016
clip,200.0,50.0,88.57367706298828
clip,200.0,50.0,88.64401245117188
clip,200.0,50.0,88.71435546875
clip,200.0,50.0,88.78470611572266
clip,200.0,50.0,88.85504913330078
clip,200.0,50.0,88.92538452148438
clip,200.0,50.0,88.9957275390625
clip,200.0,50.0,89.06607055664062
clip,200.0,50.0,89.13640594482422
clip,200.0,50.0,89.20675659179688
clip,200.0,50.0,89.277099609375
clip,200.0,50.0,89.34744262695312
clip,200.0,50.0,89.41777801513672
clip,200.0,50.0,89.48812103271484
clip,200.0,50.0,89.55846405029297
clip,200.0,50.0,89.62879943847656
clip,200.0,50.0,89.69915008544922
clip,200.0,50.0,89.76949310302734
clip,200.0,50.0,89.83983612060547
clip,200.0,50.0,89.91017150878906
clip,200.0,50.0,89.98051452636719
clip,200.0,50.0,90.05085754394531
clip,200.0,50.0,90.12120056152344
clip,200.0,50.0,90.19154357910156
clip,200.0,50.0,90.26188659667969
clip,200.0,50.0,90.33222198486328
clip,200.0,50.0,90.4025650024414
clip,200.0,50.0,90.47290802001953
clip,200.0,50.0,90.54325103759766
clip,200.0,50.0,90.61359405517578
clip,200.0,50.0,90.6839370727539
clip,200.0,50.0,90.75428009033203
clip,200.0,50.0,90.82461547851562
clip,200.0,50.0,90.89495849609375
clip,200.0,50.0,90.96530151367188
clip,200.0,50.0,91.03565216064453
clip,200.0,50.0,91.10598754882812
clip,200.0,50.0,91.17633056640625
clip,200.0,50.0,91.24667358398438
clip,200.0,50.0,91.31700897216797
clip,200.0,50.0,91.3873519897461
clip,200.0,50.0,91.45769500732422
clip,200.0,50.0,91.52804565429688
clip,200.0,50.0,91.59838104248047
clip,200.0,50.0,91.6687240600586
clip,200.0,50.0,91.73906707763672
clip,200.0,50.0,91.80940246582031
clip,200.0,50.0,91.87974548339844
clip,200.0,50.0,91.9500961303711
clip,200.0,50.0,92.02043914794922
clip,200.0,50.0,92.09077453613281
clip,200.0,50.0,92.16111755371094
clip,200.0,50.0,92.23146057128906
clip,200.0,50.0,92.30179595947266
clip,200.0,50.0,92.37213897705078
clip,200.0,50.0,92.44248962402344
clip,200.0,50.0,92.51282501220703
clip,200.0,50.0,92.58316802978516
clip,200.0,50.0,92.65351104736328
clip,200.0,50.0,92.7238540649414
clip,200.0,50.0,92.794189453125
clip,200.0,50.0,92.86453247070312
clip,200.0,50.0,92.93488311767578
clip,200.0,50.0,93.00521850585938
clip,200.0,50.0,93.0755615234375
clip,200.0,50.0,93.14590454101562
clip,200.0,50.0,93.21624755859375
clip,200.0,50.0,93.28658294677734
clip,200.0,50.0,93.35693359375
clip,200.0,50.0,93.42727661132812
clip,200.0,50.0,93.49761199951172
clip,200.0,50.0,93.56795501708984
clip,200.0,50.0,93.63829803466797
clip,200.0,50.0,93.7086410522461
clip,200.0,50.0,93.77897644042969
clip,200.0,50.0,93.84932708740234
clip,200.0,50.0,93.91967010498047
clip,200.0,50.0,93.99000549316406
clip,200.0,50.0,94.06034851074219
clip,200.0,50.0,94.13069152832031
clip,200.0,50.0,94.2010269165039
clip,200.0,50.0,94.27137756347656
clip,200.0,50.0,94.34172058105469
clip,200.0,50.0,94.41206359863281
clip,200.0,50.0,94.4823989868164
clip,200.0,50.0,94.55274200439453
clip,200.0,50.0,94.62308502197266
clip,200.0,50.0,94.69342041015625
clip,200.0,50.0,94.7637710571289
clip,200.0,50.0,94.83411407470703
clip,200.0,50.0,94.90445709228516
clip,200.0,50.0,94.97479248046875
clip,200.0,50.0,95.04513549804688
clip,200.0,50.0,95.115478515625
clip,200.0,50.0,95.18582153320312
clip,200.0,50.0,95.25616455078125
clip,200.0,50.0,95.32650756835938
clip,200.0,50.0,95.3968505859375
clip,200.0,50.0,95.4671859741211
clip,200.0,50.0,95.53752899169922
clip,200.0,50.0,95.60787200927734
clip,200.0,50.0,95.67821502685547
clip,200.0,50.0,95.7485580444336
clip,200.0,50.0,95.81890106201172
clip,200.0,50.0,95.88924407958984
clip,200.0,50.0,95.95957946777344
clip,200.0,50.0,96.02992248535156
clip,200.0,50.0,96.10026550292969
clip,200.0,50.0,96.17060852050781
clip,200.0,50.0,96.24095153808594
clip,200.0,50.0,96.31129455566406
clip,200.0,50.0,96.38163757324219
clip,200.0,50.0,96.45197296142578
clip,200.0,50.0,96.5223159790039
clip,200.0,50.0,96.59266662597656
clip,200.0,50.0,96.66300201416016
clip,200.0,50.0,96.73334503173828
clip,200.0,50.0,96.8036880493164
clip,200.0,50.0,96.8740234375
clip,200.0,50.0,96.94436645507812
clip,200.0,50.0,97.01470947265625
clip,200.0,50.0,97.0850601196289
clip,200.0,50.0,97.1553955078125
clip,200.0,50.0,97.22573852539062
clip,200.0,50.0,97.29608154296875
clip,200.0,50.0,97.36641693115234
clip,200.0,50.0,97.43675994873047
clip,200.0,50.0,97.50711059570312
clip,200.0,50.0,97.57745361328125
clip,200.0,50.0,97.64778900146484
clip,200.0,50.0,97.71813201904297
clip,200.0,50.0,97.7884750366211
clip,200.0,50.0,97.85881042480469
clip,200.0,50.0,97.92915344238281
clip,200.0,50.0,97.99950408935547
clip,200.0,50.0,98.0698471069336
clip,200.0,50.0,98.14018249511719
clip,200.0,50.0,98.21052551269531
clip,200.0,50.0,98.28086853027344
clip,200.0,50.0,98.35120391845703
clip,200.0,50.0,98.42155456542969
clip,200.0,50.0,98.49189758300781
clip,200.0,50.0,98.56224060058594
clip,200.0,50.0,98.63257598876953
clip,200.0,50.0,98.70291900634766
clip,200.0,50.0,98.77326202392578
clip,200.0,50.0,98.84359741210938
clip,200.0,50.0,98.91394805908203
clip,200.0,50.0,98.98429107666016
clip,200.0,50.0,99.05462646484375
clip,200.0,50.0,99.12496948242188
clip,200.0,50.0,99.1953125
clip,200.0,50.0,99.26565551757812
clip,200.0,50.0,99.33599090576172
clip,200.0,50.0,99.40634155273438
clip,200.0,50.0,99.4766845703125
clip,200.0,50.0,99.5470199584961
clip,200.0,50.0,99.61736297607422
clip,200.0,50.0,99.68770599365234
clip,200.0,50.0,99.75804901123047
clip,200.0,50.0,99.8283920288086
clip,200.0,50.0,99.89873504638672
clip,200.0,50.0,99.96907806396484
clip,200.0,50.0,100.03941345214844
clip,200.0,50.0,100.10975646972656
clip,200.0,50.0,100.18009948730469
clip,200.0,50.0,100.25044250488281
clip,200.0,50.0,100.32078552246094
clip,200.0,50.0,100.39112854003906
clip,200.0,50.0,100.46147155761719
clip,200.0,50.0,100.53180694580078
clip,200.0,50.0,100.6021499633789
clip,200.0,50.0,100.67249298095703
clip,200.0,50.0,100.74284362792969
clip,200.0,50.0,100.81317901611328
clip,200.0,50.0,100.8835220336914
clip,200.0,50.0,100.95386505126953
clip,200.0,50.0,101.02420043945312
clip,200.0,50.0,101.09454345703125
clip,200.0,50.0,101.16488647460938
clip,200.0,50.0,101.23523712158203
clip,200.0,50.0,101.30557250976562
clip,200.0,50.0,101.37591552734375
clip,200.0,50.0,101.44625854492188
clip,200.0,50.0,101.51659393310547
clip,200.0,50.0,101.5869369506836
clip,200.0,50.0,101.65728759765625
clip,200.0,50.0,101.72762298583984
clip,200.0,50.0,101.79796600341797
clip,200.0,50.0,101.8683090209961
clip,200.0,50.0,101.93865203857422
clip,200.0,50.0,102.00898742675781
clip,200.0,50.0,102.07933044433594
clip,200.0,50.0,102.1496810913086
clip,200.0,50.0,102.22001647949219
clip,200.0,50.0,102.29035949707031
clip,200.0,50.0,102.36070251464844
clip,200.0,50.0,102.43104553222656
clip,200.0,50.0,102.50138092041016
clip,200.0,50.0,102.57173156738281
clip,200.0,50.0,102.64207458496094
clip,200.0,50.0,102.71240997314453
clip,200.0,50.0,102.78275299072266
clip,200.0,50.0,102.85309600830078
clip,200.0,50.0,102.9234390258789
clip,200.0,50.0,102.9937744140625
clip,200.0,50.0,103.06412506103516
clip,200.0,50.0,103.13446807861328
clip,200.0,50.0,103.20480346679688
clip,200.0,50.0,103.275146484375
clip,200.0,50.0,103.34548950195312
clip,200.0,50.0,103.41582489013672
clip,200.0,50.0,103.48616790771484
clip,200.0,50.0,103.5565185546875
clip,200.0,50.0,103.62686157226562
clip,200.0,50.0,103.69719696044922
clip,200.0,50.0,103.76753997802734
clip,200.0,50.0,103.83788299560547
clip,200.0,50.0,103.90821838378906
clip,200.0,50.0,103.97856903076172
clip,200.0,50.0,104.04891204833984
clip,200.0,50.0,104.11925506591797
clip,200.0,50.0,104.18959045410156
clip,200.0,50.0,104.25993347167969
clip,200.0,50.0,104.33027648925781
clip,200.0,50.0,104.4006118774414
clip,200.0,50.0,104.47096252441406
clip,200.0,50.0,104.54130554199219
clip,200.0,50.0,104.61164855957031
clip,200.0,50.0,104.6819839477539
clip,200.0,50.0,104.75232696533203
clip,200.0,50.0,104.82266998291016
clip,200.0,50.0,104.89301300048828
clip,200.0,50.0,104.9633560180664
clip,200.0,50.0,105.03369903564453
clip,200.0,50.0,105.10404205322266
clip,200.0,50.0,105.17437744140625
clip,200.0,50.0,105.24472045898438
clip,200.0,50.0,105.3150634765625
clip,200.0,50.0,105.38540649414062
clip,200.0,50.0,105.45574951171875
clip,200.0,50.0,105.52609252929688
clip,200.0,50.0,105.59642791748047
clip,200.0,50.0,105.6667709350586
clip,200.0,50.0,105.73711395263672
clip,200.0,50.0,105.80746459960938
clip,200.0,50.0,105.87779998779297
clip,200.0,50.0,105.9481430053711
clip,200.0,50.0,106.01848602294922
clip,200.0,50.0,106.08882141113281
clip,200.0,50.0,106.15916442871094
clip,200.0,50.0,106.22950744628906
clip,200.0,50.0,106.29985809326172
clip,200.0,50.0,106.37019348144531
clip,200.0,50.0,106.44053649902344
clip,200.0,50.0,106.51087951660156
clip,200.0,50.0,106.58121490478516
clip,200.0,50.0,106.65155792236328
clip,200.0,50.0,106.7219009399414
clip,200.0,50.0,106.79225158691406
clip,200.0,50.0,106.86258697509766
clip,200.0,50.0,106.93292999267578
clip,200.0,50.0,107.0032730102539
clip,200.0,50.0,107.0736083984375
clip,200.0,50.0,107.14395141601562
clip,200.0,50.0,107.21430206298828
clip,200.0,50.0,107.2846450805664
clip,200.0,50.0,107.35498046875
clip,200.0,50.0,107.42532348632812
clip,200.0,50.0,107.49566650390625
clip,200.0,50.0,107.56600189208984
clip,200.0,50.0,107.63634490966797
clip,200.0,50.0,107.70669555664062
clip,200.0,50.0,107.77703857421875
clip,200.0,50.0,107.84737396240234
clip,200.0,50.0,107.91771697998047
clip,200.0,50.0,107.9880599975586
clip,200.0,50.0,108.05839538574219
clip,200.0,50.0,108.12874603271484
clip,200.0,50.0,108.19908905029297
clip,200.0,50.0,108.26942443847656
clip,200.0,50.0,108.33976745605469
clip,200.0,50.0,108.41011047363281
clip,200.0,50.0,108.48045349121094
clip,200.0,50.0,108.55078887939453
clip,200.0,50.0,108.62113952636719
clip,200.0,50.0,108.69148254394531
clip,200.0,50.0,108.7618179321289
clip,200.0,50.0,108.83216094970703
clip,200.0,50.0,108.90250396728516
clip,200.0,50.0,108.97284698486328
clip,200.0,50.0,109.0431900024414
clip,200.0,50.0,109.11353302001953
clip,200.0,50.0,109.18387603759766
clip,200.0,50.0,109.25421142578125
clip,200.0,50.0,109.32455444335938
clip,200.0,50.0,109.3948974609375
clip,200.0,50.0,109.46524047851562
clip,200.0,50.0,109.53558349609375
clip,200.0,50.0,109.60592651367188
clip,200.0,50.0,109.67626953125
clip,200.0,50.0,109.7466049194336
clip,200.0,50.0,109.81694793701172
clip,200.0,50.0,109.88729095458984
clip,200.0,50.0,109.95762634277344
clip,200.0,50.0,110.0279769897461
clip,200.0,50.0,110.09832000732422
clip,200.0,50.0,110.16866302490234
clip,200.0,50.0,110.23899841308594
clip,200.0,50.0,110.30934143066406
clip,200.0,50.0,110.37968444824219
clip,200.0,50.0,110.45002746582031
clip,200.0,50.0,110.52037048339844
clip,200.0,50.0,110.59071350097656
clip,200.0,50.0,110.66105651855469
clip,200.0,50.0,110.73139190673828
clip,200.0,50.0,110.8017349243164
clip,200.0,50.0,110.87207794189453
clip,200.0,50.0,110.94242095947266
clip,200.0,50.0,111.01276397705078
clip,200.0,50.0,111.0831069946289
clip,200.0,50.0,111.15345001220703
clip,200.0,50.0,111.22378540039062
clip,200.0,50.0,111.29412841796875
clip,200.0,50.0,111.3644790649414
clip,200.0,50.0,111.434814453125
clip,200.0,50.0,111.50515747070312
clip,200.0,50.0,111.57550048828125
clip,200.0,50.0,111.64584350585938
clip,200.0,50.0,111.71617889404297
clip,200.0,50.0,111.7865219116211
clip,200.0,50.0,111.85687255859375
clip,200.0,50.0,111.92720794677734
clip,200.0,50.0,111.99755096435547
clip,200.0,50.0,112.0678939819336
clip,200.0,50.0,112.13822937011719
clip,200.0,50.0,112.20857238769531
clip,200.0,50.0,112.27892303466797
clip,200.0,50.0,112.3492660522461
clip,200.0,50.0,112.41960144042969
clip,200.0,50.0,112.48994445800781
clip,200.0,50.0,112.56028747558594
clip,200.0,50.0,112.63062286376953
clip,200.0,50.0,112.70096588134766
clip,200.0,50.0,112.77131652832031
clip,200.0,50.0,112.84165954589844
clip,200.0,50.0,112.91199493408203
clip,200.0,50.0,112.98233795166016
clip,200.0,50.0,113.05268096923828
clip,200.0,50.0,113.12301635742188
clip,200.0,50.0,113.19336700439453
clip,200.0,50.0,113.26371002197266
clip,200.0,50.0,113.33405303955078
clip,200.0,50.0,113.40438842773438
clip,200.0,50.0,113.51655578613281
clip,200.0,50.0,113.62871551513672
clip,200.0,50.0,113.74088287353516
clip,200.0,50.0,113.85304260253906
clip,200.0,50.0,113.9652099609375
clip,200.0,50.0,114.07737731933594
clip,200.0,50.0,114.18953704833984
clip,200.0,50.0,114.30170440673828
clip,200.0,50.0,114.41386413574219
clip,200.0,50.0,114.52603149414062
clip,200.0,50.0,114.63819122314453
clip,200.0,50.0,114.75035095214844
clip,200.0,50.0,114.86251831054688
clip,200.0,50.0,114.97467803955078
clip,200.0,50.0,115.08685302734375
clip,200.0,50.0,115.19901275634766
clip,200.0,50.0,115.3111801147461
clip,200.0,50.0,115.42333984375
clip,200.0,50.0,115.53550720214844
clip,200.0,50.0,115.64766693115234
clip,200.0,50.0,115.75982666015625
clip,200.0,50.0,115.87199401855469
clip,200.0,50.0,115.9841537475586
clip,200.0,50.0,116.09632873535156
clip,200.0,50.0,116.20848846435547
clip,200.0,50.0,116.3206558227539
clip,200.0,50.0,116.43281555175781
clip,200.0,50.0,116.54497528076172
clip,200.0,50.0,116.65714263916016
clip,200.0,50.0,116.76930236816406
clip,200.0,50.0,116.8814697265625
clip,200.0,50.0,116.9936294555664
clip,200.0,50.0,117.10580444335938
clip,200.0,50.0,117.21796417236328
clip,200.0,50.0,117.33013153076172
clip,200.0,50.0,117.44229125976562
clip,200.0,50.0,117.55445098876953
clip,200.0,50.0,117.66661834716797
clip,200.0,50.0,117.77877807617188
clip,200.0,50.0,117.89094543457031
clip,200.0,50.0,118.00310516357422
clip,200.0,50.0,118.11528015136719
clip,200.0,50.0,118.2274398803711
clip,200.0,50.0,118.339599609375
clip,200.0,50.0,118.45176696777344
clip,200.0,50.0,118.56392669677734
clip,200.0,50.0,118.67609405517578
clip,200.0,50.0,118.78825378417969
clip,200.0,50.0,118.90042114257812
clip,200.0,50.0,119.01258087158203
clip,200.0,50.0,119.12474060058594
clip,200.0,50.0,119.2369155883789
clip,200.0,50.0,119.34907531738281
clip,200.0,50.0,119.46124267578125
clip,200.0,50.0,119.57340240478516
clip,200.0,50.0,119.6855697631836
clip,200.0,50.0,119.7977294921875
clip,200.0,50.0,119.9098892211914
clip,200.0,50.0,120.02205657958984
clip,200.0,50.0,120.13421630859375
clip,200.0,50.0,120.24639129638672
clip,200.0,50.0,120.35855102539062
clip,200.0,50.0,120.47071838378906
clip,200.0,50.0,120.58287811279297
clip,200.0,50.0,120.6950454711914
clip,200.0,50.0,120.80720520019531
clip,200.0,50.0,120.91936492919922
clip,200.0,50.0,121.03153228759766
clip,200.0,50.0,121.14369201660156
clip,200.0,50.0,121.25586700439453
clip,200.0,50.0,121.36802673339844
clip,200.0,50.0,121.48019409179688
clip,200.0,50.0,121.59235382080078
clip,200.0,50.0,121.70451354980469
clip,200.0,50.0,121.81668090820312
clip,200.0,50.0,121.92884063720703
clip,200.0,50.0,122.04100799560547
clip,200.0,50.0,122.15316772460938
clip,200.0,50.0,122.26534271240234
clip,200.0,50.0,122.37750244140625
clip,200.0,50.0,122.48966979980469
clip,200.0,50.0,122.6018295288086
clip,200.0,50.0,122.7139892578125
clip,200.0,50.0,122.82615661621094
clip,200.0,50.0,122.93831634521484
clip,200.0,50.0,123.05048370361328
clip,200.0,50.0,123.16264343261719
clip,200.0,50.0,123.27481079101562
clip,200.0,50.0,123.38697814941406
clip,200.0,50.0,123.49913787841797
clip,200.0,50.0,123.6113052368164
clip,200.0,50.0,123.72346496582031
clip,200.0,50.0,123.83563232421875
clip,200.0,50.0,123.94779205322266
clip,200.0,50.0,124.0599594116211
clip,200.0,50.0,124.172119140625
clip,200.0,50.0,124.2842788696289
clip,200.0,50.0,124.39645385742188
clip,200.0,50.0,124.50861358642578
clip,200.0,50.0,124.62078094482422
clip,200.0,50.0,124.73294067382812
clip,200.0,50.0,124.84510803222656
clip,200.0,50.0,124.95726776123047
clip,200.0,50.0,125.06942749023438
clip,200.0,50.0,125.18159484863281
clip,200.0,50.0,125.29375457763672
clip,200.0,50.0,125.40592956542969
clip,200.0,50.0,125.5180892944336
clip,200.0,50.0,125.63025665283203
clip,200.0,50.0,125.74241638183594
clip,200.0,50.0,125.85458374023438
clip,200.0,50.0,125.96674346923828
clip,200.0,50.0,126.07890319824219
clip,200.0,50.0,126.19107055664062
clip,200.0,50.0,126.30323028564453
clip,200.0,50.0,126.4154052734375
clip,200.0,50.0,126.5275650024414
clip,200.0,50.0,126.63973236083984
clip,200.0,50.0,126.75189208984375
clip,200.0,50.0,126.86405181884766
clip,200.0,50.0,126.9762191772461
clip,200.0,50.0,127.08837890625
clip,200.0,50.0,127.20054626464844
clip,200.0,50.0,127.31270599365234
clip,200.0,50.0,127.42487335205078
clip,200.0,50.0,127.53704071044922
clip,200.0,50.0,127.64920043945312
clip,200.0,50.0,127.76136779785156
clip,200.0,50.0,127.87352752685547
clip,200.0,50.0,127.9856948852539
clip,200.0,50.0,128.0978546142578
clip,200.0,50.0,128.21002197265625
clip,200.0,50.0,128.3221893310547
clip,200.0,50.0,128.43434143066406
clip,200.0,50.0,128.54652404785156
clip,200.0,50.0,128.65867614746094
clip,200.0,50.0,128.77084350585938
clip,200.0,50.0,128.8830108642578
clip,200.0,50.0,128.99517822265625
clip,200.0,50.0,129.10733032226562
clip,200.0,50.0,129.21949768066406
clip,200.0,50.0,129.3316650390625
clip,200.0,50.0,129.44381713867188
clip,200.0,50.0,129.55599975585938
clip,200.0,50.0,129.66815185546875
clip,200.0,50.0,129.7803192138672
clip,200.0,50.0,129.89248657226562
clip,200.0,50.0,130.00465393066406
clip,200.0,50.0,130.11680603027344
clip,200.0,50.0,130.22897338867188
clip,200.0,50.0,130.3411407470703
clip,200.0,50.0,130.4532928466797
clip,200.0,50.0,130.5654754638672
clip,200.0,50.0,130.67762756347656
clip,200.0,50.0,130.789794921875
clip,200.0,50.0,130.90196228027344
clip,200.0,50.0,131.01412963867188
clip,200.0,50.0,131.12628173828125
clip,200.0,50.0,131.2384490966797
clip,200.0,50.0,131.35061645507812
clip,200.0,50.0,131.4627685546875
clip,200.0,50.0,131.57493591308594
clip,200.0,50.0,131.68710327148438
clip,200.0,50.0,131.7992706298828
clip,200.0,50.0,131.91143798828125
clip,200.0,50.0,132.02359008789062
clip,200.0,50.0,132.13575744628906
clip,200.0,50.0,132.2479248046875
clip,200.0,50.0,132.36007690429688
clip,200.0,50.0,132.4722442626953
clip,200.0,50.0,132.58441162109375
clip,200.0,50.0,132.6965789794922
clip,200.0,50.0,132.80874633789062
clip,200.0,50.0,132.9208984375
clip,200.0,50.0,133.03306579589844
clip,200.0,50.0,133.14523315429688
clip,200.0,50.0,133.2574005126953
clip,200.0,50.0,133.3695526123047
clip,200.0,50.0,133.48171997070312
clip,200.0,50.0,133.59388732910156
clip,200.0,50.0,133.7060546875
clip,200.0,50.0,133.81822204589844
clip,200.0,50.0,133.9303741455078
clip,200.0,50.0,134.04254150390625
clip,200.0,50.0,134.1547088623047
clip,200.0,50.0,134.26687622070312
clip,200.0,50.0,134.3790283203125
clip,200.0,50.0,134.49119567871094
clip,200.0,50.0,134.60336303710938
clip,200.0,50.0,134.7155303955078
clip,200.0,50.0,134.82769775390625
clip,200.0,50.0,134.93984985351562
clip,200.0,50.0,135.05201721191406
clip,200.0,50.0,135.1641845703125
clip,200.0,50.0,135.27635192871094
clip,200.0,50.0,135.3885040283203
clip,200.0,50.0,135.50067138671875
clip,200.0,50.0,135.6128387451172
clip,200.0,50.0,135.72500610351562
clip,200.0,50.0,135.83717346191406
clip,200.0,50.0,135.94932556152344
clip,200.0,50.0,136.06149291992188
clip,200.0,50.0,136.1736602783203
clip,200.0,50.0,136.2858123779297
clip,200.0,50.0,136.39797973632812
clip,200.0,50.0,136.51014709472656
clip,200.0,50.0,136.622314453125
clip,200.0,50.0,136.73446655273438
clip,200.0,50.0,136.84664916992188
clip,200.0,50.0,136.95880126953125
clip,200.0,50.0,137.0709686279297
clip,200.0,50.0,137.18313598632812
clip,200.0,50.0,137.2952880859375
clip,200.0,50.0,137.40745544433594
clip,200.0,50.0,137.51962280273438
clip,200.0,50.0,137.6317901611328
clip,200.0,50.0,137.7439422607422
clip,200.0,50.0,137.8561248779297
clip,200.0,50.0,137.96827697753906
clip,200.0,50.0,138.0804443359375
clip,200.0,50.0,138.19261169433594
clip,200.0,50.0,138.3047637939453
clip,200.0,50.0,138.41693115234375
clip,200.0,50.0,138.5290985107422
clip,200.0,50.0,138.64126586914062
clip,200.0,50.0,138.75341796875
clip,200.0,50.0,138.86558532714844
clip,200.0,50.0,138.97775268554688
clip,200.0,50.0,139.0899200439453
clip,200.0,50.0,139.20208740234375
clip,200.0,50.0,139.31423950195312
clip,200.0,50.0,139.42640686035156
clip,200.0,50.0,139.53857421875
clip,200.0,50.0,139.65072631835938
clip,200.0,50.0,139.76290893554688
clip,200.0,50.0,139.87506103515625
clip,200.0,50.0,139.9872283935547
clip,200.0,50.0,140.09938049316406
clip,200.0,50.0,140.21156311035156
clip,200.0,50.0,140.32371520996094
clip,200.0,50.0,140.43588256835938
clip,200.0,50.0,140.5480499267578
clip,200.0,50.0,140.6602020263672
clip,200.0,50.0,140.7723846435547
clip,200.0,50.0,140.88453674316406
clip,200.0,50.0,140.9967041015625
clip,200.0,50.0,141.10885620117188
clip,200.0,50.0,141.22103881835938
clip,200.0,50.0,141.33319091796875
clip,200.0,50.0,141.4453582763672
clip,200.0,50.0,141.55752563476562
clip,200.0,50.0,141.669677734375
clip,200.0,50.0,141.7818603515625
clip,200.0,50.0,141.89401245117188
clip,200.0,50.0,142.0061798095703
clip,200.0,50.0,142.1183319091797
clip,200.0,50.0,142.23049926757812
clip,200.0,50.0,142.34266662597656
clip,200.0,50.0,142.454833984375
clip,200.0,50.0,142.56700134277344
clip,200.0,50.0,142.6791534423828
clip,200.0,50.0,142.7913360595703
clip,200.0,50.0,142.9034881591797
clip,200.0,50.0,143.01565551757812
clip,200.0,50.0,143.1278076171875
clip,200.0,50.0,143.23997497558594
clip,200.0,50.0,143.35214233398438
clip,200.0,50.0,143.4643096923828
clip,200.0,50.0,143.57647705078125
clip,200.0,50.0,143.68862915039062
clip,200.0,50.0,143.80081176757812
clip,200.0,50.0,143.9129638671875
clip,200.0,50.0,144.02513122558594
clip,200.0,50.0,144.1372833251953
clip,200.0,50.0,144.24945068359375
clip,200.0,50.0,144.3616180419922
clip,200.0,50.0,144.47378540039062
clip,200.0,50.0,144.58595275878906
clip,200.0,50.0,144.69810485839844
clip,200.0,50.0,144.81028747558594
clip,200.0,50.0,144.9224395751953
clip,200.0,50.0,145.03460693359375
clip,200.0,50.0,145.14675903320312
clip,200.0,50.0,145.25892639160156
clip,200.0,50.0,145.37109375
clip,200.0,50.0,145.48326110839844
clip,200.0,50.0,145.59542846679688
clip,200.0,50.0,145.70758056640625
clip,200.0,50.0,145.8197479248047
clip,200.0,50.0,145.93191528320312
clip,200.0,50.0,146.04408264160156
clip,200.0,50.0,146.15623474121094
clip,200.0,50.0,146.26840209960938
clip,200.0,50.0,146.3805694580078
clip,200.0,50.0,146.49273681640625
clip,200.0,50.0,146.6049041748047
clip,200.0,50.0,146.71705627441406
clip,200.0,50.0,146.8292236328125
clip,200.0,50.0,146.94139099121094
clip,200.0,50.0,147.05355834960938
clip,200.0,50.0,147.29534912109375
clip,200.0,50.0,147.5371551513672
clip,200.0,50.0,147.77896118164062
clip,200.0,50.0,148.020751953125
clip,200.0,50.0,148.26255798339844
clip,200.0,50.0,148.50436401367188
clip,200.0,50.0,148.74615478515625
clip,200.0,50.0,148.9879608154297
clip,200.0,50.0,149.22975158691406
clip,200.0,50.0,149.4715576171875
clip,200.0,50.0,149.71336364746094
clip,200.0,50.0,149.9551544189453
clip,200.0,50.0,150.19696044921875
clip,200.0,50.0,150.4387664794922
clip,200.0,50.0,150.68055725097656
clip,200.0,50.0,150.92236328125
clip,200.0,50.0,151.16416931152344
clip,200.0,50.0,151.4059600830078
clip,200.0,50.0,151.64776611328125
clip,200.0,50.0,151.88955688476562
clip,200.0,50.0,152.13136291503906
clip,200.0,50.0,152.3731689453125
clip,200.0,50.0,152.61495971679688
clip,200.0,50.0,152.8567657470703
clip,200.0,50.0,153.09857177734375
clip,200.0,50.0,153.34036254882812
clip,200.0,50.0,153.58216857910156
clip,200.0,50.0,153.823974609375
clip,200.0,50.0,154.06576538085938
clip,200.0,50.0,154.3075714111328
clip,200.0,50.0,154.5493621826172
clip,200.0,50.0,154.79116821289062
clip,200.0,50.0,155.03297424316406
clip,200.0,50.0,155.27476501464844
clip,200.0,50.0,155.51657104492188
clip,200.0,50.0,155.7583770751953
clip,200.0,50.0,156.0001678466797
clip,200.0,50.0,156.24197387695312
clip,200.0,50.0,156.48377990722656
clip,200.0,50.0,156.72557067871094
clip,200.0,50.0,156.96737670898438
clip,200.0,50.0,157.20916748046875
clip,200.0,50.0,157.4509735107422
clip,200.0,50.0,157.69277954101562
clip,200.0,50.0,157.9345703125
clip,200.0,50.0,158.17637634277344
clip,200.0,50.0,158.41818237304688
clip,200.0,50.0,158.65997314453125
clip,200.0,50.0,158.9017791748047
clip,200.0,50.0,159.14358520507812
clip,200.0,50.0,159.3853759765625
clip,200.0,50.0,159.62718200683594
clip,200.0,50.0,159.8689727783203
clip,200.0,50.0,160.11077880859375
clip,200.0,50.0,160.3525848388672
clip,200.0,50.0,160.59437561035156
clip,200.0,50.0,160.836181640625
clip,200.0,50.0,161.07798767089844
clip,200.0,50.0,161.3197784423828
clip,200.0,50.0,161.56158447265625
clip,200.0,50.0,161.8033905029297
clip,200.0,50.0,162.04518127441406
clip,200.0,50.0,162.2869873046875
clip,200.0,50.0,162.52877807617188
clip,200.0,50.0,162.7705841064453
clip,200.0,50.0,163.01239013671875
clip,200.0,50.0,163.25418090820312
clip,200.0,50.0,163.49598693847656
clip,200.0,50.0,163.73779296875
clip,200.0,50.0,163.97958374023438
clip,200.0,50.0,164.2213897705078
clip,200.0,50.0,164.46319580078125
clip,200.0,50.0,164.70498657226562
clip,200.0,50.0,164.94679260253906
clip,200.0,50.0,165.18858337402344
clip,200.0,50.0,165.43038940429688
clip,200.0,50.0,165.6721954345703
clip,200.0,50.0,165.9139862060547
clip,200.0,50.0,166.15579223632812
clip,200.0,50.0,166.39759826660156
clip,200.0,50.0,166.63938903808594
clip,200.0,50.0,166.88119506835938
clip,200.0,50.0,167.1230010986328
clip,200.0,50.0,167.3647918701172
clip,200.0,50.0,167.60659790039062
clip,200.0,50.0,167.848388671875
clip,200.0,50.0,168.09019470214844
clip,200.0,50.0,168.33200073242188
clip,200.0,50.0,168.57379150390625
clip,200.0,50.0,168.8155975341797
clip,200.0,50.0,169.05740356445312
clip,200.0,50.0,169.2991943359375
clip,200.0,50.0,169.54100036621094
clip,200.0,50.0,169.78280639648438
clip,200.0,50.0,170.02459716796875
clip,200.0,50.0,170.2664031982422
clip,200.0,50.0,170.50819396972656
clip,200.0,50.0,170.75
clip,200.0,50.0,170.99180603027344
clip,200.0,50.0,171.2335968017578
clip,200.0,50.0,171.8888397216797
clip,200.0,50.0,172.54405212402344
clip,200.0,50.0,173.19927978515625
clip,200.0,50.0,173.85452270507812
clip,200.0,50.0,174.50975036621094
clip,200.0,50.0,175.1649627685547
clip,200.0,50.0,175.82020568847656
clip,200.0,50.0,176.47543334960938
clip,200.0,50.0,177.1306610107422
clip,200.0,50.0,177.785888671875
clip,200.0,50.0,178.4411163330078
clip,200.0,50.0,179.09634399414062
clip,200.0,50.0,179.7515869140625
clip,200.0,50.0,180.40679931640625
clip,200.0,50.0,181.06202697753906
clip,200.0,50.0,181.71726989746094
clip,200.0,50.0,182.37249755859375
clip,200.0,50.0,183.0277099609375
clip,200.0,50.0,183.6829376220703
clip,200.0,50.0,184.3381805419922
clip,200.0,50.0,184.993408203125
clip,200.0,50.0,185.64862060546875
clip,200.0,50.0,186.30386352539062
clip,200.0,50.0,186.95909118652344
clip,200.0,50.0,187.61431884765625
clip,200.0,50.0,188.26954650878906
clip,200.0,50.0,188.92477416992188
clip,200.0,50.0,189.5800018310547
clip,200.0,50.0,190.23524475097656
clip,200.0,50.0,190.8904571533203
clip,200.0,50.0,191.54568481445312
clip,200.0,50.0,192.200927734375
clip,200.0,50.0,192.8561553955078
clip,200.0,50.0,193.51136779785156
clip,200.0,50.0,194.16661071777344
clip,200.0,50.0,194.82183837890625
clip,200.0,50.0,195.47705078125
clip,200.0,50.0,196.13229370117188
clip,200.0,50.0,196.7875213623047
clip,200.0,50.0,197.4427490234375
clip,200.0,50.0,198.0979766845703
clip,200.0,50.0,198.75320434570312
clip,200.0,50.0,199.40843200683594
clip,200.0,50.0,200.06365966796875
clip,200.0,50.0,200.71888732910156
clip,200.0,50.0,201.37411499023438
clip,200.0,50.0,202.0293426513672
clip,200.0,50.0,202.68458557128906
clip,200.0,50.0,203.3397979736328
clip,200.0,50.0,203.99502563476562
clip,200.0,50.0,204.6502685546875
clip,200.0,50.0,205.3054962158203
clip,200.0,50.0,205.96070861816406
clip,200.0,50.0,206.61595153808594
clip,200.0,50.0,207.27117919921875
clip,200.0,50.0,207.92640686035156
clip,200.0,50.0,208.58163452148438
clip,200.0,50.0,209.2368621826172
clip,200.0,50.0,209.89208984375
clip,200.0,50.0,210.54733276367188
clip,200.0,50.0,211.20254516601562
clip,200.0,50.0,211.85777282714844
clip,200.0,50.0,212.5130157470703
clip,200.0,50.0,213.16824340820312
clip,200.0,50.0,213.82345581054688
clip,200.0,50.0,214.47869873046875
clip,200.0,50.0,215.13392639160156
clip,200.0,50.0,215.78915405273438
clip,200.0,50.0,216.44436645507812
clip,200.0,50.0,217.099609375
clip,200.0,50.0,217.7548370361328
clip,200.0,50.0,218.41006469726562
clip,200.0,50.0,219.06529235839844
clip,200.0,50.0,219.72052001953125
clip,200.0,50.0,220.37574768066406
clip,200.0,50.0,221.03099060058594
clip,200.0,50.0,221.6862030029297
clip,200.0,50.0,222.3414306640625
clip,200.0,50.0,222.99667358398438
clip,200.0,50.0,223.65188598632812
clip,200.0,50.0,228.0482635498047
clip,200.0,50.0,232.44464111328125
clip,200.0,50.0,236.84100341796875
clip,200.0,50.0,241.2373809814453
clip,200.0,50.0,245.63375854492188
clip,200.0,50.0,250.03013610839844
clip,200.0,50.0,254.42649841308594
clip,200.0,50.0,258.8228759765625
clip,200.0,50.0,263.21923828125
clip,200.0,50.0,267.6156311035156
clip,200.0,50.0,272.0119934082031
clip,200.0,50.0,276.40838623046875
clip,200.0,50.0,280.8047180175781
clip,200.0,50.0,285.20111083984375
clip,200.0,50.0,289.59747314453125
