model,xi,variant,clip_c,sd_shift_target,sd_shift,seed,n_est,n_train,n_test,n_clipped,borders_in_data,same_bar_90_99,xi_implied,xi_ratio,q50,q90,q99,q999,pb50,pb90,pb99,pb999,seconds,reason
TabPFN-V3,0.7,raw,0.0,1.0,1.0,7000,1,2000,900,0,2593,0.0,0.6785521080504298,0.6756922059724045,0.7197891175746918,4.3341639041900635,25.18234920501709,109.4112548828125,1.3418887735093488,1.535293027636448,0.6078627536694666,0.1184667567973133,11.2,
TabPFN-V3,0.7,robust,0.0,1.0,1.0,7000,1,2000,900,0,2593,0.0,0.6785520687545585,0.6756922035670686,0.7197889339585859,4.334164043318063,25.182350304183693,109.41126454080069,1.3418887822800434,1.5352930210681577,0.607862759399264,0.11846676109596524,5.8,
TabPFN-V3,0.7,clip,20.0,1.0,1.0,7000,1,2000,900,31,2661,0.0,0.6491762069583942,0.6507334385201895,0.7262625098228455,4.567747116088867,26.726208686828613,54.32300567626953,1.340781711475687,1.5207553469806316,0.5936637894820822,0.18433483822172939,6.0,
TabPFN-V3,0.7,clip,50.0,1.0,1.0,7000,1,2000,900,8,2623,0.0,0.6844720243011689,0.6827514524094604,0.7449922561645508,4.547611951828003,27.015928268432617,90.52169418334961,1.3398045592795245,1.5275923398641589,0.5945399580187726,0.094946422845999,177.0,
TabPFN-V3,0.7,clip,200.0,1.0,1.0,7000,1,2000,900,0,2593,0.0,0.6785521080504298,0.6756922059724045,0.7197891175746918,4.3341639041900635,25.18234920501709,109.4112548828125,1.3418887735093488,1.535293027636448,0.6078627536694666,0.1184667567973133,8.8,
TabPFN-V3,0.7,raw,0.0,1.0,1.0,8000,1,2000,900,0,2531,0.0,0.5133320728253288,0.4813544338681042,1.014966368675232,5.21416449546814,19.570232391357422,77.88239669799805,1.4280384661371492,1.7492246749009832,0.8259084969671677,0.33871275532245926,6.6,
TabPFN-V3,0.7,robust,0.0,1.0,1.0,8000,1,2000,900,0,2531,0.0,0.5133320989920441,0.4813543717332963,1.014966799102238,5.2141649711683895,19.570231979190886,77.88238931149077,1.4280384820386431,1.7492246638287914,0.8259084984591272,0.338712768169914,6.1,
TabPFN-V3,0.7,clip,20.0,1.0,1.0,8000,1,2000,900,30,2673,0.0,0.5506201439250477,0.5547412911482603,0.8119596838951111,4.700482368469238,23.527031898498535,47.10659217834473,1.424565689326898,1.7492156509680465,0.8482393742803399,0.3816529193449724,6.1,
TabPFN-V3,0.7,clip,50.0,1.0,1.0,8000,1,2000,900,13,2624,0.0,0.6154709722754654,0.6088605996207973,0.8483711779117584,4.588356971740723,22.957180976867676,85.62765884399414,1.4234762093662467,1.7504514729080967,0.8060185678471408,0.2725931804609327,7.0,
TabPFN-V3,0.7,clip,200.0,1.0,1.0,8000,1,2000,900,1,2590,0.0,0.5801453985696894,0.5738752845521679,0.8565556704998016,4.48425030708313,21.159465789794922,95.91299057006836,1.42497087233347,1.755651186549068,0.8203211787557322,0.28504328703303,5.8,
TabPFN-V3,0.7,raw,0.0,1.0,1.0,9000,1,2000,900,0,2525,0.0,0.5043700763363065,0.5181421405132993,0.8612205386161804,4.615710020065308,20.92288589477539,74.02312850952148,1.3563783942659298,1.661437562600033,0.861879603201191,0.14645312370635785,6.2,
TabPFN-V3,0.7,robust,0.0,1.0,1.0,9000,1,2000,900,0,2525,0.0,0.5043700474799753,0.5181421511396719,0.8612200326227881,4.615709951948126,20.92288577485042,74.02312547079242,1.3563783764554986,1.6614375738621179,0.8618796000910003,0.1464531306921487,6.2,
TabPFN-V3,0.7,clip,20.0,1.0,1.0,9000,1,2000,900,27,2673,0.0,0.6693209754364162,0.6675229633511609,0.7144397497177124,4.435445547103882,25.048270225524902,49.405282974243164,1.356653678925541,1.6707317043172205,0.7982186775664256,0.33105819847533186,5.9,
TabPFN-V3,0.7,clip,50.0,1.0,1.0,9000,1,2000,900,10,2631,0.0,0.6970424342364531,0.6883854896475442,0.7214502990245819,4.297153472900391,25.534059524536133,81.89297103881836,1.3557995482928085,1.6770575711318603,0.7938431826897439,0.10830541208719789,6.5,
TabPFN-V3,0.7,clip,200.0,1.0,1.0,9000,1,2000,900,1,2580,0.0,0.6755190574496645,0.6617774600795544,0.7621287703514099,4.232692241668701,23.009875297546387,92.25442123413086,1.355527945566775,1.6753987924731337,0.8537264011689005,0.1330752181861359,6.1,
TabPFN-V3,0.7,raw,0.0,1.0,1.0,10000,1,2000,900,0,2559,0.0,0.6998901581020531,0.678306537191668,0.7487874329090118,3.749353528022766,21.578171730041504,122.43867874145508,1.3678891754077829,1.6416076356350489,0.7598229916295217,0.24733981810066283,6.4,
TabPFN-V3,0.7,robust,0.0,1.0,1.0,10000,1,2000,900,0,2559,0.0,0.699890167641955,0.6783066186063539,0.7487871874873716,3.749353199697284,21.578173127812683,122.43867856864699,1.367889178484676,1.641607645826017,0.7598229802911134,0.24733981980710806,6.4,
TabPFN-V3,0.7,clip,20.0,1.0,1.0,10000,1,2000,900,37,2668,0.0,0.6412175593520318,0.6353156423780855,0.669145792722702,3.8076584339141846,24.494866371154785,43.41807556152344,1.369607952188331,1.636379918869883,0.8482840154984268,0.5081273169142634,6.5,
TabPFN-V3,0.7,clip,50.0,1.0,1.0,10000,1,2000,900,12,2623,0.0,0.7369475969645193,0.7186832111188586,0.6827425062656403,3.710324764251709,25.608424186706543,82.9201889038086,1.366559614816962,1.6444394606299133,0.7659704875173022,0.27895765276689594,7.0,
TabPFN-V3,0.7,clip,200.0,1.0,1.0,10000,1,2000,900,3,2578,0.0,0.7118234294658821,0.6942877554565888,0.7148075103759766,3.596574068069458,22.910883903503418,106.00984191894531,1.3675824433384403,1.6430370727690342,0.7452705250714362,0.2372047176024634,6.6,
TabPFN-V3,0.7,raw,0.0,1.0,1.0,11000,1,2000,900,0,2594,0.0,0.594054977981849,0.5992359787834626,0.7342309355735779,4.57185173034668,22.48777198791504,86.58424758911133,2.1183876248874243,2.8111454028641787,1.6869315715048243,0.819317642044417,6.5,
TabPFN-V3,0.7,robust,0.0,1.0,1.0,11000,1,2000,900,0,2594,0.0,0.5940549565552526,0.5992359781166247,0.7342309994409425,4.571851158251569,22.487771525070798,86.58423999234776,2.1183876252577454,2.811145404361884,1.6869315982997688,0.8193176644621895,6.7,
TabPFN-V3,0.7,clip,20.0,1.0,1.0,11000,1,2000,900,23,2668,0.0,0.5702121026023044,0.5802698429078983,0.7665424942970276,4.795414924621582,22.834580421447754,47.88101768493652,2.118537478056345,2.800791130392157,1.8541089344797412,1.1572758568095103,6.7,
TabPFN-V3,0.7,clip,50.0,1.0,1.0,11000,1,2000,900,8,2625,0.0,0.6187218353492908,0.6201955009369928,0.7846972048282623,4.756526470184326,24.171359062194824,77.49465560913086,2.1147004048988403,2.8033989227294716,1.705692706203052,0.8707906755976145,7.0,
TabPFN-V3,0.7,clip,200.0,1.0,1.0,11000,1,2000,900,0,2594,0.0,0.594054977981849,0.5992359787834626,0.7342309355735779,4.57185173034668,22.48777198791504,86.58424758911133,2.1183876248874243,2.8111454028641787,1.6869315715048243,0.819317642044417,6.7,
TabPFN-V3,0.7,raw,0.0,4.0,3.9999999999999996,7000,1,2000,900,0,1934,0.0,0.5601052909434914,0.5526732829218076,0.9769167006015778,5.378891944885254,22.921480178833008,93.03496932983398,1.3411116297062295,1.517415322161604,0.6216764538783117,0.12278014499870898,6.9,
TabPFN-V3,0.7,robust,0.0,4.0,3.9999999999999996,7000,1,2000,900,0,1934,0.0,0.5601052862962419,0.5526732764747975,0.9769167256746685,5.378891789232643,22.92148209142916,93.03496712635192,1.341111627509376,1.517415318460502,0.6216764534743915,0.1227801448311411,6.8,
TabPFN-V3,0.7,clip,20.0,4.0,3.9999999999999996,7000,1,2000,900,32,2661,0.0,0.652188013827964,0.6541717558266409,0.7210943698883057,4.6086790561676025,27.217924118041992,54.35065841674805,1.3405605822012832,1.5230060318697574,0.5957765177811171,0.18336417727456547,7.1,
TabPFN-V3,0.7,clip,50.0,4.0,3.9999999999999996,7000,1,2000,900,9,2621,0.0,0.6964564528094124,0.6934542383079308,0.7492466270923615,4.559610605239868,27.609158515930176,94.61725234985352,1.3399299747029412,1.5305585300478763,0.594697918429557,0.09861468047242654,6.8,
TabPFN-V3,0.7,clip,200.0,4.0,3.9999999999999996,7000,1,2000,900,1,2582,0.0,0.6798562756370001,0.6722523573812257,0.7810800671577454,4.496001958847046,25.375211715698242,122.23626327514648,1.3383508663978845,1.534157637000763,0.6089579555909297,0.13162006098424026,6.8,
TabPFN-V3,0.7,raw,0.0,4.0,4.000000000000001,8000,1,2000,900,0,2438,0.0,0.43605065507167606,0.42932993091196214,1.1759649515151978,3.440729022026062,22.32100772857666,70.68044662475586,1.447406389322785,1.8498374040655583,0.8544707639187942,0.34511924913035785,6.6,
TabPFN-V3,0.7,robust,0.0,4.0,4.000000000000001,8000,1,2000,900,0,2438,0.0,0.4360506598413768,0.42932996268479934,1.1759646932066476,3.4407287418248007,22.321007775294916,70.68044256364671,1.4474063749555108,1.8498374237960418,0.8544707563586819,0.3451192441213243,6.7,
TabPFN-V3,0.7,clip,20.0,4.0,4.000000000000001,8000,1,2000,900,31,2672,0.0,0.5608156841515912,0.5649217029678564,0.7956727147102356,4.732085943222046,24.231637954711914,48.9498233795166,1.4251227203449526,1.7498072576273243,0.8469783503509557,0.3802865096013455,7.2,
TabPFN-V3,0.7,clip,50.0,4.0,4.000000000000001,8000,1,2000,900,14,2623,0.0,0.6241307391993703,0.6193177735169804,0.8378466665744781,4.624390602111816,23.764832496643066,92.09555435180664,1.4238455681852091,1.7497930109976247,0.8049521521035482,0.275186232623527,6.5,
TabPFN-V3,0.7,clip,200.0,4.0,4.000000000000001,8000,1,2000,900,2,2583,0.0,0.5868711287702881,0.5771180630111812,0.8584182560443878,4.410268545150757,21.56754493713379,101.12631225585938,1.4254383362218994,1.7544947085703486,0.8248210371370162,0.28930843198011796,6.6,
TabPFN-V3,0.7,raw,0.0,4.0,3.9999999999999996,9000,1,2000,900,0,2438,0.0,0.8531040932882679,0.7506516700938451,1.1787573099136353,3.4564011096954346,28.42799186706543,103.80802536010742,1.381024952315011,1.6540870589732792,0.7726855150534793,0.12133547796278113,6.5,
TabPFN-V3,0.7,robust,0.0,4.0,3.9999999999999996,9000,1,2000,900,0,2438,0.0,0.8531040602067944,0.7506516346414146,1.1787569099392936,3.456401272015931,28.427992110768873,103.80802893795922,1.3810249247244668,1.6540870526673275,0.7726855156151655,0.12133548337975004,6.2,
TabPFN-V3,0.7,clip,20.0,4.0,3.9999999999999996,9000,1,2000,900,28,2673,0.0,0.6690360138406694,0.6698168645822601,0.7099727988243103,4.4514172077178955,25.359210968017578,50.35568046569824,1.3569103816690302,1.6715522795478717,0.7960484064346982,0.322615000966414,6.4,
TabPFN-V3,0.7,clip,50.0,4.0,3.9999999999999996,9000,1,2000,900,11,2629,0.0,0.7052775428955625,0.6968337226818971,0.7149366438388824,4.348820209503174,26.077625274658203,83.93043899536133,1.3560608030446453,1.6782181567465324,0.7855585516705754,0.11019950301516963,6.1,
TabPFN-V3,0.7,clip,200.0,4.0,3.9999999999999996,9000,1,2000,900,2,2576,0.0,0.6740545429967552,0.6610734831805273,0.767596960067749,4.077716827392578,23.02687644958496,103.95056915283203,1.355223702082708,1.6758453147345773,0.8511499898739632,0.13449678294740366,6.3,
TabPFN-V3,0.7,raw,0.0,4.0,4.0,10000,1,2000,900,0,2238,0.0,0.547487205341356,0.5215143641193507,0.9314780533313751,5.091939926147461,17.84757137298584,90.89647674560547,1.3654962310905294,1.6119698202418966,0.8013069557010626,0.2568943269922983,6.1,
TabPFN-V3,0.7,robust,0.0,4.0,4.0,10000,1,2000,900,0,2238,0.0,0.5474872496791435,0.5215143915746183,0.9314781053367098,5.091940083090574,17.847570677249003,90.89647560265404,1.365496239866626,1.6119698153508066,0.8013069500431975,0.25689432579536003,6.3,
TabPFN-V3,0.7,clip,20.0,4.0,4.0,10000,1,2000,900,38,2668,0.0,0.6478616268893008,0.6419221257022414,0.668182760477066,3.855881690979004,25.094447135925293,43.87857627868652,1.3690779164483813,1.6349176102894734,0.8493344574681924,0.5050917690463823,7.2,
TabPFN-V3,0.7,clip,50.0,4.0,4.0,10000,1,2000,900,13,2622,0.0,0.7438726245625078,0.7256780508550303,0.6840516626834869,3.7457152605056763,26.128918647766113,84.29033660888672,1.3667084958837667,1.644487448996895,0.7634128389592155,0.27759761245985093,6.4,
TabPFN-V3,0.7,clip,200.0,4.0,4.0,10000,1,2000,900,4,2573,0.0,0.7203916826104252,0.7027240801526587,0.7103398144245148,3.6878433227539062,22.963903427124023,113.41492080688477,1.3663147048162405,1.6396565188682917,0.7523557157239126,0.24530442169745612,6.6,
TabPFN-V3,0.7,raw,0.0,4.0,4.000000000000001,11000,1,2000,900,0,1804,0.0,0.5214263715372686,0.5227756726089513,0.9521294236183167,4.943793058395386,20.75235652923584,80.06221771240234,2.109158516044502,2.8027455404554846,1.7546543424409562,0.6884082215361382,6.4,
TabPFN-V3,0.7,robust,0.0,4.0,4.000000000000001,11000,1,2000,900,0,1804,0.0,0.5214263337332781,0.5227756789493838,0.9521296552499899,4.943793129644991,20.75235491908371,80.06222599129133,2.109158508106553,2.802745532406437,1.754654346612712,0.6884082133879719,6.7,
TabPFN-V3,0.7,clip,20.0,4.0,4.000000000000001,11000,1,2000,900,24,2667,0.0,0.5772274422753648,0.5868896318640894,0.7725473940372467,4.804311275482178,23.619403839111328,48.414039611816406,2.1185350528978586,2.800164833082883,1.851660536737364,1.1528331243916616,6.7,
TabPFN-V3,0.7,clip,50.0,4.0,4.000000000000001,11000,1,2000,900,9,2623,0.0,0.6297680337922116,0.6317132008212215,0.7884088158607483,4.732980966567993,24.907934188842773,82.1024398803711,2.114773312528101,2.80196850363478,1.6933837682878863,0.8651036291354494,6.9,
TabPFN-V3,0.7,clip,200.0,4.0,4.000000000000001,11000,1,2000,900,1,2582,0.0,0.600014699335299,0.6001488729943245,0.7886691391468048,4.656676530838013,22.98914909362793,94.74794387817383,2.1137992348291617,2.806234730145778,1.6880969552437661,0.7772444909561261,6.7,
TabPFN-V3,0.7,raw,0.0,20.0,20.0,7000,1,2000,900,0,421,0.0,0.6516007144412214,0.564347883044625,1.315510332584381,4.798819303512573,28.43842887878418,96.52521896362305,1.372590125704229,1.5094330314934234,0.6374129430619643,0.10427322336509452,7.2,
TabPFN-V3,0.7,robust,0.0,20.0,20.0,7000,1,2000,900,0,421,0.0,0.6516007484402734,0.5643478804788934,1.3155113486956553,4.798819631110044,28.438429983497272,96.52521477403513,1.372590210836361,1.509433021532752,0.6374129330547067,0.10427321696747188,7.5,
TabPFN-V3,0.7,clip,20.0,20.0,20.0,7000,1,2000,900,32,2661,0.0,0.652188013827964,0.6541717558266409,0.7210943698883057,4.6086790561676025,27.217924118041992,54.35065841674805,1.3405605822012832,1.5230060318697574,0.5957765177811171,0.18336417727456547,6.9,
TabPFN-V3,0.7,clip,50.0,20.0,20.0,7000,1,2000,900,9,2621,0.0,0.6964564528094124,0.6934542383079308,0.7492466270923615,4.559610605239868,27.609158515930176,94.61725234985352,1.3399299747029412,1.5305585300478763,0.594697918429557,0.09861468047242654,6.7,
TabPFN-V3,0.7,clip,200.0,20.0,20.0,7000,1,2000,900,1,2582,0.0,0.6798562756370001,0.6722523573812257,0.7810800671577454,4.496001958847046,25.375211715698242,122.23626327514648,1.3383508663978845,1.534157637000763,0.6089579555909297,0.13162006098424026,6.6,
TabPFN-V3,0.7,raw,0.0,20.0,20.0,8000,1,2000,900,0,735,0.0,-0.3062100420841976,-0.21875089173336018,2.3372808694839478,8.82412338256836,14.081745147705078,19.83880615234375,1.6760105378454353,1.813059624930806,0.954037453056534,0.5964447906670214,6.9,
TabPFN-V3,0.7,robust,0.0,20.0,20.0,8000,1,2000,900,0,735,0.0,-0.3062098794971201,-0.21875091663552923,2.3372808244279595,8.82412221844887,14.081744935530782,19.83880711162205,1.6760105051124707,1.8130596084846275,0.9540374542390704,0.5964447800463716,6.5,
TabPFN-V3,0.7,clip,20.0,20.0,20.0,8000,1,2000,900,31,2672,0.0,0.5608156841515912,0.5649217029678564,0.7956727147102356,4.732085943222046,24.231637954711914,48.9498233795166,1.4251227203449526,1.7498072576273243,0.8469783503509557,0.3802865096013455,6.7,
TabPFN-V3,0.7,clip,50.0,20.0,20.0,8000,1,2000,900,14,2623,0.0,0.6241307391993703,0.6193177735169804,0.8378466665744781,4.624390602111816,23.764832496643066,92.09555435180664,1.4238455681852091,1.7497930109976247,0.8049521521035482,0.275186232623527,6.6,
TabPFN-V3,0.7,clip,200.0,20.0,20.0,8000,1,2000,900,2,2583,0.0,0.5868711287702881,0.5771180630111812,0.8584182560443878,4.410268545150757,21.56754493713379,101.12631225585938,1.4254383362218994,1.7544947085703486,0.8248210371370162,0.28930843198011796,6.6,
TabPFN-V3,0.7,raw,0.0,20.0,20.0,9000,1,2000,900,0,741,0.0,-0.2919914005640927,-0.16469485451622085,1.6340708136558533,10.189555644989014,17.192399978637695,22.8700532913208,1.4511734324044008,1.860858723804885,0.9786355723616953,0.6411273716366592,7.6,
TabPFN-V3,0.7,robust,0.0,20.0,20.0,9000,1,2000,900,0,741,0.0,-0.2919914721155153,-0.16469474946180848,1.6340680343697016,10.18955319139528,17.192397148927668,22.870050997440583,1.4511730216287515,1.860858609428837,0.9786356407382366,0.6411274215725886,6.9,
TabPFN-V3,0.7,clip,20.0,20.0,20.0,9000,1,2000,900,28,2673,0.0,0.6690360138406694,0.6698168645822601,0.7099727988243103,4.4514172077178955,25.359210968017578,50.35568046569824,1.3569103816690302,1.6715522795478717,0.7960484064346982,0.322615000966414,6.4,
TabPFN-V3,0.7,clip,50.0,20.0,20.0,9000,1,2000,900,11,2629,0.0,0.7052775428955625,0.6968337226818971,0.7149366438388824,4.348820209503174,26.077625274658203,83.93043899536133,1.3560608030446453,1.6782181567465324,0.7855585516705754,0.11019950301516963,6.6,
TabPFN-V3,0.7,clip,200.0,20.0,20.0,9000,1,2000,900,2,2576,0.0,0.6740545429967552,0.6610734831805273,0.767596960067749,4.077716827392578,23.02687644958496,103.95056915283203,1.355223702082708,1.6758453147345773,0.8511499898739632,0.13449678294740366,6.6,
TabPFN-V3,0.7,raw,0.0,20.0,20.0,10000,1,2000,900,0,543,0.0,-0.23015491053940632,-0.1558706112418233,1.384064793586731,5.356450080871582,8.243842124938965,114.02306747436523,1.4119255769480328,1.6052954799702206,0.9210008007348643,0.34486339406572775,8.0,
TabPFN-V3,0.7,robust,0.0,20.0,20.0,10000,1,2000,900,0,543,0.0,-0.2301550096032731,-0.15587072049149076,1.3840646804628527,5.356450110724609,8.243841123163381,114.02306871045866,1.4119255466412526,1.605295474838998,0.9210008001014657,0.34486338866937705,6.6,
TabPFN-V3,0.7,clip,20.0,20.0,20.0,10000,1,2000,900,38,2668,0.0,0.6478616268893008,0.6419221257022414,0.668182760477066,3.855881690979004,25.094447135925293,43.87857627868652,1.3690779164483813,1.6349176102894734,0.8493344574681924,0.5050917690463823,6.5,
TabPFN-V3,0.7,clip,50.0,20.0,20.0,10000,1,2000,900,13,2622,0.0,0.7438726245625078,0.7256780508550303,0.6840516626834869,3.7457152605056763,26.128918647766113,84.29033660888672,1.3667084958837667,1.644487448996895,0.7634128389592155,0.27759761245985093,6.5,
TabPFN-V3,0.7,clip,200.0,20.0,20.0,10000,1,2000,900,4,2573,0.0,0.7203916826104252,0.7027240801526587,0.7103398144245148,3.6878433227539062,22.963903427124023,113.41492080688477,1.3663147048162405,1.6396565188682917,0.7523557157239126,0.24530442169745612,6.3,
TabPFN-V3,0.7,raw,0.0,20.0,20.0,11000,1,2000,900,0,384,0.0,0.6545127979920372,0.5744044409556858,1.4176581501960754,5.0388875007629395,25.837703704833984,87.1042251586914,2.1116082449190245,2.8150917527881667,1.8034577573694872,0.8281621057705664,6.8,
TabPFN-V3,0.7,robust,0.0,20.0,20.0,11000,1,2000,900,0,384,0.0,0.654512770798439,0.5744044791641785,1.4176579039768389,5.038887174825328,25.837703099932472,87.10422060150768,2.111608232692361,2.815091766356457,1.8034577630229807,0.8281621117375291,7.0,
TabPFN-V3,0.7,clip,20.0,20.0,20.0,11000,1,2000,900,24,2667,0.0,0.5772274422753648,0.5868896318640894,0.7725473940372467,4.804311275482178,23.619403839111328,48.414039611816406,2.1185350528978586,2.800164833082883,1.851660536737364,1.1528331243916616,6.4,
TabPFN-V3,0.7,clip,50.0,20.0,20.0,11000,1,2000,900,9,2623,0.0,0.6297680337922116,0.6317132008212215,0.7884088158607483,4.732980966567993,24.907934188842773,82.1024398803711,2.114773312528101,2.80196850363478,1.6933837682878863,0.8651036291354494,6.7,
TabPFN-V3,0.7,clip,200.0,20.0,20.0,11000,1,2000,900,1,2582,0.0,0.600014699335299,0.6001488729943245,0.7886691391468048,4.656676530838013,22.98914909362793,94.74794387817383,2.1137992348291617,2.806234730145778,1.6880969552437661,0.7772444909561261,6.6,
TabPFN-V3,0.7,raw,0.0,50.0,49.99999999999999,7000,1,2000,900,0,168,0.0,-0.3078483468501857,-0.2366339152699676,2.091507911682129,7.014730215072632,11.011724472045898,19.673025131225586,1.4833068758546237,1.5447241471729591,0.8562325017351762,0.2598905724727191,6.9,
TabPFN-V3,0.7,robust,0.0,50.0,49.99999999999999,7000,1,2000,900,0,168,0.0,-0.30784855682490364,-0.23663411757740413,2.091508186855211,7.014731466214165,11.011725223353892,19.673025526049486,1.4833069298656223,1.5447241618171705,0.8562324790764835,0.2598905634233904,6.6,
TabPFN-V3,0.7,clip,20.0,50.0,49.99999999999999,7000,1,2000,900,32,2661,0.0,0.652188013827964,0.6541717558266409,0.7210943698883057,4.6086790561676025,27.217924118041992,54.35065841674805,1.3405605822012832,1.5230060318697574,0.5957765177811171,0.18336417727456547,6.6,
TabPFN-V3,0.7,clip,50.0,50.0,49.99999999999999,7000,1,2000,900,9,2621,0.0,0.6964564528094124,0.6934542383079308,0.7492466270923615,4.559610605239868,27.609158515930176,94.61725234985352,1.3399299747029412,1.5305585300478763,0.594697918429557,0.09861468047242654,6.0,
TabPFN-V3,0.7,clip,200.0,50.0,49.99999999999999,7000,1,2000,900,1,2582,0.0,0.6798562756370001,0.6722523573812257,0.7810800671577454,4.496001958847046,25.375211715698242,122.23626327514648,1.3383508663978845,1.534157637000763,0.6089579555909297,0.13162006098424026,6.1,
TabPFN-V3,0.7,raw,0.0,50.0,50.0,8000,1,2000,900,0,294,0.0,-0.29576810926702335,-0.14909009350567876,2.332848072052002,18.535797119140625,31.732633590698242,45.98061180114746,1.6943914510360683,2.3526275680431827,0.8440061287777043,0.44371625882549703,7.1,
TabPFN-V3,0.7,robust,0.0,50.0,50.0,8000,1,2000,900,0,294,0.0,-0.2957681459169248,-0.14908990789841065,2.33284358132112,18.535793493964867,31.732632130861035,45.98060890534817,1.6943906587117885,2.3526273158985123,0.8440061414002,0.4437162889104838,6.5,
TabPFN-V3,0.7,clip,20.0,50.0,50.0,8000,1,2000,900,31,2672,0.0,0.5608156841515912,0.5649217029678564,0.7956727147102356,4.732085943222046,24.231637954711914,48.9498233795166,1.4251227203449526,1.7498072576273243,0.8469783503509557,0.3802865096013455,6.1,
TabPFN-V3,0.7,clip,50.0,50.0,50.0,8000,1,2000,900,14,2623,0.0,0.6241307391993703,0.6193177735169804,0.8378466665744781,4.624390602111816,23.764832496643066,92.09555435180664,1.4238455681852091,1.7497930109976247,0.8049521521035482,0.275186232623527,6.1,
TabPFN-V3,0.7,clip,200.0,50.0,50.0,8000,1,2000,900,2,2583,0.0,0.5868711287702881,0.5771180630111812,0.8584182560443878,4.410268545150757,21.56754493713379,101.12631225585938,1.4254383362218994,1.7544947085703486,0.8248210371370162,0.28930843198011796,6.7,
TabPFN-V3,0.7,raw,0.0,50.0,50.0,9000,1,2000,900,0,296,0.0,-0.2974364021498524,-0.11302893980415536,0.9184222221374512,22.781922340393066,40.41108703613281,59.011558532714844,1.6069769694697404,2.625962243179273,0.7521360601770731,0.25887065966261086,7.2,
TabPFN-V3,0.7,robust,0.0,50.0,50.0,9000,1,2000,900,0,296,0.0,-0.2974364309997819,-0.11302879577966964,0.9184158081762634,22.781917550809418,40.41108474053799,59.011554314690784,1.606977418753401,2.625961897199181,0.752136060033756,0.2588706773473023,6.7,
TabPFN-V3,0.7,clip,20.0,50.0,50.0,9000,1,2000,900,28,2673,0.0,0.6690360138406694,0.6698168645822601,0.7099727988243103,4.4514172077178955,25.359210968017578,50.35568046569824,1.3569103816690302,1.6715522795478717,0.7960484064346982,0.322615000966414,6.4,
TabPFN-V3,0.7,clip,50.0,50.0,50.0,9000,1,2000,900,11,2629,0.0,0.7052775428955625,0.6968337226818971,0.7149366438388824,4.348820209503174,26.077625274658203,83.93043899536133,1.3560608030446453,1.6782181567465324,0.7855585516705754,0.11019950301516963,6.5,
TabPFN-V3,0.7,clip,200.0,50.0,50.0,9000,1,2000,900,2,2576,0.0,0.6740545429967552,0.6610734831805273,0.767596960067749,4.077716827392578,23.02687644958496,103.95056915283203,1.355223702082708,1.6758453147345773,0.8511499898739632,0.13449678294740366,6.7,
TabPFN-V3,0.7,raw,0.0,50.0,49.99999999999999,10000,1,2000,900,0,217,0.0,-0.29321294038851164,-0.18480190922623801,1.7852824926376343,9.250061988830566,15.237508296966553,21.69756507873535,1.4894843328992162,1.7078825022494617,0.9665456409739172,0.6921375793933703,6.9,
TabPFN-V3,0.7,robust,0.0,50.0,49.99999999999999,10000,1,2000,900,0,217,0.0,-0.2932131914363541,-0.18480213869546774,1.7852832553286393,9.250064250802062,15.237508757926712,21.697564730275193,1.4894844488981602,1.7078826015549233,0.9665456289693735,0.6921375788243193,6.5,
TabPFN-V3,0.7,clip,20.0,50.0,49.99999999999999,10000,1,2000,900,38,2668,0.0,0.6478616268893008,0.6419221257022414,0.668182760477066,3.855881690979004,25.094447135925293,43.87857627868652,1.3690779164483813,1.6349176102894734,0.8493344574681924,0.5050917690463823,7.5,
TabPFN-V3,0.7,clip,50.0,50.0,49.99999999999999,10000,1,2000,900,13,2622,0.0,0.7438726245625078,0.7256780508550303,0.6840516626834869,3.7457152605056763,26.128918647766113,84.29033660888672,1.3667084958837667,1.644487448996895,0.7634128389592155,0.27759761245985093,8.1,
TabPFN-V3,0.7,clip,200.0,50.0,49.99999999999999,10000,1,2000,900,4,2573,0.0,0.7203916826104252,0.7027240801526587,0.7103398144245148,3.6878433227539062,22.963903427124023,113.41492080688477,1.3663147048162405,1.6396565188682917,0.7523557157239126,0.24530442169745612,8.7,
TabPFN-V3,0.7,raw,0.0,50.0,50.0,11000,1,2000,900,0,153,0.0,-0.31469244257489765,-0.23900129597751896,1.9998615384101868,6.665003061294556,10.377248287200928,23.40207576751709,2.1728964191435027,2.814602693040248,2.3484851349141707,1.0648810385667975,1059.2,
TabPFN-V3,0.7,robust,0.0,50.0,50.0,11000,1,2000,900,0,153,0.0,-0.31469254083522225,-0.2390012252000052,1.9998600995955944,6.66500251962999,10.377247401290223,23.402074917141704,2.172896219776244,2.814602686495364,2.348485157200088,1.0648810406858649,12.3,
TabPFN-V3,0.7,clip,20.0,50.0,50.0,11000,1,2000,900,24,2667,0.0,0.5772274422753648,0.5868896318640894,0.7725473940372467,4.804311275482178,23.619403839111328,48.414039611816406,2.1185350528978586,2.800164833082883,1.851660536737364,1.1528331243916616,9.5,
TabPFN-V3,0.7,clip,50.0,50.0,50.0,11000,1,2000,900,9,2623,0.0,0.6297680337922116,0.6317132008212215,0.7884088158607483,4.732980966567993,24.907934188842773,82.1024398803711,2.114773312528101,2.80196850363478,1.6933837682878863,0.8651036291354494,9.8,
TabPFN-V3,0.7,clip,200.0,50.0,50.0,11000,1,2000,900,1,2582,0.0,0.600014699335299,0.6001488729943245,0.7886691391468048,4.656676530838013,22.98914909362793,94.74794387817383,2.1137992348291617,2.806234730145778,1.6880969552437661,0.7772444909561261,10.1,
TabPFN-V3,0.9,raw,0.0,1.0,1.0,7000,1,2000,900,0,2561,0.0,0.8285715545312193,0.8116695494993574,0.9447963237762451,5.978227376937866,42.9549674987793,253.0494613647461,2.1791882041324078,2.8487041282370873,1.4115765203463826,0.27491318503624973,8.9,
TabPFN-V3,0.9,robust,0.0,1.0,1.0,7000,1,2000,900,0,2561,0.0,0.8285715195603529,0.8116694824060221,0.9447963385001195,5.978227080385083,42.95496554182671,253.04945048280953,2.1791882024354594,2.848704137750623,1.4115765422645346,0.27491318245889196,8.6,
TabPFN-V3,0.9,clip,20.0,1.0,1.0,7000,1,2000,900,48,2656,0.0,0.7543921686548717,0.7644736615095761,0.7457952797412872,5.818389654159546,40.77017784118652,65.8508415222168,2.180213717430246,2.831578823330765,1.4279857865088397,0.8039859331972361,7.9,
TabPFN-V3,0.9,clip,50.0,1.0,1.0,7000,1,2000,900,12,2615,0.0,0.876275322781745,0.8690113666362226,0.7651557326316833,5.587336778640747,51.022573471069336,147.39949798583984,2.1798685003853233,2.850666472644354,1.3673969553193577,0.30022436034963135,8.2,
TabPFN-V3,0.9,clip,200.0,1.0,1.0,7000,1,2000,900,3,2570,0.0,0.8317882828826221,0.8198536063728856,0.8682669103145599,5.182778835296631,40.93428993225098,235.69670867919922,2.1783220615682195,2.8605060059948486,1.4319760640777637,0.24956701653937602,6.9,
TabPFN-V3,0.9,raw,0.0,1.0,1.0,8000,1,2000,900,0,2511,0.0,0.7758151146463664,0.7209664107391953,1.3204218745231628,4.354753494262695,35.42773628234863,153.99872589111328,2.60829992871581,3.76254080548606,2.2820937780112103,1.1491605027821712,6.8,
TabPFN-V3,0.9,robust,0.0,1.0,1.0,8000,1,2000,900,0,2511,0.0,0.7758151271752725,0.7209663737556957,1.3204220776520472,4.354753283796546,35.42773379655223,153.99872609738475,2.608299921656615,3.7625408167865295,2.2820937490202473,1.1491604902116306,6.8,
TabPFN-V3,0.9,clip,20.0,1.0,1.0,8000,1,2000,900,48,2667,0.0,0.6555468926926232,0.6663965521974471,0.8335346877574921,6.0618603229522705,35.145368576049805,59.30864715576172,2.5736927437821038,3.6504345587465203,2.3934757132469016,1.7177952410419695,7.0,
TabPFN-V3,0.9,clip,50.0,1.0,1.0,8000,1,2000,900,22,2621,0.0,0.7530463536156441,0.7504972191653392,0.8710088133811951,5.819301128387451,40.18273735046387,128.95074462890625,2.5731945130636786,3.652493431313847,2.224286486090148,1.115738429477253,7.6,
TabPFN-V3,0.9,clip,200.0,1.0,1.0,8000,1,2000,900,4,2575,0.0,0.706165383270951,0.6940539751296242,0.9690370559692383,5.417853593826294,33.20881462097168,213.50562286376953,2.575122723234224,3.667176839529295,2.2476697522594957,1.0753519635569109,8.0,
TabPFN-V3,0.9,raw,0.0,1.0,1.0,9000,1,2000,900,0,2508,0.0,0.8009088459420346,0.7543443719325968,1.1033580899238586,7.155218839645386,54.70661926269531,214.4954605102539,2.408347099473267,3.367146496119298,1.9282932697214261,0.32347529828064187,6.5,
TabPFN-V3,0.9,robust,0.0,1.0,1.0,9000,1,2000,900,0,2508,0.0,0.800908921732916,0.7543444479547372,1.1033579505492197,7.155218927977307,54.70662302870865,214.49546317664985,2.408347091845715,3.3671464886153086,1.9282932752121356,0.3234753078102214,6.9,
TabPFN-V3,0.9,clip,20.0,1.0,1.0,9000,1,2000,900,47,2666,0.0,0.7365621405428817,0.7465652194473564,0.7409792542457581,5.695939540863037,37.7131233215332,58.65167236328125,2.3767612173589763,3.3436520346308387,2.0994998375895446,1.4059897477643117,6.4,
TabPFN-V3,0.9,clip,50.0,1.0,1.0,9000,1,2000,900,17,2624,0.0,0.8814832498735539,0.8759156684672651,0.7494303286075592,5.348057985305786,46.86554718017578,127.35941696166992,2.375453967987407,3.3552071599457474,1.963601419033046,0.6572595226943931,6.5,
TabPFN-V3,0.9,clip,200.0,1.0,1.0,9000,1,2000,900,6,2575,0.0,0.8450647960142867,0.8315683510932144,0.8447793424129486,4.857614994049072,40.70888328552246,200.83544158935547,2.3763877668793785,3.349498410166673,2.0777055887408737,0.34355809869229015,6.6,
TabPFN-V3,0.9,raw,0.0,1.0,1.0,10000,1,2000,900,0,2531,0.0,0.8038255375804673,0.7620184264254728,1.0816138982772827,7.2392120361328125,34.178916931152344,183.8591079711914,2.407592375018899,3.323302256751967,2.0308700712070817,0.7812271361099178,6.6,
TabPFN-V3,0.9,robust,0.0,1.0,1.0,10000,1,2000,900,0,2531,0.0,0.8038256672404779,0.7620185330244813,1.0816136901957776,7.239212070870275,34.1789202423445,183.85911268937127,2.4075923570304965,3.3233022630536704,2.030870063521947,0.7812271487739899,6.4,
TabPFN-V3,0.9,clip,20.0,1.0,1.0,10000,1,2000,900,55,2664,0.0,0.7060004628752931,0.7089624595360957,0.6885683834552765,4.787454605102539,33.29986000061035,53.430946350097656,2.4054766880516234,3.321313565320612,2.237494865173684,1.7711974150856826,6.2,
TabPFN-V3,0.9,clip,50.0,1.0,1.0,10000,1,2000,900,26,2619,0.0,0.8846971596645007,0.8727403015703269,0.7097758054733276,4.492512226104736,46.70176887512207,122.24880981445312,2.4022742586553476,3.3398987509976816,2.0563872154012675,1.0237287728954556,6.5,
TabPFN-V3,0.9,clip,200.0,1.0,1.0,10000,1,2000,900,6,2574,0.0,0.8769869858707731,0.8564372640875464,0.7972655892372131,4.419977188110352,38.43012237548828,217.72818756103516,2.401515789883086,3.3315438922759792,1.9537560402640934,0.8490905216025375,6.1,
TabPFN-V3,0.9,raw,0.0,1.0,1.0,11000,1,2000,900,0,2560,0.0,0.7413703396091792,0.7367436592290066,0.9366180896759033,5.90512228012085,37.2238655090332,190.5272674560547,4.424459801587494,6.745236547619409,5.127461056196998,2.9543625987066995,5.7,
TabPFN-V3,0.9,robust,0.0,1.0,1.0,11000,1,2000,900,0,2560,0.0,0.7413703910316198,0.7367436585025778,0.9366186244860463,5.905122241002902,37.22386676965108,190.5272662882721,4.424459777626249,6.7452365254906175,5.127461032638553,2.954362581687508,5.6,
TabPFN-V3,0.9,clip,20.0,1.0,1.0,11000,1,2000,900,42,2662,0.0,0.6586902318343999,0.6759600978383474,0.7829470038414001,6.092276573181152,35.12136459350586,63.45071792602539,4.433230864670402,6.727847937917294,5.5885856744084474,4.668018243284397,6.0,
TabPFN-V3,0.9,clip,50.0,1.0,1.0,11000,1,2000,900,14,2619,0.0,0.7805434870960043,0.7832748249582205,0.7957557737827301,5.889624118804932,43.05665588378906,129.6403350830078,4.428054180814393,6.736137776470706,5.201188873933643,3.4639412186530674,5.9,
TabPFN-V3,0.9,clip,200.0,1.0,1.0,11000,1,2000,900,3,2570,0.0,0.7488340979304593,0.744651410166425,0.8739305734634399,5.652814865112305,37.047550201416016,169.7353286743164,4.424291803163226,6.741533156467732,5.102927686661127,3.0495199998890863,5.9,
TabPFN-V3,0.9,raw,0.0,4.0,4.0,7000,1,2000,900,0,1998,0.0,0.627298448155562,0.6275887289850666,1.2075408101081848,8.052787780761719,40.48214340209961,173.53549194335938,2.1864962430023773,2.876431945317045,1.4268967534380645,0.2596557732647622,6.2,
TabPFN-V3,0.9,robust,0.0,4.0,4.0,7000,1,2000,900,0,1998,0.0,0.6272984101526217,0.6275887059039137,1.20754131927578,8.052787629298859,40.48214160952465,173.53548702389685,2.186496266815924,2.8764319255001967,1.4268967617188304,0.2596557733445733,6.1,
TabPFN-V3,0.9,clip,20.0,4.0,4.0,7000,1,2000,900,49,2655,0.0,0.7536879030720091,0.762504162250863,0.7472352683544159,5.87317419052124,41.59634971618652,66.25637817382812,2.179758372314924,2.8339561865461427,1.4306883887151753,0.8044086826190975,6.2,
TabPFN-V3,0.9,clip,50.0,4.0,4.0,7000,1,2000,900,13,2615,0.0,0.8835958373540554,0.8767495347212282,0.7777746319770813,5.593992233276367,52.114261627197266,149.6947021484375,2.180028641197631,2.8560317922574017,1.3685967624196678,0.2688897273675642,6.4,
TabPFN-V3,0.9,clip,200.0,4.0,4.0,7000,1,2000,900,4,2568,0.0,0.842282216824375,0.8288023517027701,0.8993735611438751,5.3085761070251465,42.30318069458008,250.4698028564453,2.177859823834682,2.8645257207360766,1.4285790820745423,0.2710179855487755,6.1,
TabPFN-V3,0.9,raw,0.0,4.0,3.999999999999999,8000,1,2000,900,0,2442,0.0,-0.16491899959512812,-0.04915063097394875,1.8296480774879456,11.912155151367188,21.634693145751953,34.143428802490234,2.7718932124791564,3.7194741850381137,2.4347338838817287,1.6522380320874606,6.3,
TabPFN-V3,0.9,robust,0.0,4.0,3.999999999999999,8000,1,2000,900,0,2442,0.0,-0.16491909243865574,-0.04915071997309162,1.8296500103657878,11.912158072682393,21.63469578284788,34.14342902067629,2.7718934699400157,3.7194742653754846,2.434733826520878,1.6522379986950078,6.3,
TabPFN-V3,0.9,clip,20.0,4.0,3.999999999999999,8000,1,2000,900,48,2667,0.0,0.6605987889023375,0.6718263186100751,0.8264958560466766,6.104779481887817,35.44046974182129,59.82121276855469,2.574492311468822,3.6521105018536018,2.3937757240552107,1.7143452496123226,6.1,
TabPFN-V3,0.9,clip,50.0,4.0,3.999999999999999,8000,1,2000,900,23,2620,0.0,0.7653432379818239,0.7632967371960571,0.8747110664844513,5.837986469268799,41.99506378173828,131.14060974121094,2.573713781799391,3.6524599026746363,2.220462663178568,1.106889060375199,6.4,
TabPFN-V3,0.9,clip,200.0,4.0,3.999999999999999,8000,1,2000,900,5,2574,0.0,0.7172042590525531,0.7082503711079736,0.9850522577762604,5.507561922073364,35.11891746520996,242.39795684814453,2.574973793154944,3.6639018348634202,2.2417873806006527,1.054170357177296,6.4,
TabPFN-V3,0.9,raw,0.0,4.0,4.0,9000,1,2000,900,0,2442,0.0,-0.23811190567784696,-0.12049272662399567,2.842900037765503,17.462373733520508,30.603384017944336,41.216365814208984,2.7012767960865354,3.747028134746687,2.238428022607495,1.7031852299004515,6.4,
TabPFN-V3,0.9,robust,0.0,4.0,4.0,9000,1,2000,900,0,2442,0.0,-0.2381120669106896,-0.12049297854158733,2.8429003530139703,17.46237687070633,30.603385228060006,41.21636317456007,2.701276935524897,3.747028287145808,2.238428015911826,1.7031852756926567,6.6,
TabPFN-V3,0.9,clip,20.0,4.0,4.0,9000,1,2000,900,48,2665,0.0,0.7370014020954573,0.7478253763381066,0.7386205196380615,5.742718935012817,37.9603157043457,59.040645599365234,2.3766378828205403,3.3454400159629505,2.097844370338803,1.398483543557633,6.8,
TabPFN-V3,0.9,clip,50.0,4.0,4.0,9000,1,2000,900,18,2624,0.0,0.8940548947986227,0.888198171845665,0.7418838739395142,5.378447771072388,47.578102111816406,129.95789337158203,2.3759940161162105,3.355205824138112,1.949941525413391,0.6300572939267348,6.9,
TabPFN-V3,0.9,clip,200.0,4.0,4.0,9000,1,2000,900,7,2574,0.0,0.8405776106518572,0.8277181227660512,0.8422031402587891,4.940680503845215,41.183692932128906,225.5135955810547,2.3758753841627134,3.3489620753061864,2.0792813670874657,0.3279012405956376,6.5,
TabPFN-V3,0.9,raw,0.0,4.0,4.000000000000001,10000,1,2000,900,0,2304,0.0,0.9462830955063499,0.8695640578355998,1.0685951709747314,4.051360130310059,37.254337310791016,176.4694061279297,2.4151240383695787,3.377270352279814,2.1085896657524414,0.8531762850108919,6.7,
TabPFN-V3,0.9,robust,0.0,4.0,4.000000000000001,10000,1,2000,900,0,2304,0.0,0.9462830880538737,0.8695640907678132,1.0685945895829603,4.051359860903288,37.25433807417832,176.4694019213905,2.415124008212827,3.377270371416863,2.108589668640968,0.8531762693036977,6.8,
TabPFN-V3,0.9,clip,20.0,4.0,4.000000000000001,10000,1,2000,900,56,2664,0.0,0.7080649432203008,0.7108359032508798,0.6885786354541779,4.893495559692383,34.1461067199707,53.718122482299805,2.4049371864853835,3.319510946929198,2.2367249120824253,1.7724585223195781,6.5,
TabPFN-V3,0.9,clip,50.0,4.0,4.000000000000001,10000,1,2000,900,27,2619,0.0,0.8985816110454137,0.884938733420439,0.7072383761405945,4.532801628112793,47.61514091491699,123.68779373168945,2.4027433236882967,3.3391249224229433,2.0571961101043907,1.02404506349655,7.1,
TabPFN-V3,0.9,clip,200.0,4.0,4.000000000000001,10000,1,2000,900,7,2573,0.0,0.8888024343590134,0.8652924121914836,0.7944360971450806,4.344133615493774,39.2485408782959,227.84207153320312,2.399256173660812,3.3245194660154302,1.9558494414577121,0.8361778181265855,7.1,
TabPFN-V3,0.9,raw,0.0,4.0,4.000000000000001,11000,1,2000,900,0,2055,0.0,0.5811298256829109,0.5917091146795591,1.1885139346122742,7.305964708328247,36.262163162231445,144.00226593017578,4.414303037345951,6.710114234588543,5.453578927684964,2.9517835886635515,6.9,
TabPFN-V3,0.9,robust,0.0,4.0,4.000000000000001,11000,1,2000,900,0,2055,0.0,0.5811297996811746,0.5917091059956682,1.188514236176515,7.305965018266079,36.2621612162118,144.00226982245374,4.414303041479507,6.710114232074595,5.453578896087226,2.9517835716805267,7.4,
TabPFN-V3,0.9,clip,20.0,4.0,4.000000000000001,11000,1,2000,900,43,2661,0.0,0.6625353916755525,0.680131548126391,0.7829766273498535,6.094163656234741,35.88728332519531,64.38949584960938,4.432864620575537,6.7264346505748955,5.590143631240436,4.669443691110423,7.5,
TabPFN-V3,0.9,clip,50.0,4.0,4.000000000000001,11000,1,2000,900,15,2618,0.0,0.7924682444798277,0.7933771862871617,0.7927929162979126,5.876129865646362,44.3970832824707,131.96710968017578,4.427957633790843,6.73700705037296,5.192175929351868,3.4269241215486765,7.2,
TabPFN-V3,0.9,clip,200.0,4.0,4.000000000000001,11000,1,2000,900,4,2568,0.0,0.7608308905010169,0.754364071414431,0.8872770369052887,5.563029050827026,38.13190269470215,188.4706268310547,4.422978400911911,6.7409325198321,5.1121012717634216,3.0090616896325515,6.9,
TabPFN-V3,0.9,raw,0.0,20.0,20.0,7000,1,2000,900,0,439,0.0,-0.24224840906488143,-0.1535297079434736,2.23437237739563,8.707891941070557,13.64082145690918,197.98956298828125,2.316902996423629,2.837798983867814,1.7160917851440187,0.2534976400377242,7.2,
TabPFN-V3,0.9,robust,0.0,20.0,20.0,7000,1,2000,900,0,439,0.0,-0.24224838470621946,-0.15352968703341377,2.2343718206143546,8.707890875007914,13.640821201262314,197.9895605979774,2.316902892257838,2.8377989863022215,1.7160918080960266,0.25349763354348054,7.2,
TabPFN-V3,0.9,clip,20.0,20.0,20.0,7000,1,2000,900,49,2655,0.0,0.7536879030720091,0.762504162250863,0.7472352683544159,5.87317419052124,41.59634971618652,66.25637817382812,2.179758372314924,2.8339561865461427,1.4306883887151753,0.8044086826190975,7.0,
TabPFN-V3,0.9,clip,50.0,20.0,20.0,7000,1,2000,900,13,2615,0.0,0.8835958373540554,0.8767495347212282,0.7777746319770813,5.593992233276367,52.114261627197266,149.6947021484375,2.180028641197631,2.8560317922574017,1.3685967624196678,0.2688897273675642,7.1,
TabPFN-V3,0.9,clip,200.0,20.0,20.0,7000,1,2000,900,4,2568,0.0,0.842282216824375,0.8288023517027701,0.8993735611438751,5.3085761070251465,42.30318069458008,250.4698028564453,2.177859823834682,2.8645257207360766,1.4285790820745423,0.2710179855487755,7.3,
TabPFN-V3,0.9,raw,0.0,20.0,20.0,8000,1,2000,900,0,759,0.0,-0.3071414346568246,-0.14517395212206355,4.138482093811035,46.76367378234863,80.3236312866211,117.8057632446289,3.3930048905803423,6.00631711142392,2.172803018891679,1.2981285878038493,7.6,
TabPFN-V3,0.9,robust,0.0,20.0,20.0,8000,1,2000,900,0,759,0.0,-0.3071413615952626,-0.14517391478281777,4.1384814345011165,46.76367487777124,80.32363707138236,117.8057778930812,3.3930049297458087,6.006317206321439,2.1728030057046213,1.298128534945578,6.5,
TabPFN-V3,0.9,clip,20.0,20.0,20.0,8000,1,2000,900,48,2667,0.0,0.6605987889023375,0.6718263186100751,0.8264958560466766,6.104779481887817,35.44046974182129,59.82121276855469,2.574492311468822,3.6521105018536018,2.3937757240552107,1.7143452496123226,6.4,
TabPFN-V3,0.9,clip,50.0,20.0,20.0,8000,1,2000,900,23,2620,0.0,0.7653432379818239,0.7632967371960571,0.8747110664844513,5.837986469268799,41.99506378173828,131.14060974121094,2.573713781799391,3.6524599026746363,2.220462663178568,1.106889060375199,6.4,
TabPFN-V3,0.9,clip,200.0,20.0,20.0,8000,1,2000,900,5,2574,0.0,0.7172042590525531,0.7082503711079736,0.9850522577762604,5.507561922073364,35.11891746520996,242.39795684814453,2.574973793154944,3.6639018348634202,2.2417873806006527,1.054170357177296,6.3,
TabPFN-V3,0.9,raw,0.0,20.0,20.0,9000,1,2000,900,0,761,0.0,-0.31539966333640446,-0.10495894151018467,-1.3631668090820312,69.91737365722656,124.48306274414062,185.51410675048828,3.739264418780189,7.656399744920872,1.8607799575888915,0.4537917238855338,6.4,
TabPFN-V3,0.9,robust,0.0,20.0,20.0,9000,1,2000,900,0,761,0.0,-0.3153995692092642,-0.1049587912397764,-1.3631506667711932,69.91737330375346,124.4830714330727,185.51410731097445,3.739260333856175,7.656399598189367,1.8607800007313335,0.45379171356400066,6.3,
TabPFN-V3,0.9,clip,20.0,20.0,20.0,9000,1,2000,900,48,2665,0.0,0.7370014020954573,0.7478253763381066,0.7386205196380615,5.742718935012817,37.9603157043457,59.040645599365234,2.3766378828205403,3.3454400159629505,2.097844370338803,1.398483543557633,6.6,
TabPFN-V3,0.9,clip,50.0,20.0,20.0,9000,1,2000,900,18,2624,0.0,0.8940548947986227,0.888198171845665,0.7418838739395142,5.378447771072388,47.578102111816406,129.95789337158203,2.3759940161162105,3.355205824138112,1.949941525413391,0.6300572939267348,6.8,
TabPFN-V3,0.9,clip,200.0,20.0,20.0,9000,1,2000,900,7,2574,0.0,0.8405776106518572,0.8277181227660512,0.8422031402587891,4.940680503845215,41.183692932128906,225.5135955810547,2.3758753841627134,3.3489620753061864,2.0792813670874657,0.3279012405956376,6.7,
TabPFN-V3,0.9,raw,0.0,20.0,19.999999999999996,10000,1,2000,900,0,575,0.0,-0.2980431585821393,-0.1916521091043673,2.737245559692383,13.773539066314697,22.65475845336914,30.829066276550293,2.6751165651946582,3.43823385785888,2.4001951578784517,1.9696251170455668,6.6,
TabPFN-V3,0.9,robust,0.0,20.0,19.999999999999996,10000,1,2000,900,0,575,0.0,-0.2980433248067662,-0.19165210064572671,2.737241896335647,13.77353721611712,22.654755817137065,30.8290623895345,2.675115684895681,3.438233748394381,2.4001952060533127,1.9696251449697144,6.5,
TabPFN-V3,0.9,clip,20.0,20.0,19.999999999999996,10000,1,2000,900,56,2664,0.0,0.7080649432203008,0.7108359032508798,0.6885786354541779,4.893495559692383,34.1461067199707,53.718122482299805,2.4049371864853835,3.319510946929198,2.2367249120824253,1.7724585223195781,6.6,
TabPFN-V3,0.9,clip,50.0,20.0,19.999999999999996,10000,1,2000,900,27,2619,0.0,0.8985816110454137,0.884938733420439,0.7072383761405945,4.532801628112793,47.61514091491699,123.68779373168945,2.4027433236882967,3.3391249224229433,2.0571961101043907,1.02404506349655,6.5,
TabPFN-V3,0.9,clip,200.0,20.0,19.999999999999996,10000,1,2000,900,7,2573,0.0,0.8888024343590134,0.8652924121914836,0.7944360971450806,4.344133615493774,39.2485408782959,227.84207153320312,2.399256173660812,3.3245194660154302,1.9558494414577121,0.8361778181265855,6.4,
TabPFN-V3,0.9,raw,0.0,20.0,20.0,11000,1,2000,900,0,460,0.0,-0.20387684486188298,-0.12933701265425585,2.1139659881591797,8.017266750335693,13.59036636352539,173.81492614746094,4.481358769708847,6.729310834304846,5.921444422266946,3.0883145393688918,6.5,
TabPFN-V3,0.9,robust,0.0,20.0,20.0,11000,1,2000,900,0,460,0.0,-0.2038768115985548,-0.12933692257170154,2.1139660330612777,8.017266961637233,13.590366289387507,173.8149469838993,4.4813587676016935,6.729310829635831,5.921444380216685,3.088314544776314,6.4,
TabPFN-V3,0.9,clip,20.0,20.0,20.0,11000,1,2000,900,43,2661,0.0,0.6625353916755525,0.680131548126391,0.7829766273498535,6.094163656234741,35.88728332519531,64.38949584960938,4.432864620575537,6.7264346505748955,5.590143631240436,4.669443691110423,6.5,
TabPFN-V3,0.9,clip,50.0,20.0,20.0,11000,1,2000,900,15,2618,0.0,0.7924682444798277,0.7933771862871617,0.7927929162979126,5.876129865646362,44.3970832824707,131.96710968017578,4.427957633790843,6.73700705037296,5.192175929351868,3.4269241215486765,6.4,
TabPFN-V3,0.9,clip,200.0,20.0,20.0,11000,1,2000,900,4,2568,0.0,0.7608308905010169,0.754364071414431,0.8872770369052887,5.563029050827026,38.13190269470215,188.4706268310547,4.422978400911911,6.7409325198321,5.1121012717634216,3.0090616896325515,6.7,
TabPFN-V3,0.9,raw,0.0,50.0,49.99999999999999,7000,1,2000,900,0,175,0.0,-0.2904054507732789,-0.19301646277074908,3.2287029027938843,15.002666473388672,24.703625679016113,35.67269706726074,2.551389819217964,2.9943026938541,1.731679415539183,1.1413509948335494,6.6,
TabPFN-V3,0.9,robust,0.0,50.0,49.99999999999999,7000,1,2000,900,0,175,0.0,-0.2904055723110618,-0.19301643337440239,3.2287006216335143,15.002664903099229,24.70362411162774,35.672697288657815,2.5513892556834423,2.994302640439641,1.7316794274397438,1.141351006375591,6.6,
TabPFN-V3,0.9,clip,20.0,50.0,49.99999999999999,7000,1,2000,900,49,2655,0.0,0.7536879030720091,0.762504162250863,0.7472352683544159,5.87317419052124,41.59634971618652,66.25637817382812,2.179758372314924,2.8339561865461427,1.4306883887151753,0.8044086826190975,6.4,
TabPFN-V3,0.9,clip,50.0,50.0,49.99999999999999,7000,1,2000,900,13,2615,0.0,0.8835958373540554,0.8767495347212282,0.7777746319770813,5.593992233276367,52.114261627197266,149.6947021484375,2.180028641197631,2.8560317922574017,1.3685967624196678,0.2688897273675642,6.9,
TabPFN-V3,0.9,clip,200.0,50.0,49.99999999999999,7000,1,2000,900,4,2568,0.0,0.842282216824375,0.8288023517027701,0.8993735611438751,5.3085761070251465,42.30318069458008,250.4698028564453,2.177859823834682,2.8645257207360766,1.4285790820745423,0.2710179855487755,6.5,
TabPFN-V3,0.9,raw,0.0,50.0,50.00000000000001,8000,1,2000,900,0,303,0.0,-0.29194930740867,-0.08996826554256585,0.012952208518981934,107.5430793762207,195.39382934570312,288.0749816894531,4.452143844600134,11.3698715173977,2.634300114403873,0.8404692724853494,6.3,
TabPFN-V3,0.9,robust,0.0,50.0,50.00000000000001,8000,1,2000,900,0,303,0.0,-0.29194932394268847,-0.08996823433892741,0.012931563368286714,107.54305687879075,195.39381031968577,288.0749657421414,4.452146926514116,11.369869766611878,2.6343000194425374,0.8404692623846908,6.5,
TabPFN-V3,0.9,clip,20.0,50.0,50.00000000000001,8000,1,2000,900,48,2667,0.0,0.6605987889023375,0.6718263186100751,0.8264958560466766,6.104779481887817,35.44046974182129,59.82121276855469,2.574492311468822,3.6521105018536018,2.3937757240552107,1.7143452496123226,6.7,
TabPFN-V3,0.9,clip,50.0,50.0,50.00000000000001,8000,1,2000,900,23,2620,0.0,0.7653432379818239,0.7632967371960571,0.8747110664844513,5.837986469268799,41.99506378173828,131.14060974121094,2.573713781799391,3.6524599026746363,2.220462663178568,1.106889060375199,6.7,
TabPFN-V3,0.9,clip,200.0,50.0,50.00000000000001,8000,1,2000,900,5,2574,0.0,0.7172042590525531,0.7082503711079736,0.9850522577762604,5.507561922073364,35.11891746520996,242.39795684814453,2.574973793154944,3.6639018348634202,2.2417873806006527,1.054170357177296,6.8,
TabPFN-V3,0.9,raw,0.0,50.0,50.00000000000001,9000,1,2000,900,0,304,0.0,-0.29582133339237376,-0.07118101201669011,-8.793836116790771,171.8717269897461,317.9656066894531,473.7091522216797,7.980015164823989,16.857545554589496,3.1162963054255983,0.46835291497995146,6.5,
TabPFN-V3,0.9,robust,0.0,50.0,50.00000000000001,9000,1,2000,900,0,304,0.0,-0.2958213761834115,-0.07118103285780568,-8.793826425234338,171.87172189550904,317.96558521338204,473.7091662709431,7.980010672076088,16.857545623402007,3.116296104840575,0.46835292015343627,6.6,
TabPFN-V3,0.9,clip,20.0,50.0,50.00000000000001,9000,1,2000,900,48,2665,0.0,0.7370014020954573,0.7478253763381066,0.7386205196380615,5.742718935012817,37.9603157043457,59.040645599365234,2.3766378828205403,3.3454400159629505,2.097844370338803,1.398483543557633,6.4,
TabPFN-V3,0.9,clip,50.0,50.0,50.00000000000001,9000,1,2000,900,18,2624,0.0,0.8940548947986227,0.888198171845665,0.7418838739395142,5.378447771072388,47.578102111816406,129.95789337158203,2.3759940161162105,3.355205824138112,1.949941525413391,0.6300572939267348,6.7,
TabPFN-V3,0.9,clip,200.0,50.0,50.00000000000001,9000,1,2000,900,7,2574,0.0,0.8405776106518572,0.8277181227660512,0.8422031402587891,4.940680503845215,41.183692932128906,225.5135955810547,2.3758753841627134,3.3489620753061864,2.0792813670874657,0.3279012405956376,6.9,
TabPFN-V3,0.9,raw,0.0,50.0,50.00000000000001,10000,1,2000,900,0,230,0.0,-0.29315635635613313,-0.13834489711256545,3.1161842346191406,30.38197612762451,52.564918518066406,75.78359985351562,2.8538666955537972,4.549797163364488,2.18800504142507,1.558231217943043,6.8,
TabPFN-V3,0.9,robust,0.0,50.0,50.00000000000001,10000,1,2000,900,0,230,0.0,-0.29315628876542343,-0.13834480377793695,3.1161792075976704,30.381969956732263,52.56491197517181,75.78359563078456,2.8538657134016194,4.549796741541923,2.188005037695059,1.5582312296039778,7.3,
TabPFN-V3,0.9,clip,20.0,50.0,50.00000000000001,10000,1,2000,900,56,2664,0.0,0.7080649432203008,0.7108359032508798,0.6885786354541779,4.893495559692383,34.1461067199707,53.718122482299805,2.4049371864853835,3.319510946929198,2.2367249120824253,1.7724585223195781,6.7,
TabPFN-V3,0.9,clip,50.0,50.0,50.00000000000001,10000,1,2000,900,27,2619,0.0,0.8985816110454137,0.884938733420439,0.7072383761405945,4.532801628112793,47.61514091491699,123.68779373168945,2.4027433236882967,3.3391249224229433,2.0571961101043907,1.02404506349655,6.7,
TabPFN-V3,0.9,clip,200.0,50.0,50.00000000000001,10000,1,2000,900,7,2573,0.0,0.8888024343590134,0.8652924121914836,0.7944360971450806,4.344133615493774,39.2485408782959,227.84207153320312,2.399256173660812,3.3245194660154302,1.9558494414577121,0.8361778181265855,6.9,
TabPFN-V3,0.9,raw,0.0,50.0,50.0,11000,1,2000,900,0,184,0.0,-0.29741040798766666,-0.18480367363612946,2.5271414518356323,13.292304039001465,22.013712882995605,31.56176471710205,4.561438031863303,6.813373554262268,6.0597925407570505,5.115785443246536,6.7,
TabPFN-V3,0.9,robust,0.0,50.0,50.0,11000,1,2000,900,0,184,0.0,-0.29741046707690244,-0.18480367627343613,2.5271415131809922,13.29230308950045,22.013711699645924,31.561763235963944,4.561438033166857,6.813373532333723,6.059792588391115,5.115785480253681,6.6,
TabPFN-V3,0.9,clip,20.0,50.0,50.0,11000,1,2000,900,43,2661,0.0,0.6625353916755525,0.680131548126391,0.7829766273498535,6.094163656234741,35.88728332519531,64.38949584960938,4.432864620575537,6.7264346505748955,5.590143631240436,4.669443691110423,6.7,
TabPFN-V3,0.9,clip,50.0,50.0,50.0,11000,1,2000,900,15,2618,0.0,0.7924682444798277,0.7933771862871617,0.7927929162979126,5.876129865646362,44.3970832824707,131.96710968017578,4.427957633790843,6.73700705037296,5.192175929351868,3.4269241215486765,6.2,
TabPFN-V3,0.9,clip,200.0,50.0,50.0,11000,1,2000,900,4,2568,0.0,0.7608308905010169,0.754364071414431,0.8872770369052887,5.563029050827026,38.13190269470215,188.4706268310547,4.422978400911911,6.7409325198321,5.1121012717634216,3.0090616896325515,6.5,
TabPFN-V3,0.7,log,0.0,1.0,1.0,7000,1,2000,900,0,3254,0.0,0.6351007131333161,0.6415414472913505,0.8944517017526733,5.797580940501296,31.212054489574413,135.4122063074218,1.3368328689455045,1.4995004479533185,0.5913916841702868,0.1806130726970624,10.0,
TabPFN-V3,0.7,tail_log,50.0,1.0,1.0,7000,1,2000,900,8,2604,0.0,0.6847799459951069,0.6798618096594462,0.7380249500274658,4.425652027130127,25.542386054992676,101.80934866807735,1.3403650579152964,1.5338764694805516,0.6063907020325757,0.3086590281287096,3.5,
TabPFN-V3,0.7,evt_trim,0.0,1.0,1.0,7000,1,2000,900,0,2593,0.0,0.6785521080504298,0.6756922059724045,0.7197891175746918,4.3341639041900635,25.18234920501709,109.4112548828125,1.3418887735093488,1.535293027636448,0.6078627536694666,0.1184667567973133,3.6,
TabPFN-V3,0.7,log,0.0,1.0,1.0,8000,1,2000,900,0,2754,0.0,0.6268121571168629,0.6232488529891336,0.9819604504283028,5.590247678655306,29.209220125532088,139.96013254249607,1.4304181193237355,1.7481447554059844,0.7672087042928285,0.2736387795445596,3.8,
TabPFN-V3,0.7,tail_log,50.0,1.0,1.0,8000,1,2000,900,13,2589,0.0,0.5825975343814437,0.5769558666506611,0.8679653406143188,4.425155162811279,21.11600399017334,98.82145220685464,1.4244050399016746,1.7547581785532622,0.8362881456424448,42.61850299229931,3.6,
TabPFN-V3,0.7,evt_trim,0.0,1.0,1.0,8000,1,2000,900,0,2531,0.0,0.5133320728253288,0.4813544338681042,1.014966368675232,5.21416449546814,19.570232391357422,77.88239669799805,1.4280384661371492,1.7492246749009832,0.8259084969671677,0.33871275532245926,3.7,
TabPFN-V3,0.7,log,0.0,1.0,1.0,9000,1,2000,900,0,3131,0.0,0.6854755538160442,0.6839100728740827,0.8519897340601432,5.299274129281137,31.028932558707957,154.95266281060816,1.3573992231594894,1.6691614489248412,0.7748806114351389,0.2224377125555339,3.9,
TabPFN-V3,0.7,tail_log,50.0,1.0,1.0,9000,1,2000,900,10,2583,0.0,0.6800822006968911,0.6677519157471082,0.764916718006134,4.138310194015503,23.195326805114746,88.41123432177778,1.3563233089064473,1.6750877312365113,0.8635582010844103,38.742611321459464,3.7,
TabPFN-V3,0.7,evt_trim,0.0,1.0,1.0,9000,1,2000,900,0,2525,0.0,0.5043700763363065,0.5181421405132993,0.8612205386161804,4.615710020065308,20.92288589477539,74.02312850952148,1.3563783942659298,1.661437562600033,0.861879603201191,0.14645312370635785,3.7,
TabPFN-V3,0.7,log,0.0,1.0,1.0,10000,1,2000,900,0,3328,0.0,0.7031508020530294,0.6937383740202402,0.8022550285029298,4.683853724850838,28.201213679170454,149.87803926217288,1.3627879209646536,1.617405632367322,0.7118316085494474,0.3442593154609549,3.6,
TabPFN-V3,0.7,tail_log,50.0,1.0,1.0,10000,1,2000,900,12,2592,0.0,0.7198748912381353,0.7017989337736085,0.6901358366012573,3.640023112297058,23.58961772918701,112.85674413245636,1.3673163172579366,1.6438614651864039,0.754575269178247,35.01959509849479,3.8,
TabPFN-V3,0.7,evt_trim,0.0,1.0,1.0,10000,1,2000,900,0,2559,0.0,0.6998901581020531,0.678306537191668,0.7487874329090118,3.749353528022766,21.578171730041504,122.43867874145508,1.3678891754077829,1.6416076356350489,0.7598229916295217,0.24733981810066283,3.9,
TabPFN-V3,0.7,log,0.0,1.0,1.0,11000,1,2000,900,0,2336,0.0,0.592929110016527,0.6047675153950652,0.9020486773284635,6.0022123072849505,30.266975676198143,112.96418479571068,2.1037953954352417,2.768638577994188,1.5954270455289263,0.6135985690633232,3.6,
TabPFN-V3,0.7,tail_log,50.0,1.0,1.0,11000,1,2000,900,8,2604,0.0,0.6071707247452327,0.6088541514933504,0.7382014095783234,4.550959348678589,23.120439529418945,87.75338682159712,2.1167626023559043,2.809665094348619,1.6840402562037535,1.0247248327042977,4.3,
TabPFN-V3,0.7,evt_trim,0.0,1.0,1.0,11000,1,2000,900,0,2594,0.0,0.594054977981849,0.5992359787834626,0.7342309355735779,4.57185173034668,22.48777198791504,86.58424758911133,2.1183876248874243,2.8111454028641787,1.6869315715048243,0.819317642044417,4.3,
TabPFN-V3,0.7,raw,0.0,1.0,1.0,12000,1,2000,900,0,2518,0.0,0.37927518655989867,0.39347962634063816,1.2111276984214783,6.956552505493164,18.785856246948242,66.57437133789062,2.0654742669141264,2.786136237315452,1.9625295531871376,0.9072684386289473,4.5,
TabPFN-V3,0.7,robust,0.0,1.0,1.0,12000,1,2000,900,0,2518,0.0,0.3792751878608211,0.39347962663552055,1.211127887801784,6.956552552696703,18.78585643748985,66.57436786895356,2.0654742728462123,2.7861362383346675,1.962529546486681,0.9072684176429526,4.2,
TabPFN-V3,0.7,clip,20.0,1.0,1.0,12000,1,2000,900,24,2674,0.0,0.6008518086230296,0.6028277402752228,0.8051954805850983,4.933912515640259,26.0659761428833,50.037353515625,2.0545972929690817,2.7922286784534873,1.939535006460428,1.3925926970389204,4.4,
TabPFN-V3,0.7,clip,50.0,1.0,1.0,12000,1,2000,900,5,2639,0.0,0.616265303281785,0.616062942331843,0.7708739042282104,4.839030742645264,25.452173233032227,73.37543869018555,2.054815659202046,2.800552733942871,1.8319157134345576,0.9666660537215428,4.2,
TabPFN-V3,0.7,clip,200.0,1.0,1.0,12000,1,2000,900,2,2586,0.0,0.604287709619186,0.5992669372195187,0.8128997087478638,4.7433483600616455,24.131187438964844,86.43260192871094,2.0549462543729944,2.8030281981278313,1.8249397246438341,0.926840763568437,4.3,
TabPFN-V3,0.7,log,0.0,1.0,1.0,12000,1,2000,900,0,2872,0.0,0.5995634363701732,0.6033303137743604,0.9786654741079108,5.909305141563215,30.56238247561548,125.74678473649237,2.056312638128052,2.788164228342294,1.765774010593965,0.4909487687770175,4.3,
TabPFN-V3,0.7,tail_log,50.0,1.0,1.0,12000,1,2000,900,5,2577,0.0,0.6064005821776626,0.6003851246205619,0.8045962452888489,4.778387069702148,23.918204307556152,88.78045576147946,2.0544313438105095,2.8025352591799972,1.8206194644972324,0.6032982978462325,4.2,
TabPFN-V3,0.7,evt_trim,0.0,1.0,1.0,12000,1,2000,900,2,2601,0.0,0.613113105719845,0.6117797670625325,0.7951812446117401,4.736471891403198,24.62571144104004,81.91809844970703,2.0549872214690903,2.8042932499526487,1.8220726270904746,0.8564516227166743,3.7,
TabPFN-V3,0.7,raw,0.0,1.0,1.0,13000,1,2000,900,0,2608,0.0,0.5951921864328943,0.5943236359607511,0.6814491450786591,4.043289661407471,20.39480495452881,60.66676330566406,1.61116947870519,2.0430616450649612,1.2416474176330945,0.5453824448757952,3.6,
TabPFN-V3,0.7,robust,0.0,1.0,1.0,13000,1,2000,900,0,2608,0.0,0.5951922217944409,0.5943236316427545,0.6814491577084105,4.043290076054905,20.394804650425353,60.66676681902921,1.6111694754604542,2.043061640160722,1.2416474174860674,0.5453824356793777,3.9,
TabPFN-V3,0.7,clip,20.0,1.0,1.0,13000,1,2000,900,24,2669,0.0,0.5652809302203137,0.5715914901836266,0.723056972026825,4.18108606338501,21.488110542297363,43.31558799743652,1.610523707079587,2.02700698768176,1.2424319006690347,0.8271710323054986,4.2,
TabPFN-V3,0.7,clip,50.0,1.0,1.0,13000,1,2000,900,5,2632,0.0,0.595830337522408,0.5969822652051318,0.6884048283100128,4.120486497879028,21.332392692565918,66.2027702331543,1.6106846019820273,2.0349264508683653,1.2414880849097836,0.5614183092792232,4.0,
TabPFN-V3,0.7,clip,200.0,1.0,1.0,13000,1,2000,900,0,2608,0.0,0.5951921864328943,0.5943236359607511,0.6814491450786591,4.043289661407471,20.39480495452881,60.66676330566406,1.61116947870519,2.0430616450649612,1.2416474176330945,0.5453824448757952,3.7,
TabPFN-V3,0.7,log,0.0,1.0,1.0,13000,1,2000,900,0,2355,0.0,0.5473786686593354,0.555302141136662,0.861368414733473,5.056089091995641,23.32627753008765,77.67938103828425,1.6065741382090735,1.9960191205974696,1.225373832855676,0.474501742162251,3.8,
TabPFN-V3,0.7,tail_log,50.0,1.0,1.0,13000,1,2000,900,5,2616,0.0,0.5971287744486192,0.596435576558578,0.7090316712856293,4.0647313594818115,20.568612098693848,66.0956802368164,1.611297321167056,2.0410885197139708,1.239106203465042,1.033179920480078,3.9,
TabPFN-V3,0.7,evt_trim,0.0,1.0,1.0,13000,1,2000,900,0,2608,0.0,0.5951921864328943,0.5943236359607511,0.6814491450786591,4.043289661407471,20.39480495452881,60.66676330566406,1.61116947870519,2.0430616450649612,1.2416474176330945,0.5453824448757952,3.6,
TabPFN-V3,0.7,raw,0.0,1.0,1.0,14000,1,2000,900,0,2579,0.0,0.6326623057863058,0.6292707113361109,0.7058716416358948,4.213030815124512,23.28860092163086,75.38865661621094,1.5650463127014675,1.983554822831765,1.089837794267989,0.44379707448014527,3.7,
TabPFN-V3,0.7,robust,0.0,1.0,1.0,14000,1,2000,900,0,2579,0.0,0.6326623077536992,0.6292707096601379,0.7058716515050592,4.213030481298837,23.28860216953278,75.38865990130468,1.565046317868649,1.9835548246835657,1.089837802037986,0.44379707029041265,3.7,
TabPFN-V3,0.7,clip,20.0,1.0,1.0,14000,1,2000,900,26,2671,0.0,0.614397095682697,0.6195761248393724,0.700299859046936,4.369672536849976,23.693769454956055,44.47069549560547,1.566669979491611,1.9672880219288829,1.106129276492357,0.7768474244873153,3.9,
TabPFN-V3,0.7,clip,50.0,1.0,1.0,14000,1,2000,900,5,2640,0.0,0.6501712985493968,0.6520686420159902,0.6708618402481079,4.239604234695435,24.550694465637207,65.17398834228516,1.5670042829786002,1.976275584321059,1.097793856590182,0.6210346593645769,3.7,
TabPFN-V3,0.7,clip,200.0,1.0,1.0,14000,1,2000,900,1,2579,0.0,0.6323606872751948,0.6287163991811038,0.707068532705307,4.217052221298218,23.292316436767578,75.84196853637695,1.5650327890863986,1.983297431034593,1.089593429566612,0.4459799238174053,3.8,
TabPFN-V3,0.7,log,0.0,1.0,1.0,14000,1,2000,900,0,2958,0.0,0.6209295049777661,0.6254785059117872,0.8275523163623462,5.232341395238224,27.976146430512024,111.99453771424947,1.5565573315432066,1.9317598589275151,1.0730337575892273,0.2500883884962577,4.0,
TabPFN-V3,0.7,tail_log,50.0,1.0,1.0,14000,1,2000,900,5,2602,0.0,0.6516195657702555,0.6485702790234444,0.684746652841568,4.16506814956665,23.659883499145508,79.65286895006977,1.5670822393863348,1.9825938664466554,1.0945492976150704,0.8126514018294567,4.3,
TabPFN-V3,0.7,evt_trim,0.0,1.0,1.0,14000,1,2000,900,0,2579,0.0,0.6326623057863058,0.6292707113361109,0.7058716416358948,4.213030815124512,23.28860092163086,75.38865661621094,1.5650463127014675,1.983554822831765,1.089837794267989,0.44379707448014527,3.7,
TabPFN-V3,0.7,raw,0.0,1.0,1.0,15000,1,2000,900,0,2558,0.0,0.694845797725426,0.683001386073943,0.7376485764980316,4.197523832321167,23.99056339263916,159.70054626464844,2.201362997632778,2.8994583426480243,1.6724729405029621,0.847739445324752,4.4,
TabPFN-V3,0.7,robust,0.0,1.0,1.0,15000,1,2000,900,0,2558,0.0,0.6948457872177075,0.6830013251799497,0.7376483847502278,4.197523365388131,23.99056352593953,159.7005469374349,2.2013629983914424,2.899458340352548,1.672472919275393,0.8477394278586381,4.2,
TabPFN-V3,0.7,clip,20.0,1.0,1.0,15000,1,2000,900,34,2671,0.0,0.6568212428554113,0.6557648630455657,0.7188447713851929,4.43617057800293,25.398666381835938,47.39919853210449,2.200585696793666,2.856508429213447,1.7956341401873588,1.2135744188286366,4.4,
TabPFN-V3,0.7,clip,50.0,1.0,1.0,15000,1,2000,900,12,2622,0.0,0.7261214768032787,0.7172141147482967,0.722870409488678,4.353164434432983,26.874415397644043,96.73338317871094,2.199831854123939,2.8820586042482077,1.6220038642867722,0.945467573499428,4.5,
TabPFN-V3,0.7,clip,200.0,1.0,1.0,15000,1,2000,900,2,2574,0.0,0.6981698142703698,0.6853852611379284,0.7367604970932007,4.153202772140503,24.367846488952637,129.43383026123047,2.1982417127851352,2.8945484845520784,1.6697907931765474,0.9071607789302004,4.5,
TabPFN-V3,0.7,log,0.0,1.0,1.0,15000,1,2000,900,0,2993,0.0,0.7315987184594831,0.7263227183045152,0.8640699536687175,5.3897538641909595,34.273285884323606,190.52083933581466,2.1884305383805764,2.795724507557589,1.5728317624738892,0.6646197659589057,4.4,
TabPFN-V3,0.7,tail_log,50.0,1.0,1.0,15000,1,2000,900,12,2589,0.0,0.7077351858768451,0.698404778730721,0.7400415539741516,4.244910001754761,25.1771821975708,129.72846920079093,2.2004746153701946,2.8911164454673486,1.656379598043718,8.964782716570324,4.2,
TabPFN-V3,0.7,evt_trim,0.0,1.0,1.0,15000,1,2000,900,0,2558,0.0,0.694845797725426,0.683001386073943,0.7376485764980316,4.197523832321167,23.99056339263916,159.70054626464844,2.201362997632778,2.8994583426480243,1.6724729405029621,0.847739445324752,4.4,
TabPFN-V3,0.7,raw,0.0,1.0,1.0,16000,1,2000,900,0,2605,0.0,0.7152681581487434,0.7022775920060068,0.759216696023941,4.244923114776611,27.068891525268555,99.61856842041016,1.3625138218031032,1.5693012486110982,0.6113658640126667,0.10626810410592256,4.4,
TabPFN-V3,0.7,robust,0.0,1.0,1.0,16000,1,2000,900,0,2605,0.0,0.715268176198236,0.702277595073159,0.7592166699424099,4.244923452985242,27.068892113245617,99.61857346779706,1.3625138191443142,1.569301249330659,0.6113658656687037,0.1062681090525903,4.5,
TabPFN-V3,0.7,clip,20.0,1.0,1.0,16000,1,2000,900,31,2663,0.0,0.6956976257159869,0.6893182961471468,0.7538345456123352,4.411552667617798,29.197026252746582,51.332035064697266,1.362794748886138,1.5583423855929985,0.6631041455145157,0.27039616863832716,4.6,
TabPFN-V3,0.7,clip,50.0,1.0,1.0,16000,1,2000,900,7,2626,0.0,0.7240623563075568,0.7125176900741687,0.7508873343467712,4.471435785293579,29.065725326538086,88.12581253051758,1.3599278329708244,1.5648757666428512,0.6077299972772255,0.09663441303301322,4.4,
TabPFN-V3,0.7,clip,200.0,1.0,1.0,16000,1,2000,900,0,2605,0.0,0.7152681581487434,0.7022775920060068,0.759216696023941,4.244923114776611,27.068891525268555,99.61856842041016,1.3625138218031032,1.5693012486110982,0.6113658640126667,0.10626810410592256,4.5,
TabPFN-V3,0.7,log,0.0,1.0,1.0,16000,1,2000,900,0,2683,0.0,0.6474440371441874,0.6463815382118318,0.9316662101045207,5.574738986146203,31.42124120884383,132.85865658014245,1.3552928803444013,1.5469852461047229,0.6004442824840942,0.1686133297333184,4.3,
TabPFN-V3,0.7,tail_log,50.0,1.0,1.0,16000,1,2000,900,7,2612,0.0,0.719942128261356,0.7063927025194479,0.7822686731815338,4.27754807472229,27.769556999206543,92.00155136531292,1.3612780395333763,1.567537643427073,0.6102912969846556,0.8287764971537461,4.9,
TabPFN-V3,0.7,evt_trim,0.0,1.0,1.0,16000,1,2000,900,0,2605,0.0,0.7152681581487434,0.7022775920060068,0.759216696023941,4.244923114776611,27.068891525268555,99.61856842041016,1.3625138218031032,1.5693012486110982,0.6113658640126667,0.10626810410592256,4.8,
TabPFN-V3,0.7,raw,0.0,1.0,1.0,17000,1,2000,900,0,2561,0.0,0.6195491677987246,0.6178450347581954,0.8163245022296906,4.370701551437378,22.81380558013916,105.1480598449707,1.401802548310161,1.6133017320376883,0.7140620331197892,0.13768135931052064,4.6,
TabPFN-V3,0.7,robust,0.0,1.0,1.0,17000,1,2000,900,0,2561,0.0,0.6195490994234212,0.617845004503816,0.8163243521911177,4.3707009746787815,22.813804510090268,105.14804660072994,1.4018025456794008,1.6133017430879981,0.7140620519710327,0.13768135706386495,4.3,
TabPFN-V3,0.7,clip,20.0,1.0,1.0,17000,1,2000,900,28,2669,0.0,0.624633385702382,0.630534278046953,0.7410947978496552,4.762148141860962,25.341920852661133,50.56375694274902,1.3999500384420092,1.5971707242032107,0.7706106237284485,0.3348444968425108,4.8,
TabPFN-V3,0.7,clip,50.0,1.0,1.0,17000,1,2000,900,8,2628,0.0,0.6641928091419089,0.6652329148633663,0.7410319149494171,4.691215515136719,26.752639770507812,77.46939849853516,1.398990516333825,1.6008603448262804,0.6799787045122179,0.169773137991535,5.3,
TabPFN-V3,0.7,clip,200.0,1.0,1.0,17000,1,2000,900,2,2578,0.0,0.6392058540723344,0.6371391528106015,0.7532927691936493,4.486664533615112,24.006820678710938,93.71743774414062,1.3998942921030197,1.6077812109369678,0.6995071073315279,0.1470690261865718,5.1,
TabPFN-V3,0.7,log,0.0,1.0,1.0,17000,1,2000,900,0,2669,0.0,0.6577779081424134,0.6606827757057877,0.9159795584262044,5.689515121418147,32.05530154275628,144.41885071282854,1.387519087949991,1.5754021143437735,0.670554403940429,0.2242513304253572,5.2,
TabPFN-V3,0.7,tail_log,50.0,1.0,1.0,17000,1,2000,900,8,2593,0.0,0.6441516449522904,0.6452876103535831,0.7340298593044281,4.576289653778076,24.870040893554688,92.50366643086889,1.401488441659287,1.6054281146982134,0.6924788019420306,1.5877148652373954,4.9,
TabPFN-V3,0.7,evt_trim,0.0,1.0,1.0,17000,1,2000,900,0,2561,0.0,0.6195491677987246,0.6178450347581954,0.8163245022296906,4.370701551437378,22.81380558013916,105.1480598449707,1.401802548310161,1.6133017320376883,0.7140620331197892,0.13768135931052064,5.3,
TabPFN-V3,0.7,raw,0.0,1.0,1.0,18000,1,2000,900,0,2585,0.0,0.628454812254102,0.6247857473512767,0.7418905794620514,4.054093599319458,22.416168212890625,78.60157012939453,1.1065307200006298,1.2365038747392993,0.6156288747882595,0.13856138057259967,5.3,
TabPFN-V3,0.7,robust,0.0,1.0,1.0,18000,1,2000,900,0,2585,0.0,0.6284547688409655,0.6247857854380163,0.7418905156271102,4.054093296818278,22.4161695662657,78.60158013266553,1.106530726613137,1.2365038749397086,0.6156288718286282,0.13856138187057598,5.5,
TabPFN-V3,0.7,clip,20.0,1.0,1.0,18000,1,2000,900,20,2671,0.0,0.6431485122831022,0.6417806554465235,0.7296324670314789,4.245846271514893,23.560851097106934,47.229251861572266,1.1063931586475058,1.2350361103726264,0.6045168618026905,0.25302089999441973,5.2,
TabPFN-V3,0.7,clip,50.0,1.0,1.0,18000,1,2000,900,5,2635,0.0,0.6493837810931592,0.644481185808102,0.7080329656600952,4.203282356262207,23.542816162109375,66.94734954833984,1.1075211203433086,1.2343573058084916,0.6172210923766839,0.17032784741482715,5.2,
TabPFN-V3,0.7,clip,200.0,1.0,1.0,18000,1,2000,900,1,2596,0.0,0.634692556805629,0.6319445449556379,0.6974551677703857,3.9604485034942627,22.230375289916992,82.8429946899414,1.1082618360624081,1.2357090602969514,0.6179758792071623,0.14963422229318069,5.3,
TabPFN-V3,0.7,log,0.0,1.0,1.0,18000,1,2000,900,0,3000,0.0,0.6050150257209282,0.6080393843996431,0.8758665662153478,5.243498969540221,26.40614999292254,103.1493047248145,1.1049907735796012,1.2437952372069938,0.6175186978810744,0.152015684821686,5.4,
TabPFN-V3,0.7,tail_log,50.0,1.0,1.0,18000,1,2000,900,5,2611,0.0,0.6439931946279606,0.6374086542068248,0.7486930191516876,4.13010048866272,22.61457633972168,82.42642593383789,1.1069527741413212,1.2345200223735653,0.61985377758672,0.1549752041681763,5.1,
TabPFN-V3,0.7,evt_trim,0.0,1.0,1.0,18000,1,2000,900,0,2585,0.0,0.628454812254102,0.6247857473512767,0.7418905794620514,4.054093599319458,22.416168212890625,78.60157012939453,1.1065307200006298,1.2365038747392993,0.6156288747882595,0.13856138057259967,5.3,
TabPFN-V3,0.7,raw,0.0,1.0,1.0,19000,1,2000,900,0,2580,0.0,0.623954429372016,0.6203308122512212,0.7657544612884521,4.37222695350647,23.11396598815918,116.92523193359375,1.7959002392118117,2.1907854599818437,1.092097966538746,0.5121089391174267,5.1,
TabPFN-V3,0.7,robust,0.0,1.0,1.0,19000,1,2000,900,0,2580,0.0,0.6239544260578546,0.6203307960863539,0.7657547566291631,4.3722271688358,23.113966092079977,116.9252267795158,1.7959002268284858,2.1907854657467114,1.0920979581155985,0.5121089478468904,5.1,
TabPFN-V3,0.7,clip,20.0,1.0,1.0,19000,1,2000,900,37,2667,0.0,0.6075912518138944,0.6159415191461196,0.7330698370933533,4.647334337234497,24.2912654876709,47.89580154418945,1.8005764483045343,2.1735979998279924,1.1481710378682792,0.6419640299635008,5.0,
TabPFN-V3,0.7,clip,50.0,1.0,1.0,19000,1,2000,900,15,2619,0.0,0.6503148514636659,0.6501958268884099,0.727741539478302,4.561256647109985,25.626023292541504,93.93656921386719,1.8001067866761615,2.186387692511571,1.0658803115270588,0.4771210405133516,5.1,
TabPFN-V3,0.7,clip,200.0,1.0,1.0,19000,1,2000,900,1,2580,0.0,0.6240244862704769,0.6207170801527366,0.7676160633563995,4.368553400039673,23.17054557800293,116.36324310302734,1.79599581289208,2.190354651947636,1.091466437578412,0.5112246303109013,5.1,
TabPFN-V3,0.7,log,0.0,1.0,1.0,19000,1,2000,900,0,2591,0.0,0.6602450191015362,0.6631659053137036,0.869135169578895,5.518076007461481,32.044063700229614,157.0853299322887,1.788169395254259,2.1295901871091787,1.0759344256027827,0.4777865033031233,5.1,
TabPFN-V3,0.7,tail_log,50.0,1.0,1.0,19000,1,2000,900,15,2589,0.0,0.6304912817557524,0.6323803333929412,0.6881536841392517,4.3632659912109375,23.307692527770996,114.99015775081646,1.8009607912409062,2.1955128064549765,1.1004307757930973,16.096641498912895,4.9,
TabPFN-V3,0.7,evt_trim,0.0,1.0,1.0,19000,1,2000,900,0,2580,0.0,0.623954429372016,0.6203308122512212,0.7657544612884521,4.37222695350647,23.11396598815918,116.92523193359375,1.7959002392118117,2.1907854599818437,1.092097966538746,0.5121089391174267,4.8,
TabPFN-V3,0.7,raw,0.0,1.0,1.0,20000,1,2000,900,0,2601,0.0,0.5990623663326977,0.6021202187843968,0.715227335691452,4.438595533370972,21.3402738571167,91.04310607910156,1.3226022727628708,1.469513866357409,0.5495131033751423,0.1361096407143021,5.1,
TabPFN-V3,0.7,robust,0.0,1.0,1.0,20000,1,2000,900,0,2601,0.0,0.5990623896259213,0.6021201878411456,0.7152273034904416,4.438595892670143,21.340275399296104,91.04310574698818,1.3226022763707959,1.4695138684428493,0.5495131075610852,0.1361096373418688,5.0,
TabPFN-V3,0.7,clip,20.0,1.0,1.0,20000,1,2000,900,22,2674,0.0,0.56549477377801,0.5731343920103317,0.737380176782608,4.713894844055176,22.407607078552246,46.899370193481445,1.3212050749975708,1.4581569552156746,0.5582602228288159,0.18809000959271296,4.9,
TabPFN-V3,0.7,clip,50.0,1.0,1.0,20000,1,2000,900,9,2623,0.0,0.6120306717357374,0.6142617238863622,0.7379521429538727,4.550347328186035,22.990758895874023,90.91265487670898,1.3208743454010219,1.4662671509487604,0.536120821810443,0.13006097721468182,4.9,
TabPFN-V3,0.7,clip,200.0,1.0,1.0,20000,1,2000,900,0,2601,0.0,0.5990623663326977,0.6021202187843968,0.715227335691452,4.438595533370972,21.3402738571167,91.04310607910156,1.3226022727628708,1.469513866357409,0.5495131033751423,0.1361096407143021,5.0,
TabPFN-V3,0.7,log,0.0,1.0,1.0,20000,1,2000,900,0,2667,0.0,0.5796853797695367,0.5877251069758135,0.8981871283710343,5.547017590402122,27.012506235435474,110.06963651685305,1.3161014153112005,1.4271017869383749,0.5491334881475349,0.15183117212557054,5.2,
TabPFN-V3,0.7,tail_log,50.0,1.0,1.0,20000,1,2000,900,9,2598,0.0,0.6063722742721684,0.6077168651528284,0.708999365568161,4.432733058929443,21.592516899108887,96.44871060496018,1.3221778765786696,1.4692739353772497,0.5480037445419287,1.0052016097174141,5.0,
TabPFN-V3,0.7,evt_trim,0.0,1.0,1.0,20000,1,2000,900,0,2601,0.0,0.5990623663326977,0.6021202187843968,0.715227335691452,4.438595533370972,21.3402738571167,91.04310607910156,1.3226022727628708,1.469513866357409,0.5495131033751423,0.1361096407143021,4.9,
TabPFN-V3,0.7,raw,0.0,1.0,1.0,21000,1,2000,900,0,2566,0.0,0.5769684042419226,0.574315250243864,0.7313410043716431,4.077534914016724,18.91654682159424,73.86234283447266,1.8938599067517468,2.461174038601483,1.555173177927533,0.74745278057539,4.8,
TabPFN-V3,0.7,robust,0.0,1.0,1.0,21000,1,2000,900,0,2566,0.0,0.5769683686931018,0.5743152616168405,0.7313410794377795,4.077535133436009,18.916547646728493,73.86234003886463,1.8938599068331519,2.4611740402616578,1.5551731783110887,0.7474527688603924,4.9,
TabPFN-V3,0.7,clip,20.0,1.0,1.0,21000,1,2000,900,28,2671,0.0,0.5811556583512856,0.5845803646988686,0.7082839906215668,4.316356182098389,21.301515579223633,42.46122169494629,1.8960846488401881,2.456096885868569,1.5484316199546984,1.1151000488487308,4.9,
TabPFN-V3,0.7,clip,50.0,1.0,1.0,21000,1,2000,900,8,2625,0.0,0.6065445062056805,0.6007172622027123,0.6996647119522095,4.192966938018799,21.444364547729492,71.49858474731445,1.893568051299211,2.4600772287723855,1.5140300526172707,0.7856374697973019,5.3,
TabPFN-V3,0.7,clip,200.0,1.0,1.0,21000,1,2000,900,2,2576,0.0,0.5843871324787516,0.5779258895408135,0.705083429813385,4.114499568939209,19.295108795166016,76.91338729858398,1.8948786165232054,2.4600494282866068,1.542857555982131,0.7450682481407147,5.1,
TabPFN-V3,0.7,log,0.0,1.0,1.0,21000,1,2000,900,0,3192,0.0,0.5924557300927444,0.5972641472678303,0.8437782553552794,5.21437060188914,26.03032097979777,102.12300739456197,1.8882465811074864,2.4213257784608424,1.4754332032343602,0.5096857911234052,5.2,
TabPFN-V3,0.7,tail_log,50.0,1.0,1.0,21000,1,2000,900,8,2594,0.0,0.5855310262747317,0.584106462327851,0.6766239106655121,4.042862415313721,19.90005111694336,71.67223358154297,1.8960250907133933,2.4632912538606404,1.5404143078207078,1.385242832109192,6.2,
TabPFN-V3,0.7,evt_trim,0.0,1.0,1.0,21000,1,2000,900,0,2566,0.0,0.5769684042419226,0.574315250243864,0.7313410043716431,4.077534914016724,18.91654682159424,73.86234283447266,1.8938599067517468,2.461174038601483,1.555173177927533,0.74745278057539,6.1,
TabPFN-V3,0.7,raw,0.0,1.0,1.0,22000,1,2000,900,0,2548,0.0,0.5994584971387167,0.5868181343042628,0.9088818728923798,4.5774641036987305,22.645346641540527,133.15552520751953,1.5772177915902916,1.93362313259157,1.0612688827529055,0.28079078381822214,5.7,
TabPFN-V3,0.7,robust,0.0,1.0,1.0,22000,1,2000,900,0,2548,0.0,0.5994584165424971,0.5868181098642494,0.9088820017639303,4.577464143761482,22.64534511532434,133.15552164569488,1.5772177944539807,1.9336231343440806,1.061268900127975,0.28079079817583263,6.4,
TabPFN-V3,0.7,clip,20.0,1.0,1.0,22000,1,2000,900,28,2671,0.0,0.5974228300048912,0.5973999150950001,0.8241820931434631,4.722286939620972,25.17448902130127,49.228702545166016,1.5760101694221496,1.9260724571023917,1.030867584765075,0.5249051628372019,6.6,
TabPFN-V3,0.7,clip,50.0,1.0,1.0,22000,1,2000,900,10,2627,0.0,0.6605345863730875,0.6519267293312835,0.8895665407180786,4.696884632110596,26.722900390625,92.67555236816406,1.575999411521612,1.9271990278635955,1.0009789957905384,0.30603079014602064,6.8,
TabPFN-V3,0.7,clip,200.0,1.0,1.0,22000,1,2000,900,1,2582,0.0,0.6141528038476302,0.6056845801665102,0.8587627410888672,4.513589143753052,23.329873085021973,106.0531120300293,1.5751069792721581,1.9349707413998838,1.0461301630325393,0.2918113050305456,6.7,
TabPFN-V3,0.7,log,0.0,1.0,1.0,22000,1,2000,900,0,2873,0.0,0.6448122104811572,0.6408115062309726,0.9912134753486685,5.6974845078269665,31.231076506690737,153.45757466666635,1.5767387915455027,1.9044962496473046,0.9805801377688297,0.30154539044455697,6.7,
TabPFN-V3,0.7,tail_log,50.0,1.0,1.0,22000,1,2000,900,10,2591,0.0,0.634372156326518,0.6253086974980081,0.8648964464664459,4.561204433441162,24.0346736907959,109.29564366967423,1.5753750567176859,1.937490371164378,1.0617678219454634,34.88907373124931,6.6,
TabPFN-V3,0.7,evt_trim,0.0,1.0,1.0,22000,1,2000,900,0,2548,0.0,0.5994584971387167,0.5868181343042628,0.9088818728923798,4.5774641036987305,22.645346641540527,133.15552520751953,1.5772177915902916,1.93362313259157,1.0612688827529055,0.28079078381822214,6.6,
TabPFN-V3,0.7,raw,0.0,1.0,1.0,23000,1,2000,900,0,2533,0.0,0.5032923738513072,0.4957375363180333,0.9201333224773407,5.01447606086731,19.07554340362549,82.33205032348633,1.4879749933752227,1.8603333707048262,1.0751435927272774,0.591293479621261,6.5,
TabPFN-V3,0.7,robust,0.0,1.0,1.0,23000,1,2000,900,0,2533,0.0,0.5032924508416616,0.4957376104455914,0.9201333300288911,5.014476377434651,19.07554456317468,82.33204700797852,1.4879749890481788,1.8603333686803005,1.075143589177739,0.5912934805393627,6.8,
TabPFN-V3,0.7,clip,20.0,1.0,1.0,23000,1,2000,900,29,2675,0.0,0.5615002217120907,0.5696913387890775,0.7616488933563232,4.63252854347229,22.378697395324707,48.61359405517578,1.482705217180612,1.842230619514244,1.0923466932109662,0.6903285596075728,6.8,
TabPFN-V3,0.7,clip,50.0,1.0,1.0,23000,1,2000,900,8,2631,0.0,0.5880796281632997,0.5906331664950797,0.7397378981113434,4.56463885307312,21.973526000976562,75.70412826538086,1.4818630161898612,1.8455680119974052,1.0392320021542742,0.5441694448901379,6.5,
TabPFN-V3,0.7,clip,200.0,1.0,1.0,23000,1,2000,900,1,2585,0.0,0.5743319203302137,0.5706437897382592,0.7994985580444336,4.412007093429565,20.416759490966797,92.56957244873047,1.4824178960499164,1.8495270060374671,1.069962947107779,0.5400851116102101,7.0,
TabPFN-V3,0.7,log,0.0,1.0,1.0,23000,1,2000,900,0,3190,0.0,0.5821684916652861,0.588708988173667,0.9019230578725157,5.478285636632286,26.71230478058664,105.57570263976581,1.482543848631355,1.8443239151164268,1.0449409458702787,0.6045170227793187,7.0,
TabPFN-V3,0.7,tail_log,50.0,1.0,1.0,23000,1,2000,900,8,2588,0.0,0.5722110164333546,0.5714117090781003,0.8178614974021912,4.377748489379883,20.60768985748291,94.68245440797224,1.4829151299040713,1.8501191761196512,1.070272044420864,12.753513817385986,7.0,
TabPFN-V3,0.7,evt_trim,0.0,1.0,1.0,23000,1,2000,900,0,2533,0.0,0.5032923738513072,0.4957375363180333,0.9201333224773407,5.01447606086731,19.07554340362549,82.33205032348633,1.4879749933752227,1.8603333707048262,1.0751435927272774,0.591293479621261,7.3,
TabPFN-V3,0.7,raw,0.0,1.0,1.0,24000,1,2000,900,0,2581,0.0,0.6244288137300179,0.6127286415327947,0.794550359249115,4.299352169036865,21.58095645904541,99.05237579345703,1.7553490827351648,2.242338108673059,1.3088200161688681,0.38067837286898454,6.5,
TabPFN-V3,0.7,robust,0.0,1.0,1.0,24000,1,2000,900,0,2581,0.0,0.6244288329271607,0.6127286419237201,0.7945502589888251,4.299352452775347,21.580955475022666,99.05238144110982,1.7553490842691906,2.242338114955909,1.3088200320145393,0.38067834763440367,6.7,
TabPFN-V3,0.7,clip,20.0,1.0,1.0,24000,1,2000,900,28,2670,0.0,0.5921172099773373,0.5892351770996672,0.7744225561618805,4.484957933425903,22.662429809570312,45.968475341796875,1.7539301124678346,2.226001509602489,1.4090201003365908,0.9471477774586767,6.6,
TabPFN-V3,0.7,clip,50.0,1.0,1.0,24000,1,2000,900,8,2624,0.0,0.6351523640204609,0.6290953048791011,0.8049735128879547,4.477487087249756,23.253567695617676,78.78264236450195,1.7532729145321466,2.2308294448765342,1.3161883247285626,0.550891023893141,6.6,
TabPFN-V3,0.7,clip,200.0,1.0,1.0,24000,1,2000,900,1,2586,0.0,0.6230879234199153,0.6144490965873997,0.7978471517562866,4.366508722305298,21.777252197265625,96.4539680480957,1.755175996114685,2.241514143431608,1.308771312130438,0.40300771211255537,5.9,
TabPFN-V3,0.7,log,0.0,1.0,1.0,24000,1,2000,900,0,2543,0.0,0.6210334228719154,0.6190428099550958,0.9206076812885937,5.466465792909603,28.235148245133317,122.03791552997833,1.7524416096177073,2.193757042308582,1.2883961147081526,0.18876829465007375,4.9,
TabPFN-V3,0.7,tail_log,50.0,1.0,1.0,24000,1,2000,900,8,2600,0.0,0.6319572128081018,0.6204507913468926,0.7777829468250275,4.374116897583008,22.10133934020996,90.76595057140597,1.7544881559022274,2.238381498713118,1.3135136364609703,3.896666663457535,5.1,
TabPFN-V3,0.7,evt_trim,0.0,1.0,1.0,24000,1,2000,900,0,2581,0.0,0.6244288137300179,0.6127286415327947,0.794550359249115,4.299352169036865,21.58095645904541,99.05237579345703,1.7553490827351648,2.242338108673059,1.3088200161688681,0.38067837286898454,5.1,
TabPFN-V3,0.7,raw,0.0,1.0,1.0,25000,1,2000,900,0,2526,0.0,0.5307128519619341,0.5306763533938235,0.9504215717315674,4.850551128387451,23.95159912109375,83.20565795898438,1.6658617432086804,2.018389717207051,1.0509951976398033,0.13392750995809813,5.1,
TabPFN-V3,0.7,robust,0.0,1.0,1.0,25000,1,2000,900,0,2526,0.0,0.5307128925622823,0.5306763743576578,0.950421699215664,4.850551307681483,23.951598979930353,83.2056587554115,1.6658617448184543,2.0183897170568095,1.0509951865162057,0.13392751782813708,5.1,
TabPFN-V3,0.7,clip,20.0,1.0,1.0,25000,1,2000,900,31,2670,0.0,0.6659451587267883,0.6580618691638033,0.7498729825019836,4.573094367980957,27.11131191253662,48.59995079040527,1.6702581919269612,2.0145851986723224,1.105095147472475,0.6498616094112734,5.3,
TabPFN-V3,0.7,clip,50.0,1.0,1.0,25000,1,2000,900,8,2633,0.0,0.7062433130842171,0.6938095412179879,0.7495590150356293,4.462162256240845,28.46236801147461,80.22825622558594,1.6684679110174423,2.021570085945734,1.0289428235490803,0.30697740206798824,4.9,
TabPFN-V3,0.7,clip,200.0,1.0,1.0,25000,1,2000,900,2,2579,0.0,0.6718115611360033,0.6578696662572913,0.7749448716640472,4.226365566253662,25.53881072998047,101.42424774169922,1.6668709742749226,2.0281651711397317,1.0368097853594123,0.1237348028378856,5.2,
TabPFN-V3,0.7,log,0.0,1.0,1.0,25000,1,2000,900,0,2958,0.0,0.675867595897172,0.6748971900130565,0.9248198848123548,5.752446635059377,33.06504664902651,151.89522520230838,1.6593654473500017,1.9936800976324633,0.9592703300758619,0.23213473841377172,4.9,
TabPFN-V3,0.7,tail_log,50.0,1.0,1.0,25000,1,2000,900,8,2581,0.0,0.6849640200634525,0.6718553555542669,0.7810705304145813,4.35951566696167,26.40003776550293,102.97587231467583,1.6673049760503686,2.0253550450536566,1.0292689465927882,41.97472308255438,6.2,
TabPFN-V3,0.7,evt_trim,0.0,1.0,1.0,25000,1,2000,900,0,2526,0.0,0.5307128519619341,0.5306763533938235,0.9504215717315674,4.850551128387451,23.95159912109375,83.20565795898438,1.6658617432086804,2.018389717207051,1.0509951976398033,0.13392750995809813,6.8,
TabPFN-V3,0.7,raw,0.0,1.0,1.0,26000,1,2000,900,0,2607,0.0,0.6729080324108793,0.6623263000266656,0.7295954525470734,4.119213104248047,24.32567310333252,78.66691207885742,1.6333708372230655,1.9296770654268713,0.9520182975584423,0.3033617232110327,6.6,
TabPFN-V3,0.7,robust,0.0,1.0,1.0,26000,1,2000,900,0,2607,0.0,0.6729080573967207,0.6623262945783637,0.7295952900041434,4.119213036506366,24.3256737569331,78.66692224750335,1.633370843001024,1.929677057441775,0.952018297959851,0.30336169217065023,6.5,
TabPFN-V3,0.7,clip,20.0,1.0,1.0,26000,1,2000,900,26,2668,0.0,0.6447666167386507,0.6371498330391621,0.7471446096897125,4.333061695098877,23.871627807617188,45.13707160949707,1.6337779511998174,1.9100061289897652,1.0106501042699296,0.5423412447243269,6.9,
TabPFN-V3,0.7,clip,50.0,1.0,1.0,26000,1,2000,900,6,2632,0.0,0.6814708705109787,0.6700625955872004,0.7242414355278015,4.234558582305908,24.832783699035645,72.97724914550781,1.6316307511448875,1.919191355110629,0.9573292600659019,0.3581924310266648,6.9,
TabPFN-V3,0.7,clip,200.0,1.0,1.0,26000,1,2000,900,0,2607,0.0,0.6729080324108793,0.6623263000266656,0.7295954525470734,4.119213104248047,24.32567310333252,78.66691207885742,1.6333708372230655,1.9296770654268713,0.9520182975584423,0.3033617232110327,6.4,
TabPFN-V3,0.7,log,0.0,1.0,1.0,26000,1,2000,900,0,2938,0.0,0.6143688574683357,0.6138062993205978,0.8833111399483391,5.165004776595149,27.356626083371268,117.57817544453941,1.6230263426490654,1.8652038488153824,0.9351316180577718,0.2920537302849399,6.5,
TabPFN-V3,0.7,tail_log,50.0,1.0,1.0,26000,1,2000,900,6,2615,0.0,0.6793698071206515,0.6676039447421673,0.7638833820819855,4.174623012542725,24.838212966918945,80.83078029999015,1.6316535327940176,1.9249224365329944,0.9488354619450651,0.3765371208032458,6.5,
TabPFN-V3,0.7,evt_trim,0.0,1.0,1.0,26000,1,2000,900,0,2607,0.0,0.6729080324108793,0.6623263000266656,0.7295954525470734,4.119213104248047,24.32567310333252,78.66691207885742,1.6333708372230655,1.9296770654268713,0.9520182975584423,0.3033617232110327,6.4,
TabPFN-V3,0.7,log,0.0,4.0,3.9999999999999996,7000,1,2000,900,0,3243,0.0,0.6702113594989878,0.6732471976205969,0.9009158731060739,5.836932152220333,33.651860347142915,163.75376673672514,1.3362807833805739,1.5005461948346794,0.5995455970444526,0.22465422218953512,6.4,
TabPFN-V3,0.7,tail_log,50.0,4.0,3.9999999999999996,7000,1,2000,900,9,2576,0.0,0.6803889253027436,0.6742710416761021,0.793201208114624,4.436519622802734,25.45284938812256,125.12091892497483,1.339422580800912,1.5349044693664506,0.617229399533907,3.684018071419494,6.7,
TabPFN-V3,0.7,evt_trim,0.0,4.0,3.9999999999999996,7000,1,2000,900,0,1934,0.0,0.5601052909434914,0.5526732829218076,0.9769167006015778,5.378891944885254,22.921480178833008,93.03496932983398,1.3411116297062295,1.517415322161604,0.6216764538783117,0.12278014499870898,6.6,
TabPFN-V3,0.7,log,0.0,4.0,4.000000000000001,8000,1,2000,900,0,2739,0.0,0.6589071262126674,0.6529410971344062,0.9829578852957666,5.608497695931078,31.170657821614085,186.62758282164685,1.4308015943505574,1.7481289350710263,0.7686434053477842,0.2960325457156414,6.6,
TabPFN-V3,0.7,tail_log,50.0,4.0,4.000000000000001,8000,1,2000,900,14,2574,0.0,0.5850815589412747,0.5756060376000497,0.8609914183616638,4.4284586906433105,21.403627395629883,109.00914967223184,1.4244642409568613,1.7542771151786125,0.8613982410148467,403.9688974761575,6.5,
TabPFN-V3,0.7,evt_trim,0.0,4.0,4.000000000000001,8000,1,2000,900,0,2438,0.0,0.43605065507167606,0.42932993091196214,1.1759649515151978,3.440729022026062,22.32100772857666,70.68044662475586,1.447406389322785,1.8498374040655583,0.8544707639187942,0.34511924913035785,6.5,
TabPFN-V3,0.7,log,0.0,4.0,3.9999999999999996,9000,1,2000,900,0,3115,0.0,0.7158650335483903,0.7120139345879049,0.8498166583696809,5.291291811335119,32.88429352623782,193.96256012723762,1.3576853172042578,1.6692615701662277,0.7638709993895411,0.27722598693066564,6.6,
TabPFN-V3,0.7,tail_log,50.0,4.0,3.9999999999999996,9000,1,2000,900,11,2570,0.0,0.6714592751312919,0.6616100822135995,0.749409019947052,4.331148624420166,23.289752960205078,106.99791167004898,1.3559209690392169,1.6757511225149184,0.8676409767479956,304.5754474535667,6.6,
TabPFN-V3,0.7,evt_trim,0.0,4.0,3.9999999999999996,9000,1,2000,900,0,2438,0.0,0.8531040932882679,0.7506516700938451,1.1787573099136353,3.4564011096954346,28.42799186706543,103.80802536010742,1.381024952315011,1.6540870589732792,0.7726855150534793,0.12133547796278113,6.5,
TabPFN-V3,0.7,log,0.0,4.0,4.0,10000,1,2000,900,0,3315,0.0,0.7399578234891098,0.7279579865555137,0.8124322380156908,4.73729756472259,30.114557243173255,186.65831566977235,1.3619776734373217,1.6179938789358,0.6791635725893248,0.42552396297719436,6.4,
TabPFN-V3,0.7,tail_log,50.0,4.0,4.0,10000,1,2000,900,13,2576,0.0,0.7249874143163351,0.7069161268776696,0.7086664438247681,3.6789329051971436,23.27934741973877,116.27881482810974,1.3666504731600757,1.6405564199888558,0.7622878022373842,900.8924060044039,6.4,
TabPFN-V3,0.7,evt_trim,0.0,4.0,4.0,10000,1,2000,900,0,2238,0.0,0.547487205341356,0.5215143641193507,0.9314780533313751,5.091939926147461,17.84757137298584,90.89647674560547,1.3654962310905294,1.6119698202418966,0.8013069557010626,0.2568943269922983,6.0,
TabPFN-V3,0.7,log,0.0,4.0,4.000000000000001,11000,1,2000,900,0,2325,0.0,0.624711751313125,0.6338206422576921,0.9057431257306398,6.000629078021547,31.729852406823348,131.79551405138272,2.104005809159032,2.769866999460198,1.5824767689221984,0.5524479361553424,5.5,
TabPFN-V3,0.7,tail_log,50.0,4.0,4.000000000000001,11000,1,2000,900,9,2574,0.0,0.5998331607423328,0.6014312308995973,0.7802896201610565,4.6510889530181885,23.07161045074463,97.2100759673291,2.115923791264801,2.8047057006042326,1.669265058039042,2.3186925177770865,5.3,
TabPFN-V3,0.7,evt_trim,0.0,4.0,4.000000000000001,11000,1,2000,900,0,1804,0.0,0.5214263715372686,0.5227756726089513,0.9521294236183167,4.943793058395386,20.75235652923584,80.06221771240234,2.109158516044502,2.8027455404554846,1.7546543424409562,0.6884082215361382,5.1,
TabPFN-V3,0.7,raw,0.0,4.0,4.0,12000,1,2000,900,0,2270,0.0,0.25737877968288514,0.20159387984046076,1.4351034760475159,4.218992471694946,10.966701030731201,103.392578125,2.106345851065086,2.8160682585505294,1.9844904374398584,0.930125760513326,5.1,
TabPFN-V3,0.7,robust,0.0,4.0,4.0,12000,1,2000,900,0,2270,0.0,0.2573787607515199,0.20159390718043413,1.4351028093874627,4.218991983012721,10.966699930528337,103.3925685365681,2.106345750995082,2.81606826628886,1.9844904390994786,0.9301257374568084,5.2,
TabPFN-V3,0.7,clip,20.0,4.0,4.0,12000,1,2000,900,25,2673,0.0,0.6066270726248099,0.6073701482751872,0.8039873540401459,4.948173522949219,26.293784141540527,50.47939109802246,2.054395144637329,2.791411729086459,1.9409154850465191,1.4031728986543162,4.9,
TabPFN-V3,0.7,clip,50.0,4.0,4.0,12000,1,2000,900,6,2637,0.0,0.6196633376782849,0.6205011949088007,0.7832036912441254,4.867250919342041,25.8100528717041,76.6915397644043,2.0548239223285814,2.7995003634897806,1.828016529625383,0.9464570918553761,5.1,
TabPFN-V3,0.7,clip,200.0,4.0,4.0,12000,1,2000,900,3,2579,0.0,0.6057550203254408,0.5998861158844948,0.8070175349712372,4.658419847488403,23.733046531677246,89.12395477294922,2.0552285634204486,2.804755079492486,1.8316146824138104,0.8965219475381466,5.1,
TabPFN-V3,0.7,log,0.0,4.0,4.0,12000,1,2000,900,0,2854,0.0,0.6253450416806365,0.6267700268010742,0.9755651872927903,5.905514889824757,31.978358291469952,145.2636115769144,2.056139136493795,2.7870634759164394,1.754439652570723,0.4503297937553857,5.0,
TabPFN-V3,0.7,tail_log,50.0,4.0,4.0,12000,1,2000,900,6,2564,0.0,0.5988625156727728,0.5951364040661403,0.8704781532287598,4.694216251373291,23.502657890319824,92.54555088219763,2.0553673235814967,2.809318464952309,1.8512452279395417,0.6295519178336278,6.3,
TabPFN-V3,0.7,evt_trim,0.0,4.0,4.0,12000,1,2000,900,3,2595,0.0,0.6076918909555608,0.6083200395861108,0.8453222215175629,4.716293811798096,24.32770347595215,84.54051208496094,2.0552039876948607,2.80684995633175,1.8260333014346433,0.9062524959771725,6.6,
TabPFN-V3,0.7,raw,0.0,4.0,4.0,13000,1,2000,900,0,1656,0.0,0.5129572545713945,0.5099703401704465,0.8697023391723633,4.53266716003418,18.56747341156006,57.25764083862305,1.6138207252766485,2.0287870119579607,1.2586463939121784,0.5864880735071751,6.5,
TabPFN-V3,0.7,robust,0.0,4.0,4.0,13000,1,2000,900,0,1656,0.0,0.5129572195904601,0.5099704241584779,0.8697017645570251,4.532666799204282,18.56747445081234,57.25764172186929,1.6138207126002604,2.0287870146886045,1.2586463823354421,0.5864880467849289,6.6,
TabPFN-V3,0.7,clip,20.0,4.0,4.0,13000,1,2000,900,24,2669,0.0,0.5669575541269337,0.5737537610275688,0.728073388338089,4.229396343231201,21.9505615234375,43.77544593811035,1.6101980349792757,2.021445563110416,1.2411404408092928,0.8212544189725384,6.4,
TabPFN-V3,0.7,clip,50.0,4.0,4.0,13000,1,2000,900,6,2630,0.0,0.6006597000790396,0.6009840914416335,0.6767670214176178,4.1972551345825195,21.551939964294434,68.13708114624023,1.6106555107461038,2.029399211677436,1.2401064447450338,0.5242053825930575,6.3,
TabPFN-V3,0.7,clip,200.0,4.0,4.0,13000,1,2000,900,1,2584,0.0,0.5799346893516422,0.5803479534605553,0.7751893103122711,4.054660797119141,19.942062377929688,70.68811416625977,1.6116897761075157,2.0399594384623447,1.2357316495571897,0.5122780613541854,6.6,
TabPFN-V3,0.7,log,0.0,4.0,4.0,13000,1,2000,900,0,2344,0.0,0.590706472206543,0.5933964845595304,0.8586914542686062,5.0223511061454715,25.02781065242477,97.01539089924458,1.606204445280237,1.9952170991471248,1.2160121760884683,0.4202537650910233,6.6,
TabPFN-V3,0.7,tail_log,50.0,4.0,4.0,13000,1,2000,900,6,2578,0.0,0.5804289174025349,0.5824396452002074,0.7046663463115692,4.034535646438599,19.844295501708984,69.72493743896484,1.6127404774810765,2.0401888416534875,1.2473798556839522,5.578984229808404,6.7,
TabPFN-V3,0.7,evt_trim,0.0,4.0,4.0,13000,1,2000,900,0,1656,0.0,0.5129572545713945,0.5099703401704465,0.8697023391723633,4.53266716003418,18.56747341156006,57.25764083862305,1.6138207252766485,2.0287870119579607,1.2586463939121784,0.5864880735071751,6.7,
TabPFN-V3,0.7,raw,0.0,4.0,4.0,14000,1,2000,900,0,1850,0.0,0.5061493476121413,0.5147947792351797,0.8390659093856812,4.955228090286255,19.925457000732422,76.17992401123047,1.5637052474208633,1.970297153896897,1.1004948582865444,0.32515318775607704,6.5,
TabPFN-V3,0.7,robust,0.0,4.0,4.0,14000,1,2000,900,0,1850,0.0,0.506149335531211,0.5147947555443206,0.8390656766735478,4.955227819854054,19.92545772033028,76.17991996725269,1.563705249007949,1.9702971614009321,1.1004948721329646,0.3251531849204828,6.6,
TabPFN-V3,0.7,clip,20.0,4.0,4.0,14000,1,2000,900,27,2670,0.0,0.624858777298716,0.6286775155934166,0.697427362203598,4.348121404647827,24.028244018554688,44.807823181152344,1.5661247970817125,1.9669122622279487,1.1051737869496077,0.7768053911742001,6.7,
TabPFN-V3,0.7,clip,50.0,4.0,4.0,14000,1,2000,900,6,2638,0.0,0.6579082026066603,0.6585721301425185,0.6738308966159821,4.2599873542785645,25.00181770324707,67.09711456298828,1.5657012105330639,1.9753043477808478,1.1001615542318395,0.6232790781022004,6.7,
TabPFN-V3,0.7,clip,200.0,4.0,4.0,14000,1,2000,900,2,2574,0.0,0.6367819585245403,0.6307679008254529,0.7109969258308411,4.140935897827148,23.574317932128906,89.56725311279297,1.5636068807201553,1.9851829643343044,1.0925481271676125,0.398734186472565,6.5,
TabPFN-V3,0.7,log,0.0,4.0,4.0,14000,1,2000,900,0,2946,0.0,0.6451291485951945,0.6479781076323585,0.8295954334240427,5.238329820150893,29.485887783598322,127.02188569250137,1.5558794489987173,1.9329023933530236,1.07377732271998,0.2279304896631935,6.5,
TabPFN-V3,0.7,tail_log,50.0,4.0,4.0,14000,1,2000,900,6,2576,0.0,0.6498229596661401,0.6447604788471146,0.7049901485443115,4.224052429199219,24.28817367553711,92.2415716577895,1.5644855548783438,1.984503333491831,1.091861460841433,4.385242593789394,6.5,
TabPFN-V3,0.7,evt_trim,0.0,4.0,4.0,14000,1,2000,900,0,1850,0.0,0.5061493476121413,0.5147947792351797,0.8390659093856812,4.955228090286255,19.925457000732422,76.17992401123047,1.5637052474208633,1.970297153896897,1.1004948582865444,0.32515318775607704,6.4,
TabPFN-V3,0.7,raw,0.0,4.0,4.0,15000,1,2000,900,0,2244,0.0,0.4411403964761867,0.447666883208032,1.0706787109375,5.536316394805908,22.083154678344727,101.91843795776367,2.187040233475522,2.822354075816154,1.7325988971904667,0.9662853053863976,6.4,
TabPFN-V3,0.7,robust,0.0,4.0,4.0,15000,1,2000,900,0,2244,0.0,0.441140379223389,0.44766689493156,1.070678600662744,5.536316354263594,22.0831560754795,101.91844394537551,2.1870402330037644,2.8223540624717214,1.7325988782386634,0.9662852864341228,6.5,
TabPFN-V3,0.7,clip,20.0,4.0,4.0,15000,1,2000,900,35,2671,0.0,0.6562864741419625,0.657136917965845,0.718794971704483,4.50173282623291,25.577285766601562,47.613290786743164,2.200368750226596,2.8555272136340775,1.7940248631509037,1.2135105704069975,6.5,
TabPFN-V3,0.7,clip,50.0,4.0,4.0,15000,1,2000,900,13,2621,0.0,0.7374195197280765,0.7283225770578471,0.7236683666706085,4.346653699874878,27.98854637145996,98.53125,2.19947677423656,2.8803811014968574,1.612002641864385,0.941303275997122,6.0,
TabPFN-V3,0.7,clip,200.0,4.0,4.0,15000,1,2000,900,3,2570,0.0,0.7111784119138701,0.696688934480947,0.7499341070652008,4.121457815170288,25.00015640258789,142.78553009033203,2.1974356937126585,2.8917914779136593,1.65997673192692,0.8737523346061309,5.0,
TabPFN-V3,0.7,log,0.0,4.0,4.0,15000,1,2000,900,0,2979,0.0,0.7599750379970647,0.752690079553375,0.8784826132911931,5.440912173463101,36.23285488228918,237.3572960936948,2.1883392057749864,2.7925322557542285,1.573425648496735,0.6176655169237518,5.3,
TabPFN-V3,0.7,tail_log,50.0,4.0,4.0,15000,1,2000,900,13,2573,0.0,0.7223098154703411,0.7103463544908357,0.7442322373390198,4.24797797203064,25.565078735351562,163.01373740274195,2.198076913075205,2.8872212908540726,1.6653270769977615,93.66227697274864,5.1,
TabPFN-V3,0.7,evt_trim,0.0,4.0,4.0,15000,1,2000,900,0,2244,0.0,0.4411403964761867,0.447666883208032,1.0706787109375,5.536316394805908,22.083154678344727,101.91843795776367,2.187040233475522,2.822354075816154,1.7325988971904667,0.9662853053863976,5.1,
TabPFN-V3,0.7,raw,0.0,4.0,4.0,16000,1,2000,900,0,1776,0.0,0.6515686889287535,0.6319070361784423,0.9575439393520355,5.2524778842926025,28.54116439819336,90.09199523925781,1.3591182992016158,1.564129269403964,0.6234325113209513,0.11760386309504475,5.4,
TabPFN-V3,0.7,robust,0.0,4.0,4.0,16000,1,2000,900,0,1776,0.0,0.6515686884660901,0.6319070384790695,0.9575439556372505,5.252477852006935,28.541165677525562,90.09200223071585,1.3591182983142431,1.5641292697432951,0.623432502563094,0.11760386485987571,5.1,
TabPFN-V3,0.7,clip,20.0,4.0,4.0,16000,1,2000,900,32,2662,0.0,0.6877510803271814,0.6840662479154443,0.7499799728393555,4.431041955947876,29.4001407623291,51.427629470825195,1.3628645209822818,1.5559477550187235,0.6588698035328399,0.26620961233509094,5.3,
TabPFN-V3,0.7,clip,50.0,4.0,4.0,16000,1,2000,900,8,2625,0.0,0.7272208121739998,0.7175802498322347,0.7423101663589478,4.480566740036011,29.870219230651855,91.72649765014648,1.3604805311266173,1.5628130577881763,0.6006401175684056,0.09733903292748626,4.7,
TabPFN-V3,0.7,clip,200.0,4.0,4.0,16000,1,2000,900,1,2589,0.0,0.7041797694821779,0.6959219745995515,0.7867233157157898,4.239050626754761,26.48111343383789,97.0888442993164,1.3616319931167418,1.5676692425679803,0.6106212232446453,0.11447371616562173,4.9,
TabPFN-V3,0.7,log,0.0,4.0,4.0,16000,1,2000,900,0,2672,0.0,0.688442439442881,0.6837762432207307,0.9317366962730645,5.569088870310986,33.42648229590113,154.17470619208098,1.3547584021309371,1.5453682332334873,0.600958447688418,0.21628174628189065,6.9,
TabPFN-V3,0.7,tail_log,50.0,4.0,4.0,16000,1,2000,900,8,2578,0.0,0.7092196352542643,0.7017460586892611,0.7402298152446747,4.26549220085144,26.78643798828125,101.31530009665988,1.3625924820953865,1.567859062738383,0.6120947903239472,6.759709245635059,7.0,
TabPFN-V3,0.7,evt_trim,0.0,4.0,4.0,16000,1,2000,900,0,1776,0.0,0.6515686889287535,0.6319070361784423,0.9575439393520355,5.2524778842926025,28.54116439819336,90.09199523925781,1.3591182992016158,1.564129269403964,0.6234325113209513,0.11760386309504475,6.7,
TabPFN-V3,0.7,raw,0.0,4.0,4.0,17000,1,2000,900,0,2077,0.0,0.4043830984670736,0.42567608484826447,0.9695597887039185,5.107844591140747,21.023783683776855,79.40080261230469,1.3941051175665466,1.6085466814917502,0.7460290328693733,0.206439434936365,6.5,
TabPFN-V3,0.7,robust,0.0,4.0,4.0,17000,1,2000,900,0,2077,0.0,0.4043831358375182,0.42567608398301304,0.969559649430519,5.107844540650963,21.0237852090203,79.40079898816136,1.394105113104929,1.608546677572251,0.74602903619636,0.2064394330383322,6.3,
TabPFN-V3,0.7,clip,20.0,4.0,4.0,17000,1,2000,900,29,2669,0.0,0.6279268797083201,0.6342347001693002,0.7437937259674072,4.793297529220581,25.728480339050293,50.96613693237305,1.4000346366213146,1.6007552459068397,0.7667331172158947,0.33158712078202496,6.6,
TabPFN-V3,0.7,clip,50.0,4.0,4.0,17000,1,2000,900,9,2626,0.0,0.6714052793250268,0.6706703994347611,0.7373409867286682,4.748818635940552,27.181126594543457,83.43331527709961,1.3995095213453417,1.6042650830713745,0.6819067471174429,0.1687183317993488,6.6,
TabPFN-V3,0.7,clip,200.0,4.0,4.0,17000,1,2000,900,3,2572,0.0,0.6382413530100645,0.6352142359493068,0.7627882361412048,4.46958327293396,24.050734519958496,104.82844161987305,1.3989497920680842,1.613793070482836,0.6972885023080557,0.14368681075239145,6.4,
TabPFN-V3,0.7,log,0.0,4.0,4.0,17000,1,2000,900,0,2655,0.0,0.6872956098015679,0.6856051258765468,0.912695005990005,5.662644804354276,33.12157081359267,173.43217312946018,1.3892045184416557,1.5810200661669402,0.680041638559856,0.31914760949827226,6.6,
TabPFN-V3,0.7,tail_log,50.0,4.0,4.0,17000,1,2000,900,9,2574,0.0,0.6387389197529713,0.6368169157184096,0.7602887153625488,4.5298426151275635,24.255781173706055,99.06026968720079,1.3998775715308376,1.6099762096989314,0.7096135171436494,8.749934917477711,6.7,
TabPFN-V3,0.7,evt_trim,0.0,4.0,4.0,17000,1,2000,900,0,2077,0.0,0.4043830984670736,0.42567608484826447,0.9695597887039185,5.107844591140747,21.023783683776855,79.40080261230469,1.3941051175665466,1.6085466814917502,0.7460290328693733,0.206439434936365,6.5,
TabPFN-V3,0.7,raw,0.0,4.0,4.0,18000,1,2000,900,0,2320,0.0,0.496327355915518,0.4964074256726788,0.9303865432739258,5.070192813873291,20.498966217041016,68.46859741210938,1.107050308382598,1.2438498381063243,0.593778060251186,0.16601730917163934,6.4,
TabPFN-V3,0.7,robust,0.0,4.0,4.0,18000,1,2000,900,0,2320,0.0,0.496327418462152,0.4964075316834549,0.9303863317743402,5.070192479660432,20.49896784660004,68.46860579459195,1.1070502990924063,1.2438498351799125,0.5937780660274079,0.16601730460284023,6.5,
TabPFN-V3,0.7,clip,20.0,4.0,4.0,18000,1,2000,900,21,2670,0.0,0.6452127715768471,0.6436700838021524,0.7425524294376373,4.235433578491211,24.019651412963867,49.16168403625488,1.1062037895412382,1.2364592831679269,0.6038935250251344,0.2486428497752018,6.6,
TabPFN-V3,0.7,clip,50.0,4.0,4.0,18000,1,2000,900,6,2633,0.0,0.6587928264370785,0.6529850991395784,0.7111127376556396,4.217904806137085,24.171875953674316,75.95320892333984,1.1065425936853241,1.2353345012523076,0.6185619338130702,0.15956543445138383,6.5,
TabPFN-V3,0.7,clip,200.0,4.0,4.0,18000,1,2000,900,2,2583,0.0,0.6352732214382599,0.6252628929126166,0.7625498175621033,4.025164842605591,21.99654769897461,83.78140258789062,1.1054016526133281,1.2376656795861376,0.6135316346157672,0.12832319000219222,6.5,
TabPFN-V3,0.7,log,0.0,4.0,4.0,18000,1,2000,900,0,2987,0.0,0.6341962326193005,0.6356230611759576,0.8794543014726648,5.2287836255183535,28.21290530791818,128.57269315251642,1.1050086198375768,1.24485425860637,0.6211554270063006,0.17969256579033982,6.5,
TabPFN-V3,0.7,tail_log,50.0,4.0,4.0,18000,1,2000,900,6,2589,0.0,0.6329047575066999,0.627166104891419,0.7879438400268555,4.0227110385894775,22.41222095489502,78.8657341003418,1.1064494035987638,1.2373351994344317,0.6186010781115859,0.9069502782241092,6.8,
TabPFN-V3,0.7,evt_trim,0.0,4.0,4.0,18000,1,2000,900,0,2320,0.0,0.496327355915518,0.4964074256726788,0.9303865432739258,5.070192813873291,20.498966217041016,68.46859741210938,1.107050308382598,1.2438498381063243,0.593778060251186,0.16601730917163934,6.8,
TabPFN-V3,0.7,raw,0.0,4.0,4.000000000000001,19000,1,2000,900,0,1737,0.0,0.49972636653615377,0.5024424492740837,0.9407836496829987,4.950883865356445,20.814512252807617,99.54159164428711,1.790878573460894,2.1742243292657224,1.1329211038510072,0.528005694622035,7.0,
TabPFN-V3,0.7,robust,0.0,4.0,4.000000000000001,19000,1,2000,900,0,1737,0.0,0.4997263740308673,0.5024424364172766,0.9407837958894445,4.950884062466889,20.814512762565503,99.54158558962473,1.7908785679319128,2.174224322725934,1.1329210985691383,0.5280056859712307,7.4,
TabPFN-V3,0.7,clip,20.0,4.0,4.000000000000001,19000,1,2000,900,38,2667,0.0,0.613329618516318,0.6213244942177581,0.7313865125179291,4.662077903747559,24.4697322845459,48.64517784118652,1.8004568227587414,2.1740239955355047,1.147263545964445,0.6401122894400564,5.8,
TabPFN-V3,0.7,clip,50.0,4.0,4.000000000000001,19000,1,2000,900,16,2618,0.0,0.6636113189431966,0.663151551806184,0.7266319394111633,4.5470664501190186,26.150334358215332,98.60994338989258,1.800081554349636,2.186300554067386,1.0634720934717574,0.46928778437527774,5.3,
TabPFN-V3,0.7,clip,200.0,4.0,4.000000000000001,19000,1,2000,900,2,2576,0.0,0.6309003643599065,0.6238381105520376,0.76871058344841,4.529789924621582,23.19900608062744,128.01277923583984,1.7949726036481748,2.190081515426345,1.0928935159288347,0.5151260604557413,5.0,
TabPFN-V3,0.7,log,0.0,4.0,4.000000000000001,19000,1,2000,900,0,2579,0.0,0.6898837321204576,0.6907043684828157,0.8736597485698634,5.523246545993708,33.83919275150831,200.67064152651972,1.7885226786392647,2.1304840575356856,1.0842807946217263,0.44556768822472365,4.8,
TabPFN-V3,0.7,tail_log,50.0,4.0,4.000000000000001,19000,1,2000,900,16,2566,0.0,0.6313173949959308,0.6298781403809248,0.7536892592906952,4.469846487045288,24.030654907226562,147.07611068213953,1.796512445715289,2.188271983055513,1.1082173546961924,123.49740888089597,5.1,
TabPFN-V3,0.7,evt_trim,0.0,4.0,4.000000000000001,19000,1,2000,900,0,1737,0.0,0.49972636653615377,0.5024424492740837,0.9407836496829987,4.950883865356445,20.814512252807617,99.54159164428711,1.790878573460894,2.1742243292657224,1.1329211038510072,0.528005694622035,5.2,
TabPFN-V3,0.7,raw,0.0,4.0,4.0,20000,1,2000,900,0,1419,0.0,0.46169000625836665,0.47179107337694715,0.8706872463226318,4.8212666511535645,18.912822723388672,83.67012786865234,1.3183511257020513,1.4528461969085242,0.5612773891255604,0.1666850959828904,5.2,
TabPFN-V3,0.7,robust,0.0,4.0,4.0,20000,1,2000,900,0,1419,0.0,0.4616900652824526,0.47179101042931026,0.8706873146012033,4.821266670793671,18.912822391389895,83.67012341059419,1.3183511257599345,1.45284618909886,0.5612773845279843,0.1666850914661562,5.0,
TabPFN-V3,0.7,clip,20.0,4.0,4.0,20000,1,2000,900,23,2673,0.0,0.5672933690214614,0.5771321608958908,0.7355765998363495,4.695106029510498,22.611353874206543,47.33504295349121,1.320948886379196,1.4587129456400956,0.5596459967233378,0.18715823835671708,5.1,
TabPFN-V3,0.7,clip,50.0,4.0,4.0,20000,1,2000,900,10,2622,0.0,0.6243314059463091,0.6257575311721305,0.7284652888774872,4.536369562149048,23.301552772521973,93.25896072387695,1.3206158832912898,1.46712807690443,0.5410873374256945,0.13033178525657232,5.4,
TabPFN-V3,0.7,clip,200.0,4.0,4.0,20000,1,2000,900,1,2572,0.0,0.5861408603847321,0.5915054894591938,0.76396244764328,4.476208686828613,21.503819465637207,112.56401443481445,1.3222623683228774,1.4671912046961517,0.5663474531564575,0.13140255361289557,6.9,
TabPFN-V3,0.7,log,0.0,4.0,4.0,20000,1,2000,900,0,2657,0.0,0.6074172626497186,0.6124525800597411,0.8961489056428349,5.538093853074226,28.51308260051114,133.94592437218537,1.3165816292385533,1.4283289868787719,0.5609165425203759,0.18353372840977475,6.9,
TabPFN-V3,0.7,tail_log,50.0,4.0,4.0,20000,1,2000,900,10,2532,0.0,0.5882081337449815,0.5964376654985681,0.748500257730484,4.494519472122192,21.69052028656006,112.357347809365,1.3228369230443449,1.466033170848343,0.5678687321719617,9.032883452953802,6.4,
TabPFN-V3,0.7,evt_trim,0.0,4.0,4.0,20000,1,2000,900,0,1419,0.0,0.46169000625836665,0.47179107337694715,0.8706872463226318,4.8212666511535645,18.912822723388672,83.67012786865234,1.3183511257020513,1.4528461969085242,0.5612773891255604,0.1666850959828904,6.4,
TabPFN-V3,0.7,raw,0.0,4.0,4.0,21000,1,2000,900,0,1969,0.0,0.40234085878882164,0.4162671166531916,0.9214775264263153,4.719988107681274,16.10496234893799,67.57732391357422,1.8891840172077092,2.438053260711322,1.6145591062012938,0.844268382272888,6.6,
TabPFN-V3,0.7,robust,0.0,4.0,4.0,21000,1,2000,900,0,1969,0.0,0.40234087897199783,0.4162671229146119,0.9214770536121726,4.71998793004982,16.104962472950724,67.57731816822795,1.8891840191892,2.4380532741162395,1.6145591112866848,0.8442683722568651,6.6,
TabPFN-V3,0.7,clip,20.0,4.0,4.0,21000,1,2000,900,29,2670,0.0,0.5757605543484495,0.5787420380728746,0.7088928520679474,4.355993032455444,21.592185020446777,42.849300384521484,1.8957518901836525,2.454831197787301,1.5451900425757892,1.1088849574348087,6.3,
TabPFN-V3,0.7,clip,50.0,4.0,4.0,21000,1,2000,900,9,2623,0.0,0.6126855925355428,0.6087912554155854,0.7134812772274017,4.24689245223999,22.00620746612549,73.15574645996094,1.8938067236707847,2.4586763741052327,1.5051463173246602,0.7715411046792753,6.4,
TabPFN-V3,0.7,clip,200.0,4.0,4.0,21000,1,2000,900,3,2571,0.0,0.5917499551188458,0.5856359116210497,0.7187644839286804,4.096514940261841,19.334691047668457,80.03426742553711,1.8938724345889422,2.4587541597642377,1.536934596885973,0.7189021078429311,6.5,
TabPFN-V3,0.7,log,0.0,4.0,4.0,21000,1,2000,900,0,3178,0.0,0.6251790294161728,0.6284337347715766,0.848983795319828,5.231777016789234,27.387570000210708,127.18744412180374,1.888939762326468,2.421076827046149,1.4639391921253124,0.41583928591284347,6.8,
TabPFN-V3,0.7,tail_log,50.0,4.0,4.0,21000,1,2000,900,9,2573,0.0,0.5809715012056489,0.5777010979837965,0.7268380522727966,4.194554090499878,19.856069564819336,79.206787109375,1.8942193492622004,2.4600420984305917,1.5382335297055554,7.04668003357357,6.6,
TabPFN-V3,0.7,evt_trim,0.0,4.0,4.0,21000,1,2000,900,0,1969,0.0,0.40234085878882164,0.4162671166531916,0.9214775264263153,4.719988107681274,16.10496234893799,67.57732391357422,1.8891840172077092,2.438053260711322,1.6145591062012938,0.844268382272888,6.7,
TabPFN-V3,0.7,raw,0.0,4.0,3.9999999999999996,22000,1,2000,900,0,2409,0.0,0.3711723165834962,0.384151400362245,1.3259839415550232,7.389627933502197,20.834835052490234,85.03270721435547,1.5933454491354,1.9093266789616814,1.0772434933865591,0.3756641837897178,6.6,
TabPFN-V3,0.7,robust,0.0,4.0,3.9999999999999996,22000,1,2000,900,0,2409,0.0,0.37117232656318694,0.38415138851981884,1.3259844813739718,7.389628374640143,20.834834471282672,85.03270550717279,1.5933454839403527,1.9093266705995966,1.0772435001068346,0.3756641879405958,6.6,
TabPFN-V3,0.7,clip,20.0,4.0,3.9999999999999996,22000,1,2000,900,29,2671,0.0,0.6068214164063092,0.6052024622419241,0.8257240653038025,4.693146228790283,25.827420234680176,49.64542198181152,1.575886760162641,1.923486165583915,1.0238428119011571,0.5232582123401043,6.5,
TabPFN-V3,0.7,clip,50.0,4.0,3.9999999999999996,22000,1,2000,900,11,2626,0.0,0.6729172400268936,0.6638531288321028,0.8829064965248108,4.683990001678467,27.323936462402344,98.2089614868164,1.5759111426167203,1.9247333101823354,0.9875479399824711,0.29578932994348567,6.5,
TabPFN-V3,0.7,clip,200.0,4.0,3.9999999999999996,22000,1,2000,900,2,2575,0.0,0.6196529154004444,0.6100885969233207,0.8754453361034393,4.563534259796143,23.452835083007812,115.52358627319336,1.5747868058430392,1.9327342769976035,1.041951781266326,0.2696950179435713,6.6,
TabPFN-V3,0.7,log,0.0,4.0,3.9999999999999996,22000,1,2000,900,0,2856,0.0,0.6815668640437225,0.6744171081535686,0.986206762933754,5.708275303668177,32.897888443860936,187.9601927326748,1.576784530817685,1.903598554274851,0.9783492792216228,0.33303626066903463,6.4,
TabPFN-V3,0.7,tail_log,50.0,4.0,3.9999999999999996,22000,1,2000,900,11,2576,0.0,0.6316938704812705,0.6217878838796628,0.8657168745994568,4.551553964614868,23.879270553588867,128.23474710749593,1.5750451588907177,1.93174576557421,1.0530663465824799,559.832114212235,6.5,
TabPFN-V3,0.7,evt_trim,0.0,4.0,3.9999999999999996,22000,1,2000,900,0,2409,0.0,0.3711723165834962,0.384151400362245,1.3259839415550232,7.389627933502197,20.834835052490234,85.03270721435547,1.5933454491354,1.9093266789616814,1.0772434933865591,0.3756641837897178,6.4,
TabPFN-V3,0.7,raw,0.0,4.0,4.0,23000,1,2000,900,0,2436,0.0,0.548907518504215,0.5124309132683478,1.1102376580238342,3.175676703453064,20.933836936950684,65.89916610717773,1.495438324171355,1.8508893922710858,1.081251024236554,0.5870493010368442,6.4,
TabPFN-V3,0.7,robust,0.0,4.0,4.0,23000,1,2000,900,0,2436,0.0,0.5489075536486824,0.5124308647956405,1.1102381676430826,3.1756770777660477,20.933834759674596,65.89916700523423,1.4954383611027682,1.8508893834696372,1.0812510400864561,0.5870493021355484,5.8,
TabPFN-V3,0.7,clip,20.0,4.0,4.0,23000,1,2000,900,30,2674,0.0,0.5654648108871574,0.5733496418945969,0.7748288810253143,4.664199590682983,22.78855800628662,49.64081954956055,1.483074384866751,1.839437546718386,1.0888741156417465,0.6861658470791321,5.3,
TabPFN-V3,0.7,clip,50.0,4.0,4.0,23000,1,2000,900,9,2629,0.0,0.5968832826114435,0.5988411411412484,0.7462704181671143,4.547690153121948,22.52267074584961,77.86238479614258,1.481958378075743,1.84180217711762,1.0412925188083948,0.5298343295972707,5.2,
TabPFN-V3,0.7,clip,200.0,4.0,4.0,23000,1,2000,900,2,2578,0.0,0.5748703713755485,0.5704060475902243,0.7842311859130859,4.350217819213867,19.610048294067383,104.65254592895508,1.483098656931317,1.8458766352329246,1.074315470057923,0.5319953011487419,4.9,
TabPFN-V3,0.7,log,0.0,4.0,4.0,23000,1,2000,900,0,3172,0.0,0.6094883257632745,0.6132871310517909,0.8994138171703612,5.499155788669647,28.204334785727454,132.2371404989011,1.4822191087684486,1.8429026336849885,1.0444610184601835,0.6177889854605653,5.2,
TabPFN-V3,0.7,tail_log,50.0,4.0,4.0,23000,1,2000,900,9,2572,0.0,0.5760234247140006,0.5734453568551775,0.7844482958316803,4.32273006439209,19.91380786895752,107.51520705111939,1.4834193126360853,1.8435511246348568,1.089431341607616,204.7034879978734,5.2,
TabPFN-V3,0.7,evt_trim,0.0,4.0,4.0,23000,1,2000,900,0,2436,0.0,0.548907518504215,0.5124309132683478,1.1102376580238342,3.175676703453064,20.933836936950684,65.89916610717773,1.495438324171355,1.8508893922710858,1.081251024236554,0.5870493010368442,5.3,
TabPFN-V3,0.7,raw,0.0,4.0,4.000000000000001,24000,1,2000,900,0,2140,0.0,0.45392121076274305,0.45740304000237103,0.98384228348732,5.150688648223877,18.180112838745117,77.02075576782227,1.756405151920754,2.254940045225588,1.3726974831531014,0.3951001674360926,5.3,
TabPFN-V3,0.7,robust,0.0,4.0,4.000000000000001,24000,1,2000,900,0,2140,0.0,0.4539212645170169,0.4574031010762141,0.9838420518071562,5.150688442743959,18.180114382504776,77.02075162818872,1.7564051459516181,2.2549400456416824,1.3726974825324674,0.39510017590861196,5.1,
TabPFN-V3,0.7,clip,20.0,4.0,4.000000000000001,24000,1,2000,900,29,2669,0.0,0.5983205094284665,0.5955557441360446,0.7693570554256439,4.488178014755249,23.2237491607666,46.34743881225586,1.7536367969856665,2.2252874516320036,1.4075516905890433,0.9475311725434816,6.3,
TabPFN-V3,0.7,clip,50.0,4.0,4.000000000000001,24000,1,2000,900,9,2622,0.0,0.6641466440348317,0.6522336106798965,0.8250527679920197,4.519244909286499,24.568781852722168,88.44087600708008,1.7534200509585167,2.2323518424766347,1.3204969387123529,0.5281221124212444,6.6,
TabPFN-V3,0.7,clip,200.0,4.0,4.000000000000001,24000,1,2000,900,2,2578,0.0,0.6335046275139784,0.6213201800165634,0.7938269674777985,4.287274599075317,21.918326377868652,107.18938064575195,1.754565909267868,2.244897600790996,1.3157738298633903,0.34737232144474217,6.3,
TabPFN-V3,0.7,log,0.0,4.0,4.000000000000001,24000,1,2000,900,0,2530,0.0,0.6594305112668385,0.6534228125318384,0.9238221142936218,5.448679747872555,29.826970705666728,152.76221607754928,1.7524748455936028,2.195204775688262,1.2729053063931905,0.21742829851450285,6.4,
TabPFN-V3,0.7,tail_log,50.0,4.0,4.000000000000001,24000,1,2000,900,9,2578,0.0,0.6340204776586728,0.6228320726023028,0.8040520548820496,4.34372615814209,22.205124855041504,118.39485701681974,1.7548260299129586,2.2413107084350212,1.3344090650790406,16.62091922884726,6.4,
TabPFN-V3,0.7,evt_trim,0.0,4.0,4.000000000000001,24000,1,2000,900,0,2140,0.0,0.45392121076274305,0.45740304000237103,0.98384228348732,5.150688648223877,18.180112838745117,77.02075576782227,1.756405151920754,2.254940045225588,1.3726974831531014,0.3951001674360926,6.5,
TabPFN-V3,0.7,raw,0.0,4.0,4.000000000000001,25000,1,2000,900,0,2388,0.0,0.6699166448544759,0.5828882433137542,1.2188430428504944,3.4574109315872192,27.717140197753906,99.00092315673828,1.6729136455486766,2.03816536283707,1.0957652074784472,0.1300085413514083,6.5,
TabPFN-V3,0.7,robust,0.0,4.0,4.000000000000001,25000,1,2000,900,0,2388,0.0,0.6699167173954471,0.5828881210178436,1.2188441870288245,3.4574118040403743,27.717140211051998,99.00091693025733,1.6729137226220008,2.038165323960718,1.0957651876531544,0.13000853812306074,6.7,
TabPFN-V3,0.7,clip,20.0,4.0,4.000000000000001,25000,1,2000,900,32,2670,0.0,0.6688775342731765,0.6651681452275735,0.7461470365524292,4.5824196338653564,27.65998077392578,49.15472412109375,1.6702257955805944,2.0131637099308257,1.1018902679898879,0.6517256564734055,6.9,
TabPFN-V3,0.7,clip,50.0,4.0,4.000000000000001,25000,1,2000,900,9,2632,0.0,0.7208984874724578,0.7070403504129411,0.744978278875351,4.493289232254028,29.692570686340332,83.53218841552734,1.6680725418083906,2.0181923838885325,1.0330487068745509,0.3027942758229134,6.6,
TabPFN-V3,0.7,clip,200.0,4.0,4.000000000000001,25000,1,2000,900,3,2575,0.0,0.682940577195358,0.6689355942313341,0.7948009073734283,4.401281118392944,26.306879997253418,110.87783432006836,1.6655772932866433,2.023870047827853,1.0529376441385776,0.13532330841238283,6.5,
TabPFN-V3,0.7,log,0.0,4.0,4.000000000000001,25000,1,2000,900,0,2941,0.0,0.7066251177774162,0.7028642652247266,0.9240299540582306,5.7082755035026445,35.090228198685395,186.66420203557237,1.6592798478414983,1.9939810580385855,0.9487396035441841,0.30258728316730266,6.6,
TabPFN-V3,0.7,tail_log,50.0,4.0,4.000000000000001,25000,1,2000,900,9,2569,0.0,0.686604938875314,0.6750171107237398,0.7821636199951172,4.357573509216309,26.612000465393066,116.72454037165186,1.6671371151594427,2.023042543978299,1.0573412534448368,771.9124365341046,6.4,
TabPFN-V3,0.7,evt_trim,0.0,4.0,4.000000000000001,25000,1,2000,900,0,2388,0.0,0.6699166448544759,0.5828882433137542,1.2188430428504944,3.4574109315872192,27.717140197753906,99.00092315673828,1.6729136455486766,2.03816536283707,1.0957652074784472,0.1300085413514083,6.8,
TabPFN-V3,0.7,raw,0.0,4.0,4.0,26000,1,2000,900,0,1689,0.0,0.6508060725454672,0.6310604772357858,0.8505955338478088,4.270285129547119,26.11162757873535,91.3961067199707,1.635069038281168,1.9334571200412898,0.9660653843288501,0.31826494749700607,6.5,
TabPFN-V3,0.7,robust,0.0,4.0,4.0,26000,1,2000,900,0,1689,0.0,0.6508060566599595,0.6310604360339125,0.8505953110989177,4.270285116631877,26.111629061513685,91.39610814209507,1.635069035958949,1.933457130190294,0.9660654015630128,0.3182649391852737,6.6,
TabPFN-V3,0.7,clip,20.0,4.0,4.0,26000,1,2000,900,26,2667,0.0,0.6535773905187712,0.6466837531457363,0.7452473640441895,4.308233022689819,24.25662899017334,45.57268714904785,1.6335114567946512,1.909992550248074,1.0086325043748054,0.5436636309050337,6.4,
TabPFN-V3,0.7,clip,50.0,4.0,4.0,26000,1,2000,900,6,2630,0.0,0.6937332601312056,0.6821530982755295,0.7395273745059967,4.219698667526245,25.64004611968994,78.93315124511719,1.631123842809918,1.917586517849283,0.9507987830692682,0.3563863430410963,6.7,
TabPFN-V3,0.7,clip,200.0,4.0,4.0,26000,1,2000,900,1,2585,0.0,0.6738576603105263,0.6629159933930169,0.7492128610610962,4.166050910949707,24.282365798950195,98.09488296508789,1.6339818438840585,1.93126072290676,0.9278907903248225,0.2556121160467768,6.7,
TabPFN-V3,0.7,log,0.0,4.0,4.0,26000,1,2000,900,0,2926,0.0,0.6468364016792636,0.6431805419157312,0.8888828369789779,5.187479728237192,28.81637542825357,137.5525116363246,1.6228119866740174,1.864080179898907,0.9261819387570898,0.2929541081468536,6.8,
TabPFN-V3,0.7,tail_log,50.0,4.0,4.0,26000,1,2000,900,6,2578,0.0,0.6800640451370876,0.6699065436170354,0.7379227578639984,4.163446664810181,24.381354331970215,95.05931422265903,1.6342894227042122,1.9292180100575391,0.9306024167327639,0.7588972713847971,6.3,
TabPFN-V3,0.7,evt_trim,0.0,4.0,4.0,26000,1,2000,900,0,1689,0.0,0.6508060725454672,0.6310604772357858,0.8505955338478088,4.270285129547119,26.11162757873535,91.3961067199707,1.635069038281168,1.9334571200412898,0.9660653843288501,0.31826494749700607,5.8,
TabPFN-V3,0.7,log,0.0,20.0,20.0,7000,1,2000,900,0,3238,0.0,0.6696788772870318,0.6727666742949495,0.9013910003731895,5.805718314410688,33.605317713662664,165.56755379229418,1.3362923355263545,1.500287639007194,0.5984769476076937,0.22154136254403556,5.2,
TabPFN-V3,0.7,tail_log,50.0,20.0,20.0,7000,1,2000,900,9,2543,0.0,0.6766007870848927,0.6693167333582488,0.7643661499023438,4.391186237335205,24.735309600830078,126.70996965076279,1.3387244787318089,1.5356155624304233,0.6248782552392792,13.86481489123196,4.9,
TabPFN-V3,0.7,evt_trim,0.0,20.0,20.0,7000,1,2000,900,0,421,0.0,0.6516007144412214,0.564347883044625,1.315510332584381,4.798819303512573,28.43842887878418,96.52521896362305,1.372590125704229,1.5094330314934234,0.6374129430619643,0.10427322336509452,5.4,
TabPFN-V3,0.7,log,0.0,20.0,20.0,8000,1,2000,900,0,2733,0.0,0.6570370713396906,0.6511489232881187,0.9834354727747845,5.605948940435649,31.286979179044508,188.41046436205303,1.4308615604850432,1.7481869879551535,0.7684559930646692,0.28306918595586344,5.2,
TabPFN-V3,0.7,tail_log,50.0,20.0,20.0,8000,1,2000,900,14,2567,0.0,0.5833724986214427,0.5747236043752946,0.8858903050422668,4.537355661392212,21.678309440612793,120.65586423760696,1.4245208036173078,1.7527158173942103,0.8703341648375443,844.4081636063829,4.9,
TabPFN-V3,0.7,evt_trim,0.0,20.0,20.0,8000,1,2000,900,0,735,0.0,-0.3062100420841976,-0.21875089173336018,2.3372808694839478,8.82412338256836,14.081745147705078,19.83880615234375,1.6760105378454353,1.813059624930806,0.954037453056534,0.5964447906670214,5.3,
TabPFN-V3,0.7,log,0.0,20.0,20.0,9000,1,2000,900,0,3109,0.0,0.7147333752834807,0.7111036657126437,0.8490761001977124,5.28893706469411,33.00061591193834,196.92183521350628,1.3576380938866794,1.6693363749108014,0.7630100993020016,0.2807503745335972,5.2,
TabPFN-V3,0.7,tail_log,50.0,20.0,20.0,9000,1,2000,900,11,2563,0.0,0.6637880644763666,0.6558130046110641,0.775717556476593,4.446866512298584,23.175129890441895,115.5311015693326,1.357177204871237,1.6750317087344804,0.8645420207937837,547.2419078387526,5.3,
TabPFN-V3,0.7,evt_trim,0.0,20.0,20.0,9000,1,2000,900,0,741,0.0,-0.2919914005640927,-0.16469485451622085,1.6340708136558533,10.189555644989014,17.192399978637695,22.8700532913208,1.4511734324044008,1.860858723804885,0.9786355723616953,0.6411273716366592,5.4,
TabPFN-V3,0.7,log,0.0,20.0,20.0,10000,1,2000,900,0,3310,0.0,0.7405724284828024,0.7281644907375517,0.8123729322864719,4.713762687427115,29.966971563569473,189.26706439163354,1.3618293637893615,1.6175099475278054,0.6832469673851258,0.4409389949497583,6.9,
TabPFN-V3,0.7,tail_log,50.0,20.0,20.0,10000,1,2000,900,13,2562,0.0,0.724420592838289,0.7072248246027045,0.7052915096282959,3.6224615573883057,22.782167434692383,129.70367868587408,1.3665542909578117,1.6416859791750913,0.7658674333417697,5824.635687621475,6.6,
TabPFN-V3,0.7,evt_trim,0.0,20.0,20.0,10000,1,2000,900,0,543,0.0,-0.23015491053940632,-0.1558706112418233,1.384064793586731,5.356450080871582,8.243842124938965,114.02306747436523,1.4119255769480328,1.6052954799702206,0.9210008007348643,0.34486339406572775,6.5,
TabPFN-V3,0.7,log,0.0,20.0,20.0,11000,1,2000,900,0,2320,0.0,0.6213717642967296,0.6300670108043365,0.9081744077098042,5.972326855518406,31.526551182186978,130.87202655039562,2.10389340785438,2.7703912104711867,1.5840125748501326,0.6045156170199377,6.5,
TabPFN-V3,0.7,tail_log,50.0,20.0,20.0,11000,1,2000,900,9,2529,0.0,0.60302847034909,0.6026027153965825,0.7767365276813507,4.664111137390137,22.83700466156006,101.94050709148136,2.11304066712722,2.8060756036538868,1.6632321460482786,2.9991248957313585,6.5,
TabPFN-V3,0.7,evt_trim,0.0,20.0,20.0,11000,1,2000,900,0,384,0.0,0.6545127979920372,0.5744044409556858,1.4176581501960754,5.0388875007629395,25.837703704833984,87.1042251586914,2.1116082449190245,2.8150917527881667,1.8034577573694872,0.8281621057705664,6.6,
TabPFN-V3,0.7,raw,0.0,20.0,20.0,12000,1,2000,900,0,560,0.0,-0.30325734298995277,-0.1645754763818191,2.0669455528259277,14.343137264251709,24.105839729309082,33.40835952758789,2.235584331885296,3.1838596450486856,2.068212940791958,1.6855545028881371,6.5,
TabPFN-V3,0.7,robust,0.0,20.0,20.0,12000,1,2000,900,0,560,0.0,-0.30325699524433075,-0.1645753231976389,2.066948244251968,14.343136064304304,24.105842027482723,33.40836145721354,2.235584734871262,3.1838596311096516,2.0682129093241963,1.6855544508889428,6.6,
TabPFN-V3,0.7,clip,20.0,20.0,20.0,12000,1,2000,900,25,2673,0.0,0.6066270726248099,0.6073701482751872,0.8039873540401459,4.948173522949219,26.293784141540527,50.47939109802246,2.054395144637329,2.791411729086459,1.9409154850465191,1.4031728986543162,6.9,
TabPFN-V3,0.7,clip,50.0,20.0,20.0,12000,1,2000,900,6,2637,0.0,0.6196633376782849,0.6205011949088007,0.7832036912441254,4.867250919342041,25.8100528717041,76.6915397644043,2.0548239223285814,2.7995003634897806,1.828016529625383,0.9464570918553761,6.8,
TabPFN-V3,0.7,clip,200.0,20.0,20.0,12000,1,2000,900,3,2579,0.0,0.6057550203254408,0.5998861158844948,0.8070175349712372,4.658419847488403,23.733046531677246,89.12395477294922,2.0552285634204486,2.804755079492486,1.8316146824138104,0.8965219475381466,6.7,
TabPFN-V3,0.7,log,0.0,20.0,20.0,12000,1,2000,900,0,2846,0.0,0.6228881328415724,0.6241198186961477,0.9752167074324921,5.90150880421924,31.894364069746842,147.17771738737525,2.0561455135229276,2.7872560933606794,1.7572860294496726,0.4509234687676577,6.6,
TabPFN-V3,0.7,tail_log,50.0,20.0,20.0,12000,1,2000,900,6,2558,0.0,0.596662529843139,0.5936960862930455,0.8165497481822968,4.390787363052368,22.860599517822266,87.62478091649209,2.0566798683544394,2.811811471059533,1.8614627936874562,0.6411514634542365,6.6,
TabPFN-V3,0.7,evt_trim,0.0,20.0,20.0,12000,1,2000,900,3,2595,0.0,0.6076918909555608,0.6083200395861108,0.8453222215175629,4.716293811798096,24.32770347595215,84.54051208496094,2.0552039876948607,2.80684995633175,1.8260333014346433,0.9062524959771725,6.4,
TabPFN-V3,0.7,raw,0.0,20.0,20.0,13000,1,2000,900,0,342,0.0,0.5567291077278312,0.49880969059641,1.1702792048454285,4.473026514053345,22.211931228637695,73.5787239074707,1.6453147403220951,2.0435554048487803,1.292426235227879,0.5579325984895558,6.5,
TabPFN-V3,0.7,robust,0.0,20.0,20.0,13000,1,2000,900,0,342,0.0,0.5567290593246611,0.49880971521035955,1.1702790188398553,4.473026129135981,22.211930361778794,73.57872054735874,1.6453147159129269,2.0435554147400565,1.292426245067488,0.557932569775505,6.4,
TabPFN-V3,0.7,clip,20.0,20.0,20.0,13000,1,2000,900,24,2669,0.0,0.5669575541269337,0.5737537610275688,0.728073388338089,4.229396343231201,21.9505615234375,43.77544593811035,1.6101980349792757,2.021445563110416,1.2411404408092928,0.8212544189725384,7.0,
TabPFN-V3,0.7,clip,50.0,20.0,20.0,13000,1,2000,900,6,2630,0.0,0.6006597000790396,0.6009840914416335,0.6767670214176178,4.1972551345825195,21.551939964294434,68.13708114624023,1.6106555107461038,2.029399211677436,1.2401064447450338,0.5242053825930575,6.6,
TabPFN-V3,0.7,clip,200.0,20.0,20.0,13000,1,2000,900,1,2584,0.0,0.5799346893516422,0.5803479534605553,0.7751893103122711,4.054660797119141,19.942062377929688,70.68811416625977,1.6116897761075157,2.0399594384623447,1.2357316495571897,0.5122780613541854,6.5,
TabPFN-V3,0.7,log,0.0,20.0,20.0,13000,1,2000,900,0,2339,0.0,0.5849151783026542,0.5877962790910797,0.8578930524091946,5.009838382721531,24.628155575050613,91.62804462611302,1.6061242626020498,1.9956357350615028,1.2145149547241771,0.43013462087003124,6.4,
TabPFN-V3,0.7,tail_log,50.0,20.0,20.0,13000,1,2000,900,6,2511,0.0,0.576631050906899,0.5776549667402091,0.7272872924804688,4.120962381362915,19.73141860961914,71.24479675292969,1.6124412069180922,2.0388832116277738,1.2516407888588068,13.633450317937434,6.6,
TabPFN-V3,0.7,evt_trim,0.0,20.0,20.0,13000,1,2000,900,0,342,0.0,0.5567291077278312,0.49880969059641,1.1702792048454285,4.473026514053345,22.211931228637695,73.5787239074707,1.6453147403220951,2.0435554048487803,1.292426235227879,0.5579325984895558,5.2,
TabPFN-V3,0.7,raw,0.0,20.0,19.999999999999996,14000,1,2000,900,0,397,0.0,0.5710454268363007,0.46466780683191694,1.4178214073181152,4.587630748748779,28.16827964782715,91.16146469116211,1.589682018987,2.006478265840159,1.200629914900924,0.512701965996513,5.1,
TabPFN-V3,0.7,robust,0.0,20.0,19.999999999999996,14000,1,2000,900,0,397,0.0,0.5710454198996313,0.4646678320187088,1.4178220651277595,4.587631204656358,28.16827932957119,91.16145862435454,1.5896820835767613,2.006478265173529,1.2006299232010051,0.5127019887976468,5.1,
TabPFN-V3,0.7,clip,20.0,20.0,19.999999999999996,14000,1,2000,900,27,2670,0.0,0.624858777298716,0.6286775155934166,0.697427362203598,4.348121404647827,24.028244018554688,44.807823181152344,1.5661247970817125,1.9669122622279487,1.1051737869496077,0.7768053911742001,5.4,
TabPFN-V3,0.7,clip,50.0,20.0,19.999999999999996,14000,1,2000,900,6,2638,0.0,0.6579082026066603,0.6585721301425185,0.6738308966159821,4.2599873542785645,25.00181770324707,67.09711456298828,1.5657012105330639,1.9753043477808478,1.1001615542318395,0.6232790781022004,5.3,
TabPFN-V3,0.7,clip,200.0,20.0,19.999999999999996,14000,1,2000,900,2,2574,0.0,0.6367819585245403,0.6307679008254529,0.7109969258308411,4.140935897827148,23.574317932128906,89.56725311279297,1.5636068807201553,1.9851829643343044,1.0925481271676125,0.398734186472565,5.4,
TabPFN-V3,0.7,log,0.0,20.0,19.999999999999996,14000,1,2000,900,0,2940,0.0,0.6420089824202151,0.6448812705120266,0.8288811803814637,5.22565428887266,29.103147021044258,128.33108724607624,1.5560253338081338,1.932917302738759,1.075464394205614,0.23076438700301138,4.8,
TabPFN-V3,0.7,tail_log,50.0,20.0,19.999999999999996,14000,1,2000,900,6,2552,0.0,0.6453400988420128,0.6425038291284105,0.7024115324020386,4.211052179336548,24.24878692626953,104.32557340816462,1.563691515337968,1.9824415411156313,1.0956520829500263,5.9347611014561,5.4,
TabPFN-V3,0.7,evt_trim,0.0,20.0,19.999999999999996,14000,1,2000,900,0,397,0.0,0.5710454268363007,0.46466780683191694,1.4178214073181152,4.587630748748779,28.16827964782715,91.16146469116211,1.589682018987,2.006478265840159,1.200629914900924,0.512701965996513,5.0,
TabPFN-V3,0.7,raw,0.0,20.0,20.0,15000,1,2000,900,0,546,0.0,-0.2669089945030277,-0.18691397705220225,1.5391064882278442,5.983364820480347,9.262388706207275,124.94076538085938,2.223994592939486,2.903450004057131,2.051258474003367,0.9125365458005803,5.7,
TabPFN-V3,0.7,robust,0.0,20.0,20.0,15000,1,2000,900,0,546,0.0,-0.2669090161513805,-0.1869140216863335,1.5391070133969929,5.983366084537397,9.262389322960374,124.94077017025515,2.2239946381834024,2.903449988355616,2.0512584473985394,0.9125365503190422,6.5,
TabPFN-V3,0.7,clip,20.0,20.0,20.0,15000,1,2000,900,35,2671,0.0,0.6562864741419625,0.657136917965845,0.718794971704483,4.50173282623291,25.577285766601562,47.613290786743164,2.200368750226596,2.8555272136340775,1.7940248631509037,1.2135105704069975,6.4,
TabPFN-V3,0.7,clip,50.0,20.0,20.0,15000,1,2000,900,13,2621,0.0,0.7374195197280765,0.7283225770578471,0.7236683666706085,4.346653699874878,27.98854637145996,98.53125,2.19947677423656,2.8803811014968574,1.612002641864385,0.941303275997122,6.7,
TabPFN-V3,0.7,clip,200.0,20.0,20.0,15000,1,2000,900,3,2570,0.0,0.7111784119138701,0.696688934480947,0.7499341070652008,4.121457815170288,25.00015640258789,142.78553009033203,2.1974356937126585,2.8917914779136593,1.65997673192692,0.8737523346061309,6.6,
TabPFN-V3,0.7,log,0.0,20.0,20.0,15000,1,2000,900,0,2973,0.0,0.7618573587301048,0.7541851642886577,0.8786758924308359,5.422626105800981,36.35767397098905,240.98519488868436,2.1883453206326995,2.7934376490189163,1.5742552818105982,0.626196284312559,6.5,
TabPFN-V3,0.7,tail_log,50.0,20.0,20.0,15000,1,2000,900,13,2560,0.0,0.7179003240339717,0.7054101870913156,0.7331174314022064,4.199313640594482,25.375791549682617,181.59323805249448,2.19879293772988,2.887588351774348,1.682742341862323,520.7187977121708,6.4,
TabPFN-V3,0.7,evt_trim,0.0,20.0,20.0,15000,1,2000,900,0,546,0.0,-0.2669089945030277,-0.18691397705220225,1.5391064882278442,5.983364820480347,9.262388706207275,124.94076538085938,2.223994592939486,2.903450004057131,2.051258474003367,0.9125365458005803,6.5,
TabPFN-V3,0.7,raw,0.0,20.0,19.999999999999996,16000,1,2000,900,0,376,0.0,0.6566396612949487,0.6040515558264501,1.2231062650680542,4.688895225524902,26.380030632019043,98.73103332519531,1.3885813730880616,1.5704169845335196,0.6731183598213151,0.11090742659299042,6.6,
TabPFN-V3,0.7,robust,0.0,20.0,19.999999999999996,16000,1,2000,900,0,376,0.0,0.6566396228179597,0.604051536602348,1.2231063501417354,4.688894860182952,26.380030029600633,98.73104434150717,1.3885813703090994,1.570416983984184,0.6731183544991344,0.11090743017116861,6.4,
TabPFN-V3,0.7,clip,20.0,20.0,19.999999999999996,16000,1,2000,900,32,2662,0.0,0.6877510803271814,0.6840662479154443,0.7499799728393555,4.431041955947876,29.4001407623291,51.427629470825195,1.3628645209822818,1.5559477550187235,0.6588698035328399,0.26620961233509094,6.5,
TabPFN-V3,0.7,clip,50.0,20.0,19.999999999999996,16000,1,2000,900,8,2625,0.0,0.7272208121739998,0.7175802498322347,0.7423101663589478,4.480566740036011,29.870219230651855,91.72649765014648,1.3604805311266173,1.5628130577881763,0.6006401175684056,0.09733903292748626,6.5,
TabPFN-V3,0.7,clip,200.0,20.0,19.999999999999996,16000,1,2000,900,1,2589,0.0,0.7041797694821779,0.6959219745995515,0.7867233157157898,4.239050626754761,26.48111343383789,97.0888442993164,1.3616319931167418,1.5676692425679803,0.6106212232446453,0.11447371616562173,6.7,
TabPFN-V3,0.7,log,0.0,20.0,19.999999999999996,16000,1,2000,900,0,2666,0.0,0.6870828790760845,0.6819791239945546,0.9310058151795697,5.549655017906598,32.99371717765249,155.93201624502217,1.354618941232235,1.5454350663922047,0.5978252557194443,0.21347835628979334,6.6,
TabPFN-V3,0.7,tail_log,50.0,20.0,19.999999999999996,16000,1,2000,900,8,2526,0.0,0.7105467197145546,0.7000315960850638,0.7841594517230988,4.287730693817139,26.61257553100586,97.30575305072506,1.3616665095970324,1.5658594510834838,0.615380211039133,23.270708675592385,6.6,
TabPFN-V3,0.7,evt_trim,0.0,20.0,19.999999999999996,16000,1,2000,900,0,376,0.0,0.6566396612949487,0.6040515558264501,1.2231062650680542,4.688895225524902,26.380030632019043,98.73103332519531,1.3885813730880616,1.5704169845335196,0.6731183598213151,0.11090742659299042,6.5,
TabPFN-V3,0.7,raw,0.0,20.0,20.000000000000004,17000,1,2000,900,0,470,0.0,-0.1934224419678926,-0.11042591721966145,1.4777040481567383,5.5605034828186035,9.229880332946777,109.69327163696289,1.4368925555304521,1.6294517197135818,0.9233204637381202,0.1297506413601236,6.7,
TabPFN-V3,0.7,robust,0.0,20.0,20.000000000000004,17000,1,2000,900,0,470,0.0,-0.19342233240868617,-0.11042586258483172,1.4777037148210295,5.5605033496807525,9.229881207706146,109.69327468545185,1.4368925576679592,1.6294517129375634,0.9233204674405798,0.1297506567353259,7.0,
TabPFN-V3,0.7,clip,20.0,20.0,20.000000000000004,17000,1,2000,900,29,2669,0.0,0.6279268797083201,0.6342347001693002,0.7437937259674072,4.793297529220581,25.728480339050293,50.96613693237305,1.4000346366213146,1.6007552459068397,0.7667331172158947,0.33158712078202496,6.7,
TabPFN-V3,0.7,clip,50.0,20.0,20.000000000000004,17000,1,2000,900,9,2626,0.0,0.6714052793250268,0.6706703994347611,0.7373409867286682,4.748818635940552,27.181126594543457,83.43331527709961,1.3995095213453417,1.6042650830713745,0.6819067471174429,0.1687183317993488,6.5,
TabPFN-V3,0.7,clip,200.0,20.0,20.000000000000004,17000,1,2000,900,3,2572,0.0,0.6382413530100645,0.6352142359493068,0.7627882361412048,4.46958327293396,24.050734519958496,104.82844161987305,1.3989497920680842,1.613793070482836,0.6972885023080557,0.14368681075239145,6.6,
TabPFN-V3,0.7,log,0.0,20.0,20.000000000000004,17000,1,2000,900,0,2649,0.0,0.683785294187447,0.6820857240644362,0.9128842928322256,5.639780276858506,32.85455481808186,166.98431657321208,1.3892283152693299,1.5817907649517808,0.6816437476919825,0.5009792466595437,6.4,
TabPFN-V3,0.7,tail_log,50.0,20.0,20.000000000000004,17000,1,2000,900,9,2559,0.0,0.6379950511794876,0.6371555787688923,0.7546178698539734,4.599000930786133,24.002007484436035,108.67879856554595,1.399539036740171,1.612497926992176,0.7170214082469013,20.414122856795203,5.3,
TabPFN-V3,0.7,evt_trim,0.0,20.0,20.000000000000004,17000,1,2000,900,0,470,0.0,-0.1934224419678926,-0.11042591721966145,1.4777040481567383,5.5605034828186035,9.229880332946777,109.69327163696289,1.4368925555304521,1.6294517197135818,0.9233204637381202,0.1297506413601236,5.3,
TabPFN-V3,0.7,raw,0.0,20.0,20.000000000000004,18000,1,2000,900,0,580,0.0,0.4390971069762238,0.41768026954523607,1.2624354362487793,4.479865312576294,27.885687828063965,95.56257629394531,1.1546534851656116,1.2609858245555128,0.6545643365813993,0.1723086143138428,5.0,
TabPFN-V3,0.7,robust,0.0,20.0,20.000000000000004,18000,1,2000,900,0,580,0.0,0.43909701460240297,0.4176802038763824,1.262435823068498,4.479865474247917,27.885688127055914,95.56258025714777,1.1546535175995791,1.260985830457651,0.6545643388641277,0.1723086229700597,5.0,
TabPFN-V3,0.7,clip,20.0,20.0,20.000000000000004,18000,1,2000,900,21,2670,0.0,0.6452127715768471,0.6436700838021524,0.7425524294376373,4.235433578491211,24.019651412963867,49.16168403625488,1.1062037895412382,1.2364592831679269,0.6038935250251344,0.2486428497752018,5.1,
TabPFN-V3,0.7,clip,50.0,20.0,20.000000000000004,18000,1,2000,900,6,2633,0.0,0.6587928264370785,0.6529850991395784,0.7111127376556396,4.217904806137085,24.171875953674316,75.95320892333984,1.1065425936853241,1.2353345012523076,0.6185619338130702,0.15956543445138383,5.0,
TabPFN-V3,0.7,clip,200.0,20.0,20.000000000000004,18000,1,2000,900,2,2583,0.0,0.6352732214382599,0.6252628929126166,0.7625498175621033,4.025164842605591,21.99654769897461,83.78140258789062,1.1054016526133281,1.2376656795861376,0.6135316346157672,0.12832319000219222,5.0,
TabPFN-V3,0.7,log,0.0,20.0,20.000000000000004,18000,1,2000,900,0,2981,0.0,0.6321920539199177,0.6326040399063273,0.8796416077002489,5.218267801210745,28.153737095777426,123.52790128896407,1.1049988865765823,1.2444806630731464,0.6206014685249736,0.1758050055251573,4.7,
TabPFN-V3,0.7,tail_log,50.0,20.0,20.000000000000004,18000,1,2000,900,6,2568,0.0,0.6383078412182043,0.6284099006238435,0.7431866228580475,3.8669960498809814,21.62565040588379,90.50637068092196,1.105668895664224,1.238434972610556,0.6173042054146313,3.0225688488667806,5.1,
TabPFN-V3,0.7,evt_trim,0.0,20.0,20.000000000000004,18000,1,2000,900,0,580,0.0,0.4390971069762238,0.41768026954523607,1.2624354362487793,4.479865312576294,27.885687828063965,95.56257629394531,1.1546534851656116,1.2609858245555128,0.6545643365813993,0.1723086143138428,5.1,
TabPFN-V3,0.7,raw,0.0,20.0,20.0,19000,1,2000,900,0,364,0.0,0.09842602500739771,0.17013038708782843,1.439041018486023,5.190644979476929,9.560067653656006,120.01351547241211,1.8051713489597048,2.1880689123310995,1.1817269773373134,0.4817424443746125,5.9,
TabPFN-V3,0.7,robust,0.0,20.0,20.0,19000,1,2000,900,0,364,0.0,0.09842605874947134,0.17013039495018992,1.4390413577250771,5.190644942831184,9.560067800049623,120.01351058215928,1.805171365734798,2.1880689116833123,1.1817269587737076,0.4817424376965289,6.7,
TabPFN-V3,0.7,clip,20.0,20.0,20.0,19000,1,2000,900,38,2667,0.0,0.613329618516318,0.6213244942177581,0.7313865125179291,4.662077903747559,24.4697322845459,48.64517784118652,1.8004568227587414,2.1740239955355047,1.147263545964445,0.6401122894400564,6.6,
TabPFN-V3,0.7,clip,50.0,20.0,20.0,19000,1,2000,900,16,2618,0.0,0.6636113189431966,0.663151551806184,0.7266319394111633,4.5470664501190186,26.150334358215332,98.60994338989258,1.800081554349636,2.186300554067386,1.0634720934717574,0.46928778437527774,6.7,
TabPFN-V3,0.7,clip,200.0,20.0,20.0,19000,1,2000,900,2,2576,0.0,0.6309003643599065,0.6238381105520376,0.76871058344841,4.529789924621582,23.19900608062744,128.01277923583984,1.7949726036481748,2.190081515426345,1.0928935159288347,0.5151260604557413,6.3,
TabPFN-V3,0.7,log,0.0,20.0,20.0,19000,1,2000,900,0,2573,0.0,0.6899730852621473,0.6897511522101875,0.8737573428263604,5.5056549747649015,33.50451389935268,203.06679096158064,1.7885942772795058,2.131170862114102,1.084810539491906,0.4508401520951343,7.5,
TabPFN-V3,0.7,tail_log,50.0,20.0,20.0,19000,1,2000,900,16,2522,0.0,0.6400849289536946,0.6309617118280652,0.7510503232479095,4.428731679916382,23.782063484191895,146.41123104852966,1.7964623071902868,2.1899463307670275,1.114425250209426,361.98244165973574,6.7,
TabPFN-V3,0.7,evt_trim,0.0,20.0,20.0,19000,1,2000,900,0,364,0.0,0.09842602500739771,0.17013038708782843,1.439041018486023,5.190644979476929,9.560067653656006,120.01351547241211,1.8051713489597048,2.1880689123310995,1.1817269773373134,0.4817424443746125,6.7,
TabPFN-V3,0.7,raw,0.0,20.0,19.999999999999993,20000,1,2000,900,0,284,0.0,0.6247204866366748,0.5500869568177688,1.2207267880439758,4.713433027267456,24.06044292449951,91.13085556030273,1.3476349891441055,1.479121309304236,0.5700447619724887,0.15250387820648592,6.5,
TabPFN-V3,0.7,robust,0.0,20.0,19.999999999999993,20000,1,2000,900,0,284,0.0,0.6247206147587583,0.5500870195598989,1.220726873417754,4.713432313939827,24.060443447097,91.13085093746048,1.3476349701325874,1.47912132068265,0.5700447638123084,0.15250387481132432,6.5,
TabPFN-V3,0.7,clip,20.0,20.0,19.999999999999993,20000,1,2000,900,23,2673,0.0,0.5672933690214614,0.5771321608958908,0.7355765998363495,4.695106029510498,22.611353874206543,47.33504295349121,1.320948886379196,1.4587129456400956,0.5596459967233378,0.18715823835671708,6.4,
TabPFN-V3,0.7,clip,50.0,20.0,19.999999999999993,20000,1,2000,900,10,2622,0.0,0.6243314059463091,0.6257575311721305,0.7284652888774872,4.536369562149048,23.301552772521973,93.25896072387695,1.3206158832912898,1.46712807690443,0.5410873374256945,0.13033178525657232,6.7,
TabPFN-V3,0.7,clip,200.0,20.0,19.999999999999993,20000,1,2000,900,1,2572,0.0,0.5861408603847321,0.5915054894591938,0.76396244764328,4.476208686828613,21.503819465637207,112.56401443481445,1.3222623683228774,1.4671912046961517,0.5663474531564575,0.13140255361289557,6.7,
TabPFN-V3,0.7,log,0.0,20.0,19.999999999999993,20000,1,2000,900,0,2652,0.0,0.6039366566009883,0.6091983738272851,0.8960956147336442,5.517255041531408,27.849623478474122,129.82942046490598,1.3165042186582352,1.428455540433019,0.558591446508612,0.18288492712703683,6.8,
TabPFN-V3,0.7,tail_log,50.0,20.0,19.999999999999993,20000,1,2000,900,10,2469,0.0,0.5932238878609634,0.5953407514020068,0.7334952354431152,4.483017921447754,21.57619285583496,115.2166743353662,1.3209857945389594,1.4642281489382023,0.570991030845666,20.4660748675732,6.8,
TabPFN-V3,0.7,evt_trim,0.0,20.0,19.999999999999993,20000,1,2000,900,0,284,0.0,0.6247204866366748,0.5500869568177688,1.2207267880439758,4.713433027267456,24.06044292449951,91.13085556030273,1.3476349891441055,1.479121309304236,0.5700447619724887,0.15250387820648592,6.5,
TabPFN-V3,0.7,raw,0.0,20.0,20.0,21000,1,2000,900,0,431,0.0,-0.18528122093478586,-0.11232967884982233,1.3859545588493347,5.050801992416382,8.474922180175781,96.72799682617188,1.9173381736480315,2.4621562128972236,1.7645797153848228,0.7698432536465528,6.5,
TabPFN-V3,0.7,robust,0.0,20.0,20.0,21000,1,2000,900,0,431,0.0,-0.18528127358003882,-0.11232968539321493,1.3859541400885518,5.050801588474301,8.474921859979844,96.72799824467145,1.9173381388503796,2.4621562250751423,1.7645797429813828,0.7698432595137327,6.5,
TabPFN-V3,0.7,clip,20.0,20.0,20.0,21000,1,2000,900,29,2670,0.0,0.5757605543484495,0.5787420380728746,0.7088928520679474,4.355993032455444,21.592185020446777,42.849300384521484,1.8957518901836525,2.454831197787301,1.5451900425757892,1.1088849574348087,6.4,
TabPFN-V3,0.7,clip,50.0,20.0,20.0,21000,1,2000,900,9,2623,0.0,0.6126855925355428,0.6087912554155854,0.7134812772274017,4.24689245223999,22.00620746612549,73.15574645996094,1.8938067236707847,2.4586763741052327,1.5051463173246602,0.7715411046792753,6.3,
TabPFN-V3,0.7,clip,200.0,20.0,20.0,21000,1,2000,900,3,2571,0.0,0.5917499551188458,0.5856359116210497,0.7187644839286804,4.096514940261841,19.334691047668457,80.03426742553711,1.8938724345889422,2.4587541597642377,1.536934596885973,0.7189021078429311,6.6,
TabPFN-V3,0.7,log,0.0,20.0,20.0,21000,1,2000,900,0,3171,0.0,0.6205439985346313,0.6236961787115993,0.8481598539569234,5.2379942987171635,27.405885352889598,125.89287802440654,1.888894620607558,2.421092240210412,1.4672193714487762,0.44693613001397253,6.7,
TabPFN-V3,0.7,tail_log,50.0,20.0,20.0,21000,1,2000,900,9,2557,0.0,0.5896457337265891,0.5834662095120057,0.713440328836441,4.113176107406616,19.51150417327881,85.63014902702224,1.894437577178342,2.460489720857115,1.5429262079815291,9.959862790379958,5.5,
TabPFN-V3,0.7,evt_trim,0.0,20.0,20.0,21000,1,2000,900,0,431,0.0,-0.18528122093478586,-0.11232967884982233,1.3859545588493347,5.050801992416382,8.474922180175781,96.72799682617188,1.9173381736480315,2.4621562128972236,1.7645797153848228,0.7698432536465528,5.3,
TabPFN-V3,0.7,raw,0.0,20.0,19.999999999999996,22000,1,2000,900,0,669,0.0,-0.3032856932633749,-0.23717466328409043,1.7870309948921204,6.231338024139404,9.715774536132812,138.0484619140625,1.6628118940383643,1.9771612702900443,1.3318438178824747,0.2983835311522012,5.4,
TabPFN-V3,0.7,robust,0.0,20.0,19.999999999999996,22000,1,2000,900,0,669,0.0,-0.3032856969167287,-0.23717468056761618,1.787030312558883,6.231337847904809,9.715773769809239,138.04845190851893,1.6628117974810945,1.9771612688659783,1.3318438524967724,0.29838354271964296,5.1,
TabPFN-V3,0.7,clip,20.0,20.0,19.999999999999996,22000,1,2000,900,29,2671,0.0,0.6068214164063092,0.6052024622419241,0.8257240653038025,4.693146228790283,25.827420234680176,49.64542198181152,1.575886760162641,1.923486165583915,1.0238428119011571,0.5232582123401043,5.2,
TabPFN-V3,0.7,clip,50.0,20.0,19.999999999999996,22000,1,2000,900,11,2626,0.0,0.6729172400268936,0.6638531288321028,0.8829064965248108,4.683990001678467,27.323936462402344,98.2089614868164,1.5759111426167203,1.9247333101823354,0.9875479399824711,0.29578932994348567,5.1,
TabPFN-V3,0.7,clip,200.0,20.0,19.999999999999996,22000,1,2000,900,2,2575,0.0,0.6196529154004444,0.6100885969233207,0.8754453361034393,4.563534259796143,23.452835083007812,115.52358627319336,1.5747868058430392,1.9327342769976035,1.041951781266326,0.2696950179435713,5.1,
TabPFN-V3,0.7,log,0.0,20.0,19.999999999999996,22000,1,2000,900,0,2850,0.0,0.6806204901155305,0.6736352938354516,0.987134818796711,5.698846476055036,32.48053182875309,182.28448153267396,1.5767985734265975,1.9038642870541596,0.9791514817681962,0.3433389399217236,5.2,
TabPFN-V3,0.7,tail_log,50.0,20.0,19.999999999999996,22000,1,2000,900,11,2566,0.0,0.6311315029121484,0.6184160696318446,0.8936722278594971,4.675440073013306,24.11938190460205,141.74678233824326,1.5749864617662481,1.9310176580007972,1.0545714430784436,2295.357779907414,5.1,
TabPFN-V3,0.7,evt_trim,0.0,20.0,19.999999999999996,22000,1,2000,900,0,669,0.0,-0.3032856932633749,-0.23717466328409043,1.7870309948921204,6.231338024139404,9.715774536132812,138.0484619140625,1.6628118940383643,1.9771612702900443,1.3318438178824747,0.2983835311522012,5.3,
TabPFN-V3,0.7,raw,0.0,20.0,20.0,23000,1,2000,900,0,729,0.0,-0.30473804628501916,-0.20868943119180122,1.8874883651733398,8.134074211120605,13.086643695831299,18.203227043151855,1.5988785990363756,1.965464800350861,1.330101604075596,0.9475462807880447,7.2,
TabPFN-V3,0.7,robust,0.0,20.0,20.0,23000,1,2000,900,0,729,0.0,-0.3047381970664693,-0.20868957570655475,1.887490476093008,8.134076059449107,13.086644494907965,18.20322624719052,1.5988789944415074,1.96546485825027,1.3301015848538063,0.9475462745624332,6.7,
TabPFN-V3,0.7,clip,20.0,20.0,20.0,23000,1,2000,900,30,2674,0.0,0.5654648108871574,0.5733496418945969,0.7748288810253143,4.664199590682983,22.78855800628662,49.64081954956055,1.483074384866751,1.839437546718386,1.0888741156417465,0.6861658470791321,6.7,
TabPFN-V3,0.7,clip,50.0,20.0,20.0,23000,1,2000,900,9,2629,0.0,0.5968832826114435,0.5988411411412484,0.7462704181671143,4.547690153121948,22.52267074584961,77.86238479614258,1.481958378075743,1.84180217711762,1.0412925188083948,0.5298343295972707,6.4,
TabPFN-V3,0.7,clip,200.0,20.0,20.0,23000,1,2000,900,2,2578,0.0,0.5748703713755485,0.5704060475902243,0.7842311859130859,4.350217819213867,19.610048294067383,104.65254592895508,1.483098656931317,1.8458766352329246,1.074315470057923,0.5319953011487419,6.4,
TabPFN-V3,0.7,log,0.0,20.0,20.0,23000,1,2000,900,0,3165,0.0,0.6044512256376221,0.6088234587197429,0.9001668587662175,5.490279567094364,27.797522087940585,131.09283794605463,1.4821841879647055,1.8418924081267813,1.0437770408987552,0.642735802785574,6.5,
TabPFN-V3,0.7,tail_log,50.0,20.0,20.0,23000,1,2000,900,9,2565,0.0,0.570615674646345,0.564739415086653,0.8192950189113617,4.440909147262573,20.050040245056152,111.07354964280977,1.4843786587578744,1.846721137469562,1.0992704523224257,1149.293213609661,6.4,
TabPFN-V3,0.7,evt_trim,0.0,20.0,20.0,23000,1,2000,900,0,729,0.0,-0.30473804628501916,-0.20868943119180122,1.8874883651733398,8.134074211120605,13.086643695831299,18.203227043151855,1.5988785990363756,1.965464800350861,1.330101604075596,0.9475462807880447,6.6,
TabPFN-V3,0.7,raw,0.0,20.0,20.0,24000,1,2000,900,0,498,0.0,0.29152227772138517,0.25311937867565315,1.4570965766906738,4.566011428833008,12.750542640686035,99.41228866577148,1.7902167917778762,2.275856513382843,1.3707725498767949,0.47280539530703386,6.4,
TabPFN-V3,0.7,robust,0.0,20.0,20.0,24000,1,2000,900,0,498,0.0,0.29152216722000635,0.25311926425115316,1.45709744016076,4.566012075535642,12.750542383974338,99.41228531768346,1.790216854903907,2.275856494388159,1.370772563870019,0.47280539725813203,6.6,
TabPFN-V3,0.7,clip,20.0,20.0,20.0,24000,1,2000,900,29,2669,0.0,0.5983205094284665,0.5955557441360446,0.7693570554256439,4.488178014755249,23.2237491607666,46.34743881225586,1.7536367969856665,2.2252874516320036,1.4075516905890433,0.9475311725434816,6.9,
TabPFN-V3,0.7,clip,50.0,20.0,20.0,24000,1,2000,900,9,2622,0.0,0.6641466440348317,0.6522336106798965,0.8250527679920197,4.519244909286499,24.568781852722168,88.44087600708008,1.7534200509585167,2.2323518424766347,1.3204969387123529,0.5281221124212444,6.9,
TabPFN-V3,0.7,clip,200.0,20.0,20.0,24000,1,2000,900,2,2578,0.0,0.6335046275139784,0.6213201800165634,0.7938269674777985,4.287274599075317,21.918326377868652,107.18938064575195,1.754565909267868,2.244897600790996,1.3157738298633903,0.34737232144474217,6.8,
TabPFN-V3,0.7,log,0.0,20.0,20.0,24000,1,2000,900,0,2524,0.0,0.6567150598475686,0.6513557916044095,0.924869688437564,5.4406491050296255,30.041551472030115,154.28841247620443,1.752478572435508,2.1953387176044115,1.2766515273636514,0.22566243228170083,6.5,
TabPFN-V3,0.7,tail_log,50.0,20.0,20.0,24000,1,2000,900,9,2560,0.0,0.6302424440783407,0.616937236450738,0.7902521193027496,4.305550813674927,21.613576889038086,115.23447170611054,1.7534556681918365,2.24035568562107,1.3483907879954824,39.995322456172055,6.5,
TabPFN-V3,0.7,evt_trim,0.0,20.0,20.0,24000,1,2000,900,0,498,0.0,0.29152227772138517,0.25311937867565315,1.4570965766906738,4.566011428833008,12.750542640686035,99.41228866577148,1.7902167917778762,2.275856513382843,1.3707725498767949,0.47280539530703386,6.4,
TabPFN-V3,0.7,raw,0.0,20.0,20.0,25000,1,2000,900,0,652,0.0,-0.29778422649302716,-0.188812026934694,2.044040560722351,10.30085563659668,16.95747661590576,23.089479446411133,1.7709526462838232,2.1390412805202996,1.287104390656943,0.9479621357940571,6.6,
TabPFN-V3,0.7,robust,0.0,20.0,20.0,25000,1,2000,900,0,652,0.0,-0.2977842781989687,-0.18881192689867024,2.0440410278704513,10.300855237470437,16.957476720856377,23.089479795939102,1.77095274285191,2.139041273366878,1.2871043771060253,0.9479621371553053,6.5,
TabPFN-V3,0.7,clip,20.0,20.0,20.0,25000,1,2000,900,32,2670,0.0,0.6688775342731765,0.6651681452275735,0.7461470365524292,4.5824196338653564,27.65998077392578,49.15472412109375,1.6702257955805944,2.0131637099308257,1.1018902679898879,0.6517256564734055,6.6,
TabPFN-V3,0.7,clip,50.0,20.0,20.0,25000,1,2000,900,9,2632,0.0,0.7208984874724578,0.7070403504129411,0.744978278875351,4.493289232254028,29.692570686340332,83.53218841552734,1.6680725418083906,2.0181923838885325,1.0330487068745509,0.3027942758229134,6.6,
TabPFN-V3,0.7,clip,200.0,20.0,20.0,25000,1,2000,900,3,2575,0.0,0.682940577195358,0.6689355942313341,0.7948009073734283,4.401281118392944,26.306879997253418,110.87783432006836,1.6655772932866433,2.023870047827853,1.0529376441385776,0.13532330841238283,6.5,
TabPFN-V3,0.7,log,0.0,20.0,20.0,25000,1,2000,900,0,2934,0.0,0.7051319152824462,0.7015318761733608,0.9242980377423546,5.694984772755635,34.59494149745743,185.6491529448631,1.659333007119479,1.9942369485659635,0.9487562768109469,0.31005203516455665,5.3,
TabPFN-V3,0.7,tail_log,50.0,20.0,20.0,25000,1,2000,900,9,2563,0.0,0.6882567938721085,0.6766536227729888,0.8195503354072571,4.466651201248169,26.291006088256836,134.01231190686678,1.6686862752485736,2.0218773101268273,1.062012827617076,3402.578147089218,4.9,
TabPFN-V3,0.7,evt_trim,0.0,20.0,20.0,25000,1,2000,900,0,652,0.0,-0.29778422649302716,-0.188812026934694,2.044040560722351,10.30085563659668,16.95747661590576,23.089479446411133,1.7709526462838232,2.1390412805202996,1.287104390656943,0.9479621357940571,5.2,
TabPFN-V3,0.7,raw,0.0,20.0,20.000000000000004,26000,1,2000,900,0,351,0.0,0.7089851156911993,0.6248519420156886,1.2352517247200012,4.466032028198242,23.516350746154785,78.79055404663086,1.6381770732471759,1.881882909638616,0.9673525249791451,0.3070802931685919,5.0,
TabPFN-V3,0.7,robust,0.0,20.0,20.000000000000004,26000,1,2000,900,0,351,0.0,0.7089850670653612,0.6248519227044607,1.235251704588395,4.4660317468707245,23.516350517392528,78.79055165975697,1.638177060677371,1.8818829091896934,0.967352505136335,0.3070802804418987,5.1,
TabPFN-V3,0.7,clip,20.0,20.0,20.000000000000004,26000,1,2000,900,26,2667,0.0,0.6535773905187712,0.6466837531457363,0.7452473640441895,4.308233022689819,24.25662899017334,45.57268714904785,1.6335114567946512,1.909992550248074,1.0086325043748054,0.5436636309050337,5.2,
TabPFN-V3,0.7,clip,50.0,20.0,20.000000000000004,26000,1,2000,900,6,2630,0.0,0.6937332601312056,0.6821530982755295,0.7395273745059967,4.219698667526245,25.64004611968994,78.93315124511719,1.631123842809918,1.917586517849283,0.9507987830692682,0.3563863430410963,4.9,
TabPFN-V3,0.7,clip,200.0,20.0,20.000000000000004,26000,1,2000,900,1,2585,0.0,0.6738576603105263,0.6629159933930169,0.7492128610610962,4.166050910949707,24.282365798950195,98.09488296508789,1.6339818438840585,1.93126072290676,0.9278907903248225,0.2556121160467768,5.0,
TabPFN-V3,0.7,log,0.0,20.0,20.000000000000004,26000,1,2000,900,0,2921,0.0,0.6467914555734182,0.6427241129623721,0.8894211294850065,5.173768654380609,28.848308908342403,134.19441582450673,1.6228717665004952,1.8649022472003702,0.9281998462963346,0.29438336368592966,5.1,
TabPFN-V3,0.7,tail_log,50.0,20.0,20.000000000000004,26000,1,2000,900,6,2515,0.0,0.6854065733756571,0.6732714071011461,0.7272928357124329,4.192042589187622,24.60103988647461,109.05813166720199,1.6339502694541714,1.926121205200867,0.9308741417992947,0.7349983352098247,5.8,
TabPFN-V3,0.7,evt_trim,0.0,20.0,20.000000000000004,26000,1,2000,900,0,351,0.0,0.7089851156911993,0.6248519420156886,1.2352517247200012,4.466032028198242,23.516350746154785,78.79055404663086,1.6381770732471759,1.881882909638616,0.9673525249791451,0.3070802931685919,7.0,
TabPFN-V3,0.7,log,0.0,50.0,49.99999999999999,7000,1,2000,900,0,3234,0.0,0.6680979071141808,0.6711302771924323,0.9015737707767129,5.807748660363046,33.71512355688723,165.97292615573184,1.3363121501196065,1.5001935914948967,0.5984290804975719,0.21854904217778373,6.6,
TabPFN-V3,0.7,tail_log,50.0,50.0,49.99999999999999,7000,1,2000,900,9,2512,0.0,0.6779078259111961,0.670753989737771,0.7619985640048981,4.314996957778931,24.982717514038086,133.76823867616991,1.3390116960497669,1.536678670302567,0.6278748622503552,19.405619207570748,6.5,
TabPFN-V3,0.7,evt_trim,0.0,50.0,49.99999999999999,7000,1,2000,900,0,168,0.0,-0.3078483468501857,-0.2366339152699676,2.091507911682129,7.014730215072632,11.011724472045898,19.673025131225586,1.4833068758546237,1.5447241471729591,0.8562325017351762,0.2598905724727191,6.6,
TabPFN-V3,0.7,log,0.0,50.0,50.0,8000,1,2000,900,0,2729,0.0,0.6564418092171732,0.6501976911974388,0.9845570808912342,5.598273066641637,31.279919886652607,191.6369070160456,1.4308889954895045,1.748242718561922,0.7684705500415316,0.2842237830772816,6.5,
TabPFN-V3,0.7,tail_log,50.0,50.0,50.0,8000,1,2000,900,14,2563,0.0,0.5797360358177001,0.5680125128618017,0.9309283494949341,4.599416732788086,21.653828620910645,124.09922969948079,1.4251319846306094,1.7532355241183126,0.8657633852197952,1380.422434464995,6.5,
TabPFN-V3,0.7,evt_trim,0.0,50.0,50.0,8000,1,2000,900,0,294,0.0,-0.29576810926702335,-0.14909009350567876,2.332848072052002,18.535797119140625,31.732633590698242,45.98061180114746,1.6943914510360683,2.3526275680431827,0.8440061287777043,0.44371625882549703,6.6,
TabPFN-V3,0.7,log,0.0,50.0,50.0,9000,1,2000,900,0,3105,0.0,0.7142069126533045,0.7102101603472181,0.8491972100305106,5.287371187706714,32.976182676136034,198.79189195862273,1.3576572964936606,1.6693924881801154,0.7657839140928462,0.2820565034804095,6.6,
TabPFN-V3,0.7,tail_log,50.0,50.0,50.0,9000,1,2000,900,11,2560,0.0,0.6606619554869019,0.6529347631216474,0.784348875284195,4.294381380081177,23.040035247802734,116.68484727973356,1.3570583389080324,1.6746663102692696,0.8677748665864773,849.5284885506666,6.8,
TabPFN-V3,0.7,evt_trim,0.0,50.0,50.0,9000,1,2000,900,0,296,0.0,-0.2974364021498524,-0.11302893980415536,0.9184222221374512,22.781922340393066,40.41108703613281,59.011558532714844,1.6069769694697404,2.625962243179273,0.7521360601770731,0.25887065966261086,6.6,
TabPFN-V3,0.7,log,0.0,50.0,49.99999999999999,10000,1,2000,900,0,3306,0.0,0.7395263072895223,0.7272756154661221,0.8130110711065439,4.710409162143177,30.08887198348695,190.83124606152103,1.3617456450730379,1.616984081494805,0.6837526521687908,0.44064263735955567,6.6,
TabPFN-V3,0.7,tail_log,50.0,50.0,49.99999999999999,10000,1,2000,900,13,2554,0.0,0.7256468001791243,0.7068689402876662,0.7102945744991302,3.6529544591903687,22.914448738098145,135.5531047493623,1.3658220842810886,1.6407807988784255,0.7722917501329291,16853.090364001673,6.2,
TabPFN-V3,0.7,evt_trim,0.0,50.0,49.99999999999999,10000,1,2000,900,0,217,0.0,-0.29321294038851164,-0.18480190922623801,1.7852824926376343,9.250061988830566,15.237508296966553,21.69756507873535,1.4894843328992162,1.7078825022494617,0.9665456409739172,0.6921375793933703,6.3,
TabPFN-V3,0.7,log,0.0,50.0,50.0,11000,1,2000,900,0,2317,0.0,0.6193491070549538,0.6278465205757613,0.9085695544466483,5.977206358591435,31.472291692000542,131.37650276728743,2.1038888603502013,2.7704841641089617,1.5888763387803895,0.6046000599883461,6.5,
TabPFN-V3,0.7,tail_log,50.0,50.0,50.0,11000,1,2000,900,9,2498,0.0,0.6068147464276408,0.6060662249241895,0.7892517745494843,4.6990978717803955,22.98231792449951,101.59647297180277,2.1133000137077276,2.8081133856186664,1.665494432656265,2.956090900987659,7.2,
TabPFN-V3,0.7,evt_trim,0.0,50.0,50.0,11000,1,2000,900,0,153,0.0,-0.31469244257489765,-0.23900129597751896,1.9998615384101868,6.665003061294556,10.377248287200928,23.40207576751709,2.1728964191435027,2.814602693040248,2.3484851349141707,1.0648810385667975,8.0,
TabPFN-V3,0.7,raw,0.0,50.0,50.00000000000001,12000,1,2000,900,0,225,0.0,-0.29729165162816723,-0.11037623155426793,1.1722314357757568,32.85540199279785,58.41695213317871,85.93364334106445,2.4141148125072287,4.502861519032702,1.893225950178505,1.2656332681907017,6.8,
TabPFN-V3,0.7,robust,0.0,50.0,50.00000000000001,12000,1,2000,900,0,225,0.0,-0.29729151164528406,-0.11037600994715821,1.1722249095577348,32.85539237171625,58.41694831470117,85.9336424174275,2.4141153182630655,4.502860809943009,1.8932259334255377,1.2656332500593228,7.3,
TabPFN-V3,0.7,clip,20.0,50.0,50.00000000000001,12000,1,2000,900,25,2673,0.0,0.6066270726248099,0.6073701482751872,0.8039873540401459,4.948173522949219,26.293784141540527,50.47939109802246,2.054395144637329,2.791411729086459,1.9409154850465191,1.4031728986543162,6.6,
TabPFN-V3,0.7,clip,50.0,50.0,50.00000000000001,12000,1,2000,900,6,2637,0.0,0.6196633376782849,0.6205011949088007,0.7832036912441254,4.867250919342041,25.8100528717041,76.6915397644043,2.0548239223285814,2.7995003634897806,1.828016529625383,0.9464570918553761,6.9,
TabPFN-V3,0.7,clip,200.0,50.0,50.00000000000001,12000,1,2000,900,3,2579,0.0,0.6057550203254408,0.5998861158844948,0.8070175349712372,4.658419847488403,23.733046531677246,89.12395477294922,2.0552285634204486,2.804755079492486,1.8316146824138104,0.8965219475381466,6.7,
TabPFN-V3,0.7,log,0.0,50.0,50.00000000000001,12000,1,2000,900,0,2842,0.0,0.6230972005047656,0.6238863163257217,0.9751698179755273,5.908561924933476,31.713284059699536,148.56316145557219,2.056151211482801,2.787231492199048,1.7554895483896988,0.43727028428516557,6.1,
TabPFN-V3,0.7,tail_log,50.0,50.0,50.00000000000001,12000,1,2000,900,6,2555,0.0,0.5873417728184247,0.585470019309446,0.8145194053649902,4.449825048446655,22.397624969482422,82.28116989135742,2.0560330841891177,2.811095278365026,1.8668413624971152,0.6929250912041723,5.1,
TabPFN-V3,0.7,evt_trim,0.0,50.0,50.00000000000001,12000,1,2000,900,3,2595,0.0,0.6076918909555608,0.6083200395861108,0.8453222215175629,4.716293811798096,24.32770347595215,84.54051208496094,2.0552039876948607,2.80684995633175,1.8260333014346433,0.9062524959771725,5.4,
TabPFN-V3,0.7,raw,0.0,50.0,50.00000000000001,13000,1,2000,900,0,136,0.0,-0.3120660523060076,-0.2402847693395316,1.7926142811775208,5.724564552307129,8.796253204345703,19.855941772460938,1.725763145917142,2.0592536270405244,1.49757787325877,0.8805241394594873,5.0,
TabPFN-V3,0.7,robust,0.0,50.0,50.00000000000001,13000,1,2000,900,0,136,0.0,-0.31206593493066004,-0.24028472312205088,1.7926136647196187,5.724563715353819,8.796252729726598,19.85594197566156,1.7257630531934929,2.0592536438746256,1.497577881512294,0.8805241372166537,5.3,
TabPFN-V3,0.7,clip,20.0,50.0,50.00000000000001,13000,1,2000,900,24,2669,0.0,0.5669575541269337,0.5737537610275688,0.728073388338089,4.229396343231201,21.9505615234375,43.77544593811035,1.6101980349792757,2.021445563110416,1.2411404408092928,0.8212544189725384,4.8,
TabPFN-V3,0.7,clip,50.0,50.0,50.00000000000001,13000,1,2000,900,6,2630,0.0,0.6006597000790396,0.6009840914416335,0.6767670214176178,4.1972551345825195,21.551939964294434,68.13708114624023,1.6106555107461038,2.029399211677436,1.2401064447450338,0.5242053825930575,5.2,
TabPFN-V3,0.7,clip,200.0,50.0,50.00000000000001,13000,1,2000,900,1,2584,0.0,0.5799346893516422,0.5803479534605553,0.7751893103122711,4.054660797119141,19.942062377929688,70.68811416625977,1.6116897761075157,2.0399594384623447,1.2357316495571897,0.5122780613541854,5.0,
TabPFN-V3,0.7,log,0.0,50.0,50.00000000000001,13000,1,2000,900,0,2335,0.0,0.580897323747072,0.5844901875379334,0.8576873263111384,5.004440327294644,24.659357565917723,88.97394017550226,1.6061013915868736,1.996132875780135,1.2161073990193032,0.42670229570460316,5.2,
TabPFN-V3,0.7,tail_log,50.0,50.0,50.00000000000001,13000,1,2000,900,6,2479,0.0,0.5798414222533345,0.5789420248274064,0.7237758934497833,4.14643931388855,19.625502586364746,71.89273452758789,1.6118170063332522,2.0384682135857575,1.250618432006239,18.823070478530944,5.3,
TabPFN-V3,0.7,evt_trim,0.0,50.0,50.00000000000001,13000,1,2000,900,0,136,0.0,-0.3120660523060076,-0.2402847693395316,1.7926142811775208,5.724564552307129,8.796253204345703,19.855941772460938,1.725763145917142,2.0592536270405244,1.49757787325877,0.8805241394594873,4.8,
TabPFN-V3,0.7,raw,0.0,50.0,49.999999999999986,14000,1,2000,900,0,159,0.0,-0.30275493265411674,-0.24514597518704292,2.0893542766571045,7.062460422515869,11.082645416259766,16.0986967086792,1.72762160808783,1.9957287111081439,1.4135157516689374,0.8612779890607317,6.2,
TabPFN-V3,0.7,robust,0.0,50.0,49.999999999999986,14000,1,2000,900,0,159,0.0,-0.3027548680363808,-0.24514593692664507,2.0893538708088024,7.0624598565748276,11.082644662588656,16.098696433828202,1.7276215007649516,1.9957287034873883,1.4135157899888908,0.8612780192775087,6.9,
TabPFN-V3,0.7,clip,20.0,50.0,49.999999999999986,14000,1,2000,900,27,2670,0.0,0.624858777298716,0.6286775155934166,0.697427362203598,4.348121404647827,24.028244018554688,44.807823181152344,1.5661247970817125,1.9669122622279487,1.1051737869496077,0.7768053911742001,6.7,
TabPFN-V3,0.7,clip,50.0,50.0,49.999999999999986,14000,1,2000,900,6,2638,0.0,0.6579082026066603,0.6585721301425185,0.6738308966159821,4.2599873542785645,25.00181770324707,67.09711456298828,1.5657012105330639,1.9753043477808478,1.1001615542318395,0.6232790781022004,6.6,
TabPFN-V3,0.7,clip,200.0,50.0,49.999999999999986,14000,1,2000,900,2,2574,0.0,0.6367819585245403,0.6307679008254529,0.7109969258308411,4.140935897827148,23.574317932128906,89.56725311279297,1.5636068807201553,1.9851829643343044,1.0925481271676125,0.398734186472565,6.4,
TabPFN-V3,0.7,log,0.0,50.0,49.999999999999986,14000,1,2000,900,0,2936,0.0,0.639794015938716,0.6425791008395474,0.8290340785443947,5.231258190264032,29.071201431858785,129.22675983526437,1.5560713365345562,1.932846563858266,1.0761509554529767,0.23202354941257158,7.0,
TabPFN-V3,0.7,tail_log,50.0,50.0,49.999999999999986,14000,1,2000,900,6,2521,0.0,0.6456123956227943,0.6412814758925703,0.7107444107532501,4.232138395309448,24.075682640075684,110.6152609829759,1.5636539562344363,1.9827267147309435,1.0979588880995075,3.776510917545356,6.5,
TabPFN-V3,0.7,evt_trim,0.0,50.0,49.999999999999986,14000,1,2000,900,0,159,0.0,-0.30275493265411674,-0.24514597518704292,2.0893542766571045,7.062460422515869,11.082645416259766,16.0986967086792,1.72762160808783,1.9957287111081439,1.4135157516689374,0.8612779890607317,6.8,
TabPFN-V3,0.7,raw,0.0,50.0,50.0,15000,1,2000,900,0,218,0.0,-0.2946059851770589,-0.19239130896463302,2.069945454597473,10.301661014556885,16.970011711120605,24.17747974395752,2.318906179249828,2.9179683837591504,2.1052618381442043,1.5845339497577084,7.2,
TabPFN-V3,0.7,robust,0.0,50.0,50.0,15000,1,2000,900,0,218,0.0,-0.29460572064895835,-0.19239124589858136,2.069946550026582,10.301660741557217,16.970012981901604,24.177479227251432,2.318906359884502,2.917968373669002,2.105261843636296,1.584533955587964,7.4,
TabPFN-V3,0.7,clip,20.0,50.0,50.0,15000,1,2000,900,35,2671,0.0,0.6562864741419625,0.657136917965845,0.718794971704483,4.50173282623291,25.577285766601562,47.613290786743164,2.200368750226596,2.8555272136340775,1.7940248631509037,1.2135105704069975,7.2,
TabPFN-V3,0.7,clip,50.0,50.0,50.0,15000,1,2000,900,13,2621,0.0,0.7374195197280765,0.7283225770578471,0.7236683666706085,4.346653699874878,27.98854637145996,98.53125,2.19947677423656,2.8803811014968574,1.612002641864385,0.941303275997122,7.4,
TabPFN-V3,0.7,clip,200.0,50.0,50.0,15000,1,2000,900,3,2570,0.0,0.7111784119138701,0.696688934480947,0.7499341070652008,4.121457815170288,25.00015640258789,142.78553009033203,2.1974356937126585,2.8917914779136593,1.65997673192692,0.8737523346061309,6.7,
TabPFN-V3,0.7,log,0.0,50.0,50.0,15000,1,2000,900,0,2968,0.0,0.7625507690955341,0.7545782146001464,0.8789269521854932,5.419987600520601,35.96817099174166,243.15893881073953,2.188328580504391,2.793555949589085,1.5749504981757585,0.6226075164389078,6.9,
TabPFN-V3,0.7,tail_log,50.0,50.0,50.0,15000,1,2000,900,13,2553,0.0,0.7172244752365186,0.7041199617567694,0.7356758117675781,4.21871280670166,25.597890853881836,181.4789727313808,2.1991838037105653,2.8862162221014573,1.686508152056604,1131.7064869555481,6.7,
TabPFN-V3,0.7,evt_trim,0.0,50.0,50.0,15000,1,2000,900,0,218,0.0,-0.2946059851770589,-0.19239130896463302,2.069945454597473,10.301661014556885,16.970011711120605,24.17747974395752,2.318906179249828,2.9179683837591504,2.1052618381442043,1.5845339497577084,6.4,
TabPFN-V3,0.7,raw,0.0,50.0,50.0,16000,1,2000,900,0,150,0.0,-0.31695816119959863,-0.24091470759585906,2.0306100845336914,6.677114009857178,10.39887809753418,24.31674575805664,1.480442268638813,1.6265392006916226,0.907660298967239,0.2177035865886325,6.5,
TabPFN-V3,0.7,robust,0.0,50.0,50.0,16000,1,2000,900,0,150,0.0,-0.31695814119933696,-0.24091464504136312,2.0306102505084747,6.677114351629407,10.398879200801915,24.316745956445956,1.4804423028274205,1.6265392071113325,0.907660280969457,0.2177035821920004,6.5,
TabPFN-V3,0.7,clip,20.0,50.0,50.0,16000,1,2000,900,32,2662,0.0,0.6877510803271814,0.6840662479154443,0.7499799728393555,4.431041955947876,29.4001407623291,51.427629470825195,1.3628645209822818,1.5559477550187235,0.6588698035328399,0.26620961233509094,6.6,
TabPFN-V3,0.7,clip,50.0,50.0,50.0,16000,1,2000,900,8,2625,0.0,0.7272208121739998,0.7175802498322347,0.7423101663589478,4.480566740036011,29.870219230651855,91.72649765014648,1.3604805311266173,1.5628130577881763,0.6006401175684056,0.09733903292748626,6.7,
TabPFN-V3,0.7,clip,200.0,50.0,50.0,16000,1,2000,900,1,2589,0.0,0.7041797694821779,0.6959219745995515,0.7867233157157898,4.239050626754761,26.48111343383789,97.0888442993164,1.3616319931167418,1.5676692425679803,0.6106212232446453,0.11447371616562173,6.6,
TabPFN-V3,0.7,log,0.0,50.0,50.0,16000,1,2000,900,0,2664,0.0,0.685798622713471,0.6805675895929908,0.9310464306508142,5.5426695533415025,33.10831934815414,156.95048566928853,1.3545963180556468,1.5458411390659024,0.6005375121428799,0.2095771371443117,6.6,
TabPFN-V3,0.7,tail_log,50.0,50.0,50.0,16000,1,2000,900,8,2496,0.0,0.7125078130761353,0.701442688229357,0.7595712244510651,4.342126369476318,26.029897689819336,106.67499661148406,1.362510329460177,1.5679232162149497,0.6166792275655376,46.3331667883295,6.2,
TabPFN-V3,0.7,evt_trim,0.0,50.0,50.0,16000,1,2000,900,0,150,0.0,-0.31695816119959863,-0.24091470759585906,2.0306100845336914,6.677114009857178,10.39887809753418,24.31674575805664,1.480442268638813,1.6265392006916226,0.907660298967239,0.2177035865886325,5.2,
TabPFN-V3,0.7,raw,0.0,50.0,50.0,17000,1,2000,900,0,188,0.0,-0.2933058284453822,-0.20916657517302675,2.20102596282959,9.394317150115967,15.212916374206543,21.595680236816406,1.5615626886734941,1.7575858649462008,0.9756803871004597,0.6006338407041731,5.1,
TabPFN-V3,0.7,robust,0.0,50.0,50.0,17000,1,2000,900,0,188,0.0,-0.29330568693216186,-0.20916659330907386,2.2010262687425497,9.39431707603192,15.212916746027933,21.595682076775425,1.5615627758938455,1.757585835245758,0.9756803951175973,0.6006338321137858,5.3,
TabPFN-V3,0.7,clip,20.0,50.0,50.0,17000,1,2000,900,29,2669,0.0,0.6279268797083201,0.6342347001693002,0.7437937259674072,4.793297529220581,25.728480339050293,50.96613693237305,1.4000346366213146,1.6007552459068397,0.7667331172158947,0.33158712078202496,5.1,
TabPFN-V3,0.7,clip,50.0,50.0,50.0,17000,1,2000,900,9,2626,0.0,0.6714052793250268,0.6706703994347611,0.7373409867286682,4.748818635940552,27.181126594543457,83.43331527709961,1.3995095213453417,1.6042650830713745,0.6819067471174429,0.1687183317993488,5.2,
TabPFN-V3,0.7,clip,200.0,50.0,50.0,17000,1,2000,900,3,2572,0.0,0.6382413530100645,0.6352142359493068,0.7627882361412048,4.46958327293396,24.050734519958496,104.82844161987305,1.3989497920680842,1.613793070482836,0.6972885023080557,0.14368681075239145,5.3,
TabPFN-V3,0.7,log,0.0,50.0,50.0,17000,1,2000,900,0,2645,0.0,0.681622284304374,0.6806771234776715,0.912905947804922,5.638743000034154,32.4161378091038,168.18324373090155,1.389221794414904,1.5817485445994781,0.6802434939404082,0.6592007226686338,5.1,
TabPFN-V3,0.7,tail_log,50.0,50.0,50.0,17000,1,2000,900,9,2550,0.0,0.6389202414411642,0.6380230584408919,0.7812062501907349,4.532528877258301,24.174235343933105,118.71704352776253,1.4006545808676545,1.6151456175243726,0.7179298972491885,24.07101567225233,5.1,
TabPFN-V3,0.7,evt_trim,0.0,50.0,50.0,17000,1,2000,900,0,188,0.0,-0.2933058284453822,-0.20916657517302675,2.20102596282959,9.394317150115967,15.212916374206543,21.595680236816406,1.5615626886734941,1.7575858649462008,0.9756803871004597,0.6006338407041731,5.2,
TabPFN-V3,0.7,raw,0.0,50.0,50.0,18000,1,2000,900,0,232,0.0,-0.3050892993301652,-0.22720246846431053,1.8163543939590454,6.57551383972168,10.425145149230957,15.136412143707275,1.2273482378773308,1.3056835773416333,0.7175219089969224,0.2776760948695907,5.1,
TabPFN-V3,0.7,robust,0.0,50.0,50.0,18000,1,2000,900,0,232,0.0,-0.30508933656764486,-0.22720256607069425,1.8163538210678234,6.5755139624727095,10.425144094384805,15.136411404188017,1.2273481259064647,1.305683580767551,0.7175219251009417,0.27767610581088953,5.9,
TabPFN-V3,0.7,clip,20.0,50.0,50.0,18000,1,2000,900,21,2670,0.0,0.6452127715768471,0.6436700838021524,0.7425524294376373,4.235433578491211,24.019651412963867,49.16168403625488,1.1062037895412382,1.2364592831679269,0.6038935250251344,0.2486428497752018,6.8,
TabPFN-V3,0.7,clip,50.0,50.0,50.0,18000,1,2000,900,6,2633,0.0,0.6587928264370785,0.6529850991395784,0.7111127376556396,4.217904806137085,24.171875953674316,75.95320892333984,1.1065425936853241,1.2353345012523076,0.6185619338130702,0.15956543445138383,6.7,
TabPFN-V3,0.7,clip,200.0,50.0,50.0,18000,1,2000,900,2,2583,0.0,0.6352732214382599,0.6252628929126166,0.7625498175621033,4.025164842605591,21.99654769897461,83.78140258789062,1.1054016526133281,1.2376656795861376,0.6135316346157672,0.12832319000219222,6.5,
TabPFN-V3,0.7,log,0.0,50.0,50.0,18000,1,2000,900,0,2977,0.0,0.6299494709645984,0.6306812303160949,0.8796137802773056,5.214461808666034,27.798367117780266,121.38121570327309,1.1049746851782434,1.2442143463863347,0.622013191415215,0.17224197350048187,6.8,
TabPFN-V3,0.7,tail_log,50.0,50.0,50.0,18000,1,2000,900,6,2557,0.0,0.6376287908452809,0.6266073893888676,0.7497128248214722,3.92990243434906,21.571659088134766,93.64013791227197,1.105692396100441,1.239169715873139,0.6197655112252929,4.512350341982149,6.8,
TabPFN-V3,0.7,evt_trim,0.0,50.0,50.0,18000,1,2000,900,0,232,0.0,-0.3050892993301652,-0.22720246846431053,1.8163543939590454,6.57551383972168,10.425145149230957,15.136412143707275,1.2273482378773308,1.3056835773416333,0.7175219089969224,0.2776760948695907,7.0,
TabPFN-V3,0.7,raw,0.0,50.0,50.0,19000,1,2000,900,0,146,0.0,-0.3042201529886941,-0.2122275972502683,2.015542984008789,7.970967531204224,12.755739212036133,18.784423828125,1.895587975776632,2.172844459766016,1.4241265204103082,0.8593195252408441,6.6,
TabPFN-V3,0.7,robust,0.0,50.0,50.0,19000,1,2000,900,0,146,0.0,-0.30422037827965936,-0.21222773300842146,2.0155420962967945,7.970967646834973,12.755738291203325,18.784422349148954,1.8955878298374333,2.1728444565650915,1.4241265413922923,0.8593195217232967,6.5,
TabPFN-V3,0.7,clip,20.0,50.0,50.0,19000,1,2000,900,38,2667,0.0,0.613329618516318,0.6213244942177581,0.7313865125179291,4.662077903747559,24.4697322845459,48.64517784118652,1.8004568227587414,2.1740239955355047,1.147263545964445,0.6401122894400564,6.7,
TabPFN-V3,0.7,clip,50.0,50.0,50.0,19000,1,2000,900,16,2618,0.0,0.6636113189431966,0.663151551806184,0.7266319394111633,4.5470664501190186,26.150334358215332,98.60994338989258,1.800081554349636,2.186300554067386,1.0634720934717574,0.46928778437527774,7.3,
TabPFN-V3,0.7,clip,200.0,50.0,50.0,19000,1,2000,900,2,2576,0.0,0.6309003643599065,0.6238381105520376,0.76871058344841,4.529789924621582,23.19900608062744,128.01277923583984,1.7949726036481748,2.190081515426345,1.0928935159288347,0.5151260604557413,6.9,
TabPFN-V3,0.7,log,0.0,50.0,50.0,19000,1,2000,900,0,2569,0.0,0.6878080726019609,0.6874292973393907,0.873825126991181,5.501839539408527,33.351424330365546,202.46656778382348,1.7886643849114152,2.131440661049887,1.085138261385685,0.4643445172591376,6.5,
TabPFN-V3,0.7,tail_log,50.0,50.0,50.0,19000,1,2000,900,16,2498,0.0,0.6448144255475993,0.6384148741954642,0.7561772167682648,4.484964847564697,23.575897216796875,157.18315746749093,1.7976372599574988,2.1914587875897586,1.1185142334468583,605.8386807000219,6.8,
TabPFN-V3,0.7,evt_trim,0.0,50.0,50.0,19000,1,2000,900,0,146,0.0,-0.3042201529886941,-0.2122275972502683,2.015542984008789,7.970967531204224,12.755739212036133,18.784423828125,1.895587975776632,2.172844459766016,1.4241265204103082,0.8593195252408441,6.6,
TabPFN-V3,0.7,raw,0.0,50.0,50.0,20000,1,2000,900,0,113,0.0,-0.3104004795493949,-0.22916062634472267,1.8392013311386108,6.2180750370025635,9.756471157073975,22.828163146972656,1.3996849424448787,1.4595276861933049,0.8443133311607297,0.2450276848622829,6.6,
TabPFN-V3,0.7,robust,0.0,50.0,50.0,20000,1,2000,900,0,113,0.0,-0.3104005945014193,-0.22916065840253838,1.8392013919373713,6.2180750788172325,9.756470592539916,22.828164262115898,1.399684941488681,1.4595276911208916,0.8443133339460034,0.24502767175691403,6.4,
TabPFN-V3,0.7,clip,20.0,50.0,50.0,20000,1,2000,900,23,2673,0.0,0.5672933690214614,0.5771321608958908,0.7355765998363495,4.695106029510498,22.611353874206543,47.33504295349121,1.320948886379196,1.4587129456400956,0.5596459967233378,0.18715823835671708,6.7,
TabPFN-V3,0.7,clip,50.0,50.0,50.0,20000,1,2000,900,10,2622,0.0,0.6243314059463091,0.6257575311721305,0.7284652888774872,4.536369562149048,23.301552772521973,93.25896072387695,1.3206158832912898,1.46712807690443,0.5410873374256945,0.13033178525657232,6.9,
TabPFN-V3,0.7,clip,200.0,50.0,50.0,20000,1,2000,900,1,2572,0.0,0.5861408603847321,0.5915054894591938,0.76396244764328,4.476208686828613,21.503819465637207,112.56401443481445,1.3222623683228774,1.4671912046961517,0.5663474531564575,0.13140255361289557,6.8,
TabPFN-V3,0.7,log,0.0,50.0,50.0,20000,1,2000,900,0,2649,0.0,0.60092899424013,0.606074646976077,0.8957899377481816,5.5177916275194665,27.908509769998346,129.3962657082608,1.3164459854503565,1.4282198845120462,0.5577246476809262,0.18177765741416374,6.6,
TabPFN-V3,0.7,tail_log,50.0,50.0,50.0,20000,1,2000,900,10,2406,0.0,0.5917662248117673,0.5941953762370429,0.730817049741745,4.497924566268921,21.45594024658203,125.05538919146846,1.3207682341781017,1.46543799957342,0.5754741966596848,39.981203911695225,6.6,
TabPFN-V3,0.7,evt_trim,0.0,50.0,50.0,20000,1,2000,900,1,2593,0.0,0.6003724217824726,0.6028049603288556,0.6975153386592865,4.432990312576294,21.20821189880371,100.3157844543457,1.32272270113856,1.4706123325931493,0.5565504015571667,0.13026341390766147,6.1,
TabPFN-V3,0.7,raw,0.0,50.0,50.0,21000,1,2000,900,0,173,0.0,-0.2986350112781455,-0.2131557944700571,2.0374627113342285,8.275959014892578,13.172816753387451,18.912181854248047,2.0170758706954097,2.459817827766019,1.795370172483167,1.4949102610726281,4.9,
TabPFN-V3,0.7,robust,0.0,50.0,50.0,21000,1,2000,900,0,173,0.0,-0.2986348636776928,-0.2131557471098271,2.0374626735258268,8.275958696994524,13.172817465395052,18.91218273230215,2.017075832690962,2.459817810714797,1.7953701855028514,1.494910250304154,5.4,
TabPFN-V3,0.7,clip,20.0,50.0,50.0,21000,1,2000,900,29,2670,0.0,0.5757605543484495,0.5787420380728746,0.7088928520679474,4.355993032455444,21.592185020446777,42.849300384521484,1.8957518901836525,2.454831197787301,1.5451900425757892,1.1088849574348087,5.1,
TabPFN-V3,0.7,clip,50.0,50.0,50.0,21000,1,2000,900,9,2623,0.0,0.6126855925355428,0.6087912554155854,0.7134812772274017,4.24689245223999,22.00620746612549,73.15574645996094,1.8938067236707847,2.4586763741052327,1.5051463173246602,0.7715411046792753,4.7,
TabPFN-V3,0.7,clip,200.0,50.0,50.0,21000,1,2000,900,3,2571,0.0,0.5917499551188458,0.5856359116210497,0.7187644839286804,4.096514940261841,19.334691047668457,80.03426742553711,1.8938724345889422,2.4587541597642377,1.536934596885973,0.7189021078429311,4.9,
TabPFN-V3,0.7,log,0.0,50.0,50.0,21000,1,2000,900,0,3167,0.0,0.6184631088385011,0.6219773224102547,0.8481997814049316,5.239925234235125,27.331904750965776,121.5133389992344,1.8888937990637773,2.421060992364295,1.465493281713659,0.4408832426761855,5.0,
TabPFN-V3,0.7,tail_log,50.0,50.0,50.0,21000,1,2000,900,9,2537,0.0,0.5873598427082891,0.5827455235534927,0.7338207960128784,4.079176902770996,19.455689430236816,89.31591612873018,1.8935803134564109,2.459836826577585,1.5428659828330253,3.1552168015147792,5.3,
TabPFN-V3,0.7,evt_trim,0.0,50.0,50.0,21000,1,2000,900,0,173,0.0,-0.2986350112781455,-0.2131557944700571,2.0374627113342285,8.275959014892578,13.172816753387451,18.912181854248047,2.0170758706954097,2.459817827766019,1.795370172483167,1.4949102610726281,5.3,
TabPFN-V3,0.7,raw,0.0,50.0,50.0,22000,1,2000,900,0,267,0.0,-0.2912347628878723,-0.18282237840386514,2.250091075897217,11.497859001159668,19.03409481048584,27.053831100463867,1.7755349792273707,2.108761878046262,1.1434458673697625,0.803455816118348,5.2,
TabPFN-V3,0.7,robust,0.0,50.0,50.0,22000,1,2000,900,0,267,0.0,-0.2912346680818396,-0.18282247043018465,2.250092214015727,11.49786089536889,19.03409726245247,27.053830637501996,1.7755352210863915,2.1087619546111895,1.1434458169613748,0.8034558143455366,5.1,
TabPFN-V3,0.7,clip,20.0,50.0,50.0,22000,1,2000,900,29,2671,0.0,0.6068214164063092,0.6052024622419241,0.8257240653038025,4.693146228790283,25.827420234680176,49.64542198181152,1.575886760162641,1.923486165583915,1.0238428119011571,0.5232582123401043,6.0,
TabPFN-V3,0.7,clip,50.0,50.0,50.0,22000,1,2000,900,11,2626,0.0,0.6729172400268936,0.6638531288321028,0.8829064965248108,4.683990001678467,27.323936462402344,98.2089614868164,1.5759111426167203,1.9247333101823354,0.9875479399824711,0.29578932994348567,6.7,
TabPFN-V3,0.7,clip,200.0,50.0,50.0,22000,1,2000,900,2,2575,0.0,0.6196529154004444,0.6100885969233207,0.8754453361034393,4.563534259796143,23.452835083007812,115.52358627319336,1.5747868058430392,1.9327342769976035,1.041951781266326,0.2696950179435713,6.6,
TabPFN-V3,0.7,log,0.0,50.0,50.0,22000,1,2000,900,0,2844,0.0,0.6808034906109992,0.6739695621505042,0.9874859904125692,5.696513634556268,32.64911633788719,183.9163209972526,1.5768020321627487,1.9038276600640784,0.9780774540321924,0.34500589150452343,6.9,
TabPFN-V3,0.7,tail_log,50.0,50.0,50.0,22000,1,2000,900,11,2558,0.0,0.6261054311539055,0.6133352105400446,0.917933315038681,4.675522804260254,23.760278701782227,155.77859871213633,1.576848370744464,1.9347338669410747,1.0627386343500729,6000.307052737438,6.5,
TabPFN-V3,0.7,evt_trim,0.0,50.0,50.0,22000,1,2000,900,0,267,0.0,-0.2912347628878723,-0.18282237840386514,2.250091075897217,11.497859001159668,19.03409481048584,27.053831100463867,1.7755349792273707,2.108761878046262,1.1434458673697625,0.803455816118348,6.8,
TabPFN-V3,0.7,raw,0.0,50.0,49.99999999999999,23000,1,2000,900,0,292,0.0,-0.29636192464666716,-0.12854860830305148,1.1526837348937988,16.359859466552734,28.644463539123535,41.340110778808594,1.5753559970989515,2.4593574328847834,1.1474816883927006,0.7775803345744915,6.6,
TabPFN-V3,0.7,robust,0.0,50.0,49.99999999999999,23000,1,2000,900,0,292,0.0,-0.2963619028975997,-0.12854863655750795,1.152686262590227,16.359862295389735,28.644466725920008,41.34011263996957,1.5753560651340002,2.459357560912723,1.147481668913506,0.7775803067744456,6.6,
TabPFN-V3,0.7,clip,20.0,50.0,49.99999999999999,23000,1,2000,900,30,2674,0.0,0.5654648108871574,0.5733496418945969,0.7748288810253143,4.664199590682983,22.78855800628662,49.64081954956055,1.483074384866751,1.839437546718386,1.0888741156417465,0.6861658470791321,6.6,
TabPFN-V3,0.7,clip,50.0,50.0,49.99999999999999,23000,1,2000,900,9,2629,0.0,0.5968832826114435,0.5988411411412484,0.7462704181671143,4.547690153121948,22.52267074584961,77.86238479614258,1.481958378075743,1.84180217711762,1.0412925188083948,0.5298343295972707,6.5,
TabPFN-V3,0.7,clip,200.0,50.0,49.99999999999999,23000,1,2000,900,2,2578,0.0,0.5748703713755485,0.5704060475902243,0.7842311859130859,4.350217819213867,19.610048294067383,104.65254592895508,1.483098656931317,1.8458766352329246,1.074315470057923,0.5319953011487419,6.8,
TabPFN-V3,0.7,log,0.0,50.0,49.99999999999999,23000,1,2000,900,0,3161,0.0,0.604078917361637,0.608314296146551,0.9005842577783647,5.49358315234483,27.89279450350982,130.5095586058908,1.4821733099185173,1.8418846215130598,1.0447931985544923,0.6483416031139072,6.5,
TabPFN-V3,0.7,tail_log,50.0,50.0,49.99999999999999,23000,1,2000,900,9,2561,0.0,0.5656309891591064,0.561853425525405,0.830984503030777,4.5056798458099365,19.932621002197266,112.15020109635975,1.4847449448688748,1.8505236750817822,1.1103933649330675,3833.4029096392787,6.6,
TabPFN-V3,0.7,evt_trim,0.0,50.0,49.99999999999999,23000,1,2000,900,0,292,0.0,-0.29636192464666716,-0.12854860830305148,1.1526837348937988,16.359859466552734,28.644463539123535,41.340110778808594,1.5753559970989515,2.4593574328847834,1.1474816883927006,0.7775803345744915,6.3,
TabPFN-V3,0.7,raw,0.0,50.0,50.00000000000001,24000,1,2000,900,0,199,0.0,-0.3036577832697381,-0.22567066194944196,1.8613241910934448,6.803220272064209,10.784344673156738,15.651180267333984,1.8720485504411286,2.303233878221732,1.700619011364249,0.8745543630999393,6.3,
TabPFN-V3,0.7,robust,0.0,50.0,50.00000000000001,24000,1,2000,900,0,199,0.0,-0.3036576621943358,-0.22567066349644194,1.8613249146557824,6.803221021551023,10.784345661380556,15.651181201696726,1.8720486844409343,2.303233891145971,1.7006189892893866,0.8745543626988549,6.9,
TabPFN-V3,0.7,clip,20.0,50.0,50.00000000000001,24000,1,2000,900,29,2669,0.0,0.5983205094284665,0.5955557441360446,0.7693570554256439,4.488178014755249,23.2237491607666,46.34743881225586,1.7536367969856665,2.2252874516320036,1.4075516905890433,0.9475311725434816,6.6,
TabPFN-V3,0.7,clip,50.0,50.0,50.00000000000001,24000,1,2000,900,9,2622,0.0,0.6641466440348317,0.6522336106798965,0.8250527679920197,4.519244909286499,24.568781852722168,88.44087600708008,1.7534200509585167,2.2323518424766347,1.3204969387123529,0.5281221124212444,6.6,
TabPFN-V3,0.7,clip,200.0,50.0,50.00000000000001,24000,1,2000,900,2,2578,0.0,0.6335046275139784,0.6213201800165634,0.7938269674777985,4.287274599075317,21.918326377868652,107.18938064575195,1.754565909267868,2.244897600790996,1.3157738298633903,0.34737232144474217,6.6,
TabPFN-V3,0.7,log,0.0,50.0,50.00000000000001,24000,1,2000,900,0,2520,0.0,0.6557757108392274,0.6505040551213708,0.9250904371417372,5.42644975781375,29.437544218919726,150.43861758142333,1.7524491790958292,2.195533237312129,1.2764842320702023,0.22851876765944837,7.0,
TabPFN-V3,0.7,tail_log,50.0,50.0,50.00000000000001,24000,1,2000,900,9,2542,0.0,0.6309377954608796,0.617747842180733,0.8170363008975983,4.368944406509399,21.58435821533203,128.16647281971555,1.7539224969370213,2.2396669152449147,1.3512411139019185,48.31957847606142,6.7,
TabPFN-V3,0.7,evt_trim,0.0,50.0,50.00000000000001,24000,1,2000,900,0,199,0.0,-0.3036577832697381,-0.22567066194944196,1.8613241910934448,6.803220272064209,10.784344673156738,15.651180267333984,1.8720485504411286,2.303233878221732,1.700619011364249,0.8745543630999393,6.4,
TabPFN-V3,0.7,raw,0.0,50.0,50.00000000000001,25000,1,2000,900,0,261,0.0,-0.2915467369817892,-0.1325461779776917,2.1802923679351807,22.84087371826172,39.70753860473633,57.4406623840332,1.9451852306574768,2.9045212242429597,1.085419774125878,0.5963781368248194,6.7,
TabPFN-V3,0.7,robust,0.0,50.0,50.00000000000001,25000,1,2000,900,0,261,0.0,-0.2915465599301357,-0.1325459779390004,2.1802930048074467,22.84086855819479,39.70753560199287,57.440664179674684,1.9451852275629922,2.904520896756204,1.0854197843809243,0.5963781406419106,5.1,
TabPFN-V3,0.7,clip,20.0,50.0,50.00000000000001,25000,1,2000,900,32,2670,0.0,0.6688775342731765,0.6651681452275735,0.7461470365524292,4.5824196338653564,27.65998077392578,49.15472412109375,1.6702257955805944,2.0131637099308257,1.1018902679898879,0.6517256564734055,5.2,
TabPFN-V3,0.7,clip,50.0,50.0,50.00000000000001,25000,1,2000,900,9,2632,0.0,0.7208984874724578,0.7070403504129411,0.744978278875351,4.493289232254028,29.692570686340332,83.53218841552734,1.6680725418083906,2.0181923838885325,1.0330487068745509,0.3027942758229134,5.1,
TabPFN-V3,0.7,clip,200.0,50.0,50.00000000000001,25000,1,2000,900,3,2575,0.0,0.682940577195358,0.6689355942313341,0.7948009073734283,4.401281118392944,26.306879997253418,110.87783432006836,1.6655772932866433,2.023870047827853,1.0529376441385776,0.13532330841238283,5.0,
TabPFN-V3,0.7,log,0.0,50.0,50.00000000000001,25000,1,2000,900,0,2930,0.0,0.7050653582732936,0.7011872938465892,0.9242597011416626,5.689926651388305,34.68606437450602,187.16503782230035,1.6593279478316605,1.9943558382346322,0.9528590384318394,0.3170973464928948,5.1,
TabPFN-V3,0.7,tail_log,50.0,50.0,50.00000000000001,25000,1,2000,900,9,2558,0.0,0.687626017604866,0.6765203138311937,0.8015743494033813,4.524425268173218,25.595487594604492,134.41011438971674,1.6701232569988995,2.023770156791788,1.072056632042398,12003.83121072934,5.1,
TabPFN-V3,0.7,evt_trim,0.0,50.0,50.00000000000001,25000,1,2000,900,0,261,0.0,-0.2915467369817892,-0.1325461779776917,2.1802923679351807,22.84087371826172,39.70753860473633,57.4406623840332,1.9451852306574768,2.9045212242429597,1.085419774125878,0.5963781368248194,5.1,
TabPFN-V3,0.7,raw,0.0,50.0,49.99999999999999,26000,1,2000,900,0,140,0.0,-0.3082332692371386,-0.2512066929705368,1.8797019720077515,5.704229354858398,8.693970203399658,122.50446701049805,1.7084916086737283,1.992727690464188,1.3877868106312345,0.3460297278895105,5.2,
TabPFN-V3,0.7,robust,0.0,50.0,49.99999999999999,26000,1,2000,900,0,140,0.0,-0.3082332825882649,-0.2512067607122444,1.8797019912307271,5.704229829788158,8.693970636646384,122.50445113018685,1.7084916236977343,1.992727688184953,1.3877868009147858,0.346029744762145,5.0,
TabPFN-V3,0.7,clip,20.0,50.0,49.99999999999999,26000,1,2000,900,26,2667,0.0,0.6535773905187712,0.6466837531457363,0.7452473640441895,4.308233022689819,24.25662899017334,45.57268714904785,1.6335114567946512,1.909992550248074,1.0086325043748054,0.5436636309050337,5.1,
TabPFN-V3,0.7,clip,50.0,50.0,49.99999999999999,26000,1,2000,900,6,2630,0.0,0.6937332601312056,0.6821530982755295,0.7395273745059967,4.219698667526245,25.64004611968994,78.93315124511719,1.631123842809918,1.917586517849283,0.9507987830692682,0.3563863430410963,6.3,
TabPFN-V3,0.7,clip,200.0,50.0,49.99999999999999,26000,1,2000,900,1,2585,0.0,0.6738576603105263,0.6629159933930169,0.7492128610610962,4.166050910949707,24.282365798950195,98.09488296508789,1.6339818438840585,1.93126072290676,0.9278907903248225,0.2556121160467768,6.4,
TabPFN-V3,0.7,log,0.0,50.0,49.99999999999999,26000,1,2000,900,0,2917,0.0,0.6453962003761534,0.6416518335697873,0.889251696699422,5.1714366813859485,28.442779449746133,134.9392263349327,1.6229110412876575,1.8650488674178132,0.9287062901493328,0.2952207214037734,6.8,
TabPFN-V3,0.7,tail_log,50.0,50.0,49.99999999999999,26000,1,2000,900,6,2484,0.0,0.6845974942601821,0.6703825994250849,0.7264037132263184,4.2126994132995605,24.642163276672363,110.53777264299094,1.6339005855222344,1.9259256063569954,0.9388027084449678,0.7533744123803561,7.1,
TabPFN-V3,0.7,evt_trim,0.0,50.0,49.99999999999999,26000,1,2000,900,0,140,0.0,-0.3082332692371386,-0.2512066929705368,1.8797019720077515,5.704229354858398,8.693970203399658,122.50446701049805,1.7084916086737283,1.992727690464188,1.3877868106312345,0.3460297278895105,7.0,
TabPFN-V3,0.9,log,0.0,1.0,1.0,7000,1,2000,900,0,3279,0.0,0.806659572092381,0.8130632295629854,0.9703549197827872,7.6936175408589875,58.202535742101176,352.6935064510192,2.175599494993073,2.7980080490145025,1.3733642435266822,0.5210187264383744,6.8,
TabPFN-V3,0.9,tail_log,50.0,1.0,1.0,7000,1,2000,900,12,2581,0.0,0.8439849657146453,0.836259317596035,0.8340812623500824,5.729319095611572,46.010000228881836,297.7508689674262,2.1796937084364103,2.8513799878887425,1.4087259317131864,7.104514329306211,6.8,
TabPFN-V3,0.9,evt_trim,0.0,1.0,1.0,7000,1,2000,900,0,2561,0.0,0.8285715545312193,0.8116695494993574,0.9447963237762451,5.978227376937866,42.9549674987793,253.0494613647461,2.1791882041324078,2.8487041282370873,1.4115765203463826,0.27491318503624973,6.8,
TabPFN-V3,0.9,log,0.0,1.0,1.0,8000,1,2000,900,0,2859,0.0,0.8019201997480354,0.8018953243274137,1.057446763351543,7.436903906671725,54.74274566030494,369.6335334760957,2.5798216966026786,3.6474002323642014,2.110052021710035,1.0171511400646027,6.4,
TabPFN-V3,0.9,tail_log,50.0,1.0,1.0,8000,1,2000,900,22,2576,0.0,0.7186565315915127,0.712291097664307,0.9657357335090637,5.7614829540252686,35.152915954589844,245.45216466777572,2.575178925441576,3.6575358103365114,2.323694173868104,8625.272837596303,6.7,
TabPFN-V3,0.9,evt_trim,0.0,1.0,1.0,8000,1,2000,900,0,2511,0.0,0.7758151146463664,0.7209664107391953,1.3204218745231628,4.354753494262695,35.42773628234863,153.99872589111328,2.60829992871581,3.76254080548606,2.2820937780112103,1.1491605027821712,6.5,
TabPFN-V3,0.9,log,0.0,1.0,1.0,9000,1,2000,900,0,3262,0.0,0.8735901047791429,0.8709316917199736,0.9209919630689338,6.946928865791371,58.40859607204534,475.63848037493835,2.3777460854620913,3.3408915539635906,1.9262462016924469,0.6800712815273287,7.3,
TabPFN-V3,0.9,tail_log,50.0,1.0,1.0,9000,1,2000,900,17,2573,0.0,0.8548651434278727,0.8399624632126491,0.8390921056270599,4.845445156097412,40.59814262390137,231.8560594493386,2.377366992778808,3.350277584143518,2.1378459096668867,1667.669869150284,7.2,
TabPFN-V3,0.9,evt_trim,0.0,1.0,1.0,9000,1,2000,900,0,2508,0.0,0.8009088459420346,0.7543443719325968,1.1033580899238586,7.155218839645386,54.70661926269531,214.4954605102539,2.408347099473267,3.367146496119298,1.9282932697214261,0.32347529828064187,6.7,
TabPFN-V3,0.9,log,0.0,1.0,1.0,10000,1,2000,900,0,3401,0.0,0.890404183512369,0.8814994852362737,0.8677750257253429,6.033328443808516,53.016843648684635,449.8579751489425,2.397172920842462,3.299749864140227,1.8380607997596052,1.2726604323672868,6.6,
TabPFN-V3,0.9,tail_log,50.0,1.0,1.0,10000,1,2000,900,26,2579,0.0,0.8905401133551064,0.8708536949501775,0.7851748168468475,4.605377674102783,40.658830642700195,263.06617577806776,2.401470999906704,3.3308115312930027,1.9995306934537036,14934.952655078494,6.6,
TabPFN-V3,0.9,evt_trim,0.0,1.0,1.0,10000,1,2000,900,0,2531,0.0,0.8038255375804673,0.7620184264254728,1.0816138982772827,7.2392120361328125,34.178916931152344,183.8591079711914,2.407592375018899,3.323302256751967,2.0308700712070817,0.7812271361099178,6.7,
TabPFN-V3,0.9,log,0.0,1.0,1.0,11000,1,2000,900,0,2396,0.0,0.7434102515074769,0.7570491510642514,0.9707105375872815,8.007734541881044,54.21570948191501,263.7966410219252,4.413603987730463,6.674410232468079,4.849297426110343,2.3026421161430544,6.6,
TabPFN-V3,0.9,tail_log,50.0,1.0,1.0,11000,1,2000,900,14,2585,0.0,0.7542870310365279,0.75582433551716,0.8603982925415039,5.862241744995117,39.79896545410156,175.03631514435682,4.426690374139963,6.739501191222513,5.0869801764451825,9.592874996708483,6.4,
TabPFN-V3,0.9,evt_trim,0.0,1.0,1.0,11000,1,2000,900,0,2560,0.0,0.7413703396091792,0.7367436592290066,0.9366180896759033,5.90512228012085,37.2238655090332,190.5272674560547,4.424459801587494,6.745236547619409,5.127461056196998,2.9543625987066995,6.7,
TabPFN-V3,0.9,raw,0.0,1.0,1.0,12000,1,2000,900,0,2509,0.0,0.3899296315389015,0.2963430095195038,2.097439169883728,5.940838575363159,18.125447273254395,173.06800079345703,4.479659832575503,6.7655729112625025,5.496170959784809,3.448648474049382,6.6,
TabPFN-V3,0.9,robust,0.0,1.0,1.0,12000,1,2000,900,0,2509,0.0,0.38992962518808744,0.29634306652624687,2.097438278661397,5.9408379459726,18.125446483330542,173.06799956179307,4.479659644307073,6.765572919295867,5.496170983489984,3.448648461859468,6.6,
TabPFN-V3,0.9,clip,20.0,1.0,1.0,12000,1,2000,900,42,2665,0.0,0.6767129732368046,0.6917300041916388,0.8496389389038086,6.444307088851929,38.28742599487305,60.82824516296387,4.349037035179693,6.715551065685695,5.754962326193294,5.001247106174788,5.4,
TabPFN-V3,0.9,clip,50.0,1.0,1.0,12000,1,2000,900,11,2626,0.0,0.7989751359334655,0.7963026736752418,0.8397009968757629,6.163441896438599,46.011444091796875,129.7951889038086,4.348494097072099,6.7314690260224275,5.391943547872797,3.91059915703448,5.2,
TabPFN-V3,0.9,clip,200.0,1.0,1.0,12000,1,2000,900,3,2582,0.0,0.7832696362501984,0.7756721970029545,0.9067501425743103,5.897532224655151,42.58584785461426,173.9364242553711,4.347942471404309,6.739137576194201,5.333370273717221,3.535486673155022,5.1,
TabPFN-V3,0.9,log,0.0,1.0,1.0,12000,1,2000,900,0,2963,0.0,0.7570374199641874,0.7635239416482015,1.051085551475882,7.9142527790268815,55.63589746587782,299.2494465272903,4.350033153420664,6.708196718514898,5.195275606806094,1.8663179137289179,5.4,
TabPFN-V3,0.9,tail_log,50.0,1.0,1.0,12000,1,2000,900,11,2568,0.0,0.7752852671521095,0.7689060927697025,0.8918300569057465,5.881476402282715,41.692264556884766,212.8649731828075,4.347470549471775,6.740155653212785,5.320686850635964,2.1939474525733735,5.2,
TabPFN-V3,0.9,evt_trim,0.0,1.0,1.0,12000,1,2000,900,2,2563,0.0,0.7674244931626308,0.7593752046419558,0.9578070640563965,6.02778172492981,40.34033966064453,187.71332550048828,4.348750214659991,6.74638543721582,5.378269182954531,3.2957949031609233,5.0,
TabPFN-V3,0.9,raw,0.0,1.0,1.0,13000,1,2000,900,0,2578,0.0,0.7437769342772155,0.7404351042127705,0.8035381734371185,4.961268186569214,33.12784385681152,127.51530456542969,3.1524800022476303,4.633639944377159,3.505936843700665,2.1552343009917267,5.4,
TabPFN-V3,0.9,robust,0.0,1.0,1.0,13000,1,2000,900,0,2578,0.0,0.7437769253650122,0.7404350503729672,0.8035386472364663,4.961268537409006,33.12784558532974,127.51530468072065,3.1524799936412093,4.633639926853323,3.505936869804565,2.1552342439083105,5.3,
TabPFN-V3,0.9,clip,20.0,1.0,1.0,13000,1,2000,900,38,2662,0.0,0.7008986646943276,0.707445190589669,0.7197147905826569,5.290719509124756,33.94366455078125,56.099504470825195,3.150389336115457,4.598103836456987,3.54654529356399,2.9753333739260404,5.0,
TabPFN-V3,0.9,clip,50.0,1.0,1.0,13000,1,2000,900,17,2620,0.0,0.7607717014256565,0.7580500244639093,0.7231036126613617,5.136732578277588,36.706382751464844,104.86169815063477,3.150165792877706,4.620080431809232,3.493580368842801,2.418699682889547,5.0,
TabPFN-V3,0.9,clip,200.0,1.0,1.0,13000,1,2000,900,1,2580,0.0,0.7426564900831115,0.7389177585418352,0.7851859033107758,4.972028970718384,33.5609130859375,130.65032958984375,3.1523471742953277,4.6333867578565275,3.501206201879969,2.1665234092744514,5.2,
TabPFN-V3,0.9,log,0.0,1.0,1.0,13000,1,2000,900,0,2365,0.0,0.7121621805371084,0.7196888922503598,0.9276743984564984,6.579045732367,41.96509238266947,182.8839964825528,3.1455197218413447,4.552742713585679,3.4386383360241624,1.6616187407411795,7.1,
TabPFN-V3,0.9,tail_log,50.0,1.0,1.0,13000,1,2000,900,17,2591,0.0,0.7605883880586468,0.7593483895572873,0.7286902666091919,4.865725994110107,33.60329627990723,141.9774872193554,3.1534864928257402,4.636940400033749,3.5072532169417623,15.732632254892783,6.8,
TabPFN-V3,0.9,evt_trim,0.0,1.0,1.0,13000,1,2000,900,0,2578,0.0,0.7437769342772155,0.7404351042127705,0.8035381734371185,4.961268186569214,33.12784385681152,127.51530456542969,3.1524800022476303,4.633639944377159,3.505936843700665,2.1552343009917267,6.5,
TabPFN-V3,0.9,raw,0.0,1.0,1.0,14000,1,2000,900,0,2543,0.0,0.7368689033151634,0.7287225316269689,0.8959589004516602,5.444762706756592,38.193153381347656,143.74947357177734,2.994302749331875,4.379801792326186,3.060732710707408,1.387761765320247,6.9,
TabPFN-V3,0.9,robust,0.0,1.0,1.0,14000,1,2000,900,0,2543,0.0,0.736868877739973,0.7287224693463317,0.8959589837385018,5.444762953394365,38.193153227806164,143.74946521135388,2.9943027518662126,4.379801787866377,3.060732698104543,1.38776182932762,6.6,
TabPFN-V3,0.9,clip,20.0,1.0,1.0,14000,1,2000,900,44,2665,0.0,0.6756139503098201,0.690569609771238,0.7001525163650513,5.721876859664917,34.79279899597168,52.48261070251465,2.99734751156684,4.345064107054178,3.1551901710993895,2.664985057690001,6.6,
TabPFN-V3,0.9,clip,50.0,1.0,1.0,14000,1,2000,900,12,2626,0.0,0.8322687270815285,0.8314030320833532,0.6813460290431976,5.328506231307983,43.34124755859375,117.99443054199219,2.997572897627581,4.3686964585745764,3.073044796669423,2.168385961307445,6.5,
TabPFN-V3,0.9,clip,200.0,1.0,1.0,14000,1,2000,900,5,2575,0.0,0.8079881476488681,0.8025490105795272,0.7654755115509033,5.18924617767334,41.40103530883789,164.95233917236328,2.9967916523766647,4.387454765842804,3.0620181737141783,1.8164541677741997,6.6,
TabPFN-V3,0.9,log,0.0,1.0,1.0,14000,1,2000,900,0,3055,0.0,0.7804870360732916,0.7860096768845104,0.8911540987071345,6.8484518784069035,49.96414585764291,279.91986580852574,2.984882536807368,4.295619881491291,3.0008099782177284,0.806470668956423,6.5,
TabPFN-V3,0.9,tail_log,50.0,1.0,1.0,14000,1,2000,900,12,2585,0.0,0.8074434187361502,0.804408420416082,0.7582521140575409,5.406760931015015,43.26420021057129,185.2285772925556,2.9964020940124994,4.375500356919245,3.0533507233339154,1.3926185203308372,6.3,
TabPFN-V3,0.9,evt_trim,0.0,1.0,1.0,14000,1,2000,900,0,2543,0.0,0.7368689033151634,0.7287225316269689,0.8959589004516602,5.444762706756592,38.193153381347656,143.74947357177734,2.994302749331875,4.379801792326186,3.060732710707408,1.387761765320247,6.8,
TabPFN-V3,0.9,raw,0.0,1.0,1.0,15000,1,2000,900,0,2535,0.0,0.819020731764303,0.793900467061463,1.097481608390808,7.751316785812378,36.77490234375,274.4966735839844,4.80570059609464,7.313973185634654,5.630287891532323,3.7868228595610427,6.7,
TabPFN-V3,0.9,robust,0.0,1.0,1.0,15000,1,2000,900,0,2535,0.0,0.819020736383944,0.7939005076587378,1.097481504534396,7.7513167613953975,36.77490213853321,274.4966853417636,4.805700589607193,7.313973186752757,5.630287878087686,3.7868227730020014,7.3,
TabPFN-V3,0.9,clip,20.0,1.0,1.0,15000,1,2000,900,50,2665,0.0,0.703995651379518,0.7179673756571155,0.7295447289943695,5.797608852386475,36.0817985534668,56.10369873046875,4.819208684903709,7.284036546117849,6.069076730376294,5.2941523073330625,7.0,
TabPFN-V3,0.9,clip,50.0,1.0,1.0,15000,1,2000,900,25,2620,0.0,0.8792035908692744,0.8710521668294195,0.7423468828201294,5.327723979949951,48.03524398803711,137.04833984375,4.8197643683661715,7.34538154483826,5.528491827616435,4.1933212498425885,6.5,
TabPFN-V3,0.9,clip,200.0,1.0,1.0,15000,1,2000,900,6,2572,0.0,0.8628737468269727,0.8499414029547155,0.8291851282119751,5.01465106010437,41.34212875366211,261.0019989013672,4.814590621965659,7.361785284122341,5.564988270050956,3.870680272221428,6.7,
TabPFN-V3,0.9,log,0.0,1.0,1.0,15000,1,2000,900,0,3040,0.0,0.9189914653915069,0.9133381871366099,0.9294309391872413,7.009806902959101,64.58649128234818,558.8230331903587,4.803668378942592,7.204511167317901,5.3454648782806,2.8912141154819793,6.6,
TabPFN-V3,0.9,tail_log,50.0,1.0,1.0,15000,1,2000,900,25,2575,0.0,0.8667142794263567,0.8553709392699959,0.831751823425293,5.322985649108887,42.95419883728027,434.5789060397517,4.815235533435858,7.35590337217004,5.591026675956282,345.7138256373552,6.7,
TabPFN-V3,0.9,evt_trim,0.0,1.0,1.0,15000,1,2000,900,0,2535,0.0,0.819020731764303,0.793900467061463,1.097481608390808,7.751316785812378,36.77490234375,274.4966735839844,4.80570059609464,7.313973185634654,5.630287891532323,3.7868228595610427,6.7,
TabPFN-V3,0.9,raw,0.0,1.0,1.0,16000,1,2000,900,0,2567,0.0,0.8854666945883489,0.8685600983947426,0.8824895620346069,5.048123359680176,45.90687370300293,216.52739715576172,2.2289583986141173,2.940918313984502,1.4168249392144665,0.2436975023557606,6.7,
TabPFN-V3,0.9,robust,0.0,1.0,1.0,16000,1,2000,900,0,2567,0.0,0.8854666310734279,0.8685600609519136,0.882489290415627,5.048123164147432,45.906874754919556,216.52738459889747,2.2289584011877555,2.9409183149548506,1.4168249236068353,0.2436975022572717,6.6,
TabPFN-V3,0.9,clip,20.0,1.0,1.0,16000,1,2000,900,53,2657,0.0,0.7949199855216671,0.7963405773813546,0.7603944540023804,5.657433271408081,42.94546699523926,64.9136734008789,2.232782315259094,2.908580259014452,1.5949675108322088,0.995443347206919,6.8,
TabPFN-V3,0.9,clip,50.0,1.0,1.0,16000,1,2000,900,16,2616,0.0,0.9097729804786193,0.8983550135593174,0.8075710833072662,5.458745956420898,54.768062591552734,147.8415985107422,2.2300624007301977,2.9307423822858163,1.4204203051298292,0.30303843218101467,5.1,
TabPFN-V3,0.9,clip,200.0,1.0,1.0,16000,1,2000,900,1,2579,0.0,0.8863460694978201,0.8699000981150729,0.8983203172683716,5.2612059116363525,48.668190002441406,209.1900634765625,2.227922921855898,2.9397082346426053,1.404240331386144,0.23254278123132346,5.3,
TabPFN-V3,0.9,log,0.0,1.0,1.0,16000,1,2000,900,0,2761,0.0,0.8448137228927937,0.8435733060895397,1.0061199090121817,7.429397506478173,61.34836909461976,372.3841225553134,2.2229894723354207,2.895720923329438,1.3760909013129732,0.4959587109210611,5.2,
TabPFN-V3,0.9,tail_log,50.0,1.0,1.0,16000,1,2000,900,16,2590,0.0,0.884774222906491,0.8751393810747475,0.802482396364212,5.4293248653411865,48.87508964538574,226.99097993745278,2.232531635319213,2.937875025236684,1.4089356455913493,29.428786101818922,5.1,
TabPFN-V3,0.9,evt_trim,0.0,1.0,1.0,16000,1,2000,900,0,2567,0.0,0.8854666945883489,0.8685600983947426,0.8824895620346069,5.048123359680176,45.90687370300293,216.52739715576172,2.2289583986141173,2.940918313984502,1.4168249392144665,0.2436975023557606,5.2,
TabPFN-V3,0.9,raw,0.0,1.0,1.0,17000,1,2000,900,0,2534,0.0,0.7652996200426541,0.7575212750322488,1.0406994819641113,6.803213357925415,41.28608703613281,193.53670501708984,2.368622190536192,3.1739395501460446,1.7385966076661796,0.4629486534771719,5.1,
TabPFN-V3,0.9,robust,0.0,1.0,1.0,17000,1,2000,900,0,2534,0.0,0.7652996363884847,0.7575212653872023,1.0406993663310453,6.803213451987645,41.2860877551544,193.53669357654394,2.368622193397821,3.173939548038217,1.7385965959875798,0.46294866341685614,5.2,
TabPFN-V3,0.9,clip,20.0,1.0,1.0,17000,1,2000,900,46,2665,0.0,0.6855761810930495,0.70225384985179,0.7379158735275269,6.218144655227661,37.834434509277344,64.04500961303711,2.36741756620682,3.1232056938632353,1.9708376466463966,1.3359064679594423,5.3,
TabPFN-V3,0.9,clip,50.0,1.0,1.0,17000,1,2000,900,15,2622,0.0,0.8497404110072486,0.8495105821494428,0.7684085667133331,5.94504714012146,48.51095771789551,138.58196258544922,2.367198189646115,3.1373094415715177,1.7548807537498772,0.701615783317371,5.1,
TabPFN-V3,0.9,clip,200.0,1.0,1.0,17000,1,2000,900,4,2573,0.0,0.8082315920684685,0.8013061972188896,0.8480774462223053,5.504675626754761,40.94004249572754,211.21773529052734,2.366400052126796,3.1504992205269406,1.705833927939753,0.4561197633097077,5.0,
TabPFN-V3,0.9,log,0.0,1.0,1.0,17000,1,2000,900,0,2734,0.0,0.8512997076022756,0.8531788677544799,0.9880148339427901,7.504421347668796,60.63683343032838,423.00632144089616,2.351574354327886,3.088323708688662,1.6559228162206905,0.7337546943543639,5.5,
TabPFN-V3,0.9,tail_log,50.0,1.0,1.0,17000,1,2000,900,15,2580,0.0,0.8177487672008723,0.81345217657299,0.847818523645401,5.869908332824707,44.4458065032959,224.59022593478656,2.366974632618956,3.1458780860639703,1.7057506739062092,104.048804003664,6.6,
TabPFN-V3,0.9,evt_trim,0.0,1.0,1.0,17000,1,2000,900,0,2534,0.0,0.7652996200426541,0.7575212750322488,1.0406994819641113,6.803213357925415,41.28608703613281,193.53670501708984,2.368622190536192,3.1739395501460446,1.7385966076661796,0.4629486534771719,6.9,
TabPFN-V3,0.9,raw,0.0,1.0,1.0,18000,1,2000,900,0,2546,0.0,0.7552856550918199,0.745222110243464,0.9696381390094757,5.422523736953735,36.037784576416016,169.9872055053711,1.8473029131259393,2.416428585305619,1.5066008805035487,0.5301538084273137,6.6,
TabPFN-V3,0.9,robust,0.0,1.0,1.0,18000,1,2000,900,0,2546,0.0,0.7552856137973035,0.745222130806334,0.9696378754554551,5.422523626992761,36.037786240705074,169.98720511491774,1.8473029168790736,2.416428583689283,1.5066008676229956,0.5301538251468013,6.5,
TabPFN-V3,0.9,clip,20.0,1.0,1.0,18000,1,2000,900,40,2665,0.0,0.7567935865954041,0.763446836197445,0.7253762185573578,5.3292646408081055,36.195730209350586,58.50915336608887,1.8483958455165004,2.41483605458013,1.487586567804508,0.9641032846020372,6.6,
TabPFN-V3,0.9,clip,50.0,1.0,1.0,18000,1,2000,900,15,2624,0.0,0.8459791557692112,0.8373002343006973,0.7418437898159027,5.104259967803955,42.61713409423828,120.56163787841797,1.8488698559312342,2.4148023001236147,1.5088059353430008,0.6011196110396185,6.3,
TabPFN-V3,0.9,clip,200.0,1.0,1.0,18000,1,2000,900,2,2582,0.0,0.8043049981360282,0.7937034199735413,0.8340112566947937,5.083159446716309,37.720252990722656,150.7460708618164,1.847392186246528,2.4180825362018488,1.5191201865698498,0.5102880423131849,7.1,
TabPFN-V3,0.9,log,0.0,1.0,1.0,18000,1,2000,900,0,3059,0.0,0.7784683738428597,0.7814794106169418,0.9438618354551356,6.827139410995164,48.21358699284424,278.1350185594978,1.845694707741426,2.426526610269985,1.524091213966249,0.4661922080112605,7.2,
TabPFN-V3,0.9,tail_log,50.0,1.0,1.0,18000,1,2000,900,15,2591,0.0,0.8061322382486059,0.8008222980277704,0.7392214834690094,5.050535440444946,38.95710372924805,163.07321882001608,1.8499296785359698,2.4137836067489524,1.5285246682021294,1.7096298506939402,7.2,
TabPFN-V3,0.9,evt_trim,0.0,1.0,1.0,18000,1,2000,900,0,2546,0.0,0.7552856550918199,0.745222110243464,0.9696381390094757,5.422523736953735,36.037784576416016,169.9872055053711,1.8473029131259393,2.416428585305619,1.5066008805035487,0.5301538084273137,6.7,
TabPFN-V3,0.9,raw,0.0,1.0,1.0,19000,1,2000,900,0,2545,0.0,0.7135394436945335,0.7070768933619961,1.085701823234558,7.083231449127197,37.678117752075195,311.9294738769531,3.4685925410086353,4.9389560581199525,3.352172554122738,1.9982719641951547,6.5,
TabPFN-V3,0.9,robust,0.0,1.0,1.0,19000,1,2000,900,0,2545,0.0,0.7135394818084763,0.7070769137051796,1.085701695233603,7.083231497445223,37.67811623475073,311.92950905691487,3.4685925450343333,4.938956067343264,3.3521725658792834,1.998271940901755,6.6,
TabPFN-V3,0.9,clip,20.0,1.0,1.0,19000,1,2000,900,45,2667,0.0,0.6670888718635406,0.6864452669834957,0.7530635595321655,6.085241794586182,35.86956214904785,56.626150131225586,3.478940764639666,4.920618750511684,3.5130444602626953,2.8710579435848134,6.4,
TabPFN-V3,0.9,clip,50.0,1.0,1.0,19000,1,2000,900,24,2620,0.0,0.8150914366713904,0.8153682936320704,0.735755980014801,5.746445178985596,45.86247444152832,135.2554702758789,3.4791171684934903,4.955472707041137,3.2393440880601903,2.081930755064532,7.5,
TabPFN-V3,0.9,clip,200.0,1.0,1.0,19000,1,2000,900,7,2570,0.0,0.7803931328344595,0.7718597106981345,0.8739606142044067,5.27306342124939,38.11227607727051,250.81452178955078,3.4702145224307173,4.96230464313507,3.274330276325675,1.9344940284753684,7.2,
TabPFN-V3,0.9,log,0.0,1.0,1.0,19000,1,2000,900,0,2691,0.0,0.8414206250009404,0.8439352334825581,0.9374008202274375,7.29182996742224,60.32317932658253,435.59258974733746,3.462688947405185,4.8647907457190485,3.244260401392015,1.834982452873851,6.6,
TabPFN-V3,0.9,tail_log,50.0,1.0,1.0,19000,1,2000,900,24,2576,0.0,0.7903132505687173,0.7825150553939964,0.9023692607879639,5.789411783218384,41.44175148010254,331.4880326910776,3.4708663061545844,4.953874379137906,3.313569958851908,2549.0561158670466,6.6,
TabPFN-V3,0.9,evt_trim,0.0,1.0,1.0,19000,1,2000,900,0,2545,0.0,0.7135394436945335,0.7070768933619961,1.085701823234558,7.083231449127197,37.678117752075195,311.9294738769531,3.4685925410086353,4.9389560581199525,3.352172554122738,1.9982719641951547,6.6,
TabPFN-V3,0.9,raw,0.0,1.0,1.0,20000,1,2000,900,0,2570,0.0,0.7113172471232818,0.7112183386352676,0.8217408955097198,5.367407560348511,33.69273376464844,215.54511260986328,2.1349477100923626,2.724366613686342,1.3142898996755494,0.42118446146006716,6.7,
TabPFN-V3,0.9,robust,0.0,1.0,1.0,20000,1,2000,900,0,2570,0.0,0.7113172447219684,0.7112183117664826,0.8217408643153937,5.367408130627292,33.69273109752278,215.5451189349123,2.134947703966239,2.7243666022285034,1.3142898935669938,0.42118445760940776,6.5,
TabPFN-V3,0.9,clip,20.0,1.0,1.0,20000,1,2000,900,31,2666,0.0,0.6477400614007971,0.6674206521240714,0.7648676931858063,6.050646781921387,33.922786712646484,65.20029067993164,2.137395173743079,2.7138718158016166,1.350939312487822,0.6891252533297721,6.6,
TabPFN-V3,0.9,clip,50.0,1.0,1.0,20000,1,2000,900,19,2615,0.0,0.7558858269447836,0.7604428373042508,0.7668105959892273,5.754967451095581,39.06989669799805,136.48302459716797,2.135496667659972,2.727054542434105,1.255807701896034,0.4844678861172531,6.9,
TabPFN-V3,0.9,clip,200.0,1.0,1.0,20000,1,2000,900,1,2571,0.0,0.7134201186854296,0.713802890496606,0.8279311954975128,5.4795026779174805,33.81593704223633,211.36672973632812,2.134678866048193,2.7245248330679948,1.3103238892745654,0.4191871395555669,5.2,
TabPFN-V3,0.9,log,0.0,1.0,1.0,20000,1,2000,900,0,2712,0.0,0.7508574372289052,0.7582697000218501,0.9702670764662229,7.307468231402797,49.187633679163184,301.952999273712,2.1298638227767537,2.6644919462856405,1.3031543179885736,0.43058767114014984,5.4,
TabPFN-V3,0.9,tail_log,50.0,1.0,1.0,20000,1,2000,900,19,2574,0.0,0.7289605649364052,0.7336854577971605,0.7977111339569092,5.859592437744141,35.987953186035156,259.76653440788164,2.13540432827008,2.717617593784734,1.2994102767258533,56.11519398428318,5.0,
TabPFN-V3,0.9,evt_trim,0.0,1.0,1.0,20000,1,2000,900,0,2570,0.0,0.7113172471232818,0.7112183386352676,0.8217408955097198,5.367407560348511,33.69273376464844,215.54511260986328,2.1349477100923626,2.724366613686342,1.3142898996755494,0.42118446146006716,5.3,
TabPFN-V3,0.9,raw,0.0,1.0,1.0,21000,1,2000,900,0,2536,0.0,0.6653075772620655,0.6548746481665877,0.9601960480213165,6.274978160858154,29.16459846496582,120.5304946899414,3.9513147992744044,5.937945992403491,4.704828001060669,3.0183389841832002,5.0,
TabPFN-V3,0.9,robust,0.0,1.0,1.0,21000,1,2000,900,0,2536,0.0,0.6653075856073509,0.6548745953557429,0.9601963564258652,6.274978679745315,29.16459834680096,120.53049323528765,3.9513147936175614,5.937945977186109,4.704827990741916,3.018339038292904,5.3,
TabPFN-V3,0.9,clip,20.0,1.0,1.0,21000,1,2000,900,40,2667,0.0,0.6729643825654481,0.685655682368097,0.7139418125152588,5.507055997848511,32.771501541137695,55.29561996459961,3.9620293102368,5.956613710865589,4.774965643970572,4.156909746627157,5.3,
TabPFN-V3,0.9,clip,50.0,1.0,1.0,21000,1,2000,900,18,2622,0.0,0.7661394331260875,0.7636417548646413,0.7334744036197662,5.278170824050903,37.14515686035156,114.25249481201172,3.9600837022391495,5.966009187304015,4.6137063225744175,3.3337883135156554,5.1,
TabPFN-V3,0.9,clip,200.0,1.0,1.0,21000,1,2000,900,3,2576,0.0,0.7336022267462271,0.7276636691127473,0.8097434639930725,5.042218446731567,31.896655082702637,153.10606384277344,3.9572308393648123,5.9669242778217875,4.667014216072197,2.885829063622989,5.2,
TabPFN-V3,0.9,log,0.0,1.0,1.0,21000,1,2000,900,0,3286,0.0,0.7557925269310171,0.7614981841727599,0.9149304342229605,6.8178476935157075,46.17067098882599,265.44297921733425,3.951577555422965,5.902629058544622,4.519732279601028,2.03639131487743,5.1,
TabPFN-V3,0.9,tail_log,50.0,1.0,1.0,21000,1,2000,900,18,2581,0.0,0.7341746442554582,0.7309209524325418,0.806516706943512,5.199440956115723,33.6536922454834,167.94144695477405,3.957886885806074,5.958210660966737,4.673898925284156,52.28195334662427,5.8,
TabPFN-V3,0.9,evt_trim,0.0,1.0,1.0,21000,1,2000,900,0,2536,0.0,0.6653075772620655,0.6548746481665877,0.9601960480213165,6.274978160858154,29.16459846496582,120.5304946899414,3.9513147992744044,5.937945992403491,4.704828001060669,3.0183389841832002,6.8,
TabPFN-V3,0.9,raw,0.0,1.0,1.0,22000,1,2000,900,0,2522,0.0,0.5827825775476755,0.5910521568001751,1.2013462781906128,7.380392551422119,34.227243423461914,170.8011016845703,2.8913783604408647,4.05834630296428,2.9146428719578226,1.3410566809605258,6.5,
TabPFN-V3,0.9,robust,0.0,1.0,1.0,22000,1,2000,900,0,2522,0.0,0.5827825880134506,0.5910522022899094,1.2013461827033014,7.380392487289859,34.227245251335574,170.80111976464224,2.891378341955817,4.058346312511898,2.9146428916895943,1.3410566631011827,6.9,
TabPFN-V3,0.9,clip,20.0,1.0,1.0,22000,1,2000,900,44,2665,0.0,0.67781465213898,0.6861150056078136,0.8510120511054993,6.0448291301727295,35.926944732666016,62.087812423706055,2.885644852734028,4.0903479577730755,2.8617207875542467,2.131982728031051,6.7,
TabPFN-V3,0.9,clip,50.0,1.0,1.0,22000,1,2000,900,17,2621,0.0,0.7984681066039369,0.7920140399127661,0.8966666162014008,5.898653507232666,46.35475158691406,140.37185668945312,2.8855400086989023,4.096371703360263,2.70866260537285,1.3200006019815853,6.7,
TabPFN-V3,0.9,clip,200.0,1.0,1.0,22000,1,2000,900,4,2574,0.0,0.7607946941146119,0.7494455978642499,0.9791287779808044,5.6829917430877686,38.41167640686035,235.4957504272461,2.887153720573623,4.103266022090817,2.7904115613529425,1.0319470875420884,7.0,
TabPFN-V3,0.9,log,0.0,1.0,1.0,22000,1,2000,900,0,2953,0.0,0.8126784768222269,0.8111374041014908,1.0681330957007915,7.562951026185338,56.259635603760216,434.14261218383075,2.8865430314920335,4.055561519932563,2.6504694338356924,1.0159864865845867,6.8,
TabPFN-V3,0.9,tail_log,50.0,1.0,1.0,22000,1,2000,900,17,2577,0.0,0.7741018352235873,0.7638200775734436,0.9680169820785522,5.822880506515503,39.26937294006348,314.0214915019688,2.8860734055117185,4.103565230440451,2.82091207480526,2715.4577343025676,6.3,
TabPFN-V3,0.9,evt_trim,0.0,1.0,1.0,22000,1,2000,900,0,2522,0.0,0.5827825775476755,0.5910521568001751,1.2013462781906128,7.380392551422119,34.227243423461914,170.8011016845703,2.8913783604408647,4.05834630296428,2.9146428719578226,1.3410566809605258,6.9,
TabPFN-V3,0.9,raw,0.0,1.0,1.0,23000,1,2000,900,0,2516,0.0,0.7297961018353016,0.6947214325724831,1.5332480072975159,6.5726635456085205,34.54318428039551,150.90280151367188,3.0823474334589047,4.479001560911254,3.474994134217013,2.3013775925488877,7.1,
TabPFN-V3,0.9,robust,0.0,1.0,1.0,23000,1,2000,900,0,2516,0.0,0.7297960486881865,0.6947213926857984,1.5332484749277508,6.572664081129631,34.543183725256114,150.90282321200482,3.0823475102234323,4.4790015652157456,3.4749941280496914,2.3013775691211027,6.6,
TabPFN-V3,0.9,clip,20.0,1.0,1.0,23000,1,2000,900,35,2668,0.0,0.6673886718300056,0.6800868274900926,0.7977266907691956,5.977981090545654,35.929439544677734,61.75979804992676,3.0444865586190346,4.471774458482351,3.5236935955168156,2.9301657279067754,6.6,
TabPFN-V3,0.9,clip,50.0,1.0,1.0,23000,1,2000,900,18,2623,0.0,0.7603532222462915,0.7608173567017062,0.7982097268104553,5.685754299163818,38.430294036865234,126.4184341430664,3.043630322437903,4.4778126278440284,3.3284812174620817,2.3556710873992417,7.2,
TabPFN-V3,0.9,clip,200.0,1.0,1.0,23000,1,2000,900,4,2575,0.0,0.739697577246858,0.7292119291371553,0.8928543925285339,5.369335651397705,33.10972213745117,199.16427612304688,3.0452957509543728,4.489355430335513,3.387783962076031,2.1871601593328682,7.4,
TabPFN-V3,0.9,log,0.0,1.0,1.0,23000,1,2000,900,0,3233,0.0,0.754586749007162,0.7614773197988789,0.9786663793147854,7.31148593707038,49.547768884228304,276.7105501211596,3.044193901280665,4.472524726709775,3.3234670639524553,2.418303965270661,8.1,
TabPFN-V3,0.9,tail_log,50.0,1.0,1.0,23000,1,2000,900,18,2576,0.0,0.7442610571695901,0.7372869754514829,0.8949910700321198,5.521553039550781,34.95446014404297,252.44209117798601,3.045989702964557,4.485301518310014,3.416518155835052,1027.4784513867196,7.7,
TabPFN-V3,0.9,evt_trim,0.0,1.0,1.0,23000,1,2000,900,0,2516,0.0,0.7297961018353016,0.6947214325724831,1.5332480072975159,6.5726635456085205,34.54318428039551,150.90280151367188,3.0823474334589047,4.479001560911254,3.474994134217013,2.3013775925488877,7.3,
TabPFN-V3,0.9,raw,0.0,1.0,1.0,24000,1,2000,900,0,2550,0.0,0.7323805449526131,0.7245578657475503,0.904590904712677,5.507942199707031,34.53855895996094,257.8368835449219,3.3917537293616715,5.008323134568848,3.644894898195479,1.332102376657603,7.3,
TabPFN-V3,0.9,robust,0.0,1.0,1.0,24000,1,2000,900,0,2550,0.0,0.732380531684369,0.7245578626045898,0.9045907342982189,5.507942476642196,34.53855916977215,257.8368578549056,3.3917537286261843,5.008323137182733,3.644894877602013,1.3321023934265197,7.0,
TabPFN-V3,0.9,clip,20.0,1.0,1.0,24000,1,2000,900,41,2666,0.0,0.6871459846423685,0.693322761254955,0.807557612657547,5.711404800415039,34.33841514587402,59.5873966217041,3.3907163933876436,4.96078185426798,3.9360918673580465,3.3176908714557345,6.9,
TabPFN-V3,0.9,clip,50.0,1.0,1.0,24000,1,2000,900,15,2619,0.0,0.813688661241958,0.8034138853441916,0.8375025689601898,5.53911566734314,41.62118148803711,125.43180084228516,3.3901848411541264,4.984240330327491,3.6695776451553725,2.395371805119751,6.8,
TabPFN-V3,0.9,clip,200.0,1.0,1.0,24000,1,2000,900,4,2570,0.0,0.7908518578921809,0.7764530263662174,0.8850879967212677,5.274238109588623,36.41155815124512,208.1127700805664,3.391955312314922,5.0002220758058025,3.630827566682211,1.4635676361629815,6.3,
TabPFN-V3,0.9,log,0.0,1.0,1.0,24000,1,2000,900,0,2588,0.0,0.7865912489816015,0.7878941956569542,0.9892659025765677,7.265170098845905,51.70784804443103,312.03799593024814,3.389146632697281,4.908448176256568,3.5262987110058748,0.6214702078360377,5.2,
TabPFN-V3,0.9,tail_log,50.0,1.0,1.0,24000,1,2000,900,15,2583,0.0,0.7943960015606683,0.7836876809484977,0.894311398267746,5.41726016998291,38.28057289123535,230.6621850117842,3.3932129462486813,4.9949022982133995,3.6635341522786926,281.37020052686245,5.0,
TabPFN-V3,0.9,evt_trim,0.0,1.0,1.0,24000,1,2000,900,0,2550,0.0,0.7323805449526131,0.7245578657475503,0.904590904712677,5.507942199707031,34.53855895996094,257.8368835449219,3.3917537293616715,5.008323134568848,3.644894898195479,1.332102376657603,4.9,
TabPFN-V3,0.9,raw,0.0,1.0,1.0,25000,1,2000,900,0,2514,0.0,1.0172932498190235,0.9165935398789499,1.1954256296157837,4.189268350601196,36.37696647644043,128.32604217529297,3.0280448870139214,4.314441595087962,2.756433680286249,1.0282187799446187,5.3,
TabPFN-V3,0.9,robust,0.0,1.0,1.0,25000,1,2000,900,0,2514,0.0,1.0172932382785356,0.9165934970505439,1.195426169321635,4.18926922115943,36.37697128981347,128.3260485114538,3.0280449002268353,4.314441550717644,2.7564336600539283,1.0282187714596414,5.2,
TabPFN-V3,0.9,clip,20.0,1.0,1.0,25000,1,2000,900,51,2663,0.0,0.7110375517254117,0.720503147887131,0.7695375382900238,5.959103107452393,38.177242279052734,57.08063316345215,3.037633765669587,4.239693041885757,3.007042713387816,2.382156939930513,5.1,
TabPFN-V3,0.9,clip,50.0,1.0,1.0,25000,1,2000,900,17,2622,0.0,0.8935538436636861,0.8819702461817055,0.773478776216507,5.4062323570251465,52.75768852233887,137.6224822998047,3.037223823529742,4.26393650553693,2.736654265404375,1.3337476176514016,5.2,
TabPFN-V3,0.9,clip,200.0,1.0,1.0,25000,1,2000,900,6,2577,0.0,0.8545801043308794,0.8396586751684921,0.8522936999797821,5.008671522140503,45.32684135437012,221.0962142944336,3.0345375770349605,4.274468867143207,2.719586680882533,0.801834698702067,5.4,
TabPFN-V3,0.9,log,0.0,1.0,1.0,25000,1,2000,900,0,3016,0.0,0.8518710139644724,0.851805939230381,1.0064320799602648,7.570426448934804,61.80656628255373,418.7910517313802,3.02438145532843,4.212099941546664,2.540322074398645,0.7010889946846804,5.4,
TabPFN-V3,0.9,tail_log,50.0,1.0,1.0,25000,1,2000,900,17,2572,0.0,0.8593616856660166,0.8465543931592099,0.8448461592197418,5.281018972396851,46.33946990966797,300.09318981681554,3.0358270248786763,4.270119814821255,2.73951408223603,3148.9893731996694,5.0,
TabPFN-V3,0.9,evt_trim,0.0,1.0,1.0,25000,1,2000,900,0,2514,0.0,1.0172932498190235,0.9165935398789499,1.1954256296157837,4.189268350601196,36.37696647644043,128.32604217529297,3.0280448870139214,4.314441595087962,2.756433680286249,1.0282187799446187,6.2,
TabPFN-V3,0.9,raw,0.0,1.0,1.0,26000,1,2000,900,0,2568,0.0,0.8161599579154395,0.802218249193246,0.817253977060318,4.896541595458984,39.268903732299805,193.67608642578125,2.930317434573655,4.057554141222155,2.5551520874990916,1.028056708871597,6.7,
TabPFN-V3,0.9,robust,0.0,1.0,1.0,26000,1,2000,900,0,2568,0.0,0.8161599761925851,0.8022182373167697,0.81725384279302,4.896541475032839,39.268901068639906,193.67608529319313,2.9303174337036895,4.057554128447572,2.555152081759007,1.028056714873431,6.4,
TabPFN-V3,0.9,clip,20.0,1.0,1.0,26000,1,2000,900,45,2665,0.0,0.6938288016362902,0.6991566416883261,0.7820681631565094,5.538968086242676,33.277544021606445,56.46116065979004,2.9307796463783777,4.00748217216857,2.8054864023103936,2.196910092615334,6.7,
TabPFN-V3,0.9,clip,50.0,1.0,1.0,26000,1,2000,900,17,2619,0.0,0.8606326490012199,0.8480350379794679,0.7701525390148163,5.297977924346924,44.314247131347656,125.2784652709961,2.9295107253943944,4.028900243067196,2.590221834813506,1.3801792504009347,6.6,
TabPFN-V3,0.9,clip,200.0,1.0,1.0,26000,1,2000,900,3,2577,0.0,0.8286791909111525,0.8126570663552912,0.8233602941036224,5.155702352523804,40.568254470825195,182.6286392211914,2.931571150150536,4.05075304651245,2.5486416808333807,1.079068282324017,6.5,
TabPFN-V3,0.9,log,0.0,1.0,1.0,26000,1,2000,900,0,2994,0.0,0.7919341471243228,0.790922594869153,0.9500493739601628,6.654881036672087,49.29174276873004,294.79086847655924,2.917935561489634,3.9375734768807726,2.5111714388317474,0.950281241116319,6.8,
TabPFN-V3,0.9,tail_log,50.0,1.0,1.0,26000,1,2000,900,17,2590,0.0,0.8320056546175905,0.8232601211667451,0.7203353643417358,5.08442234992981,40.598588943481445,212.84926793120496,2.9326797672290086,4.047407680506642,2.5584017068782283,4.2597837210705505,6.6,
TabPFN-V3,0.9,evt_trim,0.0,1.0,1.0,26000,1,2000,900,0,2568,0.0,0.8161599579154395,0.802218249193246,0.817253977060318,4.896541595458984,39.268903732299805,193.67608642578125,2.930317434573655,4.057554141222155,2.5551520874990916,1.028056708871597,6.8,
TabPFN-V3,0.9,log,0.0,4.0,4.0,7000,1,2000,900,0,3268,0.0,0.8412113447699185,0.8449369840741164,0.9768306153746376,7.752142333903896,62.547127208651474,437.3099560105588,2.1750961790023378,2.7996941556819266,1.3905230725171638,0.6544088341405864,6.4,
TabPFN-V3,0.9,tail_log,50.0,4.0,4.0,7000,1,2000,900,13,2564,0.0,0.8532258743030104,0.8416050958182575,0.8843565881252289,5.564564943313599,44.57998275756836,287.3163286318917,2.1780767610199674,2.860169736478094,1.4320491434481486,111.18931904058036,7.4,
TabPFN-V3,0.9,evt_trim,0.0,4.0,4.0,7000,1,2000,900,0,1998,0.0,0.627298448155562,0.6275887289850666,1.2075408101081848,8.052787780761719,40.48214340209961,173.53549194335938,2.1864962430023773,2.876431945317045,1.4268967534380645,0.2596557732647622,6.7,
TabPFN-V3,0.9,log,0.0,4.0,3.999999999999999,8000,1,2000,900,0,2839,0.0,0.8383384954920228,0.8345591947259015,1.059548424355739,7.466866241153941,59.01556546509069,498.8426985206541,2.580222183286365,3.647630642133865,2.1049055599788664,1.1201793941926328,6.7,
TabPFN-V3,0.9,tail_log,50.0,4.0,3.999999999999999,8000,1,2000,900,23,2567,0.0,0.7188610968858132,0.7118179602243724,0.9499681293964386,5.73140811920166,35.202476501464844,306.0924602411378,2.5732501902018763,3.657191074085696,2.3729163260315485,77112.41145467544,6.8,
TabPFN-V3,0.9,evt_trim,0.0,4.0,3.999999999999999,8000,1,2000,900,0,2442,0.0,-0.16491899959512812,-0.04915063097394875,1.8296480774879456,11.912155151367188,21.634693145751953,34.143428802490234,2.7718932124791564,3.7194741850381137,2.4347338838817287,1.6522380320874606,7.0,
TabPFN-V3,0.9,log,0.0,4.0,4.0,9000,1,2000,900,0,3241,0.0,0.9082952458243079,0.9035374650934065,0.9195159614315624,6.966929139977507,62.83026096550962,584.5007544390431,2.3780679991836084,3.3411127460895123,1.8997494958100125,0.8886988922791099,6.7,
TabPFN-V3,0.9,tail_log,50.0,4.0,4.0,9000,1,2000,900,18,2563,0.0,0.8259786761421541,0.8167052815848438,0.8481914103031158,5.08417534828186,41.643449783325195,297.5037415416566,2.3757243953030613,3.3487403005731977,2.121373521885992,7759.530259574037,6.8,
TabPFN-V3,0.9,evt_trim,0.0,4.0,4.0,9000,1,2000,900,0,2442,0.0,-0.23811190567784696,-0.12049272662399567,2.842900037765503,17.462373733520508,30.603384017944336,41.216365814208984,2.7012767960865354,3.747028134746687,2.238428022607495,1.7031852299004515,6.6,
TabPFN-V3,0.9,log,0.0,4.0,4.000000000000001,10000,1,2000,900,0,3382,0.0,0.9302086532326919,0.9194562173876418,0.8777977088339035,6.054037497092704,57.33417190214357,541.9483975308328,2.3961407003488286,3.2993685167188542,1.7824090634715561,1.5545675835020365,6.7,
TabPFN-V3,0.9,tail_log,50.0,4.0,4.000000000000001,10000,1,2000,900,27,2566,0.0,0.8930267154080163,0.8731606728186946,0.7925510406494141,4.368741750717163,40.0040340423584,314.0476169285375,2.400802303018819,3.328371337354256,2.0244646970218714,264026.18139675655,6.7,
TabPFN-V3,0.9,evt_trim,0.0,4.0,4.000000000000001,10000,1,2000,900,0,2304,0.0,0.9462830955063499,0.8695640578355998,1.0685951709747314,4.051360130310059,37.254337310791016,176.4694061279297,2.4151240383695787,3.377270352279814,2.1085896657524414,0.8531762850108919,6.7,
TabPFN-V3,0.9,log,0.0,4.0,4.000000000000001,11000,1,2000,900,0,2384,0.0,0.7762668401594771,0.7871263140646318,0.9732022807323508,8.002202386861711,57.16839492919108,311.5620781868338,4.413838731876587,6.676575368734987,4.836771116933116,2.2902006238044033,6.8,
TabPFN-V3,0.9,tail_log,50.0,4.0,4.000000000000001,11000,1,2000,900,15,2567,0.0,0.7689990840131162,0.7643145483845716,0.8796741962432861,5.691309928894043,39.177358627319336,225.4482139649362,4.424325092424216,6.739929082193751,5.106247178584938,39.92673136516561,6.3,
TabPFN-V3,0.9,evt_trim,0.0,4.0,4.000000000000001,11000,1,2000,900,0,2055,0.0,0.5811298256829109,0.5917091146795591,1.1885139346122742,7.305964708328247,36.262163162231445,144.00226593017578,4.414303037345951,6.710114234588543,5.453578927684964,2.9517835886635515,5.3,
TabPFN-V3,0.9,raw,0.0,4.0,3.999999999999999,12000,1,2000,900,0,2263,0.0,-0.18336783724127198,-0.07681924554881134,3.338369846343994,18.54047393798828,34.38967704772949,44.95746612548828,4.782358389635904,7.141039829083257,5.873910494365559,5.586838858975858,5.2,
TabPFN-V3,0.9,robust,0.0,4.0,3.999999999999999,12000,1,2000,900,0,2263,0.0,-0.183367815889923,-0.0768191085364266,3.3383677391581887,18.540469981509705,34.38967612271772,44.95746536593152,4.782357800808594,7.141039634085255,5.873910543582624,5.586838914812139,5.5,
TabPFN-V3,0.9,clip,20.0,4.0,3.999999999999999,12000,1,2000,900,43,2664,0.0,0.679657233878569,0.695011527060933,0.8418144583702087,6.4704155921936035,38.50277137756348,61.14883804321289,4.348582267051878,6.713278028575292,5.759305849541995,5.019974505987323,5.4,
TabPFN-V3,0.9,clip,50.0,4.0,3.999999999999999,12000,1,2000,900,12,2626,0.0,0.8051941241700279,0.8020592131850949,0.8240545690059662,6.11548924446106,46.81950569152832,131.9935531616211,4.34802970091471,6.731880206004197,5.379967714970737,3.9271154441917497,5.2,
TabPFN-V3,0.9,clip,200.0,4.0,3.999999999999999,12000,1,2000,900,4,2579,0.0,0.7808571621534106,0.7738496105547277,0.8942660391330719,5.950885772705078,41.432884216308594,181.49365997314453,4.349297700238287,6.746501730839887,5.358123848293807,3.4302608202395777,5.4,
TabPFN-V3,0.9,log,0.0,4.0,3.999999999999999,12000,1,2000,900,0,2940,0.0,0.7904655166807014,0.7941218972342372,1.0542464075763256,7.906605098932239,59.6944848488052,386.3648398411519,4.349577425741528,6.706490058859233,5.152969219323194,1.6935818605069386,5.3,
TabPFN-V3,0.9,tail_log,50.0,4.0,3.999999999999999,12000,1,2000,900,12,2558,0.0,0.7682612975042484,0.7605266627105062,0.9693810045719147,6.038196563720703,40.61434745788574,233.24838557046846,4.3503912045514115,6.75625311296303,5.399069685084852,2.2422436373468058,5.0,
TabPFN-V3,0.9,evt_trim,0.0,4.0,3.999999999999999,12000,1,2000,900,3,2560,0.0,0.7562063036786073,0.7504176257859362,0.9305295646190643,5.763066053390503,38.5084171295166,195.76844787597656,4.350237391905458,6.755622311372796,5.435560969377169,3.181213637877914,5.3,
TabPFN-V3,0.9,raw,0.0,4.0,3.999999999999999,13000,1,2000,900,0,1738,0.0,0.5903515035150537,0.5966609762360408,0.9986944794654846,6.143892049789429,30.07786273956299,110.32760238647461,3.1537084005371687,4.589031286647452,3.5270656489206633,2.0600358242406567,5.0,
TabPFN-V3,0.9,robust,0.0,4.0,3.999999999999999,13000,1,2000,900,0,1738,0.0,0.5903514517614805,0.5966609928015393,0.9986941421964723,6.143892268543165,30.077861313885222,110.3276029840471,3.1537084026062714,4.589031287724891,3.5270656696424347,2.060035817883622,6.9,
TabPFN-V3,0.9,clip,20.0,4.0,3.999999999999999,13000,1,2000,900,39,2662,0.0,0.6967585531143978,0.7061206829737715,0.7219916880130768,5.38326096534729,34.14715576171875,56.42836570739746,3.1503809971882886,4.587757759174064,3.5423184428212253,2.9708468495959104,6.6,
TabPFN-V3,0.9,clip,50.0,4.0,3.999999999999999,13000,1,2000,900,18,2619,0.0,0.7660400008683931,0.7629685259620761,0.7319275736808777,5.162153244018555,37.36698532104492,114.16173934936523,3.150028019878364,4.610655375006308,3.487828154018972,2.366427187895277,6.7,
TabPFN-V3,0.9,clip,200.0,4.0,3.999999999999999,13000,1,2000,900,2,2576,0.0,0.7554437071564124,0.75110363277214,0.8254326581954956,4.956505060195923,33.29953956604004,136.29894256591797,3.151491352736451,4.6279302717706505,3.491328036470555,2.0721263405153807,6.9,
TabPFN-V3,0.9,log,0.0,4.0,3.999999999999999,13000,1,2000,900,0,2354,0.0,0.7557582825123634,0.7589869850341332,0.9249710334369532,6.558092359878142,44.42114507734345,229.48649519283697,3.1452623702505216,4.55130005587271,3.4112894761256713,1.4797873924695126,7.2,
TabPFN-V3,0.9,tail_log,50.0,4.0,3.999999999999999,13000,1,2000,900,18,2568,0.0,0.752060049918985,0.7483032991431127,0.8178695440292358,5.21709680557251,34.33693313598633,148.4493268306866,3.1518896657169875,4.622554178578108,3.4921751326634896,97.50067896974464,7.0,
TabPFN-V3,0.9,evt_trim,0.0,4.0,3.999999999999999,13000,1,2000,900,0,1738,0.0,0.5903515035150537,0.5966609762360408,0.9986944794654846,6.143892049789429,30.07786273956299,110.32760238647461,3.1537084005371687,4.589031286647452,3.5270656489206633,2.0600358242406567,6.8,
TabPFN-V3,0.9,raw,0.0,4.0,4.000000000000001,14000,1,2000,900,0,2152,0.0,0.7771840353535386,0.7419174617398204,1.3979732394218445,6.99343729019165,48.52268600463867,136.98863220214844,3.0087304600869524,4.316431529214134,3.0603107271225953,1.2421393353411347,7.2,
TabPFN-V3,0.9,robust,0.0,4.0,4.000000000000001,14000,1,2000,900,0,2152,0.0,0.7771839831708823,0.7419173650177063,1.397973558079606,6.993437431053902,48.52268306407748,136.98861874317475,3.008730483387864,4.316431522429629,3.0603107398092395,1.242139364082494,6.6,
TabPFN-V3,0.9,clip,20.0,4.0,4.000000000000001,14000,1,2000,900,45,2665,0.0,0.6785313890575226,0.696070331517798,0.6949738264083862,5.694410800933838,34.99028778076172,52.77171325683594,2.996427610124664,4.342966688035207,3.1526817114783836,2.6619272101710805,6.8,
TabPFN-V3,0.9,clip,50.0,4.0,4.000000000000001,14000,1,2000,900,13,2626,0.0,0.8389849405727635,0.8371531704505926,0.6929916143417358,5.318849086761475,44.017160415649414,122.29607391357422,2.9967248454184534,4.369405095569458,3.0730962580905423,2.161721195264603,6.8,
TabPFN-V3,0.9,clip,200.0,4.0,4.000000000000001,14000,1,2000,900,6,2572,0.0,0.8062036105272161,0.7990830231457655,0.7665477693080902,4.9260735511779785,41.356794357299805,186.64346313476562,2.9955998987125603,4.387681681211193,3.068479602314067,1.782127804642994,6.4,
TabPFN-V3,0.9,log,0.0,4.0,4.000000000000001,14000,1,2000,900,0,3039,0.0,0.8059231997519363,0.8098116600357076,0.8956516516830203,6.872547443813803,52.61758427015509,326.44521178682703,2.9842446975502512,4.29718076538858,3.002305143852919,0.7415343964800368,6.5,
TabPFN-V3,0.9,tail_log,50.0,4.0,4.000000000000001,14000,1,2000,900,13,2570,0.0,0.8128291997169559,0.8066682010959354,0.7741832435131073,5.196182012557983,42.51219367980957,225.71378528973142,2.995164480186197,4.382879600012668,3.055165203719064,112.93458589983574,6.7,
TabPFN-V3,0.9,evt_trim,0.0,4.0,4.000000000000001,14000,1,2000,900,0,2152,0.0,0.7771840353535386,0.7419174617398204,1.3979732394218445,6.99343729019165,48.52268600463867,136.98863220214844,3.0087304600869524,4.316431529214134,3.0603107271225953,1.2421393353411347,6.7,
TabPFN-V3,0.9,raw,0.0,4.0,3.999999999999999,15000,1,2000,900,0,2291,0.0,1.0082264368291507,0.9048624439454054,1.2763460874557495,4.217237949371338,36.41636276245117,197.79373168945312,4.809357846938811,7.407065359487816,5.630930359416122,4.076066582281717,7.1,
TabPFN-V3,0.9,robust,0.0,4.0,3.999999999999999,15000,1,2000,900,0,2291,0.0,1.008226362272157,0.9048623660717113,1.2763464298029261,4.2172386202318215,36.41636328175882,197.7937364166989,4.809357862401934,7.407065323169048,5.6309303739621726,4.076066588956564,7.0,
TabPFN-V3,0.9,clip,20.0,4.0,3.999999999999999,15000,1,2000,900,51,2665,0.0,0.7015130197705263,0.717101175172565,0.7254176735877991,5.83612322807312,36.27883720397949,56.39755630493164,4.818736606410581,7.282001907490872,6.072131639070455,5.308305325254511,6.4,
TabPFN-V3,0.9,clip,50.0,4.0,3.999999999999999,15000,1,2000,900,26,2620,0.0,0.8845366708154379,0.8780486270458536,0.736611545085907,5.367877244949341,49.38613700866699,138.75607299804688,4.818922320357174,7.342154119501579,5.512409529687306,4.1978360021924415,6.8,
TabPFN-V3,0.9,clip,200.0,4.0,3.999999999999999,15000,1,2000,900,7,2570,0.0,0.8810321271534862,0.8641911793310718,0.833361953496933,5.091981410980225,43.12150955200195,278.51318359375,4.812976528094907,7.353950498580765,5.522241824360683,3.8174163297063735,7.0,
TabPFN-V3,0.9,log,0.0,4.0,3.999999999999999,15000,1,2000,900,0,3023,0.0,0.9450152655634015,0.938096679820064,0.9399334136871764,7.102442939119447,67.63390602632819,714.4194546921145,4.803539630701927,7.198613742395613,5.345895059813744,2.675105053838698,6.8,
TabPFN-V3,0.9,tail_log,50.0,4.0,3.999999999999999,15000,1,2000,900,26,2562,0.0,0.8876527566126824,0.872197086745952,0.8194973170757294,5.067024230957031,43.75368118286133,502.4388557367293,4.815013132390374,7.356773826705594,5.573833001519898,1973.3091463017192,6.6,
TabPFN-V3,0.9,evt_trim,0.0,4.0,3.999999999999999,15000,1,2000,900,0,2291,0.0,1.0082264368291507,0.9048624439454054,1.2763460874557495,4.217237949371338,36.41636276245117,197.79373168945312,4.809357846938811,7.407065359487816,5.630930359416122,4.076066582281717,4.7,
TabPFN-V3,0.9,raw,0.0,4.0,3.9999999999999996,16000,1,2000,900,0,2160,0.0,0.7839485755181093,0.7613456389230029,1.1202853322029114,7.798581838607788,39.12338066101074,166.8571014404297,2.2219957655770295,2.9496727355984724,1.4742138630973423,0.25609716354471185,5.2,
TabPFN-V3,0.9,robust,0.0,4.0,3.9999999999999996,16000,1,2000,900,0,2160,0.0,0.7839485614488694,0.761345628693643,1.120285699620804,7.798582349736477,39.12337935681437,166.85708957585888,2.2219957692028833,2.9496727317079796,1.4742138797806061,0.2560971107783171,5.3,
TabPFN-V3,0.9,clip,20.0,4.0,3.9999999999999996,16000,1,2000,900,54,2657,0.0,0.7836913836980621,0.7860560115220876,0.7486035525798798,5.674520492553711,43.184370040893555,65.25823593139648,2.2331878829283003,2.903681368693129,1.591134190029229,0.9956373004073649,5.0,
TabPFN-V3,0.9,clip,50.0,4.0,3.9999999999999996,16000,1,2000,900,17,2616,0.0,0.9074078946630627,0.8978349739689256,0.7949387431144714,5.497650384902954,55.73299789428711,149.74217224121094,2.2306761608832004,2.9259203312110467,1.4006433460443648,0.2959319138982071,5.2,
TabPFN-V3,0.9,clip,200.0,4.0,3.9999999999999996,16000,1,2000,900,2,2576,0.0,0.8964718739030306,0.8797072254733821,0.9169512689113617,5.221120357513428,47.91707229614258,225.5435791015625,2.2280007598156586,2.9353556510692287,1.3925524109063458,0.24859202903236247,5.1,
TabPFN-V3,0.9,log,0.0,4.0,3.9999999999999996,16000,1,2000,900,0,2749,0.0,0.8848703210400946,0.8805057729969835,1.0037344725917792,7.393042112624355,64.67362749166773,450.2262099864138,2.2220879777075377,2.8916337154090805,1.3575968542445285,0.6377295719457243,5.2,
TabPFN-V3,0.9,tail_log,50.0,4.0,3.9999999999999996,16000,1,2000,900,17,2572,0.0,0.8960645138542781,0.8830504512317331,0.9068773090839386,5.555860757827759,50.65555000305176,246.31586712534704,2.2275594701212817,2.932278389024325,1.4099860958034565,219.4899031191646,5.2,
TabPFN-V3,0.9,evt_trim,0.0,4.0,3.9999999999999996,16000,1,2000,900,0,2160,0.0,0.7839485755181093,0.7613456389230029,1.1202853322029114,7.798581838607788,39.12338066101074,166.8571014404297,2.2219957655770295,2.9496727355984724,1.4742138630973423,0.25609716354471185,5.3,
TabPFN-V3,0.9,raw,0.0,4.0,4.000000000000001,17000,1,2000,900,0,2201,0.0,0.9961644280603758,0.9038133207155465,1.1926026344299316,4.146433591842651,44.83755683898926,150.4638671875,2.366385312926358,3.2097623842274254,1.869680560863436,0.6850321713076868,5.2,
TabPFN-V3,0.9,robust,0.0,4.0,4.000000000000001,17000,1,2000,900,0,2201,0.0,0.9961644151461654,0.9038132862100826,1.1926027705048146,4.146433617478902,44.83755269690607,150.46385331803964,2.366385325427136,3.209762388373757,1.8696805772575331,0.6850322009755461,5.9,
TabPFN-V3,0.9,clip,20.0,4.0,4.000000000000001,17000,1,2000,900,47,2665,0.0,0.6849755415693882,0.703401266409191,0.7537119090557098,6.261641025543213,38.07018852233887,64.77632522583008,2.366669281125708,3.125783566131061,1.9652527612175061,1.328892102029945,6.9,
TabPFN-V3,0.9,clip,50.0,4.0,4.000000000000001,17000,1,2000,900,15,2621,0.0,0.8534195942083129,0.8510102460698361,0.7667825222015381,6.0022852420806885,49.59584426879883,140.7168197631836,2.367222602189402,3.1395400688939694,1.7426904936203726,0.6969898871771665,6.9,
TabPFN-V3,0.9,clip,200.0,4.0,4.000000000000001,17000,1,2000,900,5,2571,0.0,0.8143175234909827,0.8073040929786883,0.844127893447876,5.580638408660889,41.91421699523926,234.0042266845703,2.3660389888197524,3.157963429429196,1.6968954924258015,0.39870379375206744,6.5,
TabPFN-V3,0.9,log,0.0,4.0,4.000000000000001,17000,1,2000,900,0,2718,0.0,0.8804782067256574,0.8788673546813421,0.9814735220019697,7.443157055750476,64.019279168514,489.0081899063953,2.3534890463508176,3.098370874710489,1.6712933255515565,1.4102080659498455,6.4,
TabPFN-V3,0.9,tail_log,50.0,4.0,4.000000000000001,17000,1,2000,900,15,2569,0.0,0.818178364593086,0.8140060996497491,0.8287909924983978,5.4785683155059814,42.67543983459473,276.02254624942725,2.367666427799749,3.1548735009009237,1.722790662804184,226.3239141369369,6.5,
TabPFN-V3,0.9,evt_trim,0.0,4.0,4.000000000000001,17000,1,2000,900,0,2201,0.0,0.9961644280603758,0.9038133207155465,1.1926026344299316,4.146433591842651,44.83755683898926,150.4638671875,2.366385312926358,3.2097623842274254,1.869680560863436,0.6850321713076868,6.6,
TabPFN-V3,0.9,raw,0.0,4.0,4.0,18000,1,2000,900,0,2383,0.0,0.7085942178848071,0.6899621531861695,1.4162205457687378,7.728103160858154,45.74582290649414,135.519287109375,1.8785321561999009,2.485599623128305,1.4846490633759788,0.5902009106561144,6.5,
TabPFN-V3,0.9,robust,0.0,4.0,4.0,18000,1,2000,900,0,2383,0.0,0.708594235080485,0.6899622042286112,1.4162203302074294,7.728103227371676,45.745826283290306,135.51929202724423,1.8785321364010426,2.4855996148090487,1.4846490745635368,0.5902009284139907,6.8,
TabPFN-V3,0.9,clip,20.0,4.0,4.0,18000,1,2000,900,41,2665,0.0,0.7599577059429655,0.7645482167743531,0.7309230864048004,5.391278266906738,36.68293762207031,58.89952278137207,1.8480913696291803,2.416391982886268,1.486263056210179,0.9577988859678688,6.6,
TabPFN-V3,0.9,clip,50.0,4.0,4.0,18000,1,2000,900,16,2624,0.0,0.8518857204731962,0.8431389021260268,0.7499974071979523,5.152603626251221,43.7232666015625,130.8965301513672,1.8486830858012733,2.414501326483067,1.5094793481852218,0.582831600446628,6.4,
TabPFN-V3,0.9,clip,200.0,4.0,4.0,18000,1,2000,900,3,2578,0.0,0.8124670183035733,0.798110029523216,0.8507827818393707,4.743366479873657,37.34611129760742,157.8271942138672,1.8472506770882862,2.420407695780539,1.5181837676232661,0.4727136585478583,6.5,
TabPFN-V3,0.9,log,0.0,4.0,4.0,18000,1,2000,900,0,3045,0.0,0.8109519616258072,0.8108595171583906,0.9475640950159498,6.853777779531263,51.86628170679406,338.379143097083,1.845753647009771,2.427268622868441,1.532218979493899,0.5405374461522444,6.7,
TabPFN-V3,0.9,tail_log,50.0,4.0,4.0,18000,1,2000,900,16,2579,0.0,0.8210665738887719,0.8084435561034973,0.8456087410449982,4.988779306411743,38.35797119140625,193.75774836710178,1.8475646956121712,2.419794645714602,1.5223407584176611,32.296581945846775,6.7,
TabPFN-V3,0.9,evt_trim,0.0,4.0,4.0,18000,1,2000,900,0,2383,0.0,0.7085942178848071,0.6899621531861695,1.4162205457687378,7.728103160858154,45.74582290649414,135.519287109375,1.8785321561999009,2.485599623128305,1.4846490633759788,0.5902009106561144,6.5,
TabPFN-V3,0.9,raw,0.0,4.0,4.000000000000001,19000,1,2000,900,0,2126,0.0,0.8906936908559762,0.8115610282154829,1.49838125705719,5.09922981262207,41.80450630187988,199.72516632080078,3.473214782013153,4.884527489901209,3.375452858748907,2.0811643264349753,6.5,
TabPFN-V3,0.9,robust,0.0,4.0,4.000000000000001,19000,1,2000,900,0,2126,0.0,0.8906936417910664,0.8115609956394885,1.498380839290272,5.099229899977483,41.804504067407,199.7251718297408,3.4732147620454787,4.884527496476068,3.3754528665617007,2.0811643117534966,6.5,
TabPFN-V3,0.9,clip,20.0,4.0,4.000000000000001,19000,1,2000,900,46,2667,0.0,0.6691016879611625,0.6888537866799485,0.7549371421337128,6.1081743240356445,36.0697021484375,56.93890380859375,3.4788700138262247,4.921662133686778,3.5125899318249747,2.865346969980823,6.6,
TabPFN-V3,0.9,clip,50.0,4.0,4.000000000000001,19000,1,2000,900,25,2620,0.0,0.8268634085227597,0.8246491247452482,0.7413794100284576,5.751552581787109,46.44055938720703,136.9751739501953,3.4786325986823416,4.956490492826545,3.2346191508013646,2.079778792784259,6.7,
TabPFN-V3,0.9,clip,200.0,4.0,4.000000000000001,19000,1,2000,900,8,2569,0.0,0.7834986368177056,0.7739041147429188,0.8855312764644623,5.335251331329346,38.672109603881836,261.3574981689453,3.4694853878929264,4.960660622434594,3.265040460428263,1.9197148912963116,6.1,
TabPFN-V3,0.9,log,0.0,4.0,4.000000000000001,19000,1,2000,900,0,2676,0.0,0.8712116657204508,0.8712222156712048,0.9413876176323067,7.29075911410802,63.881504277694226,561.8926122154887,3.4631585485642367,4.866124851043039,3.255508370433291,1.7435817683122357,5.3,
TabPFN-V3,0.9,tail_log,50.0,4.0,4.000000000000001,19000,1,2000,900,25,2563,0.0,0.802582634991716,0.7912655904394978,0.8725088536739349,5.288560390472412,40.48480987548828,343.7054633478635,3.470616870209198,4.9632886843429915,3.3480343649913973,12051.641754836395,5.1,
TabPFN-V3,0.9,evt_trim,0.0,4.0,4.000000000000001,19000,1,2000,900,0,2126,0.0,0.8906936908559762,0.8115610282154829,1.49838125705719,5.09922981262207,41.80450630187988,199.72516632080078,3.473214782013153,4.884527489901209,3.375452858748907,2.0811643264349753,5.4,
TabPFN-V3,0.9,raw,0.0,4.0,4.0,20000,1,2000,900,0,1605,0.0,0.5142807086383631,0.5336350023245144,0.978412002325058,6.974449157714844,29.893427848815918,156.70889282226562,2.1308452211291207,2.717962855360059,1.375837859139343,0.524769263184819,5.3,
TabPFN-V3,0.9,robust,0.0,4.0,4.0,20000,1,2000,900,0,1605,0.0,0.514280706674027,0.5336350149367766,0.9784116921623855,6.974448713148163,29.89342524266639,156.70889732512194,2.1308452158784936,2.7179628826019737,1.3758378722558655,0.5247692473704602,4.9,
TabPFN-V3,0.9,clip,20.0,4.0,4.0,20000,1,2000,900,32,2665,0.0,0.6521674814563364,0.6705034039161593,0.7632710933685303,6.015105247497559,34.190324783325195,65.71749496459961,2.1374086387925906,2.7143862619277073,1.3519094454003522,0.695342335247429,4.8,
TabPFN-V3,0.9,clip,50.0,4.0,4.0,20000,1,2000,900,20,2614,0.0,0.768377051091965,0.7729620912794655,0.7648723423480988,5.763720750808716,39.75566864013672,138.89859771728516,2.1354773883260028,2.7289467597077772,1.2654247261216924,0.4809599570994444,5.2,
TabPFN-V3,0.9,clip,200.0,4.0,4.0,20000,1,2000,900,2,2569,0.0,0.7239659107964226,0.7218061072646677,0.8472753763198853,5.489021062850952,34.15144920349121,226.20243072509766,2.1333432851444836,2.7263434048068453,1.3230191279607342,0.39713204705339683,5.7,
TabPFN-V3,0.9,log,0.0,4.0,4.0,20000,1,2000,900,0,2701,0.0,0.7789715790269907,0.7839276014083079,0.964288483192412,7.313834758020747,52.33668744967743,338.32224567372316,2.1301611038475325,2.6664543063889314,1.3251976569895687,0.5212164514857638,6.9,
TabPFN-V3,0.9,tail_log,50.0,4.0,4.0,20000,1,2000,900,20,2535,0.0,0.7442962715907,0.7441573024407011,0.8465954959392548,5.8092217445373535,36.44107627868652,286.149517964595,2.1343651131419508,2.720389676456099,1.3168452023401207,361.68886893145157,6.3,
TabPFN-V3,0.9,evt_trim,0.0,4.0,4.0,20000,1,2000,900,0,1605,0.0,0.5142807086383631,0.5336350023245144,0.978412002325058,6.974449157714844,29.893427848815918,156.70889282226562,2.1308452211291207,2.717962855360059,1.375837859139343,0.524769263184819,6.5,
TabPFN-V3,0.9,raw,0.0,4.0,4.0,21000,1,2000,900,0,2294,0.0,0.8598094088686102,0.7753665974245091,1.2137137651443481,3.8656795024871826,28.773059844970703,107.87041473388672,3.9580639621496787,6.064420156036186,4.738606946259976,3.2563658673391354,6.5,
TabPFN-V3,0.9,robust,0.0,4.0,4.0,21000,1,2000,900,0,2294,0.0,0.8598094363897988,0.7753665874086323,1.2137135273670059,3.8656788203697277,28.77305939640518,107.87041136829626,3.9580639495973737,6.0644201756181655,4.738606943818131,3.256365911321524,6.9,
TabPFN-V3,0.9,clip,20.0,4.0,4.0,21000,1,2000,900,41,2667,0.0,0.6662388232840093,0.6817553446363088,0.7163963615894318,5.623120069503784,32.96096611022949,55.60128402709961,3.9619931438727063,5.953481319479195,4.770434028307009,4.161335398255863,6.7,
TabPFN-V3,0.9,clip,50.0,4.0,4.0,21000,1,2000,900,19,2622,0.0,0.7667798525791856,0.7660033185358974,0.7353353798389435,5.360602855682373,37.820228576660156,115.93587493896484,3.959911902417613,5.963155310635218,4.601228877623679,3.3136974177187737,6.7,
TabPFN-V3,0.9,clip,200.0,4.0,4.0,21000,1,2000,900,4,2574,0.0,0.7494527035177591,0.742415862959343,0.8119040131568909,4.824140310287476,33.07235908508301,169.56836700439453,3.955227171641397,5.966884691624457,4.637166358991799,2.80411161615349,6.5,
TabPFN-V3,0.9,log,0.0,4.0,4.0,21000,1,2000,900,0,3268,0.0,0.7881157386536016,0.791744534686214,0.9146979986289976,6.873883832960918,49.892252868658346,320.97583973477583,3.95246322247409,5.9022605604299,4.494071624582689,1.6425121266565055,6.6,
TabPFN-V3,0.9,tail_log,50.0,4.0,4.0,21000,1,2000,900,19,2570,0.0,0.7485853699239831,0.7410694059121311,0.7983391880989075,4.984733819961548,32.949066162109375,169.90383457533142,3.956884980842714,5.969104840503411,4.677043223497018,118.67532253132939,7.1,
TabPFN-V3,0.9,evt_trim,0.0,4.0,4.0,21000,1,2000,900,0,2294,0.0,0.8598094088686102,0.7753665974245091,1.2137137651443481,3.8656795024871826,28.773059844970703,107.87041473388672,3.9580639621496787,6.064420156036186,4.738606946259976,3.2563658673391354,6.7,
TabPFN-V3,0.9,raw,0.0,4.0,4.0,22000,1,2000,900,0,2433,0.0,1.0773695977057443,0.9596250399139532,1.860444962978363,5.495363473892212,111.65915298461914,256.4706573486328,2.9685817124051326,4.14265808325211,2.637084397410153,1.0954538880452893,6.5,
TabPFN-V3,0.9,robust,0.0,4.0,4.0,22000,1,2000,900,0,2433,0.0,1.0773696593640536,0.9596252016834476,1.8604437778058442,5.4953623136541365,111.65915583176532,256.4706902287548,2.9685815120458696,4.1426581116993235,2.6370844047470943,1.0954538034324717,6.4,
TabPFN-V3,0.9,clip,20.0,4.0,4.0,22000,1,2000,900,45,2664,0.0,0.6821710157073974,0.6898607569054228,0.8540274500846863,6.063307285308838,36.67873764038086,61.55224418640137,2.8856762219886485,4.086057608877914,2.8543756215818514,2.136437474219676,6.7,
TabPFN-V3,0.9,clip,50.0,4.0,4.0,22000,1,2000,900,18,2621,0.0,0.8031178966418813,0.798148878548322,0.8969970047473907,5.868128299713135,47.06727981567383,142.5976791381836,2.88549605719218,4.093143801747182,2.695981357225837,1.3068177579976175,6.7,
TabPFN-V3,0.9,clip,200.0,4.0,4.0,22000,1,2000,900,5,2573,0.0,0.7732623621754248,0.7602019637048147,0.9881100654602051,5.693247079849243,39.645286560058594,261.6966247558594,2.8872664651604008,4.098007088255257,2.760159932244934,0.9892834276961006,6.5,
TabPFN-V3,0.9,log,0.0,4.0,4.0,22000,1,2000,900,0,2936,0.0,0.8526806229413249,0.8476810690639193,1.0678692237561886,7.491132158208796,60.20790122404978,523.6567248005362,2.886564568479742,4.0550794832417845,2.6426417655306422,1.142061892594619,6.5,
TabPFN-V3,0.9,tail_log,50.0,4.0,4.0,22000,1,2000,900,18,2568,0.0,0.7767140436393349,0.7655857345096851,0.95374596118927,5.649540901184082,39.35310173034668,336.937930179986,2.887182746510169,4.100280864342341,2.8315381862121503,37838.0122430164,6.9,
TabPFN-V3,0.9,evt_trim,0.0,4.0,4.0,22000,1,2000,900,0,2433,0.0,1.0773695977057443,0.9596250399139532,1.860444962978363,5.495363473892212,111.65915298461914,256.4706573486328,2.9685817124051326,4.14265808325211,2.637084397410153,1.0954538880452893,6.6,
TabPFN-V3,0.9,raw,0.0,4.0,4.0,23000,1,2000,900,0,2439,0.0,0.10195918021405607,0.1256403029913905,1.7507045269012451,6.888733625411987,15.984835624694824,195.7327423095703,3.1314619001278494,4.496064909456753,3.49146800154072,2.139676856150479,5.6,
TabPFN-V3,0.9,robust,0.0,4.0,4.0,23000,1,2000,900,0,2439,0.0,0.10195909702487872,0.1256401062333215,1.7507058681851255,6.888735518690854,15.98483688817349,195.73274493479155,3.131462121343266,4.4960649456587065,3.4914679678250202,2.1396768819433536,5.0,
TabPFN-V3,0.9,clip,20.0,4.0,4.0,23000,1,2000,900,36,2668,0.0,0.6656981017091477,0.6804954406279637,0.7993212044239044,5.97411847114563,36.161272048950195,61.0416316986084,3.0448636419326394,4.466692991756436,3.5200313590276253,2.9351644298924526,5.0,
TabPFN-V3,0.9,clip,50.0,4.0,4.0,23000,1,2000,900,19,2622,0.0,0.769211550769609,0.76853105481836,0.7985901534557343,5.627988338470459,39.387739181518555,129.78397369384766,3.043683284994327,4.471598330360223,3.3223743836196253,2.331575177273933,5.0,
TabPFN-V3,0.9,clip,200.0,4.0,4.0,23000,1,2000,900,5,2573,0.0,0.7373823449187261,0.7260479309893048,0.9161408841609955,5.1874167919158936,33.24530601501465,211.03915405273438,3.0450813424313234,4.4861862342269765,3.3853238490672584,2.1657811035446164,5.1,
TabPFN-V3,0.9,log,0.0,4.0,4.0,23000,1,2000,900,0,3216,0.0,0.7875718509898166,0.7910958270550168,0.9815072069841246,7.334772954888415,53.17319440740384,353.8548175958044,3.043883754912153,4.470839964501107,3.32259173948261,2.531487762727503,5.2,
TabPFN-V3,0.9,tail_log,50.0,4.0,4.0,23000,1,2000,900,19,2567,0.0,0.7404179533230206,0.7326913602203031,0.882568746805191,5.571786165237427,33.97043800354004,264.98446143703524,3.0450820165701105,4.480539456609929,3.449515575690576,16133.208507860274,5.4,
TabPFN-V3,0.9,evt_trim,0.0,4.0,4.0,23000,1,2000,900,0,2439,0.0,0.10195918021405607,0.1256403029913905,1.7507045269012451,6.888733625411987,15.984835624694824,195.7327423095703,3.1314619001278494,4.496064909456753,3.49146800154072,2.139676856150479,5.4,
TabPFN-V3,0.9,raw,0.0,4.0,4.0,24000,1,2000,900,0,2253,0.0,0.607426320205007,0.6107541737455294,1.3889713883399963,7.812697172164917,40.056556701660156,157.9060287475586,3.4115133430852635,4.913271116876729,3.7998473285109466,1.7866840323755255,5.8,
TabPFN-V3,0.9,robust,0.0,4.0,4.0,24000,1,2000,900,0,2253,0.0,0.6074263439132027,0.6107542140309713,1.3889709991773058,7.812696949934625,40.056558604034194,157.90601553889525,3.411513300089975,4.9132711097042545,3.79984733062084,1.7866839640613872,6.7,
TabPFN-V3,0.9,clip,20.0,4.0,4.0,24000,1,2000,900,42,2666,0.0,0.6894562135948015,0.6956893200866465,0.8088925182819366,5.751546621322632,34.5931510925293,59.90415382385254,3.390267687105134,4.956925947105432,3.9324919730993355,3.322991152300105,6.8,
TabPFN-V3,0.9,clip,50.0,4.0,4.0,24000,1,2000,900,16,2619,0.0,0.831186919591635,0.8184128859703531,0.8368486166000366,5.546026945114136,44.37436103820801,127.67901611328125,3.389641269332732,4.980718140927121,3.6588995871298002,2.365932003599137,6.5,
TabPFN-V3,0.9,clip,200.0,4.0,4.0,24000,1,2000,900,5,2568,0.0,0.8021175063318648,0.7871317010491686,0.9120511114597321,5.288653373718262,37.93495559692383,220.6417999267578,3.3909684449838347,4.998501581498898,3.6206482387174286,1.3685327493196178,6.6,
TabPFN-V3,0.9,log,0.0,4.0,4.0,24000,1,2000,900,0,2574,0.0,0.8253145878269541,0.8244552252158175,0.9925278688655297,7.255953412494066,55.28729269865822,381.4904670472997,3.3890946977699588,4.910182794072279,3.4976251007310717,0.6399900163857749,6.5,
TabPFN-V3,0.9,tail_log,50.0,4.0,4.0,24000,1,2000,900,16,2568,0.0,0.8072387456529245,0.7931625617941184,0.8811182975769043,5.330740451812744,38.297170639038086,293.1272923073345,3.392707720849098,4.997060896405769,3.6957692264536077,1023.2257428376886,7.1,
TabPFN-V3,0.9,evt_trim,0.0,4.0,4.0,24000,1,2000,900,0,2253,0.0,0.607426320205007,0.6107541737455294,1.3889713883399963,7.812697172164917,40.056556701660156,157.9060287475586,3.4115133430852635,4.913271116876729,3.7998473285109466,1.7866840323755255,7.0,
TabPFN-V3,0.9,raw,0.0,4.0,4.0,25000,1,2000,900,0,2417,0.0,-0.08334324929606678,-0.009091309798840663,2.102425694465637,10.941009521484375,21.77197265625,316.9785614013672,3.164308834802998,4.309819462445273,3.3262450363182183,0.7349417593170758,6.6,
TabPFN-V3,0.9,robust,0.0,4.0,4.0,25000,1,2000,900,0,2417,0.0,-0.08334319364104095,-0.009091171244736651,2.102422770781449,10.941007246540218,21.77197110082869,316.9785721816173,3.1643083717670306,4.309819414435653,3.3262450727575086,0.7349417478813751,6.6,
TabPFN-V3,0.9,clip,20.0,4.0,4.0,25000,1,2000,900,52,2663,0.0,0.7021647494132094,0.7187045305301542,0.7608770430088043,6.1136791706085205,38.79005813598633,56.340227127075195,3.0377462419877084,4.237604234232638,3.0038986026022263,2.3816423846542776,6.6,
TabPFN-V3,0.9,clip,50.0,4.0,4.0,25000,1,2000,900,18,2622,0.0,0.9064228649858481,0.8941106500006423,0.7763931453227997,5.520155191421509,54.74128532409668,141.17425537109375,3.0372954326016193,4.2613544629017515,2.740340417576464,1.331344545273031,6.6,
TabPFN-V3,0.9,clip,200.0,4.0,4.0,25000,1,2000,900,7,2575,0.0,0.8620146178397144,0.8452070148127798,0.8788234889507294,5.130374193191528,46.851314544677734,233.10740661621094,3.0328674548975143,4.268658755044215,2.738314921819402,0.7675620482207369,6.5,
TabPFN-V3,0.9,log,0.0,4.0,4.0,25000,1,2000,900,0,2996,0.0,0.8836195501909219,0.8811889727656022,1.0025677007342524,7.586317981709807,66.01755939505001,516.0320378875097,3.024152578320262,4.212182661712116,2.5243395515179308,0.9686897534725482,6.7,
TabPFN-V3,0.9,tail_log,50.0,4.0,4.0,25000,1,2000,900,18,2564,0.0,0.8459421257564392,0.834679063163146,0.861274003982544,5.583616733551025,47.749786376953125,336.5063407928845,3.035236904630177,4.261841569609691,2.7753558164248804,31285.605293821867,6.6,
TabPFN-V3,0.9,evt_trim,0.0,4.0,4.0,25000,1,2000,900,0,2417,0.0,-0.08334324929606678,-0.009091309798840663,2.102425694465637,10.941009521484375,21.77197265625,316.9785614013672,3.164308834802998,4.309819462445273,3.3262450363182183,0.7349417593170758,6.5,
TabPFN-V3,0.9,raw,0.0,4.0,4.0,26000,1,2000,900,0,1975,0.0,0.6457326472379731,0.6325707169695104,1.081855297088623,6.139225959777832,29.858819007873535,143.14221954345703,2.922173337747546,4.004005307745525,2.7371049203628917,1.2984972014465006,6.5,
TabPFN-V3,0.9,robust,0.0,4.0,4.0,26000,1,2000,900,0,1975,0.0,0.6457326897865252,0.6325707150858209,1.0818548970473258,6.139225559763643,29.85882020217654,143.14221159463108,2.922173328520611,4.0040053114474015,2.7371049104982346,1.2984971727125978,6.6,
TabPFN-V3,0.9,clip,20.0,4.0,4.0,26000,1,2000,900,46,2664,0.0,0.6998986904960577,0.7057847352661825,0.7832336723804474,5.478650093078613,34.155412673950195,56.38726997375488,2.9304804948930117,4.007521754587251,2.8013831376606846,2.2081393897679593,6.3,
TabPFN-V3,0.9,clip,50.0,4.0,4.0,26000,1,2000,900,18,2619,0.0,0.8759800909406488,0.8609425732318681,0.7696792781352997,5.292730808258057,45.69094657897949,127.35952758789062,2.929841623207097,4.028267040575043,2.588082899549554,1.3736900320493586,6.7,
TabPFN-V3,0.9,clip,200.0,4.0,4.0,26000,1,2000,900,4,2574,0.0,0.8395729470538197,0.8219330798268927,0.8249088823795319,4.933518171310425,40.58487319946289,199.63636016845703,2.9317682843804937,4.055019953991695,2.520341495377543,1.033405571286784,4.9,
TabPFN-V3,0.9,log,0.0,4.0,4.0,26000,1,2000,900,0,2981,0.0,0.8216369020926566,0.8179465458683564,0.9566307539568314,6.720153857273836,52.09671429794817,385.6258510039108,2.9176951107851608,3.936795708877868,2.4929411347748798,0.9678671956443794,5.0,
TabPFN-V3,0.9,tail_log,50.0,4.0,4.0,26000,1,2000,900,18,2570,0.0,0.8520368608090183,0.8361455609362365,0.8164676427841187,5.109628438949585,42.63894844055176,281.46988382470965,2.931657732656868,4.042404808458135,2.531153002833749,18.52551301297621,5.1,
TabPFN-V3,0.9,evt_trim,0.0,4.0,4.0,26000,1,2000,900,0,1975,0.0,0.6457326472379731,0.6325707169695104,1.081855297088623,6.139225959777832,29.858819007873535,143.14221954345703,2.922173337747546,4.004005307745525,2.7371049203628917,1.2984972014465006,4.9,
TabPFN-V3,0.9,log,0.0,20.0,20.0,7000,1,2000,900,0,3263,0.0,0.8447144118596422,0.8477850046657,0.9771600870507231,7.7265763284465585,63.08947149764785,443.3340882440876,2.175092852804696,2.799325527224215,1.3885135509212745,0.6720686086413128,5.2,
TabPFN-V3,0.9,tail_log,50.0,20.0,20.0,7000,1,2000,900,13,2544,0.0,0.849706609101812,0.8371878861361453,0.8634178340435028,5.4850828647613525,42.68928527832031,309.679575846184,2.178796035725788,2.8634707441793377,1.447094891397516,257.00418840480916,5.0,
TabPFN-V3,0.9,evt_trim,0.0,20.0,20.0,7000,1,2000,900,0,439,0.0,-0.24224840906488143,-0.1535297079434736,2.23437237739563,8.707891941070557,13.64082145690918,197.98956298828125,2.316902996423629,2.837798983867814,1.7160917851440187,0.2534976400377242,5.2,
TabPFN-V3,0.9,log,0.0,20.0,20.0,8000,1,2000,900,0,2833,0.0,0.8380460129066107,0.8351187654117859,1.0601505368861863,7.469086569320952,59.64773460418924,508.4627264893841,2.5803016442852713,3.647695974695491,2.1026019052532128,1.1354479577664924,5.2,
TabPFN-V3,0.9,tail_log,50.0,20.0,20.0,8000,1,2000,900,23,2562,0.0,0.7214390337662475,0.7129819489106036,0.9898048639297485,5.950441837310791,35.67041015625,333.1644274687859,2.573861858719365,3.6562956809493343,2.379976081132217,131466.6507670716,6.5,
TabPFN-V3,0.9,evt_trim,0.0,20.0,20.0,8000,1,2000,900,0,759,0.0,-0.3071414346568246,-0.14517395212206355,4.138482093811035,46.76367378234863,80.3236312866211,117.8057632446289,3.3930048905803423,6.00631711142392,2.172803018891679,1.2981285878038493,6.4,
TabPFN-V3,0.9,log,0.0,20.0,20.0,9000,1,2000,900,0,3234,0.0,0.9080315216931213,0.9032899219889756,0.9198168686360835,6.955478415865008,62.81311582871187,593.8764660891397,2.3780549705063123,3.3403620304725044,1.8994221472977522,0.909895385472919,6.6,
TabPFN-V3,0.9,tail_log,50.0,20.0,20.0,9000,1,2000,900,18,2559,0.0,0.8301018565107056,0.8205062271847849,0.8604011237621307,5.765564203262329,41.7944393157959,322.1059931762004,2.3758688705188735,3.3535862143715582,2.116080795076323,2631.5672325052215,6.6,
TabPFN-V3,0.9,evt_trim,0.0,20.0,20.0,9000,1,2000,900,0,761,0.0,-0.31539966333640446,-0.10495894151018467,-1.3631668090820312,69.91737365722656,124.48306274414062,185.51410675048828,3.739264418780189,7.656399744920872,1.8607799575888915,0.4537917238855338,6.5,
TabPFN-V3,0.9,log,0.0,20.0,19.999999999999996,10000,1,2000,900,0,3375,0.0,0.9325078750391794,0.9206162368400023,0.8780976327873969,6.064210862222415,57.06665015072748,553.2459871660733,2.3959878404968085,3.2984986938938405,1.7794159023661158,1.6422819926793435,6.5,
TabPFN-V3,0.9,tail_log,50.0,20.0,19.999999999999996,10000,1,2000,900,27,2558,0.0,0.8868072347538528,0.8662119804121429,0.7714905142784119,4.3392157554626465,39.151750564575195,300.33035547336056,2.4002891882362056,3.326181314649167,2.049909952488233,1267987.9913341168,6.6,
TabPFN-V3,0.9,evt_trim,0.0,20.0,19.999999999999996,10000,1,2000,900,0,575,0.0,-0.2980431585821393,-0.1916521091043673,2.737245559692383,13.773539066314697,22.65475845336914,30.829066276550293,2.6751165651946582,3.43823385785888,2.4001951578784517,1.9696251170455668,6.5,
TabPFN-V3,0.9,log,0.0,20.0,20.0,11000,1,2000,900,0,2379,0.0,0.780630823472733,0.7910091867428115,0.9751744244821898,7.982481348805528,56.744446073558926,315.9555079718678,4.41378523520041,6.67719289960357,4.838445770174,2.2814701782271287,6.5,
TabPFN-V3,0.9,tail_log,50.0,20.0,20.0,11000,1,2000,900,15,2556,0.0,0.769924744763411,0.7637435680770018,0.8506424129009247,5.7875471115112305,38.6915283203125,241.68721708450914,4.425339899022875,6.7409144179278275,5.091829719302207,8.086211904325115,6.7,
TabPFN-V3,0.9,evt_trim,0.0,20.0,20.0,11000,1,2000,900,0,460,0.0,-0.20387684486188298,-0.12933701265425585,2.1139659881591797,8.017266750335693,13.59036636352539,173.81492614746094,4.481358769708847,6.729310834304846,5.921444422266946,3.0883145393688918,6.7,
TabPFN-V3,0.9,raw,0.0,20.0,20.0,12000,1,2000,900,0,558,0.0,-0.32589734926580627,-0.1347331619622215,2.3019895553588867,82.12230682373047,141.88211059570312,211.58941650390625,5.555587131506244,11.892369355996863,5.462598104662877,4.335726699123306,6.6,
TabPFN-V3,0.9,robust,0.0,20.0,20.0,12000,1,2000,900,0,558,0.0,-0.3258971887713599,-0.1347333398609347,2.3020202476825187,82.12233004081352,141.88213962302348,211.58944589942598,5.555587878721896,11.892371065836036,5.462598183481062,4.335726543495473,7.1,
TabPFN-V3,0.9,clip,20.0,20.0,20.0,12000,1,2000,900,43,2664,0.0,0.679657233878569,0.695011527060933,0.8418144583702087,6.4704155921936035,38.50277137756348,61.14883804321289,4.348582267051878,6.713278028575292,5.759305849541995,5.019974505987323,6.3,
TabPFN-V3,0.9,clip,50.0,20.0,20.0,12000,1,2000,900,12,2626,0.0,0.8051941241700279,0.8020592131850949,0.8240545690059662,6.11548924446106,46.81950569152832,131.9935531616211,4.34802970091471,6.731880206004197,5.379967714970737,3.9271154441917497,6.2,
TabPFN-V3,0.9,clip,200.0,20.0,20.0,12000,1,2000,900,4,2579,0.0,0.7808571621534106,0.7738496105547277,0.8942660391330719,5.950885772705078,41.432884216308594,181.49365997314453,4.349297700238287,6.746501730839887,5.358123848293807,3.4302608202395777,6.4,
TabPFN-V3,0.9,log,0.0,20.0,20.0,12000,1,2000,900,0,2932,0.0,0.7904086081577971,0.794604838406684,1.054989411304148,7.913619778590002,58.972891231991625,393.2632356832602,4.3496105073377045,6.706778303353852,5.153543621834928,1.6912009893944493,6.4,
TabPFN-V3,0.9,tail_log,50.0,20.0,20.0,12000,1,2000,900,12,2555,0.0,0.7610636662648623,0.756660722576663,0.9126656651496887,5.978394269943237,39.275634765625,267.00177533687827,4.350374757761654,6.7561585664385975,5.415167826955474,2.211242837034109,6.6,
TabPFN-V3,0.9,evt_trim,0.0,20.0,20.0,12000,1,2000,900,3,2560,0.0,0.7562063036786073,0.7504176257859362,0.9305295646190643,5.763066053390503,38.5084171295166,195.76844787597656,4.350237391905458,6.755622311372796,5.435560969377169,3.181213637877914,6.8,
TabPFN-V3,0.9,raw,0.0,20.0,20.0,13000,1,2000,900,0,365,0.0,0.7308975645844802,0.6564550086177846,1.558887243270874,6.523524522781372,43.937442779541016,152.55458068847656,3.2233657160218625,4.637757133453854,3.6471115126780775,1.9588118705094684,6.0,
TabPFN-V3,0.9,robust,0.0,20.0,20.0,13000,1,2000,900,0,365,0.0,0.7308976149667583,0.6564550589977725,1.5588865193457604,6.523523733905248,43.93744205452609,152.5545811729515,3.22336562740858,4.637757167981927,3.647111529141742,1.9588118167064024,5.3,
TabPFN-V3,0.9,clip,20.0,20.0,20.0,13000,1,2000,900,39,2662,0.0,0.6967585531143978,0.7061206829737715,0.7219916880130768,5.38326096534729,34.14715576171875,56.42836570739746,3.1503809971882886,4.587757759174064,3.5423184428212253,2.9708468495959104,5.2,
TabPFN-V3,0.9,clip,50.0,20.0,20.0,13000,1,2000,900,18,2619,0.0,0.7660400008683931,0.7629685259620761,0.7319275736808777,5.162153244018555,37.36698532104492,114.16173934936523,3.150028019878364,4.610655375006308,3.487828154018972,2.366427187895277,5.3,
TabPFN-V3,0.9,clip,200.0,20.0,20.0,13000,1,2000,900,2,2576,0.0,0.7554437071564124,0.75110363277214,0.8254326581954956,4.956505060195923,33.29953956604004,136.29894256591797,3.151491352736451,4.6279302717706505,3.491328036470555,2.0721263405153807,5.1,
TabPFN-V3,0.9,log,0.0,20.0,20.0,13000,1,2000,900,0,2348,0.0,0.7546350227349093,0.7579885854944878,0.9257874844911786,6.529811881067746,44.71910138934652,230.47820319969196,3.145123811014891,4.552208530718487,3.4116043816835306,1.4825692658989706,4.9,
TabPFN-V3,0.9,tail_log,50.0,20.0,20.0,13000,1,2000,900,18,2525,0.0,0.7511452958349328,0.747875796016874,0.8093043267726898,4.99262261390686,33.54275894165039,148.46436146906245,3.1530151518672804,4.624389542429927,3.533857677230397,170.55145692420547,5.1,
TabPFN-V3,0.9,evt_trim,0.0,20.0,20.0,13000,1,2000,900,0,365,0.0,0.7308975645844802,0.6564550086177846,1.558887243270874,6.523524522781372,43.937442779541016,152.55458068847656,3.2233657160218625,4.637757133453854,3.6471115126780775,1.9588118705094684,5.1,
TabPFN-V3,0.9,raw,0.0,20.0,20.0,14000,1,2000,900,0,505,0.0,-0.31870407399702144,-0.2416028673020092,2.211841583251953,9.122962951660156,14.228657722473145,85.2429428100586,3.157078538926844,4.367941570947915,3.7407471738807323,2.3809329460647186,5.7,
TabPFN-V3,0.9,robust,0.0,20.0,20.0,14000,1,2000,900,0,505,0.0,-0.31870402361061484,-0.24160294480319566,2.211841942559361,9.122963045680276,14.228658307407716,85.24293997258945,3.1570785740990064,4.367941567858365,3.7407471540531283,2.3809329226729754,6.5,
TabPFN-V3,0.9,clip,20.0,20.0,20.0,14000,1,2000,900,45,2665,0.0,0.6785313890575226,0.696070331517798,0.6949738264083862,5.694410800933838,34.99028778076172,52.77171325683594,2.996427610124664,4.342966688035207,3.1526817114783836,2.6619272101710805,6.5,
TabPFN-V3,0.9,clip,50.0,20.0,20.0,14000,1,2000,900,13,2626,0.0,0.8389849405727635,0.8371531704505926,0.6929916143417358,5.318849086761475,44.017160415649414,122.29607391357422,2.9967248454184534,4.369405095569458,3.0730962580905423,2.161721195264603,6.5,
TabPFN-V3,0.9,clip,200.0,20.0,20.0,14000,1,2000,900,6,2572,0.0,0.8062036105272161,0.7990830231457655,0.7665477693080902,4.9260735511779785,41.356794357299805,186.64346313476562,2.9955998987125603,4.387681681211193,3.068479602314067,1.782127804642994,6.6,
TabPFN-V3,0.9,log,0.0,20.0,20.0,14000,1,2000,900,0,3033,0.0,0.8056139586439541,0.8089867019017455,0.8960316456791344,6.837207443385331,52.920877678520355,330.88256864740214,2.9843158911768826,4.297217802155009,3.005407033202606,0.7775840623273094,6.8,
TabPFN-V3,0.9,tail_log,50.0,20.0,20.0,14000,1,2000,900,13,2560,0.0,0.8098278182875277,0.8046735304400163,0.7548567056655884,5.017042398452759,41.64374542236328,269.25186112142853,2.9962936917453096,4.386129202095438,3.0637369715749636,21.453178700514922,6.5,
TabPFN-V3,0.9,evt_trim,0.0,20.0,20.0,14000,1,2000,900,0,505,0.0,-0.31870407399702144,-0.2416028673020092,2.211841583251953,9.122962951660156,14.228657722473145,85.2429428100586,3.157078538926844,4.367941570947915,3.7407471738807323,2.3809329460647186,6.8,
TabPFN-V3,0.9,raw,0.0,20.0,20.0,15000,1,2000,900,0,569,0.0,-0.3150543330781681,-0.2007357627983632,2.451225757598877,13.669445514678955,22.30352020263672,31.49881076812744,4.976923909914577,7.338298709491539,6.558010426800762,5.674079895002552,6.4,
TabPFN-V3,0.9,robust,0.0,20.0,20.0,15000,1,2000,900,0,569,0.0,-0.3150543328279386,-0.20073568850426213,2.4512252628387006,13.669444994097844,22.30351977712469,31.498812603530368,4.9769238779786775,7.33829871887048,6.5580104177426,5.674079889018207,6.4,
TabPFN-V3,0.9,clip,20.0,20.0,20.0,15000,1,2000,900,51,2665,0.0,0.7015130197705263,0.717101175172565,0.7254176735877991,5.83612322807312,36.27883720397949,56.39755630493164,4.818736606410581,7.282001907490872,6.072131639070455,5.308305325254511,6.9,
TabPFN-V3,0.9,clip,50.0,20.0,20.0,15000,1,2000,900,26,2620,0.0,0.8845366708154379,0.8780486270458536,0.736611545085907,5.367877244949341,49.38613700866699,138.75607299804688,4.818922320357174,7.342154119501579,5.512409529687306,4.1978360021924415,6.8,
TabPFN-V3,0.9,clip,200.0,20.0,20.0,15000,1,2000,900,7,2570,0.0,0.8810321271534862,0.8641911793310718,0.833361953496933,5.091981410980225,43.12150955200195,278.51318359375,4.812976528094907,7.353950498580765,5.522241824360683,3.8174163297063735,6.6,
TabPFN-V3,0.9,log,0.0,20.0,20.0,15000,1,2000,900,0,3018,0.0,0.9493453406349386,0.942018924105288,0.940247187337252,7.078594003371514,68.32472976390429,726.9075037611287,4.80349877895803,7.1997933897146265,5.346165049435856,2.670852484550407,6.7,
TabPFN-V3,0.9,tail_log,50.0,20.0,20.0,15000,1,2000,900,26,2555,0.0,0.8841796679536196,0.8705278120816828,0.8126596808433533,4.931556224822998,43.04732894897461,453.3714457609321,4.815821874023193,7.355715341380089,5.5846636024939915,5074.02225370142,6.9,
TabPFN-V3,0.9,evt_trim,0.0,20.0,20.0,15000,1,2000,900,0,569,0.0,-0.3150543330781681,-0.2007357627983632,2.451225757598877,13.669445514678955,22.30352020263672,31.49881076812744,4.976923909914577,7.338298709491539,6.558010426800762,5.674079895002552,6.6,
TabPFN-V3,0.9,raw,0.0,20.0,19.999999999999996,16000,1,2000,900,0,508,0.0,-0.12019242040239649,-0.015159669940091176,1.84158855676651,8.279642105102539,15.02260446548462,222.0939178466797,2.316795513992536,2.9799190395545896,1.644652709327055,0.31340898468860395,6.6,
TabPFN-V3,0.9,robust,0.0,20.0,19.999999999999996,16000,1,2000,900,0,508,0.0,-0.12019240091450542,-0.01515963836276227,1.8415889847851201,8.279642027813502,15.022604480254106,222.09391782301668,2.316795535392485,2.9799190367093655,1.6446526988784096,0.3134089743044039,6.6,
TabPFN-V3,0.9,clip,20.0,20.0,19.999999999999996,16000,1,2000,900,54,2657,0.0,0.7836913836980621,0.7860560115220876,0.7486035525798798,5.674520492553711,43.184370040893555,65.25823593139648,2.2331878829283003,2.903681368693129,1.591134190029229,0.9956373004073649,6.4,
TabPFN-V3,0.9,clip,50.0,20.0,19.999999999999996,16000,1,2000,900,17,2616,0.0,0.9074078946630627,0.8978349739689256,0.7949387431144714,5.497650384902954,55.73299789428711,149.74217224121094,2.2306761608832004,2.9259203312110467,1.4006433460443648,0.2959319138982071,6.2,
TabPFN-V3,0.9,clip,200.0,20.0,19.999999999999996,16000,1,2000,900,2,2576,0.0,0.8964718739030306,0.8797072254733821,0.9169512689113617,5.221120357513428,47.91707229614258,225.5435791015625,2.2280007598156586,2.9353556510692287,1.3925524109063458,0.24859202903236247,5.2,
TabPFN-V3,0.9,log,0.0,20.0,19.999999999999996,16000,1,2000,900,0,2744,0.0,0.888371067989747,0.8839080323702804,1.0046020535923708,7.368378840654449,65.15419037678615,457.4751325715745,2.2219586294006453,2.8928807459160013,1.3653449015777923,0.6507435360566691,5.0,
TabPFN-V3,0.9,tail_log,50.0,20.0,19.999999999999996,16000,1,2000,900,17,2560,0.0,0.8957255245618977,0.8814162467062078,0.8826226592063904,5.218347549438477,47.497968673706055,292.9578155132885,2.2291238079952143,2.934668618268381,1.4196980453729324,404.4721059749456,5.3,
TabPFN-V3,0.9,evt_trim,0.0,20.0,19.999999999999996,16000,1,2000,900,0,508,0.0,-0.12019242040239649,-0.015159669940091176,1.84158855676651,8.279642105102539,15.02260446548462,222.0939178466797,2.316795513992536,2.9799190395545896,1.644652709327055,0.31340898468860395,5.1,
TabPFN-V3,0.9,raw,0.0,20.0,20.0,17000,1,2000,900,0,529,0.0,-0.31210656178329454,-0.2145686943714684,2.686753034591675,12.644352912902832,20.292367935180664,29.383742332458496,2.610265450011458,3.328762368601496,2.2991157255639063,1.5099255897815929,5.1,
TabPFN-V3,0.9,robust,0.0,20.0,20.0,17000,1,2000,900,0,529,0.0,-0.3121066692675105,-0.21456864443299656,2.686748116163382,12.644348292724914,20.292361594442916,29.383737864089902,2.610264390075953,3.3287621914714256,2.299115864603088,1.5099256320161192,4.7,
TabPFN-V3,0.9,clip,20.0,20.0,20.0,17000,1,2000,900,47,2665,0.0,0.6849755415693882,0.703401266409191,0.7537119090557098,6.261641025543213,38.07018852233887,64.77632522583008,2.366669281125708,3.125783566131061,1.9652527612175061,1.328892102029945,5.3,
TabPFN-V3,0.9,clip,50.0,20.0,20.0,17000,1,2000,900,15,2621,0.0,0.8534195942083129,0.8510102460698361,0.7667825222015381,6.0022852420806885,49.59584426879883,140.7168197631836,2.367222602189402,3.1395400688939694,1.7426904936203726,0.6969898871771665,5.3,
TabPFN-V3,0.9,clip,200.0,20.0,20.0,17000,1,2000,900,5,2571,0.0,0.8143175234909827,0.8073040929786883,0.844127893447876,5.580638408660889,41.91421699523926,234.0042266845703,2.3660389888197524,3.157963429429196,1.6968954924258015,0.39870379375206744,6.7,
TabPFN-V3,0.9,log,0.0,20.0,20.0,17000,1,2000,900,0,2712,0.0,0.8805774285578544,0.8793973107307705,0.9816364597453129,7.431791556571463,63.11601074676426,496.29466249440065,2.3535282338303256,3.098316488593598,1.680865800234565,2.928279355095486,6.5,
TabPFN-V3,0.9,tail_log,50.0,20.0,20.0,17000,1,2000,900,15,2559,0.0,0.811074455604924,0.8068070059394543,0.8298582136631012,5.53902792930603,42.251312255859375,284.9303703792915,2.367575980128412,3.153784232062255,1.737763617272552,1914.6929462902426,6.6,
TabPFN-V3,0.9,evt_trim,0.0,20.0,20.0,17000,1,2000,900,0,529,0.0,-0.31210656178329454,-0.2145686943714684,2.686753034591675,12.644352912902832,20.292367935180664,29.383742332458496,2.610265450011458,3.328762368601496,2.2991157255639063,1.5099255897815929,6.9,
TabPFN-V3,0.9,raw,0.0,20.0,20.0,18000,1,2000,900,0,643,0.0,-0.30926249965572794,-0.23065361418751282,2.181224822998047,8.729471206665039,13.567316055297852,206.2862091064453,2.0366301715538913,2.5060822018641242,1.7644288779042068,0.9152707538539946,6.8,
TabPFN-V3,0.9,robust,0.0,20.0,20.0,18000,1,2000,900,0,643,0.0,-0.30926248847355164,-0.23065355414465671,2.1812252111226433,8.72947076460104,13.567315712701927,206.2861912051551,2.0366301858000253,2.506082185200108,1.7644288972738733,0.9152707697138585,6.6,
TabPFN-V3,0.9,clip,20.0,20.0,20.0,18000,1,2000,900,41,2665,0.0,0.7599577059429655,0.7645482167743531,0.7309230864048004,5.391278266906738,36.68293762207031,58.89952278137207,1.8480913696291803,2.416391982886268,1.486263056210179,0.9577988859678688,6.6,
TabPFN-V3,0.9,clip,50.0,20.0,20.0,18000,1,2000,900,16,2624,0.0,0.8518857204731962,0.8431389021260268,0.7499974071979523,5.152603626251221,43.7232666015625,130.8965301513672,1.8486830858012733,2.414501326483067,1.5094793481852218,0.582831600446628,6.4,
TabPFN-V3,0.9,clip,200.0,20.0,20.0,18000,1,2000,900,3,2578,0.0,0.8124670183035733,0.798110029523216,0.8507827818393707,4.743366479873657,37.34611129760742,157.8271942138672,1.8472506770882862,2.420407695780539,1.5181837676232661,0.4727136585478583,6.6,
TabPFN-V3,0.9,log,0.0,20.0,20.0,18000,1,2000,900,0,3039,0.0,0.8115290815565808,0.8115108157777454,0.9477978081860237,6.837076540788919,51.33014006562978,340.10516155095354,1.8457294931108956,2.4272090223896514,1.5292191606423446,0.5366994213706567,6.5,
TabPFN-V3,0.9,tail_log,50.0,20.0,20.0,18000,1,2000,900,16,2567,0.0,0.81337550425974,0.8002512156551593,0.8231054246425629,4.862899541854858,36.942626953125,197.6954685228436,1.8473190892350755,2.4214914809677985,1.5246558866703415,70.11685202719293,6.5,
TabPFN-V3,0.9,evt_trim,0.0,20.0,20.0,18000,1,2000,900,0,643,0.0,-0.30926249965572794,-0.23065361418751282,2.181224822998047,8.729471206665039,13.567316055297852,206.2862091064453,2.0366301715538913,2.5060822018641242,1.7644288779042068,0.9152707538539946,6.6,
TabPFN-V3,0.9,raw,0.0,20.0,19.999999999999996,19000,1,2000,900,0,494,0.0,-0.3061303794550367,-0.19338399084592534,2.160451650619507,11.059862613677979,17.663569450378418,106.25839233398438,3.577892269080223,4.902726811750902,3.9677332403514716,2.481536850530016,6.5,
TabPFN-V3,0.9,robust,0.0,20.0,19.999999999999996,19000,1,2000,900,0,494,0.0,-0.30613036481635947,-0.19338404830002914,2.160452938991302,11.059863842008454,17.663571487507113,106.25838912505637,3.577892412327266,4.902726817030607,3.9677331806339584,2.481536876814715,6.3,
TabPFN-V3,0.9,clip,20.0,20.0,19.999999999999996,19000,1,2000,900,46,2667,0.0,0.6691016879611625,0.6888537866799485,0.7549371421337128,6.1081743240356445,36.0697021484375,56.93890380859375,3.4788700138262247,4.921662133686778,3.5125899318249747,2.865346969980823,6.6,
TabPFN-V3,0.9,clip,50.0,20.0,19.999999999999996,19000,1,2000,900,25,2620,0.0,0.8268634085227597,0.8246491247452482,0.7413794100284576,5.751552581787109,46.44055938720703,136.9751739501953,3.4786325986823416,4.956490492826545,3.2346191508013646,2.079778792784259,7.5,
TabPFN-V3,0.9,clip,200.0,20.0,19.999999999999996,19000,1,2000,900,8,2569,0.0,0.7834986368177056,0.7739041147429188,0.8855312764644623,5.335251331329346,38.672109603881836,261.3574981689453,3.4694853878929264,4.960660622434594,3.265040460428263,1.9197148912963116,6.5,
TabPFN-V3,0.9,log,0.0,20.0,19.999999999999996,19000,1,2000,900,0,2669,0.0,0.8728012922643774,0.8728171388757394,0.9418190140655371,7.273374748521718,64.10036811407255,570.9877559068091,3.463195426724075,4.866441329689032,3.257705812331453,1.7729651310715067,6.6,
TabPFN-V3,0.9,tail_log,50.0,20.0,19.999999999999996,19000,1,2000,900,25,2553,0.0,0.7965764464900612,0.7869269220926179,0.8498828411102295,5.239465236663818,39.669368743896484,401.6847757436155,3.472369250825053,4.966164395126376,3.3759622791606105,33961.36996114511,6.5,
TabPFN-V3,0.9,evt_trim,0.0,20.0,19.999999999999996,19000,1,2000,900,0,494,0.0,-0.3061303794550367,-0.19338399084592534,2.160451650619507,11.059862613677979,17.663569450378418,106.25839233398438,3.577892269080223,4.902726811750902,3.9677332403514716,2.481536850530016,5.6,
TabPFN-V3,0.9,raw,0.0,20.0,19.999999999999996,20000,1,2000,900,0,328,0.0,-0.07633108643005779,0.022102046693645853,1.9404539465904236,7.384692907333374,13.5015230178833,215.40239715576172,2.2092001007742232,2.7208651434604825,1.6237120161518532,0.4206286532783044,5.1,
TabPFN-V3,0.9,robust,0.0,20.0,19.999999999999996,20000,1,2000,900,0,328,0.0,-0.07633121510619915,0.02210208093376203,1.940454111437491,7.384693179878474,13.50152291413552,215.40240837135812,2.2092001013164464,2.720865136813233,1.6237120188612295,0.42062865026668395,5.1,
TabPFN-V3,0.9,clip,20.0,20.0,19.999999999999996,20000,1,2000,900,32,2665,0.0,0.6521674814563364,0.6705034039161593,0.7632710933685303,6.015105247497559,34.190324783325195,65.71749496459961,2.1374086387925906,2.7143862619277073,1.3519094454003522,0.695342335247429,5.1,
TabPFN-V3,0.9,clip,50.0,20.0,19.999999999999996,20000,1,2000,900,20,2614,0.0,0.768377051091965,0.7729620912794655,0.7648723423480988,5.763720750808716,39.75566864013672,138.89859771728516,2.1354773883260028,2.7289467597077772,1.2654247261216924,0.4809599570994444,5.2,
TabPFN-V3,0.9,clip,200.0,20.0,19.999999999999996,20000,1,2000,900,2,2569,0.0,0.7239659107964226,0.7218061072646677,0.8472753763198853,5.489021062850952,34.15144920349121,226.20243072509766,2.1333432851444836,2.7263434048068453,1.3230191279607342,0.39713204705339683,5.2,
TabPFN-V3,0.9,log,0.0,20.0,19.999999999999996,20000,1,2000,900,0,2696,0.0,0.7806093439509952,0.7853856204396978,0.9645466581911646,7.282301007044579,52.30735289206726,349.2114686765492,2.130131366368362,2.666557088319198,1.3247691726058437,0.5362683485581599,5.1,
TabPFN-V3,0.9,tail_log,50.0,20.0,19.999999999999996,20000,1,2000,900,20,2501,0.0,0.7401838364174065,0.7411380932529124,0.8159627318382263,5.415388107299805,35.403268814086914,271.9070095694368,2.134855683587614,2.7234354509636116,1.3337035618203341,634.4234689790331,5.2,
TabPFN-V3,0.9,evt_trim,0.0,20.0,19.999999999999996,20000,1,2000,900,0,328,0.0,-0.07633108643005779,0.022102046693645853,1.9404539465904236,7.384692907333374,13.5015230178833,215.40239715576172,2.2092001007742232,2.7208651434604825,1.6237120161518532,0.4206286532783044,6.7,
TabPFN-V3,0.9,raw,0.0,20.0,20.0,21000,1,2000,900,0,570,0.0,-0.3179599643698087,-0.20585428542081186,2.223451852798462,11.053338050842285,17.773856163024902,24.688447952270508,4.125416059078614,5.925222952806135,5.21625209529193,4.2663040942520025,6.6,
TabPFN-V3,0.9,robust,0.0,20.0,20.0,21000,1,2000,900,0,570,0.0,-0.3179599539746743,-0.2058542380310009,2.2234521802870457,11.053338532936486,17.773857839297882,24.688448756196713,4.125416155146806,5.925222960634254,5.216252059199804,4.266304079873958,6.5,
TabPFN-V3,0.9,clip,20.0,20.0,20.0,21000,1,2000,900,41,2667,0.0,0.6662388232840093,0.6817553446363088,0.7163963615894318,5.623120069503784,32.96096611022949,55.60128402709961,3.9619931438727063,5.953481319479195,4.770434028307009,4.161335398255863,6.4,
TabPFN-V3,0.9,clip,50.0,20.0,20.0,21000,1,2000,900,19,2622,0.0,0.7667798525791856,0.7660033185358974,0.7353353798389435,5.360602855682373,37.820228576660156,115.93587493896484,3.959911902417613,5.963155310635218,4.601228877623679,3.3136974177187737,6.6,
TabPFN-V3,0.9,clip,200.0,20.0,20.0,21000,1,2000,900,4,2574,0.0,0.7494527035177591,0.742415862959343,0.8119040131568909,4.824140310287476,33.07235908508301,169.56836700439453,3.955227171641397,5.966884691624457,4.637166358991799,2.80411161615349,6.2,
TabPFN-V3,0.9,log,0.0,20.0,20.0,21000,1,2000,900,0,3262,0.0,0.7867308523446015,0.7905728385884133,0.9144925929681644,6.8655833759656755,49.14080748017065,302.987189421425,3.952389282712509,5.902275240491347,4.494286611189042,1.6673770333565414,6.5,
TabPFN-V3,0.9,tail_log,50.0,20.0,20.0,21000,1,2000,900,19,2560,0.0,0.7433937001929873,0.737140327389514,0.7952665686607361,5.081986427307129,32.85773468017578,177.34021034055678,3.9568685643208243,5.964958898133314,4.6789973721942975,49.1130000796933,6.3,
TabPFN-V3,0.9,evt_trim,0.0,20.0,20.0,21000,1,2000,900,0,570,0.0,-0.3179599643698087,-0.20585428542081186,2.223451852798462,11.053338050842285,17.773856163024902,24.688447952270508,4.125416059078614,5.925222952806135,5.21625209529193,4.2663040942520025,6.7,
TabPFN-V3,0.9,raw,0.0,20.0,20.0,22000,1,2000,900,0,729,0.0,-0.29713207737623015,-0.14925226231627917,2.1924582719802856,17.573261260986328,30.014001846313477,40.53278160095215,3.058861501759009,4.396773679722785,2.990097835761041,2.4999887843901556,6.4,
TabPFN-V3,0.9,robust,0.0,20.0,20.0,22000,1,2000,900,0,729,0.0,-0.2971320426772342,-0.1492522151575758,2.1924578768584624,17.57326067243037,30.014003027035606,40.53278411421657,3.0588615460360566,4.396773686196501,2.9900977922097676,2.499988722756546,6.5,
TabPFN-V3,0.9,clip,20.0,20.0,20.0,22000,1,2000,900,45,2664,0.0,0.6821710157073974,0.6898607569054228,0.8540274500846863,6.063307285308838,36.67873764038086,61.55224418640137,2.8856762219886485,4.086057608877914,2.8543756215818514,2.136437474219676,7.1,
TabPFN-V3,0.9,clip,50.0,20.0,20.0,22000,1,2000,900,18,2621,0.0,0.8031178966418813,0.798148878548322,0.8969970047473907,5.868128299713135,47.06727981567383,142.5976791381836,2.88549605719218,4.093143801747182,2.695981357225837,1.3068177579976175,6.7,
TabPFN-V3,0.9,clip,200.0,20.0,20.0,22000,1,2000,900,5,2573,0.0,0.7732623621754248,0.7602019637048147,0.9881100654602051,5.693247079849243,39.645286560058594,261.6966247558594,2.8872664651604008,4.098007088255257,2.760159932244934,0.9892834276961006,6.4,
TabPFN-V3,0.9,log,0.0,20.0,20.0,22000,1,2000,900,0,2930,0.0,0.8542746797748095,0.8490746387412126,1.0687526687313873,7.498480766923317,60.437034935118874,548.5674359030172,2.8865686097065493,4.054701294319254,2.6447727384198525,1.1803821615959076,6.6,
TabPFN-V3,0.9,tail_log,50.0,20.0,20.0,22000,1,2000,900,18,2564,0.0,0.7813356875603695,0.7685250024368578,0.9847619533538818,5.74148154258728,40.30001640319824,402.2626788446942,2.8874610954529034,4.105947998230472,2.8430059617039527,121941.39345088869,6.8,
TabPFN-V3,0.9,evt_trim,0.0,20.0,20.0,22000,1,2000,900,0,729,0.0,-0.29713207737623015,-0.14925226231627917,2.1924582719802856,17.573261260986328,30.014001846313477,40.53278160095215,3.058861501759009,4.396773679722785,2.990097835761041,2.4999887843901556,6.6,
TabPFN-V3,0.9,raw,0.0,20.0,20.0,23000,1,2000,900,0,747,0.0,-0.29426810640344864,-0.12775418053051196,2.157602548599243,25.64975929260254,44.72063446044922,61.32198715209961,3.2685910483428353,5.504654053563876,3.522112369589574,2.9522690705712824,6.5,
TabPFN-V3,0.9,robust,0.0,20.0,20.0,23000,1,2000,900,0,747,0.0,-0.2942680680456626,-0.12775422652210802,2.1576016382884884,25.64975944994653,44.720633471868865,61.32198145061833,3.268590890088142,5.504653884117445,3.5221123827026597,2.952269123777676,6.5,
TabPFN-V3,0.9,clip,20.0,20.0,20.0,23000,1,2000,900,36,2668,0.0,0.6656981017091477,0.6804954406279637,0.7993212044239044,5.97411847114563,36.161272048950195,61.0416316986084,3.0448636419326394,4.466692991756436,3.5200313590276253,2.9351644298924526,6.0,
TabPFN-V3,0.9,clip,50.0,20.0,20.0,23000,1,2000,900,19,2622,0.0,0.769211550769609,0.76853105481836,0.7985901534557343,5.627988338470459,39.387739181518555,129.78397369384766,3.043683284994327,4.471598330360223,3.3223743836196253,2.331575177273933,5.1,
TabPFN-V3,0.9,clip,200.0,20.0,20.0,23000,1,2000,900,5,2573,0.0,0.7373823449187261,0.7260479309893048,0.9161408841609955,5.1874167919158936,33.24530601501465,211.03915405273438,3.0450813424313234,4.4861862342269765,3.3853238490672584,2.1657811035446164,5.0,
TabPFN-V3,0.9,log,0.0,20.0,20.0,23000,1,2000,900,0,3210,0.0,0.787432268150103,0.7912405942369116,0.9816919432344393,7.33155226025928,52.184497558881255,359.2642669098101,3.043798921714809,4.47020380585767,3.3247854702473503,2.6843224745185372,5.1,
TabPFN-V3,0.9,tail_log,50.0,20.0,20.0,23000,1,2000,900,19,2562,0.0,0.7393633722566513,0.7304351134020833,0.920192688703537,5.7215118408203125,34.61217498779297,309.7058930436751,3.0456026350085383,4.486144297313525,3.4815281630270425,56622.56676982209,5.2,
TabPFN-V3,0.9,evt_trim,0.0,20.0,20.0,23000,1,2000,900,0,747,0.0,-0.29426810640344864,-0.12775418053051196,2.157602548599243,25.64975929260254,44.72063446044922,61.32198715209961,3.2685910483428353,5.504654053563876,3.522112369589574,2.9522690705712824,5.2,
TabPFN-V3,0.9,raw,0.0,20.0,20.0,24000,1,2000,900,0,551,0.0,-0.31743380352803113,-0.23946758220734754,2.203491449356079,8.602193832397461,13.170839309692383,194.32976531982422,3.5519948037192677,5.049218934686531,4.4084683326473675,2.020338007467639,5.1,
TabPFN-V3,0.9,robust,0.0,20.0,20.0,24000,1,2000,900,0,551,0.0,-0.3174338415845061,-0.23946772453063916,2.203492193958922,8.602194674757278,13.170839863441726,194.32977922694656,3.551994915643321,5.049218934373787,4.408468323315316,2.0203379675778512,5.3,
TabPFN-V3,0.9,clip,20.0,20.0,20.0,24000,1,2000,900,42,2666,0.0,0.6894562135948015,0.6956893200866465,0.8088925182819366,5.751546621322632,34.5931510925293,59.90415382385254,3.390267687105134,4.956925947105432,3.9324919730993355,3.322991152300105,5.5,
TabPFN-V3,0.9,clip,50.0,20.0,20.0,24000,1,2000,900,16,2619,0.0,0.831186919591635,0.8184128859703531,0.8368486166000366,5.546026945114136,44.37436103820801,127.67901611328125,3.389641269332732,4.980718140927121,3.6588995871298002,2.365932003599137,6.8,
TabPFN-V3,0.9,clip,200.0,20.0,20.0,24000,1,2000,900,5,2568,0.0,0.8021175063318648,0.7871317010491686,0.9120511114597321,5.288653373718262,37.93495559692383,220.6417999267578,3.3909684449838347,4.998501581498898,3.6206482387174286,1.3685327493196178,6.7,
TabPFN-V3,0.9,log,0.0,20.0,20.0,24000,1,2000,900,0,2567,0.0,0.8308462119658201,0.8286172059476377,0.9934875561690819,7.22411461030503,55.520353280019705,407.7246225900351,3.38906810006501,4.910836179955616,3.4952132243512843,0.6925999709250154,6.3,
TabPFN-V3,0.9,tail_log,50.0,20.0,20.0,24000,1,2000,900,16,2557,0.0,0.8024603709368248,0.7877054845477559,0.8703620135784149,5.2173542976379395,37.75502014160156,287.82111121153207,3.391635495153572,4.994455444608296,3.7217944214907606,1510.991578910556,6.4,
TabPFN-V3,0.9,evt_trim,0.0,20.0,20.0,24000,1,2000,900,0,551,0.0,-0.31743380352803113,-0.23946758220734754,2.203491449356079,8.602193832397461,13.170839309692383,194.32976531982422,3.5519948037192677,5.049218934686531,4.4084683326473675,2.020338007467639,6.7,
TabPFN-V3,0.9,raw,0.0,20.0,20.000000000000004,25000,1,2000,900,0,691,0.0,-0.30704186503353637,-0.14338364328142994,3.459522247314453,43.90847396850586,75.03656005859375,109.45944595336914,3.6104419796622134,6.2754888640662525,2.770047440723279,1.8387253050342838,6.4,
TabPFN-V3,0.9,robust,0.0,20.0,20.000000000000004,25000,1,2000,900,0,691,0.0,-0.307041778681832,-0.14338359338268422,3.4595213008839467,43.90847171878116,75.0365632484974,109.45945180377032,3.6104418573512835,6.275488655827852,2.7700474417494774,1.838725276859071,6.8,
TabPFN-V3,0.9,clip,20.0,20.0,20.000000000000004,25000,1,2000,900,52,2663,0.0,0.7021647494132094,0.7187045305301542,0.7608770430088043,6.1136791706085205,38.79005813598633,56.340227127075195,3.0377462419877084,4.237604234232638,3.0038986026022263,2.3816423846542776,6.8,
TabPFN-V3,0.9,clip,50.0,20.0,20.000000000000004,25000,1,2000,900,18,2622,0.0,0.9064228649858481,0.8941106500006423,0.7763931453227997,5.520155191421509,54.74128532409668,141.17425537109375,3.0372954326016193,4.2613544629017515,2.740340417576464,1.331344545273031,6.7,
TabPFN-V3,0.9,clip,200.0,20.0,20.000000000000004,25000,1,2000,900,7,2575,0.0,0.8620146178397144,0.8452070148127798,0.8788234889507294,5.130374193191528,46.851314544677734,233.10740661621094,3.0328674548975143,4.268658755044215,2.738314921819402,0.7675620482207369,6.5,
TabPFN-V3,0.9,log,0.0,20.0,20.000000000000004,25000,1,2000,900,0,2988,0.0,0.8854033328041965,0.8826293077736355,1.0027810048532493,7.579323040647984,65.67500291991576,524.9412551399727,3.024150327725857,4.212882670785711,2.52628715346183,1.0128686133593419,6.8,
TabPFN-V3,0.9,tail_log,50.0,20.0,20.000000000000004,25000,1,2000,900,18,2561,0.0,0.8506756425621717,0.8378902940976346,0.8911112844944,5.801546573638916,47.31335639953613,391.77336617398987,3.0348931295292467,4.25888716063127,2.77908378931925,110752.53420891734,6.8,
TabPFN-V3,0.9,evt_trim,0.0,20.0,20.000000000000004,25000,1,2000,900,0,691,0.0,-0.30704186503353637,-0.14338364328142994,3.459522247314453,43.90847396850586,75.03656005859375,109.45944595336914,3.6104419796622134,6.2754888640662525,2.770047440723279,1.8387253050342838,6.7,
TabPFN-V3,0.9,raw,0.0,20.0,20.0,26000,1,2000,900,0,433,0.0,0.03369334241137973,0.13382709455039557,1.9332995414733887,6.772895574569702,13.507215976715088,170.56146240234375,2.9759123796015197,4.10117574540443,2.799435704784563,1.0805813155000152,6.5,
TabPFN-V3,0.9,robust,0.0,20.0,20.0,26000,1,2000,900,0,433,0.0,0.03369341543103116,0.13382709644899898,1.9332997674776744,6.772895731465601,13.507216266316641,170.5614730202144,2.9759123851439973,4.101175720720799,2.7994357150656803,1.0805812749105712,6.4,
TabPFN-V3,0.9,clip,20.0,20.0,20.0,26000,1,2000,900,46,2664,0.0,0.6998986904960577,0.7057847352661825,0.7832336723804474,5.478650093078613,34.155412673950195,56.38726997375488,2.9304804948930117,4.007521754587251,2.8013831376606846,2.2081393897679593,6.9,
TabPFN-V3,0.9,clip,50.0,20.0,20.0,26000,1,2000,900,18,2619,0.0,0.8759800909406488,0.8609425732318681,0.7696792781352997,5.292730808258057,45.69094657897949,127.35952758789062,2.929841623207097,4.028267040575043,2.588082899549554,1.3736900320493586,6.6,
TabPFN-V3,0.9,clip,200.0,20.0,20.0,26000,1,2000,900,4,2574,0.0,0.8395729470538197,0.8219330798268927,0.8249088823795319,4.933518171310425,40.58487319946289,199.63636016845703,2.9317682843804937,4.055019953991695,2.520341495377543,1.033405571286784,6.5,
TabPFN-V3,0.9,log,0.0,20.0,20.0,26000,1,2000,900,0,2975,0.0,0.8247874549055187,0.8212357616413584,0.9567753873082825,6.717370305344231,52.52790759850298,391.55889678018286,2.9177536275815044,3.937315752648942,2.493335817587236,0.9762068074240428,6.9,
TabPFN-V3,0.9,tail_log,50.0,20.0,20.0,26000,1,2000,900,18,2549,0.0,0.8531693909249254,0.8367098815608831,0.81495800614357,5.190626382827759,42.21621322631836,284.48476132404204,2.933080015479334,4.0480239888657845,2.523119685043249,12.207638360292023,4.9,
TabPFN-V3,0.9,evt_trim,0.0,20.0,20.0,26000,1,2000,900,0,433,0.0,0.03369334241137973,0.13382709455039557,1.9332995414733887,6.772895574569702,13.507215976715088,170.56146240234375,2.9759123796015197,4.10117574540443,2.799435704784563,1.0805813155000152,5.2,
TabPFN-V3,0.9,log,0.0,50.0,49.99999999999999,7000,1,2000,900,0,3259,0.0,0.8445905287941368,0.8475373442813595,0.9774390780205451,7.721490680183562,63.40545900717764,446.92104447612485,2.1750896048445436,2.799295862409419,1.3874843106367694,0.6692141025000617,5.1,
TabPFN-V3,0.9,tail_log,50.0,50.0,49.99999999999999,7000,1,2000,900,13,2523,0.0,0.8473180977385696,0.8350285577279585,0.8560441136360168,5.567445993423462,42.43210983276367,345.3891339957771,2.179259399208025,2.8579764512102206,1.4394589216598028,307.76795400432246,5.0,
TabPFN-V3,0.9,evt_trim,0.0,50.0,49.99999999999999,7000,1,2000,900,0,175,0.0,-0.2904054507732789,-0.19301646277074908,3.2287029027938843,15.002666473388672,24.703625679016113,35.67269706726074,2.551389819217964,2.9943026938541,1.731679415539183,1.1413509948335494,5.3,
TabPFN-V3,0.9,log,0.0,50.0,50.00000000000001,8000,1,2000,900,0,2828,0.0,0.8400608836255352,0.8359371806304486,1.0606373395182487,7.477164925850608,60.03569111445455,514.1576228454144,2.5803200314679633,3.6472509707730842,2.101922936139844,1.1435179219799445,5.0,
TabPFN-V3,0.9,tail_log,50.0,50.0,50.00000000000001,8000,1,2000,900,23,2560,0.0,0.7183168834370157,0.7117331814813436,1.0040467977523804,5.995163202285767,35.78705024719238,339.0982840175909,2.5748298859384473,3.6528848108952174,2.3898071421483067,206433.47893225698,5.2,
TabPFN-V3,0.9,evt_trim,0.0,50.0,50.00000000000001,8000,1,2000,900,0,303,0.0,-0.29194930740867,-0.08996826554256585,0.012952208518981934,107.5430793762207,195.39382934570312,288.0749816894531,4.452143844600134,11.3698715173977,2.634300114403873,0.8404692724853494,5.3,
TabPFN-V3,0.9,log,0.0,50.0,50.00000000000001,9000,1,2000,900,0,3230,0.0,0.9085274422124497,0.9037912242616729,0.9199928707855434,6.943089774145103,63.14528699124584,600.4510151875331,2.378047586371911,3.3403437560720888,1.9026961545667076,0.9225585779513973,6.4,
TabPFN-V3,0.9,tail_log,50.0,50.0,50.00000000000001,9000,1,2000,900,18,2557,0.0,0.8303776777627454,0.8209576511260841,0.8706596195697784,5.803423643112183,41.02107238769531,329.7594510089866,2.3759998610354724,3.3591234060895916,2.1225072327262073,461.40658258611313,6.6,
TabPFN-V3,0.9,evt_trim,0.0,50.0,50.00000000000001,9000,1,2000,900,0,304,0.0,-0.29582133339237376,-0.07118101201669011,-8.793836116790771,171.8717269897461,317.9656066894531,473.7091522216797,7.980015164823989,16.857545554589496,3.1162963054255983,0.46835291497995146,6.5,
TabPFN-V3,0.9,log,0.0,50.0,50.00000000000001,10000,1,2000,900,0,3371,0.0,0.9327337104957409,0.9208277490771307,0.877929859346363,6.075746940419105,57.13315782198584,556.354250574361,2.395950571952617,3.2982428673333763,1.7722332380393866,1.689353097999356,6.6,
TabPFN-V3,0.9,tail_log,50.0,50.0,50.00000000000001,10000,1,2000,900,27,2554,0.0,0.8861672313347256,0.8642164855859837,0.7842050492763519,4.348408222198486,39.578269958496094,325.2425628211252,2.399932923039075,3.3241370720068515,2.056102391026685,3126583.3572372952,6.7,
TabPFN-V3,0.9,evt_trim,0.0,50.0,50.00000000000001,10000,1,2000,900,0,230,0.0,-0.29315635635613313,-0.13834489711256545,3.1161842346191406,30.38197612762451,52.564918518066406,75.78359985351562,2.8538666955537972,4.549797163364488,2.18800504142507,1.558231217943043,6.5,
TabPFN-V3,0.9,log,0.0,50.0,50.0,11000,1,2000,900,0,2375,0.0,0.7801353837865947,0.790204694826838,0.9758131685728493,7.956146785970348,56.57669147477854,318.48247455806757,4.413773400016177,6.6773334548077,4.84374704821434,2.271786580398929,6.4,
TabPFN-V3,0.9,tail_log,50.0,50.0,50.0,11000,1,2000,900,15,2533,0.0,0.7671612237426643,0.7632999737439997,0.8553598821163177,5.863691568374634,38.814910888671875,235.3395389125064,4.426305495497505,6.740109180846817,5.094664794907296,2.293978856996386,6.3,
TabPFN-V3,0.9,evt_trim,0.0,50.0,50.0,11000,1,2000,900,0,184,0.0,-0.29741040798766666,-0.18480367363612946,2.5271414518356323,13.292304039001465,22.013712882995605,31.56176471710205,4.561438031863303,6.813373554262268,6.0597925407570505,5.115785443246536,6.6,
TabPFN-V3,0.9,raw,0.0,50.0,50.00000000000001,12000,1,2000,900,0,223,0.0,-0.2958057046183634,-0.080046921894192,-5.879013776779175,197.47351837158203,361.7568664550781,538.4707946777344,9.163462535299255,22.506299908437754,6.396811439398098,2.915780096536021,6.8,
TabPFN-V3,0.9,robust,0.0,50.0,50.00000000000001,12000,1,2000,900,0,223,0.0,-0.2958058118997179,-0.08004698966449524,-5.8790036101007495,197.47354660668174,361.7568871243726,538.4708184812835,9.163458464362835,22.50630189756558,6.39681152600628,2.915780072380019,6.9,
TabPFN-V3,0.9,clip,20.0,50.0,50.00000000000001,12000,1,2000,900,43,2664,0.0,0.679657233878569,0.695011527060933,0.8418144583702087,6.4704155921936035,38.50277137756348,61.14883804321289,4.348582267051878,6.713278028575292,5.759305849541995,5.019974505987323,6.8,
TabPFN-V3,0.9,clip,50.0,50.0,50.00000000000001,12000,1,2000,900,12,2626,0.0,0.8051941241700279,0.8020592131850949,0.8240545690059662,6.11548924446106,46.81950569152832,131.9935531616211,4.34802970091471,6.731880206004197,5.379967714970737,3.9271154441917497,6.5,
TabPFN-V3,0.9,clip,200.0,50.0,50.00000000000001,12000,1,2000,900,4,2579,0.0,0.7808571621534106,0.7738496105547277,0.8942660391330719,5.950885772705078,41.432884216308594,181.49365997314453,4.349297700238287,6.746501730839887,5.358123848293807,3.4302608202395777,6.4,
TabPFN-V3,0.9,log,0.0,50.0,50.00000000000001,12000,1,2000,900,0,2928,0.0,0.7911095511638259,0.7948813340382114,1.0552356674103622,7.906323856908822,59.378723741150914,397.7049435403269,4.3496194843498,6.706569814593889,5.1486421165893885,1.6291073657219937,6.4,
TabPFN-V3,0.9,tail_log,50.0,50.0,50.00000000000001,12000,1,2000,900,12,2553,0.0,0.7551001566124997,0.7499626842001406,0.9013897776603699,5.903567552566528,38.623661041259766,252.3343995730129,4.350048530456998,6.756692902020152,5.426531678752003,2.308267307854282,6.5,
TabPFN-V3,0.9,evt_trim,0.0,50.0,50.00000000000001,12000,1,2000,900,3,2560,0.0,0.7562063036786073,0.7504176257859362,0.9305295646190643,5.763066053390503,38.5084171295166,195.76844787597656,4.350237391905458,6.755622311372796,5.435560969377169,3.181213637877914,6.4,
TabPFN-V3,0.9,raw,0.0,50.0,50.0,13000,1,2000,900,0,146,0.0,-0.3029649955930949,-0.20890072870135118,2.4665091037750244,9.91847276687622,15.931542873382568,23.596595764160156,3.4110406931302286,4.636463760335037,3.882243598166655,3.0948489495116203,6.8,
TabPFN-V3,0.9,robust,0.0,50.0,50.0,13000,1,2000,900,0,146,0.0,-0.30296482678220826,-0.20890059506580513,2.4665081270179545,9.918471401641504,15.93154260763529,23.596595024958628,3.411040488105168,4.6364637378648155,3.8822436109209826,3.0948489472159473,7.3,
TabPFN-V3,0.9,clip,20.0,50.0,50.0,13000,1,2000,900,39,2662,0.0,0.6967585531143978,0.7061206829737715,0.7219916880130768,5.38326096534729,34.14715576171875,56.42836570739746,3.1503809971882886,4.587757759174064,3.5423184428212253,2.9708468495959104,5.5,
TabPFN-V3,0.9,clip,50.0,50.0,50.0,13000,1,2000,900,18,2619,0.0,0.7660400008683931,0.7629685259620761,0.7319275736808777,5.162153244018555,37.36698532104492,114.16173934936523,3.150028019878364,4.610655375006308,3.487828154018972,2.366427187895277,5.2,
TabPFN-V3,0.9,clip,200.0,50.0,50.0,13000,1,2000,900,2,2576,0.0,0.7554437071564124,0.75110363277214,0.8254326581954956,4.956505060195923,33.29953956604004,136.29894256591797,3.151491352736451,4.6279302717706505,3.491328036470555,2.0721263405153807,4.9,
TabPFN-V3,0.9,log,0.0,50.0,50.0,13000,1,2000,900,0,2346,0.0,0.7514608706391903,0.7547924495417031,0.9261995788575532,6.518975814761539,44.299885670744374,224.60448022170738,3.1450908562315028,4.552490754409013,3.411082926792555,1.5029425143880528,5.1,
TabPFN-V3,0.9,tail_log,50.0,50.0,50.0,13000,1,2000,900,18,2501,0.0,0.7536151540811187,0.7478583459478412,0.7889350652694702,4.988004446029663,32.810401916503906,143.72660043408416,3.1529122260348355,4.625649465914517,3.5223722902451473,198.33117443917817,5.0,
TabPFN-V3,0.9,evt_trim,0.0,50.0,50.0,13000,1,2000,900,0,146,0.0,-0.3029649955930949,-0.20890072870135118,2.4665091037750244,9.91847276687622,15.931542873382568,23.596595764160156,3.4110406931302286,4.636463760335037,3.882243598166655,3.0948489495116203,5.0,
TabPFN-V3,0.9,raw,0.0,50.0,50.00000000000001,14000,1,2000,900,0,202,0.0,-0.2892125461655242,-0.16288396052455123,2.8103065490722656,17.58425235748291,29.74397087097168,42.4957160949707,3.333947590410925,4.591726828568648,3.239628316527452,2.777619318256976,5.3,
TabPFN-V3,0.9,robust,0.0,50.0,50.00000000000001,14000,1,2000,900,0,202,0.0,-0.2892124693941743,-0.16288394156279143,2.8103084860814027,17.584253260366786,29.743972954362555,42.49571797110635,3.333948035079229,4.591726896021021,3.2396282793076034,2.777619310832754,5.0,
TabPFN-V3,0.9,clip,20.0,50.0,50.00000000000001,14000,1,2000,900,45,2665,0.0,0.6785313890575226,0.696070331517798,0.6949738264083862,5.694410800933838,34.99028778076172,52.77171325683594,2.996427610124664,4.342966688035207,3.1526817114783836,2.6619272101710805,6.4,
TabPFN-V3,0.9,clip,50.0,50.0,50.00000000000001,14000,1,2000,900,13,2626,0.0,0.8389849405727635,0.8371531704505926,0.6929916143417358,5.318849086761475,44.017160415649414,122.29607391357422,2.9967248454184534,4.369405095569458,3.0730962580905423,2.161721195264603,6.7,
TabPFN-V3,0.9,clip,200.0,50.0,50.00000000000001,14000,1,2000,900,6,2572,0.0,0.8062036105272161,0.7990830231457655,0.7665477693080902,4.9260735511779785,41.356794357299805,186.64346313476562,2.9955998987125603,4.387681681211193,3.068479602314067,1.782127804642994,6.6,
TabPFN-V3,0.9,log,0.0,50.0,50.00000000000001,14000,1,2000,900,0,3029,0.0,0.8046301925946857,0.8080167346564876,0.896213257340382,6.831772320414403,53.12569899111978,333.6077327203783,2.984360235617477,4.297414547142887,3.0049545907579396,0.7783960184074911,6.7,
TabPFN-V3,0.9,tail_log,50.0,50.0,50.00000000000001,14000,1,2000,900,13,2554,0.0,0.8020444550573153,0.7988147748216742,0.762701004743576,5.0686564445495605,41.96864891052246,300.8984465808227,2.9961745369172825,4.383672804012334,3.0646085673643726,1.6680504136305763,6.4,
TabPFN-V3,0.9,evt_trim,0.0,50.0,50.00000000000001,14000,1,2000,900,0,202,0.0,-0.2892125461655242,-0.16288396052455123,2.8103065490722656,17.58425235748291,29.74397087097168,42.4957160949707,3.333947590410925,4.591726828568648,3.239628316527452,2.777619318256976,6.5,
TabPFN-V3,0.9,raw,0.0,50.0,50.0,15000,1,2000,900,0,228,0.0,-0.2947506168391452,-0.14015147901170744,2.9077811241149902,28.941349983215332,49.978302001953125,72.02068328857422,5.14227884095771,8.010626853230269,5.825312811659701,4.974723037934872,6.7,
TabPFN-V3,0.9,robust,0.0,50.0,50.0,15000,1,2000,900,0,228,0.0,-0.2947507459925205,-0.1401516604612248,2.9077887622816467,28.941359237921844,49.97830680295925,72.02069173789796,5.142279778350009,8.010627373335705,5.825312724759807,4.974722944896973,6.9,
TabPFN-V3,0.9,clip,20.0,50.0,50.0,15000,1,2000,900,51,2665,0.0,0.7015130197705263,0.717101175172565,0.7254176735877991,5.83612322807312,36.27883720397949,56.39755630493164,4.818736606410581,7.282001907490872,6.072131639070455,5.308305325254511,6.4,
TabPFN-V3,0.9,clip,50.0,50.0,50.0,15000,1,2000,900,26,2620,0.0,0.8845366708154379,0.8780486270458536,0.736611545085907,5.367877244949341,49.38613700866699,138.75607299804688,4.818922320357174,7.342154119501579,5.512409529687306,4.1978360021924415,6.5,
TabPFN-V3,0.9,clip,200.0,50.0,50.0,15000,1,2000,900,7,2570,0.0,0.8810321271534862,0.8641911793310718,0.833361953496933,5.091981410980225,43.12150955200195,278.51318359375,4.812976528094907,7.353950498580765,5.522241824360683,3.8174163297063735,6.3,
TabPFN-V3,0.9,log,0.0,50.0,50.0,15000,1,2000,900,0,3014,0.0,0.9508999405778907,0.943515303459967,0.9404326590498571,7.074831852912786,68.74897561134705,734.4366108913025,4.803473852716082,7.200886405405211,5.3454172006325775,2.6644930912089704,6.6,
TabPFN-V3,0.9,tail_log,50.0,50.0,50.0,15000,1,2000,900,26,2551,0.0,0.885773260692279,0.872074890743129,0.8196264803409576,5.046813011169434,43.896602630615234,500.1461981995808,4.815878322949722,7.351361449893017,5.583944714765018,4984.317156793492,6.7,
TabPFN-V3,0.9,evt_trim,0.0,50.0,50.0,15000,1,2000,900,0,228,0.0,-0.2947506168391452,-0.14015147901170744,2.9077811241149902,28.941349983215332,49.978302001953125,72.02068328857422,5.14227884095771,8.010626853230269,5.825312811659701,4.974723037934872,6.4,
TabPFN-V3,0.9,raw,0.0,50.0,50.00000000000001,16000,1,2000,900,0,203,0.0,-0.2954147028500796,-0.18643992762670497,2.783608913421631,13.659007549285889,22.51901340484619,33.06350898742676,2.50354255691518,3.1470018706679284,2.0174232760363084,1.328077951898937,6.6,
TabPFN-V3,0.9,robust,0.0,50.0,50.00000000000001,16000,1,2000,900,0,203,0.0,-0.2954146636898266,-0.18644002956638842,2.7836128550520316,13.659010918055143,22.51901638315696,33.0635086891611,2.5035435521678706,3.1470019775728075,2.0174232153423977,1.3280779192795655,6.4,
TabPFN-V3,0.9,clip,20.0,50.0,50.00000000000001,16000,1,2000,900,54,2657,0.0,0.7836913836980621,0.7860560115220876,0.7486035525798798,5.674520492553711,43.184370040893555,65.25823593139648,2.2331878829283003,2.903681368693129,1.591134190029229,0.9956373004073649,6.4,
TabPFN-V3,0.9,clip,50.0,50.0,50.00000000000001,16000,1,2000,900,17,2616,0.0,0.9074078946630627,0.8978349739689256,0.7949387431144714,5.497650384902954,55.73299789428711,149.74217224121094,2.2306761608832004,2.9259203312110467,1.4006433460443648,0.2959319138982071,6.6,
TabPFN-V3,0.9,clip,200.0,50.0,50.00000000000001,16000,1,2000,900,2,2576,0.0,0.8964718739030306,0.8797072254733821,0.9169512689113617,5.221120357513428,47.91707229614258,225.5435791015625,2.2280007598156586,2.9353556510692287,1.3925524109063458,0.24859202903236247,6.5,
TabPFN-V3,0.9,log,0.0,50.0,50.00000000000001,16000,1,2000,900,0,2740,0.0,0.8873291553872598,0.882933520832994,1.004749444428484,7.347534851302286,65.41698317026007,457.1277265861383,2.221890501372131,2.89229881585908,1.3716257724091583,0.6450383739072527,6.2,
TabPFN-V3,0.9,tail_log,50.0,50.0,50.00000000000001,16000,1,2000,900,17,2541,0.0,0.8958353677932296,0.881797938128341,0.861120343208313,5.034255504608154,46.87879180908203,252.35131255318453,2.2299524719269,2.9352096606717764,1.418158939958727,510.68504111197433,5.1,
TabPFN-V3,0.9,evt_trim,0.0,50.0,50.00000000000001,16000,1,2000,900,0,203,0.0,-0.2954147028500796,-0.18643992762670497,2.783608913421631,13.659007549285889,22.51901340484619,33.06350898742676,2.50354255691518,3.1470018706679284,2.0174232760363084,1.328077951898937,4.9,
TabPFN-V3,0.9,raw,0.0,50.0,50.00000000000001,17000,1,2000,900,0,212,0.0,-0.29616394227937726,-0.14026613647667807,2.2453250885009766,25.17750072479248,43.484487533569336,63.21821403503418,2.6520833696464434,4.005540470354386,1.977071974409151,1.4726999418135074,5.3,
TabPFN-V3,0.9,robust,0.0,50.0,50.00000000000001,17000,1,2000,900,0,212,0.0,-0.2961640038316968,-0.14026617049100784,2.2453211459721762,25.17750170757278,43.48448723882414,63.218213965364775,2.6520827819947566,4.005540512605466,1.9770719751273929,1.4726999547052184,5.4,
TabPFN-V3,0.9,clip,20.0,50.0,50.00000000000001,17000,1,2000,900,47,2665,0.0,0.6849755415693882,0.703401266409191,0.7537119090557098,6.261641025543213,38.07018852233887,64.77632522583008,2.366669281125708,3.125783566131061,1.9652527612175061,1.328892102029945,5.2,
TabPFN-V3,0.9,clip,50.0,50.0,50.00000000000001,17000,1,2000,900,15,2621,0.0,0.8534195942083129,0.8510102460698361,0.7667825222015381,6.0022852420806885,49.59584426879883,140.7168197631836,2.367222602189402,3.1395400688939694,1.7426904936203726,0.6969898871771665,5.2,
TabPFN-V3,0.9,clip,200.0,50.0,50.00000000000001,17000,1,2000,900,5,2571,0.0,0.8143175234909827,0.8073040929786883,0.844127893447876,5.580638408660889,41.91421699523926,234.0042266845703,2.3660389888197524,3.157963429429196,1.6968954924258015,0.39870379375206744,4.8,
TabPFN-V3,0.9,log,0.0,50.0,50.00000000000001,17000,1,2000,900,0,2708,0.0,0.8799617618780201,0.8788977773165872,0.9817535452075288,7.424442808373669,63.45053896973276,499.8362838085424,2.3535701860218476,3.0986672464698253,1.6804062156448354,5.593701751721562,5.6,
TabPFN-V3,0.9,tail_log,50.0,50.0,50.00000000000001,17000,1,2000,900,15,2553,0.0,0.811972954740405,0.806242558510151,0.8502458035945892,5.598160266876221,42.70061683654785,297.2224635472732,2.3674951804990836,3.157250515471852,1.742016152881736,3702.8856890409265,6.6,
TabPFN-V3,0.9,evt_trim,0.0,50.0,50.00000000000001,17000,1,2000,900,0,212,0.0,-0.29616394227937726,-0.14026613647667807,2.2453250885009766,25.17750072479248,43.484487533569336,63.21821403503418,2.6520833696464434,4.005540470354386,1.977071974409151,1.4726999418135074,6.4,
TabPFN-V3,0.9,raw,0.0,50.0,50.00000000000001,18000,1,2000,900,0,257,0.0,-0.28989838041108845,-0.16625934704061887,2.7086262702941895,16.60527801513672,27.96738338470459,39.88194274902344,2.1505798217908136,2.8467398827257653,1.5170832869806414,1.1336315714595628,6.4,
TabPFN-V3,0.9,robust,0.0,50.0,50.00000000000001,18000,1,2000,900,0,257,0.0,-0.2898983310402313,-0.16625944924357172,2.7086268831220033,16.605277558817807,27.967383117344795,39.88194310835276,2.150579922613468,2.846739840754803,1.5170832926206033,1.1336315841843065,7.0,
TabPFN-V3,0.9,clip,20.0,50.0,50.00000000000001,18000,1,2000,900,41,2665,0.0,0.7599577059429655,0.7645482167743531,0.7309230864048004,5.391278266906738,36.68293762207031,58.89952278137207,1.8480913696291803,2.416391982886268,1.486263056210179,0.9577988859678688,6.6,
TabPFN-V3,0.9,clip,50.0,50.0,50.00000000000001,18000,1,2000,900,16,2624,0.0,0.8518857204731962,0.8431389021260268,0.7499974071979523,5.152603626251221,43.7232666015625,130.8965301513672,1.8486830858012733,2.414501326483067,1.5094793481852218,0.582831600446628,6.8,
TabPFN-V3,0.9,clip,200.0,50.0,50.00000000000001,18000,1,2000,900,3,2578,0.0,0.8124670183035733,0.798110029523216,0.8507827818393707,4.743366479873657,37.34611129760742,157.8271942138672,1.8472506770882862,2.420407695780539,1.5181837676232661,0.4727136585478583,6.5,
TabPFN-V3,0.9,log,0.0,50.0,50.00000000000001,18000,1,2000,900,0,3035,0.0,0.8104173070433665,0.809935628765547,0.9479052640571388,6.83385916093502,51.3608779187101,335.044478034856,1.8457018459530097,2.4274846358130064,1.5276528284519462,0.5324281212651727,6.6,
TabPFN-V3,0.9,tail_log,50.0,50.0,50.00000000000001,18000,1,2000,900,16,2560,0.0,0.8075310430725834,0.7926061888761216,0.8282244801521301,4.938597679138184,36.73214530944824,212.70303495491493,1.847494581907327,2.4223146461111162,1.5305867809788838,54.10994877719996,6.9,
TabPFN-V3,0.9,evt_trim,0.0,50.0,50.00000000000001,18000,1,2000,900,0,257,0.0,-0.28989838041108845,-0.16625934704061887,2.7086262702941895,16.60527801513672,27.96738338470459,39.88194274902344,2.1505798217908136,2.8467398827257653,1.5170832869806414,1.1336315714595628,6.6,
TabPFN-V3,0.9,raw,0.0,50.0,49.99999999999999,19000,1,2000,900,0,197,0.0,-0.29254615136440293,-0.15742735550392867,2.892324924468994,21.24506950378418,36.04279136657715,52.1546630859375,3.7506680776042045,5.190891010555206,3.506085405085742,2.881546006620168,6.6,
TabPFN-V3,0.9,robust,0.0,50.0,49.99999999999999,19000,1,2000,900,0,197,0.0,-0.2925459380145325,-0.15742715053732148,2.8923243408080994,21.245067310697035,36.04279253856468,52.15466255185796,3.750667952978653,5.190890894835877,3.5060853798137996,2.8815460315777215,6.5,
TabPFN-V3,0.9,clip,20.0,50.0,49.99999999999999,19000,1,2000,900,46,2667,0.0,0.6691016879611625,0.6888537866799485,0.7549371421337128,6.1081743240356445,36.0697021484375,56.93890380859375,3.4788700138262247,4.921662133686778,3.5125899318249747,2.865346969980823,6.5,
TabPFN-V3,0.9,clip,50.0,50.0,49.99999999999999,19000,1,2000,900,25,2620,0.0,0.8268634085227597,0.8246491247452482,0.7413794100284576,5.751552581787109,46.44055938720703,136.9751739501953,3.4786325986823416,4.956490492826545,3.2346191508013646,2.079778792784259,6.5,
TabPFN-V3,0.9,clip,200.0,50.0,49.99999999999999,19000,1,2000,900,8,2569,0.0,0.7834986368177056,0.7739041147429188,0.8855312764644623,5.335251331329346,38.672109603881836,261.3574981689453,3.4694853878929264,4.960660622434594,3.265040460428263,1.9197148912963116,6.6,
TabPFN-V3,0.9,log,0.0,50.0,49.99999999999999,19000,1,2000,900,0,2666,0.0,0.8737458803741751,0.8726402155900602,0.9420568264158843,7.275343714603518,63.19572668036142,576.4221982541998,3.463214807433099,4.866305403429711,3.2580292178159813,1.7801704432215173,6.8,
TabPFN-V3,0.9,tail_log,50.0,50.0,49.99999999999999,19000,1,2000,900,25,2538,0.0,0.7905893717205673,0.7826277700839711,0.8471087515354156,5.244540691375732,39.70029830932617,443.6906485601851,3.4732824737795513,4.964002770904976,3.3926986875634104,54424.35766593008,6.5,
TabPFN-V3,0.9,evt_trim,0.0,50.0,49.99999999999999,19000,1,2000,900,0,197,0.0,-0.29254615136440293,-0.15742735550392867,2.892324924468994,21.24506950378418,36.04279136657715,52.1546630859375,3.7506680776042045,5.190891010555206,3.506085405085742,2.881546006620168,6.6,
TabPFN-V3,0.9,raw,0.0,50.0,50.00000000000001,20000,1,2000,900,0,131,0.0,-0.29093312897664814,-0.18932830989107577,2.538231372833252,11.726320266723633,19.2399845123291,27.849865913391113,2.3294091258909213,2.7134177271456683,1.6830790917594851,1.2262541291328655,6.2,
TabPFN-V3,0.9,robust,0.0,50.0,50.00000000000001,20000,1,2000,900,0,131,0.0,-0.29093317203027896,-0.18932834662353193,2.5382291776999204,11.726319488556838,19.239983835053398,27.849865879236013,2.3294087179634517,2.713417714701908,1.6830791253533717,1.22625413817487,5.0,
TabPFN-V3,0.9,clip,20.0,50.0,50.00000000000001,20000,1,2000,900,32,2665,0.0,0.6521674814563364,0.6705034039161593,0.7632710933685303,6.015105247497559,34.190324783325195,65.71749496459961,2.1374086387925906,2.7143862619277073,1.3519094454003522,0.695342335247429,5.1,
TabPFN-V3,0.9,clip,50.0,50.0,50.00000000000001,20000,1,2000,900,20,2614,0.0,0.768377051091965,0.7729620912794655,0.7648723423480988,5.763720750808716,39.75566864013672,138.89859771728516,2.1354773883260028,2.7289467597077772,1.2654247261216924,0.4809599570994444,5.2,
TabPFN-V3,0.9,clip,200.0,50.0,50.00000000000001,20000,1,2000,900,2,2569,0.0,0.7239659107964226,0.7218061072646677,0.8472753763198853,5.489021062850952,34.15144920349121,226.20243072509766,2.1333432851444836,2.7263434048068453,1.3230191279607342,0.39713204705339683,5.1,
TabPFN-V3,0.9,log,0.0,50.0,50.00000000000001,20000,1,2000,900,0,2693,0.0,0.7785582974106142,0.7836367036294928,0.964621932865305,7.274755262427705,52.462053271180494,341.3437676727117,2.1300709199774706,2.6664511949154597,1.322322974472333,0.5414447926098956,5.2,
TabPFN-V3,0.9,tail_log,50.0,50.0,50.00000000000001,20000,1,2000,900,20,2481,0.0,0.7360195426284236,0.7371936256081159,0.8080929517745972,5.45363450050354,35.34823799133301,303.61152655417595,2.1356657169206823,2.7249117324484358,1.3432188920138701,908.2759046162782,5.1,
TabPFN-V3,0.9,evt_trim,0.0,50.0,50.00000000000001,20000,1,2000,900,0,131,0.0,-0.29093312897664814,-0.18932830989107577,2.538231372833252,11.726320266723633,19.2399845123291,27.849865913391113,2.3294091258909213,2.7134177271456683,1.6830790917594851,1.2262541291328655,5.8,
TabPFN-V3,0.9,raw,0.0,50.0,50.0,21000,1,2000,900,0,228,0.0,-0.30023490503717604,-0.1572946536283431,2.943622350692749,22.970735549926758,39.01430320739746,56.6390266418457,4.243077533173645,6.3870104529553,4.7251311054780265,4.189150417084042,6.6,
TabPFN-V3,0.9,robust,0.0,50.0,50.0,21000,1,2000,900,0,228,0.0,-0.30023502962127696,-0.15729460956960029,2.9436119299444097,22.97072902819564,39.014299761276476,56.63902514254805,4.24307588214775,6.387010128765795,4.725131176510813,4.189150433402309,6.4,
TabPFN-V3,0.9,clip,20.0,50.0,50.0,21000,1,2000,900,41,2667,0.0,0.6662388232840093,0.6817553446363088,0.7163963615894318,5.623120069503784,32.96096611022949,55.60128402709961,3.9619931438727063,5.953481319479195,4.770434028307009,4.161335398255863,6.5,
TabPFN-V3,0.9,clip,50.0,50.0,50.0,21000,1,2000,900,19,2622,0.0,0.7667798525791856,0.7660033185358974,0.7353353798389435,5.360602855682373,37.820228576660156,115.93587493896484,3.959911902417613,5.963155310635218,4.601228877623679,3.3136974177187737,6.6,
TabPFN-V3,0.9,clip,200.0,50.0,50.0,21000,1,2000,900,4,2574,0.0,0.7494527035177591,0.742415862959343,0.8119040131568909,4.824140310287476,33.07235908508301,169.56836700439453,3.955227171641397,5.966884691624457,4.637166358991799,2.80411161615349,6.5,
TabPFN-V3,0.9,log,0.0,50.0,50.0,21000,1,2000,900,0,3258,0.0,0.7866219603967468,0.7902130379763442,0.9145596342891719,6.8588728180968985,49.305094999323835,305.5045291109664,3.952382286760113,5.902246351825857,4.493091303981162,1.673484572287331,6.6,
TabPFN-V3,0.9,tail_log,50.0,50.0,50.0,21000,1,2000,900,19,2554,0.0,0.7434882454428124,0.7367949569854034,0.8028872907161713,5.180230617523193,33.08077621459961,191.53934242406547,3.955722243611409,5.961391483207512,4.671306205568581,18.029611306286142,6.5,
TabPFN-V3,0.9,evt_trim,0.0,50.0,50.0,21000,1,2000,900,0,228,0.0,-0.30023490503717604,-0.1572946536283431,2.943622350692749,22.970735549926758,39.01430320739746,56.6390266418457,4.243077533173645,6.3870104529553,4.7251311054780265,4.189150417084042,6.5,
TabPFN-V3,0.9,raw,0.0,50.0,49.99999999999999,22000,1,2000,900,0,292,0.0,-0.28837277651336585,-0.13050987795145627,4.303318500518799,43.08457946777344,74.98785018920898,108.83798599243164,3.7268406348028322,6.070212430280789,2.6041065138068356,1.7616655173850415,6.4,
TabPFN-V3,0.9,robust,0.0,50.0,49.99999999999999,22000,1,2000,900,0,292,0.0,-0.2883728278887703,-0.1305099884996037,4.303325628045281,43.084584877200285,74.9878546239475,108.83798641292168,3.726842100581217,6.070212846276102,2.6041064923575354,1.7616655262235508,7.2,
TabPFN-V3,0.9,clip,20.0,50.0,49.99999999999999,22000,1,2000,900,45,2664,0.0,0.6821710157073974,0.6898607569054228,0.8540274500846863,6.063307285308838,36.67873764038086,61.55224418640137,2.8856762219886485,4.086057608877914,2.8543756215818514,2.136437474219676,6.6,
TabPFN-V3,0.9,clip,50.0,50.0,49.99999999999999,22000,1,2000,900,18,2621,0.0,0.8031178966418813,0.798148878548322,0.8969970047473907,5.868128299713135,47.06727981567383,142.5976791381836,2.88549605719218,4.093143801747182,2.695981357225837,1.3068177579976175,6.5,
TabPFN-V3,0.9,clip,200.0,50.0,49.99999999999999,22000,1,2000,900,5,2573,0.0,0.7732623621754248,0.7602019637048147,0.9881100654602051,5.693247079849243,39.645286560058594,261.6966247558594,2.8872664651604008,4.098007088255257,2.760159932244934,0.9892834276961006,6.7,
TabPFN-V3,0.9,log,0.0,50.0,49.99999999999999,22000,1,2000,900,0,2926,0.0,0.8556375768127622,0.8503301811039158,1.06904673408643,7.479952724498195,60.763709154290126,559.6933425366883,2.886547095334526,4.054998993287267,2.646767362149482,1.1927056250591224,6.4,
TabPFN-V3,0.9,tail_log,50.0,50.0,49.99999999999999,22000,1,2000,900,18,2558,0.0,0.7814586205571123,0.7654346053756629,0.9989530444145203,5.796435832977295,40.56061553955078,449.0212782316166,2.8882533907322068,4.109350618678755,2.841783414429211,235308.289940775,6.6,
TabPFN-V3,0.9,evt_trim,0.0,50.0,49.99999999999999,22000,1,2000,900,0,292,0.0,-0.28837277651336585,-0.13050987795145627,4.303318500518799,43.08457946777344,74.98785018920898,108.83798599243164,3.7268406348028322,6.070212430280789,2.6041065138068356,1.7616655173850415,6.5,
TabPFN-V3,0.9,raw,0.0,50.0,50.00000000000001,23000,1,2000,900,0,299,0.0,-0.29737532724278465,-0.0852409445503779,-1.302236557006836,59.8507194519043,109.33349609375,160.9407196044922,4.235208480424572,8.272346554355904,3.530308898955321,2.368526377566308,6.9,
TabPFN-V3,0.9,robust,0.0,50.0,50.00000000000001,23000,1,2000,900,0,299,0.0,-0.2973752127123889,-0.08524079141485974,-1.302238417649433,59.850707940862904,109.33349427266185,160.94071799465064,4.235209212272865,8.272345439929207,3.5303088772968527,2.3685264150911625,6.4,
TabPFN-V3,0.9,clip,20.0,50.0,50.00000000000001,23000,1,2000,900,36,2668,0.0,0.6656981017091477,0.6804954406279637,0.7993212044239044,5.97411847114563,36.161272048950195,61.0416316986084,3.0448636419326394,4.466692991756436,3.5200313590276253,2.9351644298924526,6.4,
TabPFN-V3,0.9,clip,50.0,50.0,50.00000000000001,23000,1,2000,900,19,2622,0.0,0.769211550769609,0.76853105481836,0.7985901534557343,5.627988338470459,39.387739181518555,129.78397369384766,3.043683284994327,4.471598330360223,3.3223743836196253,2.331575177273933,5.2,
TabPFN-V3,0.9,clip,200.0,50.0,50.00000000000001,23000,1,2000,900,5,2573,0.0,0.7373823449187261,0.7260479309893048,0.9161408841609955,5.1874167919158936,33.24530601501465,211.03915405273438,3.0450813424313234,4.4861862342269765,3.3853238490672584,2.1657811035446164,5.1,
TabPFN-V3,0.9,log,0.0,50.0,50.00000000000001,23000,1,2000,900,0,3207,0.0,0.7882662546128809,0.7911894119369051,0.9818215558220376,7.324827801846085,52.414734960051334,362.6828278667185,3.04377536178841,4.4699526209812745,3.3281098571399577,2.7735625303639257,5.0,
TabPFN-V3,0.9,tail_log,50.0,50.0,50.00000000000001,23000,1,2000,900,19,2560,0.0,0.7350848650953811,0.7270043334491553,0.9248417615890503,5.770467281341553,34.83241271972656,319.63518536709785,3.046277327851341,4.487202931382756,3.4844629875884463,118502.28741089773,5.1,
TabPFN-V3,0.9,evt_trim,0.0,50.0,50.00000000000001,23000,1,2000,900,0,299,0.0,-0.29737532724278465,-0.0852409445503779,-1.302236557006836,59.8507194519043,109.33349609375,160.9407196044922,4.235208480424572,8.272346554355904,3.530308898955321,2.368526377566308,5.1,
TabPFN-V3,0.9,raw,0.0,50.0,49.999999999999986,24000,1,2000,900,0,220,0.0,-0.2930537520939761,-0.1642802691822339,2.285680890083313,14.928494930267334,25.200275421142578,36.36677169799805,3.599415815030582,5.227927677880069,4.158762563366577,3.4704077954403654,5.2,
TabPFN-V3,0.9,robust,0.0,50.0,49.999999999999986,24000,1,2000,900,0,220,0.0,-0.2930537442946579,-0.16428023462213193,2.285682435556952,14.92849471855268,25.200276376125796,36.36677310254322,3.599416110103627,5.227927689212302,4.15876254879397,3.4704077871833356,6.2,
TabPFN-V3,0.9,clip,20.0,50.0,49.999999999999986,24000,1,2000,900,42,2666,0.0,0.6894562135948015,0.6956893200866465,0.8088925182819366,5.751546621322632,34.5931510925293,59.90415382385254,3.390267687105134,4.956925947105432,3.9324919730993355,3.322991152300105,6.3,
TabPFN-V3,0.9,clip,50.0,50.0,49.999999999999986,24000,1,2000,900,16,2619,0.0,0.831186919591635,0.8184128859703531,0.8368486166000366,5.546026945114136,44.37436103820801,127.67901611328125,3.389641269332732,4.980718140927121,3.6588995871298002,2.365932003599137,6.7,
TabPFN-V3,0.9,clip,200.0,50.0,49.999999999999986,24000,1,2000,900,5,2568,0.0,0.8021175063318648,0.7871317010491686,0.9120511114597321,5.288653373718262,37.93495559692383,220.6417999267578,3.3909684449838347,4.998501581498898,3.6206482387174286,1.3685327493196178,6.7,
TabPFN-V3,0.9,log,0.0,50.0,49.999999999999986,24000,1,2000,900,0,2563,0.0,0.8304139182363939,0.829125171930719,0.9939667735881388,7.229364317429427,55.78822483555672,402.1965611446201,3.3890685587890736,4.911071912549575,3.496265005942157,0.715004981491857,6.5,
TabPFN-V3,0.9,tail_log,50.0,50.0,49.999999999999986,24000,1,2000,900,16,2552,0.0,0.798185289288459,0.7833705542242068,0.874427318572998,5.2634053230285645,37.42132377624512,320.8562417203583,3.3912739749793186,4.992201673733662,3.714228702970142,1354.1449122293207,6.6,
TabPFN-V3,0.9,evt_trim,0.0,50.0,49.999999999999986,24000,1,2000,900,0,220,0.0,-0.2930537520939761,-0.1642802691822339,2.285680890083313,14.928494930267334,25.200275421142578,36.36677169799805,3.599415815030582,5.227927677880069,4.158762563366577,3.4704077954403654,6.6,
TabPFN-V3,0.9,raw,0.0,50.0,50.0,25000,1,2000,900,0,276,0.0,-0.2895857592568058,-0.10257689500138309,3.712890625,106.98446273803711,191.4443817138672,280.97222900390625,5.214970604335261,11.723656732268125,2.9710957616753846,1.1344988651592929,6.6,
TabPFN-V3,0.9,robust,0.0,50.0,50.0,25000,1,2000,900,0,276,0.0,-0.2895856854953214,-0.10257684953635741,3.7128923168445165,106.98444184678877,191.44437230188197,280.9722051689919,5.2149696131736425,11.723654797666354,2.9710956735424103,1.1344988527309827,6.7,
TabPFN-V3,0.9,clip,20.0,50.0,50.0,25000,1,2000,900,52,2663,0.0,0.7021647494132094,0.7187045305301542,0.7608770430088043,6.1136791706085205,38.79005813598633,56.340227127075195,3.0377462419877084,4.237604234232638,3.0038986026022263,2.3816423846542776,6.5,
TabPFN-V3,0.9,clip,50.0,50.0,50.0,25000,1,2000,900,18,2622,0.0,0.9064228649858481,0.8941106500006423,0.7763931453227997,5.520155191421509,54.74128532409668,141.17425537109375,3.0372954326016193,4.2613544629017515,2.740340417576464,1.331344545273031,7.0,
TabPFN-V3,0.9,clip,200.0,50.0,50.0,25000,1,2000,900,7,2575,0.0,0.8620146178397144,0.8452070148127798,0.8788234889507294,5.130374193191528,46.851314544677734,233.10740661621094,3.0328674548975143,4.268658755044215,2.738314921819402,0.7675620482207369,6.5,
TabPFN-V3,0.9,log,0.0,50.0,50.0,25000,1,2000,900,0,2984,0.0,0.8852749091898252,0.8824548985804016,1.0031466858206703,7.583603699480145,65.69681773889297,530.6546905066841,3.024158011125528,4.213040768696962,2.529926477274368,1.0523703037651266,6.6,
TabPFN-V3,0.9,tail_log,50.0,50.0,50.0,25000,1,2000,900,18,2559,0.0,0.849020636663572,0.8371136897545188,0.893806517124176,5.846589803695679,46.917436599731445,407.76569922486544,3.035582311035889,4.259216386428373,2.802809889235853,351546.3970155075,6.6,
TabPFN-V3,0.9,evt_trim,0.0,50.0,50.0,25000,1,2000,900,0,276,0.0,-0.2895857592568058,-0.10257689500138309,3.712890625,106.98446273803711,191.4443817138672,280.97222900390625,5.214970604335261,11.723656732268125,2.9710957616753846,1.1344988651592929,6.6,
TabPFN-V3,0.9,raw,0.0,50.0,50.0,26000,1,2000,900,0,173,0.0,-0.295384845685873,-0.2043885528213289,2.5041935443878174,10.99296236038208,17.859328269958496,26.02710723876953,3.123241961990033,4.07361497647045,3.2503794358426332,2.3187105561216255,6.6,
TabPFN-V3,0.9,robust,0.0,50.0,50.0,26000,1,2000,900,0,173,0.0,-0.2953846290855266,-0.2043884389531023,2.5041922550691824,10.99296104382201,17.859326798334145,26.02710559350224,3.1232417490110174,4.0736149399991115,3.250379505507593,2.3187105943149033,6.4,
TabPFN-V3,0.9,clip,20.0,50.0,50.0,26000,1,2000,900,46,2664,0.0,0.6998986904960577,0.7057847352661825,0.7832336723804474,5.478650093078613,34.155412673950195,56.38726997375488,2.9304804948930117,4.007521754587251,2.8013831376606846,2.2081393897679593,6.7,
TabPFN-V3,0.9,clip,50.0,50.0,50.0,26000,1,2000,900,18,2619,0.0,0.8759800909406488,0.8609425732318681,0.7696792781352997,5.292730808258057,45.69094657897949,127.35952758789062,2.929841623207097,4.028267040575043,2.588082899549554,1.3736900320493586,6.5,
TabPFN-V3,0.9,clip,200.0,50.0,50.0,26000,1,2000,900,4,2574,0.0,0.8395729470538197,0.8219330798268927,0.8249088823795319,4.933518171310425,40.58487319946289,199.63636016845703,2.9317682843804937,4.055019953991695,2.520341495377543,1.033405571286784,6.1,
TabPFN-V3,0.9,log,0.0,50.0,50.0,26000,1,2000,900,0,2971,0.0,0.8257191887816485,0.8215885620227118,0.9567973213953045,6.709166296560504,52.75531475220199,388.4171777094903,2.917810627380045,3.9379009799287497,2.5013124134585865,0.9732826963894791,5.3,
TabPFN-V3,0.9,tail_log,50.0,50.0,50.0,26000,1,2000,900,18,2526,0.0,0.8552768852156967,0.8404531766521219,0.7922560572624207,5.058159589767456,42.526628494262695,309.0817723188501,2.9329636693518104,4.046921915254761,2.5275065986554925,4.472576413125375,5.3,
TabPFN-V3,0.9,evt_trim,0.0,50.0,50.0,26000,1,2000,900,0,173,0.0,-0.295384845685873,-0.2043885528213289,2.5041935443878174,10.99296236038208,17.859328269958496,26.02710723876953,3.123241961990033,4.07361497647045,3.2503794358426332,2.3187105561216255,4.8,
