dataset,model,bin,repeat,arm,clip_c,n_est,n_fit,n_test,sd_shift,leverage,n_clipped,d_q50,d_q90,d_q99,d_q999,pb50,pb90,pb99,pb999,n_above99,seconds,reason
freMTPL2sev,TabPFN-v2.5,0.0-1.2,0,without_max,0.0,1,2000,1000,1.190379752558811,1.1869279151750427,0.0,0.0,0.0,0.0,0.0,636.5600746362305,830.6850293203124,469.5580550316407,266.1425435490625,22.0,11.4,
freMTPL2sev,TabPFN-v2.5,0.0-1.2,0,raw,0.0,1,2000,1000,1.190379752558811,1.1869279151750427,0.0,-0.0387749892475649,0.0184364959194079,0.053165136930605,0.1643031925667235,643.4919125830078,835.8261840175782,465.9032560863283,261.9043845519922,21.0,11.4,
freMTPL2sev,TabPFN-v2.5,0.0-1.2,0,clip,50.0,1,2000,1000,1.190379752558811,1.1869279151750427,20.0,0.0355252023772775,0.3001375352502002,0.1636299101911975,-0.0952675893944035,631.3027191320801,806.2943936098633,473.099129948633,287.771348766836,19.0,11.4,
freMTPL2sev,TabPFN-v2.5,0.0-1.2,0,clip,200.0,1,2000,1000,1.190379752558811,1.1869279151750427,4.0,0.0265763046723051,0.0442941228269488,0.0996673890662964,0.116256772451968,634.512290916748,822.6837088637695,468.708038669336,264.3445263244531,18.0,11.4,
freMTPL2sev,TabPFN-v2.5,0.0-1.2,0,log,0.0,1,2000,1000,1.190379752558811,1.1869279151750427,0.0,0.0403479396263917,0.322349893213262,0.1182041153203443,0.4850587169063144,631.4477683760069,806.8258118276278,471.7901090937274,251.21629285649828,23.0,11.4,
freMTPL2sev,TabPFN-v2.5,0.0-1.2,0,tail_log,50.0,1,2000,1000,1.190379752558811,1.1869279151750427,20.0,0.0423578517441487,0.3499032222484584,0.2073232051699558,0.3326039630821286,632.4277328088378,806.9592391542968,468.5945201066963,257.8929876503761,16.0,11.4,
freMTPL2sev,TabPFN-v2.5,0.0-1.2,0,evt_trim,0.0,1,2000,1000,1.190379752558811,1.1869279151750427,0.0,-0.0387749892475649,0.0184364959194079,0.053165136930605,0.1643031925667235,643.4919125830078,835.8261840175782,465.9032560863283,261.9043845519922,21.0,11.4,
freMTPL2sev,TabPFN-v2.5,0.0-1.2,0,sd_cap,1.2,1,2000,1000,1.190379752558811,1.1869279151750427,0.0,-0.0387749892475649,0.0184364959194079,0.053165136930605,0.1643031925667235,643.4919125830078,835.8261840175782,465.9032560863283,261.9043845519922,21.0,11.4,
freMTPL2sev,TabPFN-v2.5,0.0-1.2,0,rank_emp,0.0,1,2000,1000,1.190379752558811,1.1869279151750427,0.0,0.0420085591778742,0.3807429285478396,0.4280433469494942,1.310340557159382,631.2687701519149,807.0098345273426,436.7457530398996,194.78859831461108,12.0,11.4,
freMTPL2sev,TabPFN-v2.5,0.0-1.2,0,rank_gpd,0.0,1,2000,1000,1.190379752558811,1.1869279151750427,0.0,0.0420085591778742,0.38344331121178,0.3347286639368049,1.1589649141552671,631.2687701519149,807.4091899728296,442.5900442565448,213.614536861758,14.0,11.4,
freMTPL2sev,TabPFN-v2.6,0.0-1.2,0,without_max,0.0,1,2000,1000,1.190379752558811,1.1869279151750427,0.0,0.0,0.0,0.0,0.0,640.8559678991699,822.715364034668,445.7930417186524,262.34871750023444,15.0,15.1,
freMTPL2sev,TabPFN-v2.6,0.0-1.2,0,raw,0.0,1,2000,1000,1.190379752558811,1.1869279151750427,0.0,0.0325719951002775,0.0020047048752417,0.1477156099509742,0.1790029814568,642.1481396777343,823.3486297255861,450.7051598021485,257.0221679904688,15.0,15.1,
freMTPL2sev,TabPFN-v2.6,0.0-1.2,0,clip,50.0,1,2000,1000,1.190379752558811,1.1869279151750427,20.0,-0.0437537978393394,-0.0352716466586133,-0.3320035589122884,-0.4704313765690251,639.427674362793,820.6796390151367,486.3659083080079,342.3835359650781,24.0,15.1,
freMTPL2sev,TabPFN-v2.6,0.0-1.2,0,clip,200.0,1,2000,1000,1.190379752558811,1.1869279151750427,4.0,-0.0173967843890463,-0.0071158650367302,-0.0813113616451796,-0.1042040512479051,635.0662348034668,823.6205451845703,448.6620523924805,272.50450946117195,15.0,15.1,
freMTPL2sev,TabPFN-v2.6,0.0-1.2,0,log,0.0,1,2000,1000,1.190379752558811,1.1869279151750427,0.0,-0.0096743266960891,0.0741711896388131,-0.0691924156941301,15.275518228856264,635.0224175680561,816.5339642035357,451.644461077979,10405.34712367039,18.0,15.1,
freMTPL2sev,TabPFN-v2.6,0.0-1.2,0,tail_log,50.0,1,2000,1000,1.190379752558811,1.1869279151750427,20.0,-0.0297202402691312,-0.0209913350291518,-0.1325300709505557,-0.2800876673015012,637.7280417797851,821.892839046875,461.1962437471578,297.83225660652874,18.0,15.1,
freMTPL2sev,TabPFN-v2.6,0.0-1.2,0,evt_trim,0.0,1,2000,1000,1.190379752558811,1.1869279151750427,0.0,0.0325719951002775,0.0020047048752417,0.1477156099509742,0.1790029814568,642.1481396777343,823.3486297255861,450.7051598021485,257.0221679904688,15.0,15.1,
freMTPL2sev,TabPFN-v2.6,0.0-1.2,0,sd_cap,1.2,1,2000,1000,1.190379752558811,1.1869279151750427,0.0,0.0325719951002775,0.0020047048752417,0.1477156099509742,0.1790029814568,642.1481396777343,823.3486297255861,450.7051598021485,257.0221679904688,15.0,15.1,
freMTPL2sev,TabPFN-v2.6,0.0-1.2,0,rank_emp,0.0,1,2000,1000,1.190379752558811,1.1869279151750427,0.0,0.0452462034517273,0.2895583042806048,0.0835674359189856,5.958952981765899,631.239594522137,808.3671895815656,442.9904705674823,195.66896788331007,13.0,15.1,
freMTPL2sev,TabPFN-v2.6,0.0-1.2,0,rank_gpd,0.0,1,2000,1000,1.190379752558811,1.1869279151750427,0.0,0.0452462034517273,0.2978633653898861,0.0082995272218731,4377.731291454036,631.239594522137,808.1487286198845,443.1789781309243,1376805470.3126545,14.0,15.1,
freMTPL2sev,TabPFN-v2.5,0.0-1.2,1,without_max,0.0,1,2000,1000,1.1918433442054714,1.0207553787249848,0.0,0.0,0.0,0.0,0.0,675.3488699475098,897.2029078540039,539.4064037587891,246.244242021875,26.0,10.9,
freMTPL2sev,TabPFN-v2.5,0.0-1.2,1,raw,0.0,1,2000,1000,1.1918433442054714,1.0207553787249848,0.0,-0.0247539337268726,0.0213175942785937,-0.0516957692538574,0.1520773831987324,680.2237677331543,902.6807833520508,540.0207876503906,235.13649239003908,28.0,10.9,
freMTPL2sev,TabPFN-v2.5,0.0-1.2,1,clip,50.0,1,2000,1000,1.1918433442054714,1.0207553787249848,13.0,0.1264819916210773,0.4718933563413046,0.075089222818947,-0.2021897165283476,660.1129888049317,858.7033828125,532.5187854970704,324.27678083242193,25.0,10.9,
freMTPL2sev,TabPFN-v2.5,0.0-1.2,1,clip,200.0,1,2000,1000,1.1918433442054714,1.0207553787249848,5.0,0.0989622383845142,0.0466539498985094,0.0486979253821621,0.0545957749460831,661.8280163989258,884.5160665551758,520.6934710732422,216.7937423939453,23.0,10.9,
freMTPL2sev,TabPFN-v2.5,0.0-1.2,1,log,0.0,1,2000,1000,1.1918433442054714,1.0207553787249848,0.0,0.1172430052313249,0.4017199867214698,-0.0113489524501427,0.0026174390107999,660.8369691395725,861.9004444932841,546.0480880348869,247.5467092996573,24.0,10.9,
freMTPL2sev,TabPFN-v2.5,0.0-1.2,1,tail_log,50.0,1,2000,1000,1.1918433442054714,1.0207553787249848,13.0,0.1333518874731354,0.3952014770254365,0.1108109034703859,0.081760464437016,660.7315416357421,867.258334128418,522.1562545742188,229.5027373582528,23.0,10.9,
freMTPL2sev,TabPFN-v2.5,0.0-1.2,1,evt_trim,0.0,1,2000,1000,1.1918433442054714,1.0207553787249848,0.0,-0.0247539337268726,0.0213175942785937,-0.0516957692538574,0.1520773831987324,680.2237677331543,902.6807833520508,540.0207876503906,235.13649239003908,28.0,10.9,
freMTPL2sev,TabPFN-v2.5,0.0-1.2,1,sd_cap,1.2,1,2000,1000,1.1918433442054714,1.0207553787249848,0.0,-0.0247539337268726,0.0213175942785937,-0.0516957692538574,0.1520773831987324,680.2237677331543,902.6807833520508,540.0207876503906,235.13649239003908,28.0,10.9,
freMTPL2sev,TabPFN-v2.5,0.0-1.2,1,rank_emp,0.0,1,2000,1000,1.1918433442054714,1.0207553787249848,0.0,0.121772949585493,0.4453659990521822,-0.000597284237546,0.3846817266625092,659.827637176988,858.5080501728805,540.7725203700444,203.36387688524505,25.0,10.9,
freMTPL2sev,TabPFN-v2.5,0.0-1.2,1,rank_gpd,0.0,1,2000,1000,1.1918433442054714,1.0207553787249848,0.0,0.121772949585493,0.4414380007946887,0.0961034986496946,0.2567218252744182,659.827637176988,858.6433056817548,523.7286726481433,218.2044367017149,25.0,10.9,
freMTPL2sev,TabPFN-v2.6,0.0-1.2,1,without_max,0.0,1,2000,1000,1.1918433442054714,1.0207553787249848,0.0,0.0,0.0,0.0,0.0,663.6457195751954,878.7151212451172,503.8620568203127,231.2008089574219,21.0,16.5,
freMTPL2sev,TabPFN-v2.6,0.0-1.2,1,raw,0.0,1,2000,1000,1.1918433442054714,1.0207553787249848,0.0,0.0416018480547487,0.0144674998801031,-0.0400289967688187,0.1821196518418253,668.6526739208985,877.8601884667969,516.9275562929689,193.7251402347657,22.0,16.5,
freMTPL2sev,TabPFN-v2.6,0.0-1.2,1,clip,50.0,1,2000,1000,1.1918433442054714,1.0207553787249848,13.0,-0.0483349035012151,-0.0214769472701749,-0.1613240908077273,-0.5767438212559733,663.9892560327148,878.6434540161132,539.9264213027344,406.5883252884765,24.0,16.5,
freMTPL2sev,TabPFN-v2.6,0.0-1.2,1,clip,200.0,1,2000,1000,1.1918433442054714,1.0207553787249848,5.0,-0.0290183993818771,0.0001598063288055,0.0927569281170746,-0.1858948386060874,666.4345125744629,882.6620662280274,503.6453364150392,284.2821286000001,19.0,16.5,
freMTPL2sev,TabPFN-v2.6,0.0-1.2,1,log,0.0,1,2000,1000,1.1918433442054714,1.0207553787249848,0.0,-0.0413841696745395,0.0778574255132059,-0.0749559027303573,7.413921243765071,663.0152591458835,866.9873772773477,517.7183664158653,3.215840105172655e+27,22.0,16.5,
freMTPL2sev,TabPFN-v2.6,0.0-1.2,1,tail_log,50.0,1,2000,1000,1.1918433442054714,1.0207553787249848,13.0,-0.0408059912978011,-0.0031473237197109,0.0888557588800903,-0.3480829000497832,664.6637244372558,882.3535919238283,513.4388299013673,322.69635121223075,21.0,16.5,
freMTPL2sev,TabPFN-v2.6,0.0-1.2,1,evt_trim,0.0,1,2000,1000,1.1918433442054714,1.0207553787249848,0.0,0.0416018480547487,0.0144674998801031,-0.0400289967688187,0.1821196518418253,668.6526739208985,877.8601884667969,516.9275562929689,193.7251402347657,22.0,16.5,
freMTPL2sev,TabPFN-v2.6,0.0-1.2,1,sd_cap,1.2,1,2000,1000,1.1918433442054714,1.0207553787249848,0.0,0.0416018480547487,0.0144674998801031,-0.0400289967688187,0.1821196518418253,668.6526739208985,877.8601884667969,516.9275562929689,193.7251402347657,22.0,16.5,
freMTPL2sev,TabPFN-v2.6,0.0-1.2,1,rank_emp,0.0,1,2000,1000,1.1918433442054714,1.0207553787249848,0.0,-0.0012004659177227,0.3163801275727286,-0.0307666127035241,6.695481360172695,660.465924278762,854.9247670640117,525.3933306999966,207.57051949092352,20.0,16.5,
freMTPL2sev,TabPFN-v2.6,0.0-1.2,1,rank_gpd,0.0,1,2000,1000,1.1918433442054714,1.0207553787249848,0.0,-0.0012004659177227,0.3163801275727286,0.0451637743104184,448.82817780358846,660.465924278762,854.7784977666054,514.4520996405906,88355715.85348523,19.0,16.5,
freMTPL2sev,TabPFN-v2.5,0.0-1.2,2,without_max,0.0,1,2000,1000,1.0760785859620288,1.0683557142857143,0.0,0.0,0.0,0.0,0.0,618.424903306885,775.4821507373047,473.3451645351563,290.0077978177734,14.0,14.7,
freMTPL2sev,TabPFN-v2.5,0.0-1.2,2,raw,0.0,1,2000,1000,1.0760785859620288,1.0683557142857143,0.0,0.0022980698449338,-0.0335446564275337,0.0149023384011243,0.0585089544637247,618.8357533715821,778.0861136791992,472.5848127871094,275.99329581289066,13.0,14.7,
freMTPL2sev,TabPFN-v2.5,0.0-1.2,2,clip,50.0,1,2000,1000,1.0760785859620288,1.0683557142857143,15.0,-0.0201573787933024,-0.088688031420191,-0.1092192326416114,-0.2906892774708287,617.9849063220215,784.7105820214844,477.2782541396484,329.7650711439453,16.0,14.7,
freMTPL2sev,TabPFN-v2.5,0.0-1.2,2,clip,200.0,1,2000,1000,1.0760785859620288,1.0683557142857143,0.0,0.0022980698449338,-0.0335446564275337,0.0149023384011243,0.0585089544637247,618.8357533715821,778.0861136791992,472.5848127871094,275.99329581289066,13.0,14.7,
freMTPL2sev,TabPFN-v2.5,0.0-1.2,2,log,0.0,1,2000,1000,1.0760785859620288,1.0683557142857143,0.0,-0.0197142794979184,-0.1116919940898697,-0.1925672709243177,0.0443715003959714,618.0826766599088,787.164475688752,482.9158758672385,284.06421186406345,17.0,14.7,
freMTPL2sev,TabPFN-v2.5,0.0-1.2,2,tail_log,50.0,1,2000,1000,1.0760785859620288,1.0683557142857143,15.0,-0.0031565903656847,0.0533543080279724,0.0153518438906918,-0.0452665634432452,618.1742879443359,781.1229107421874,467.6722277960915,293.759897316155,13.0,14.7,
freMTPL2sev,TabPFN-v2.5,0.0-1.2,2,evt_trim,0.0,1,2000,1000,1.0760785859620288,1.0683557142857143,0.0,0.0022980698449338,-0.0335446564275337,0.0149023384011243,0.0585089544637247,618.8357533715821,778.0861136791992,472.5848127871094,275.99329581289066,13.0,14.7,
freMTPL2sev,TabPFN-v2.5,0.0-1.2,2,sd_cap,1.2,1,2000,1000,1.0760785859620288,1.0683557142857143,0.0,0.0022980698449338,-0.0335446564275337,0.0149023384011243,0.0585089544637247,618.8357533715821,778.0861136791992,472.5848127871094,275.99329581289066,13.0,14.7,
freMTPL2sev,TabPFN-v2.5,0.0-1.2,2,rank_emp,0.0,1,2000,1000,1.0760785859620288,1.0683557142857143,0.0,-0.0150086836577971,-0.0338065634544375,-0.0350246673966091,0.6205093769459102,617.4140537107197,780.4522737912692,467.6397620954997,231.9840974456512,13.0,14.7,
freMTPL2sev,TabPFN-v2.5,0.0-1.2,2,rank_gpd,0.0,1,2000,1000,1.0760785859620288,1.0683557142857143,0.0,-0.0150086836577971,-0.0351325398189039,-0.0086388438513141,0.2979211884199796,617.4140537107197,780.7918852560113,466.6826379060293,250.51689778107155,13.0,14.7,
freMTPL2sev,TabPFN-v2.6,0.0-1.2,2,without_max,0.0,1,2000,1000,1.0760785859620288,1.0683557142857143,0.0,0.0,0.0,0.0,0.0,620.6033197705077,803.2665713598633,467.0015384414064,323.99571227968755,13.0,16.2,
freMTPL2sev,TabPFN-v2.6,0.0-1.2,2,raw,0.0,1,2000,1000,1.0760785859620288,1.0683557142857143,0.0,-0.0086661200719106,0.0018389238465033,0.0457050187456934,0.0701248106931691,620.7599130419921,803.8747174267578,466.871268084961,318.2650291976563,12.0,16.2,
freMTPL2sev,TabPFN-v2.6,0.0-1.2,2,clip,50.0,1,2000,1000,1.0760785859620288,1.0683557142857143,15.0,-0.0289882821707949,-0.0136830669878832,-0.1609128724085083,-0.2769988230543816,624.4559071411132,803.406827541504,476.8769829482423,361.8494839173828,17.0,16.2,
freMTPL2sev,TabPFN-v2.6,0.0-1.2,2,clip,200.0,1,2000,1000,1.0760785859620288,1.0683557142857143,0.0,-0.0086661200719106,0.0018389238465033,0.0457050187456934,0.0701248106931691,620.7599130419921,803.8747174267578,466.871268084961,318.2650291976563,12.0,16.2,
freMTPL2sev,TabPFN-v2.6,0.0-1.2,2,log,0.0,1,2000,1000,1.0760785859620288,1.0683557142857143,0.0,0.0080783329009604,0.0732858528041527,0.0363964419265817,11.463430586246572,619.6078703239258,797.895522245506,486.6951777156109,2.8757792404328885e+27,13.0,16.2,
freMTPL2sev,TabPFN-v2.6,0.0-1.2,2,tail_log,50.0,1,2000,1000,1.0760785859620288,1.0683557142857143,15.0,-0.0221763683129238,-0.0094860849347149,-0.0424824383556484,-0.0967363447473874,623.5917220495605,804.5561449291993,471.6650859037622,335.4527842571748,14.0,16.2,
freMTPL2sev,TabPFN-v2.6,0.0-1.2,2,evt_trim,0.0,1,2000,1000,1.0760785859620288,1.0683557142857143,0.0,-0.0086661200719106,0.0018389238465033,0.0457050187456934,0.0701248106931691,620.7599130419921,803.8747174267578,466.871268084961,318.2650291976563,12.0,16.2,
freMTPL2sev,TabPFN-v2.6,0.0-1.2,2,sd_cap,1.2,1,2000,1000,1.0760785859620288,1.0683557142857143,0.0,-0.0086661200719106,0.0018389238465033,0.0457050187456934,0.0701248106931691,620.7599130419921,803.8747174267578,466.871268084961,318.2650291976563,12.0,16.2,
freMTPL2sev,TabPFN-v2.6,0.0-1.2,2,rank_emp,0.0,1,2000,1000,1.0760785859620288,1.0683557142857143,0.0,0.0278005949706273,0.3951383607858357,0.117517582696881,3.2134653857796955,617.0541304347818,781.4398847593054,486.7110491303943,203.4656108285516,12.0,16.2,
freMTPL2sev,TabPFN-v2.6,0.0-1.2,2,rank_gpd,0.0,1,2000,1000,1.0760785859620288,1.0683557142857143,0.0,0.0278005949706273,0.396257212047104,0.120879503454591,1416.5161251975003,617.0541304347818,781.0088087341878,479.9056341595069,8431600.076904919,11.0,16.2,
freMTPL2sev,TabPFN-v2.5,0.0-1.2,3,without_max,0.0,1,2000,1000,1.152229915535114,1.4044580541631588,0.0,0.0,0.0,0.0,0.0,916.830356251831,1313.536402785156,973.5422265109376,690.4462014264844,18.0,10.9,
freMTPL2sev,TabPFN-v2.5,0.0-1.2,3,raw,0.0,1,2000,1000,1.152229915535114,1.4044580541631588,0.0,-0.0124630435955016,-0.0831259808931798,-0.0352344391084722,0.0021681519633958,916.4356774279784,1314.7154360126951,977.4221765109376,686.1875380641798,18.0,10.9,
freMTPL2sev,TabPFN-v2.5,0.0-1.2,3,clip,50.0,1,2000,1000,1.152229915535114,1.4044580541631588,17.0,-0.015880897852795,0.0298060249395127,-0.0171281269050512,-0.2044794344795749,915.1264597692872,1312.309801383789,983.5382849240236,769.8897508747266,18.0,10.9,
freMTPL2sev,TabPFN-v2.5,0.0-1.2,3,clip,200.0,1,2000,1000,1.152229915535114,1.4044580541631588,1.0,-0.00765330986029,-0.0500279731180695,-0.009343032138247,0.0055144728647702,916.3597032971192,1314.0630490351564,976.746464152539,688.1982108600782,17.0,10.9,
freMTPL2sev,TabPFN-v2.5,0.0-1.2,3,log,0.0,1,2000,1000,1.152229915535114,1.4044580541631588,0.0,-0.018531602852143,-0.041896067041909,-0.1061407982283746,0.2263769706783271,915.79114402861,1316.811057648625,983.8126326438568,594.8869615757833,23.0,10.9,
freMTPL2sev,TabPFN-v2.5,0.0-1.2,3,tail_log,50.0,1,2000,1000,1.152229915535114,1.4044580541631588,17.0,-0.0018807458579688,0.0975660784934708,0.0438351436230904,0.0178946422537891,916.0300603094482,1310.8133969794922,963.0553712998384,690.4052542301165,16.0,10.9,
freMTPL2sev,TabPFN-v2.5,0.0-1.2,3,evt_trim,0.0,1,2000,1000,1.152229915535114,1.4044580541631588,0.0,-0.0124630435955016,-0.0831259808931798,-0.0352344391084722,0.0021681519633958,916.4356774279784,1314.7154360126951,977.4221765109376,686.1875380641798,18.0,10.9,
freMTPL2sev,TabPFN-v2.5,0.0-1.2,3,sd_cap,1.2,1,2000,1000,1.152229915535114,1.4044580541631588,0.0,-0.0124630435955016,-0.0831259808931798,-0.0352344391084722,0.0021681519633958,916.4356774279784,1314.7154360126951,977.4221765109376,686.1875380641798,18.0,10.9,
freMTPL2sev,TabPFN-v2.5,0.0-1.2,3,rank_emp,0.0,1,2000,1000,1.152229915535114,1.4044580541631588,0.0,-0.0195334052860841,0.0246040810888261,0.1276872333437339,0.8016983806708651,915.1801721579262,1318.3266892805789,936.0821101422862,521.5318044225031,18.0,10.9,
freMTPL2sev,TabPFN-v2.5,0.0-1.2,3,rank_gpd,0.0,1,2000,1000,1.152229915535114,1.4044580541631588,0.0,-0.0195334052860841,0.025912908941981,0.0771564535565704,0.6582443932479869,915.1801721579262,1318.4303025178244,956.4748872781918,541.4961238516081,20.0,10.9,
freMTPL2sev,TabPFN-v2.6,0.0-1.2,3,without_max,0.0,1,2000,1000,1.152229915535114,1.4044580541631588,0.0,0.0,0.0,0.0,0.0,919.7097681652832,1329.466301417969,975.538675690625,750.7266354733594,20.0,16.2,
freMTPL2sev,TabPFN-v2.6,0.0-1.2,3,raw,0.0,1,2000,1000,1.152229915535114,1.4044580541631588,0.0,0.0005659148045976,0.0085976602464996,0.1022493876313426,0.1404919029664208,920.2436049877932,1330.122544525879,956.6030184640626,730.2221686403515,19.0,16.2,
freMTPL2sev,TabPFN-v2.6,0.0-1.2,3,clip,50.0,1,2000,1000,1.152229915535114,1.4044580541631588,17.0,-0.019915441578639,-0.0031561914834386,-0.1498834089701518,-0.265630682646374,922.3107013659668,1322.0321953461914,1003.0240560177734,816.5547793630077,21.0,16.2,
freMTPL2sev,TabPFN-v2.6,0.0-1.2,3,clip,200.0,1,2000,1000,1.152229915535114,1.4044580541631588,1.0,-0.0016384319473876,0.0111036994429402,0.0770578710880006,0.0917098074233429,919.880938010254,1329.3587596967775,962.2865249435548,737.6788094176952,20.0,16.2,
freMTPL2sev,TabPFN-v2.6,0.0-1.2,3,log,0.0,1,2000,1000,1.152229915535114,1.4044580541631588,0.0,0.0054840330068586,0.0771723125932241,0.0292990144049926,11.928699442073956,917.0500972858156,1309.3181633952618,924.4077142550972,94856.64707050158,16.0,16.2,
freMTPL2sev,TabPFN-v2.6,0.0-1.2,3,tail_log,50.0,1,2000,1000,1.152229915535114,1.4044580541631588,17.0,-0.0116752644154063,0.0020334142766228,-0.027231684698265,-0.1089536857264675,920.6207256896972,1327.443909945801,980.1164880925857,764.9189726544118,20.0,16.2,
freMTPL2sev,TabPFN-v2.6,0.0-1.2,3,evt_trim,0.0,1,2000,1000,1.152229915535114,1.4044580541631588,0.0,0.0005659148045976,0.0085976602464996,0.1022493876313426,0.1404919029664208,920.2436049877932,1330.122544525879,956.6030184640626,730.2221686403515,19.0,16.2,
freMTPL2sev,TabPFN-v2.6,0.0-1.2,3,sd_cap,1.2,1,2000,1000,1.152229915535114,1.4044580541631588,0.0,0.0005659148045976,0.0085976602464996,0.1022493876313426,0.1404919029664208,920.2436049877932,1330.122544525879,956.6030184640626,730.2221686403515,19.0,16.2,
freMTPL2sev,TabPFN-v2.6,0.0-1.2,3,rank_emp,0.0,1,2000,1000,1.152229915535114,1.4044580541631588,0.0,0.0364420150554758,0.3399915764195802,0.1181166680733913,5.067982439794713,915.120667420608,1304.027856241432,910.9619443331288,340.4579597989496,15.0,16.2,
freMTPL2sev,TabPFN-v2.6,0.0-1.2,3,rank_gpd,0.0,1,2000,1000,1.152229915535114,1.4044580541631588,0.0,0.0364420150554758,0.3402346978697476,0.0689717743497278,241.61317596069367,915.120667420608,1303.389619266763,912.678429811628,15639408.4736963,15.0,16.2,
freMTPL2sev,TabPFN-v2.5,0.0-1.2,4,without_max,0.0,1,2000,1000,1.1512214713087678,1.0092392000176595,0.0,0.0,0.0,0.0,0.0,656.9056168579102,866.961028440918,446.43205602695326,160.33470419351568,16.0,12.2,
freMTPL2sev,TabPFN-v2.5,0.0-1.2,4,raw,0.0,1,2000,1000,1.1512214713087678,1.0092392000176595,0.0,-0.028275390966215,-0.0206566967028916,0.0105434709992534,0.0833977215168602,661.679718376465,874.7806842856446,448.825967936133,159.73972975406255,16.0,12.2,
freMTPL2sev,TabPFN-v2.5,0.0-1.2,4,clip,50.0,1,2000,1000,1.1512214713087678,1.0092392000176595,24.0,0.0647903358555556,0.3452921834420883,0.0639612658102745,-0.4841641745235316,651.2207239978027,817.6004357382812,436.63680103183606,265.37471470523445,15.0,12.2,
freMTPL2sev,TabPFN-v2.5,0.0-1.2,4,clip,200.0,1,2000,1000,1.1512214713087678,1.0092392000176595,3.0,0.0421990192157426,0.0063376573020368,0.0100590209867864,-0.0289007139068386,653.5729338342285,859.9268205820313,438.7830431802736,168.5416790470313,16.0,12.2,
freMTPL2sev,TabPFN-v2.5,0.0-1.2,4,log,0.0,1,2000,1000,1.1512214713087678,1.0092392000176595,0.0,0.0543391240986665,0.3145453572467028,-0.0312152645901607,0.1695805080280161,650.8234693835583,820.0096282978651,447.3945479440289,121.92221915328729,17.0,12.2,
freMTPL2sev,TabPFN-v2.5,0.0-1.2,4,tail_log,50.0,1,2000,1000,1.1512214713087678,1.0092392000176595,24.0,0.0751189971710939,0.2344790155732199,-0.012201353192666,-0.1184288169292948,652.2930935742187,832.0614714780273,435.7407133592532,172.23073899532685,15.0,12.2,
freMTPL2sev,TabPFN-v2.5,0.0-1.2,4,evt_trim,0.0,1,2000,1000,1.1512214713087678,1.0092392000176595,0.0,-0.028275390966215,-0.0206566967028916,0.0105434709992534,0.0833977215168602,661.679718376465,874.7806842856446,448.825967936133,159.73972975406255,16.0,12.2,
freMTPL2sev,TabPFN-v2.5,0.0-1.2,4,sd_cap,1.2,1,2000,1000,1.1512214713087678,1.0092392000176595,0.0,-0.028275390966215,-0.0206566967028916,0.0105434709992534,0.0833977215168602,661.679718376465,874.7806842856446,448.825967936133,159.73972975406255,16.0,12.2,
freMTPL2sev,TabPFN-v2.5,0.0-1.2,4,rank_emp,0.0,1,2000,1000,1.1512214713087678,1.0092392000176595,0.0,0.0541916803513069,0.4167932969408139,0.2393906468516495,0.6264828409137579,651.3569375820863,813.7544090772477,444.1528547555377,136.27499811351416,15.0,12.2,
freMTPL2sev,TabPFN-v2.5,0.0-1.2,4,rank_gpd,0.0,1,2000,1000,1.1512214713087678,1.0092392000176595,0.0,0.0541916803513069,0.4124335059998898,0.0941111181776291,0.5086919055844445,651.3569375820863,814.2051324560605,446.77186618076536,147.65675602366386,16.0,12.2,
freMTPL2sev,TabPFN-v2.6,0.0-1.2,4,without_max,0.0,1,2000,1000,1.1512214713087678,1.0092392000176595,0.0,0.0,0.0,0.0,0.0,667.5301068115234,843.1620928647461,437.1158836587892,205.49264036148443,13.0,15.6,
freMTPL2sev,TabPFN-v2.6,0.0-1.2,4,raw,0.0,1,2000,1000,1.1512214713087678,1.0092392000176595,0.0,0.0403113817331694,0.0388547862770416,0.1369017294189964,0.1430422776239043,668.5475595288086,839.6924580087891,445.54352918613296,205.5631705802344,10.0,15.6,
freMTPL2sev,TabPFN-v2.6,0.0-1.2,4,clip,50.0,1,2000,1000,1.1512214713087678,1.0092392000176595,24.0,-0.0736638488777627,-0.0327658128387003,-0.3593689158271077,-0.5231675157582807,659.0697472705077,847.0627404697266,461.3964898990236,318.78298927164064,19.0,15.6,
freMTPL2sev,TabPFN-v2.6,0.0-1.2,4,clip,200.0,1,2000,1000,1.1512214713087678,1.0092392000176595,3.0,-0.0205537055136938,-0.0111864665899682,-0.1047918512635807,-0.14732407559984,656.9741107080079,845.5103175693359,437.0987749966798,232.49982625210936,12.0,15.6,
freMTPL2sev,TabPFN-v2.6,0.0-1.2,4,log,0.0,1,2000,1000,1.1512214713087678,1.0092392000176595,0.0,-0.0679363958175683,0.0128218278314602,-0.1937645401492461,3.6042519091860905,654.3343323346305,837.6535385174337,456.354928883689,2994.5139314947564,17.0,15.6,
freMTPL2sev,TabPFN-v2.6,0.0-1.2,4,tail_log,50.0,1,2000,1000,1.1512214713087678,1.0092392000176595,24.0,-0.04872204132706,-0.0164832369272933,-0.1674954344227535,-0.2772691167001267,656.2924908654785,846.854275533203,440.47260104720937,256.5903129946299,15.0,15.6,
freMTPL2sev,TabPFN-v2.6,0.0-1.2,4,evt_trim,0.0,1,2000,1000,1.1512214713087678,1.0092392000176595,0.0,0.0403113817331694,0.0388547862770416,0.1369017294189964,0.1430422776239043,668.5475595288086,839.6924580087891,445.54352918613296,205.5631705802344,10.0,15.6,
freMTPL2sev,TabPFN-v2.6,0.0-1.2,4,sd_cap,1.2,1,2000,1000,1.1512214713087678,1.0092392000176595,0.0,0.0403113817331694,0.0388547862770416,0.1369017294189964,0.1430422776239043,668.5475595288086,839.6924580087891,445.54352918613296,205.5631705802344,10.0,15.6,
freMTPL2sev,TabPFN-v2.6,0.0-1.2,4,rank_emp,0.0,1,2000,1000,1.1512214713087678,1.0092392000176595,0.0,-0.0688246498188482,0.2671047614446669,0.0879161083992187,5.19161530920921,650.5978266464218,808.1033410954503,430.1272620399309,180.87739001293096,11.0,15.6,
freMTPL2sev,TabPFN-v2.6,0.0-1.2,4,rank_gpd,0.0,1,2000,1000,1.1512214713087678,1.0092392000176595,0.0,-0.0688246498188482,0.2706409896792418,-0.0295008278457241,1184.83637953719,650.5978266464218,809.99337524836,428.10247741127966,2260538468.1764417,14.0,15.6,
freMTPL2sev,TabPFN-v2.5,1.2-2.0,0,without_max,0.0,1,2000,1000,1.2236522039743902,1.0234008276702686,0.0,0.0,0.0,0.0,0.0,2009.672237425537,3288.171136835449,3162.9022474113285,2901.786116265547,20.0,11.0,
freMTPL2sev,TabPFN-v2.5,1.2-2.0,0,raw,0.0,1,2000,1000,1.2236522039743902,1.0234008276702686,0.0,-0.0617819093635328,0.0058166207635647,-0.0292423522265651,0.1569989728834391,2021.872535205078,3292.1325235078125,3157.434133846876,2840.364808300704,21.0,11.0,
freMTPL2sev,TabPFN-v2.5,1.2-2.0,0,clip,50.0,1,2000,1000,1.2236522039743902,1.0234008276702686,11.0,0.0646478280506252,0.2754176935457096,-0.0878591767821949,-0.2279799338510076,2001.654383479004,3266.3605531953126,3173.5328047257813,3013.2813485516795,24.0,11.0,
freMTPL2sev,TabPFN-v2.5,1.2-2.0,0,clip,200.0,1,2000,1000,1.2236522039743902,1.0234008276702686,3.0,0.051206441793853,-0.0074696169358094,-0.0366493325056187,-0.0923468499004848,2002.9082475598148,3285.698504569824,3157.602363666211,2911.44403335832,20.0,11.0,
freMTPL2sev,TabPFN-v2.5,1.2-2.0,0,log,0.0,1,2000,1000,1.2236522039743902,1.0234008276702686,0.0,0.0632898207544161,0.3165561931304709,-0.0737842208895145,0.0809192371926102,2001.7430506600533,3268.8949730025606,3169.75000680607,2929.586639599787,24.0,11.0,
freMTPL2sev,TabPFN-v2.5,1.2-2.0,0,tail_log,50.0,1,2000,1000,1.2236522039743902,1.0234008276702686,11.0,0.08467085852523,0.2444654031040764,0.0304721837867544,-0.0341047533675425,2002.294046730957,3264.2265641425784,3152.79579086956,2906.0359067748805,20.0,11.0,
freMTPL2sev,TabPFN-v2.5,1.2-2.0,0,evt_trim,0.0,1,2000,1000,1.2236522039743902,1.0234008276702686,0.0,-0.0617819093635328,0.0058166207635647,-0.0292423522265651,0.1569989728834391,2021.872535205078,3292.1325235078125,3157.434133846876,2840.364808300704,21.0,11.0,
freMTPL2sev,TabPFN-v2.5,1.2-2.0,0,sd_cap,1.2,1,2000,1000,1.2236522039743902,1.0234008276702686,2.0,-0.048202044323049,0.0067271805915448,-0.0084245759492686,0.1192915156459827,2019.197859338379,3290.4303960175785,3155.444043168164,2846.7079943827343,21.0,11.0,
freMTPL2sev,TabPFN-v2.5,1.2-2.0,0,rank_emp,0.0,1,2000,1000,1.2236522039743902,1.0234008276702686,0.0,0.0611698097050659,0.3383845260338518,0.05131514698318,1.3075717548442758,2000.6715770231272,3267.718480535897,3157.134717128003,2675.0499617763594,21.0,11.0,
freMTPL2sev,TabPFN-v2.5,1.2-2.0,0,rank_gpd,0.0,1,2000,1000,1.2236522039743902,1.0234008276702686,0.0,0.0611698097050659,0.3383845260338518,0.1318443039535669,0.6641058951026455,2000.6715770231272,3267.813208297925,3149.4447830839613,2779.766026889072,19.0,11.0,
freMTPL2sev,TabPFN-v2.6,1.2-2.0,0,without_max,0.0,1,2000,1000,1.2236522039743902,1.0234008276702686,0.0,0.0,0.0,0.0,0.0,2003.838729290772,3288.7676528168945,3130.9827813346683,2909.53105746086,17.0,16.3,
freMTPL2sev,TabPFN-v2.6,1.2-2.0,0,raw,0.0,1,2000,1000,1.2236522039743902,1.0234008276702686,0.0,0.0312286622663648,0.0211944719979339,0.1035044272741262,0.2108809941343845,2006.4637756616207,3287.0472178828127,3117.788818129102,2874.5267543925,18.0,16.3,
freMTPL2sev,TabPFN-v2.6,1.2-2.0,0,clip,50.0,1,2000,1000,1.2236522039743902,1.0234008276702686,11.0,-0.0416166419893112,-0.0149419774698484,-0.2451635058101125,-0.5466049803131683,2008.176879588623,3281.150058378418,3180.0620641642577,3061.4870577548045,26.0,16.3,
freMTPL2sev,TabPFN-v2.6,1.2-2.0,0,clip,200.0,1,2000,1000,1.2236522039743902,1.0234008276702686,3.0,-0.0455695570269343,0.0047031208025342,0.0160134385496404,-0.1863118007695142,2008.3637241833496,3288.285278148926,3128.4986393546874,2952.9839245487497,20.0,16.3,
freMTPL2sev,TabPFN-v2.6,1.2-2.0,0,log,0.0,1,2000,1000,1.2236522039743902,1.0234008276702686,0.0,-0.0204961528693165,0.053596905612822,-0.0359483562119647,7.573753534578693,2004.4826398263888,3273.8928400758628,3134.878415016968,5604.8676730576,18.0,16.3,
freMTPL2sev,TabPFN-v2.6,1.2-2.0,0,tail_log,50.0,1,2000,1000,1.2236522039743902,1.0234008276702686,11.0,-0.0390937584403685,0.0067893787388054,-0.0637587555205357,-0.3056441224216606,2006.8282547937013,3286.4636071552736,3148.494380536328,2992.924937164715,20.0,16.3,
freMTPL2sev,TabPFN-v2.6,1.2-2.0,0,evt_trim,0.0,1,2000,1000,1.2236522039743902,1.0234008276702686,0.0,0.0312286622663648,0.0211944719979339,0.1035044272741262,0.2108809941343845,2006.4637756616207,3287.0472178828127,3117.788818129102,2874.5267543925,18.0,16.3,
freMTPL2sev,TabPFN-v2.6,1.2-2.0,0,sd_cap,1.2,1,2000,1000,1.2236522039743902,1.0234008276702686,2.0,0.0430828193452546,0.0217167272193526,0.1308220294496762,0.1534718449447179,2005.6185961621093,3287.551408668946,3117.497897103711,2878.9562991014845,19.0,16.3,
freMTPL2sev,TabPFN-v2.6,1.2-2.0,0,rank_emp,0.0,1,2000,1000,1.2236522039743902,1.0234008276702686,0.0,0.0085206879748742,0.2871419206984208,-0.0065301835906286,7.318128054192474,2001.480112858776,3259.1994051153138,3101.035356301132,2071.75933233,18.0,16.3,
freMTPL2sev,TabPFN-v2.6,1.2-2.0,0,rank_gpd,0.0,1,2000,1000,1.2236522039743902,1.0234008276702686,0.0,0.0085206879748742,0.2858747884180942,0.0813566850589741,1822.3287889662893,2001.480112858776,3259.639512669068,3101.7361763249514,114390086.33257076,17.0,16.3,
freMTPL2sev,TabPFN-v2.5,1.2-2.0,1,without_max,0.0,1,2000,1000,1.5258705963004044,1.8641450542892408,0.0,0.0,0.0,0.0,0.0,604.3771970166016,753.0856406669922,359.0975420085938,193.36183467351563,16.0,12.2,
freMTPL2sev,TabPFN-v2.5,1.2-2.0,1,raw,0.0,1,2000,1000,1.5258705963004044,1.8641450542892408,0.0,-0.0026332790957408,0.1149715267074746,-0.0370101898653578,0.3131813343355528,604.1390749951172,736.5899334086914,363.6043466228516,159.07818903289066,18.0,12.2,
freMTPL2sev,TabPFN-v2.5,1.2-2.0,1,clip,50.0,1,2000,1000,1.5258705963004044,1.8641450542892408,10.0,0.124031761051915,0.4122020028579052,0.0340365075799679,-0.1786962224497698,587.6884448559571,707.3051712895508,351.91705724785163,211.4724314088672,15.0,12.2,
freMTPL2sev,TabPFN-v2.5,1.2-2.0,1,clip,200.0,1,2000,1000,1.5258705963004044,1.8641450542892408,4.0,0.0929903148319678,0.0545493898188287,0.0051811754194653,-0.0731297078566458,590.3806737792969,733.8609983208007,355.6175521892579,205.882405326836,17.0,12.2,
freMTPL2sev,TabPFN-v2.5,1.2-2.0,1,log,0.0,1,2000,1000,1.5258705963004044,1.8641450542892408,0.0,0.1242818431154761,0.3924811346259174,0.0242647857454848,0.0982603991056093,587.6485484936763,713.8842474431086,362.2511164020905,179.46072532510132,15.0,12.2,
freMTPL2sev,TabPFN-v2.5,1.2-2.0,1,tail_log,50.0,1,2000,1000,1.5258705963004044,1.8641450542892408,10.0,0.137139969047783,0.4159701022972246,0.0614313902099918,-0.0417763594454,588.7356912945556,704.637675540039,350.03003657844243,200.9001985241843,14.0,12.2,
freMTPL2sev,TabPFN-v2.5,1.2-2.0,1,evt_trim,0.0,1,2000,1000,1.5258705963004044,1.8641450542892408,0.0,-0.0026332790957408,0.1149715267074746,-0.0370101898653578,0.3131813343355528,604.1390749951172,736.5899334086914,363.6043466228516,159.07818903289066,18.0,12.2,
freMTPL2sev,TabPFN-v2.5,1.2-2.0,1,sd_cap,1.2,1,2000,1000,1.5258705963004044,1.8641450542892408,1.0,-0.0357868153901452,0.0162763129460032,-0.0075363753104314,0.1796845509154748,610.5134996630859,749.799494302246,364.8307956121095,176.43168648210943,19.0,12.2,
freMTPL2sev,TabPFN-v2.5,1.2-2.0,1,rank_emp,0.0,1,2000,1000,1.5258705963004044,1.8641450542892408,0.0,0.1225050859116196,0.4754829447063909,0.0936859391935927,0.6855869003066684,587.5167358959994,708.3505840518721,356.5168934084787,182.07873984855,14.0,12.2,
freMTPL2sev,TabPFN-v2.5,1.2-2.0,1,rank_gpd,0.0,1,2000,1000,1.5258705963004044,1.8641450542892408,0.0,0.1225050859116196,0.4819747951606316,0.198782741614805,0.8148120097703366,587.5167358959994,707.5728664817746,364.397086746168,133.34726509913887,12.0,12.2,
freMTPL2sev,TabPFN-v2.6,1.2-2.0,1,without_max,0.0,1,2000,1000,1.5258705963004044,1.8641450542892408,0.0,0.0,0.0,0.0,0.0,593.1828122875977,734.4065098149414,360.1815095671876,127.72810533171878,15.0,15.0,
freMTPL2sev,TabPFN-v2.6,1.2-2.0,1,raw,0.0,1,2000,1000,1.5258705963004044,1.8641450542892408,0.0,0.0221878833325899,0.0299270784859157,-0.3021357573681141,0.3741832562975599,605.8402425610351,729.5952494243164,398.0650035784181,97.8609016676563,22.0,15.0,
freMTPL2sev,TabPFN-v2.6,1.2-2.0,1,clip,50.0,1,2000,1000,1.5258705963004044,1.8641450542892408,10.0,-0.0736072539101193,-0.0337682528821665,-0.2904693710000319,-0.5322062600470079,594.3614720458984,735.3518375297851,354.67918892753914,230.63568628191408,21.0,15.0,
freMTPL2sev,TabPFN-v2.6,1.2-2.0,1,clip,200.0,1,2000,1000,1.5258705963004044,1.8641450542892408,4.0,-0.0434265615445193,-0.0223832430556154,-0.0617016581625607,-0.2107548365632269,593.529408831787,736.6492278105469,354.4876602117189,166.24791311882814,12.0,15.0,
freMTPL2sev,TabPFN-v2.6,1.2-2.0,1,log,0.0,1,2000,1000,1.5258705963004044,1.8641450542892408,0.0,-0.0539567586171935,0.037693471302363,-0.1618174490430905,4.337527643382666,590.7331149341472,717.7022146895652,377.3293260389647,8.7281664075477e+17,16.0,15.0,
freMTPL2sev,TabPFN-v2.6,1.2-2.0,1,tail_log,50.0,1,2000,1000,1.5258705963004044,1.8641450542892408,10.0,-0.0551999406670227,-0.019537409291497,-0.1197141117434161,-0.3166433534325741,591.1200078869629,736.9221490629882,350.84806638847664,190.7312786702322,13.0,15.0,
freMTPL2sev,TabPFN-v2.6,1.2-2.0,1,evt_trim,0.0,1,2000,1000,1.5258705963004044,1.8641450542892408,0.0,0.0221878833325899,0.0299270784859157,-0.3021357573681141,0.3741832562975599,605.8402425610351,729.5952494243164,398.0650035784181,97.8609016676563,22.0,15.0,
freMTPL2sev,TabPFN-v2.6,1.2-2.0,1,sd_cap,1.2,1,2000,1000,1.5258705963004044,1.8641450542892408,1.0,-0.0065412477692233,0.0073005927976639,-0.0783909080768016,0.1895446271814608,593.0996072900391,732.9837916923829,371.51030306328136,111.61858252507815,16.0,15.0,
freMTPL2sev,TabPFN-v2.6,1.2-2.0,1,rank_emp,0.0,1,2000,1000,1.5258705963004044,1.8641450542892408,0.0,-0.0291049132147621,0.2879748914665269,-0.1171582925656582,12.3518531517016,587.2930478661424,701.7408644787097,389.0576733282433,362.0150833474184,16.0,15.0,
freMTPL2sev,TabPFN-v2.6,1.2-2.0,1,rank_gpd,0.0,1,2000,1000,1.5258705963004044,1.8641450542892408,0.0,-0.0291049132147621,0.2907819838616585,-0.0800684909118733,110.33295600038088,587.2930478661424,702.7674956163613,391.77298969375306,25665440.88271149,18.0,15.0,
freMTPL2sev,TabPFN-v2.5,1.2-2.0,2,without_max,0.0,1,2000,1000,1.2290445769431362,1.5548679166666666,0.0,0.0,0.0,0.0,0.0,672.8926393066407,880.7795318950195,549.1482471423828,303.2267553260548,14.0,11.7,
freMTPL2sev,TabPFN-v2.5,1.2-2.0,2,raw,0.0,1,2000,1000,1.2290445769431362,1.5548679166666666,0.0,-0.0207340507817059,-0.0630644982028109,-0.0258432522235577,0.1043155954518822,672.1838728515626,889.7964485380859,554.0333635779298,275.974005823125,14.0,11.7,
freMTPL2sev,TabPFN-v2.5,1.2-2.0,2,clip,50.0,1,2000,1000,1.2290445769431362,1.5548679166666666,18.0,-0.0157204980661122,0.1214470196210831,0.0425435658826994,-0.3262558849776563,670.7593399963379,886.1594327763673,548.1405588416015,384.9217688436329,12.0,11.7,
freMTPL2sev,TabPFN-v2.5,1.2-2.0,2,clip,200.0,1,2000,1000,1.2290445769431362,1.5548679166666666,3.0,0.0049086063449374,-0.0191681521910567,0.0091413623997788,0.0249719887435887,672.6705927441407,887.9360425615234,548.0666115515626,295.9864037762501,14.0,11.7,
freMTPL2sev,TabPFN-v2.5,1.2-2.0,2,log,0.0,1,2000,1000,1.2290445769431362,1.5548679166666666,0.0,-0.011014590524241,0.0607460861685857,-0.0175346304177986,0.102596372149699,670.4260898623498,888.4218175495736,557.304301431963,275.3051178868351,13.0,11.7,
freMTPL2sev,TabPFN-v2.5,1.2-2.0,2,tail_log,50.0,1,2000,1000,1.2290445769431362,1.5548679166666666,18.0,0.0131424216917832,0.2001507609012809,0.0641998284570017,-0.0266845800133646,671.9753598669434,884.5099600590821,542.4462539469397,312.92747116717544,12.0,11.7,
freMTPL2sev,TabPFN-v2.5,1.2-2.0,2,evt_trim,0.0,1,2000,1000,1.2290445769431362,1.5548679166666666,0.0,-0.0207340507817059,-0.0630644982028109,-0.0258432522235577,0.1043155954518822,672.1838728515626,889.7964485380859,554.0333635779298,275.974005823125,14.0,11.7,
freMTPL2sev,TabPFN-v2.5,1.2-2.0,2,sd_cap,1.2,1,2000,1000,1.2290445769431362,1.5548679166666666,1.0,-0.01605325094152,-0.0601097365395877,-0.028022231765428,0.093354309293447,671.9704082080079,890.2337535356446,554.2147607849611,279.0440672762501,14.0,11.7,
freMTPL2sev,TabPFN-v2.5,1.2-2.0,2,rank_emp,0.0,1,2000,1000,1.2290445769431362,1.5548679166666666,0.0,-0.0100292117793812,0.1585670172551297,0.0466091779242148,1.2481584333387254,670.4357266392306,886.9789992284034,527.983944233048,144.20720142507977,14.0,11.7,
freMTPL2sev,TabPFN-v2.5,1.2-2.0,2,rank_gpd,0.0,1,2000,1000,1.2290445769431362,1.5548679166666666,0.0,-0.0100292117793812,0.1435359652256767,0.185877051563939,0.6876921291247982,670.4357266392306,887.0971909608007,541.3140994189572,204.97241250488665,12.0,11.7,
freMTPL2sev,TabPFN-v2.6,1.2-2.0,2,without_max,0.0,1,2000,1000,1.2290445769431362,1.5548679166666666,0.0,0.0,0.0,0.0,0.0,673.0382546166992,896.1337176567382,540.7407117859375,359.5203648094532,10.0,16.4,
freMTPL2sev,TabPFN-v2.6,1.2-2.0,2,raw,0.0,1,2000,1000,1.2290445769431362,1.5548679166666666,0.0,0.02097262070438,-0.0019040782161483,0.0738236244770726,0.2120836010388425,679.7659596264649,898.7002227006836,528.1376808044923,323.21772220398447,10.0,16.4,
freMTPL2sev,TabPFN-v2.6,1.2-2.0,2,clip,50.0,1,2000,1000,1.2290445769431362,1.5548679166666666,18.0,-0.0652644815898198,-0.0048190973123636,-0.2262415251248938,-0.39316643489822,678.1537123852539,899.5110528081054,557.6054687927735,417.2131493953906,14.0,16.4,
freMTPL2sev,TabPFN-v2.6,1.2-2.0,2,clip,200.0,1,2000,1000,1.2290445769431362,1.5548679166666666,3.0,0.0176961920726447,-0.0130480698557413,0.0074379405638063,0.0071090400830042,673.3490518103027,899.1047057304688,538.9030005212892,340.8928237430469,10.0,16.4,
freMTPL2sev,TabPFN-v2.6,1.2-2.0,2,log,0.0,1,2000,1000,1.2290445769431362,1.5548679166666666,0.0,-0.0161243888179441,0.1379862010070415,-0.0524399677016262,17.228151895005805,672.0766949673034,883.4543615912206,534.9502271664012,5.442289670599385e+28,12.0,16.4,
freMTPL2sev,TabPFN-v2.6,1.2-2.0,2,tail_log,50.0,1,2000,1000,1.2290445769431362,1.5548679166666666,18.0,-0.0006357114899813,-0.0093048157914117,-0.0431164135103131,-0.1964107726383197,673.2220784875489,898.6998494316407,542.1178450476151,365.7327196405325,10.0,16.4,
freMTPL2sev,TabPFN-v2.6,1.2-2.0,2,evt_trim,0.0,1,2000,1000,1.2290445769431362,1.5548679166666666,0.0,0.02097262070438,-0.0019040782161483,0.0738236244770726,0.2120836010388425,679.7659596264649,898.7002227006836,528.1376808044923,323.21772220398447,10.0,16.4,
freMTPL2sev,TabPFN-v2.6,1.2-2.0,2,sd_cap,1.2,1,2000,1000,1.2290445769431362,1.5548679166666666,1.0,0.0310671800899855,-0.0043384503123164,0.0773606658232077,0.1856167014884573,678.3545807189942,898.9251001054687,529.8391651111328,326.41180035242184,10.0,16.4,
freMTPL2sev,TabPFN-v2.6,1.2-2.0,2,rank_emp,0.0,1,2000,1000,1.2290445769431362,1.5548679166666666,0.0,-0.0127125051335515,0.3734794372758599,0.0069119505284321,6.63202541412479,669.8726471889738,887.5841462541065,476.12357007896463,184.30172574538585,9.0,16.4,
freMTPL2sev,TabPFN-v2.6,1.2-2.0,2,rank_gpd,0.0,1,2000,1000,1.2290445769431362,1.5548679166666666,0.0,-0.0127125051335515,0.3552026628990407,0.0829964242864704,1418.026572545524,669.8726471889738,887.3532140597779,497.1755543539367,42209089.13084323,8.0,16.4,
freMTPL2sev,TabPFN-v2.5,1.2-2.0,3,without_max,0.0,1,2000,1000,1.3200845992013304,1.269595762753249,0.0,0.0,0.0,0.0,0.0,569.1768946166992,708.193928836914,389.15570308437503,175.89984743539063,16.0,12.2,
freMTPL2sev,TabPFN-v2.5,1.2-2.0,3,raw,0.0,1,2000,1000,1.3200845992013304,1.269595762753249,0.0,0.0326179917648184,0.0764489949509025,0.0081045974448102,0.2445913631091527,564.4271351098632,703.25541584375,384.2247399251955,153.31795777132817,15.0,12.2,
freMTPL2sev,TabPFN-v2.5,1.2-2.0,3,clip,50.0,1,2000,1000,1.3200845992013304,1.269595762753249,13.0,0.1147184685857874,0.3801020936044277,0.10529011264844,-0.3901367033266023,553.3154116125488,697.2070403554686,391.3212210238281,242.851730785,14.0,12.2,
freMTPL2sev,TabPFN-v2.5,1.2-2.0,3,clip,200.0,1,2000,1000,1.3200845992013304,1.269595762753249,5.0,0.0940007043576397,0.0329676947697026,0.077938917256159,-0.2250723455648916,556.7108970275879,702.8276909804688,385.3297486263673,199.5363792723047,14.0,12.2,
freMTPL2sev,TabPFN-v2.5,1.2-2.0,3,log,0.0,1,2000,1000,1.3200845992013304,1.269595762753249,0.0,0.1179617972394563,0.3275297344204673,-0.0048189353667026,-0.1264235245389156,553.756858197018,697.7059330391046,392.1693258335407,197.7829948268942,15.0,12.2,
freMTPL2sev,TabPFN-v2.5,1.2-2.0,3,tail_log,50.0,1,2000,1000,1.3200845992013304,1.269595762753249,13.0,0.1357248958731157,0.2672748521404781,0.0830661482020567,-0.2947690103583466,555.0673241149902,698.2286335830079,388.06168075158274,215.33218564894568,13.0,12.2,
freMTPL2sev,TabPFN-v2.5,1.2-2.0,3,evt_trim,0.0,1,2000,1000,1.3200845992013304,1.269595762753249,0.0,0.0326179917648184,0.0764489949509025,0.0081045974448102,0.2445913631091527,564.4271351098632,703.25541584375,384.2247399251955,153.31795777132817,15.0,12.2,
freMTPL2sev,TabPFN-v2.5,1.2-2.0,3,sd_cap,1.2,1,2000,1000,1.3200845992013304,1.269595762753249,2.0,0.0126325670479372,0.0412261081165714,0.0309661793045502,0.1936807528351481,567.3705345593261,704.4027772255859,381.6329656332032,154.69144773812505,14.0,12.2,
freMTPL2sev,TabPFN-v2.5,1.2-2.0,3,rank_emp,0.0,1,2000,1000,1.3200845992013304,1.269595762753249,0.0,0.1228578179588305,0.430731828287564,0.1659879699545621,1.0480233446668463,553.1644958703384,695.8957238145457,388.4504902458791,170.36672803035623,11.0,12.2,
freMTPL2sev,TabPFN-v2.5,1.2-2.0,3,rank_gpd,0.0,1,2000,1000,1.3200845992013304,1.269595762753249,0.0,0.1228578179588305,0.4305905467784472,0.2847428026106147,0.3693356387847606,553.1644958703384,695.8309686959288,385.584980588845,175.2871059454527,10.0,12.2,
freMTPL2sev,TabPFN-v2.6,1.2-2.0,3,without_max,0.0,1,2000,1000,1.3200845992013304,1.269595762753249,0.0,0.0,0.0,0.0,0.0,567.7367293676758,705.1337202382812,395.9985951937501,167.8374887127344,13.0,14.5,
freMTPL2sev,TabPFN-v2.6,1.2-2.0,3,raw,0.0,1,2000,1000,1.3200845992013304,1.269595762753249,0.0,0.0248278936749284,0.0185956474201119,-0.3114496118760365,0.1978189464316739,588.7907221362304,704.2090346694335,410.1678498617188,150.37286722250002,21.0,14.5,
freMTPL2sev,TabPFN-v2.6,1.2-2.0,3,clip,50.0,1,2000,1000,1.3200845992013304,1.269595762753249,13.0,-0.1146508873685506,-0.0436613381034311,-0.1404922516453493,-0.6413264657561033,559.4826837500001,699.4219538515624,399.2998027669922,277.9887138738672,17.0,14.5,
freMTPL2sev,TabPFN-v2.6,1.2-2.0,3,clip,200.0,1,2000,1000,1.3200845992013304,1.269595762753249,5.0,-0.057655393520659,-0.0470657239231968,0.1254210428345004,-0.314178889444869,561.1934053759766,706.8687723916015,389.5958932845704,216.1889580271875,10.0,14.5,
freMTPL2sev,TabPFN-v2.6,1.2-2.0,3,log,0.0,1,2000,1000,1.3200845992013304,1.269595762753249,0.0,-0.082402679989063,0.0649022939317486,-0.0345835331024954,4.745040669598327,554.510094300881,694.4749040629345,376.0407204382528,5.933404726827816e+25,14.0,14.5,
freMTPL2sev,TabPFN-v2.6,1.2-2.0,3,tail_log,50.0,1,2000,1000,1.3200845992013304,1.269595762753249,13.0,-0.0750953448270944,-0.043224034107762,0.1447739499980715,-0.4365574068992203,556.4919595483399,705.5009279042969,390.2927557702993,236.7914163551156,12.0,14.5,
freMTPL2sev,TabPFN-v2.6,1.2-2.0,3,evt_trim,0.0,1,2000,1000,1.3200845992013304,1.269595762753249,0.0,0.0248278936749284,0.0185956474201119,-0.3114496118760365,0.1978189464316739,588.7907221362304,704.2090346694335,410.1678498617188,150.37286722250002,21.0,14.5,
freMTPL2sev,TabPFN-v2.6,1.2-2.0,3,sd_cap,1.2,1,2000,1000,1.3200845992013304,1.269595762753249,2.0,-0.0152751115595045,0.0092630950949112,-0.1776265524883424,0.1721937382648081,574.5184347521972,705.152437010742,411.2348406161134,149.63437372445316,20.0,14.5,
freMTPL2sev,TabPFN-v2.6,1.2-2.0,3,rank_emp,0.0,1,2000,1000,1.3200845992013304,1.269595762753249,0.0,-0.0642406546564094,0.3532069200188015,0.0888418702046588,9.31335295717395,552.277557243777,697.476831202442,367.70228651908377,381.1478522582544,11.0,14.5,
freMTPL2sev,TabPFN-v2.6,1.2-2.0,3,rank_gpd,0.0,1,2000,1000,1.3200845992013304,1.269595762753249,0.0,-0.0642406546564094,0.3562974489605557,0.1597849424296378,771.8475485429486,552.277557243777,697.2153112277938,373.2431751169214,174577105.06627035,9.0,14.5,
freMTPL2sev,TabPFN-v2.5,1.2-2.0,4,without_max,0.0,1,2000,1000,1.716189778401475,1.813200223480616,0.0,0.0,0.0,0.0,0.0,1096.8148200915523,1649.4484508950195,1286.09116024502,1030.3525772225,31.0,12.1,
freMTPL2sev,TabPFN-v2.5,1.2-2.0,4,raw,0.0,1,2000,1000,1.716189778401475,1.813200223480616,0.0,-0.0613508963193419,0.0496630657715077,-0.2209439318312092,0.2436985925141475,1108.9554412170412,1666.0035923476564,1339.2915043978517,972.4662493069726,42.0,12.1,
freMTPL2sev,TabPFN-v2.5,1.2-2.0,4,clip,50.0,1,2000,1000,1.716189778401475,1.813200223480616,16.0,0.0551125957989326,0.3068374627353211,-0.1404924163868589,-0.2973528790870599,1089.2411033898925,1616.375567237793,1321.1559198470702,1115.0329898509178,37.0,12.1,
freMTPL2sev,TabPFN-v2.5,1.2-2.0,4,clip,200.0,1,2000,1000,1.716189778401475,1.813200223480616,3.0,0.0679087365766884,0.0489243156023737,-0.0238955876079548,-0.0619744744150715,1089.3101497009277,1630.7347593959962,1289.9383323373047,1043.333258771328,31.0,12.1,
freMTPL2sev,TabPFN-v2.5,1.2-2.0,4,log,0.0,1,2000,1000,1.716189778401475,1.813200223480616,0.0,0.0511193331716137,0.3177150221421138,-0.0995009429683352,0.1844424961432272,1089.06995461715,1620.4355170392605,1315.531132213642,993.5914613574936,34.0,12.1,
freMTPL2sev,TabPFN-v2.5,1.2-2.0,4,tail_log,50.0,1,2000,1000,1.716189778401475,1.813200223480616,16.0,0.0725697826055994,0.3256350831126228,0.0096205789022491,-0.0110091376560577,1089.2720794677734,1617.1382107070312,1283.5310046823802,1030.308558446798,29.0,12.1,
freMTPL2sev,TabPFN-v2.5,1.2-2.0,4,evt_trim,0.0,1,2000,1000,1.716189778401475,1.813200223480616,0.0,-0.0613508963193419,0.0496630657715077,-0.2209439318312092,0.2436985925141475,1108.9554412170412,1666.0035923476564,1339.2915043978517,972.4662493069726,42.0,12.1,
freMTPL2sev,TabPFN-v2.5,1.2-2.0,4,sd_cap,1.2,1,2000,1000,1.716189778401475,1.813200223480616,2.0,-0.0014050365891507,-0.0121289107466735,-0.0279359345321154,0.0035340215043651,1097.2695350085448,1657.338622262207,1288.8726171029298,1024.6958795340236,33.0,12.1,
freMTPL2sev,TabPFN-v2.5,1.2-2.0,4,rank_emp,0.0,1,2000,1000,1.716189778401475,1.813200223480616,0.0,0.052085048149837,0.3196249558373054,0.0079579168598977,0.6303766769804168,1088.6322476904863,1618.801908232531,1294.2406686256566,935.0225522463144,27.0,12.1,
freMTPL2sev,TabPFN-v2.5,1.2-2.0,4,rank_gpd,0.0,1,2000,1000,1.716189778401475,1.813200223480616,0.0,0.052085048149837,0.3196516735629838,0.0414695648571424,0.4731373985614232,1088.6322476904863,1618.6524749790738,1286.920984361748,938.6566085590646,26.0,12.1,
freMTPL2sev,TabPFN-v2.6,1.2-2.0,4,without_max,0.0,1,2000,1000,1.716189778401475,1.813200223480616,0.0,0.0,0.0,0.0,0.0,1096.8125443164065,1643.6900067446288,1323.5290053402343,977.946985036953,42.0,16.4,
freMTPL2sev,TabPFN-v2.6,1.2-2.0,4,raw,0.0,1,2000,1000,1.716189778401475,1.813200223480616,0.0,0.0753716427876257,0.0185394525525557,-0.1612668200892136,0.463628437050438,1110.859264328613,1641.3712499038088,1383.221068980371,909.2738398973048,49.0,16.4,
freMTPL2sev,TabPFN-v2.6,1.2-2.0,4,clip,50.0,1,2000,1000,1.716189778401475,1.813200223480616,16.0,-0.0232526535522382,-0.0341570877812072,-0.0680544563262586,-0.4982783292526261,1094.4361131689452,1642.950662950684,1325.9004045907227,1167.6330182019922,34.0,16.4,
freMTPL2sev,TabPFN-v2.6,1.2-2.0,4,clip,200.0,1,2000,1000,1.716189778401475,1.813200223480616,3.0,-0.0350846919515945,-0.0036755621844323,0.0062720991461956,-0.2346416337724214,1097.5705142810057,1645.0845761660155,1303.5415282967774,1050.3477832508204,37.0,16.4,
freMTPL2sev,TabPFN-v2.6,1.2-2.0,4,log,0.0,1,2000,1000,1.716189778401475,1.813200223480616,0.0,-0.0142541962652165,0.0275526371965384,0.0316232353711896,1.8678220892196635,1092.548481945014,1627.2281992439346,1310.5007405386866,4.01854652655503e+27,34.0,16.4,
freMTPL2sev,TabPFN-v2.6,1.2-2.0,4,tail_log,50.0,1,2000,1000,1.716189778401475,1.813200223480616,16.0,-0.0257985494349722,-0.0094241662501028,0.0333410944972802,-0.3148754350291261,1096.924788223877,1644.5799972060547,1301.0094126553415,1074.6859096606877,36.0,16.4,
freMTPL2sev,TabPFN-v2.6,1.2-2.0,4,evt_trim,0.0,1,2000,1000,1.716189778401475,1.813200223480616,0.0,0.0753716427876257,0.0185394525525557,-0.1612668200892136,0.463628437050438,1110.859264328613,1641.3712499038088,1383.221068980371,909.2738398973048,49.0,16.4,
freMTPL2sev,TabPFN-v2.6,1.2-2.0,4,sd_cap,1.2,1,2000,1000,1.716189778401475,1.813200223480616,2.0,0.0225015232571638,-0.007879629319145,0.0290138859637574,0.0299312603387393,1096.5356783813477,1643.9690061855467,1316.3716385921875,970.726920579922,41.0,16.4,
freMTPL2sev,TabPFN-v2.6,1.2-2.0,4,rank_emp,0.0,1,2000,1000,1.716189778401475,1.813200223480616,0.0,0.0031721785944133,0.2259231720395491,0.0925410806912894,14.02072598925612,1088.4899697248932,1612.753989751256,1320.9423063564311,710.0545647402757,33.0,16.4,
freMTPL2sev,TabPFN-v2.6,1.2-2.0,4,rank_gpd,0.0,1,2000,1000,1.716189778401475,1.813200223480616,0.0,0.0031721785944133,0.2277937603633217,0.1048501762370857,22.468278258558804,1088.4899697248932,1613.4684554612893,1307.3602878963727,11709629.80726989,33.0,16.4,
freMTPL2sev,TabPFN-v2.5,2.0-4.0,0,without_max,0.0,1,2000,1000,3.3654973474458685,4.5270301959133405,0.0,0.0,0.0,0.0,0.0,1495.018045513916,2353.6041814516607,2112.104395202539,1817.8219595451565,17.0,12.2,
freMTPL2sev,TabPFN-v2.5,2.0-4.0,0,raw,0.0,1,2000,1000,3.3654973474458685,4.5270301959133405,0.0,0.1058469083423061,0.2524500103954156,-0.2973066039292747,0.8986019479112035,1476.4014896643066,2331.1137739516603,2139.753168542384,1680.265192193594,30.0,12.2,
freMTPL2sev,TabPFN-v2.5,2.0-4.0,0,clip,50.0,1,2000,1000,3.3654973474458685,4.5270301959133405,23.0,0.1689005350291108,0.4892505666026435,0.0526593663481344,-0.4935311669143732,1467.928236622315,2313.886293365723,2109.738103527734,1929.4057774855864,16.0,12.2,
freMTPL2sev,TabPFN-v2.5,2.0-4.0,0,clip,200.0,1,2000,1000,3.3654973474458685,4.5270301959133405,5.0,0.1298107797512704,0.0458874552529979,0.0557771225527563,-0.1222875616362,1472.7798262170409,2336.1714708510744,2115.6053513744137,1830.4811280588283,15.0,12.2,
freMTPL2sev,TabPFN-v2.5,2.0-4.0,0,log,0.0,1,2000,1000,3.3654973474458685,4.5270301959133405,0.0,0.1755570278441887,0.3588504861538811,0.0066251608789251,0.4433232836230707,1467.128074828968,2320.2410476077084,2118.510676318042,1785.1905916578537,15.0,12.2,
freMTPL2sev,TabPFN-v2.5,2.0-4.0,0,tail_log,50.0,1,2000,1000,3.3654973474458685,4.5270301959133405,23.0,0.1547105695148758,0.2094478144838256,0.1378506034236035,0.0359284427906168,1470.5755946948243,2329.4650226943363,2111.738318479095,1806.7489389482216,14.0,12.2,
freMTPL2sev,TabPFN-v2.5,2.0-4.0,0,evt_trim,0.0,1,2000,1000,3.3654973474458685,4.5270301959133405,0.0,0.1058469083423061,0.2524500103954156,-0.2973066039292747,0.8986019479112035,1476.4014896643066,2331.1137739516603,2139.753168542384,1680.265192193594,30.0,12.2,
freMTPL2sev,TabPFN-v2.5,2.0-4.0,0,sd_cap,1.2,1,2000,1000,3.3654973474458685,4.5270301959133405,2.0,0.0140068125703083,0.0175619389133916,0.0500283381997916,0.0910146689201973,1491.682692020264,2355.952171878906,2110.685998093164,1801.2784711369532,15.0,12.2,
freMTPL2sev,TabPFN-v2.5,2.0-4.0,0,rank_emp,0.0,1,2000,1000,3.3654973474458685,4.5270301959133405,0.0,0.1770665330120643,0.3939159902033606,0.1902526131583173,0.4064250870183691,1467.027282487299,2320.2470382729025,2104.758270397006,1811.555392373665,14.0,12.2,
freMTPL2sev,TabPFN-v2.5,2.0-4.0,0,rank_gpd,0.0,1,2000,1000,3.3654973474458685,4.5270301959133405,0.0,0.1770665330120643,0.3939159902033606,0.1699211912538016,0.2571546517525842,1467.027282487299,2320.258286783395,2105.489415644579,1821.8544359360765,14.0,12.2,
freMTPL2sev,TabPFN-v2.6,2.0-4.0,0,without_max,0.0,1,2000,1000,3.3654973474458685,4.5270301959133405,0.0,0.0,0.0,0.0,0.0,1472.8145478686522,2334.5065829750984,2116.053352548731,1851.0656120725,16.0,14.1,
freMTPL2sev,TabPFN-v2.6,2.0-4.0,0,raw,0.0,1,2000,1000,3.3654973474458685,4.5270301959133405,0.0,-0.1636983721448848,0.2155993954295004,-0.5630305532061428,1.2747050875180956,1495.5975784594723,2317.7891874208985,2214.1761328709963,1738.5625867575584,41.0,14.1,
freMTPL2sev,TabPFN-v2.6,2.0-4.0,0,clip,50.0,1,2000,1000,3.3654973474458685,4.5270301959133405,23.0,-0.1070553180400085,-0.0493047560937688,-0.3936548607923833,-0.5865158936763724,1475.4231967199703,2334.987348697754,2123.375311891992,1993.6366758576564,18.0,14.1,
freMTPL2sev,TabPFN-v2.6,2.0-4.0,0,clip,200.0,1,2000,1000,3.3654973474458685,4.5270301959133405,5.0,-0.0833825124602037,-0.0195896706846043,-0.0989664434704189,-0.2655217338071537,1471.3297221142575,2337.2186040957035,2097.1410591771487,1901.8974009826563,13.0,14.1,
freMTPL2sev,TabPFN-v2.6,2.0-4.0,0,log,0.0,1,2000,1000,3.3654973474458685,4.5270301959133405,0.0,-0.0677529168573647,0.0080154649212937,-0.1115117936092437,9.375243005777785,1470.2143042153662,2328.947175465375,2110.325746333041,6.515516285347478e+21,14.0,14.1,
freMTPL2sev,TabPFN-v2.6,2.0-4.0,0,tail_log,50.0,1,2000,1000,3.3654973474458685,4.5270301959133405,23.0,-0.0738120819693519,-0.0206994985520583,-0.1473683759094931,-0.3394481880528142,1472.2422733862306,2335.394663231445,2096.863314099024,1920.37836519124,14.0,14.1,
freMTPL2sev,TabPFN-v2.6,2.0-4.0,0,evt_trim,0.0,1,2000,1000,3.3654973474458685,4.5270301959133405,0.0,-0.1636983721448848,0.2155993954295004,-0.5630305532061428,1.2747050875180956,1495.5975784594723,2317.7891874208985,2214.1761328709963,1738.5625867575584,41.0,14.1,
freMTPL2sev,TabPFN-v2.6,2.0-4.0,0,sd_cap,1.2,1,2000,1000,3.3654973474458685,4.5270301959133405,2.0,-0.0093143994127351,0.0036026743251684,-0.096073591093107,0.130882721178297,1473.4141560034182,2332.0651697841795,2109.029884641016,1828.3765320002344,21.0,14.1,
freMTPL2sev,TabPFN-v2.6,2.0-4.0,0,rank_emp,0.0,1,2000,1000,3.3654973474458685,4.5270301959133405,0.0,-0.0343110126575958,0.3201565552126627,0.3215767609412914,33.97546632555185,1466.7100862401624,2319.5218003051905,2146.10918064089,1342.3163153406483,9.0,14.1,
freMTPL2sev,TabPFN-v2.6,2.0-4.0,0,rank_gpd,0.0,1,2000,1000,3.3654973474458685,4.5270301959133405,0.0,-0.0343110126575958,0.3191106319835937,0.191387067577137,38601.14019958938,1466.7100862401624,2319.438061411752,2126.816120082204,42047804342.14504,10.0,14.1,
freMTPL2sev,TabPFN-v2.5,2.0-4.0,1,without_max,0.0,1,2000,1000,3.0002932967580054,4.885431993960122,0.0,0.0,0.0,0.0,0.0,905.2264879553222,1302.7738992387697,870.655848488086,524.2004430133594,23.0,9.9,
freMTPL2sev,TabPFN-v2.5,2.0-4.0,1,raw,0.0,1,2000,1000,3.0002932967580054,4.885431993960122,0.0,0.0759858404434161,0.2071383874065751,-0.326471581683563,1.4049683287660837,895.7797577978517,1278.2755987919925,936.298090658496,396.6487113121876,34.0,9.9,
freMTPL2sev,TabPFN-v2.5,2.0-4.0,1,clip,50.0,1,2000,1000,3.0002932967580054,4.885431993960122,18.0,0.1116031500345534,0.3542246235860847,0.0986269419653706,-0.4997081879704812,888.1846862951659,1267.8359935014648,868.7430162126954,665.5291723297655,19.0,9.9,
freMTPL2sev,TabPFN-v2.5,2.0-4.0,1,clip,200.0,1,2000,1000,3.0002932967580054,4.885431993960122,6.0,0.0941555719953123,0.0407371479908062,0.0151751515559947,-0.1185261533130007,891.4343154028321,1288.842006584961,868.7789117400389,539.1839174723439,24.0,9.9,
freMTPL2sev,TabPFN-v2.5,2.0-4.0,1,log,0.0,1,2000,1000,3.0002932967580054,4.885431993960122,0.0,0.1117770968168282,0.3133063177078367,-0.0566229811034891,0.0412662079737294,888.3297692152905,1267.9754964246872,886.9277639475818,389.62017957999615,26.0,9.9,
freMTPL2sev,TabPFN-v2.5,2.0-4.0,1,tail_log,50.0,1,2000,1000,3.0002932967580054,4.885431993960122,18.0,0.110771204040753,0.1586088064235989,0.0065603019223592,-0.0836709642317642,890.1270928051758,1278.469725869629,871.1175484778802,513.330980535375,24.0,9.9,
freMTPL2sev,TabPFN-v2.5,2.0-4.0,1,evt_trim,0.0,1,2000,1000,3.0002932967580054,4.885431993960122,0.0,0.0759858404434161,0.2071383874065751,-0.326471581683563,1.4049683287660837,895.7797577978517,1278.2755987919925,936.298090658496,396.6487113121876,34.0,9.9,
freMTPL2sev,TabPFN-v2.5,2.0-4.0,1,sd_cap,1.2,1,2000,1000,3.0002932967580054,4.885431993960122,1.0,0.0250173097463157,0.0512400414681441,-0.0615879498661956,0.0715094356738541,900.990458125,1295.6045883574218,873.7810774724611,498.7896984430468,24.0,9.9,
freMTPL2sev,TabPFN-v2.5,2.0-4.0,1,rank_emp,0.0,1,2000,1000,3.0002932967580054,4.885431993960122,0.0,0.1276744620801518,0.4295724615333547,0.1027901570730621,0.5676676119094695,887.6543699218367,1258.4295766887783,867.1035254370368,273.08190206436166,21.0,9.9,
freMTPL2sev,TabPFN-v2.5,2.0-4.0,1,rank_gpd,0.0,1,2000,1000,3.0002932967580054,4.885431993960122,0.0,0.1276744620801518,0.4227813007630855,0.2198182015405735,0.2799383020860828,887.6543699218367,1258.9321313423632,846.5904631276587,343.6532458949223,20.0,9.9,
freMTPL2sev,TabPFN-v2.6,2.0-4.0,1,without_max,0.0,1,2000,1000,3.0002932967580054,4.885431993960122,0.0,0.0,0.0,0.0,0.0,898.5350386816408,1283.9513785307618,862.888328788379,560.156186554375,27.0,13.4,
freMTPL2sev,TabPFN-v2.6,2.0-4.0,1,raw,0.0,1,2000,1000,3.0002932967580054,4.885431993960122,0.0,-0.1673975818920928,0.239219849621739,-0.545674344555687,1.0826497687890495,914.1360250268556,1262.6864746123044,1030.764312081836,409.8453963121875,50.0,13.4,
freMTPL2sev,TabPFN-v2.6,2.0-4.0,1,clip,50.0,1,2000,1000,3.0002932967580054,4.885431993960122,18.0,-0.1016761572184319,-0.0664153351284456,-0.0765382259787631,-0.634259938861326,896.0888163085937,1283.888955239746,901.842114943164,738.7500577575,28.0,13.4,
freMTPL2sev,TabPFN-v2.6,2.0-4.0,1,clip,200.0,1,2000,1000,3.0002932967580054,4.885431993960122,6.0,-0.0706542625501529,-0.0437749766845346,0.2801251839535847,-0.3834072785067439,892.3529974389648,1285.152504661133,843.0460984539063,632.2670091324999,18.0,13.4,
freMTPL2sev,TabPFN-v2.6,2.0-4.0,1,log,0.0,1,2000,1000,3.0002932967580054,4.885431993960122,0.0,-0.0739561074124888,-0.0055171427215727,0.0990570670629766,3.550069079135743,890.4665120198664,1270.139794624614,881.4060068119351,2.050907428062367e+41,24.0,13.4,
freMTPL2sev,TabPFN-v2.6,2.0-4.0,1,tail_log,50.0,1,2000,1000,3.0002932967580054,4.885431993960122,18.0,-0.0767756960130739,-0.0472536629659437,0.2710635120276524,-0.4511439709320273,891.4552314599609,1285.4781956743166,854.6458023259765,652.2876316151394,19.0,13.4,
freMTPL2sev,TabPFN-v2.6,2.0-4.0,1,evt_trim,0.0,1,2000,1000,3.0002932967580054,4.885431993960122,0.0,-0.1673975818920928,0.239219849621739,-0.545674344555687,1.0826497687890495,914.1360250268556,1262.6864746123044,1030.764312081836,409.8453963121875,50.0,13.4,
freMTPL2sev,TabPFN-v2.6,2.0-4.0,1,sd_cap,1.2,1,2000,1000,3.0002932967580054,4.885431993960122,1.0,-0.0078072447203854,0.0614821607139769,-0.010449975616799,0.1926698270058012,909.4091347546388,1276.776377930176,892.1609111467775,520.2870479332813,29.0,13.4,
freMTPL2sev,TabPFN-v2.6,2.0-4.0,1,rank_emp,0.0,1,2000,1000,3.0002932967580054,4.885431993960122,0.0,-0.038666104783778,0.2650612963020261,0.352212708218696,32.82011756786795,887.8378054312778,1259.1401825146102,866.7809294024038,1350.5166270195614,20.0,13.4,
freMTPL2sev,TabPFN-v2.6,2.0-4.0,1,rank_gpd,0.0,1,2000,1000,3.0002932967580054,4.885431993960122,0.0,-0.038666104783778,0.2651199500288601,0.3998594607100053,1651.849932720976,887.8378054312778,1259.2870450066362,846.771768334776,767587619.3745164,18.0,13.4,
freMTPL2sev,TabPFN-v2.5,2.0-4.0,2,without_max,0.0,1,2000,1000,3.2407568512466,4.703435836077544,0.0,0.0,0.0,0.0,0.0,558.638470612793,694.2337067495116,326.3797465589844,158.2070868775782,17.0,10.0,
freMTPL2sev,TabPFN-v2.5,2.0-4.0,2,raw,0.0,1,2000,1000,3.2407568512466,4.703435836077544,0.0,0.1290309803311907,0.3240190727456137,-0.2981750359919818,0.8106431785694339,549.365325579834,658.009177784668,371.8988487489258,135.6017846842188,25.0,10.0,
freMTPL2sev,TabPFN-v2.5,2.0-4.0,2,clip,50.0,1,2000,1000,3.2407568512466,4.703435836077544,19.0,0.1099383447164286,0.4781772288528551,-0.0020489188529214,-0.4765931159563956,543.4745901000977,651.4412652797851,311.2041482972657,172.68242038929685,14.0,10.0,
freMTPL2sev,TabPFN-v2.5,2.0-4.0,2,clip,200.0,1,2000,1000,3.2407568512466,4.703435836077544,7.0,0.1056177075716716,0.1499438187952814,0.0948336055164118,-0.1270716096523538,545.3554916577149,669.5162746303712,322.8262608167969,150.3875211969141,12.0,10.0,
freMTPL2sev,TabPFN-v2.5,2.0-4.0,2,log,0.0,1,2000,1000,3.2407568512466,4.703435836077544,0.0,0.1043849700820193,0.4213302842865586,0.0249355983672356,-0.1197311843999852,544.0382806929107,656.9410004619932,324.33946559280787,171.58637275031543,14.0,10.0,
freMTPL2sev,TabPFN-v2.5,2.0-4.0,2,tail_log,50.0,1,2000,1000,3.2407568512466,4.703435836077544,19.0,0.1250786829694288,0.4343423905744284,0.1563261546648668,-0.0615814739104488,544.6387841296387,658.1412606972656,316.6870843312396,155.64464600976564,10.0,10.0,
freMTPL2sev,TabPFN-v2.5,2.0-4.0,2,evt_trim,0.0,1,2000,1000,3.2407568512466,4.703435836077544,0.0,0.1290309803311907,0.3240190727456137,-0.2981750359919818,0.8106431785694339,549.365325579834,658.009177784668,371.8988487489258,135.6017846842188,25.0,10.0,
freMTPL2sev,TabPFN-v2.5,2.0-4.0,2,sd_cap,1.2,1,2000,1000,3.2407568512466,4.703435836077544,1.0,0.0010156451568611,0.0522953997253397,0.0690617736688993,0.1911475979447486,558.5319691357422,687.3662308461913,326.8175996205079,155.16152545960944,16.0,10.0,
freMTPL2sev,TabPFN-v2.5,2.0-4.0,2,rank_emp,0.0,1,2000,1000,3.2407568512466,4.703435836077544,0.0,0.1081650934685461,0.5384180060617147,0.0936702989070543,0.447918613158597,543.7387630944938,654.1282373322811,323.1660976606058,108.10752212480617,12.0,10.0,
freMTPL2sev,TabPFN-v2.5,2.0-4.0,2,rank_gpd,0.0,1,2000,1000,3.2407568512466,4.703435836077544,0.0,0.1081650934685461,0.5390648186564401,0.1655019857752822,0.2643048053887255,543.7387630944938,654.3411243542865,315.3075069913353,95.04353946341942,13.0,10.0,
freMTPL2sev,TabPFN-v2.6,2.0-4.0,2,without_max,0.0,1,2000,1000,3.2407568512466,4.703435836077544,0.0,0.0,0.0,0.0,0.0,559.5892838916016,663.9504269960937,317.34482796279303,151.38599355726566,11.0,13.2,
freMTPL2sev,TabPFN-v2.6,2.0-4.0,2,raw,0.0,1,2000,1000,3.2407568512466,4.703435836077544,0.0,-0.1872203168879047,0.2429643336686878,-0.5684615141119498,1.2345339452611936,565.1372708862306,656.2042193471679,427.1596033265626,110.71888825306648,42.0,13.2,
freMTPL2sev,TabPFN-v2.6,2.0-4.0,2,clip,50.0,1,2000,1000,3.2407568512466,4.703435836077544,19.0,-0.125313306800728,-0.0567624973037904,-0.3811023249866404,-0.6090286817395543,549.1313072753906,665.9772493935546,327.53315187636724,198.67994726429689,16.0,13.2,
freMTPL2sev,TabPFN-v2.6,2.0-4.0,2,clip,200.0,1,2000,1000,3.2407568512466,4.703435836077544,7.0,-0.0825699035296621,-0.0473193496702691,-0.0860065460892357,-0.3088500616524202,549.225894095459,667.9076137490234,313.36467367324235,158.5684279791407,13.0,13.2,
freMTPL2sev,TabPFN-v2.6,2.0-4.0,2,log,0.0,1,2000,1000,3.2407568512466,4.703435836077544,0.0,-0.0959481747359083,-0.0020797328229765,-0.0261206866530434,11.210955183862444,546.0828996242307,657.0886265493552,491.90358997291054,6.505780174026397e+20,13.0,13.2,
freMTPL2sev,TabPFN-v2.6,2.0-4.0,2,tail_log,50.0,1,2000,1000,3.2407568512466,4.703435836077544,19.0,-0.106510450114132,-0.0539091525036015,-0.1647728739115568,-0.4163424998334317,549.2542390795899,667.8607934365235,315.56818730799694,164.91948216132695,11.0,13.2,
freMTPL2sev,TabPFN-v2.6,2.0-4.0,2,evt_trim,0.0,1,2000,1000,3.2407568512466,4.703435836077544,0.0,-0.1872203168879047,0.2429643336686878,-0.5684615141119498,1.2345339452611936,565.1372708862306,656.2042193471679,427.1596033265626,110.71888825306648,42.0,13.2,
freMTPL2sev,TabPFN-v2.6,2.0-4.0,2,sd_cap,1.2,1,2000,1000,3.2407568512466,4.703435836077544,1.0,-0.0191026975892952,0.0260644563538125,-0.1264533947149922,0.1898677958670209,561.9505025488281,662.1598205922851,322.2272731410158,149.50228236976565,14.0,13.2,
freMTPL2sev,TabPFN-v2.6,2.0-4.0,2,rank_emp,0.0,1,2000,1000,3.2407568512466,4.703435836077544,0.0,-0.0747371574225492,0.2990961820986398,0.3752791725513186,35.56126968405264,543.6270324988224,650.9212053363858,745.793874628821,1299.3493801100012,9.0,13.2,
freMTPL2sev,TabPFN-v2.6,2.0-4.0,2,rank_gpd,0.0,1,2000,1000,3.2407568512466,4.703435836077544,0.0,-0.0747371574225492,0.2989563481024294,0.3412541996471315,752691.1313429994,543.6270324988224,652.0541977686945,1270.67467031731,127320907288.85208,7.0,13.2,
freMTPL2sev,TabPFN-v2.5,2.0-4.0,3,without_max,0.0,1,2000,1000,3.720029507824978,6.678985896692118,0.0,0.0,0.0,0.0,0.0,730.6053928161622,967.4892709990232,505.8943847683595,168.39979173367192,28.0,9.6,
freMTPL2sev,TabPFN-v2.5,2.0-4.0,3,raw,0.0,1,2000,1000,3.720029507824978,6.678985896692118,0.0,0.0764437418618386,0.3130525934701598,-0.1832372449592052,1.280763063840459,723.3702009338381,931.1604476616212,530.2178912722658,84.49797706179696,34.0,9.6,
freMTPL2sev,TabPFN-v2.5,2.0-4.0,3,clip,50.0,1,2000,1000,3.720029507824978,6.678985896692118,23.0,0.1370867528297312,0.3453317971111056,0.1015369110613529,-0.3926323104651685,713.6468995507813,925.0114271147462,511.7799717898438,291.7167893410937,21.0,9.6,
freMTPL2sev,TabPFN-v2.5,2.0-4.0,3,clip,200.0,1,2000,1000,3.720029507824978,6.678985896692118,6.0,0.0971479424894031,0.0112102877766829,-0.0111366844831398,-0.1588144847424304,717.7823470178223,949.5682254326172,494.8956687039064,203.87261152566407,28.0,9.6,
freMTPL2sev,TabPFN-v2.5,2.0-4.0,3,log,0.0,1,2000,1000,3.720029507824978,6.678985896692118,0.0,0.1356153419399339,0.3262671842856902,0.0342630536151201,0.1712092603120046,713.5834601361659,931.2191050839428,519.2266664763457,145.73712125255236,26.0,9.6,
freMTPL2sev,TabPFN-v2.5,2.0-4.0,3,tail_log,50.0,1,2000,1000,3.720029507824978,6.678985896692118,23.0,0.1257418787323289,0.1355417843289669,0.0492153191281122,-0.1352355950267841,716.061243560791,940.7422228984374,490.9141585312468,164.67045492591802,21.0,9.6,
freMTPL2sev,TabPFN-v2.5,2.0-4.0,3,evt_trim,0.0,1,2000,1000,3.720029507824978,6.678985896692118,0.0,0.0764437418618386,0.3130525934701598,-0.1832372449592052,1.280763063840459,723.3702009338381,931.1604476616212,530.2178912722658,84.49797706179696,34.0,9.6,
freMTPL2sev,TabPFN-v2.5,2.0-4.0,3,sd_cap,1.2,1,2000,1000,3.720029507824978,6.678985896692118,1.0,-0.0143016753595148,0.0113235674962909,0.0005006220733543,0.0698271008515896,733.4144745373535,971.8158712626954,509.7980120779298,162.41449788503908,27.0,9.6,
freMTPL2sev,TabPFN-v2.5,2.0-4.0,3,rank_emp,0.0,1,2000,1000,3.720029507824978,6.678985896692118,0.0,0.1350229247481486,0.3702230755735208,0.2160237155187016,0.6142557305632137,713.2071385314068,927.775946906562,511.0262217694166,94.63208868874057,23.0,9.6,
freMTPL2sev,TabPFN-v2.5,2.0-4.0,3,rank_gpd,0.0,1,2000,1000,3.720029507824978,6.678985896692118,0.0,0.1350229247481486,0.3645119065611429,0.1969121875821029,0.3515245929298513,713.2071385314068,928.532366574033,512.167998919275,111.00585665029443,23.0,9.6,
freMTPL2sev,TabPFN-v2.6,2.0-4.0,3,without_max,0.0,1,2000,1000,3.720029507824978,6.678985896692118,0.0,0.0,0.0,0.0,0.0,729.0021248217774,944.2438959892578,529.8115151150392,192.3815981086719,29.0,13.0,
freMTPL2sev,TabPFN-v2.6,2.0-4.0,3,raw,0.0,1,2000,1000,3.720029507824978,6.678985896692118,0.0,-0.2162428606958952,0.1504526189038162,-0.390451623764176,1.095009282445852,743.1282106152345,939.225126609375,686.9416148684572,214.96917617068365,58.0,13.0,
freMTPL2sev,TabPFN-v2.6,2.0-4.0,3,clip,50.0,1,2000,1000,3.720029507824978,6.678985896692118,23.0,-0.0892509784058982,-0.0588562611334614,-0.1130125400146711,-0.5535515467460466,720.5459397595215,944.7045978569336,532.8673819094727,364.0343797551562,24.0,13.0,
freMTPL2sev,TabPFN-v2.6,2.0-4.0,3,clip,200.0,1,2000,1000,3.720029507824978,6.678985896692118,6.0,-0.0647682786941525,-0.0217742143705846,0.0115888292191904,-0.1986498600877357,720.7440179223632,945.1276607304688,508.8857522854493,222.63247848953125,26.0,13.0,
freMTPL2sev,TabPFN-v2.6,2.0-4.0,3,log,0.0,1,2000,1000,3.720029507824978,6.678985896692118,0.0,-0.0839614523657224,-0.0060009057292978,0.0708681453884566,1.932484379425784,717.488979034366,944.0713618732336,515.8772804949527,22907.66681239447,24.0,13.0,
freMTPL2sev,TabPFN-v2.6,2.0-4.0,3,tail_log,50.0,1,2000,1000,3.720029507824978,6.678985896692118,23.0,-0.0931651499655812,-0.0291199444043128,0.0564553445268896,-0.3176352299778502,719.7007840576172,944.7069968559572,508.5394038251369,245.5040776910116,24.0,13.0,
freMTPL2sev,TabPFN-v2.6,2.0-4.0,3,evt_trim,0.0,1,2000,1000,3.720029507824978,6.678985896692118,0.0,-0.2162428606958952,0.1504526189038162,-0.390451623764176,1.095009282445852,743.1282106152345,939.225126609375,686.9416148684572,214.96917617068365,58.0,13.0,
freMTPL2sev,TabPFN-v2.6,2.0-4.0,3,sd_cap,1.2,1,2000,1000,3.720029507824978,6.678985896692118,1.0,0.0308019395870324,0.0267817207586168,-0.0150534729666918,0.1902556010795979,725.8116091235353,941.5652111723632,555.6636552737307,144.26053972781253,40.0,13.0,
freMTPL2sev,TabPFN-v2.6,2.0-4.0,3,rank_emp,0.0,1,2000,1000,3.720029507824978,6.678985896692118,0.0,-0.0532052571092887,0.2581819997083364,0.3235785555036609,37.85188316015044,713.694492855425,938.1456495031492,555.6593689390512,1192.1523492302986,25.0,13.0,
freMTPL2sev,TabPFN-v2.6,2.0-4.0,3,rank_gpd,0.0,1,2000,1000,3.720029507824978,6.678985896692118,0.0,-0.0532052571092887,0.2539641541589378,0.2842297106327832,119.91589582552038,713.694492855425,938.929216559018,546.6928440333343,1555592199.6348584,25.0,13.0,
freMTPL2sev,TabPFN-v2.5,2.0-4.0,4,without_max,0.0,1,2000,1000,3.142129064684601,4.98119199287656,0.0,0.0,0.0,0.0,0.0,714.6676068115235,980.8426128364256,652.447370791211,391.6209324311719,13.0,9.8,
freMTPL2sev,TabPFN-v2.5,2.0-4.0,4,raw,0.0,1,2000,1000,3.142129064684601,4.98119199287656,0.0,0.0252097077524344,0.2769455522172589,-0.2491513885968342,1.9660707851337973,711.4186885949708,942.5367645673828,654.6247140871095,285.8582535659376,17.0,9.8,
freMTPL2sev,TabPFN-v2.5,2.0-4.0,4,clip,50.0,1,2000,1000,3.142129064684601,4.98119199287656,18.0,0.1069914167399935,0.3568701158419952,0.0760786808918247,-0.4776932688167087,695.7633769030762,936.9310010541992,658.1374233546876,505.5510362954297,11.0,9.8,
freMTPL2sev,TabPFN-v2.5,2.0-4.0,4,clip,200.0,1,2000,1000,3.142129064684601,4.98119199287656,6.0,0.1073679675298284,-0.0221091980318339,0.023489691238423,-0.1934243911395607,696.7755730822754,970.2386365888672,654.5649455128907,424.3842655737501,12.0,9.8,
freMTPL2sev,TabPFN-v2.5,2.0-4.0,4,log,0.0,1,2000,1000,3.142129064684601,4.98119199287656,0.0,0.1036434565942515,0.3000232445170978,0.015878005641152,-0.0227384651980117,695.8644263274385,940.2015516311864,650.4584400746902,365.2791444299883,13.0,9.8,
freMTPL2sev,TabPFN-v2.5,2.0-4.0,4,tail_log,50.0,1,2000,1000,3.142129064684601,4.98119199287656,18.0,0.1185978994217974,0.1685624545155499,0.0813015251457307,-0.0963774773798968,696.111640810547,953.9502058124998,653.1288240965039,404.0407110328886,11.0,9.8,
freMTPL2sev,TabPFN-v2.5,2.0-4.0,4,evt_trim,0.0,1,2000,1000,3.142129064684601,4.98119199287656,0.0,0.0252097077524344,0.2769455522172589,-0.2491513885968342,1.9660707851337973,711.4186885949708,942.5367645673828,654.6247140871095,285.8582535659376,17.0,9.8,
freMTPL2sev,TabPFN-v2.5,2.0-4.0,4,sd_cap,1.2,1,2000,1000,3.142129064684601,4.98119199287656,1.0,0.0399723677858705,0.0813270935677116,-0.0184606966158146,0.1590784454097994,707.3744791943359,967.1030610517578,655.246283525586,373.3492340249219,12.0,9.8,
freMTPL2sev,TabPFN-v2.5,2.0-4.0,4,rank_emp,0.0,1,2000,1000,3.142129064684601,4.98119199287656,0.0,0.1168041821806505,0.4047639793996004,0.1010365353922799,0.8951004967715466,694.7032346609449,935.1800790280896,656.6637768269845,352.3932547601014,11.0,9.8,
freMTPL2sev,TabPFN-v2.5,2.0-4.0,4,rank_gpd,0.0,1,2000,1000,3.142129064684601,4.98119199287656,0.0,0.1168041821806505,0.4047635196857143,0.1521469541344483,0.3624839112910982,694.7032346609449,935.1565535345972,652.776138370006,371.57470092935296,10.0,9.8,
freMTPL2sev,TabPFN-v2.6,2.0-4.0,4,without_max,0.0,1,2000,1000,3.142129064684601,4.98119199287656,0.0,0.0,0.0,0.0,0.0,711.3225095117187,950.2061605976562,711.7733307838868,403.0554534175,31.0,13.1,
freMTPL2sev,TabPFN-v2.6,2.0-4.0,4,raw,0.0,1,2000,1000,3.142129064684601,4.98119199287656,0.0,-0.2070096976609352,0.2335177972631499,-0.5307374699230594,0.461502774184896,743.2343652319337,939.812935944336,738.6086633131836,419.6036561303907,48.0,13.1,
freMTPL2sev,TabPFN-v2.6,2.0-4.0,4,clip,50.0,1,2000,1000,3.142129064684601,4.98119199287656,18.0,-0.0777185240710619,-0.0691133805449673,-0.0680519267598934,-0.6368297676132645,703.4035933325196,961.5917170405272,656.4249716457033,533.6909369653516,14.0,13.1,
freMTPL2sev,TabPFN-v2.6,2.0-4.0,4,clip,200.0,1,2000,1000,3.142129064684601,4.98119199287656,6.0,-0.0701775396563087,-0.0530183572863001,0.3721587385077054,-0.4104354133643012,700.7436469445802,956.4637287592772,650.9739697487305,472.91092041554685,10.0,13.1,
freMTPL2sev,TabPFN-v2.6,2.0-4.0,4,log,0.0,1,2000,1000,3.142129064684601,4.98119199287656,0.0,-0.0760436131607543,-0.0540679338394947,0.2365872918296487,7.461557932931894,699.5522913305304,948.7125124607954,654.3285735400647,27567.28190815471,12.0,13.1,
freMTPL2sev,TabPFN-v2.6,2.0-4.0,4,tail_log,50.0,1,2000,1000,3.142129064684601,4.98119199287656,18.0,-0.0604159114602265,-0.0521446900249147,0.334448145075167,-0.4732946531371886,700.2714094934082,958.3604639326172,651.6017084904582,480.40374558206577,11.0,13.1,
freMTPL2sev,TabPFN-v2.6,2.0-4.0,4,evt_trim,0.0,1,2000,1000,3.142129064684601,4.98119199287656,0.0,-0.2070096976609352,0.2335177972631499,-0.5307374699230594,0.461502774184896,743.2343652319337,939.812935944336,738.6086633131836,419.6036561303907,48.0,13.1,
freMTPL2sev,TabPFN-v2.6,2.0-4.0,4,sd_cap,1.2,1,2000,1000,3.142129064684601,4.98119199287656,1.0,0.0171872554419822,0.0473337569087265,-0.056307305070775,0.1922244109760499,721.0233923034668,946.9255303217776,723.6031764015626,389.3994220542188,35.0,13.1,
freMTPL2sev,TabPFN-v2.6,2.0-4.0,4,rank_emp,0.0,1,2000,1000,3.142129064684601,4.98119199287656,0.0,-0.0316852757139778,0.2226403393361546,0.5498320677004596,34.587695790667766,695.4286806953562,935.3253741658912,666.57902889086,1379.060153872813,12.0,13.1,
freMTPL2sev,TabPFN-v2.6,2.0-4.0,4,rank_gpd,0.0,1,2000,1000,3.142129064684601,4.98119199287656,0.0,-0.0316852757139778,0.2175104209842341,0.6182160576728297,2547.7785742422075,695.4286806953562,935.001603727848,642.9432551360671,642255506.903774,12.0,13.1,
freMTPL2sev,TabPFN-v2.5,4.0-inf,0,without_max,0.0,1,2000,1000,4.884899964701051,7.694167232876713,0.0,0.0,0.0,0.0,0.0,678.4774105883789,906.2194933305664,558.4611650652344,354.4354553805469,20.0,9.6,
freMTPL2sev,TabPFN-v2.5,4.0-inf,0,raw,0.0,1,2000,1000,4.884899964701051,7.694167232876713,0.0,0.019633987552225,0.2844916167525028,-0.4121739765797307,1.3126019269411988,685.4187931140136,879.0558474272459,620.0233179680664,227.9003761989064,34.0,9.6,
freMTPL2sev,TabPFN-v2.5,4.0-inf,0,clip,50.0,1,2000,1000,4.884899964701051,7.694167232876713,15.0,0.0686169679546647,0.292518668338576,-0.0401278102819761,-0.2360562538169953,669.0206603771974,871.1240432158203,560.9727908611329,414.5116669244922,20.0,9.6,
freMTPL2sev,TabPFN-v2.5,4.0-inf,0,clip,200.0,1,2000,1000,4.884899964701051,7.694167232876713,4.0,0.0609081008544882,0.0023077148665887,-0.0130061909914845,-0.0436790901815922,670.3207608984375,893.093291699707,557.7177715691406,349.04101673406245,20.0,9.6,
freMTPL2sev,TabPFN-v2.5,4.0-inf,0,log,0.0,1,2000,1000,4.884899964701051,7.694167232876713,0.0,0.0628651132815997,0.3152576662665811,-0.0146010368703436,0.3321237767079025,668.6834880645732,870.1975870824946,553.5494969226357,316.33975414616395,19.0,9.6,
freMTPL2sev,TabPFN-v2.5,4.0-inf,0,tail_log,50.0,1,2000,1000,4.884899964701051,7.694167232876713,15.0,0.0809026576963835,0.0771689496166345,0.011461401332326,-0.0479851498299719,669.3182372546387,882.7926810893554,554.3746381408397,358.59823699188775,18.0,9.6,
freMTPL2sev,TabPFN-v2.5,4.0-inf,0,evt_trim,0.0,1,2000,1000,4.884899964701051,7.694167232876713,0.0,0.019633987552225,0.2844916167525028,-0.4121739765797307,1.3126019269411988,685.4187931140136,879.0558474272459,620.0233179680664,227.9003761989064,34.0,9.6,
freMTPL2sev,TabPFN-v2.5,4.0-inf,0,sd_cap,1.2,1,2000,1000,4.884899964701051,7.694167232876713,1.0,-0.0497208821962852,-0.0038018968064229,0.0219218654702166,0.1386022144956912,689.3826836157226,912.4020985161133,563.0706707244141,338.2843016149219,19.0,9.6,
freMTPL2sev,TabPFN-v2.5,4.0-inf,0,rank_emp,0.0,1,2000,1000,4.884899964701051,7.694167232876713,0.0,0.0580049148603747,0.353804310987709,0.0585470227760827,0.6695617680456627,668.2157691165821,867.2126486795389,547.5321249228843,245.2082793080312,17.0,9.6,
freMTPL2sev,TabPFN-v2.5,4.0-inf,0,rank_gpd,0.0,1,2000,1000,4.884899964701051,7.694167232876713,0.0,0.0580049148603747,0.3524939037632194,0.1393883113457784,0.4615043089426978,668.2157691165821,867.4626909474933,539.8934958372738,282.3521267829449,12.0,9.6,
freMTPL2sev,TabPFN-v2.6,4.0-inf,0,without_max,0.0,1,2000,1000,4.884899964701051,7.694167232876713,0.0,0.0,0.0,0.0,0.0,677.6035909143067,892.2483479082032,535.8243052532229,351.12532414226564,13.0,12.7,
freMTPL2sev,TabPFN-v2.6,4.0-inf,0,raw,0.0,1,2000,1000,4.884899964701051,7.694167232876713,0.0,-0.387270863461538,0.2984366991567331,-0.6464268692718167,1.4541955875217674,760.621467722168,870.3133266557618,669.2268138933595,313.87275317253903,49.0,12.7,
freMTPL2sev,TabPFN-v2.6,4.0-inf,0,clip,50.0,1,2000,1000,4.884899964701051,7.694167232876713,15.0,-0.0365888365903264,-0.0175646279420489,-0.3372554157980183,-0.4918671043063077,677.5067707580566,892.0347122050781,566.3745600750002,437.7401796783984,20.0,12.7,
freMTPL2sev,TabPFN-v2.6,4.0-inf,0,clip,200.0,1,2000,1000,4.884899964701051,7.694167232876713,4.0,-0.0474320130609459,-0.0104265040415725,-0.0374903724040402,-0.1846585878400513,677.2505298657228,894.052732012207,545.3885832439454,383.0637845446092,15.0,12.7,
freMTPL2sev,TabPFN-v2.6,4.0-inf,0,log,0.0,1,2000,1000,4.884899964701051,7.694167232876713,0.0,-0.0313534645582775,0.0465609561573175,-0.0965659191656628,10.75008447368075,672.837674048939,885.1041179753216,546.824494899351,8.375150341072054e+22,14.0,12.7,
freMTPL2sev,TabPFN-v2.6,4.0-inf,0,tail_log,50.0,1,2000,1000,4.884899964701051,7.694167232876713,15.0,-0.0374710613161682,-0.0086998690233402,-0.111714036903257,-0.2108621887371818,676.7038583361816,893.9143181865235,547.670060651172,394.7580575552621,13.0,12.7,
freMTPL2sev,TabPFN-v2.6,4.0-inf,0,evt_trim,0.0,1,2000,1000,4.884899964701051,7.694167232876713,0.0,-0.387270863461538,0.2984366991567331,-0.6464268692718167,1.4541955875217674,760.621467722168,870.3133266557618,669.2268138933595,313.87275317253903,49.0,12.7,
freMTPL2sev,TabPFN-v2.6,4.0-inf,0,sd_cap,1.2,1,2000,1000,4.884899964701051,7.694167232876713,1.0,0.0328969234198969,0.0184593623691175,0.1597697068213057,0.1884253507845479,674.0816682458496,891.8836914726563,546.2635981780275,333.0872594157031,12.0,12.7,
freMTPL2sev,TabPFN-v2.6,4.0-inf,0,rank_emp,0.0,1,2000,1000,4.884899964701051,7.694167232876713,0.0,-0.0127728599132541,0.3176021993354772,-0.0590288591859617,50.323394525875074,668.2716194517978,871.3942556719845,582.5347173654584,1401.0589456716953,14.0,12.7,
freMTPL2sev,TabPFN-v2.6,4.0-inf,0,rank_gpd,0.0,1,2000,1000,4.884899964701051,7.694167232876713,0.0,-0.0127728599132541,0.3143241441107718,-0.0001828435070033,237.18279159684545,668.2716194517978,871.4383430496147,557.8749790978071,96253817.93436286,12.0,12.7,
freMTPL2sev,TabPFN-v2.5,4.0-inf,1,without_max,0.0,1,2000,1000,11.94052282772364,19.384577376649748,0.0,0.0,0.0,0.0,0.0,1047.995952357178,1554.9661345166014,1222.039090640625,902.8273363941408,17.0,8.9,
freMTPL2sev,TabPFN-v2.5,4.0-inf,1,raw,0.0,1,2000,1000,11.94052282772364,19.384577376649748,0.0,0.3348556934888997,0.6895228190380631,-0.5219284054192235,0.0525305650582003,1071.8517859399417,1513.489527202148,1343.2787008115235,916.3994289400392,46.0,8.9,
freMTPL2sev,TabPFN-v2.5,4.0-inf,1,clip,50.0,1,2000,1000,11.94052282772364,19.384577376649748,17.0,0.1261136042878595,0.3438549081123652,-0.0827713452350733,-0.4460573226782013,1033.1536988134767,1517.3239361401363,1231.120929424805,1052.515455991797,18.0,8.9,
freMTPL2sev,TabPFN-v2.5,4.0-inf,1,clip,200.0,1,2000,1000,11.94052282772364,19.384577376649748,4.0,0.1175769486422564,0.162168683609907,-0.0154992982113728,-0.0306306012365115,1033.36117116333,1532.531296784668,1223.7035771347655,911.2607301832032,18.0,8.9,
freMTPL2sev,TabPFN-v2.5,4.0-inf,1,log,0.0,1,2000,1000,11.94052282772364,19.384577376649748,0.0,0.1224086862413723,0.3159490654275664,-0.0834300244196982,-0.1923265690538032,1034.0162347746025,1522.6463877486428,1234.8690410157517,957.0074906959668,22.0,8.9,
freMTPL2sev,TabPFN-v2.5,4.0-inf,1,tail_log,50.0,1,2000,1000,11.94052282772364,19.384577376649748,17.0,0.1250011335447282,0.2547410527422651,-0.0194082713445554,-0.0603223374110441,1033.3856945812988,1526.9908429345703,1224.8312976410548,906.43075371704,18.0,8.9,
freMTPL2sev,TabPFN-v2.5,4.0-inf,1,evt_trim,0.0,1,2000,1000,11.94052282772364,19.384577376649748,0.0,0.3348556934888997,0.6895228190380631,-0.5219284054192235,0.0525305650582003,1071.8517859399417,1513.489527202148,1343.2787008115235,916.3994289400392,46.0,8.9,
freMTPL2sev,TabPFN-v2.5,4.0-inf,1,sd_cap,1.2,1,2000,1000,11.94052282772364,19.384577376649748,1.0,-0.0292546689659151,0.0095025096958322,-0.0304826984689777,0.0966482289364626,1053.4378841503908,1555.105783840332,1215.229698453125,875.5472646578125,17.0,8.9,
freMTPL2sev,TabPFN-v2.5,4.0-inf,1,rank_emp,0.0,1,2000,1000,11.94052282772364,19.384577376649748,0.0,0.1295191195653591,0.4538408041549074,0.0248928063075797,0.8629451375155996,1033.6758893901892,1512.1266964672946,1211.5667342243255,845.9349565397213,18.0,8.9,
freMTPL2sev,TabPFN-v2.5,4.0-inf,1,rank_gpd,0.0,1,2000,1000,11.94052282772364,19.384577376649748,0.0,0.1295191195653591,0.4557917335099868,0.1273751908581289,0.7850940139382886,1033.6758893901892,1511.8915140252311,1205.421430514432,836.9247215485956,17.0,8.9,
freMTPL2sev,TabPFN-v2.6,4.0-inf,1,without_max,0.0,1,2000,1000,11.94052282772364,19.384577376649748,0.0,0.0,0.0,0.0,0.0,1039.3526755529786,1542.0177790649414,1227.6667862021486,947.3406458277342,32.0,11.9,
freMTPL2sev,TabPFN-v2.6,4.0-inf,1,raw,0.0,1,2000,1000,11.94052282772364,19.384577376649748,0.0,-0.0252983878156523,1.0169431571937868,-0.1757613134868748,-0.5989711115155136,1035.1314999627689,1551.3358135449216,1293.6633336533205,1160.3413690748048,30.0,11.9,
freMTPL2sev,TabPFN-v2.6,4.0-inf,1,clip,50.0,1,2000,1000,11.94052282772364,19.384577376649748,17.0,-0.0800906076444299,-0.0490118170636226,-0.012966124868912,-0.5584775041350669,1039.0823508093265,1543.9026759765625,1240.2630993515625,1107.1038695357424,25.0,11.9,
freMTPL2sev,TabPFN-v2.6,4.0-inf,1,clip,200.0,1,2000,1000,11.94052282772364,19.384577376649748,4.0,-0.0746207300951,-0.0347775719694481,0.0670792293577266,-0.221757771029308,1039.8036040515135,1553.3295042333984,1226.6374767319337,1016.7188484214844,23.0,11.9,
freMTPL2sev,TabPFN-v2.6,4.0-inf,1,log,0.0,1,2000,1000,11.94052282772364,19.384577376649748,0.0,-0.0683934086993212,0.0289857748123036,0.0845093152472988,2.073308295482609,1036.004088576586,1524.6326506971666,1222.7331240304318,2556.8100699108504,19.0,11.9,
freMTPL2sev,TabPFN-v2.6,4.0-inf,1,tail_log,50.0,1,2000,1000,11.94052282772364,19.384577376649748,17.0,-0.0757612270636186,-0.0337904121001336,0.1377707057116471,-0.2642167822210052,1039.7175601257322,1555.4244231439452,1228.3941639803852,30385370.968566887,21.0,11.9,
freMTPL2sev,TabPFN-v2.6,4.0-inf,1,evt_trim,0.0,1,2000,1000,11.94052282772364,19.384577376649748,0.0,-0.0252983878156523,1.0169431571937868,-0.1757613134868748,-0.5989711115155136,1035.1314999627689,1551.3358135449216,1293.6633336533205,1160.3413690748048,30.0,11.9,
freMTPL2sev,TabPFN-v2.6,4.0-inf,1,sd_cap,1.2,1,2000,1000,11.94052282772364,19.384577376649748,1.0,-0.0144217244237715,0.0094874718655195,-0.0039263669628134,0.1897321342318755,1041.615666652832,1548.2281006225585,1202.2466710727538,904.6088412183592,31.0,11.9,
freMTPL2sev,TabPFN-v2.6,4.0-inf,1,rank_emp,0.0,1,2000,1000,11.94052282772364,19.384577376649748,0.0,-0.0047411155105626,0.2827601734195883,0.4139748007280186,138.94631984004778,1033.4781659956604,1508.4159096186222,1197.3472417007213,4072.639311400004,16.0,11.9,
freMTPL2sev,TabPFN-v2.6,4.0-inf,1,rank_gpd,0.0,1,2000,1000,11.94052282772364,19.384577376649748,0.0,-0.0047411155105626,0.2836587663590668,0.4939499324827848,27479.07015750109,1033.4781659956604,1507.826630885538,1188.3758295550788,2783953655.304221,15.0,11.9,
freMTPL2sev,TabPFN-v2.5,4.0-inf,2,without_max,0.0,1,2000,1000,5.004419468367416,6.404290945602741,0.0,0.0,0.0,0.0,0.0,836.8249845532226,1195.6548176142578,816.4302901564454,575.4320227983594,25.0,9.6,
freMTPL2sev,TabPFN-v2.5,4.0-inf,2,raw,0.0,1,2000,1000,5.004419468367416,6.404290945602741,0.0,0.0262912303410391,0.2431627727046326,-0.5161611219511536,0.8497428472368282,836.0304669055176,1185.6829151118166,923.2276459547852,390.6806876225781,54.0,9.6,
freMTPL2sev,TabPFN-v2.5,4.0-inf,2,clip,50.0,1,2000,1000,5.004419468367416,6.404290945602741,11.0,0.0691155016311425,0.3614136249560208,0.045242800400741,-0.1341743114580293,828.9103083752442,1175.267855578125,802.4202493556642,604.2015752085156,26.0,9.6,
freMTPL2sev,TabPFN-v2.5,4.0-inf,2,clip,200.0,1,2000,1000,5.004419468367416,6.404290945602741,2.0,0.0529390409668419,0.0626319000756119,-0.0035496967253199,-0.0616527904856279,829.3722257348633,1185.9367693085935,810.5170597951172,568.3388798676953,26.0,9.6,
freMTPL2sev,TabPFN-v2.5,4.0-inf,2,log,0.0,1,2000,1000,5.004419468367416,6.404290945602741,0.0,0.0623619346530996,0.3323396628015133,-0.0759613917000171,0.2853853119740593,828.8330905770731,1178.7176147629496,817.060709077181,491.9189968733839,28.0,9.6,
freMTPL2sev,TabPFN-v2.5,4.0-inf,2,tail_log,50.0,1,2000,1000,5.004419468367416,6.404290945602741,11.0,0.0579390881677964,0.1356189365188029,0.0117571072502216,-0.0581716349915417,829.0603556744384,1182.4080012934571,808.8570395972606,563.805883495453,25.0,9.6,
freMTPL2sev,TabPFN-v2.5,4.0-inf,2,evt_trim,0.0,1,2000,1000,5.004419468367416,6.404290945602741,0.0,0.0262912303410391,0.2431627727046326,-0.5161611219511536,0.8497428472368282,836.0304669055176,1185.6829151118166,923.2276459547852,390.6806876225781,54.0,9.6,
freMTPL2sev,TabPFN-v2.5,4.0-inf,2,sd_cap,1.2,1,2000,1000,5.004419468367416,6.404290945602741,2.0,-0.0069286793528371,-0.0054598792949884,0.0155633347025078,0.0283455308261007,836.7871090063476,1199.399002663086,805.4450032521485,562.7829517260939,25.0,9.6,
freMTPL2sev,TabPFN-v2.5,4.0-inf,2,rank_emp,0.0,1,2000,1000,5.004419468367416,6.404290945602741,0.0,0.0603105639121068,0.3361711115537108,0.16535585356641,0.7329660342147994,828.5984950515038,1174.7353618055638,770.9871569862421,316.82878988205067,18.0,9.6,
freMTPL2sev,TabPFN-v2.5,4.0-inf,2,rank_gpd,0.0,1,2000,1000,5.004419468367416,6.404290945602741,0.0,0.0603105639121068,0.3335378432166256,0.0816090631082092,0.8182354291331746,828.5984950515038,1175.5207871395698,779.3176791098231,351.7447914639001,20.0,9.6,
freMTPL2sev,TabPFN-v2.6,4.0-inf,2,without_max,0.0,1,2000,1000,5.004419468367416,6.404290945602741,0.0,0.0,0.0,0.0,0.0,830.4716399291992,1199.6838789570313,787.2922991701173,559.4645107221876,17.0,13.6,
freMTPL2sev,TabPFN-v2.6,4.0-inf,2,raw,0.0,1,2000,1000,5.004419468367416,6.404290945602741,0.0,-0.3719895274656141,0.2822238554303462,-0.6447412038729229,2.100584333745366,912.5937079333496,1179.518228285645,965.8018598,409.34564911623056,59.0,13.6,
freMTPL2sev,TabPFN-v2.6,4.0-inf,2,clip,50.0,1,2000,1000,5.004419468367416,6.404290945602741,11.0,-0.0451859304212503,-0.0159512373677172,-0.3107640290699769,-0.4639429177317168,836.250996003418,1194.4136386958007,830.5409216994142,675.3391954116407,26.0,13.6,
freMTPL2sev,TabPFN-v2.6,4.0-inf,2,clip,200.0,1,2000,1000,5.004419468367416,6.404290945602741,2.0,-0.0550290437000993,-0.0149614293687418,-0.1471223819882276,-0.1533748325229768,835.5349293530272,1199.715739201172,786.5776420265626,583.4132494116405,19.0,13.6,
freMTPL2sev,TabPFN-v2.6,4.0-inf,2,log,0.0,1,2000,1000,5.004419468367416,6.404290945602741,0.0,-0.012518016051121,0.0836989414745716,-0.2409429761145563,6.47672096047176,832.6621616744434,1189.6854292709422,808.4854677579726,7.349136538564431e+26,23.0,13.6,
freMTPL2sev,TabPFN-v2.6,4.0-inf,2,tail_log,50.0,1,2000,1000,5.004419468367416,6.404290945602741,11.0,-0.0474328809513647,-0.0105925506836007,-0.1431462182641273,-0.2007598881125349,835.199076595459,1199.765527387207,787.8275231926552,593.719712455735,19.0,13.6,
freMTPL2sev,TabPFN-v2.6,4.0-inf,2,evt_trim,0.0,1,2000,1000,5.004419468367416,6.404290945602741,0.0,-0.3719895274656141,0.2822238554303462,-0.6447412038729229,2.100584333745366,912.5937079333496,1179.518228285645,965.8018598,409.34564911623056,59.0,13.6,
freMTPL2sev,TabPFN-v2.6,4.0-inf,2,sd_cap,1.2,1,2000,1000,5.004419468367416,6.404290945602741,2.0,0.0131871969162005,-0.0056963225590906,0.0248065248917963,0.0414076287606514,834.8477805944823,1199.243224369629,785.0584280763674,550.3373611577344,20.0,13.6,
freMTPL2sev,TabPFN-v2.6,4.0-inf,2,rank_emp,0.0,1,2000,1000,5.004419468367416,6.404290945602741,0.0,-0.0037084530109098,0.2950402902827885,-0.0166914374219553,51.43551672331568,829.3225741337128,1176.3903837401022,802.176054009928,1181.2958820226474,18.0,13.6,
freMTPL2sev,TabPFN-v2.6,4.0-inf,2,rank_gpd,0.0,1,2000,1000,5.004419468367416,6.404290945602741,0.0,-0.0037084530109098,0.2906861587195712,-0.0857343537961351,40620.260325054114,829.3225741337128,1176.048820437899,788.9603621189416,9999015854.911585,17.0,13.6,
freMTPL2sev,TabPFN-v2.5,4.0-inf,3,without_max,0.0,1,2000,1000,13.599161002782576,20.261008526187577,0.0,0.0,0.0,0.0,0.0,712.7411262060546,944.7539819956054,594.5922644205078,386.6038114942969,17.0,10.2,
freMTPL2sev,TabPFN-v2.5,4.0-inf,3,raw,0.0,1,2000,1000,13.599161002782576,20.261008526187577,0.0,0.2028644877597876,0.6835269183796262,-0.5183237261465521,0.2901850669575765,737.469049477539,924.2124353867188,705.60947386875,377.9133273976172,43.0,10.2,
freMTPL2sev,TabPFN-v2.5,4.0-inf,3,clip,50.0,1,2000,1000,13.599161002782576,20.261008526187577,13.0,0.0876041606852488,0.4951705184280086,0.153322066602042,-0.0706989768541714,703.5160464282227,917.3470294638672,575.9105566714845,398.1095272989844,16.0,10.2,
freMTPL2sev,TabPFN-v2.5,4.0-inf,3,clip,200.0,1,2000,1000,13.599161002782576,20.261008526187577,4.0,0.0680027451500887,0.0129003849028967,0.0232353721067318,-0.0351732669189085,705.0271866345215,931.536371631836,585.4646799917971,384.152375670078,16.0,10.2,
freMTPL2sev,TabPFN-v2.5,4.0-inf,3,log,0.0,1,2000,1000,13.599161002782576,20.261008526187577,0.0,0.0895891601535256,0.4114234118849917,0.0195731286583805,0.4555681535904921,703.4686074817344,921.3778421235432,583.2564928889235,348.54401554952915,17.0,10.2,
freMTPL2sev,TabPFN-v2.5,4.0-inf,3,tail_log,50.0,1,2000,1000,13.599161002782576,20.261008526187577,13.0,0.075913474424591,0.0407117667418923,0.0270942800349482,-0.0394615480976139,704.7272517663573,929.5541431064452,584.8685193960939,380.5928189765471,16.0,10.2,
freMTPL2sev,TabPFN-v2.5,4.0-inf,3,evt_trim,0.0,1,2000,1000,13.599161002782576,20.261008526187577,0.0,0.2028644877597876,0.6835269183796262,-0.5183237261465521,0.2901850669575765,737.469049477539,924.2124353867188,705.60947386875,377.9133273976172,43.0,10.2,
freMTPL2sev,TabPFN-v2.5,4.0-inf,3,sd_cap,1.2,1,2000,1000,13.599161002782576,20.261008526187577,1.0,-0.0584280247582583,-0.0052909751137722,0.0245671783828837,0.1462969393801905,722.5461357519531,956.9241908627928,594.5882030728517,372.6515406974219,18.0,10.2,
freMTPL2sev,TabPFN-v2.5,4.0-inf,3,rank_emp,0.0,1,2000,1000,13.599161002782576,20.261008526187577,0.0,0.0839239976098742,0.4732698171354603,0.2164185390962504,0.8557129163982133,702.7191470964548,920.3355154631066,572.7105201759243,369.5476344385693,14.0,10.2,
freMTPL2sev,TabPFN-v2.5,4.0-inf,3,rank_gpd,0.0,1,2000,1000,13.599161002782576,20.261008526187577,0.0,0.0839239976098742,0.4754161785097676,0.2197466886699265,1.080866100150102,702.7191470964548,919.710499359125,570.8063405195385,316.9450506719167,12.0,10.2,
freMTPL2sev,TabPFN-v2.6,4.0-inf,3,without_max,0.0,1,2000,1000,13.599161002782576,20.261008526187577,0.0,0.0,0.0,0.0,0.0,711.2335977111816,936.6746268588868,594.2164528775392,376.5221118517188,12.0,13.9,
freMTPL2sev,TabPFN-v2.6,4.0-inf,3,raw,0.0,1,2000,1000,13.599161002782576,20.261008526187577,0.0,-0.0804180407407568,0.9773770996765184,-0.4853229623918136,-0.581896916568073,707.4299996289061,958.5906006064452,625.1345262271485,506.42352720425777,27.0,13.9,
freMTPL2sev,TabPFN-v2.6,4.0-inf,3,clip,50.0,1,2000,1000,13.599161002782576,20.261008526187577,13.0,-0.0953327147819035,-0.0117358031779589,-0.3179327278902593,-0.4825410459296667,709.9859112390136,936.3348066293944,598.6214806021485,451.31686204996095,18.0,13.9,
freMTPL2sev,TabPFN-v2.6,4.0-inf,3,clip,200.0,1,2000,1000,13.599161002782576,20.261008526187577,4.0,-0.0681712738791358,0.0028897767519596,-0.0926306827979483,-0.1661754733293819,706.697202996826,935.8237160898436,592.6714941421875,389.9351567091407,15.0,13.9,
freMTPL2sev,TabPFN-v2.6,4.0-inf,3,log,0.0,1,2000,1000,13.599161002782576,20.261008526187577,0.0,-0.0650391741283072,0.0686760325678264,-0.1393336263862366,5.288968300602924,706.2618689181597,928.2591529474684,581.9895253712947,185352.92662006343,14.0,13.9,
freMTPL2sev,TabPFN-v2.6,4.0-inf,3,tail_log,50.0,1,2000,1000,13.599161002782576,20.261008526187577,13.0,-0.068094968652102,0.0070501463289111,-0.0673735422805792,-0.2022909927247449,706.5243382495115,936.4492541464843,594.166846197777,395.23602746322376,15.0,13.9,
freMTPL2sev,TabPFN-v2.6,4.0-inf,3,evt_trim,0.0,1,2000,1000,13.599161002782576,20.261008526187577,0.0,-0.0804180407407568,0.9773770996765184,-0.4853229623918136,-0.581896916568073,707.4299996289061,958.5906006064452,625.1345262271485,506.42352720425777,27.0,13.9,
freMTPL2sev,TabPFN-v2.6,4.0-inf,3,sd_cap,1.2,1,2000,1000,13.599161002782576,20.261008526187577,1.0,0.0181720301030011,0.0217953543413374,-0.0132335328439533,0.1883731041087904,709.3403654663085,934.3627894150392,608.6557106729495,355.84213202554685,11.0,13.9,
freMTPL2sev,TabPFN-v2.6,4.0-inf,3,rank_emp,0.0,1,2000,1000,13.599161002782576,20.261008526187577,0.0,-0.0379223155041478,0.3798283668055032,-0.0409570654436452,144.42942901664537,702.2364934910133,922.8270898407368,583.9304481558927,4028.875294419703,10.0,13.9,
freMTPL2sev,TabPFN-v2.6,4.0-inf,3,rank_gpd,0.0,1,2000,1000,13.599161002782576,20.261008526187577,0.0,-0.0379223155041478,0.3832701355330417,-0.0412706338718556,800.142940821137,702.2364934910133,922.7341208815556,587.8663351449899,460343036.6498483,10.0,13.9,
freMTPL2sev,TabPFN-v2.5,4.0-inf,4,without_max,0.0,1,2000,1000,16.40634557041672,20.0588691355108,0.0,0.0,0.0,0.0,0.0,561.0937927160645,702.9310095776367,312.96725899902344,120.62821811621096,23.0,10.3,
freMTPL2sev,TabPFN-v2.5,4.0-inf,4,raw,0.0,1,2000,1000,16.40634557041672,20.0588691355108,0.0,0.2231804597850995,0.4172305670068119,-0.4922363079300547,-0.0362850565087124,601.4420282214356,677.4473957861328,440.40953557373047,161.34796805419924,49.0,10.3,
freMTPL2sev,TabPFN-v2.5,4.0-inf,4,clip,50.0,1,2000,1000,16.40634557041672,20.0588691355108,12.0,0.0264398607269868,0.2269726797875365,0.0311035359006091,-0.0760117782261116,559.3611913232421,684.901519645996,304.68893828125005,131.8094126337891,23.0,10.3,
freMTPL2sev,TabPFN-v2.5,4.0-inf,4,clip,200.0,1,2000,1000,16.40634557041672,20.0588691355108,2.0,0.0445575488553541,0.1372178110748428,0.0815694479237995,0.1059489617168338,560.4718120300292,693.5938328149414,305.98321154296883,115.88739744531252,19.0,10.3,
freMTPL2sev,TabPFN-v2.5,4.0-inf,4,log,0.0,1,2000,1000,16.40634557041672,20.0588691355108,0.0,0.0263285476577132,0.2480774098304986,-0.0230383164810644,0.2513194082013609,558.9873016736904,692.9325468598851,323.2485247249747,129.63930723946828,24.0,10.3,
freMTPL2sev,TabPFN-v2.5,4.0-inf,4,tail_log,50.0,1,2000,1000,16.40634557041672,20.0588691355108,12.0,0.0359223012992022,0.0723389487379825,0.045648533206264,0.0655490813072626,560.0486296704102,694.116913918457,307.886263440278,117.0915147838398,22.0,10.3,
freMTPL2sev,TabPFN-v2.5,4.0-inf,4,evt_trim,0.0,1,2000,1000,16.40634557041672,20.0588691355108,0.0,0.2231804597850995,0.4172305670068119,-0.4922363079300547,-0.0362850565087124,601.4420282214356,677.4473957861328,440.40953557373047,161.34796805419924,49.0,10.3,
freMTPL2sev,TabPFN-v2.5,4.0-inf,4,sd_cap,1.2,1,2000,1000,16.40634557041672,20.0588691355108,2.0,0.0211282879218399,0.0100531509904578,0.0036608954001936,0.0082359483897859,560.1628633435058,700.6005363427734,310.1306347314453,118.16763988769532,23.0,10.3,
freMTPL2sev,TabPFN-v2.5,4.0-inf,4,rank_emp,0.0,1,2000,1000,16.40634557041672,20.0588691355108,0.0,0.0244006180959787,0.2844396357243187,0.0483525910428943,0.6962813742972822,557.9786331917786,694.3683345750005,314.2908808448038,140.35148343459397,20.0,10.3,
freMTPL2sev,TabPFN-v2.5,4.0-inf,4,rank_gpd,0.0,1,2000,1000,16.40634557041672,20.0588691355108,0.0,0.0244006180959787,0.2837033001032173,0.0818448327553579,0.8324823544627935,557.9786331917786,693.9467968943952,309.88535185620094,89.51763996370669,19.0,10.3,
freMTPL2sev,TabPFN-v2.6,4.0-inf,4,without_max,0.0,1,2000,1000,16.40634557041672,20.0588691355108,0.0,0.0,0.0,0.0,0.0,569.4526958874512,706.2019881958008,299.257336994629,115.51712029296876,17.0,13.6,
freMTPL2sev,TabPFN-v2.6,4.0-inf,4,raw,0.0,1,2000,1000,16.40634557041672,20.0588691355108,0.0,-0.1605523706695283,0.974173292220304,-0.3649312375233074,-0.5069547452139295,581.6407827209472,711.5057789599609,354.77860716308606,222.791053921875,29.0,13.6,
freMTPL2sev,TabPFN-v2.6,4.0-inf,4,clip,50.0,1,2000,1000,16.40634557041672,20.0588691355108,12.0,-0.0427595743311764,-0.0028723824082688,-0.2783163034068078,-0.44418061382417,564.1020422900391,689.9695005737304,326.71990500488283,183.03278862304688,29.0,13.6,
freMTPL2sev,TabPFN-v2.6,4.0-inf,4,clip,200.0,1,2000,1000,16.40634557041672,20.0588691355108,2.0,-0.0228545834290554,0.0115394870094183,-0.1166988216477223,-0.2010792136730268,563.0688715930175,695.0945996118164,292.6577729760742,129.9624418183594,20.0,13.6,
freMTPL2sev,TabPFN-v2.6,4.0-inf,4,log,0.0,1,2000,1000,16.40634557041672,20.0588691355108,0.0,-0.04196242000373,0.1095100573802949,-0.1523137444828736,1.343110453003855,560.9923919269805,693.1536133919454,325.1683765764581,6.954724455302563e+29,22.0,13.6,
freMTPL2sev,TabPFN-v2.6,4.0-inf,4,tail_log,50.0,1,2000,1000,16.40634557041672,20.0588691355108,12.0,-0.0132900432724375,0.0129745606097594,-0.0876946745173544,-0.147805326752209,564.5916565966797,693.9633984865391,287.4491120092957,124.97257985315504,19.0,13.6,
freMTPL2sev,TabPFN-v2.6,4.0-inf,4,evt_trim,0.0,1,2000,1000,16.40634557041672,20.0588691355108,0.0,-0.1605523706695283,0.974173292220304,-0.3649312375233074,-0.5069547452139295,581.6407827209472,711.5057789599609,354.77860716308606,222.791053921875,29.0,13.6,
freMTPL2sev,TabPFN-v2.6,4.0-inf,4,sd_cap,1.2,1,2000,1000,16.40634557041672,20.0588691355108,2.0,9.75544150869652e-05,0.0108534430388295,-0.0499263103007351,-0.0527342349104851,565.9766613818359,696.3740456958008,289.8171670288087,118.9900081933594,17.0,13.6,
freMTPL2sev,TabPFN-v2.6,4.0-inf,4,rank_emp,0.0,1,2000,1000,16.40634557041672,20.0588691355108,0.0,-0.0141338972245415,0.3045075583254398,-0.1480279824872211,163.0187661076793,558.5914330495609,679.1564350796864,438.1552069696213,2553.6907107343086,26.0,13.6,
freMTPL2sev,TabPFN-v2.6,4.0-inf,4,rank_gpd,0.0,1,2000,1000,16.40634557041672,20.0588691355108,0.0,-0.0141338972245415,0.3075824714985828,-0.1566598744348869,16.192028656252695,558.5914330495609,678.7910079354348,323.94842315684264,54024656.09779839,24.0,13.6,
freMTPL2sev,TabPFN-v2.5,0.0-1.2,0,rank_gpd_trim,0.0,1,2000,1000,1.190379752558811,1.1869279151750427,2000,0.042008420688137135,0.3836477507137206,0.2928356077962624,0.9364938864029244,631.2687928793725,807.4444881674102,445.43805976619524,222.11602501710072,15,17.3,
freMTPL2sev,TabPFN-v2.5,0.0-1.2,0,rank_exp,0.0,1,2000,1000,1.190379752558811,1.1869279151750427,2000,0.046264399546106894,0.39553253634875685,0.37105490941559016,0.4010857535972333,633.7619731150209,815.6148880751589,456.4923994661884,257.5827218606433,12,17.3,
freMTPL2sev,TabPFN-v2.6,0.0-1.2,0,rank_gpd_trim,0.0,1,2000,1000,1.190379752558811,1.1869279151750427,2000,0.04524620156315938,0.29893488067604185,-0.02381073197212575,2675.558671439823,631.2395961759303,808.236555264176,441.95795254721355,450205312.1406601,15,20.9,
freMTPL2sev,TabPFN-v2.6,0.0-1.2,0,rank_exp,0.0,1,2000,1000,1.190379752558811,1.1869279151750427,2000,0.0421390643871251,0.2860867418399895,-0.038717406631611766,-0.06270264822209622,631.219018314072,813.3939852454056,448.7327738420895,257.75335125920424,17,20.9,
freMTPL2sev,TabPFN-v2.5,0.0-1.2,1,rank_gpd_trim,0.0,1,2000,1000,1.1918433442054714,1.0207553787249848,2000,0.12177299875850742,0.44292497879476794,0.06877376486428591,0.15323113651307224,659.8276398046538,858.6250826061025,528.6192382256593,233.8342837118275,25,15.3,
freMTPL2sev,TabPFN-v2.5,0.0-1.2,1,rank_exp,0.0,1,2000,1000,1.1918433442054714,1.0207553787249848,2000,0.12497469543853607,0.4992579491440738,0.3971442507824119,0.16538482612188843,660.664765403295,859.5055341445961,502.9922445452156,258.9827310561018,20,15.3,
freMTPL2sev,TabPFN-v2.6,0.0-1.2,1,rank_gpd_trim,0.0,1,2000,1000,1.1918433442054714,1.0207553787249848,2000,-0.001200294968617253,0.3176267579252725,0.0032767858349349254,265.502978938111,660.4659243221497,854.7932498202955,515.7118891361129,23286957.467968404,19,21.2,
freMTPL2sev,TabPFN-v2.6,0.0-1.2,1,rank_exp,0.0,1,2000,1000,1.1918433442054714,1.0207553787249848,2000,-0.006682558755567106,0.32205165018890336,-0.06957565411901886,-0.26261935655703383,660.3872107166412,856.1373939634555,514.3853460313701,278.1047085224975,23,21.2,
freMTPL2sev,TabPFN-v2.5,0.0-1.2,2,rank_gpd_trim,0.0,1,2000,1000,1.0760785859620288,1.0683557142857143,2000,-0.01500897869764263,-0.03370951675961553,-0.026659139907342026,0.22182222908507043,617.4140476952887,780.7704992436709,467.74892103829274,258.61391211245774,13,20.2,
freMTPL2sev,TabPFN-v2.5,0.0-1.2,2,rank_exp,0.0,1,2000,1000,1.0760785859620288,1.0683557142857143,2000,-0.019154476064581254,0.034860683785589625,0.055256278454218155,0.007378480105554452,617.4082679739565,786.5479780949566,462.1774499196592,286.9041787592729,12,20.2,
freMTPL2sev,TabPFN-v2.6,0.0-1.2,2,rank_gpd_trim,0.0,1,2000,1000,1.0760785859620288,1.0683557142857143,2000,0.027800292464990176,0.3987987140596394,0.10004127365953004,959.9976180061933,617.0541286130671,781.0008600129175,478.77711512082817,3810695.8681410532,12,25.0,
freMTPL2sev,TabPFN-v2.6,0.0-1.2,2,rank_exp,0.0,1,2000,1000,1.0760785859620288,1.0683557142857143,2000,0.021234720728546694,0.4056820346841036,0.013395796762439661,0.19396668484038837,616.7813291268844,785.6007348401367,469.42705934301904,295.4760724552312,12,25.0,
freMTPL2sev,TabPFN-v2.5,0.0-1.2,3,rank_gpd_trim,0.0,1,2000,1000,1.1522299155351141,1.4044580541631588,2000,-0.01953322885718864,0.027635948089673325,0.04889698491049165,0.5427978603738783,915.1801796469659,1318.3393301376675,963.0579046692961,565.2999465675906,20,15.3,
freMTPL2sev,TabPFN-v2.5,0.0-1.2,3,rank_exp,0.0,1,2000,1000,1.1522299155351141,1.4044580541631588,2000,-0.015031362826869274,0.09073897338941823,0.10690521295619015,0.13714023576961637,914.9239880189693,1312.1830987454457,972.8305995030507,682.0414548253382,18,15.3,
freMTPL2sev,TabPFN-v2.6,0.0-1.2,3,rank_gpd_trim,0.0,1,2000,1000,1.1522299155351141,1.4044580541631588,2000,0.03644201769830302,0.3421288205065406,0.05100473182420441,172.50398240447007,915.120666083231,1303.3214170206256,916.0474382474749,5738989.311384958,16,24.5,
freMTPL2sev,TabPFN-v2.6,0.0-1.2,3,rank_exp,0.0,1,2000,1000,1.1522299155351141,1.4044580541631588,2000,0.027385084595128333,0.34852124369293613,0.02650459508462293,0.22854451777563833,914.850403557115,1298.4412594643245,964.6537070657133,639.6068106871671,18,24.5,
freMTPL2sev,TabPFN-v2.5,0.0-1.2,4,rank_gpd_trim,0.0,1,2000,1000,1.1512214713087678,1.0092392000176595,2000,0.05419195637413135,0.4158540643989076,0.06262820815998016,0.39072201728511247,651.3569641095687,813.8388570509704,447.9390885069126,157.67125894051154,16,17.2,
freMTPL2sev,TabPFN-v2.5,0.0-1.2,4,rank_exp,0.0,1,2000,1000,1.1512214713087678,1.0092392000176595,2000,0.0549950802779048,0.490471229794055,0.31732149872744975,0.1591459419695768,650.6370853171119,808.4882056605416,434.1618307600437,146.02168765326806,11,17.2,
freMTPL2sev,TabPFN-v2.6,0.0-1.2,4,rank_gpd_trim,0.0,1,2000,1000,1.1512214713087678,1.0092392000176595,2000,-0.06882464987607134,0.27548858516234154,-0.05372103972366506,836.4949654185502,650.5978312588488,809.6661222699611,430.0020553298234,858290266.9071025,14,22.5,
freMTPL2sev,TabPFN-v2.6,0.0-1.2,4,rank_exp,0.0,1,2000,1000,1.1512214713087678,1.0092392000176595,2000,-0.07289104592490467,0.33900754807644884,-0.07679262562654013,0.01459039829890955,651.0831946973537,809.7631968798023,444.7531433386954,153.81106837064402,15,22.5,
freMTPL2sev,TabPFN-v2.5,1.2-2.0,0,rank_gpd_trim,0.0,1,2000,1000,1.2236522039743902,1.0234008276702686,2000,0.061168978226205525,0.3383851485009566,0.08810275559601662,0.48364534648123814,2000.671545614168,3267.67572968822,3154.013025627043,2819.542517642994,21,16.0,
freMTPL2sev,TabPFN-v2.5,1.2-2.0,0,rank_exp,0.0,1,2000,1000,1.2236522039743902,1.0234008276702686,2000,0.05842768133953234,0.4266890014239222,0.20544485467906787,0.1583655631092094,2000.2089722730861,3257.4953965259447,3140.7756880746156,2892.1090740413815,18,16.0,
freMTPL2sev,TabPFN-v2.6,1.2-2.0,0,rank_gpd_trim,0.0,1,2000,1000,1.2236522039743902,1.0234008276702686,2000,0.008520687316418814,0.286536625357215,0.043122827204636685,960.7045402092933,2001.480112576954,3259.6207498942977,3110.2536551441344,28830797.724515412,18,22.6,
freMTPL2sev,TabPFN-v2.6,1.2-2.0,0,rank_exp,0.0,1,2000,1000,1.2236522039743902,1.0234008276702686,2000,-0.018667409798730272,0.31142614457924034,-0.06472649325376259,-0.22484555818921784,2001.6129370148449,3255.920589727836,3143.7528425518276,2895.5127614498306,21,22.6,
freMTPL2sev,TabPFN-v2.5,1.2-2.0,1,rank_gpd_trim,0.0,1,2000,1000,1.5258705963004044,1.8641450542892408,2000,0.12250513920947245,0.4823775983887393,0.1507490209019302,0.5668811586020941,587.5167679246312,707.349499272491,361.78145703942664,148.45434970918288,12,15.1,
freMTPL2sev,TabPFN-v2.5,1.2-2.0,1,rank_exp,0.0,1,2000,1000,1.5258705963004044,1.8641450542892408,2000,0.12965406603850183,0.6213585791250726,0.27664417958497534,0.14898409080312483,587.7562143664398,700.4225503940934,347.7396540147412,162.50799115900338,12,15.1,
freMTPL2sev,TabPFN-v2.6,1.2-2.0,1,rank_gpd_trim,0.0,1,2000,1000,1.5258705963004044,1.8641450542892408,2000,-0.029104904151566684,0.2939963065267239,-0.11395007567588167,60.49469634918644,587.2930542974694,702.7416457214233,386.5863313512484,3961844.8936866117,18,22.3,
freMTPL2sev,TabPFN-v2.6,1.2-2.0,1,rank_exp,0.0,1,2000,1000,1.5258705963004044,1.8641450542892408,2000,-0.041824537763782046,0.28379873257867283,-0.18486563318901694,-0.3170043362622808,588.1943962383491,705.5394032640794,366.6426445702758,174.55968786304962,18,22.3,
freMTPL2sev,TabPFN-v2.5,1.2-2.0,2,rank_gpd_trim,0.0,1,2000,1000,1.2290445769431362,1.5548679166666666,2000,-0.010028796953219,0.14601561558578707,0.14838455631644695,0.5226586752760598,670.4357281741316,887.0684893239733,543.445906679659,234.4237617580433,12,15.9,
freMTPL2sev,TabPFN-v2.5,1.2-2.0,2,rank_exp,0.0,1,2000,1000,1.2290445769431362,1.5548679166666666,2000,-0.008732703496335896,0.2622371677593443,0.19793276765272005,-0.10407002565759113,669.8724030019571,887.2303846485327,551.1726889323224,344.54444647198375,10,15.9,
freMTPL2sev,TabPFN-v2.6,1.2-2.0,2,rank_gpd_trim,0.0,1,2000,1000,1.2290445769431362,1.5548679166666666,2000,-0.012712554421401876,0.35976989463416,0.04919392421436072,822.990520411086,669.8726492712351,887.318673207638,502.0852195143675,13125559.675867764,9,20.6,
freMTPL2sev,TabPFN-v2.6,1.2-2.0,2,rank_exp,0.0,1,2000,1000,1.2290445769431362,1.5548679166666666,2000,-0.014966531305471403,0.3795801281716602,-0.012990197439155084,0.040542252328404596,669.5743606193003,888.9018753850056,539.6090184301469,322.34182435025923,10,20.6,
freMTPL2sev,TabPFN-v2.5,1.2-2.0,3,rank_gpd_trim,0.0,1,2000,1000,1.3200845992013304,1.269595762753249,2000,0.12285749390273915,0.43073128944540895,0.2276765966737997,0.2191144182482429,553.1645300480513,695.8174566263586,386.15604801706587,183.72302099192288,10,18.3,
freMTPL2sev,TabPFN-v2.5,1.2-2.0,3,rank_exp,0.0,1,2000,1000,1.3200845992013304,1.269595762753249,2000,0.12580040596956868,0.5788774323453949,0.3726966921099022,-0.011253657813646463,553.0965921675165,701.1582634874112,380.77493100319816,185.59494976680023,7,18.3,
freMTPL2sev,TabPFN-v2.6,1.2-2.0,3,rank_gpd_trim,0.0,1,2000,1000,1.3200845992013304,1.269595762753249,2000,-0.06424061046350676,0.3606250892321791,0.10875980936011193,429.9100119018276,552.2775478416856,697.3058343229086,370.8140632593635,41526175.127859406,9,22.3,
freMTPL2sev,TabPFN-v2.6,1.2-2.0,3,rank_exp,0.0,1,2000,1000,1.3200845992013304,1.269595762753249,2000,-0.05819688844018319,0.32937270558184895,0.0164998649470793,-0.30490127406585965,552.9723892777375,699.4936393857829,374.4315023140936,191.10667665986537,12,22.3,
freMTPL2sev,TabPFN-v2.5,1.2-2.0,4,rank_gpd_trim,0.0,1,2000,1000,1.716189778401475,1.813200223480616,2000,0.052084520961423346,0.3199822060898818,0.011345062959429206,0.30379157915803573,1088.6321962220654,1618.4285265329847,1292.1512898253002,963.5068161195337,27,17.7,
freMTPL2sev,TabPFN-v2.5,1.2-2.0,4,rank_exp,0.0,1,2000,1000,1.716189778401475,1.813200223480616,2000,0.04282622957895259,0.2925366198536432,0.07315562454251527,0.08442665354136136,1088.807627779744,1614.5939617100091,1276.3219420498165,1004.854377729291,28,17.7,
freMTPL2sev,TabPFN-v2.6,1.2-2.0,4,rank_gpd_trim,0.0,1,2000,1000,1.716189778401475,1.813200223480616,2000,0.003172223892682195,0.23142869211495276,0.05480274142361508,14.746317222895899,1088.4899699989044,1613.2606441285852,1310.9787146765968,1974620.0735608966,34,22.1,
freMTPL2sev,TabPFN-v2.6,1.2-2.0,4,rank_exp,0.0,1,2000,1000,1.716189778401475,1.813200223480616,2000,0.001962001445860467,0.2531633991655504,0.007589464907032965,-0.24333799391217945,1088.204558452461,1612.512240739552,1308.6867848317618,1046.4898696330868,32,22.1,
freMTPL2sev,TabPFN-v2.5,2.0-4.0,0,rank_gpd_trim,0.0,1,2000,1000,3.3654973474458685,4.5270301959133405,2000,0.17706570507729652,0.3950518663852995,0.11092943770824423,0.09562780270799429,1467.0273134809108,2320.0595971323046,2107.237045945312,1834.8127733026276,15,17.1,
freMTPL2sev,TabPFN-v2.5,2.0-4.0,0,rank_exp,0.0,1,2000,1000,3.3654973474458685,4.5270301959133405,2000,0.18051573757860281,0.5634091492340003,0.30360922496895154,-0.05602963912123929,1467.3434419631158,2320.1543631771724,2104.3015753834666,1839.6930626308128,13,17.1,
freMTPL2sev,TabPFN-v2.6,2.0-4.0,0,rank_gpd_trim,0.0,1,2000,1000,3.3654973474458685,4.5270301959133405,2000,-0.03431105414162794,0.32093986096566457,0.1145406919086445,15220.493451999188,1466.7100747526683,2319.450141021972,2115.871479840359,6308196449.018025,11,23.9,
freMTPL2sev,TabPFN-v2.6,2.0-4.0,0,rank_exp,0.0,1,2000,1000,3.3654973474458685,4.5270301959133405,2000,-0.038071197738432795,0.36510163782702343,-0.1387723262917721,-0.09562116421669936,1466.9214094604067,2320.97135910198,2107.896238731912,1863.980966625423,13,23.9,
freMTPL2sev,TabPFN-v2.5,2.0-4.0,1,rank_gpd_trim,0.0,1,2000,1000,3.0002932967580054,4.885431993960122,2000,0.12767461545030834,0.42511432526653264,0.15666628052307927,0.09754914075295493,887.6543686726774,1258.7555816327053,854.181063041793,404.8470240395755,21,17.9,
freMTPL2sev,TabPFN-v2.5,2.0-4.0,1,rank_exp,0.0,1,2000,1000,3.0002932967580054,4.885431993960122,2000,0.12197320621260521,0.5237178216294696,0.4134557762075415,-0.024755334553085463,887.7723507208132,1259.93037530817,831.1374994954319,528.9072752753846,13,17.9,
freMTPL2sev,TabPFN-v2.6,2.0-4.0,1,rank_gpd_trim,0.0,1,2000,1000,3.0002932967580054,4.885431993960122,2000,-0.03866610180782944,0.26512017031796387,0.3005560412357455,726.2664957656243,887.8378109981396,1259.089223392481,850.939534571822,107731569.32812291,20,24.5,
freMTPL2sev,TabPFN-v2.6,2.0-4.0,1,rank_exp,0.0,1,2000,1000,3.0002932967580054,4.885431993960122,2000,-0.04648700994285157,0.3136022762890299,0.08110549536710804,-0.2631295209272841,888.236110374379,1265.6680392421158,851.5776822678778,590.6138517015478,23,24.5,
freMTPL2sev,TabPFN-v2.5,2.0-4.0,2,rank_gpd_trim,0.0,1,2000,1000,3.2407568512466,4.703435836077544,2000,0.10816503692244052,0.5409590173215152,0.11247168063355756,0.10575787205358626,543.7387698370209,654.2668661313676,316.211337090509,106.71904678218628,14,17.3,
freMTPL2sev,TabPFN-v2.5,2.0-4.0,2,rank_exp,0.0,1,2000,1000,3.2407568512466,4.703435836077544,2000,0.11292015720163628,0.6101683163738919,0.26945954652034987,-0.05432030020779372,543.4682796643268,651.9318228249895,312.2248287046292,149.79457528772141,11,17.3,
freMTPL2sev,TabPFN-v2.6,2.0-4.0,2,rank_gpd_trim,0.0,1,2000,1000,3.2407568512466,4.703435836077544,2000,-0.07473707082319248,0.30264602052442313,0.2534394557937556,223459.71210015804,543.6270302572779,651.6823710033693,867.2856328026269,17251700334.82285,8,23.0,
freMTPL2sev,TabPFN-v2.6,2.0-4.0,2,rank_exp,0.0,1,2000,1000,3.2407568512466,4.703435836077544,2000,-0.08931948729946933,0.27579364824175445,-0.028529895762585196,-0.06867373911521563,543.7114969838418,655.3308447509847,309.0880338790312,173.15744655408557,11,23.0,
freMTPL2sev,TabPFN-v2.5,2.0-4.0,3,rank_gpd_trim,0.0,1,2000,1000,3.720029507824978,6.678985896692118,2000,0.13502447863608447,0.36721667002411834,0.1559674240126025,0.20495233695952506,713.2071302737555,928.3201196181311,517.3735292534362,110.74926280658046,24,18.2,
freMTPL2sev,TabPFN-v2.5,2.0-4.0,3,rank_exp,0.0,1,2000,1000,3.720029507824978,6.678985896692118,2000,0.1391452881037798,0.4654270096510731,0.4074222291657228,0.15966303267098858,713.1180660182894,914.4041150486651,492.25305795471013,134.32753355859813,18,18.2,
freMTPL2sev,TabPFN-v2.6,2.0-4.0,3,rank_gpd_trim,0.0,1,2000,1000,3.720029507824978,6.678985896692118,2000,-0.0532051934258108,0.25487830746165635,0.21989008331980808,73.00474667784972,713.694490316148,938.5296575888633,540.748673172007,233124283.4011335,24,25.4,
freMTPL2sev,TabPFN-v2.6,2.0-4.0,3,rank_exp,0.0,1,2000,1000,3.720029507824978,6.678985896692118,2000,-0.059767457869125726,0.23253894580455986,0.05373815461773503,-0.16207236658314617,713.7238778658653,945.6130589069306,525.0605120948537,182.57120195985834,23,25.4,
freMTPL2sev,TabPFN-v2.5,2.0-4.0,4,rank_gpd_trim,0.0,1,2000,1000,3.142129064684601,4.98119199287656,2000,0.11680405780255744,0.4061172121042085,0.09696024903753045,0.1545784844729648,694.7032410892183,935.131258175856,653.7612395893193,386.72735810022556,11,17.2,
freMTPL2sev,TabPFN-v2.5,2.0-4.0,4,rank_exp,0.0,1,2000,1000,3.142129064684601,4.98119199287656,2000,0.11407701238772994,0.4652162744525412,0.5481279095123108,0.07002483517799304,694.9023872324431,929.6876669501416,640.4633597821221,371.6607420327877,7,17.2,
freMTPL2sev,TabPFN-v2.6,2.0-4.0,4,rank_gpd_trim,0.0,1,2000,1000,3.142129064684601,4.98119199287656,2000,-0.03168522715400667,0.2224265455138085,0.5077860450584502,1006.830373434149,695.4286747076555,935.1121674205175,644.5309655641548,78706921.33486985,12,22.4,
freMTPL2sev,TabPFN-v2.6,2.0-4.0,4,rank_exp,0.0,1,2000,1000,3.142129064684601,4.98119199287656,2000,-0.0268589282212449,0.25767214135765054,0.20400630085291163,-0.23909236720683297,695.5556771413193,940.6050498887392,654.1638284277408,408.5989853585038,11,22.4,
freMTPL2sev,TabPFN-v2.5,4.0-inf,0,rank_gpd_trim,0.0,1,2000,1000,4.884899964701051,7.694167232876713,2000,0.058004220457929995,0.35357861595604745,0.0850792285121437,0.2518589805002038,668.2157634611842,867.3638019390453,541.674923549984,309.70249911617395,15,17.5,
freMTPL2sev,TabPFN-v2.5,4.0-inf,0,rank_exp,0.0,1,2000,1000,4.884899964701051,7.694167232876713,2000,0.06952255696726409,0.46139580593495144,0.22214281185069726,0.14345921561312264,668.0294486000445,870.1875708548481,539.3342633488612,345.1755900377014,13,17.5,
freMTPL2sev,TabPFN-v2.6,4.0-inf,0,rank_gpd_trim,0.0,1,2000,1000,4.884899964701051,7.694167232876713,2000,-0.01277280864275051,0.3185854872407492,-0.0394864568354851,105.37721246998856,668.2716150264924,871.4935176026942,553.6273453369004,9032089.967856241,12,22.2,
freMTPL2sev,TabPFN-v2.6,4.0-inf,0,rank_exp,0.0,1,2000,1000,4.884899964701051,7.694167232876713,2000,-0.01540132065314049,0.3902591277660331,-0.15123899487774112,-0.14105239024201588,668.4113112654159,876.1144897889619,541.5437845442509,353.9893643023289,17,22.2,
freMTPL2sev,TabPFN-v2.5,4.0-inf,1,rank_gpd_trim,0.0,1,2000,1000,11.940522827723639,19.384577376649748,2000,0.12951963897362595,0.45692491077721864,0.05749958642957115,0.42560930660824836,1033.6759032469292,1511.8524578807326,1214.439747143411,868.1936208474389,17,17.0,
freMTPL2sev,TabPFN-v2.5,4.0-inf,1,rank_exp,0.0,1,2000,1000,11.940522827723639,19.384577376649748,2000,0.12858410639403667,0.5995065072571402,0.14637847706154267,-0.13982452068150625,1032.6803626167862,1512.8653884296014,1204.9842387772906,954.8525454184983,17,17.0,
freMTPL2sev,TabPFN-v2.6,4.0-inf,1,rank_gpd_trim,0.0,1,2000,1000,11.940522827723639,19.384577376649748,2000,-0.0047411146957751105,0.28408930723985104,0.37274559441227184,6332.27424715463,1033.478166699158,1507.5906787436697,1195.320204837566,173148216.54740992,15,23.6,
freMTPL2sev,TabPFN-v2.6,4.0-inf,1,rank_exp,0.0,1,2000,1000,11.940522827723639,19.384577376649748,2000,-0.034137391947105626,0.2675061835256667,0.10971047668707885,-0.17283989345476988,1033.2643872916494,1504.6671491268678,1199.0147928529852,924.4619811242541,20,23.6,
freMTPL2sev,TabPFN-v2.5,4.0-inf,2,rank_gpd_trim,0.0,1,2000,1000,5.0044194683674155,6.404290945602741,2000,0.060310545139138055,0.335293659372691,0.02962285431530027,0.5403563452157221,828.5985094255573,1175.2827284940422,786.2750818449757,412.8491263550095,23,19.5,
freMTPL2sev,TabPFN-v2.5,4.0-inf,2,rank_exp,0.0,1,2000,1000,5.0044194683674155,6.404290945602741,2000,0.04539375648334251,0.3607268669936244,0.14361349448071498,0.23648109511222787,830.7811447138243,1177.8257103118303,792.4870183339957,502.4834259389092,20,19.5,
freMTPL2sev,TabPFN-v2.6,4.0-inf,2,rank_gpd_trim,0.0,1,2000,1000,5.0044194683674155,6.404290945602741,2000,-0.0037084015955569116,0.29253816183790005,-0.13344345440064684,12827.558481754893,829.3225725608944,1175.8887064938717,787.96418355031,1074415370.9727042,18,23.2,
freMTPL2sev,TabPFN-v2.6,4.0-inf,2,rank_exp,0.0,1,2000,1000,5.0044194683674155,6.404290945602741,2000,-0.007509817136300549,0.2666005304960041,-0.19893187569879167,-0.08750790825714075,829.0525828414214,1173.741261360268,800.0993330246264,523.1144435062221,22,23.2,
freMTPL2sev,TabPFN-v2.5,4.0-inf,3,rank_gpd_trim,0.0,1,2000,1000,13.599161002782575,20.261008526187577,2000,0.08392361485718443,0.47728646365647254,0.1393549194143192,0.6531750608027893,702.7191399939164,919.6806619395753,574.7047208242996,337.07374929802586,14,18.3,
freMTPL2sev,TabPFN-v2.5,4.0-inf,3,rank_exp,0.0,1,2000,1000,13.599161002782575,20.261008526187577,2000,0.08295293184891081,0.601748653224205,0.2994114096710401,0.32604488610912996,702.7778205793344,924.1673534353397,568.1282745261666,348.30408676929113,14,18.3,
freMTPL2sev,TabPFN-v2.6,4.0-inf,3,rank_gpd_trim,0.0,1,2000,1000,13.599161002782575,20.261008526187577,2000,-0.03792239800171938,0.39090404864676054,-0.10557185213531214,257.4336417126972,702.2364936755838,923.0213159472737,580.1639535637216,21728357.383923136,11,24.1,
freMTPL2sev,TabPFN-v2.6,4.0-inf,3,rank_exp,0.0,1,2000,1000,13.599161002782575,20.261008526187577,2000,-0.05257712944305886,0.3650394540662767,-0.11220492983748451,-0.10282216112136544,702.7575895282212,922.5546974897647,577.5862049516811,379.02972959190623,15,24.1,
freMTPL2sev,TabPFN-v2.5,4.0-inf,4,rank_gpd_trim,0.0,1,2000,1000,16.40634557041672,20.0588691355108,2000,0.024400283569125738,0.2844370030533404,0.021552506351957632,0.4470653276211909,557.9786332259057,693.7162006126403,314.32333892312204,106.52015775990273,22,17.4,
freMTPL2sev,TabPFN-v2.5,4.0-inf,4,rank_exp,0.0,1,2000,1000,16.40634557041672,20.0588691355108,2000,0.029113841848379386,0.3450562346645835,0.23380375057434405,0.2041473816454371,558.7437483124835,697.8657613647022,301.43703082159317,126.36745100337174,18,17.4,
freMTPL2sev,TabPFN-v2.6,4.0-inf,4,rank_gpd_trim,0.0,1,2000,1000,16.40634557041672,20.0588691355108,2000,-0.014133896555799141,0.30886742943603146,-0.1842622552320841,8.384238243365422,558.591432671247,678.7949527388896,319.26189384077867,2053827.8174911453,25,24.8,
freMTPL2sev,TabPFN-v2.6,4.0-inf,4,rank_exp,0.0,1,2000,1000,16.40634557041672,20.0588691355108,2000,-0.017500011789016466,0.31057743453464604,-0.12073179948248254,-0.18308442534154962,558.2868196630268,680.8814299994916,313.97076528632704,135.1487903500645,23,24.8,
