dataset,model,bin,repeat,arm,clip_c,n_est,n_fit,n_test,sd_shift,leverage,n_clipped,d_q50,d_q90,d_q99,d_q999,pb50,pb90,pb99,pb999,n_above99,seconds,reason
freMTPL2sev,TabPFN-V3,0.0-1.2,0,without_max,0.0,1,2000,1000,1.190379752558811,1.1869279151750427,0,0.0,0.0,0.0,0.0,632.7002676733398,820.0750258876952,462.5409396214845,200.0924351057032,20,17.2,
freMTPL2sev,TabPFN-V3,0.0-1.2,0,raw,0.0,1,2000,1000,1.190379752558811,1.1869279151750427,0,0.002870975268439775,0.012842855915945535,-0.004017548679577677,0.1162679485953912,632.7801605541993,821.1960776894531,468.1400834276368,181.16663640062504,21,17.2,
freMTPL2sev,TabPFN-V3,0.0-1.2,0,clip,50.0,1,2000,1000,1.190379752558811,1.1869279151750427,20,-0.0012971028621408935,-0.020116089943419537,0.17871809818779927,-0.34899672316591224,631.7523673999024,812.2239710732423,455.83767445058606,249.42418747679693,14,17.2,
freMTPL2sev,TabPFN-V3,0.0-1.2,0,clip,200.0,1,2000,1000,1.190379752558811,1.1869279151750427,4,-0.002251465992003697,-0.013438579748182878,0.03038393943351253,0.017335632855489128,632.335493215332,817.7948850747069,455.7570730101564,208.57468616234377,19,17.2,
freMTPL2sev,TabPFN-V3,0.0-1.2,0,log,0.0,1,2000,1000,1.190379752558811,1.1869279151750427,0,0.009920281530076087,0.11175236301232931,0.3252336081162469,0.4884581313429517,631.2394889276331,808.3967709852392,448.59409303176517,113.01210584285307,13,17.2,
freMTPL2sev,TabPFN-V3,0.0-1.2,0,tail_log,50.0,1,2000,1000,1.190379752558811,1.1869279151750427,20,0.003351091669444778,-0.035188491418478546,0.057205033095988414,0.08898482676147072,631.9837873999022,817.263120802246,451.57122829936884,161.98891724972583,18,17.2,
freMTPL2sev,TabPFN-V3,0.0-1.2,0,evt_trim,0.0,1,2000,1000,1.190379752558811,1.1869279151750427,0,0.002870975268439775,0.012842855915945535,-0.004017548679577677,0.1162679485953912,632.7801605541993,821.1960776894531,468.1400834276368,181.16663640062504,21,17.2,
freMTPL2sev,TabPFN-V3,0.0-1.2,0,sd_cap,1.2,1,2000,1000,1.190379752558811,1.1869279151750427,0,0.002870975268439775,0.012842855915945535,-0.004017548679577677,0.1162679485953912,632.7801605541993,821.1960776894531,468.1400834276368,181.16663640062504,21,17.2,
freMTPL2sev,TabPFN-V3,0.0-1.2,0,rank_emp,0.0,1,2000,1000,1.190379752558811,1.1869279151750427,2000,0.018193688893634055,0.16509458952552541,0.3128446719378405,1.1806738126079332,631.6772649453434,804.5858638692539,441.5200120326867,158.94831669275547,12,17.2,
freMTPL2sev,TabPFN-V3,0.0-1.2,0,rank_gpd,0.0,1,2000,1000,1.190379752558811,1.1869279151750427,2000,0.018193688893634055,0.16370663368404492,0.23196417492433327,1.0280405132654273,631.6772649453434,804.6897868779483,446.58182637697377,150.4380337577709,13,17.2,
freMTPL2sev,TabPFN-V3,0.0-1.2,0,rank_gpd_trim,0.0,1,2000,1000,1.190379752558811,1.1869279151750427,2000,0.018193688893634055,0.16394522455391497,0.18771864470355304,0.7697529248451045,631.6772649453434,804.6914386139866,449.6027204729663,159.20978638025505,13,17.2,
freMTPL2sev,TabPFN-V3,0.0-1.2,0,rank_exp,0.0,1,2000,1000,1.190379752558811,1.1869279151750427,2000,0.006002352788973517,0.10625058249468083,0.1401751643160724,1.0515960671144526,631.2912838577378,806.2405428381823,447.4920070625063,119.42582840612877,16,17.2,
freMTPL2sev,TabPFN-v2.5,0.0-1.2,0,without_max,0.0,1,2000,1000,1.190379752558811,1.1869279151750427,0,0.0,0.0,0.0,0.0,636.2462133752442,826.644433492676,476.0851027171875,256.29522747289064,20,31.9,
freMTPL2sev,TabPFN-v2.5,0.0-1.2,0,raw,0.0,1,2000,1000,1.190379752558811,1.1869279151750427,0,-0.04321948556453156,-0.0013369879886932353,0.06644134453210175,0.12959955216230376,643.3219723608398,834.5902325722657,463.8683729320313,245.9988348185938,20,31.9,
freMTPL2sev,TabPFN-v2.5,0.0-1.2,0,clip,50.0,1,2000,1000,1.190379752558811,1.1869279151750427,20,0.04345054351461835,0.3516183800201652,0.15397045533587567,-0.1817788271125047,631.7253454431153,806.0293310048828,465.43372159414076,282.2944854592187,19,31.9,
freMTPL2sev,TabPFN-v2.5,0.0-1.2,0,clip,200.0,1,2000,1000,1.190379752558811,1.1869279151750427,4,0.03071153309829329,0.029260566506047525,0.05606777160839012,0.07333697492585889,633.8226970056153,822.7768955849609,466.5923298314454,250.05442774144535,18,31.9,
freMTPL2sev,TabPFN-v2.5,0.0-1.2,0,log,0.0,1,2000,1000,1.190379752558811,1.1869279151750427,0,0.04007576334944216,0.2877660057744802,0.1564040532468043,0.6448886894897425,631.2435698125972,807.2244570975131,453.6392346511646,203.75987925576698,17,31.9,
freMTPL2sev,TabPFN-v2.5,0.0-1.2,0,tail_log,50.0,1,2000,1000,1.190379752558811,1.1869279151750427,20,0.05170798415339638,0.3713960904200827,0.14485582610117095,0.2525987570796737,632.4061211376953,804.6017516860351,461.09163307905663,252.1711047709959,16,31.9,
freMTPL2sev,TabPFN-v2.5,0.0-1.2,0,evt_trim,0.0,1,2000,1000,1.190379752558811,1.1869279151750427,0,-0.04321948556453156,-0.0013369879886932353,0.06644134453210175,0.12959955216230376,643.3219723608398,834.5902325722657,463.8683729320313,245.9988348185938,20,31.9,
freMTPL2sev,TabPFN-v2.5,0.0-1.2,0,sd_cap,1.2,1,2000,1000,1.190379752558811,1.1869279151750427,0,-0.04321948556453156,-0.0013369879886932353,0.06644134453210175,0.12959955216230376,643.3219723608398,834.5902325722657,463.8683729320313,245.9988348185938,20,31.9,
freMTPL2sev,TabPFN-v2.5,0.0-1.2,0,rank_emp,0.0,1,2000,1000,1.190379752558811,1.1869279151750427,2000,0.03984929050788694,0.3561361341797241,0.3662901241029748,1.122986105479017,631.0572888523687,806.1871497074426,440.0219089430188,166.32105590126093,15,31.9,
freMTPL2sev,TabPFN-v2.5,0.0-1.2,0,rank_gpd,0.0,1,2000,1000,1.190379752558811,1.1869279151750427,2000,0.03984929050788694,0.3578672272617772,0.29171896928412994,0.9671023807270697,631.0572888523687,806.6842687852487,444.5464042273706,174.6518948493764,15,31.9,
freMTPL2sev,TabPFN-v2.5,0.0-1.2,0,rank_gpd_trim,0.0,1,2000,1000,1.190379752558811,1.1869279151750427,2000,0.03984929050788694,0.3578672272617772,0.2446218120839244,0.7648909814819682,631.0572888523687,806.6927348133763,447.7121322972055,189.7590622619065,16,31.9,
freMTPL2sev,TabPFN-v2.5,0.0-1.2,0,rank_exp,0.0,1,2000,1000,1.190379752558811,1.1869279151750427,2000,0.04559779981482222,0.3989595673941778,0.4021719406540697,0.34252284417203804,631.2076568334099,811.7151987392872,440.9971437439645,229.12631651384018,14,31.9,
freMTPL2sev,TabPFN-v2.6,0.0-1.2,0,without_max,0.0,1,2000,1000,1.190379752558811,1.1869279151750427,0,0.0,0.0,0.0,0.0,641.9914954138184,824.1785048037109,447.58470166494146,266.21964093187506,12,41.4,
freMTPL2sev,TabPFN-v2.6,0.0-1.2,0,raw,0.0,1,2000,1000,1.190379752558811,1.1869279151750427,0,0.03328484013234212,0.01616233699975049,0.1418272318950933,0.1783194402012762,644.5731505383301,822.3425653164062,449.56624016347666,263.20605335960937,12,41.4,
freMTPL2sev,TabPFN-v2.6,0.0-1.2,0,clip,50.0,1,2000,1000,1.190379752558811,1.1869279151750427,20,-0.04996586641752911,-0.03494383835313064,-0.33194884501257227,-0.4584960428762617,638.1933393554688,822.2056656386719,490.3427159300782,345.93581571312507,24,41.4,
freMTPL2sev,TabPFN-v2.6,0.0-1.2,0,clip,200.0,1,2000,1000,1.190379752558811,1.1869279151750427,4,-0.016240610427466558,-0.0020670697459060604,-0.0973795101394663,-0.1042393660669031,635.9560942321777,823.5076030458985,454.6079017210939,278.5650155978906,16,41.4,
freMTPL2sev,TabPFN-v2.6,0.0-1.2,0,log,0.0,1,2000,1000,1.190379752558811,1.1869279151750427,0,-0.018520453900847188,0.11424451555098614,-0.12480996566760963,8.907746680685111,634.8134794353141,814.1337495922588,453.4325508186928,5063.947534447143,19,41.4,
freMTPL2sev,TabPFN-v2.6,0.0-1.2,0,tail_log,50.0,1,2000,1000,1.190379752558811,1.1869279151750427,20,-0.033843846225781654,-0.014489385456544643,-0.13278570991461364,-0.24148373411014118,636.8200709533692,822.9371249990235,463.2653312726787,301.4009346327266,19,41.4,
freMTPL2sev,TabPFN-v2.6,0.0-1.2,0,evt_trim,0.0,1,2000,1000,1.190379752558811,1.1869279151750427,0,0.03328484013234212,0.01616233699975049,0.1418272318950933,0.1783194402012762,644.5731505383301,822.3425653164062,449.56624016347666,263.20605335960937,12,41.4,
freMTPL2sev,TabPFN-v2.6,0.0-1.2,0,sd_cap,1.2,1,2000,1000,1.190379752558811,1.1869279151750427,0,0.03328484013234212,0.01616233699975049,0.1418272318950933,0.1783194402012762,644.5731505383301,822.3425653164062,449.56624016347666,263.20605335960937,12,41.4,
freMTPL2sev,TabPFN-v2.6,0.0-1.2,0,rank_emp,0.0,1,2000,1000,1.190379752558811,1.1869279151750427,2000,0.007191587793597843,0.33161786682717087,-0.012675771920738356,5.958776297566516,631.0727730287936,805.7285394981549,438.6407533182527,195.11634226542475,13,41.4,
freMTPL2sev,TabPFN-v2.6,0.0-1.2,0,rank_gpd,0.0,1,2000,1000,1.190379752558811,1.1869279151750427,2000,0.007191587793597843,0.3354591895126977,-0.054919649313595095,1368.3504535857442,631.0727730287936,805.4142679276282,440.95743829905234,185628687.27800503,15,41.4,
freMTPL2sev,TabPFN-v2.6,0.0-1.2,0,rank_gpd_trim,0.0,1,2000,1000,1.190379752558811,1.1869279151750427,2000,0.007191587793597843,0.3357274714966259,-0.08340850696879967,884.3602550384126,631.0727730287936,805.4200384925305,442.4785085767034,61731782.1334155,16,41.4,
freMTPL2sev,TabPFN-v2.6,0.0-1.2,0,rank_exp,0.0,1,2000,1000,1.190379752558811,1.1869279151750427,2000,0.004675053090551602,0.39346776794253246,-0.06155455284787822,0.02488468889475773,631.2193612192608,812.8631556407171,456.40005252485173,257.6648644807421,18,41.4,
freMTPL2sev,TabPFN-V3,0.0-1.2,1,without_max,0.0,1,2000,1000,1.1918433442054714,1.0207553787249848,0,0.0,0.0,0.0,0.0,660.4914239819335,874.5825374267579,532.8492141298829,163.8317258441407,25,26.7,
freMTPL2sev,TabPFN-V3,0.0-1.2,1,raw,0.0,1,2000,1000,1.1918433442054714,1.0207553787249848,0,-0.012567133306331576,-0.022049484588072307,0.004722099433768892,0.08455672830978872,661.6661604077149,883.7405040332031,532.9876075185547,160.61387456679694,24,26.7,
freMTPL2sev,TabPFN-V3,0.0-1.2,1,clip,50.0,1,2000,1000,1.1918433442054714,1.0207553787249848,13,-0.0012944014584256322,0.005619422357937906,0.22708507143839723,-0.3632919384131064,660.3529451501465,872.0717803100588,519.8957239980471,269.8082762796875,21,26.7,
freMTPL2sev,TabPFN-V3,0.0-1.2,1,clip,200.0,1,2000,1000,1.1918433442054714,1.0207553787249848,5,0.006958753056948767,-0.012106677347032439,0.008555556902358818,-0.15259056919319663,659.5872678198242,872.2441272167969,530.356931263672,167.8768846839844,24,26.7,
freMTPL2sev,TabPFN-V3,0.0-1.2,1,log,0.0,1,2000,1000,1.1918433442054714,1.0207553787249848,0,0.004826788241115194,0.16243560267832108,0.2665981583490298,0.06735733649308,661.4709395653205,862.1581324356941,510.25304639861486,156.31373041570868,20,26.7,
freMTPL2sev,TabPFN-V3,0.0-1.2,1,tail_log,50.0,1,2000,1000,1.1918433442054714,1.0207553787249848,13,0.00458195348106943,-0.049322060444182136,0.015322742656596205,-0.1977432183582119,659.7295796508789,874.2220012646485,539.6499162438419,12550.669284023152,23,26.7,
freMTPL2sev,TabPFN-V3,0.0-1.2,1,evt_trim,0.0,1,2000,1000,1.1918433442054714,1.0207553787249848,0,-0.012567133306331576,-0.022049484588072307,0.004722099433768892,0.08455672830978872,661.6661604077149,883.7405040332031,532.9876075185547,160.61387456679694,24,26.7,
freMTPL2sev,TabPFN-V3,0.0-1.2,1,sd_cap,1.2,1,2000,1000,1.1918433442054714,1.0207553787249848,0,-0.012567133306331576,-0.022049484588072307,0.004722099433768892,0.08455672830978872,661.6661604077149,883.7405040332031,532.9876075185547,160.61387456679694,24,26.7,
freMTPL2sev,TabPFN-V3,0.0-1.2,1,rank_emp,0.0,1,2000,1000,1.1918433442054714,1.0207553787249848,2000,0.01611212787204338,0.2179202400076894,0.10893012464094978,1.7367315731564883,659.5009155090104,856.3464808328598,535.326989563065,112.07856495362863,22,26.7,
freMTPL2sev,TabPFN-V3,0.0-1.2,1,rank_gpd,0.0,1,2000,1000,1.1918433442054714,1.0207553787249848,2000,0.01611212787204338,0.2164881915536772,0.289350121776899,0.2704541552949198,659.5009155090104,856.5839211484885,520.3887238962315,127.95139277297316,20,26.7,
freMTPL2sev,TabPFN-V3,0.0-1.2,1,rank_gpd_trim,0.0,1,2000,1000,1.1918433442054714,1.0207553787249848,2000,0.01611212787204338,0.2164881915536772,0.23920731063336043,0.11582779161843532,659.5009155090104,856.5899286135433,524.2803472340065,139.2451191304365,20,26.7,
freMTPL2sev,TabPFN-V3,0.0-1.2,1,rank_exp,0.0,1,2000,1000,1.1918433442054714,1.0207553787249848,2000,0.007839272065171356,0.14556469531755328,0.20478790335131333,0.2689195867732026,659.9442638907049,861.0006737088853,517.4162551392342,165.75409717663072,21,26.7,
freMTPL2sev,TabPFN-v2.5,0.0-1.2,1,without_max,0.0,1,2000,1000,1.1918433442054714,1.0207553787249848,0,0.0,0.0,0.0,0.0,676.2161208996582,897.0654026293945,529.4312259072267,234.73735876113284,23,31.7,
freMTPL2sev,TabPFN-v2.5,0.0-1.2,1,raw,0.0,1,2000,1000,1.1918433442054714,1.0207553787249848,0,-0.02071562872118632,-0.0025429790063131435,-0.06620857566438348,0.15424091283175317,680.0888475512696,902.590953088379,535.7836898720703,215.78388379335945,27,31.7,
freMTPL2sev,TabPFN-v2.5,0.0-1.2,1,clip,50.0,1,2000,1000,1.1918433442054714,1.0207553787249848,13,0.14756322436903668,0.4476086953369285,0.0015852541240824157,-0.19708448680435225,659.879527458496,856.9122211523438,529.0347280117187,323.73920798281256,24,31.7,
freMTPL2sev,TabPFN-v2.5,0.0-1.2,1,clip,200.0,1,2000,1000,1.1918433442054714,1.0207553787249848,5,0.10799891269425252,0.051591797287945496,0.013746906481462078,0.05351353479426323,662.5404861828614,882.9461330175782,528.9971017714845,222.98414227871098,22,31.7,
freMTPL2sev,TabPFN-v2.5,0.0-1.2,1,log,0.0,1,2000,1000,1.1918433442054714,1.0207553787249848,0,0.13667956662654934,0.3566919365415364,-0.03703342841075016,0.00513219279109585,660.9254711890189,861.4768848419736,541.6637700514988,252.08250123892137,24,31.7,
freMTPL2sev,TabPFN-v2.5,0.0-1.2,1,tail_log,50.0,1,2000,1000,1.1918433442054714,1.0207553787249848,13,0.15278551476703373,0.4007971092324231,0.080507833946457,0.1306317164227105,661.081924038086,859.2584748950195,520.0089418025411,225.79176647833958,22,31.7,
freMTPL2sev,TabPFN-v2.5,0.0-1.2,1,evt_trim,0.0,1,2000,1000,1.1918433442054714,1.0207553787249848,0,-0.02071562872118632,-0.0025429790063131435,-0.06620857566438348,0.15424091283175317,680.0888475512696,902.590953088379,535.7836898720703,215.78388379335945,27,31.7,
freMTPL2sev,TabPFN-v2.5,0.0-1.2,1,sd_cap,1.2,1,2000,1000,1.1918433442054714,1.0207553787249848,0,-0.02071562872118632,-0.0025429790063131435,-0.06620857566438348,0.15424091283175317,680.0888475512696,902.590953088379,535.7836898720703,215.78388379335945,27,31.7,
freMTPL2sev,TabPFN-v2.5,0.0-1.2,1,rank_emp,0.0,1,2000,1000,1.1918433442054714,1.0207553787249848,2000,0.1450191609458876,0.4443566927207961,0.0029190366948041078,0.6207598150227626,660.1970477471504,860.6483333556284,537.5362328179111,196.64341433989466,25,31.7,
freMTPL2sev,TabPFN-v2.5,0.0-1.2,1,rank_gpd,0.0,1,2000,1000,1.1918433442054714,1.0207553787249848,2000,0.1450191609458876,0.4440141209125713,0.1573799135241442,0.4455388702971282,660.1970477471504,860.7443187761656,518.186899804306,203.65535680725756,23,31.7,
freMTPL2sev,TabPFN-v2.5,0.0-1.2,1,rank_gpd_trim,0.0,1,2000,1000,1.1918433442054714,1.0207553787249848,2000,0.1450191609458876,0.44416620286733366,0.11712015919752392,0.3076146938132057,660.1970477471504,860.7457088619769,523.1634793759079,221.65416639491463,23,31.7,
freMTPL2sev,TabPFN-v2.5,0.0-1.2,1,rank_exp,0.0,1,2000,1000,1.1918433442054714,1.0207553787249848,2000,0.14797434788201808,0.5244612725059158,0.3830369325912384,0.23620382625510866,660.1883279760636,858.0037991275983,493.15249471890473,239.3626575394639,19,31.7,
freMTPL2sev,TabPFN-v2.6,0.0-1.2,1,without_max,0.0,1,2000,1000,1.1918433442054714,1.0207553787249848,0,0.0,0.0,0.0,0.0,662.660310526123,875.59870546875,479.71756177636723,225.84399324453128,16,39.3,
freMTPL2sev,TabPFN-v2.6,0.0-1.2,1,raw,0.0,1,2000,1000,1.1918433442054714,1.0207553787249848,0,0.04054385204397333,0.008295741367958917,-0.10681273933348384,0.18207150350681234,666.4843300756836,876.238688076172,491.03766022851573,192.44563159023434,20,39.3,
freMTPL2sev,TabPFN-v2.6,0.0-1.2,1,clip,50.0,1,2000,1000,1.1918433442054714,1.0207553787249848,13,-0.03616498655803575,-0.04153910594282227,-0.2776182666793623,-0.5859964915125131,663.6541932336426,870.945681838379,539.3750504775392,397.83863078359377,24,39.3,
freMTPL2sev,TabPFN-v2.6,0.0-1.2,1,clip,200.0,1,2000,1000,1.1918433442054714,1.0207553787249848,5,-0.02173128214381947,-0.008394129285785566,-0.02926310317848102,-0.18593399082737244,666.4300134753418,877.5034190039063,493.12997475976573,274.72999000039067,18,39.3,
freMTPL2sev,TabPFN-v2.6,0.0-1.2,1,log,0.0,1,2000,1000,1.1918433442054714,1.0207553787249848,0,-0.02833538340528232,0.028173816833093168,-0.16332116146125136,4.801585850684955,662.9108136033162,871.9935033244586,508.9089281343053,1.2665663783324783e+23,22,39.3,
freMTPL2sev,TabPFN-v2.6,0.0-1.2,1,tail_log,50.0,1,2000,1000,1.1918433442054714,1.0207553787249848,13,-0.03696655004028684,-0.01151304467051971,-0.11096850228834718,-0.3481151331368164,664.6165998559571,876.5143978540038,510.9080074111329,318.9291930301399,20,39.3,
freMTPL2sev,TabPFN-v2.6,0.0-1.2,1,evt_trim,0.0,1,2000,1000,1.1918433442054714,1.0207553787249848,0,0.04054385204397333,0.008295741367958917,-0.10681273933348384,0.18207150350681234,666.4843300756836,876.238688076172,491.03766022851573,192.44563159023434,20,39.3,
freMTPL2sev,TabPFN-v2.6,0.0-1.2,1,sd_cap,1.2,1,2000,1000,1.1918433442054714,1.0207553787249848,0,0.04054385204397333,0.008295741367958917,-0.10681273933348384,0.18207150350681234,666.4843300756836,876.238688076172,491.03766022851573,192.44563159023434,20,39.3,
freMTPL2sev,TabPFN-v2.6,0.0-1.2,1,rank_emp,0.0,1,2000,1000,1.1918433442054714,1.0207553787249848,2000,-0.0017658693702574174,0.29757067536771487,-0.11638270914301713,6.695146011645937,660.4287380706259,855.0775963012758,497.6261348955242,207.67457979648606,21,39.3,
freMTPL2sev,TabPFN-v2.6,0.0-1.2,1,rank_gpd,0.0,1,2000,1000,1.1918433442054714,1.0207553787249848,2000,-0.0017658693702574174,0.2981746345036866,-0.03636757066548074,724.1369555396645,660.4287380706259,855.0450063456541,488.6206420508445,52124895.604905516,20,39.3,
freMTPL2sev,TabPFN-v2.6,0.0-1.2,1,rank_gpd_trim,0.0,1,2000,1000,1.1918433442054714,1.0207553787249848,2000,-0.0017658693702574174,0.29912195887971266,-0.07161588813017394,412.76658464142054,660.4287380706259,855.0737986457499,494.9366443240292,13833612.843421036,20,39.3,
freMTPL2sev,TabPFN-v2.6,0.0-1.2,1,rank_exp,0.0,1,2000,1000,1.1918433442054714,1.0207553787249848,2000,-0.005008276531562767,0.312454235719892,-0.14696365653440369,-0.3033739384459134,660.1966196794053,852.7628385272634,506.05848100079766,279.3574517814184,21,39.3,
freMTPL2sev,TabPFN-V3,0.0-1.2,2,without_max,0.0,1,2000,1000,1.0760785859620288,1.0683557142857143,0,0.0,0.0,0.0,0.0,617.7393398339843,783.629389675293,467.72534480859383,253.73721742226564,13,19.3,
freMTPL2sev,TabPFN-V3,0.0-1.2,2,raw,0.0,1,2000,1000,1.0760785859620288,1.0683557142857143,0,0.0021298154114563405,0.0021787954283894705,-0.007008012901844123,0.06773639068831017,617.3447823022461,785.034440571289,469.13728754296886,253.07560407851568,13,19.3,
freMTPL2sev,TabPFN-V3,0.0-1.2,2,clip,50.0,1,2000,1000,1.0760785859620288,1.0683557142857143,15,-0.00463108039437125,-0.02723941486912458,0.09443475017385006,-0.2688720614356341,617.9111514550781,790.2650276538087,465.3084302822267,299.10504361757813,13,19.3,
freMTPL2sev,TabPFN-V3,0.0-1.2,2,clip,200.0,1,2000,1000,1.0760785859620288,1.0683557142857143,0,0.0021298154114563405,0.0021787954283894705,-0.007008012901844123,0.06773639068831017,617.3447823022461,785.034440571289,469.13728754296886,253.07560407851568,13,19.3,
freMTPL2sev,TabPFN-V3,0.0-1.2,2,log,0.0,1,2000,1000,1.0760785859620288,1.0683557142857143,0,0.007205593321271686,0.08158187171450955,0.16378385482615873,0.2650503967036887,617.6545597482609,777.4153074917036,464.56889956937994,250.99907282594563,12,19.3,
freMTPL2sev,TabPFN-V3,0.0-1.2,2,tail_log,50.0,1,2000,1000,1.0760785859620288,1.0683557142857143,15,-0.0005713904972225617,0.012220674637510372,0.05232742726845748,0.08018141867228419,617.6408593872071,784.4267088916015,469.6473050797854,248.529862211344,13,19.3,
freMTPL2sev,TabPFN-V3,0.0-1.2,2,evt_trim,0.0,1,2000,1000,1.0760785859620288,1.0683557142857143,0,0.0021298154114563405,0.0021787954283894705,-0.007008012901844123,0.06773639068831017,617.3447823022461,785.034440571289,469.13728754296886,253.07560407851568,13,19.3,
freMTPL2sev,TabPFN-V3,0.0-1.2,2,sd_cap,1.2,1,2000,1000,1.0760785859620288,1.0683557142857143,0,0.0021298154114563405,0.0021787954283894705,-0.007008012901844123,0.06773639068831017,617.3447823022461,785.034440571289,469.13728754296886,253.07560407851568,13,19.3,
freMTPL2sev,TabPFN-V3,0.0-1.2,2,rank_emp,0.0,1,2000,1000,1.0760785859620288,1.0683557142857143,2000,0.004926435253901684,0.19427474605469236,0.057670920218095736,0.5688273585856798,616.7508392642657,773.7545301307409,466.17947324766783,217.91958236181705,12,19.3,
freMTPL2sev,TabPFN-V3,0.0-1.2,2,rank_gpd,0.0,1,2000,1000,1.0760785859620288,1.0683557142857143,2000,0.004926435253901684,0.19592829507773432,0.08301689669451286,0.40260208113186813,616.7508392642657,773.9588344078481,466.2808881866041,225.16936706281385,12,19.3,
freMTPL2sev,TabPFN-V3,0.0-1.2,2,rank_gpd_trim,0.0,1,2000,1000,1.0760785859620288,1.0683557142857143,2000,0.004926435253901684,0.19591088022158748,0.05570850101257951,0.2874864047538671,616.7508392642657,773.9604883155665,466.97487789328676,232.70679094044365,13,19.3,
freMTPL2sev,TabPFN-V3,0.0-1.2,2,rank_exp,0.0,1,2000,1000,1.0760785859620288,1.0683557142857143,2000,-0.005476622912481194,0.13885160080918485,0.061889050185997246,0.37041636179850945,617.1409075977255,775.657369893268,465.6813290905821,241.52690325158278,12,19.3,
freMTPL2sev,TabPFN-v2.5,0.0-1.2,2,without_max,0.0,1,2000,1000,1.0760785859620288,1.0683557142857143,0,0.0,0.0,0.0,0.0,618.9149708947754,773.3258843359374,464.236289803711,285.5431213158203,14,20.7,
freMTPL2sev,TabPFN-v2.5,0.0-1.2,2,raw,0.0,1,2000,1000,1.0760785859620288,1.0683557142857143,0,0.0030064281863290045,-0.040440488807109744,0.033132180241390446,0.0548387198108472,619.2434343579101,773.5308203759764,464.12745788476576,271.41738841250003,13,20.7,
freMTPL2sev,TabPFN-v2.5,0.0-1.2,2,clip,50.0,1,2000,1000,1.0760785859620288,1.0683557142857143,15,-0.01756978808963178,-0.08195057166739628,-0.052612330273489,-0.27565730089307394,618.3924565734864,778.3127986596679,467.40208601464855,325.6961391908203,14,20.7,
freMTPL2sev,TabPFN-v2.5,0.0-1.2,2,clip,200.0,1,2000,1000,1.0760785859620288,1.0683557142857143,0,0.0030064281863290045,-0.040440488807109744,0.033132180241390446,0.0548387198108472,619.2434343579101,773.5308203759764,464.12745788476576,271.41738841250003,13,20.7,
freMTPL2sev,TabPFN-v2.5,0.0-1.2,2,log,0.0,1,2000,1000,1.0760785859620288,1.0683557142857143,0,-0.009551707821197315,-0.06675778427891454,-0.0839063649422215,0.12398353641806359,618.5343631264896,784.511192242664,466.3115896315265,272.12905103929313,15,20.7,
freMTPL2sev,TabPFN-v2.5,0.0-1.2,2,tail_log,50.0,1,2000,1000,1.0760785859620288,1.0683557142857143,15,-0.0022850084241498054,0.03556808030321609,0.018253332740542846,-0.046839228758709286,618.5927093200684,777.3579567285155,458.2516295610116,290.89283918839976,12,20.7,
freMTPL2sev,TabPFN-v2.5,0.0-1.2,2,evt_trim,0.0,1,2000,1000,1.0760785859620288,1.0683557142857143,0,0.0030064281863290045,-0.040440488807109744,0.033132180241390446,0.0548387198108472,619.2434343579101,773.5308203759764,464.12745788476576,271.41738841250003,13,20.7,
freMTPL2sev,TabPFN-v2.5,0.0-1.2,2,sd_cap,1.2,1,2000,1000,1.0760785859620288,1.0683557142857143,0,0.0030064281863290045,-0.040440488807109744,0.033132180241390446,0.0548387198108472,619.2434343579101,773.5308203759764,464.12745788476576,271.41738841250003,13,20.7,
freMTPL2sev,TabPFN-v2.5,0.0-1.2,2,rank_emp,0.0,1,2000,1000,1.0760785859620288,1.0683557142857143,2000,-0.010758766539611851,-0.044246057518717664,0.023055458950967937,0.7339992527326747,618.0336225884193,783.3957109443697,460.11637402790086,217.02330551818991,15,20.7,
freMTPL2sev,TabPFN-v2.5,0.0-1.2,2,rank_gpd,0.0,1,2000,1000,1.0760785859620288,1.0683557142857143,2000,-0.010758766539611851,-0.04251635385773392,0.07342994568132583,0.35845748661056187,618.0336225884193,783.5966235965884,457.6171726518665,232.76758274057372,14,20.7,
freMTPL2sev,TabPFN-v2.5,0.0-1.2,2,rank_gpd_trim,0.0,1,2000,1000,1.0760785859620288,1.0683557142857143,2000,-0.010758766539611851,-0.0424597548886238,0.04824413174207976,0.27091260025109726,618.0336225884193,783.595202509997,459.6764328946354,239.18796890101146,14,20.7,
freMTPL2sev,TabPFN-v2.5,0.0-1.2,2,rank_exp,0.0,1,2000,1000,1.0760785859620288,1.0683557142857143,2000,-0.01400338521219234,0.055613106189235165,0.1550208030116056,0.07816076508892167,617.5376898497292,787.4510780346133,460.28865005128677,278.3709505920057,12,20.7,
freMTPL2sev,TabPFN-v2.6,0.0-1.2,2,without_max,0.0,1,2000,1000,1.0760785859620288,1.0683557142857143,0,0.0,0.0,0.0,0.0,622.1663471557616,804.417375678711,469.3279866445314,327.5344865111328,13,2432.5,
freMTPL2sev,TabPFN-v2.6,0.0-1.2,2,raw,0.0,1,2000,1000,1.0760785859620288,1.0683557142857143,0,0.010369585599573052,0.011833912899354104,0.040389030403931034,0.07009202701232223,621.7433088305664,802.4006770092773,464.96304368554695,319.8661827523437,13,2432.5,
freMTPL2sev,TabPFN-v2.6,0.0-1.2,2,clip,50.0,1,2000,1000,1.0760785859620288,1.0683557142857143,15,-0.017765006634342852,-0.008577588867817605,-0.1623453730633145,-0.27205606102667423,625.5390876501466,805.6208904296875,480.1816450185548,365.0522786234375,17,2432.5,
freMTPL2sev,TabPFN-v2.6,0.0-1.2,2,clip,200.0,1,2000,1000,1.0760785859620288,1.0683557142857143,0,0.010369585599573052,0.011833912899354104,0.040389030403931034,0.07009202701232223,621.7433088305664,802.4006770092773,464.96304368554695,319.8661827523437,13,2432.5,
freMTPL2sev,TabPFN-v2.6,0.0-1.2,2,log,0.0,1,2000,1000,1.0760785859620288,1.0683557142857143,0,0.017313878089887602,0.0797118868888313,0.025556985407787294,7.0204638212319574,619.5328921199653,798.1934047903684,494.97522070643083,7.591269008036803e+27,13,2432.5,
freMTPL2sev,TabPFN-v2.6,0.0-1.2,2,tail_log,50.0,1,2000,1000,1.0760785859620288,1.0683557142857143,15,-0.009179641115112679,0.0012266765274981267,-0.04160874321502474,-0.09674932291853422,624.3418624316406,804.3093113720704,472.0988923424897,340.9344801691628,13,2432.5,
freMTPL2sev,TabPFN-v2.6,0.0-1.2,2,evt_trim,0.0,1,2000,1000,1.0760785859620288,1.0683557142857143,0,0.010369585599573052,0.011833912899354104,0.040389030403931034,0.07009202701232223,621.7433088305664,802.4006770092773,464.96304368554695,319.8661827523437,13,2432.5,
freMTPL2sev,TabPFN-v2.6,0.0-1.2,2,sd_cap,1.2,1,2000,1000,1.0760785859620288,1.0683557142857143,0,0.010369585599573052,0.011833912899354104,0.040389030403931034,0.07009202701232223,621.7433088305664,802.4006770092773,464.96304368554695,319.8661827523437,13,2432.5,
freMTPL2sev,TabPFN-v2.6,0.0-1.2,2,rank_emp,0.0,1,2000,1000,1.0760785859620288,1.0683557142857143,2000,0.035821278030666676,0.39545857943398877,0.026831430156179933,3.2134282937032226,617.2649078351501,780.6171835917842,484.5208320827872,203.44846616998635,12,2432.5,
freMTPL2sev,TabPFN-v2.6,0.0-1.2,2,rank_gpd,0.0,1,2000,1000,1.0760785859620288,1.0683557142857143,2000,0.035821278030666676,0.398895670311641,0.04832168566168752,333.7867061307068,617.2649078351501,780.4694040440547,479.20594999703326,3585726.2061743885,12,2432.5,
freMTPL2sev,TabPFN-v2.6,0.0-1.2,2,rank_gpd_trim,0.0,1,2000,1000,1.0760785859620288,1.0683557142857143,2000,0.035821278030666676,0.3989446280862606,0.024901416406429507,242.39160778297938,617.2649078351501,780.4018578306304,478.56449252626675,1629758.899655993,12,2432.5,
freMTPL2sev,TabPFN-v2.6,0.0-1.2,2,rank_exp,0.0,1,2000,1000,1.0760785859620288,1.0683557142857143,2000,0.03165186552063032,0.37585845097933634,-0.035746607141811666,0.10814301541317604,617.3465952843391,787.5680134884655,471.1651996857645,306.340418124649,12,2432.5,
freMTPL2sev,TabPFN-V3,0.0-1.2,3,without_max,0.0,1,2000,1000,1.1522299155351141,1.4044580541631588,0,0.0,0.0,0.0,0.0,915.2176042065431,1319.6484095649414,957.2134944210939,577.3201551579297,18,15.3,
freMTPL2sev,TabPFN-V3,0.0-1.2,3,raw,0.0,1,2000,1000,1.1522299155351141,1.4044580541631588,0,0.0058850350384133335,0.015150222202660879,0.03880737192158659,0.14478973913305224,915.0972951916505,1318.197001300781,952.4745291183593,542.5068591442578,18,15.3,
freMTPL2sev,TabPFN-V3,0.0-1.2,3,clip,50.0,1,2000,1000,1.1522299155351141,1.4044580541631588,17,-0.00524060932638119,0.008287219133271309,0.11933194291474936,-0.1768499284811207,914.9321446435548,1321.0969829047854,964.4482252414064,658.420336304414,19,15.3,
freMTPL2sev,TabPFN-V3,0.0-1.2,3,clip,200.0,1,2000,1000,1.1522299155351141,1.4044580541631588,1,0.0025494678534880274,0.011123031963903166,0.026949349197252816,0.09453478596660192,915.1153080236818,1317.774342694824,953.2744967648438,553.3979617887892,18,15.3,
freMTPL2sev,TabPFN-V3,0.0-1.2,3,log,0.0,1,2000,1000,1.1522299155351141,1.4044580541631588,0,0.009053682142984607,0.13076604586341006,0.26874996718281674,0.4424567967623989,915.5386397588064,1315.8871998444608,946.8279821473322,51756.50074266486,16,15.3,
freMTPL2sev,TabPFN-V3,0.0-1.2,3,tail_log,50.0,1,2000,1000,1.1522299155351141,1.4044580541631588,17,-2.3950464204681536e-06,0.006115036710244332,0.04967000512567788,0.106899976951701,914.8741615502931,1317.0750826044923,954.2358574273248,693.940755270122,18,15.3,
freMTPL2sev,TabPFN-V3,0.0-1.2,3,evt_trim,0.0,1,2000,1000,1.1522299155351141,1.4044580541631588,0,0.0058850350384133335,0.015150222202660879,0.03880737192158659,0.14478973913305224,915.0972951916505,1318.197001300781,952.4745291183593,542.5068591442578,18,15.3,
freMTPL2sev,TabPFN-V3,0.0-1.2,3,sd_cap,1.2,1,2000,1000,1.1522299155351141,1.4044580541631588,0,0.0058850350384133335,0.015150222202660879,0.03880737192158659,0.14478973913305224,915.0972951916505,1318.197001300781,952.4745291183593,542.5068591442578,18,15.3,
freMTPL2sev,TabPFN-V3,0.0-1.2,3,rank_emp,0.0,1,2000,1000,1.1522299155351141,1.4044580541631588,2000,0.007366305015078263,0.21795866302097738,0.3082676628742721,0.7400520260261267,914.3339905955659,1309.5984949797846,939.7641874567471,381.9530190534115,17,15.3,
freMTPL2sev,TabPFN-V3,0.0-1.2,3,rank_gpd,0.0,1,2000,1000,1.1522299155351141,1.4044580541631588,2000,0.007366305015078263,0.22779259404581123,0.24100004393299157,0.8297299340997396,914.3339905955659,1309.0418349354502,951.7118619515551,1052.852713010952,17,15.3,
freMTPL2sev,TabPFN-V3,0.0-1.2,3,rank_gpd_trim,0.0,1,2000,1000,1.1522299155351141,1.4044580541631588,2000,0.007366305015078263,0.2285463455458002,0.20943495620398772,0.6373297839035008,914.3339905955659,1309.0361485077576,957.4001074235406,779.171448143729,17,15.3,
freMTPL2sev,TabPFN-V3,0.0-1.2,3,rank_exp,0.0,1,2000,1000,1.1522299155351141,1.4044580541631588,2000,-0.005615814449367797,0.1578558752727665,0.13808925685334872,0.73892340775808,914.5755587763648,1310.1579625865013,949.5443661730939,681525.2077920103,17,15.3,
freMTPL2sev,TabPFN-v2.5,0.0-1.2,3,without_max,0.0,1,2000,1000,1.1522299155351141,1.4044580541631588,0,0.0,0.0,0.0,0.0,915.8606906933595,1312.6795480805663,974.1322274044924,683.4138644225782,20,22.7,
freMTPL2sev,TabPFN-v2.5,0.0-1.2,3,raw,0.0,1,2000,1000,1.1522299155351141,1.4044580541631588,0,-0.017179958003560414,-0.0889946690099781,-0.02626772254115644,0.03182527095119326,915.7174199206543,1316.1686944306641,974.2375339523437,671.3943587624219,19,22.7,
freMTPL2sev,TabPFN-v2.5,0.0-1.2,3,clip,50.0,1,2000,1000,1.1522299155351141,1.4044580541631588,17,-0.017261158442857805,-0.0038165770673054397,-0.04880223342450262,-0.20858012125346814,915.3214984973145,1317.040754459961,988.1613289718752,771.4599737917188,20,22.7,
freMTPL2sev,TabPFN-v2.5,0.0-1.2,3,clip,200.0,1,2000,1000,1.1522299155351141,1.4044580541631588,1,-0.01139994382336958,-0.05166444232500858,-0.0008997424927811343,0.029769096066396127,915.6158289941408,1314.1041483027343,972.0316857492188,673.8685253053906,19,22.7,
freMTPL2sev,TabPFN-v2.5,0.0-1.2,3,log,0.0,1,2000,1000,1.1522299155351141,1.4044580541631588,0,-0.017888604074756165,-0.03259309825136756,-0.12233445010174912,0.2548567245805724,915.6083853290696,1321.7428328003753,993.5814794345115,607.941488907662,23,22.7,
freMTPL2sev,TabPFN-v2.5,0.0-1.2,3,tail_log,50.0,1,2000,1000,1.1522299155351141,1.4044580541631588,17,-0.0029193466108774304,0.12204784602741732,0.06170548522559036,0.03561683968037566,915.861642623291,1308.680924586914,958.9777498331789,683.739156406733,17,22.7,
freMTPL2sev,TabPFN-v2.5,0.0-1.2,3,evt_trim,0.0,1,2000,1000,1.1522299155351141,1.4044580541631588,0,-0.017179958003560414,-0.0889946690099781,-0.02626772254115644,0.03182527095119326,915.7174199206543,1316.1686944306641,974.2375339523437,671.3943587624219,19,22.7,
freMTPL2sev,TabPFN-v2.5,0.0-1.2,3,sd_cap,1.2,1,2000,1000,1.1522299155351141,1.4044580541631588,0,-0.017179958003560414,-0.0889946690099781,-0.02626772254115644,0.03182527095119326,915.7174199206543,1316.1686944306641,974.2375339523437,671.3943587624219,19,22.7,
freMTPL2sev,TabPFN-v2.5,0.0-1.2,3,rank_emp,0.0,1,2000,1000,1.1522299155351141,1.4044580541631588,2000,-0.017764762870925637,0.0364734701269912,0.04580547575025248,0.7605607364992288,914.6664858162613,1322.0876017562355,955.6525063767966,530.0023633974794,20,22.7,
freMTPL2sev,TabPFN-v2.5,0.0-1.2,3,rank_gpd,0.0,1,2000,1000,1.1522299155351141,1.4044580541631588,2000,-0.017764762870925637,0.03954952622939835,-0.0021592493337742407,0.6044674262779771,914.6664858162613,1322.225451142042,967.3567189417171,554.650389654008,20,22.7,
freMTPL2sev,TabPFN-v2.5,0.0-1.2,3,rank_gpd_trim,0.0,1,2000,1000,1.1522299155351141,1.4044580541631588,2000,-0.017764762870925637,0.039753030164311164,-0.028933490204865683,0.4953912765941468,914.6664858162613,1322.211964914725,973.6008609648826,580.6793450814383,21,22.7,
freMTPL2sev,TabPFN-v2.5,0.0-1.2,3,rank_exp,0.0,1,2000,1000,1.1522299155351141,1.4044580541631588,2000,-0.014116760147295807,0.09049291494491188,0.07140282985985497,0.11933541458935412,914.5740158358919,1309.8472023725096,975.6527760669107,689.6045148306783,17,22.7,
freMTPL2sev,TabPFN-v2.6,0.0-1.2,3,without_max,0.0,1,2000,1000,1.1522299155351141,1.4044580541631588,0,0.0,0.0,0.0,0.0,919.3167107531738,1331.6197815278322,972.1003246896485,755.8028033424999,20,29.5,
freMTPL2sev,TabPFN-v2.6,0.0-1.2,3,raw,0.0,1,2000,1000,1.1522299155351141,1.4044580541631588,0,-0.011570061922550121,0.0007523009049463094,0.05355097553011235,0.14048667428833977,920.946293709717,1331.4179296674806,963.0055761154298,729.6014479821486,20,29.5,
freMTPL2sev,TabPFN-v2.6,0.0-1.2,3,clip,50.0,1,2000,1000,1.1522299155351141,1.4044580541631588,17,-0.02563208716360456,0.004005317733996859,-0.16364150382735515,-0.2600940561500332,921.3415716833498,1322.584917057617,1006.6542801535157,822.1748626169141,21,29.5,
freMTPL2sev,TabPFN-v2.6,0.0-1.2,3,clip,200.0,1,2000,1000,1.1522299155351141,1.4044580541631588,1,-0.01302877297321604,0.0027969554580351097,0.05778833875190711,0.09171505617084211,919.5646635607909,1331.3915324140623,967.7527321457031,739.1586729235547,20,29.5,
freMTPL2sev,TabPFN-v2.6,0.0-1.2,3,log,0.0,1,2000,1000,1.1522299155351141,1.4044580541631588,0,-0.006046459675423279,0.1124545737336813,-0.03384545166731868,7.118410923703162,916.8189040106109,1309.2181181432231,953.7317961308873,2109.0413477099723,17,29.5,
freMTPL2sev,TabPFN-v2.6,0.0-1.2,3,tail_log,50.0,1,2000,1000,1.1522299155351141,1.4044580541631588,17,-0.016748390251365805,0.002397706679808591,-0.035805282868098885,-0.10919852918178374,919.8772562182618,1328.6721423383788,984.3666801291017,773.1231920182759,20,29.5,
freMTPL2sev,TabPFN-v2.6,0.0-1.2,3,evt_trim,0.0,1,2000,1000,1.1522299155351141,1.4044580541631588,0,-0.011570061922550121,0.0007523009049463094,0.05355097553011235,0.14048667428833977,920.946293709717,1331.4179296674806,963.0055761154298,729.6014479821486,20,29.5,
freMTPL2sev,TabPFN-v2.6,0.0-1.2,3,sd_cap,1.2,1,2000,1000,1.1522299155351141,1.4044580541631588,0,-0.011570061922550121,0.0007523009049463094,0.05355097553011235,0.14048667428833977,920.946293709717,1331.4179296674806,963.0055761154298,729.6014479821486,20,29.5,
freMTPL2sev,TabPFN-v2.6,0.0-1.2,3,rank_emp,0.0,1,2000,1000,1.1522299155351141,1.4044580541631588,2000,0.02138669354630085,0.3556163819877286,0.0701112890639924,5.067690599333603,914.7746386179151,1305.9780023601884,936.1737142796309,350.64403963407335,17,29.5,
freMTPL2sev,TabPFN-v2.6,0.0-1.2,3,rank_gpd,0.0,1,2000,1000,1.1522299155351141,1.4044580541631588,2000,0.02138669354630085,0.36293993389498713,0.011321215893458669,115.27889836298104,914.7746386179151,1305.541227332255,943.103323299464,3683009.726729625,17,29.5,
freMTPL2sev,TabPFN-v2.6,0.0-1.2,3,rank_gpd_trim,0.0,1,2000,1000,1.1522299155351141,1.4044580541631588,2000,0.02138669354630085,0.36318236112378344,-0.00711066711652497,85.19270453403917,914.7746386179151,1305.5111154079375,946.4544566008411,1388362.215655652,17,29.5,
freMTPL2sev,TabPFN-v2.6,0.0-1.2,3,rank_exp,0.0,1,2000,1000,1.1522299155351141,1.4044580541631588,2000,0.00963839740467853,0.39763926340028155,0.0028132512808841737,0.22880737012704266,914.5467104078759,1303.2833753600721,970.6254882123188,640.2515628884466,19,29.5,
freMTPL2sev,TabPFN-V3,0.0-1.2,4,without_max,0.0,1,2000,1000,1.1512214713087678,1.0092392000176595,0,0.0,0.0,0.0,0.0,651.4449311437988,840.791054234375,451.36675317050793,98.46275055093756,16,16.3,
freMTPL2sev,TabPFN-V3,0.0-1.2,4,raw,0.0,1,2000,1000,1.1512214713087678,1.0092392000176595,0,-0.0011948579644816292,0.00135282902742252,0.04554908349162294,0.12939333403659245,651.9655319641114,842.6568767612304,450.4947187027346,86.71976070328131,15,16.3,
freMTPL2sev,TabPFN-V3,0.0-1.2,4,clip,50.0,1,2000,1000,1.1512214713087678,1.0092392000176595,24,0.0020767296377812634,-0.027920257729566016,0.07114612817090513,-0.5134407672241307,651.1367624609375,837.8000157285155,444.6781946841798,223.53536526578128,15,16.3,
freMTPL2sev,TabPFN-V3,0.0-1.2,4,clip,200.0,1,2000,1000,1.1512214713087678,1.0092392000176595,3,0.0021067256819956863,-0.012816927097744566,-0.012738821664836048,-0.048837954342243896,651.8620348583985,840.5776805454101,449.68383688144536,125.54480008609382,16,16.3,
freMTPL2sev,TabPFN-V3,0.0-1.2,4,log,0.0,1,2000,1000,1.1512214713087678,1.0092392000176595,0,0.017301520429150292,0.09029293719489948,0.3064354943028397,0.5794943448611959,651.0695998876402,828.2603081114141,444.53296797962815,103.69553048649358,11,16.3,
freMTPL2sev,TabPFN-V3,0.0-1.2,4,tail_log,50.0,1,2000,1000,1.1512214713087678,1.0092392000176595,24,-0.0006186284525771554,-0.051294008609867506,-0.01676201581121143,-0.022674262343816958,651.207541607666,844.9803756845703,447.9285581384412,86.4074772687875,16,16.3,
freMTPL2sev,TabPFN-V3,0.0-1.2,4,evt_trim,0.0,1,2000,1000,1.1512214713087678,1.0092392000176595,0,-0.0011948579644816292,0.00135282902742252,0.04554908349162294,0.12939333403659245,651.9655319641114,842.6568767612304,450.4947187027346,86.71976070328131,15,16.3,
freMTPL2sev,TabPFN-V3,0.0-1.2,4,sd_cap,1.2,1,2000,1000,1.1512214713087678,1.0092392000176595,0,-0.0011948579644816292,0.00135282902742252,0.04554908349162294,0.12939333403659245,651.9655319641114,842.6568767612304,450.4947187027346,86.71976070328131,15,16.3,
freMTPL2sev,TabPFN-V3,0.0-1.2,4,rank_emp,0.0,1,2000,1000,1.1512214713087678,1.0092392000176595,2000,0.005311362592511635,0.16760021651889168,0.21415186330186486,0.44435680337969663,650.312156099731,816.6959496727646,447.0743194251971,103.11829970109504,13,16.3,
freMTPL2sev,TabPFN-V3,0.0-1.2,4,rank_gpd,0.0,1,2000,1000,1.1512214713087678,1.0092392000176595,2000,0.005311362592511635,0.15422245570541737,0.11271706465752987,0.495768845076995,650.312156099731,817.4826206862173,448.95012250098284,103.582040578955,15,16.3,
freMTPL2sev,TabPFN-V3,0.0-1.2,4,rank_gpd_trim,0.0,1,2000,1000,1.1512214713087678,1.0092392000176595,2000,0.005311362592511635,0.15430476232256318,0.07421798854231507,0.35031599028813,650.312156099731,817.4665662912263,450.04043344517015,102.95528190251963,15,16.3,
freMTPL2sev,TabPFN-V3,0.0-1.2,4,rank_exp,0.0,1,2000,1000,1.1512214713087678,1.0092392000176595,2000,-0.0024658430315380162,0.08722059980848862,0.06151725211247272,0.6947938422542859,650.3638378851903,824.5004265369272,448.62356292576203,113.38359857904453,15,16.3,
freMTPL2sev,TabPFN-v2.5,0.0-1.2,4,without_max,0.0,1,2000,1000,1.1512214713087678,1.0092392000176595,0,0.0,0.0,0.0,0.0,656.5969791064454,868.5604385776368,454.6466701724611,155.25506482437504,16,22.7,
freMTPL2sev,TabPFN-v2.5,0.0-1.2,4,raw,0.0,1,2000,1000,1.1512214713087678,1.0092392000176595,0,-0.039286230851279406,-0.014955159642969743,-0.003936003792601225,0.09054743733815432,663.2106366296387,873.5155515854493,450.27783891757826,153.8295328692969,18,22.7,
freMTPL2sev,TabPFN-v2.5,0.0-1.2,4,clip,50.0,1,2000,1000,1.1512214713087678,1.0092392000176595,24,0.06571195040131826,0.3350768949525602,0.08141881059539197,-0.4502057469288626,650.828004831543,818.8654253745118,440.8603917496095,268.52205264859373,15,22.7,
freMTPL2sev,TabPFN-v2.5,0.0-1.2,4,clip,200.0,1,2000,1000,1.1512214713087678,1.0092392000176595,3,0.03608857630599265,0.00884863055132189,0.052505246283878836,0.016316288929774173,653.2924037902833,861.6722495126953,433.57366034824224,159.28822931070317,15,22.7,
freMTPL2sev,TabPFN-v2.5,0.0-1.2,4,log,0.0,1,2000,1000,1.1512214713087678,1.0092392000176595,0,0.05389114139519566,0.306387165098977,0.028628325637625598,0.2401269053928961,650.7967252846304,823.4612980760476,450.68930459458517,99.90751748175016,15,22.7,
freMTPL2sev,TabPFN-v2.5,0.0-1.2,4,tail_log,50.0,1,2000,1000,1.1512214713087678,1.0092392000176595,24,0.07130274666227157,0.22282121467529886,0.028852982161654057,-0.06697220966063648,652.2080197204589,837.4589816489257,439.40475226404055,167.95477220597732,14,22.7,
freMTPL2sev,TabPFN-v2.5,0.0-1.2,4,evt_trim,0.0,1,2000,1000,1.1512214713087678,1.0092392000176595,0,-0.039286230851279406,-0.014955159642969743,-0.003936003792601225,0.09054743733815432,663.2106366296387,873.5155515854493,450.27783891757826,153.8295328692969,18,22.7,
freMTPL2sev,TabPFN-v2.5,0.0-1.2,4,sd_cap,1.2,1,2000,1000,1.1512214713087678,1.0092392000176595,0,-0.039286230851279406,-0.014955159642969743,-0.003936003792601225,0.09054743733815432,663.2106366296387,873.5155515854493,450.27783891757826,153.8295328692969,18,22.7,
freMTPL2sev,TabPFN-v2.5,0.0-1.2,4,rank_emp,0.0,1,2000,1000,1.1512214713087678,1.0092392000176595,2000,0.049391964227808116,0.4086149768989841,0.237658202190056,0.6270058873347428,650.7900903730134,816.3738839344635,435.82995914718475,128.94482035351473,16,22.7,
freMTPL2sev,TabPFN-v2.5,0.0-1.2,4,rank_gpd,0.0,1,2000,1000,1.1512214713087678,1.0092392000176595,2000,0.049391964227808116,0.4125773646773341,0.10735889353353234,0.40781650829433647,650.7900903730134,815.7488550942613,439.5128944797671,129.5278055998233,15,22.7,
freMTPL2sev,TabPFN-v2.5,0.0-1.2,4,rank_gpd_trim,0.0,1,2000,1000,1.1512214713087678,1.0092392000176595,2000,0.049391964227808116,0.4125773646773341,0.06911805146498992,0.3121878979031526,650.7900903730134,815.7367095937499,441.28371281209445,142.48550376362527,15,22.7,
freMTPL2sev,TabPFN-v2.5,0.0-1.2,4,rank_exp,0.0,1,2000,1000,1.1512214713087678,1.0092392000176595,2000,0.0468248750240727,0.49675117403696745,0.3817979121921042,0.24228119154376035,650.2234175253777,813.6440114223469,437.77158967923685,156.99911752869053,10,22.7,
freMTPL2sev,TabPFN-v2.6,0.0-1.2,4,without_max,0.0,1,2000,1000,1.1512214713087678,1.0092392000176595,0,0.0,0.0,0.0,0.0,669.3335432324219,841.329773934082,452.34711590976576,227.325140261875,14,30.3,
freMTPL2sev,TabPFN-v2.6,0.0-1.2,4,raw,0.0,1,2000,1000,1.1512214713087678,1.0092392000176595,0,-0.005703681284311322,0.02683838125187435,0.1147531261190192,0.1429085778173272,670.6786964318848,839.2316167172852,462.61045327548845,214.95000671500006,18,30.3,
freMTPL2sev,TabPFN-v2.6,0.0-1.2,4,clip,50.0,1,2000,1000,1.1512214713087678,1.0092392000176595,24,-0.08951045750695172,-0.054088496472517254,-0.3770442932387972,-0.5232289030408473,657.2589504614258,850.8015010117188,463.9009701529298,324.8309124884375,19,30.3,
freMTPL2sev,TabPFN-v2.6,0.0-1.2,4,clip,200.0,1,2000,1000,1.1512214713087678,1.0092392000176595,3,-0.050928790617827895,-0.014437697977156695,-0.11942542627822517,-0.14729851452837756,658.6673637036133,845.0667127597656,447.9661984830078,243.2148234259375,14,30.3,
freMTPL2sev,TabPFN-v2.6,0.0-1.2,4,log,0.0,1,2000,1000,1.1512214713087678,1.0092392000176595,0,-0.09035938501752473,-0.00427905589484008,-0.19268865087743625,5.762074623472552,654.0969774013362,839.0462274328047,459.4116887441534,2475.234681165373,17,30.3,
freMTPL2sev,TabPFN-v2.6,0.0-1.2,4,tail_log,50.0,1,2000,1000,1.1512214713087678,1.0092392000176595,24,-0.07137210710512576,-0.03122683874681978,-0.16766737749665805,-0.27517812843977557,656.2788352587892,847.346375381836,445.54363589845366,270.83138133790806,15,30.3,
freMTPL2sev,TabPFN-v2.6,0.0-1.2,4,evt_trim,0.0,1,2000,1000,1.1512214713087678,1.0092392000176595,0,-0.005703681284311322,0.02683838125187435,0.1147531261190192,0.1429085778173272,670.6786964318848,839.2316167172852,462.61045327548845,214.95000671500006,18,30.3,
freMTPL2sev,TabPFN-v2.6,0.0-1.2,4,sd_cap,1.2,1,2000,1000,1.1512214713087678,1.0092392000176595,0,-0.005703681284311322,0.02683838125187435,0.1147531261190192,0.1429085778173272,670.6786964318848,839.2316167172852,462.61045327548845,214.95000671500006,18,30.3,
freMTPL2sev,TabPFN-v2.6,0.0-1.2,4,rank_emp,0.0,1,2000,1000,1.1512214713087678,1.0092392000176595,2000,-0.07947698931839492,0.24257935132489705,0.05614442290729562,5.191906015759752,650.5898108245956,810.345881381422,448.43828672535557,180.8162854881197,15,30.3,
freMTPL2sev,TabPFN-v2.6,0.0-1.2,4,rank_gpd,0.0,1,2000,1000,1.1512214713087678,1.0092392000176595,2000,-0.07947698931839492,0.25399434515620484,-0.02264271587018465,961.7491564358711,650.5898108245956,811.5154038930165,440.57001124769334,3228000899.4038863,16,30.3,
freMTPL2sev,TabPFN-v2.6,0.0-1.2,4,rank_gpd_trim,0.0,1,2000,1000,1.1512214713087678,1.0092392000176595,2000,-0.07947698931839492,0.25408364927534943,-0.05459165340541748,680.3971155064505,650.5898108245956,811.4974094498369,442.649475291706,1221378812.7512715,16,30.3,
freMTPL2sev,TabPFN-v2.6,0.0-1.2,4,rank_exp,0.0,1,2000,1000,1.1512214713087678,1.0092392000176595,2000,-0.08935083132874211,0.2674673578897335,-0.06669219116535191,-0.048307466310866215,651.1164575518295,814.0266711232351,455.16935955421974,188.56931033127253,15,30.3,
freMTPL2sev,TabPFN-V3,1.2-2.0,0,without_max,0.0,1,2000,1000,1.2236522039743902,1.0234008276702686,0,0.0,0.0,0.0,0.0,2002.1156638928223,3275.9602926459966,3126.434275502149,2728.1160953378126,26,16.4,
freMTPL2sev,TabPFN-V3,1.2-2.0,0,raw,0.0,1,2000,1000,1.2236522039743902,1.0234008276702686,0,-0.01161539732823003,-0.011568788136248242,0.012970071075635012,0.05309559924776716,2002.4294191894533,3281.2575732539062,3136.0017411662106,2703.682167261641,29,16.4,
freMTPL2sev,TabPFN-V3,1.2-2.0,0,clip,50.0,1,2000,1000,1.2236522039743902,1.0234008276702686,11,-0.015525135893590062,0.005029864506916574,0.21252340980081963,-0.3758117180489176,2001.4504610180663,3275.6831481660156,3144.9895055070315,2909.642286741133,21,16.4,
freMTPL2sev,TabPFN-V3,1.2-2.0,0,clip,200.0,1,2000,1000,1.2236522039743902,1.0234008276702686,3,-0.0032047502899720135,-0.016362440662564648,0.004658782180582372,-0.1554325313231092,2001.8746477563477,3277.7455658808594,3134.69230399336,2769.6970201464064,27,16.4,
freMTPL2sev,TabPFN-V3,1.2-2.0,0,log,0.0,1,2000,1000,1.2236522039743902,1.0234008276702686,0,-0.0018650868938536326,0.1320145388088559,0.29919512234698786,0.07406365640882268,2001.3168811827725,3264.5158801367297,3143.5363194423107,2657.0184813767614,18,16.4,
freMTPL2sev,TabPFN-V3,1.2-2.0,0,tail_log,50.0,1,2000,1000,1.2236522039743902,1.0234008276702686,11,-0.007483736530496034,-0.04181610516796389,0.021288349315070856,-0.1596180850536816,2001.5111057189943,3278.5279854658206,3137.928714214502,3443.071930896238,28,16.4,
freMTPL2sev,TabPFN-V3,1.2-2.0,0,evt_trim,0.0,1,2000,1000,1.2236522039743902,1.0234008276702686,0,-0.01161539732823003,-0.011568788136248242,0.012970071075635012,0.05309559924776716,2002.4294191894533,3281.2575732539062,3136.0017411662106,2703.682167261641,29,16.4,
freMTPL2sev,TabPFN-V3,1.2-2.0,0,sd_cap,1.2,1,2000,1000,1.2236522039743902,1.0234008276702686,2,-0.008028550494025528,-0.0009450691142359305,0.011876420106626576,0.022766655402527508,2002.2611769604493,3279.449557887696,3138.0249069669926,2714.6561972577347,29,16.4,
freMTPL2sev,TabPFN-V3,1.2-2.0,0,rank_emp,0.0,1,2000,1000,1.2236522039743902,1.0234008276702686,2000,-0.007122828785240355,0.20098412822430606,0.17306645847951962,1.0570045771918637,2001.2492649527528,3258.6641831621696,3150.7601897601207,2466.2941746627075,21,16.4,
freMTPL2sev,TabPFN-V3,1.2-2.0,0,rank_gpd,0.0,1,2000,1000,1.2236522039743902,1.0234008276702686,2000,-0.007122828785240355,0.20281367766322636,0.2436399617766924,0.2214524855360708,2001.2492649527528,3258.866663231712,3137.003550734793,2644.3114132043534,19,16.4,
freMTPL2sev,TabPFN-V3,1.2-2.0,0,rank_gpd_trim,0.0,1,2000,1000,1.2236522039743902,1.0234008276702686,2000,-0.007122828785240355,0.20365595540595505,0.19799299385893893,0.06598165237015906,2001.2492649527528,3258.911411887489,3143.5472720527177,2692.0533958496694,21,16.4,
freMTPL2sev,TabPFN-V3,1.2-2.0,0,rank_exp,0.0,1,2000,1000,1.2236522039743902,1.0234008276702686,2000,-0.01721898177157928,0.14499414737219862,0.14445304113323826,0.18342178784466318,2001.2403063947895,3263.060429021652,3139.1688519728696,2635.820635381546,21,16.4,
freMTPL2sev,TabPFN-v2.5,1.2-2.0,0,without_max,0.0,1,2000,1000,1.2236522039743902,1.0234008276702686,0,0.0,0.0,0.0,0.0,2008.8733176599121,3293.613386254395,3163.9056649845697,2908.022957214766,21,22.6,
freMTPL2sev,TabPFN-v2.5,1.2-2.0,0,raw,0.0,1,2000,1000,1.2236522039743902,1.0234008276702686,0,-0.05242678600525424,0.0009996384731130806,-0.038067271780857156,0.11929495338523691,2018.2519911169434,3304.29677628125,3163.919879574414,2849.357491033125,24,22.6,
freMTPL2sev,TabPFN-v2.5,1.2-2.0,0,clip,50.0,1,2000,1000,1.2236522039743902,1.0234008276702686,11,0.07341344260094423,0.34234962936942515,-0.10646000020749641,-0.23753299262515482,2001.5952326196293,3268.2894096479495,3180.569861537305,3012.3831483661334,23,22.6,
freMTPL2sev,TabPFN-v2.5,1.2-2.0,0,clip,200.0,1,2000,1000,1.2236522039743902,1.0234008276702686,3,0.05437021726056526,0.012398814191767603,-0.04209995153108258,-0.10941674255999584,2002.383875831299,3286.170983695801,3165.213958148633,2933.1573126473827,22,22.6,
freMTPL2sev,TabPFN-v2.5,1.2-2.0,0,log,0.0,1,2000,1000,1.2236522039743902,1.0234008276702686,0,0.0656340310600851,0.35361972740562475,-0.10200655527215677,0.0595122436571113,2001.8790784017665,3270.168631673482,3171.4318884450795,2921.461089149084,24,22.6,
freMTPL2sev,TabPFN-v2.5,1.2-2.0,0,tail_log,50.0,1,2000,1000,1.2236522039743902,1.0234008276702686,11,0.09264993377058722,0.350340876768392,0.008995244638913179,-0.07676967166339113,2002.5247279138184,3263.32740320752,3159.967663606883,2935.1866709654155,21,22.6,
freMTPL2sev,TabPFN-v2.5,1.2-2.0,0,evt_trim,0.0,1,2000,1000,1.2236522039743902,1.0234008276702686,0,-0.05242678600525424,0.0009996384731130806,-0.038067271780857156,0.11929495338523691,2018.2519911169434,3304.29677628125,3163.919879574414,2849.357491033125,24,22.6,
freMTPL2sev,TabPFN-v2.5,1.2-2.0,0,sd_cap,1.2,1,2000,1000,1.2236522039743902,1.0234008276702686,2,-0.040603513677160495,0.003321601544948743,-0.015892788677354795,0.09178394511777607,2016.2020123742677,3302.217622069824,3162.452978309766,2857.344630712813,22,22.6,
freMTPL2sev,TabPFN-v2.5,1.2-2.0,0,rank_emp,0.0,1,2000,1000,1.2236522039743902,1.0234008276702686,2000,0.06079920101691158,0.37076333128519073,-0.056823150308988275,0.9920788133576286,2001.778719491715,3269.14705688322,3169.8395681009933,2700.7106584159246,23,22.6,
freMTPL2sev,TabPFN-v2.5,1.2-2.0,0,rank_gpd,0.0,1,2000,1000,1.2236522039743902,1.0234008276702686,2000,0.06079920101691158,0.37138287169185147,-0.0015560775114692761,0.4849862590756959,2001.778719491715,3268.8420592642387,3161.748475291319,2805.846193108187,22,22.6,
freMTPL2sev,TabPFN-v2.5,1.2-2.0,0,rank_gpd_trim,0.0,1,2000,1000,1.2236522039743902,1.0234008276702686,2000,0.06079920101691158,0.3714784593126361,-0.03510624463927346,0.3249005334776825,2001.778719491715,3268.8020338177425,3167.0531223819917,2844.7413739479034,23,22.6,
freMTPL2sev,TabPFN-v2.5,1.2-2.0,0,rank_exp,0.0,1,2000,1000,1.2236522039743902,1.0234008276702686,2000,0.06326380198666173,0.46288689566750224,0.16882772625172693,0.12490498224903579,2001.6332495637805,3264.2561570661774,3149.0134014371056,2905.773652199354,18,22.6,
freMTPL2sev,TabPFN-v2.6,1.2-2.0,0,without_max,0.0,1,2000,1000,1.2236522039743902,1.0234008276702686,0,0.0,0.0,0.0,0.0,2005.4598679516603,3287.734960272949,3123.8988315373044,2909.5203682674996,17,30.1,
freMTPL2sev,TabPFN-v2.6,1.2-2.0,0,raw,0.0,1,2000,1000,1.2236522039743902,1.0234008276702686,0,0.026382204749563022,0.016772888709075576,0.09038792066865667,0.2108751153171063,2008.1655356225585,3285.503374887207,3113.1081906681648,2871.7339594315627,15,30.1,
freMTPL2sev,TabPFN-v2.6,1.2-2.0,0,clip,50.0,1,2000,1000,1.2236522039743902,1.0234008276702686,11,-0.0533098744008018,-0.032510520589172684,-0.2806081772397734,-0.5356941707611262,2007.2390919360353,3282.195552086914,3183.5165650236327,3060.993226760664,26,30.1,
freMTPL2sev,TabPFN-v2.6,1.2-2.0,0,clip,200.0,1,2000,1000,1.2236522039743902,1.0234008276702686,3,-0.04748012369113451,-0.006437621165576338,0.011755181805481355,-0.16429246719441196,2008.3711218286132,3287.261616935547,3133.386506351758,2954.6398598260935,18,30.1,
freMTPL2sev,TabPFN-v2.6,1.2-2.0,0,log,0.0,1,2000,1000,1.2236522039743902,1.0234008276702686,0,-0.04102662365490789,0.06491258578973277,-0.08103642559777485,9.49935783019957,2004.3964641313783,3275.864463338692,3157.64124857887,4511.178987366974,20,30.1,
freMTPL2sev,TabPFN-v2.6,1.2-2.0,0,tail_log,50.0,1,2000,1000,1.2236522039743902,1.0234008276702686,11,-0.048895965388796134,-0.011941298798187262,-0.06463238160725593,-0.30565504340220917,2005.9820103430177,3285.9131395771483,3152.4589925382816,2995.544450437408,20,30.1,
freMTPL2sev,TabPFN-v2.6,1.2-2.0,0,evt_trim,0.0,1,2000,1000,1.2236522039743902,1.0234008276702686,0,0.026382204749563022,0.016772888709075576,0.09038792066865667,0.2108751153171063,2008.1655356225585,3285.503374887207,3113.1081906681648,2871.7339594315627,15,30.1,
freMTPL2sev,TabPFN-v2.6,1.2-2.0,0,sd_cap,1.2,1,2000,1000,1.2236522039743902,1.0234008276702686,2,-0.0008154576794391451,0.012496935616057154,0.13016551189446782,0.15347257236672252,2006.2921706909178,3285.6041235004886,3117.6147461027344,2884.047580857343,17,30.1,
freMTPL2sev,TabPFN-v2.6,1.2-2.0,0,rank_emp,0.0,1,2000,1000,1.2236522039743902,1.0234008276702686,2000,-0.022005751806962362,0.2798725918383324,-0.04727903262615245,7.318189762231219,2001.7704399946115,3261.1819632137667,3163.394655335515,2071.7593323300002,20,30.1,
freMTPL2sev,TabPFN-v2.6,1.2-2.0,0,rank_gpd,0.0,1,2000,1000,1.2236522039743902,1.0234008276702686,2000,-0.022005751806962362,0.2804653139521912,-0.009119320251348453,3285.625149080708,2001.7704399946115,3261.2846516480677,3145.0967079523557,78993240.0113327,18,30.1,
freMTPL2sev,TabPFN-v2.6,1.2-2.0,0,rank_gpd_trim,0.0,1,2000,1000,1.2236522039743902,1.0234008276702686,2000,-0.022005751806962362,0.28063495649672426,-0.034062392738283015,1646.343935062202,2001.7704399946115,3261.256833931749,3149.294882494392,19979410.5381821,20,30.1,
freMTPL2sev,TabPFN-v2.6,1.2-2.0,0,rank_exp,0.0,1,2000,1000,1.2236522039743902,1.0234008276702686,2000,-0.026715971240275513,0.3503492942782357,-0.11208406862770269,-0.21307825412071257,2001.7589942875836,3258.8987780932425,3152.9718085873687,2912.091464872799,22,30.1,
freMTPL2sev,TabPFN-V3,1.2-2.0,1,without_max,0.0,1,2000,1000,1.5258705963004044,1.8641450542892408,0,0.0,0.0,0.0,0.0,588.8907254199219,725.759172205078,362.3843626140626,113.21928074578126,20,15.5,
freMTPL2sev,TabPFN-V3,1.2-2.0,1,raw,0.0,1,2000,1000,1.5258705963004044,1.8641450542892408,0,-0.04053956166666031,-0.052589671754676874,0.007233771152751003,0.13277977516928183,592.0347974804688,738.9849746904297,365.8133737419923,107.67156836101567,17,15.5,
freMTPL2sev,TabPFN-V3,1.2-2.0,1,clip,50.0,1,2000,1000,1.5258705963004044,1.8641450542892408,10,-0.005549960598168347,0.020421105841249922,0.13997825387914747,-0.27130051134959604,587.4033802224731,717.9149059038086,355.4414218279298,172.09335314812503,11,15.5,
freMTPL2sev,TabPFN-V3,1.2-2.0,1,clip,200.0,1,2000,1000,1.5258705963004044,1.8641450542892408,4,0.00966770486818234,-0.0026808648190315755,0.0026451392700602727,-0.12573704628656784,588.5824441003417,720.055737197754,363.04290030937506,137.25157742546878,21,15.5,
freMTPL2sev,TabPFN-V3,1.2-2.0,1,log,0.0,1,2000,1000,1.5258705963004044,1.8641450542892408,0,0.012543649550290753,0.1539129471768071,0.2465282818684315,0.19797847949548775,586.8931154118673,709.6447219277818,362.3232084602441,144.1726468091425,12,15.5,
freMTPL2sev,TabPFN-V3,1.2-2.0,1,tail_log,50.0,1,2000,1000,1.5258705963004044,1.8641450542892408,10,0.00043870904810978733,-0.025900046020681543,0.015345750830936318,-0.14753122569581034,588.3277969659425,719.700851255371,364.55885709595714,182.94436791002875,18,15.5,
freMTPL2sev,TabPFN-V3,1.2-2.0,1,evt_trim,0.0,1,2000,1000,1.5258705963004044,1.8641450542892408,0,-0.04053956166666031,-0.052589671754676874,0.007233771152751003,0.13277977516928183,592.0347974804688,738.9849746904297,365.8133737419923,107.67156836101567,17,15.5,
freMTPL2sev,TabPFN-V3,1.2-2.0,1,sd_cap,1.2,1,2000,1000,1.5258705963004044,1.8641450542892408,1,-0.011929637103632994,-0.009744365773395353,0.019827969383157118,0.08805965458181891,589.2120609960938,731.9395349711915,363.8632489177735,102.47220907976566,19,15.5,
freMTPL2sev,TabPFN-V3,1.2-2.0,1,rank_emp,0.0,1,2000,1000,1.5258705963004044,1.8641450542892408,2000,0.013023276730160644,0.18257689995378767,0.11839667003461227,1.9718600773266384,587.4260610211978,708.1564303658972,366.9024835430876,203.36539756238184,14,15.5,
freMTPL2sev,TabPFN-V3,1.2-2.0,1,rank_gpd,0.0,1,2000,1000,1.5258705963004044,1.8641450542892408,2000,0.013023276730160644,0.19536607791723118,0.15599728903314763,0.5868932720827102,587.4260610211978,707.6254755676384,369.5382694262646,130.29626871228814,14,15.5,
freMTPL2sev,TabPFN-V3,1.2-2.0,1,rank_gpd_trim,0.0,1,2000,1000,1.5258705963004044,1.8641450542892408,2000,0.013023276730160644,0.19794414462685275,0.1177372528706041,0.3367044426353971,587.4260610211978,707.5110248805809,367.53896390838605,130.2915368275132,15,15.5,
freMTPL2sev,TabPFN-V3,1.2-2.0,1,rank_exp,0.0,1,2000,1000,1.5258705963004044,1.8641450542892408,2000,-0.008543639492552092,0.14998081681833667,0.12424857117501512,0.3153749508852526,587.3441930642953,708.5605938821178,365.08092548310685,144.07319728856865,10,15.5,
freMTPL2sev,TabPFN-v2.5,1.2-2.0,1,without_max,0.0,1,2000,1000,1.5258705963004044,1.8641450542892408,0,0.0,0.0,0.0,0.0,601.5005941125488,751.563973977539,354.3617986394531,196.42795279070316,15,22.3,
freMTPL2sev,TabPFN-v2.5,1.2-2.0,1,raw,0.0,1,2000,1000,1.5258705963004044,1.8641450542892408,0,0.006015148629219087,0.1062848156914008,-0.05392376105678624,0.29727093872761656,600.5714835546876,739.5115674077149,362.60693209160166,160.61538382781254,18,22.3,
freMTPL2sev,TabPFN-v2.5,1.2-2.0,1,clip,50.0,1,2000,1000,1.5258705963004044,1.8641450542892408,10,0.10302305534967943,0.4926644382206251,0.03858009492066005,-0.13486241032085333,588.1904393319702,708.1840222978515,349.7666423796876,206.8678232340625,15,22.3,
freMTPL2sev,TabPFN-v2.5,1.2-2.0,1,clip,200.0,1,2000,1000,1.5258705963004044,1.8641450542892408,4,0.09130678271233311,0.058994086328049616,-0.008022668490368454,-0.0910707657187731,589.9434718884278,724.6596936894532,353.8775329802735,208.48536507097657,18,22.3,
freMTPL2sev,TabPFN-v2.5,1.2-2.0,1,log,0.0,1,2000,1000,1.5258705963004044,1.8641450542892408,0,0.10856091683942448,0.3987140376962477,0.03869145395293961,0.14418565806191158,587.3320341190521,715.5543147145384,358.1458107678821,177.0686879203232,15,22.3,
freMTPL2sev,TabPFN-v2.5,1.2-2.0,1,tail_log,50.0,1,2000,1000,1.5258705963004044,1.8641450542892408,10,0.12976277447475498,0.4062236277178074,0.032802266126543564,-0.06663843748175244,589.224005032959,708.4859510063476,347.33478858050404,206.96412494424365,15,22.3,
freMTPL2sev,TabPFN-v2.5,1.2-2.0,1,evt_trim,0.0,1,2000,1000,1.5258705963004044,1.8641450542892408,0,0.006015148629219087,0.1062848156914008,-0.05392376105678624,0.29727093872761656,600.5714835546876,739.5115674077149,362.60693209160166,160.61538382781254,18,22.3,
freMTPL2sev,TabPFN-v2.5,1.2-2.0,1,sd_cap,1.2,1,2000,1000,1.5258705963004044,1.8641450542892408,1,-0.025388347020390042,0.009922459797069834,0.0014298280302567964,0.20470507772185298,606.4787042700195,750.6280944267579,359.6000430291017,172.77718412273438,19,22.3,
freMTPL2sev,TabPFN-v2.5,1.2-2.0,1,rank_emp,0.0,1,2000,1000,1.5258705963004044,1.8641450542892408,2000,0.10357780378260698,0.5188128396274541,0.09306773854405398,0.7940000869401966,587.6029471675737,706.1366357465331,350.21294995698565,167.1854621693544,15,22.3,
freMTPL2sev,TabPFN-v2.5,1.2-2.0,1,rank_gpd,0.0,1,2000,1000,1.5258705963004044,1.8641450542892408,2000,0.10357780378260698,0.5228426751090454,0.2202338221140017,0.8954352243679703,587.6029471675737,705.3244569654204,356.899054265393,122.82903564239484,11,22.3,
freMTPL2sev,TabPFN-v2.5,1.2-2.0,1,rank_gpd_trim,0.0,1,2000,1000,1.5258705963004044,1.8641450542892408,2000,0.10357780378260698,0.5234643271234278,0.16601894722491115,0.6371344340966065,587.6029471675737,705.2477606316126,354.3753839988237,131.49755421767622,11,22.3,
freMTPL2sev,TabPFN-v2.5,1.2-2.0,1,rank_exp,0.0,1,2000,1000,1.5258705963004044,1.8641450542892408,2000,0.10632239786392611,0.6192551957886206,0.26827300635039564,0.18320139026118243,588.1338941414921,705.4270814342126,348.75372401154897,160.52890998806777,11,22.3,
freMTPL2sev,TabPFN-v2.6,1.2-2.0,1,without_max,0.0,1,2000,1000,1.5258705963004044,1.8641450542892408,0,0.0,0.0,0.0,0.0,592.6962394860841,733.6156355009766,369.60929601738286,128.43384730828126,14,30.2,
freMTPL2sev,TabPFN-v2.6,1.2-2.0,1,raw,0.0,1,2000,1000,1.5258705963004044,1.8641450542892408,0,0.021376107410861427,0.02601445401162232,-0.2520509346646963,0.37441377080282146,606.1925519506835,729.3864540336914,401.7815657366212,98.33754966179691,24,30.2,
freMTPL2sev,TabPFN-v2.6,1.2-2.0,1,clip,50.0,1,2000,1000,1.5258705963004044,1.8641450542892408,10,-0.06728449498125166,-0.03727617792407192,-0.3178789536985858,-0.5319837337905943,595.1879887145997,734.8403733964844,357.4224846208985,235.23826779851558,20,30.2,
freMTPL2sev,TabPFN-v2.6,1.2-2.0,1,clip,200.0,1,2000,1000,1.5258705963004044,1.8641450542892408,4,-0.03907238477970399,-0.020156003087553265,-0.07034077631673674,-0.1889722374583786,595.1459390673829,734.4674751274414,354.5586100750001,168.07704562078126,11,30.2,
freMTPL2sev,TabPFN-v2.6,1.2-2.0,1,log,0.0,1,2000,1000,1.5258705963004044,1.8641450542892408,0,-0.04979614380261261,0.013512756906972657,-0.1904440471120773,2.7283497936252092,591.7960369586929,724.5303776094651,380.2653274909463,7.934448043063922e+26,17,30.2,
freMTPL2sev,TabPFN-v2.6,1.2-2.0,1,tail_log,50.0,1,2000,1000,1.5258705963004044,1.8641450542892408,10,-0.043612378382950956,-0.018273048897808543,-0.13697235698328936,-0.3166409776416751,592.1238260021973,735.3357255864257,354.84596551933606,192.615353690653,13,30.2,
freMTPL2sev,TabPFN-v2.6,1.2-2.0,1,evt_trim,0.0,1,2000,1000,1.5258705963004044,1.8641450542892408,0,0.021376107410861427,0.02601445401162232,-0.2520509346646963,0.37441377080282146,606.1925519506835,729.3864540336914,401.7815657366212,98.33754966179691,24,30.2,
freMTPL2sev,TabPFN-v2.6,1.2-2.0,1,sd_cap,1.2,1,2000,1000,1.5258705963004044,1.8641450542892408,1,0.03397135123743511,0.008141556608799108,-0.05300503737879718,0.18960375036362231,594.2527859814453,730.4939554692384,376.3697001604494,112.56913856218752,16,30.2,
freMTPL2sev,TabPFN-v2.6,1.2-2.0,1,rank_emp,0.0,1,2000,1000,1.5258705963004044,1.8641450542892408,2000,-0.016571704073754925,0.24815807554364333,-0.13314519459308458,11.508744114906785,588.0030312509001,704.5430070366203,402.1263687214673,341.07133202459534,17,30.2,
freMTPL2sev,TabPFN-v2.6,1.2-2.0,1,rank_gpd,0.0,1,2000,1000,1.5258705963004044,1.8641450542892408,2000,-0.016571704073754925,0.2543489862997951,-0.0980337121263117,34.26099385100396,588.0030312509001,705.2372740022689,396.88857926316905,23267671.441961564,18,30.2,
freMTPL2sev,TabPFN-v2.6,1.2-2.0,1,rank_gpd_trim,0.0,1,2000,1000,1.5258705963004044,1.8641450542892408,2000,-0.016571704073754925,0.2543489862997951,-0.13412573632996724,20.944165654465746,588.0030312509001,705.2283627299746,390.6599644565092,3566841.7782144127,18,30.2,
freMTPL2sev,TabPFN-v2.6,1.2-2.0,1,rank_exp,0.0,1,2000,1000,1.5258705963004044,1.8641450542892408,2000,-0.018708556088936443,0.2663860777862591,-0.1990232437732366,-0.31744480862884095,588.0970919254894,705.7652989809809,366.96060232954864,181.52230404951007,19,30.2,
freMTPL2sev,TabPFN-V3,1.2-2.0,2,without_max,0.0,1,2000,1000,1.2290445769431362,1.5548679166666666,0,0.0,0.0,0.0,0.0,672.1413783203126,883.6187386992187,538.5182193982423,165.41082648914065,16,16.1,
freMTPL2sev,TabPFN-V3,1.2-2.0,2,raw,0.0,1,2000,1000,1.2290445769431362,1.5548679166666666,0,0.004352834050241579,0.0108104017470464,-0.014228370592517532,0.10537725428132122,672.2092085400392,881.9026156230469,532.7529423279296,102.67951197156256,16,16.1,
freMTPL2sev,TabPFN-V3,1.2-2.0,2,clip,50.0,1,2000,1000,1.2290445769431362,1.5548679166666666,18,-0.003323380996275942,-0.02351863863991918,0.06044896008308255,-0.3321721680406744,671.0570107604981,876.4558227519532,549.8121353455078,283.09164445984374,17,16.1,
freMTPL2sev,TabPFN-V3,1.2-2.0,2,clip,200.0,1,2000,1000,1.2290445769431362,1.5548679166666666,3,0.00046977244600752825,0.00672733780934402,-0.003809713098594041,0.007084548174574403,672.4202979626465,883.5602387333984,532.467857528125,145.7427101727344,16,16.1,
freMTPL2sev,TabPFN-V3,1.2-2.0,2,log,0.0,1,2000,1000,1.2290445769431362,1.5548679166666666,0,0.005365160056734648,0.09783015836272266,0.21847660956783874,0.32693952554337524,670.410087592992,874.0217815998951,539.6659635606962,78.32406996144205,11,16.1,
freMTPL2sev,TabPFN-V3,1.2-2.0,2,tail_log,50.0,1,2000,1000,1.2290445769431362,1.5548679166666666,18,-0.005412067625732955,0.010534574429545966,0.018926050467180586,0.05694105043918288,672.1117839392091,879.4211759501954,532.4450807849579,108.06713035607885,15,16.1,
freMTPL2sev,TabPFN-V3,1.2-2.0,2,evt_trim,0.0,1,2000,1000,1.2290445769431362,1.5548679166666666,0,0.004352834050241579,0.0108104017470464,-0.014228370592517532,0.10537725428132122,672.2092085400392,881.9026156230469,532.7529423279296,102.67951197156256,16,16.1,
freMTPL2sev,TabPFN-V3,1.2-2.0,2,sd_cap,1.2,1,2000,1000,1.2290445769431362,1.5548679166666666,1,0.0033106571042985297,0.01037469730041108,-0.01893115049957797,0.08953432707303569,672.2802608215333,882.3189558940428,534.1552058826172,116.84196354968756,16,16.1,
freMTPL2sev,TabPFN-V3,1.2-2.0,2,rank_emp,0.0,1,2000,1000,1.2290445769431362,1.5548679166666666,2000,0.01115158314044207,0.20910150831932983,0.21604448105301238,1.1652309641035448,670.0868447267832,871.7523135540639,530.1069445837039,103.04693207792317,12,16.1,
freMTPL2sev,TabPFN-V3,1.2-2.0,2,rank_gpd,0.0,1,2000,1000,1.2290445769431362,1.5548679166666666,2000,0.01115158314044207,0.20414274711364616,0.2964943668367981,0.6905124132397529,670.0868447267832,871.7347315182867,541.7891103175724,84.56485805625056,11,16.1,
freMTPL2sev,TabPFN-V3,1.2-2.0,2,rank_gpd_trim,0.0,1,2000,1000,1.2290445769431362,1.5548679166666666,2000,0.01115158314044207,0.20414274711364616,0.25033902748845993,0.47991999657404827,670.0868447267832,871.7347304872363,543.5305030344682,72.84694023198882,11,16.1,
freMTPL2sev,TabPFN-V3,1.2-2.0,2,rank_exp,0.0,1,2000,1000,1.2290445769431362,1.5548679166666666,2000,0.00411262980250544,0.1347167824131918,0.2074484012530607,0.41887936237289936,669.7815620610171,870.7919900507377,529.4924354974812,75.19210233968315,11,16.1,
freMTPL2sev,TabPFN-v2.5,1.2-2.0,2,without_max,0.0,1,2000,1000,1.2290445769431362,1.5548679166666666,0,0.0,0.0,0.0,0.0,674.6760662182617,885.1232245708007,551.89081995,300.6179814305468,13,22.8,
freMTPL2sev,TabPFN-v2.5,1.2-2.0,2,raw,0.0,1,2000,1000,1.2290445769431362,1.5548679166666666,0,-0.0387078743128631,-0.057984597890857525,0.0005683744845336505,0.12031590540299045,676.4287602331543,884.3848827519531,554.4995137195313,254.6723456805469,14,22.8,
freMTPL2sev,TabPFN-v2.5,1.2-2.0,2,clip,50.0,1,2000,1000,1.2290445769431362,1.5548679166666666,18,-0.010866990734210161,0.1382917159205508,0.08362447254563427,-0.3731992437075,671.1179911340333,878.703460383789,542.6348642664063,378.15148475183594,10,22.8,
freMTPL2sev,TabPFN-v2.5,1.2-2.0,2,clip,200.0,1,2000,1000,1.2290445769431362,1.5548679166666666,3,-0.0012081686486486985,0.0003842327791700996,0.01512007957048174,0.043852904957817025,674.5808618164062,886.1860220952148,547.0753325183596,283.86295271570316,13,22.8,
freMTPL2sev,TabPFN-v2.5,1.2-2.0,2,log,0.0,1,2000,1000,1.2290445769431362,1.5548679166666666,0,-0.004861323147024749,0.07940622387071841,-0.009969448693299965,0.17245983046125335,670.7088656492257,882.9372917528672,549.8567803867817,253.17738100495555,14,22.8,
freMTPL2sev,TabPFN-v2.5,1.2-2.0,2,tail_log,50.0,1,2000,1000,1.2290445769431362,1.5548679166666666,18,0.006157866296327164,0.2163081793594634,0.09559802381169816,-0.04139984602925302,672.0825927648926,882.3588715532227,539.3766871183615,306.04063741958083,11,22.8,
freMTPL2sev,TabPFN-v2.5,1.2-2.0,2,evt_trim,0.0,1,2000,1000,1.2290445769431362,1.5548679166666666,0,-0.0387078743128631,-0.057984597890857525,0.0005683744845336505,0.12031590540299045,676.4287602331543,884.3848827519531,554.4995137195313,254.6723456805469,14,22.8,
freMTPL2sev,TabPFN-v2.5,1.2-2.0,2,sd_cap,1.2,1,2000,1000,1.2290445769431362,1.5548679166666666,1,-0.03246948587982165,-0.0603076658447666,-0.0036937733532558933,0.1087077966534374,675.7693337976076,885.0787604423828,554.1118525623049,257.0288215555469,14,22.8,
freMTPL2sev,TabPFN-v2.5,1.2-2.0,2,rank_emp,0.0,1,2000,1000,1.2290445769431362,1.5548679166666666,2000,-0.005801355742398457,0.20888919582918042,0.022798416523504637,1.0564940537408005,670.9426126803263,882.0269462535472,519.704964994626,116.0396868972475,10,22.8,
freMTPL2sev,TabPFN-v2.5,1.2-2.0,2,rank_gpd,0.0,1,2000,1000,1.2290445769431362,1.5548679166666666,2000,-0.005801355742398457,0.20104121777066591,0.1593531288728477,0.5517933536624469,670.9426126803263,882.032736635126,531.1911474948845,198.79570822273308,10,22.8,
freMTPL2sev,TabPFN-v2.5,1.2-2.0,2,rank_gpd_trim,0.0,1,2000,1000,1.2290445769431362,1.5548679166666666,2000,-0.005801355742398457,0.20153179945415883,0.12396482854318235,0.3870752956251376,670.9426126803263,882.0480280380783,533.7586476558125,225.43758644071775,10,22.8,
freMTPL2sev,TabPFN-v2.5,1.2-2.0,2,rank_exp,0.0,1,2000,1000,1.2290445769431362,1.5548679166666666,2000,-0.006002600294860664,0.31807326266806957,0.279557778378832,-0.05682135235896517,669.9865004066745,883.5475709639776,540.3141374327463,291.87872948763425,10,22.8,
freMTPL2sev,TabPFN-v2.6,1.2-2.0,2,without_max,0.0,1,2000,1000,1.2290445769431362,1.5548679166666666,0,0.0,0.0,0.0,0.0,673.7593930102539,900.5867883330078,542.8350892273438,362.8085800340625,10,29.8,
freMTPL2sev,TabPFN-v2.6,1.2-2.0,2,raw,0.0,1,2000,1000,1.2290445769431362,1.5548679166666666,0,0.015883338955235637,-0.0034895830778733554,0.06908446965711834,0.21318379886166083,681.1191566564943,901.968689849121,535.3000454041018,332.682361618047,11,29.8,
freMTPL2sev,TabPFN-v2.6,1.2-2.0,2,clip,50.0,1,2000,1000,1.2290445769431362,1.5548679166666666,18,-0.06590486249053426,-0.008911112263090826,-0.23754449621706017,-0.3932805400570627,677.9567712561035,906.7560376884765,560.3141056189453,419.1225797166797,15,29.8,
freMTPL2sev,TabPFN-v2.6,1.2-2.0,2,clip,200.0,1,2000,1000,1.2290445769431362,1.5548679166666666,3,0.012783207307611193,-0.010449864574133215,0.0073358904135418825,0.007101353549787025,673.623215234375,903.4382459501952,542.8607855945313,357.09540703796876,11,29.8,
freMTPL2sev,TabPFN-v2.6,1.2-2.0,2,log,0.0,1,2000,1000,1.2290445769431362,1.5548679166666666,0,-0.019445812072514508,0.12943753840956682,-0.09969659732375652,13.554253870597286,672.6457054822745,884.7366593628301,550.8651233677706,7.551659479009274e+27,12,29.8,
freMTPL2sev,TabPFN-v2.6,1.2-2.0,2,tail_log,50.0,1,2000,1000,1.2290445769431362,1.5548679166666666,18,-0.011512545201138542,-0.00912214879537356,-0.07826331665726932,-0.19650134029905283,673.4127206140138,905.08876858718,544.096613322863,2300.59434720197,11,29.8,
freMTPL2sev,TabPFN-v2.6,1.2-2.0,2,evt_trim,0.0,1,2000,1000,1.2290445769431362,1.5548679166666666,0,0.015883338955235637,-0.0034895830778733554,0.06908446965711834,0.21318379886166083,681.1191566564943,901.968689849121,535.3000454041018,332.682361618047,11,29.8,
freMTPL2sev,TabPFN-v2.6,1.2-2.0,2,sd_cap,1.2,1,2000,1000,1.2290445769431362,1.5548679166666666,1,0.025383005129739733,-0.004611801123865495,0.05853599585352835,0.18636090127548605,678.8092450671387,902.3699507622072,535.5711407947267,336.15618152039065,11,29.8,
freMTPL2sev,TabPFN-v2.6,1.2-2.0,2,rank_emp,0.0,1,2000,1000,1.2290445769431362,1.5548679166666666,2000,-0.01649778386664817,0.36792992165207217,-0.02754876753030476,6.631874814709398,669.9333385024679,883.6714997179675,479.71751016312237,184.51773387000017,9,29.8,
freMTPL2sev,TabPFN-v2.6,1.2-2.0,2,rank_gpd,0.0,1,2000,1000,1.2290445769431362,1.5548679166666666,2000,-0.01649778386664817,0.3506013935503691,0.024193179191977388,3221.1855304842547,669.9333385024679,883.7118449725647,504.57696514490743,46325913.0071152,9,29.8,
freMTPL2sev,TabPFN-v2.6,1.2-2.0,2,rank_gpd_trim,0.0,1,2000,1000,1.2290445769431362,1.5548679166666666,2000,-0.01649778386664817,0.3512635536009233,-0.007205316875595259,1762.3286202472805,669.9333385024679,883.679885247085,509.21849249160715,14374712.607253531,10,29.8,
freMTPL2sev,TabPFN-v2.6,1.2-2.0,2,rank_exp,0.0,1,2000,1000,1.2290445769431362,1.5548679166666666,2000,-0.019572905213775808,0.3452549750905599,-0.0743198714057157,-0.01744706969174728,670.0675687622619,891.8758312194112,540.6720753856844,330.17093017224823,11,29.8,
freMTPL2sev,TabPFN-V3,1.2-2.0,3,without_max,0.0,1,2000,1000,1.3200845992013304,1.269595762753249,0,0.0,0.0,0.0,0.0,555.0404860449219,700.9448397524413,394.3707138656251,126.48039591390628,15,16.2,
freMTPL2sev,TabPFN-V3,1.2-2.0,3,raw,0.0,1,2000,1000,1.3200845992013304,1.269595762753249,0,-0.029387927339281257,-0.04706459220371233,0.019759075622685533,0.12973306306334081,557.8830745153808,703.1062821206054,397.5855088802735,129.24871268343756,15,16.2,
freMTPL2sev,TabPFN-V3,1.2-2.0,3,clip,50.0,1,2000,1000,1.3200845992013304,1.269595762753249,13,0.0019126991828435505,0.0703572235794257,0.14356212153838083,-0.5010748663567115,553.226780739746,699.9344330532227,389.8381064095704,208.66724298226563,13,16.2,
freMTPL2sev,TabPFN-V3,1.2-2.0,3,clip,200.0,1,2000,1000,1.3200845992013304,1.269595762753249,5,0.016789604859024705,0.05532187150845884,0.011154579018519446,-0.18925263491834193,553.8636572314455,700.8685276894531,395.6408739681641,153.19256435921875,15,16.2,
freMTPL2sev,TabPFN-V3,1.2-2.0,3,log,0.0,1,2000,1000,1.3200845992013304,1.269595762753249,0,0.025712693338110257,0.23643816228424205,0.3235773892575986,0.12487304339128383,553.903946997302,711.6634051368186,386.609715713869,180.4902958945685,9,16.2,
freMTPL2sev,TabPFN-V3,1.2-2.0,3,tail_log,50.0,1,2000,1000,1.3200845992013304,1.269595762753249,13,0.008829616239097619,0.032942682781503786,0.037021743768056725,-0.1869900279952214,553.89110164917,701.1906860170899,396.10407684911263,204.5410656061552,15,16.2,
freMTPL2sev,TabPFN-V3,1.2-2.0,3,evt_trim,0.0,1,2000,1000,1.3200845992013304,1.269595762753249,0,-0.029387927339281257,-0.04706459220371233,0.019759075622685533,0.12973306306334081,557.8830745153808,703.1062821206054,397.5855088802735,129.24871268343756,15,16.2,
freMTPL2sev,TabPFN-V3,1.2-2.0,3,sd_cap,1.2,1,2000,1000,1.3200845992013304,1.269595762753249,2,-0.015967790448405003,-0.03309244485092882,0.03054801212489161,0.12824157683436238,556.6852708471679,702.9108657436525,394.15417373867194,126.23885065218755,15,16.2,
freMTPL2sev,TabPFN-V3,1.2-2.0,3,rank_emp,0.0,1,2000,1000,1.3200845992013304,1.269595762753249,2000,0.020481594831158894,0.2743744801328102,0.19643547032864453,2.0020895539530015,553.0778350175219,699.9113160045536,394.2140423528808,170.4291256007637,11,16.2,
freMTPL2sev,TabPFN-V3,1.2-2.0,3,rank_gpd,0.0,1,2000,1000,1.3200845992013304,1.269595762753249,2000,0.020481594831158894,0.26899848952416394,0.27184713559940576,0.4254980285203242,553.0778350175219,699.4039650439422,396.0593296717892,122.01972138141821,10,16.2,
freMTPL2sev,TabPFN-V3,1.2-2.0,3,rank_gpd_trim,0.0,1,2000,1000,1.3200845992013304,1.269595762753249,2000,0.020481594831158894,0.2695467212725598,0.2224593569329092,0.22672456935664698,553.0778350175219,699.416466055604,394.9871321027911,124.53055841522605,10,16.2,
freMTPL2sev,TabPFN-V3,1.2-2.0,3,rank_exp,0.0,1,2000,1000,1.3200845992013304,1.269595762753249,2000,0.007578232511589542,0.19738961186165055,0.2410868039184088,0.36241163378489805,552.6018600236691,697.0306009153633,389.5959120419449,125.7427039809615,9,16.2,
freMTPL2sev,TabPFN-v2.5,1.2-2.0,3,without_max,0.0,1,2000,1000,1.3200845992013304,1.269595762753249,0,0.0,0.0,0.0,0.0,571.3526273376465,711.4364652480469,381.7242024740235,170.72539949007816,17,23.3,
freMTPL2sev,TabPFN-v2.5,1.2-2.0,3,raw,0.0,1,2000,1000,1.3200845992013304,1.269595762753249,0,0.05068024313747158,0.13956051944371647,0.042159095732008905,0.26493035223279493,563.1939052246095,702.7348221743165,379.492694646875,145.01095902132818,15,23.3,
freMTPL2sev,TabPFN-v2.5,1.2-2.0,3,clip,50.0,1,2000,1000,1.3200845992013304,1.269595762753249,13,0.1179701601920895,0.4291919891802342,0.12212824282150886,-0.3890342093626241,554.0217018481446,698.1254451650391,390.73310785000007,241.52338559457033,13,23.3,
freMTPL2sev,TabPFN-v2.5,1.2-2.0,3,clip,200.0,1,2000,1000,1.3200845992013304,1.269595762753249,5,0.10627180435478129,0.0955243158771508,0.09564125002907928,-0.20382933651144347,556.3628405151367,703.437381546875,380.3528103500001,195.82445702328124,14,23.3,
freMTPL2sev,TabPFN-v2.5,1.2-2.0,3,log,0.0,1,2000,1000,1.3200845992013304,1.269595762753249,0,0.12527619858961603,0.39024291571954484,-0.008321400478152378,-0.17332251618121253,553.5312749612257,697.305061807746,398.79241172481375,196.035450846942,16,23.3,
freMTPL2sev,TabPFN-v2.5,1.2-2.0,3,tail_log,50.0,1,2000,1000,1.3200845992013304,1.269595762753249,13,0.14461020581100753,0.37387766981863535,0.09326713305722761,-0.25370680794847633,555.9662460595704,699.3952829042969,382.7727478207032,202.14547920903706,12,23.3,
freMTPL2sev,TabPFN-v2.5,1.2-2.0,3,evt_trim,0.0,1,2000,1000,1.3200845992013304,1.269595762753249,0,0.05068024313747158,0.13956051944371647,0.042159095732008905,0.26493035223279493,563.1939052246095,702.7348221743165,379.492694646875,145.01095902132818,15,23.3,
freMTPL2sev,TabPFN-v2.5,1.2-2.0,3,sd_cap,1.2,1,2000,1000,1.3200845992013304,1.269595762753249,2,0.025893884487937915,0.08976073588360967,0.06169191447643088,0.2008211788165315,566.6358281481934,705.1899537661134,379.25016064785166,152.95567344125,15,23.3,
freMTPL2sev,TabPFN-v2.5,1.2-2.0,3,rank_emp,0.0,1,2000,1000,1.3200845992013304,1.269595762753249,2000,0.12574294107580564,0.4649639164242596,0.1378098351558687,0.968044613966976,552.8122342603149,698.0477539837153,383.51394510719786,123.6771707325954,11,23.3,
freMTPL2sev,TabPFN-v2.5,1.2-2.0,3,rank_gpd,0.0,1,2000,1000,1.3200845992013304,1.269595762753249,2000,0.12574294107580564,0.46547540488882405,0.2452839119071231,0.36665072347429256,552.8122342603149,698.4734242955335,379.6863801277657,154.5573000368978,10,23.3,
freMTPL2sev,TabPFN-v2.5,1.2-2.0,3,rank_gpd_trim,0.0,1,2000,1000,1.3200845992013304,1.269595762753249,2000,0.12574294107580564,0.4658140012577041,0.1873722337629232,0.21435955299208959,552.8122342603149,698.4685321920803,380.93707233328325,162.58514611945964,11,23.3,
freMTPL2sev,TabPFN-v2.5,1.2-2.0,3,rank_exp,0.0,1,2000,1000,1.3200845992013304,1.269595762753249,2000,0.12817954347354454,0.7259949407725177,0.404137943662473,0.002645383944058626,552.2961451067373,705.7018014096332,382.25598206830165,180.569214548287,7,23.3,
freMTPL2sev,TabPFN-v2.6,1.2-2.0,3,without_max,0.0,1,2000,1000,1.3200845992013304,1.269595762753249,0,0.0,0.0,0.0,0.0,568.6959940893555,703.4766684389649,371.9459724984376,167.65477769125002,11,30.5,
freMTPL2sev,TabPFN-v2.6,1.2-2.0,3,raw,0.0,1,2000,1000,1.3200845992013304,1.269595762753249,0,0.029242997997515337,0.023209461711379165,-0.20899626916607356,0.3061568746648465,589.8691729248047,701.6236042275391,394.48209670742193,133.559964894375,16,30.5,
freMTPL2sev,TabPFN-v2.6,1.2-2.0,3,clip,50.0,1,2000,1000,1.3200845992013304,1.269595762753249,13,-0.0980322026195101,-0.04130924709025676,-0.1396333126661213,-0.6261695943016858,558.8930161157226,699.2930105654297,402.0773986361329,276.97632339925786,18,30.5,
freMTPL2sev,TabPFN-v2.6,1.2-2.0,3,clip,200.0,1,2000,1000,1.3200845992013304,1.269595762753249,5,-0.056676129335971964,-0.03636050234370713,0.10623844460848886,-0.31415628531588413,561.7795658605958,702.0626123891601,380.3182465462892,216.519672675625,11,30.5,
freMTPL2sev,TabPFN-v2.6,1.2-2.0,3,log,0.0,1,2000,1000,1.3200845992013304,1.269595762753249,0,-0.0844738896936716,0.03162575184992783,-0.05776823335848872,2.805235849221564,554.0877310443036,698.048627931779,390.4708673143288,2.4341755012128137e+19,14,30.5,
freMTPL2sev,TabPFN-v2.6,1.2-2.0,3,tail_log,50.0,1,2000,1000,1.3200845992013304,1.269595762753249,13,-0.07421652716511895,-0.03811095582067152,0.14375711955324114,-0.4365385790786469,556.5032191601562,702.0035313344725,388.25014437768175,125448.63767940605,12,30.5,
freMTPL2sev,TabPFN-v2.6,1.2-2.0,3,evt_trim,0.0,1,2000,1000,1.3200845992013304,1.269595762753249,0,0.029242997997515337,0.023209461711379165,-0.20899626916607356,0.3061568746648465,589.8691729248047,701.6236042275391,394.48209670742193,133.559964894375,16,30.5,
freMTPL2sev,TabPFN-v2.6,1.2-2.0,3,sd_cap,1.2,1,2000,1000,1.3200845992013304,1.269595762753249,2,-0.009552039875787573,0.010854501684432229,-0.06860688852479649,0.17238950187700314,574.0986311047363,701.7648270693359,383.813270066797,146.15364560921878,15,30.5,
freMTPL2sev,TabPFN-v2.6,1.2-2.0,3,rank_emp,0.0,1,2000,1000,1.3200845992013304,1.269595762753249,2000,-0.053865172160015226,0.2954183226600182,-0.003324665238774757,9.313652413569137,551.9273976081879,700.9769726133782,403.5940489377892,379.6331316416954,14,30.5,
freMTPL2sev,TabPFN-v2.6,1.2-2.0,3,rank_gpd,0.0,1,2000,1000,1.3200845992013304,1.269595762753249,2000,-0.053865172160015226,0.2938299074660083,0.03221112814010634,90.5953297301277,551.9273976081879,700.4407943029623,390.2356436767455,78504273.97923325,12,30.5,
freMTPL2sev,TabPFN-v2.6,1.2-2.0,3,rank_gpd_trim,0.0,1,2000,1000,1.3200845992013304,1.269595762753249,2000,-0.053865172160015226,0.294221039262309,-0.0073381500929639585,58.609497761733124,551.9273976081879,700.4399539571467,389.9421608072218,18759648.427299585,13,30.5,
freMTPL2sev,TabPFN-v2.6,1.2-2.0,3,rank_exp,0.0,1,2000,1000,1.3200845992013304,1.269595762753249,2000,-0.05374863825950961,0.2924872962919587,-0.05164835122828758,-0.3188195751793449,552.9209867172549,699.6892638791443,376.8425623039352,209.28213369647756,13,30.5,
freMTPL2sev,TabPFN-V3,1.2-2.0,4,without_max,0.0,1,2000,1000,1.716189778401475,1.813200223480616,0,0.0,0.0,0.0,0.0,1088.857034489746,1641.1610893886718,1331.5742739291015,929.8115577049218,38,16.1,
freMTPL2sev,TabPFN-V3,1.2-2.0,4,raw,0.0,1,2000,1000,1.716189778401475,1.813200223480616,0,-0.03950699350450622,0.005032537511155521,-0.014045482030501214,0.03218645771059771,1094.3860083886718,1651.7534717348635,1336.4188929623049,935.3678266053123,38,16.1,
freMTPL2sev,TabPFN-V3,1.2-2.0,4,clip,50.0,1,2000,1000,1.716189778401475,1.813200223480616,16,-0.0025248655589125805,0.009785359309140713,0.1111235484329331,-0.37143179218003425,1088.9110009631347,1638.447189815918,1295.2907889925784,1023.6089156736717,33,16.1,
freMTPL2sev,TabPFN-V3,1.2-2.0,4,clip,200.0,1,2000,1000,1.716189778401475,1.813200223480616,3,-0.00044815825704887626,-0.04075055657382441,0.013946691390063553,-0.18452465559033646,1088.8087249401854,1644.5614682656249,1324.7074325521485,971.6606173914452,37,16.1,
freMTPL2sev,TabPFN-V3,1.2-2.0,4,log,0.0,1,2000,1000,1.716189778401475,1.813200223480616,0,0.0007986743890863826,0.16880810585588585,0.34001491281590157,0.3237712193248604,1088.860465327593,1623.1029498015675,1279.165969388181,937.6087030341151,26,16.1,
freMTPL2sev,TabPFN-V3,1.2-2.0,4,tail_log,50.0,1,2000,1000,1.716189778401475,1.813200223480616,16,-0.004627314240136075,-0.052053751878550145,0.03000373775901441,-0.16053279227720474,1088.9325155737304,1644.8796335537108,1320.7661440124507,979.7887152436273,36,16.1,
freMTPL2sev,TabPFN-V3,1.2-2.0,4,evt_trim,0.0,1,2000,1000,1.716189778401475,1.813200223480616,0,-0.03950699350450622,0.005032537511155521,-0.014045482030501214,0.03218645771059771,1094.3860083886718,1651.7534717348635,1336.4188929623049,935.3678266053123,38,16.1,
freMTPL2sev,TabPFN-V3,1.2-2.0,4,sd_cap,1.2,1,2000,1000,1.716189778401475,1.813200223480616,2,-0.0005177915994606474,0.0011814841642815012,-0.005181103149875885,-0.0313083168784368,1089.3049080200196,1643.1633923623049,1334.1750234408205,938.6240438621484,38,16.1,
freMTPL2sev,TabPFN-V3,1.2-2.0,4,rank_emp,0.0,1,2000,1000,1.716189778401475,1.813200223480616,2000,-0.0012335828204674162,0.20280576552061613,0.3125792622820258,0.6323326745693074,1088.1759805695242,1614.181701382368,1278.3330485356341,872.0170890185619,27,16.1,
freMTPL2sev,TabPFN-V3,1.2-2.0,4,rank_gpd,0.0,1,2000,1000,1.716189778401475,1.813200223480616,2000,-0.0012335828204674162,0.20181012983109362,0.359178330696569,0.4615810020941165,1088.1759805695242,1614.8897280831827,1269.100052206655,854.4549039204294,23,16.1,
freMTPL2sev,TabPFN-V3,1.2-2.0,4,rank_gpd_trim,0.0,1,2000,1000,1.716189778401475,1.813200223480616,2000,-0.0012335828204674162,0.20248377976128784,0.30072941846199697,0.24748702639350506,1088.1759805695242,1614.7936759795646,1274.9407839245116,859.4745953255888,27,16.1,
freMTPL2sev,TabPFN-V3,1.2-2.0,4,rank_exp,0.0,1,2000,1000,1.716189778401475,1.813200223480616,2000,-0.005744119168442127,0.14522548939098961,0.22738190889967122,0.1251505084717637,1089.0107042858453,1621.6585882775003,1289.011292679395,879.0951498819811,27,16.1,
freMTPL2sev,TabPFN-v2.5,1.2-2.0,4,without_max,0.0,1,2000,1000,1.716189778401475,1.813200223480616,0,0.0,0.0,0.0,0.0,1095.6210841210936,1662.0005734780273,1286.4660124056643,1024.742140559414,30,22.6,
freMTPL2sev,TabPFN-v2.5,1.2-2.0,4,raw,0.0,1,2000,1000,1.716189778401475,1.813200223480616,0,-0.07858085988464147,0.09041435616521512,-0.25905139856771797,0.34727460186356623,1111.9541835412597,1657.6115946474608,1329.403530613672,950.2161442264062,39,22.6,
freMTPL2sev,TabPFN-v2.5,1.2-2.0,4,clip,50.0,1,2000,1000,1.716189778401475,1.813200223480616,16,0.05095164028858776,0.41423299016627024,-0.1574060317630191,-0.2797358525588703,1088.8655600939942,1618.40375115625,1316.9494274984374,1107.564408376797,32,22.6,
freMTPL2sev,TabPFN-v2.5,1.2-2.0,4,clip,200.0,1,2000,1000,1.716189778401475,1.813200223480616,3,0.06106958952674382,0.22849702489209978,0.006479917081061545,-0.045292275622343836,1088.9227473364258,1628.024346544434,1281.7268945443361,1035.3027957459374,31,22.6,
freMTPL2sev,TabPFN-v2.5,1.2-2.0,4,log,0.0,1,2000,1000,1.716189778401475,1.813200223480616,0,0.049765342051368545,0.3769913551095967,-0.10893590269111728,0.19430772459662293,1088.8833426584401,1621.2537931884551,1316.5272726896308,993.1011751108961,33,22.6,
freMTPL2sev,TabPFN-v2.5,1.2-2.0,4,tail_log,50.0,1,2000,1000,1.716189778401475,1.813200223480616,16,0.06437399985347118,0.4525291149268917,0.030286110607279534,0.023064481439377442,1088.7883821130372,1614.7801214370118,1280.5303648148717,1023.0443863697005,30,22.6,
freMTPL2sev,TabPFN-v2.5,1.2-2.0,4,evt_trim,0.0,1,2000,1000,1.716189778401475,1.813200223480616,0,-0.07858085988464147,0.09041435616521512,-0.25905139856771797,0.34727460186356623,1111.9541835412597,1657.6115946474608,1329.403530613672,950.2161442264062,39,22.6,
freMTPL2sev,TabPFN-v2.5,1.2-2.0,4,sd_cap,1.2,1,2000,1000,1.716189778401475,1.813200223480616,2,0.002920568102644805,0.008966515596705513,0.0014012124699910441,0.030792960497029447,1095.0432265405273,1663.2167912929688,1284.3279946810546,1009.8490184266017,29,22.6,
freMTPL2sev,TabPFN-v2.5,1.2-2.0,4,rank_emp,0.0,1,2000,1000,1.716189778401475,1.813200223480616,2000,0.04464882832900249,0.40328390630598965,-0.05540802632520288,0.5435500893604113,1088.354723419178,1618.8424064369324,1308.6490220078724,939.1892564194663,29,22.6,
freMTPL2sev,TabPFN-v2.5,1.2-2.0,4,rank_gpd,0.0,1,2000,1000,1.716189778401475,1.813200223480616,2000,0.04464882832900249,0.4018164045591458,-0.025343922670414413,0.41546460659920054,1088.354723419178,1618.777068484787,1301.8221075388344,948.4010079702488,29,22.6,
freMTPL2sev,TabPFN-v2.5,1.2-2.0,4,rank_gpd_trim,0.0,1,2000,1000,1.716189778401475,1.813200223480616,2000,0.04464882832900249,0.40217778285498224,-0.05731755343574155,0.26111700207879396,1088.354723419178,1618.7018392732273,1306.3899817481965,979.0052974765994,30,22.6,
freMTPL2sev,TabPFN-v2.5,1.2-2.0,4,rank_exp,0.0,1,2000,1000,1.716189778401475,1.813200223480616,2000,0.041038852245977156,0.411378291279854,0.09013338292155018,0.09649437595914702,1088.03659526436,1613.0205973024383,1270.8053868135119,990.2389744375292,29,22.6,
freMTPL2sev,TabPFN-v2.6,1.2-2.0,4,without_max,0.0,1,2000,1000,1.716189778401475,1.813200223480616,0,0.0,0.0,0.0,0.0,1096.7270553149413,1646.4859532314456,1309.8068534896486,971.7236522771875,35,30.0,
freMTPL2sev,TabPFN-v2.6,1.2-2.0,4,raw,0.0,1,2000,1000,1.716189778401475,1.813200223480616,0,0.07434792694904638,0.031091577857352448,-0.2648373647478928,0.4131016990436682,1109.5213369128417,1641.5726833901365,1387.3027061947266,909.566538390469,53,30.0,
freMTPL2sev,TabPFN-v2.6,1.2-2.0,4,clip,50.0,1,2000,1000,1.716189778401475,1.813200223480616,16,-0.02844956248552577,-0.048871129492785166,-0.1250274861207038,-0.524149010264734,1093.7917669433593,1646.5826527968752,1317.2733405501954,1160.2371243269922,34,30.0,
freMTPL2sev,TabPFN-v2.6,1.2-2.0,4,clip,200.0,1,2000,1000,1.716189778401475,1.813200223480616,3,-0.031445836998391874,-0.019845185380249177,-0.03271842583421438,-0.2487566598144567,1096.5004673156739,1648.0740989931642,1295.4333214632813,1048.0725855428122,32,30.0,
freMTPL2sev,TabPFN-v2.6,1.2-2.0,4,log,0.0,1,2000,1000,1.716189778401475,1.813200223480616,0,-0.018083006866744057,-0.005517569000351082,0.007318135444287187,1.8667867243505047,1092.4288603416687,1634.3648852215265,1306.9996861520833,7.854725767003912e+29,34,30.0,
freMTPL2sev,TabPFN-v2.6,1.2-2.0,4,tail_log,50.0,1,2000,1000,1.716189778401475,1.813200223480616,16,-0.02290484764031424,-0.020577537475356317,-0.049982090823175326,-0.31502170610113434,1095.4047716711425,1647.9044471669924,1290.974949932707,1068.5405046080448,32,30.0,
freMTPL2sev,TabPFN-v2.6,1.2-2.0,4,evt_trim,0.0,1,2000,1000,1.716189778401475,1.813200223480616,0,0.07434792694904638,0.031091577857352448,-0.2648373647478928,0.4131016990436682,1109.5213369128417,1641.5726833901365,1387.3027061947266,909.566538390469,53,30.0,
freMTPL2sev,TabPFN-v2.6,1.2-2.0,4,sd_cap,1.2,1,2000,1000,1.716189778401475,1.813200223480616,2,0.022228311918326984,-0.009688360091207078,0.003898058472788585,0.029878393424130907,1096.8565359936524,1645.609934383789,1314.8000881039063,964.5857671033593,40,30.0,
freMTPL2sev,TabPFN-v2.6,1.2-2.0,4,rank_emp,0.0,1,2000,1000,1.716189778401475,1.813200223480616,2000,-0.0006057312104329112,0.2487037604992116,0.029266203403235755,14.022606476546482,1088.2910894120416,1615.956584545811,1311.0233548590008,727.8885845412599,31,30.0,
freMTPL2sev,TabPFN-v2.6,1.2-2.0,4,rank_gpd,0.0,1,2000,1000,1.716189778401475,1.813200223480616,2000,-0.0006057312104329112,0.24792866556632392,0.049123975841101626,21.496356333173246,1088.2910894120416,1615.7753406915745,1298.7653939053462,12703505.822113946,30,30.0,
freMTPL2sev,TabPFN-v2.6,1.2-2.0,4,rank_gpd_trim,0.0,1,2000,1000,1.716189778401475,1.813200223480616,2000,-0.0006057312104329112,0.24865350321348356,0.008690651059780626,14.10682526221584,1088.2910894120416,1615.6247683212232,1300.4058481128905,2164345.8717944785,31,30.0,
freMTPL2sev,TabPFN-v2.6,1.2-2.0,4,rank_exp,0.0,1,2000,1000,1.716189778401475,1.813200223480616,2000,-0.0013182090554535145,0.25392589346289207,-0.026586739769217035,-0.2863570129646067,1088.11859467791,1613.9512773297931,1294.2963235622474,1033.832992385473,32,30.0,
freMTPL2sev,TabPFN-V3,2.0-4.0,0,without_max,0.0,1,2000,1000,3.3654973474458685,4.5270301959133405,0,0.0,0.0,0.0,0.0,1469.8281374523926,2340.3518100991214,2126.994051677149,1764.025052174063,14,16.7,
freMTPL2sev,TabPFN-V3,2.0-4.0,0,raw,0.0,1,2000,1000,3.3654973474458685,4.5270301959133405,0,-0.0724384088880576,0.14776350628548296,-0.18322107792833747,-0.13573682336513476,1482.8302517150878,2327.8839737246094,2127.645512101953,1799.4024765314844,20,16.7,
freMTPL2sev,TabPFN-V3,2.0-4.0,0,clip,50.0,1,2000,1000,3.3654973474458685,4.5270301959133405,23,0.011820058944139001,0.11124417877940643,0.07530757817794487,-0.5641024523014151,1467.8841919628908,2324.57224178125,2102.7703095726565,1879.7671374533593,13,16.7,
freMTPL2sev,TabPFN-V3,2.0-4.0,0,clip,200.0,1,2000,1000,3.3654973474458685,4.5270301959133405,5,0.011675747469271178,-0.01937932509270279,0.025142045835129204,-0.18507929542308238,1468.6491740368651,2339.7110129873045,2120.849642927149,1791.1063592756252,14,16.7,
freMTPL2sev,TabPFN-V3,2.0-4.0,0,log,0.0,1,2000,1000,3.3654973474458685,4.5270301959133405,0,0.024854580810076417,0.2408020004449533,0.35791595375963303,0.5580398386418147,1467.3232503909812,2312.2393432873896,2108.2035305951176,1710.28180852182,11,16.7,
freMTPL2sev,TabPFN-V3,2.0-4.0,0,tail_log,50.0,1,2000,1000,3.3654973474458685,4.5270301959133405,23,0.011270017857449868,-0.034896997506771686,0.016987603723189353,-0.029678312593876387,1468.511055128174,2341.2102372207037,2118.703342506849,1795.519121058795,14,16.7,
freMTPL2sev,TabPFN-V3,2.0-4.0,0,evt_trim,0.0,1,2000,1000,3.3654973474458685,4.5270301959133405,0,-0.0724384088880576,0.14776350628548296,-0.18322107792833747,-0.13573682336513476,1482.8302517150878,2327.8839737246094,2127.645512101953,1799.4024765314844,20,16.7,
freMTPL2sev,TabPFN-V3,2.0-4.0,0,sd_cap,1.2,1,2000,1000,3.3654973474458685,4.5270301959133405,2,-0.013904950645581251,-0.0017600586604003886,-0.017160014654227798,0.03383905523162838,1471.1761618933108,2342.0999106752934,2129.9816203587893,1753.082194599844,14,16.7,
freMTPL2sev,TabPFN-V3,2.0-4.0,0,rank_emp,0.0,1,2000,1000,3.3654973474458685,4.5270301959133405,2000,0.024961864170528147,0.2868419437377243,0.2696732281584261,0.529941010359202,1467.0722701079399,2313.0280431592064,2130.8224756523355,1679.768281663189,13,16.7,
freMTPL2sev,TabPFN-V3,2.0-4.0,0,rank_gpd,0.0,1,2000,1000,3.3654973474458685,4.5270301959133405,2000,0.024961864170528147,0.2863018835967784,0.19310169028167584,0.5066526045001556,1467.0722701079399,2312.8301349812464,2106.9511432500353,1669.891955527611,12,16.7,
freMTPL2sev,TabPFN-V3,2.0-4.0,0,rank_gpd_trim,0.0,1,2000,1000,3.3654973474458685,4.5270301959133405,2000,0.024961864170528147,0.28652067311973717,0.11997212113535301,0.20800058079285527,1467.0722701079399,2312.739103810671,2106.4456694658306,1708.4674158455125,13,16.7,
freMTPL2sev,TabPFN-V3,2.0-4.0,0,rank_exp,0.0,1,2000,1000,3.3654973474458685,4.5270301959133405,2000,0.013729595499162781,0.23242428177734506,0.15316497951352845,0.46962854689439615,1467.5854729740824,2315.29847655658,2119.3964957998637,1681.9993483896349,13,16.7,
freMTPL2sev,TabPFN-v2.5,2.0-4.0,0,without_max,0.0,1,2000,1000,3.3654973474458685,4.5270301959133405,0,0.0,0.0,0.0,0.0,1496.8247488061525,2359.178700267578,2119.2220636937504,1831.7958825842186,18,22.9,
freMTPL2sev,TabPFN-v2.5,2.0-4.0,0,raw,0.0,1,2000,1000,3.3654973474458685,4.5270301959133405,0,0.10422424245258032,0.32225976394639977,-0.16709820472358045,1.0880502710654587,1478.1384594445801,2322.6053441567383,2138.4881343626953,1700.9008781037503,22,22.9,
freMTPL2sev,TabPFN-v2.5,2.0-4.0,0,clip,50.0,1,2000,1000,3.3654973474458685,4.5270301959133405,23,0.17462755532529012,0.5718281911026902,0.09150813393835391,-0.44809376608793416,1468.1485769281007,2317.226812577149,2105.949999470117,1919.910951878164,16,22.9,
freMTPL2sev,TabPFN-v2.5,2.0-4.0,0,clip,200.0,1,2000,1000,3.3654973474458685,4.5270301959133405,5,0.13846949224515534,0.09454703972281216,0.11192429029624193,-0.053450513033453065,1472.6086146716307,2330.815380360351,2110.754771706446,1832.7937876642966,15,22.9,
freMTPL2sev,TabPFN-v2.5,2.0-4.0,0,log,0.0,1,2000,1000,3.3654973474458685,4.5270301959133405,0,0.18014621501754352,0.3937578484070703,0.02203568828122844,0.49817505092293796,1467.7063007515433,2322.4118634471615,2115.047279637972,1779.3406638081694,16,22.9,
freMTPL2sev,TabPFN-v2.5,2.0-4.0,0,tail_log,50.0,1,2000,1000,3.3654973474458685,4.5270301959133405,23,0.15809837364170576,0.3768276611312008,0.192667410139998,0.09135058716450746,1470.2133613269043,2325.837051148926,2108.707529321581,1818.928363852971,15,22.9,
freMTPL2sev,TabPFN-v2.5,2.0-4.0,0,evt_trim,0.0,1,2000,1000,3.3654973474458685,4.5270301959133405,0,0.10422424245258032,0.32225976394639977,-0.16709820472358045,1.0880502710654587,1478.1384594445801,2322.6053441567383,2138.4881343626953,1700.9008781037503,22,22.9,
freMTPL2sev,TabPFN-v2.5,2.0-4.0,0,sd_cap,1.2,1,2000,1000,3.3654973474458685,4.5270301959133405,2,0.01377786521978104,0.0073660186886759585,0.04030320391164332,0.10141834198006809,1493.450445817871,2358.093307694336,2117.514555158594,1818.8756556740625,16,22.9,
freMTPL2sev,TabPFN-v2.5,2.0-4.0,0,rank_emp,0.0,1,2000,1000,3.3654973474458685,4.5270301959133405,2000,0.18951255705972453,0.4777281518111645,0.25025436336942253,0.4141135577503411,1468.5929212871497,2317.5726892702264,2106.412006103467,1817.4014316047887,14,22.9,
freMTPL2sev,TabPFN-v2.5,2.0-4.0,0,rank_gpd,0.0,1,2000,1000,3.3654973474458685,4.5270301959133405,2000,0.18951255705972453,0.4761989356065371,0.24739106782079381,0.2821204227308858,1468.5929212871497,2317.5907115335567,2100.152113743933,1824.5538860449685,14,22.9,
freMTPL2sev,TabPFN-v2.5,2.0-4.0,0,rank_gpd_trim,0.0,1,2000,1000,3.3654973474458685,4.5270301959133405,2000,0.18951255705972453,0.47691236120777064,0.1858645375172025,0.110543499506707,1468.5929212871497,2317.5267544571047,2103.7218352944064,1840.2414181866973,16,22.9,
freMTPL2sev,TabPFN-v2.5,2.0-4.0,0,rank_exp,0.0,1,2000,1000,3.3654973474458685,4.5270301959133405,2000,0.1888518781360834,0.6732761818974657,0.49740171000618577,0.08086900234844134,1466.9995627156923,2321.3839093040747,2095.9968650484493,1815.657789643652,11,22.9,
freMTPL2sev,TabPFN-v2.6,2.0-4.0,0,without_max,0.0,1,2000,1000,3.3654973474458685,4.5270301959133405,0,0.0,0.0,0.0,0.0,1473.6600607116702,2336.970126529785,2132.3486342625974,1854.318242871328,14,29.4,
freMTPL2sev,TabPFN-v2.6,2.0-4.0,0,raw,0.0,1,2000,1000,3.3654973474458685,4.5270301959133405,0,-0.20355320252975656,0.22362070996949573,-0.5642802252773809,1.3176083239998506,1495.1115927282715,2319.9667001088865,2226.100203818262,1728.7217492907616,37,29.4,
freMTPL2sev,TabPFN-v2.6,2.0-4.0,0,clip,50.0,1,2000,1000,3.3654973474458685,4.5270301959133405,23,-0.09684368209885316,-0.06122920717903639,-0.37899871546675096,-0.5865270115190375,1473.3049479309084,2338.754156541992,2124.0021139964842,1992.450514511953,18,29.4,
freMTPL2sev,TabPFN-v2.6,2.0-4.0,0,clip,200.0,1,2000,1000,3.3654973474458685,4.5270301959133405,5,-0.08004348537360315,-0.03513300755305619,-0.14691218602857842,-0.27635942151332527,1470.4188891650392,2340.8259301650387,2100.0932821019533,1904.7137595490626,14,29.4,
freMTPL2sev,TabPFN-v2.6,2.0-4.0,0,log,0.0,1,2000,1000,3.3654973474458685,4.5270301959133405,0,-0.0761800776891603,0.03970518965670729,-0.06340924669347409,15.992096541621255,1470.050574844833,2330.2280058958863,2122.373601783277,268665.76660690625,13,29.4,
freMTPL2sev,TabPFN-v2.6,2.0-4.0,0,tail_log,50.0,1,2000,1000,3.3654973474458685,4.5270301959133405,23,-0.0676256358209846,-0.04244508619008709,-0.18214232801903923,-0.33946781199679577,1469.5296910876466,2341.1469407314453,2101.9188553587896,1923.5141812759848,14,29.4,
freMTPL2sev,TabPFN-v2.6,2.0-4.0,0,evt_trim,0.0,1,2000,1000,3.3654973474458685,4.5270301959133405,0,-0.20355320252975656,0.22362070996949573,-0.5642802252773809,1.3176083239998506,1495.1115927282715,2319.9667001088865,2226.100203818262,1728.7217492907616,37,29.4,
freMTPL2sev,TabPFN-v2.6,2.0-4.0,0,sd_cap,1.2,1,2000,1000,3.3654973474458685,4.5270301959133405,2,-0.0006616370055852112,0.025563584600770566,0.09671529863714301,0.13106351294460516,1478.832610263672,2334.923385360352,2113.61112605459,1832.2073865236716,15,29.4,
freMTPL2sev,TabPFN-v2.6,2.0-4.0,0,rank_emp,0.0,1,2000,1000,3.3654973474458685,4.5270301959133405,2000,-0.04609964507850546,0.3463296999271209,0.4220837370997757,33.975310248266695,1466.6172776995288,2318.0314957557675,2144.4566184898454,1340.7923022554792,11,29.4,
freMTPL2sev,TabPFN-v2.6,2.0-4.0,0,rank_gpd,0.0,1,2000,1000,3.3654973474458685,4.5270301959133405,2000,-0.04609964507850546,0.34998393025958874,0.2488451450019078,336913.4847514696,1466.6172776995288,2317.850805953257,2134.2689214637458,49035422161.92406,11,29.4,
freMTPL2sev,TabPFN-v2.6,2.0-4.0,0,rank_gpd_trim,0.0,1,2000,1000,3.3654973474458685,4.5270301959133405,2000,-0.04609964507850546,0.3517601598566471,0.18002005160284407,111497.681954328,1466.6172776995288,2317.8707658697267,2124.0181628121004,7360783556.0772295,11,29.4,
freMTPL2sev,TabPFN-v2.6,2.0-4.0,0,rank_exp,0.0,1,2000,1000,3.3654973474458685,4.5270301959133405,2000,-0.0496200572768193,0.3769763821319122,-0.12529228662168942,-0.06058942692077451,1466.6538728091,2317.5671752426642,2107.6893645964337,1845.4784233821088,12,29.4,
freMTPL2sev,TabPFN-V3,2.0-4.0,1,without_max,0.0,1,2000,1000,3.0002932967580054,4.885431993960122,0,0.0,0.0,0.0,0.0,891.6072759533691,1292.131007427246,884.7445731853517,426.20453289031263,24,16.1,
freMTPL2sev,TabPFN-V3,2.0-4.0,1,raw,0.0,1,2000,1000,3.0002932967580054,4.885431993960122,0,-0.035891903211007534,0.18019877138845491,-0.08731881760183838,0.0942358011290097,897.2412369665527,1269.142636680176,896.1954375310546,358.4064053825001,26,16.1,
freMTPL2sev,TabPFN-V3,2.0-4.0,1,clip,50.0,1,2000,1000,3.0002932967580054,4.885431993960122,18,0.02235627171451127,0.115452250856528,0.13348197279151525,-0.5324990499481191,888.4181004663086,1279.7638313359375,852.265616246875,584.9807531188281,20,16.1,
freMTPL2sev,TabPFN-V3,2.0-4.0,1,clip,200.0,1,2000,1000,3.0002932967580054,4.885431993960122,6,0.028428950464273336,-0.003872880411261563,0.04655040198506223,-0.14947712155864873,888.5600528564453,1288.4316925834962,868.8327412200196,457.4523952360158,22,16.1,
freMTPL2sev,TabPFN-V3,2.0-4.0,1,log,0.0,1,2000,1000,3.0002932967580054,4.885431993960122,0,0.04090542970968113,0.21095877935145102,0.34164006397814645,0.4761034332535323,888.0329725276465,1273.71995251201,805.9307598810772,385.2441894344667,16,16.1,
freMTPL2sev,TabPFN-V3,2.0-4.0,1,tail_log,50.0,1,2000,1000,3.0002932967580054,4.885431993960122,18,0.026640167508787026,0.0038408699825030358,0.052356391898076546,0.07351844101448712,888.5512817529296,1290.203097505371,861.3258344273471,326.2576195797128,22,16.1,
freMTPL2sev,TabPFN-V3,2.0-4.0,1,evt_trim,0.0,1,2000,1000,3.0002932967580054,4.885431993960122,0,-0.035891903211007534,0.18019877138845491,-0.08731881760183838,0.0942358011290097,897.2412369665527,1269.142636680176,896.1954375310546,358.4064053825001,26,16.1,
freMTPL2sev,TabPFN-V3,2.0-4.0,1,sd_cap,1.2,1,2000,1000,3.0002932967580054,4.885431993960122,1,-0.01143329598687033,0.013608817765873332,0.01699350554175775,0.08350930295288685,893.1622760644532,1291.7746845146485,879.6703332170899,398.4530551969532,22,16.1,
freMTPL2sev,TabPFN-V3,2.0-4.0,1,rank_emp,0.0,1,2000,1000,3.0002932967580054,4.885431993960122,2000,0.0386263777954651,0.3020489571441106,0.2229092152869434,1.327165336233965,888.517362048301,1269.5156817972386,835.4600268039778,362.03147704778496,17,16.1,
freMTPL2sev,TabPFN-V3,2.0-4.0,1,rank_gpd,0.0,1,2000,1000,3.0002932967580054,4.885431993960122,2000,0.0386263777954651,0.29450017073080065,0.329395967143061,0.3633559620181276,888.517362048301,1269.4630844282208,819.9835617544031,344.5201020293742,15,16.1,
freMTPL2sev,TabPFN-V3,2.0-4.0,1,rank_gpd_trim,0.0,1,2000,1000,3.0002932967580054,4.885431993960122,2000,0.0386263777954651,0.29550769717358905,0.25482502181295946,0.1134089566017557,888.517362048301,1269.4456664965487,827.9787664567148,349.0965006417602,15,16.1,
freMTPL2sev,TabPFN-V3,2.0-4.0,1,rank_exp,0.0,1,2000,1000,3.0002932967580054,4.885431993960122,2000,0.029350061112103448,0.20833609807380693,0.2446013563464197,0.5285859575365922,887.8040918879833,1275.4727778326621,841.3429541839348,316.44876400436294,18,16.1,
freMTPL2sev,TabPFN-v2.5,2.0-4.0,1,without_max,0.0,1,2000,1000,3.0002932967580054,4.885431993960122,0,0.0,0.0,0.0,0.0,905.2774801452637,1307.4212662822265,863.9220503240234,501.31490166179697,23,22.3,
freMTPL2sev,TabPFN-v2.5,2.0-4.0,1,raw,0.0,1,2000,1000,3.0002932967580054,4.885431993960122,0,0.08884844472541156,0.25781635323365903,-0.25084494336580876,1.1816135642632761,895.6925131262205,1276.064473022949,905.7999358904297,350.8332409567189,28,22.3,
freMTPL2sev,TabPFN-v2.5,2.0-4.0,1,clip,50.0,1,2000,1000,3.0002932967580054,4.885431993960122,18,0.1197417050701016,0.29629268498324646,0.008645806899582408,-0.5246428988773468,887.9587927307128,1270.8387152910157,870.5260296746095,669.9482481451954,19,22.3,
freMTPL2sev,TabPFN-v2.5,2.0-4.0,1,clip,200.0,1,2000,1000,3.0002932967580054,4.885431993960122,6,0.09577598755707026,-0.008869642621737815,-0.06881831245357588,-0.21967995133156537,890.4945850683594,1296.9285538408203,873.6597911199218,560.3483583375781,23,22.3,
freMTPL2sev,TabPFN-v2.5,2.0-4.0,1,log,0.0,1,2000,1000,3.0002932967580054,4.885431993960122,0,0.12032365508019494,0.30141433331754736,-0.08368987736817765,0.039133515255438005,888.3113795247523,1271.7492266869936,880.1216174902988,429.8436420405482,24,22.3,
freMTPL2sev,TabPFN-v2.5,2.0-4.0,1,tail_log,50.0,1,2000,1000,3.0002932967580054,4.885431993960122,18,0.1148587849969476,0.04907972139362751,-0.0861165943960662,-0.17370513580773939,889.3315877917481,1288.0134341850587,874.8135343669923,536.0017515716047,24,22.3,
freMTPL2sev,TabPFN-v2.5,2.0-4.0,1,evt_trim,0.0,1,2000,1000,3.0002932967580054,4.885431993960122,0,0.08884844472541156,0.25781635323365903,-0.25084494336580876,1.1816135642632761,895.6925131262205,1276.064473022949,905.7999358904297,350.8332409567189,28,22.3,
freMTPL2sev,TabPFN-v2.5,2.0-4.0,1,sd_cap,1.2,1,2000,1000,3.0002932967580054,4.885431993960122,1,0.038692454822462585,0.032969045000162935,-0.049545319190110765,0.03570074978039929,899.3396043847655,1300.9623986772463,864.2154180168947,493.7206010387501,21,22.3,
freMTPL2sev,TabPFN-v2.5,2.0-4.0,1,rank_emp,0.0,1,2000,1000,3.0002932967580054,4.885431993960122,2000,0.13060224731689624,0.3965666782940819,0.009098494878595993,0.39089140259227073,887.3914635448484,1264.5427199017918,868.8035779953985,261.3361195718067,20,22.3,
freMTPL2sev,TabPFN-v2.5,2.0-4.0,1,rank_gpd,0.0,1,2000,1000,3.0002932967580054,4.885431993960122,2000,0.13060224731689624,0.3933111322215541,0.12458821041818076,0.168695141927002,887.3914635448484,1264.593681570169,857.2572273107794,410.895905981143,18,22.3,
freMTPL2sev,TabPFN-v2.5,2.0-4.0,1,rank_gpd_trim,0.0,1,2000,1000,3.0002932967580054,4.885431993960122,2000,0.13060224731689624,0.3938019694602705,0.058610618776297856,0.005547721348966159,887.3914635448484,1264.5261330286944,863.9018028264222,456.88343792366413,19,22.3,
freMTPL2sev,TabPFN-v2.5,2.0-4.0,1,rank_exp,0.0,1,2000,1000,3.0002932967580054,4.885431993960122,2000,0.12919627353061108,0.46832128183013566,0.28004675494101394,-0.10533890556915924,887.308175524283,1260.43994907189,843.1668794632544,546.0473731399637,13,22.3,
freMTPL2sev,TabPFN-v2.6,2.0-4.0,1,without_max,0.0,1,2000,1000,3.0002932967580054,4.885431993960122,0,0.0,0.0,0.0,0.0,898.0678145019531,1279.70505621875,825.2623073552736,550.0437868727345,15,29.1,
freMTPL2sev,TabPFN-v2.6,2.0-4.0,1,raw,0.0,1,2000,1000,3.0002932967580054,4.885431993960122,0,-0.17025342487109632,0.21718420587191045,-0.672870202906294,1.0825774351809208,915.8295596850586,1266.6196275517577,1011.4283780339845,339.9377766066212,56,29.1,
freMTPL2sev,TabPFN-v2.6,2.0-4.0,1,clip,50.0,1,2000,1000,3.0002932967580054,4.885431993960122,18,-0.10459049892989794,-0.07563411832253825,-0.346518510496092,-0.6343857399882693,895.2181572961425,1279.786457358887,897.3981769597656,734.3538046744923,26,29.1,
freMTPL2sev,TabPFN-v2.6,2.0-4.0,1,clip,200.0,1,2000,1000,3.0002932967580054,4.885431993960122,6,-0.08793901303098806,-0.04795743987952276,-0.04829033139799354,-0.3834877396568207,891.6307763085937,1283.0852382939454,843.8167242009765,633.7153091891406,15,29.1,
freMTPL2sev,TabPFN-v2.6,2.0-4.0,1,log,0.0,1,2000,1000,3.0002932967580054,4.885431993960122,0,-0.09621180281971164,-0.005039792802356003,-0.19813590809504572,7.453268424938903,890.6508308731525,1267.0957153377296,856.593976198779,7.204670376480865e+40,23,29.1,
freMTPL2sev,TabPFN-v2.6,2.0-4.0,1,tail_log,50.0,1,2000,1000,3.0002932967580054,4.885431993960122,18,-0.07989427563686295,-0.05439724908555396,-0.11225801394932676,-0.4512317010777428,891.0546082775879,1281.9640206254883,853.9391442253906,651.1253849211871,18,29.1,
freMTPL2sev,TabPFN-v2.6,2.0-4.0,1,evt_trim,0.0,1,2000,1000,3.0002932967580054,4.885431993960122,0,-0.17025342487109632,0.21718420587191045,-0.672870202906294,1.0825774351809208,915.8295596850586,1266.6196275517577,1011.4283780339845,339.9377766066212,56,29.1,
freMTPL2sev,TabPFN-v2.6,2.0-4.0,1,sd_cap,1.2,1,2000,1000,3.0002932967580054,4.885431993960122,1,-0.009610938378261429,0.03152720030121219,-0.20556464097951316,0.19265793108076912,906.9398842382813,1278.4804954716797,847.6437130657226,521.2624882028125,23,29.1,
freMTPL2sev,TabPFN-v2.6,2.0-4.0,1,rank_emp,0.0,1,2000,1000,3.0002932967580054,4.885431993960122,2000,-0.05055492456342109,0.2616525304227416,0.022171683142313027,32.81579710718926,887.9120949052959,1256.2515945595121,849.4819141571487,1339.7815308464208,18,29.1,
freMTPL2sev,TabPFN-v2.6,2.0-4.0,1,rank_gpd,0.0,1,2000,1000,3.0002932967580054,4.885431993960122,2000,-0.05055492456342109,0.2616525304227416,0.0864787768346081,9554.994020044418,887.9120949052959,1256.8036026156215,825.5201356314964,1261079186.9455328,15,29.1,
freMTPL2sev,TabPFN-v2.6,2.0-4.0,1,rank_gpd_trim,0.0,1,2000,1000,3.0002932967580054,4.885431993960122,2000,-0.05055492456342109,0.2616525304227416,0.000819435331511579,3543.8563811357517,887.9120949052959,1256.707538010855,828.0933721585927,175694705.27411523,17,29.1,
freMTPL2sev,TabPFN-v2.6,2.0-4.0,1,rank_exp,0.0,1,2000,1000,3.0002932967580054,4.885431993960122,2000,-0.05278737612972985,0.32354002887291416,-0.1742815357191625,-0.2634579110589551,887.9288678138583,1258.109492891212,833.8134295603766,559.1617898975167,20,29.1,
freMTPL2sev,TabPFN-V3,2.0-4.0,2,without_max,0.0,1,2000,1000,3.2407568512466,4.703435836077544,0,0.0,0.0,0.0,0.0,543.7137032019043,671.5120177211916,321.580951754297,154.7625680533594,14,16.0,
freMTPL2sev,TabPFN-V3,2.0-4.0,2,raw,0.0,1,2000,1000,3.2407568512466,4.703435836077544,0,-0.057222155059174495,0.15311905622743632,-0.08515839770637754,0.0036398806114260216,552.5579249389649,658.5172487294922,321.5081901087891,165.64088429554695,14,16.0,
freMTPL2sev,TabPFN-V3,2.0-4.0,2,clip,50.0,1,2000,1000,3.2407568512466,4.703435836077544,19,-0.004980355282536732,0.06810817216630341,0.010422570277603783,-0.6474442598132946,544.6412559692384,662.9801958706055,308.34731041152344,155.37349396742187,12,16.0,
freMTPL2sev,TabPFN-V3,2.0-4.0,2,clip,200.0,1,2000,1000,3.2407568512466,4.703435836077544,7,0.004405521966975235,0.08620772834687762,0.024252753711647486,-0.24253941914768878,543.6327642187499,665.6982347231445,323.6349952015627,149.42492919398438,15,16.0,
freMTPL2sev,TabPFN-V3,2.0-4.0,2,log,0.0,1,2000,1000,3.2407568512466,4.703435836077544,0,0.0036596137695198753,0.19909500061059648,0.24158664858685347,0.07051655933349528,544.4446393681509,652.6240952999077,305.8306434896237,321.5091265222296,5,16.0,
freMTPL2sev,TabPFN-V3,2.0-4.0,2,tail_log,50.0,1,2000,1000,3.2407568512466,4.703435836077544,19,0.004309249836013448,0.07623622301318005,0.027403104551786586,-0.05794355332669521,543.750199567871,667.0987444326172,328.5914178277331,303823.58006050676,15,16.0,
freMTPL2sev,TabPFN-V3,2.0-4.0,2,evt_trim,0.0,1,2000,1000,3.2407568512466,4.703435836077544,0,-0.057222155059174495,0.15311905622743632,-0.08515839770637754,0.0036398806114260216,552.5579249389649,658.5172487294922,321.5081901087891,165.64088429554695,14,16.0,
freMTPL2sev,TabPFN-V3,2.0-4.0,2,sd_cap,1.2,1,2000,1000,3.2407568512466,4.703435836077544,1,-0.02025492696519588,-0.039585886956059455,0.018969199589386025,0.14720065037222846,545.7750163085938,678.4371330458983,328.7616855433594,141.59692388148446,14,16.0,
freMTPL2sev,TabPFN-V3,2.0-4.0,2,rank_emp,0.0,1,2000,1000,3.2407568512466,4.703435836077544,2000,0.01502514441726445,0.2969916303752152,0.14761590724449497,0.6208165985502707,543.4958860104629,651.125774380454,326.6042425513362,265.62336785526225,6,16.0,
freMTPL2sev,TabPFN-V3,2.0-4.0,2,rank_gpd,0.0,1,2000,1000,3.2407568512466,4.703435836077544,2000,0.01502514441726445,0.2986485097616022,0.20025415963088108,0.3769748424148306,543.4958860104629,651.0493939670108,320.49251010323803,252.45928606046277,7,16.0,
freMTPL2sev,TabPFN-V3,2.0-4.0,2,rank_gpd_trim,0.0,1,2000,1000,3.2407568512466,4.703435836077544,2000,0.01502514441726445,0.29871954975676857,0.1370822164588053,0.13747434418816457,543.4958860104629,651.0346411774806,312.6789761660635,174.2708997058885,8,16.0,
freMTPL2sev,TabPFN-V3,2.0-4.0,2,rank_exp,0.0,1,2000,1000,3.2407568512466,4.703435836077544,2000,0.003692387406148254,0.23647456197895617,0.11062896284527779,0.11510433907644768,543.3432565408323,651.1520707625524,317.5997748226977,273.7038144622749,11,16.0,
freMTPL2sev,TabPFN-v2.5,2.0-4.0,2,without_max,0.0,1,2000,1000,3.2407568512466,4.703435836077544,0,0.0,0.0,0.0,0.0,559.6899605151367,691.3055929824219,322.65023829726573,153.38515056312505,16,21.9,
freMTPL2sev,TabPFN-v2.5,2.0-4.0,2,raw,0.0,1,2000,1000,3.2407568512466,4.703435836077544,0,0.1059992658004153,0.3683585935327339,-0.19635160077424896,1.1910715884591219,547.7795389685059,654.4118026040038,388.3435327723635,108.73855723500007,22,21.9,
freMTPL2sev,TabPFN-v2.5,2.0-4.0,2,clip,50.0,1,2000,1000,3.2407568512466,4.703435836077544,19,0.11047453582642883,0.4729021932012314,-0.050732751810678406,-0.48993689500559623,543.7843050488282,654.8066168813476,317.17078778945324,180.25890027503905,13,21.9,
freMTPL2sev,TabPFN-v2.5,2.0-4.0,2,clip,200.0,1,2000,1000,3.2407568512466,4.703435836077544,7,0.10353434973940917,0.060054500236122015,0.034121269062901846,-0.1362364441775708,544.8758200512696,675.0404233266602,324.58814775527355,149.63767813539064,11,21.9,
freMTPL2sev,TabPFN-v2.5,2.0-4.0,2,log,0.0,1,2000,1000,3.2407568512466,4.703435836077544,0,0.11337079091307145,0.39476309767900564,-0.0218424434509297,-0.1628650167624205,544.3538406072357,657.7199893525593,324.29478918718956,171.32311980231896,13,21.9,
freMTPL2sev,TabPFN-v2.5,2.0-4.0,2,tail_log,50.0,1,2000,1000,3.2407568512466,4.703435836077544,19,0.11841089390361026,0.4042336269369291,0.11513923367726046,-0.08910801465242997,544.0091394421386,659.105298397461,322.12394187944903,153.20732811225807,10,21.9,
freMTPL2sev,TabPFN-v2.5,2.0-4.0,2,evt_trim,0.0,1,2000,1000,3.2407568512466,4.703435836077544,0,0.1059992658004153,0.3683585935327339,-0.19635160077424896,1.1910715884591219,547.7795389685059,654.4118026040038,388.3435327723635,108.73855723500007,22,21.9,
freMTPL2sev,TabPFN-v2.5,2.0-4.0,2,sd_cap,1.2,1,2000,1000,3.2407568512466,4.703435836077544,1,0.012309311796995575,0.057176322145107206,0.01343541936851236,0.15584176462681637,558.0034154650879,685.8139989272461,322.13425784316416,155.28979189710938,14,21.9,
freMTPL2sev,TabPFN-v2.5,2.0-4.0,2,rank_emp,0.0,1,2000,1000,3.2407568512466,4.703435836077544,2000,0.11724629545073942,0.5295700533874315,0.10210996108774345,0.9872617218812829,543.2428418716472,655.4940422011515,321.86811466842926,170.1791302230766,10,21.9,
freMTPL2sev,TabPFN-v2.5,2.0-4.0,2,rank_gpd,0.0,1,2000,1000,3.2407568512466,4.703435836077544,2000,0.11724629545073942,0.5309402479026512,0.21351153610230345,0.6059892846885986,543.2428418716472,654.9181815794215,316.9875889809873,171.98882322702647,9,21.9,
freMTPL2sev,TabPFN-v2.5,2.0-4.0,2,rank_gpd_trim,0.0,1,2000,1000,3.2407568512466,4.703435836077544,2000,0.11724629545073942,0.5311136410611563,0.13664337652848835,0.3640506063247072,543.2428418716472,654.8828647576389,315.6732509567482,166.55895274713845,10,21.9,
freMTPL2sev,TabPFN-v2.5,2.0-4.0,2,rank_exp,0.0,1,2000,1000,3.2407568512466,4.703435836077544,2000,0.11868710623392911,0.6754859165215286,0.25302386508039043,-0.07179752064948408,543.536400219999,651.3792895722003,316.1256171349331,155.21197656496307,10,21.9,
freMTPL2sev,TabPFN-v2.6,2.0-4.0,2,without_max,0.0,1,2000,1000,3.2407568512466,4.703435836077544,0,0.0,0.0,0.0,0.0,559.0346961865234,666.6222097475586,323.6392649232423,151.79457646937502,10,28.5,
freMTPL2sev,TabPFN-v2.6,2.0-4.0,2,raw,0.0,1,2000,1000,3.2407568512466,4.703435836077544,0,-0.18287822144152782,0.21649529848033233,-0.615634303750361,1.1944852482517336,567.2731758764648,656.9964872426757,450.3263298231446,150.58844146449223,44,28.5,
freMTPL2sev,TabPFN-v2.6,2.0-4.0,2,clip,50.0,1,2000,1000,3.2407568512466,4.703435836077544,19,-0.1088371725265523,-0.09018874043270826,-0.4065540399801537,-0.6090892041601459,549.0278460009765,667.1268839077148,326.32353203261727,198.70144132386721,15,28.5,
freMTPL2sev,TabPFN-v2.6,2.0-4.0,2,clip,200.0,1,2000,1000,3.2407568512466,4.703435836077544,7,-0.07957346838251117,-0.05204426801884777,-0.12524967406142046,-0.3088922619530394,547.4991174902343,670.8418918618164,312.3557667347657,158.7458085299219,12,28.5,
freMTPL2sev,TabPFN-v2.6,2.0-4.0,2,log,0.0,1,2000,1000,3.2407568512466,4.703435836077544,0,-0.0844689569839629,0.018601262957997026,-0.08053874939538624,22.30790926465302,545.2450303008717,660.3485649870238,411.3559077420142,1.398487755267124e+18,9,28.5,
freMTPL2sev,TabPFN-v2.6,2.0-4.0,2,tail_log,50.0,1,2000,1000,3.2407568512466,4.703435836077544,19,-0.10273241777022257,-0.06749696946139723,-0.20701412113866718,-0.4164328240815479,547.0360655322265,671.7648380703125,316.6939487788476,167.96976642019013,8,28.5,
freMTPL2sev,TabPFN-v2.6,2.0-4.0,2,evt_trim,0.0,1,2000,1000,3.2407568512466,4.703435836077544,0,-0.18287822144152782,0.21649529848033233,-0.615634303750361,1.1944852482517336,567.2731758764648,656.9964872426757,450.3263298231446,150.58844146449223,44,28.5,
freMTPL2sev,TabPFN-v2.6,2.0-4.0,2,sd_cap,1.2,1,2000,1000,3.2407568512466,4.703435836077544,1,0.03980219104765349,0.019197114706027613,-0.1278998278670217,0.19106098321797532,566.3486726806641,663.0484392641602,331.4808518421876,150.15936589710938,13,28.5,
freMTPL2sev,TabPFN-v2.6,2.0-4.0,2,rank_emp,0.0,1,2000,1000,3.2407568512466,4.703435836077544,2000,-0.07513246562586294,0.29972726934080385,0.3413111523586223,35.56070787464709,543.7279956725952,650.5752130442404,941.3516044125911,1299.3493801100012,8,28.5,
freMTPL2sev,TabPFN-v2.6,2.0-4.0,2,rank_gpd,0.0,1,2000,1000,3.2407568512466,4.703435836077544,2000,-0.07513246562586294,0.3008939313588993,0.305265454710407,208907928.4611859,543.7279956725952,649.919775967922,872.9099996428554,197273434715.1137,7,28.5,
freMTPL2sev,TabPFN-v2.6,2.0-4.0,2,rank_gpd_trim,0.0,1,2000,1000,3.2407568512466,4.703435836077544,2000,-0.07513246562586294,0.3012690261152363,0.1999574475840575,39114205.50970423,543.7279956725952,649.8359707369714,685.7073838373974,26579144969.949245,9,28.5,
freMTPL2sev,TabPFN-v2.6,2.0-4.0,2,rank_exp,0.0,1,2000,1000,3.2407568512466,4.703435836077544,2000,-0.08697604348355599,0.2706375491380116,-0.15838680056281146,-0.09551670515049437,543.7400573644684,652.7163799560346,311.37298147478174,179.82769262397386,11,28.5,
freMTPL2sev,TabPFN-V3,2.0-4.0,3,without_max,0.0,1,2000,1000,3.720029507824978,6.678985896692118,0,0.0,0.0,0.0,0.0,714.8252151586915,951.9985154545899,517.6321661135743,75.69547879617194,27,14.9,
freMTPL2sev,TabPFN-V3,2.0-4.0,3,raw,0.0,1,2000,1000,3.720029507824978,6.678985896692118,0,-0.04724419553438439,0.15602602073731753,-0.08003419582800753,0.02162505594660102,720.6532763500977,927.7134244487304,527.2079614578125,89.11961633328133,26,14.9,
freMTPL2sev,TabPFN-V3,2.0-4.0,3,clip,50.0,1,2000,1000,3.720029507824978,6.678985896692118,23,-0.0017167092182494633,-0.026909179997333773,0.08221972000422717,-0.5625445318205475,713.6055173071289,948.1617272856445,497.2699151003908,224.18105085476563,24,14.9,
freMTPL2sev,TabPFN-V3,2.0-4.0,3,clip,200.0,1,2000,1000,3.720029507824978,6.678985896692118,6,0.004341549040810673,-0.032173809293274735,-0.013589219537565894,-0.1278627146706366,714.0787104431154,950.9993883769531,522.2796089749024,73.72756407546879,28,14.9,
freMTPL2sev,TabPFN-V3,2.0-4.0,3,log,0.0,1,2000,1000,3.720029507824978,6.678985896692118,0,0.00686428282195043,0.12307786114619026,0.3468023568089321,0.4941509243836497,713.3510739804138,931.9802729261422,473.09001732568174,253.82159179032,20,14.9,
freMTPL2sev,TabPFN-V3,2.0-4.0,3,tail_log,50.0,1,2000,1000,3.720029507824978,6.678985896692118,23,0.0018842341867027375,-0.04571454072814571,0.004521297193654142,0.06656858342069737,713.8575396374513,951.0342884501954,527.089535650364,496.16307187881984,30,14.9,
freMTPL2sev,TabPFN-V3,2.0-4.0,3,evt_trim,0.0,1,2000,1000,3.720029507824978,6.678985896692118,0,-0.04724419553438439,0.15602602073731753,-0.08003419582800753,0.02162505594660102,720.6532763500977,927.7134244487304,527.2079614578125,89.11961633328133,26,14.9,
freMTPL2sev,TabPFN-V3,2.0-4.0,3,sd_cap,1.2,1,2000,1000,3.720029507824978,6.678985896692118,1,-0.014118366646106014,-0.021952099564668166,0.009236388670071476,0.1433203585792071,715.3317963842773,959.7189915556642,517.894565251758,76.73257077273445,28,14.9,
freMTPL2sev,TabPFN-V3,2.0-4.0,3,rank_emp,0.0,1,2000,1000,3.720029507824978,6.678985896692118,2000,0.014233368385363774,0.20247684861419712,0.27699440651421287,0.7386575469721512,713.1111210813257,928.434628785088,488.4012298156859,239.96414507330726,20,14.9,
freMTPL2sev,TabPFN-V3,2.0-4.0,3,rank_gpd,0.0,1,2000,1000,3.720029507824978,6.678985896692118,2000,0.014233368385363774,0.1986995172194317,0.2883794766348833,0.5187185153248063,713.1111210813257,929.1229302215958,487.4783724877081,202.5521066822005,19,14.9,
freMTPL2sev,TabPFN-V3,2.0-4.0,3,rank_gpd_trim,0.0,1,2000,1000,3.720029507824978,6.678985896692118,2000,0.014233368385363774,0.19987283669337308,0.22983014030676518,0.25732504889375973,713.1111210813257,928.9653697920925,491.9435571965025,140.26803353062053,20,14.9,
freMTPL2sev,TabPFN-V3,2.0-4.0,3,rank_exp,0.0,1,2000,1000,3.720029507824978,6.678985896692118,2000,0.0019430562199696905,0.15292808930848806,0.18746721811721362,0.2504852653614028,713.1076622677823,933.582688300073,508.6328262021618,139.0182716132044,22,14.9,
freMTPL2sev,TabPFN-v2.5,2.0-4.0,3,without_max,0.0,1,2000,1000,3.720029507824978,6.678985896692118,0,0.0,0.0,0.0,0.0,726.7152528320312,968.9641269511718,501.9720711208986,158.08052084500002,28,22.2,
freMTPL2sev,TabPFN-v2.5,2.0-4.0,3,raw,0.0,1,2000,1000,3.720029507824978,6.678985896692118,0,0.044088060357129144,0.2782455169149376,-0.1819889707937082,1.331986764775203,723.6521913720703,938.6724928642578,552.8543674856446,87.04476509890632,37,22.2,
freMTPL2sev,TabPFN-v2.5,2.0-4.0,3,clip,50.0,1,2000,1000,3.720029507824978,6.678985896692118,23,0.11348604070708317,0.3410562056425259,0.08152646805163741,-0.37983726478476404,713.6108749975587,932.31991465625,514.2736480593751,296.6212503088672,20,22.2,
freMTPL2sev,TabPFN-v2.5,2.0-4.0,3,clip,200.0,1,2000,1000,3.720029507824978,6.678985896692118,6,0.08436742887350156,0.03302271684612729,0.043976682350707196,-0.06505359695682614,717.0979544335938,951.0896856157226,489.9760333718751,156.04513730789063,25,22.2,
freMTPL2sev,TabPFN-v2.5,2.0-4.0,3,log,0.0,1,2000,1000,3.720029507824978,6.678985896692118,0,0.1069604441420524,0.34526470984516666,0.039437729551689074,0.26472336370777516,713.726509941074,930.9717860553441,533.3949671825447,138.86517446085438,28,22.2,
freMTPL2sev,TabPFN-v2.5,2.0-4.0,3,tail_log,50.0,1,2000,1000,3.720029507824978,6.678985896692118,23,0.1132798919586189,0.08392590720627946,0.05888231555278309,-0.03647543713848151,714.9617683312988,948.5202793632814,487.15986968947414,149.49163311175886,21,22.2,
freMTPL2sev,TabPFN-v2.5,2.0-4.0,3,evt_trim,0.0,1,2000,1000,3.720029507824978,6.678985896692118,0,0.044088060357129144,0.2782455169149376,-0.1819889707937082,1.331986764775203,723.6521913720703,938.6724928642578,552.8543674856446,87.04476509890632,37,22.2,
freMTPL2sev,TabPFN-v2.5,2.0-4.0,3,sd_cap,1.2,1,2000,1000,3.720029507824978,6.678985896692118,1,-0.020397050343311764,0.005988503568000609,-0.005441306494062761,0.12647117853896167,729.6961727453612,977.3518289311523,498.2621569265627,141.93536532351567,28,22.2,
freMTPL2sev,TabPFN-v2.5,2.0-4.0,3,rank_emp,0.0,1,2000,1000,3.720029507824978,6.678985896692118,2000,0.11301545299379798,0.4212725826123397,0.3047523799584009,0.8250196295922609,713.209557191902,926.3953795067735,489.5027353214632,84.75455833089349,21,22.2,
freMTPL2sev,TabPFN-v2.5,2.0-4.0,3,rank_gpd,0.0,1,2000,1000,3.720029507824978,6.678985896692118,2000,0.11301545299379798,0.4165200245638951,0.3004406651955947,0.5415603596750929,713.209557191902,927.2420341730938,489.5533075894558,70.80958902325685,19,22.2,
freMTPL2sev,TabPFN-v2.5,2.0-4.0,3,rank_gpd_trim,0.0,1,2000,1000,3.720029507824978,6.678985896692118,2000,0.11301545299379798,0.41717168650459613,0.23676570423762036,0.3558682494343736,713.209557191902,927.1579810175159,495.57914531588114,97.50621596214243,20,22.2,
freMTPL2sev,TabPFN-v2.5,2.0-4.0,3,rank_exp,0.0,1,2000,1000,3.720029507824978,6.678985896692118,2000,0.11572406516893034,0.47345552391667023,0.4402033086163578,0.18908072756398986,713.2409167850847,918.7180485063318,479.7118799214342,130.28047148759197,17,22.2,
freMTPL2sev,TabPFN-v2.6,2.0-4.0,3,without_max,0.0,1,2000,1000,3.720029507824978,6.678985896692118,0,0.0,0.0,0.0,0.0,729.7446018737793,947.6543163237305,541.9921204836915,192.00771312625002,32,28.7,
freMTPL2sev,TabPFN-v2.6,2.0-4.0,3,raw,0.0,1,2000,1000,3.720029507824978,6.678985896692118,0,-0.21782636007125822,0.23510549578365553,-0.37805253858109833,1.3423292385700498,750.0455873791503,931.2566324882812,673.6361835012697,214.35891109792976,57,28.7,
freMTPL2sev,TabPFN-v2.6,2.0-4.0,3,clip,50.0,1,2000,1000,3.720029507824978,6.678985896692118,23,-0.0824784484938234,-0.0534539793524941,-0.09117654031434945,-0.5534513517623216,720.276069552002,944.0772528789062,520.7912183572267,356.02921561257807,22,28.7,
freMTPL2sev,TabPFN-v2.6,2.0-4.0,3,clip,200.0,1,2000,1000,3.720029507824978,6.678985896692118,6,-0.06066959353990557,-0.01977942685726959,0.037642387131814156,-0.19862624197846906,721.7650716528321,952.703150503418,496.32064213408216,228.47946599539065,25,28.7,
freMTPL2sev,TabPFN-v2.6,2.0-4.0,3,log,0.0,1,2000,1000,3.720029507824978,6.678985896692118,0,-0.08729807443206107,0.05558896336507761,0.044728698990905286,2.1736774366779814,715.8479543903894,932.1274924440767,501.68151515283586,9614.569664617922,26,28.7,
freMTPL2sev,TabPFN-v2.6,2.0-4.0,3,tail_log,50.0,1,2000,1000,3.720029507824978,6.678985896692118,23,-0.08953620375727525,-0.0274876551855655,0.13414714756107127,-0.31765468967296073,719.7718813977051,951.9728459257814,487.1721227487124,246.81234558583196,21,28.7,
freMTPL2sev,TabPFN-v2.6,2.0-4.0,3,evt_trim,0.0,1,2000,1000,3.720029507824978,6.678985896692118,0,-0.21782636007125822,0.23510549578365553,-0.37805253858109833,1.3423292385700498,750.0455873791503,931.2566324882812,673.6361835012697,214.35891109792976,57,28.7,
freMTPL2sev,TabPFN-v2.6,2.0-4.0,3,sd_cap,1.2,1,2000,1000,3.720029507824978,6.678985896692118,1,0.038098870116399286,0.03882283542438317,-0.05867143529319652,0.1867888229636736,730.1922838635254,944.0485445244141,564.8399443655275,141.78133775515627,40,28.7,
freMTPL2sev,TabPFN-v2.6,2.0-4.0,3,rank_emp,0.0,1,2000,1000,3.720029507824978,6.678985896692118,2000,-0.06070326196370588,0.2774536550874028,0.19640118692281244,37.85501596649742,712.9955323586564,921.955818920947,490.0600558514758,1185.880440478866,25,28.7,
freMTPL2sev,TabPFN-v2.6,2.0-4.0,3,rank_gpd,0.0,1,2000,1000,3.720029507824978,6.678985896692118,2000,-0.06070326196370588,0.27118779223453926,0.16529589787309035,107.80909856234337,712.9955323586564,922.1376622799797,489.2651607061985,1018582719.7678828,25,28.7,
freMTPL2sev,TabPFN-v2.6,2.0-4.0,3,rank_gpd_trim,0.0,1,2000,1000,3.720029507824978,6.678985896692118,2000,-0.06070326196370588,0.27118779223453926,0.10113568234451153,65.89162747789939,712.9955323586564,922.1487849610105,489.3645831606109,154623181.88207513,25,28.7,
freMTPL2sev,TabPFN-v2.6,2.0-4.0,3,rank_exp,0.0,1,2000,1000,3.720029507824978,6.678985896692118,2000,-0.06445476795970045,0.2575889932109135,0.03423535339807873,-0.16204248403091784,713.260828375634,925.2204198438131,499.0763172363277,114.29631395295478,22,28.7,
freMTPL2sev,TabPFN-V3,2.0-4.0,4,without_max,0.0,1,2000,1000,3.142129064684601,4.98119199287656,0,0.0,0.0,0.0,0.0,707.9708790612793,1004.4887346870117,666.8888020167971,367.2059872319533,15,14.3,
freMTPL2sev,TabPFN-V3,2.0-4.0,4,raw,0.0,1,2000,1000,3.142129064684601,4.98119199287656,0,-0.019694377979555228,0.20482247107513882,-0.0347471008525287,0.24697555428940687,705.7073611706542,941.6647264448242,665.0856339113282,369.24386023390633,15,14.3,
freMTPL2sev,TabPFN-V3,2.0-4.0,4,clip,50.0,1,2000,1000,3.142129064684601,4.98119199287656,18,0.018980635380046334,0.059559580755035105,0.24081844457155493,-0.5136327918516733,695.839562886963,948.5858593159178,648.7552899611329,458.5228323803906,11,14.3,
freMTPL2sev,TabPFN-V3,2.0-4.0,4,clip,200.0,1,2000,1000,3.142129064684601,4.98119199287656,6,0.031227772358712443,-0.04249457184869754,0.06023836546050198,-0.18863298070043527,696.8521535717774,970.0120709174805,650.1323023488281,364.51707489210935,14,14.3,
freMTPL2sev,TabPFN-V3,2.0-4.0,4,log,0.0,1,2000,1000,3.142129064684601,4.98119199287656,0,0.029402879194359764,0.22268971106687446,0.4326543341538105,0.276404067723118,695.6084458854895,936.613210835772,643.9163954013809,3210.8480859874026,9,14.3,
freMTPL2sev,TabPFN-V3,2.0-4.0,4,tail_log,50.0,1,2000,1000,3.142129064684601,4.98119199287656,18,0.026204061308292517,-0.06617071020952132,0.09646568514895341,-0.031415129370366494,696.359555946045,965.1266461156114,1172.9335992016993,66272130.75653853,14,14.3,
freMTPL2sev,TabPFN-V3,2.0-4.0,4,evt_trim,0.0,1,2000,1000,3.142129064684601,4.98119199287656,0,-0.019694377979555228,0.20482247107513882,-0.0347471008525287,0.24697555428940687,705.7073611706542,941.6647264448242,665.0856339113282,369.24386023390633,15,14.3,
freMTPL2sev,TabPFN-V3,2.0-4.0,4,sd_cap,1.2,1,2000,1000,3.142129064684601,4.98119199287656,1,-0.017299472599939605,0.02513722014710584,0.04888116317709319,0.08491473208316178,705.2426027502441,1008.0115929438476,668.5656026759766,377.3725686382032,13,14.3,
freMTPL2sev,TabPFN-V3,2.0-4.0,4,rank_emp,0.0,1,2000,1000,3.142129064684601,4.98119199287656,2000,0.03468764983498172,0.33433459945316546,0.4925605310565107,1.9013658615961453,695.7034086540427,935.6701551102292,655.011916989575,339.0208969254389,8,14.3,
freMTPL2sev,TabPFN-V3,2.0-4.0,4,rank_gpd,0.0,1,2000,1000,3.142129064684601,4.98119199287656,2000,0.03468764983498172,0.33349115952457736,0.5979452385351067,0.5696973283394364,695.7034086540427,935.635598091421,655.9224635767529,336.6609243206857,8,14.3,
freMTPL2sev,TabPFN-V3,2.0-4.0,4,rank_gpd_trim,0.0,1,2000,1000,3.142129064684601,4.98119199287656,2000,0.03468764983498172,0.33505927496120635,0.48975883728806824,0.2640388192199785,695.7034086540427,935.595708766347,654.1675344903291,342.7319691857146,8,14.3,
freMTPL2sev,TabPFN-V3,2.0-4.0,4,rank_exp,0.0,1,2000,1000,3.142129064684601,4.98119199287656,2000,0.026515235871035357,0.23348539094512638,0.3138154073908779,0.5259468790962787,695.5328059439747,943.8248945311757,650.0271013080965,387.0264750203592,11,14.3,
freMTPL2sev,TabPFN-v2.5,2.0-4.0,4,without_max,0.0,1,2000,1000,3.142129064684601,4.98119199287656,0,0.0,0.0,0.0,0.0,719.2145905688476,981.1913845087892,647.0681220119142,383.1973509467968,16,22.2,
freMTPL2sev,TabPFN-v2.5,2.0-4.0,4,raw,0.0,1,2000,1000,3.142129064684601,4.98119199287656,0,0.07915147423081337,0.27058033838173445,-0.28596946866144285,1.9073914251937656,708.2717935949707,942.9480010590819,673.3205379787111,292.2600837495313,25,22.2,
freMTPL2sev,TabPFN-v2.5,2.0-4.0,4,clip,50.0,1,2000,1000,3.142129064684601,4.98119199287656,18,0.13114996661425152,0.3405301236567496,0.2522237943476462,-0.4559251104927694,695.7432885913088,932.6126975800781,655.7382688917968,512.3318725766798,11,22.2,
freMTPL2sev,TabPFN-v2.5,2.0-4.0,4,clip,200.0,1,2000,1000,3.142129064684601,4.98119199287656,6,0.12867035088281764,0.01284020316216054,0.2114160144521362,-0.1433928916272586,697.5201668493652,959.2037163715821,654.315750605664,417.4512007104687,11,22.2,
freMTPL2sev,TabPFN-v2.5,2.0-4.0,4,log,0.0,1,2000,1000,3.142129064684601,4.98119199287656,0,0.12206470494325053,0.31834936547005865,0.16196248515827838,0.031089167216275443,695.955656705218,939.1949492298643,652.1591342347625,392.58689170519204,12,22.2,
freMTPL2sev,TabPFN-v2.5,2.0-4.0,4,tail_log,50.0,1,2000,1000,3.142129064684601,4.98119199287656,18,0.1372682829020504,0.25141108056900335,0.28461401720527174,-0.01977266401414677,696.5807427685547,942.6847904267578,655.4849262932022,407.6788975992948,11,22.2,
freMTPL2sev,TabPFN-v2.5,2.0-4.0,4,evt_trim,0.0,1,2000,1000,3.142129064684601,4.98119199287656,0,0.07915147423081337,0.27058033838173445,-0.28596946866144285,1.9073914251937656,708.2717935949707,942.9480010590819,673.3205379787111,292.2600837495313,25,22.2,
freMTPL2sev,TabPFN-v2.5,2.0-4.0,4,sd_cap,1.2,1,2000,1000,3.142129064684601,4.98119199287656,1,0.04727457126447847,0.08644869077978629,0.10138160982082275,0.34590287563887606,710.9003000683593,963.5628220063476,652.121008266797,359.79815763625015,15,22.2,
freMTPL2sev,TabPFN-v2.5,2.0-4.0,4,rank_emp,0.0,1,2000,1000,3.142129064684601,4.98119199287656,2000,0.1355547961300631,0.3956802385178303,0.2049800884303868,0.3882756157491093,694.8224888893274,932.3234250789626,651.0343539805513,335.90671786242353,13,22.2,
freMTPL2sev,TabPFN-v2.5,2.0-4.0,4,rank_gpd,0.0,1,2000,1000,3.142129064684601,4.98119199287656,2000,0.1355547961300631,0.3956802385178303,0.249132758275515,0.292900987338832,694.8224888893274,932.8336253257829,650.1362627774549,365.83207349944445,12,22.2,
freMTPL2sev,TabPFN-v2.5,2.0-4.0,4,rank_gpd_trim,0.0,1,2000,1000,3.142129064684601,4.98119199287656,2000,0.1355547961300631,0.3956802385178303,0.18765503146717577,0.10982175344106401,694.8224888893274,932.7663306642554,651.7131277611321,382.6115609359532,13,22.2,
freMTPL2sev,TabPFN-v2.5,2.0-4.0,4,rank_exp,0.0,1,2000,1000,3.142129064684601,4.98119199287656,2000,0.13178853735764778,0.42424642771257987,0.7241805283392597,0.06237293930007744,695.240537681253,931.4578433249582,647.6413615602271,396.29388815889524,8,22.2,
freMTPL2sev,TabPFN-v2.6,2.0-4.0,4,without_max,0.0,1,2000,1000,3.142129064684601,4.98119199287656,0,0.0,0.0,0.0,0.0,709.2691879589844,953.4402249604492,698.4430049318362,397.0987872241407,22,27.4,
freMTPL2sev,TabPFN-v2.6,2.0-4.0,4,raw,0.0,1,2000,1000,3.142129064684601,4.98119199287656,0,-0.21022895611503034,0.23097100729177744,-0.5321286880559237,0.7715373893198512,748.43089102417,942.4457735615234,738.0258364918946,455.1828746411329,48,27.4,
freMTPL2sev,TabPFN-v2.6,2.0-4.0,4,clip,50.0,1,2000,1000,3.142129064684601,4.98119199287656,18,-0.08291004520519801,-0.08871155621026408,-0.12340406703559245,-0.6370225623406174,703.0810737597656,958.3628848139648,651.9882314113283,533.0372793022657,14,27.4,
freMTPL2sev,TabPFN-v2.6,2.0-4.0,4,clip,200.0,1,2000,1000,3.142129064684601,4.98119199287656,6,-0.0837027335402451,-0.059502403605845966,0.20137668764421643,-0.41048903198032316,700.8415632543946,958.2264932856444,638.967420634961,473.898776776875,8,27.4,
freMTPL2sev,TabPFN-v2.6,2.0-4.0,4,log,0.0,1,2000,1000,3.142129064684601,4.98119199287656,0,-0.08087134642587554,-0.062167788947793845,0.10764710527276909,6.733567173725376,699.9968919710752,950.2685438546539,640.1429902211416,5732.366585628735,12,27.4,
freMTPL2sev,TabPFN-v2.6,2.0-4.0,4,tail_log,50.0,1,2000,1000,3.142129064684601,4.98119199287656,18,-0.06468609585481162,-0.06548843279505692,0.16993292138901783,-0.47334952441450784,700.6227348535157,958.6782133564451,641.6504651262327,477.0215802610164,10,27.4,
freMTPL2sev,TabPFN-v2.6,2.0-4.0,4,evt_trim,0.0,1,2000,1000,3.142129064684601,4.98119199287656,0,-0.21022895611503034,0.23097100729177744,-0.5321286880559237,0.7715373893198512,748.43089102417,942.4457735615234,738.0258364918946,455.1828746411329,48,27.4,
freMTPL2sev,TabPFN-v2.6,2.0-4.0,4,sd_cap,1.2,1,2000,1000,3.142129064684601,4.98119199287656,1,-0.009860889629551199,0.0287143131428559,-0.17447095465469958,0.19234937932268725,717.4580971105958,948.7081228559572,703.602247600293,389.32147217531246,31,27.4,
freMTPL2sev,TabPFN-v2.6,2.0-4.0,4,rank_emp,0.0,1,2000,1000,3.142129064684601,4.98119199287656,2000,-0.030587054958260113,0.21048723822048943,0.31023972520211357,34.58785257311386,695.4314704946786,935.3538462239655,638.361335943811,1402.0514519800013,10,27.4,
freMTPL2sev,TabPFN-v2.6,2.0-4.0,4,rank_gpd,0.0,1,2000,1000,3.142129064684601,4.98119199287656,2000,-0.030587054958260113,0.20668168701006395,0.4527566181940994,1623.6008701056378,695.4314704946786,935.4164498012099,624.6007974658768,371793125.80692464,8,27.4,
freMTPL2sev,TabPFN-v2.6,2.0-4.0,4,rank_gpd_trim,0.0,1,2000,1000,3.142129064684601,4.98119199287656,2000,-0.030587054958260113,0.20804270646469636,0.3218769175875572,668.587975811344,695.4314704946786,935.4440207403293,628.3257282083002,45670134.93665418,10,27.4,
freMTPL2sev,TabPFN-v2.6,2.0-4.0,4,rank_exp,0.0,1,2000,1000,3.142129064684601,4.98119199287656,2000,-0.031285316626887175,0.20419217676657234,0.07553557375323605,-0.2792942707695032,695.4001737211772,940.351089835364,635.9486334753886,401.84904269430973,11,27.4,
freMTPL2sev,TabPFN-V3,4.0-inf,0,without_max,0.0,1,2000,1000,4.884899964701051,7.694167232876713,0,0.0,0.0,0.0,0.0,670.8850149847412,884.5165885332032,549.2956815007814,270.1757074430469,19,17.6,
freMTPL2sev,TabPFN-V3,4.0-inf,0,raw,0.0,1,2000,1000,4.884899964701051,7.694167232876713,0,-0.0352374827234834,0.12976978877480974,-0.061456570260371345,0.06670279960126706,680.7945116589356,869.1539166289062,564.0608232927734,248.75465895281252,21,17.6,
freMTPL2sev,TabPFN-V3,4.0-inf,0,clip,50.0,1,2000,1000,4.884899964701051,7.694167232876713,15,-0.004852686173150057,-0.05341015499179138,0.1501363512681665,-0.3970961131435057,669.1822376965332,881.0561148857423,544.9821081169923,358.75644591375004,14,17.6,
freMTPL2sev,TabPFN-V3,4.0-inf,0,clip,200.0,1,2000,1000,4.884899964701051,7.694167232876713,4,-0.0005310966890918929,-0.027040076530656966,0.021449637123770453,-0.0826633788749474,669.8431525158692,884.3207051787111,548.9790162664062,272.92175120671874,18,17.6,
freMTPL2sev,TabPFN-V3,4.0-inf,0,log,0.0,1,2000,1000,4.884899964701051,7.694167232876713,0,0.0065402362215220035,0.1059563453801286,0.19792520853939288,0.4213482745449987,668.9943640835802,874.3919930210734,539.9612908309447,430.20780110620365,13,17.6,
freMTPL2sev,TabPFN-V3,4.0-inf,0,tail_log,50.0,1,2000,1000,4.884899964701051,7.694167232876713,15,-0.003349979183988918,-0.04813513916389786,0.03868700194478476,-0.0258604556738019,669.6924284375,886.0161467436524,552.5481312029308,11604.804168795195,18,17.6,
freMTPL2sev,TabPFN-V3,4.0-inf,0,evt_trim,0.0,1,2000,1000,4.884899964701051,7.694167232876713,0,-0.0352374827234834,0.12976978877480974,-0.061456570260371345,0.06670279960126706,680.7945116589356,869.1539166289062,564.0608232927734,248.75465895281252,21,17.6,
freMTPL2sev,TabPFN-V3,4.0-inf,0,sd_cap,1.2,1,2000,1000,4.884899964701051,7.694167232876713,1,-0.00130656920806652,0.013212422693320729,0.025661822009570904,0.11030243529683562,671.1409956408692,886.7823760649414,549.0003132830079,247.72435032195312,18,17.6,
freMTPL2sev,TabPFN-V3,4.0-inf,0,rank_emp,0.0,1,2000,1000,4.884899964701051,7.694167232876713,2000,0.006667917804671445,0.1744324462358677,0.1424896342560536,1.7287593778471102,668.8754250308384,870.0074830509326,540.3126184734354,312.90506788229817,14,17.6,
freMTPL2sev,TabPFN-V3,4.0-inf,0,rank_gpd,0.0,1,2000,1000,4.884899964701051,7.694167232876713,2000,0.006667917804671445,0.170421392457076,0.2813125000564531,0.7702439938410524,668.8754250308384,870.1992041483929,531.360686351843,234.62311785138078,9,17.6,
freMTPL2sev,TabPFN-V3,4.0-inf,0,rank_gpd_trim,0.0,1,2000,1000,4.884899964701051,7.694167232876713,2000,0.006667917804671445,0.17272881909596755,0.20594180114742577,0.36450107590618375,668.8754250308384,870.1129335089255,533.5126264853255,215.284077100445,13,17.6,
freMTPL2sev,TabPFN-V3,4.0-inf,0,rank_exp,0.0,1,2000,1000,4.884899964701051,7.694167232876713,2000,-0.006965312430392308,0.12285426324220716,0.1977420599905554,0.24873676336741582,669.632609940364,871.5641544264768,532.37096592165,238.4176384940193,10,17.6,
freMTPL2sev,TabPFN-v2.5,4.0-inf,0,without_max,0.0,1,2000,1000,4.884899964701051,7.694167232876713,0,0.0,0.0,0.0,0.0,677.7237416088867,899.09686028125,560.8629020916015,338.91552564519526,17,23.0,
freMTPL2sev,TabPFN-v2.5,4.0-inf,0,raw,0.0,1,2000,1000,4.884899964701051,7.694167232876713,0,0.0002614459678637351,0.2661515434680089,-0.42238643464065717,1.424409058049339,683.4974457751465,880.2960857158204,603.9403059905273,224.82406767644545,33,23.0,
freMTPL2sev,TabPFN-v2.5,4.0-inf,0,clip,50.0,1,2000,1000,4.884899964701051,7.694167232876713,15,0.0622190274365475,0.3213757493690177,-0.03676020032761144,-0.23642203995705074,669.5116092895508,867.2866657060547,561.6799630144532,414.18076380046875,19,23.0,
freMTPL2sev,TabPFN-v2.5,4.0-inf,0,clip,200.0,1,2000,1000,4.884899964701051,7.694167232876713,4,0.053161747195628856,0.0001323305801323958,-0.027353964966571297,-0.06970909654238172,671.8960326257325,892.0169483232421,553.9268493572266,356.2146416491015,18,23.0,
freMTPL2sev,TabPFN-v2.5,4.0-inf,0,log,0.0,1,2000,1000,4.884899964701051,7.694167232876713,0,0.05037776509064272,0.3068149712440483,-0.04008894120199952,0.3531116332959714,668.9136578887917,871.4332664593896,553.74512214493,324.3967739973627,19,23.0,
freMTPL2sev,TabPFN-v2.5,4.0-inf,0,tail_log,50.0,1,2000,1000,4.884899964701051,7.694167232876713,15,0.07215167950281073,0.028842418546873787,-0.016385562842310575,-0.08016966612204175,670.7779898413087,885.5727657622072,553.3073737087772,366.6769656614128,18,23.0,
freMTPL2sev,TabPFN-v2.5,4.0-inf,0,evt_trim,0.0,1,2000,1000,4.884899964701051,7.694167232876713,0,0.0002614459678637351,0.2661515434680089,-0.42238643464065717,1.424409058049339,683.4974457751465,880.2960857158204,603.9403059905273,224.82406767644545,33,23.0,
freMTPL2sev,TabPFN-v2.5,4.0-inf,0,sd_cap,1.2,1,2000,1000,4.884899964701051,7.694167232876713,1,-0.06245391887466636,-0.0012054684696699712,0.00293228101658345,0.13213896835125313,690.1620001208496,907.1196530864257,559.4841079900393,333.21547790496095,18,23.0,
freMTPL2sev,TabPFN-v2.5,4.0-inf,0,rank_emp,0.0,1,2000,1000,4.884899964701051,7.694167232876713,2000,0.045951809098588245,0.3730696462955403,0.03117969554061364,0.6768426448350688,668.3932246692076,864.9773052754522,553.222865432609,314.4072738598074,15,23.0,
freMTPL2sev,TabPFN-v2.5,4.0-inf,0,rank_gpd,0.0,1,2000,1000,4.884899964701051,7.694167232876713,2000,0.045951809098588245,0.3718608184735481,0.12659022655055346,0.45905478139538136,668.3932246692076,865.1478809776299,547.4489145345668,309.5699216550777,13,23.0,
freMTPL2sev,TabPFN-v2.5,4.0-inf,0,rank_gpd_trim,0.0,1,2000,1000,4.884899964701051,7.694167232876713,2000,0.045951809098588245,0.37268859992803105,0.06749454282589837,0.2519226501270623,668.3932246692076,865.0960574909624,548.0976048430852,329.8922821150125,15,23.0,
freMTPL2sev,TabPFN-v2.5,4.0-inf,0,rank_exp,0.0,1,2000,1000,4.884899964701051,7.694167232876713,2000,0.056635526174712,0.3798936876272435,0.11709073583195317,0.04804941991707162,668.4311184575788,869.6739794127141,542.5516853926598,356.609712507579,15,23.0,
freMTPL2sev,TabPFN-v2.6,4.0-inf,0,without_max,0.0,1,2000,1000,4.884899964701051,7.694167232876713,0,0.0,0.0,0.0,0.0,677.035601722412,891.5621776152344,532.7195013103516,354.4657196442187,11,29.6,
freMTPL2sev,TabPFN-v2.6,4.0-inf,0,raw,0.0,1,2000,1000,4.884899964701051,7.694167232876713,0,-0.3887578044908176,0.31204688114798135,-0.6653314169719908,1.6170441319431057,760.0339900964357,872.8427987407226,673.3357227019533,284.1332905343555,50,29.6,
freMTPL2sev,TabPFN-v2.6,4.0-inf,0,clip,50.0,1,2000,1000,4.884899964701051,7.694167232876713,15,-0.046241555219282346,-0.048714451457817665,-0.351853003345036,-0.49346806465711157,675.7735708203124,894.7256868950196,563.1842524871095,437.93961839812505,20,29.6,
freMTPL2sev,TabPFN-v2.6,4.0-inf,0,clip,200.0,1,2000,1000,4.884899964701051,7.694167232876713,4,-0.048098186677064766,-0.017790932189464634,-0.01966106323655033,-0.18575564995158197,676.6580140185547,895.3534512236326,542.8066222673829,377.8576604157032,13,29.6,
freMTPL2sev,TabPFN-v2.6,4.0-inf,0,log,0.0,1,2000,1000,4.884899964701051,7.694167232876713,0,-0.053500822475105445,0.03512298820116064,-0.11228105896460516,6.912663961859305,672.7384768698578,882.4216501876157,544.5694358935536,4.242146537618562e+26,14,29.6,
freMTPL2sev,TabPFN-v2.6,4.0-inf,0,tail_log,50.0,1,2000,1000,4.884899964701051,7.694167232876713,15,-0.04060939336552311,-0.018897247671843073,-0.1116335827378203,-0.21862925414433457,675.2312947216798,895.6149746220703,545.6981702751955,392.94580513446033,13,29.6,
freMTPL2sev,TabPFN-v2.6,4.0-inf,0,evt_trim,0.0,1,2000,1000,4.884899964701051,7.694167232876713,0,-0.3887578044908176,0.31204688114798135,-0.6653314169719908,1.6170441319431057,760.0339900964357,872.8427987407226,673.3357227019533,284.1332905343555,50,29.6,
freMTPL2sev,TabPFN-v2.6,4.0-inf,0,sd_cap,1.2,1,2000,1000,4.884899964701051,7.694167232876713,1,0.029925354227807097,0.0076474127788723634,0.04894879127079259,0.18828974059498021,675.9922642968751,891.2859363969727,539.1262653484378,330.61970663835933,13,29.6,
freMTPL2sev,TabPFN-v2.6,4.0-inf,0,rank_emp,0.0,1,2000,1000,4.884899964701051,7.694167232876713,2000,-0.028797613110131022,0.3083171978409073,-0.13405739167131406,50.32320950264422,667.6282615639075,871.355033532966,565.1376385324704,1400.3497577812143,13,29.6,
freMTPL2sev,TabPFN-v2.6,4.0-inf,0,rank_gpd,0.0,1,2000,1000,4.884899964701051,7.694167232876713,2000,-0.028797613110131022,0.31118539370260195,-0.059433653639749506,255.06166923851913,667.6282615639075,871.3747752768586,549.8942140296527,65978531.28679283,12,29.6,
freMTPL2sev,TabPFN-v2.6,4.0-inf,0,rank_gpd_trim,0.0,1,2000,1000,4.884899964701051,7.694167232876713,2000,-0.028797613110131022,0.31340227012032484,-0.1001235783944334,113.6246287787184,667.6282615639075,871.4279614888716,548.2833655301255,6247340.847714884,13,29.6,
freMTPL2sev,TabPFN-v2.6,4.0-inf,0,rank_exp,0.0,1,2000,1000,4.884899964701051,7.694167232876713,2000,-0.03207348667784836,0.3490999759554606,-0.15145837764906053,-0.15934941117162152,668.0530655640584,877.108295001452,546.2222176941139,355.32471700042356,17,29.6,
freMTPL2sev,TabPFN-V3,4.0-inf,1,without_max,0.0,1,2000,1000,11.940522827723639,19.384577376649748,0,0.0,0.0,0.0,0.0,1034.129021746826,1523.878577849121,1218.462158453125,798.9028095601565,19,14.7,
freMTPL2sev,TabPFN-V3,4.0-inf,1,raw,0.0,1,2000,1000,11.940522827723639,19.384577376649748,0,0.001606162217417874,0.1057344578571057,-0.022775052332470475,0.00024376349352168926,1042.4053883801269,1519.5067184228517,1236.5055405527344,827.3747799996095,21,14.7,
freMTPL2sev,TabPFN-V3,4.0-inf,1,clip,50.0,1,2000,1000,11.940522827723639,19.384577376649748,17,-0.0032629531149073166,0.03719311890553846,0.21965385241378893,-0.3905372675720504,1033.6098208117676,1519.3033228149413,1203.6989684042967,922.1667292925783,17,14.7,
freMTPL2sev,TabPFN-V3,4.0-inf,1,clip,200.0,1,2000,1000,11.940522827723639,19.384577376649748,4,0.009317359516422267,-0.004908570880044606,0.038308369768864536,-0.07990483498935852,1033.628249317627,1520.0270708593748,1212.9842906357424,811.526382726172,19,14.7,
freMTPL2sev,TabPFN-V3,4.0-inf,1,log,0.0,1,2000,1000,11.940522827723639,19.384577376649748,0,0.008475803310094083,0.12675712412759438,0.3101329991524888,0.2985940977375708,1033.5333805637981,1514.5664332962413,1195.8503005427754,793.9172379895213,16,14.7,
freMTPL2sev,TabPFN-V3,4.0-inf,1,tail_log,50.0,1,2000,1000,11.940522827723639,19.384577376649748,17,0.009154470543528349,-0.004536777628160978,0.04128992020728977,0.06983047906098355,1033.7159994299316,1519.9685373925781,1212.0164150429548,827.412366092874,19,14.7,
freMTPL2sev,TabPFN-V3,4.0-inf,1,evt_trim,0.0,1,2000,1000,11.940522827723639,19.384577376649748,0,0.001606162217417874,0.1057344578571057,-0.022775052332470475,0.00024376349352168926,1042.4053883801269,1519.5067184228517,1236.5055405527344,827.3747799996095,21,14.7,
freMTPL2sev,TabPFN-V3,4.0-inf,1,sd_cap,1.2,1,2000,1000,11.940522827723639,19.384577376649748,1,-0.014688179650789642,-0.02585399391495504,0.030894774313030494,0.08495847854430245,1035.2692235546876,1530.153256225586,1214.3421998349609,792.8129759273437,19,14.7,
freMTPL2sev,TabPFN-V3,4.0-inf,1,rank_emp,0.0,1,2000,1000,11.940522827723639,19.384577376649748,2000,0.011506570694437487,0.18455589298770309,0.17074449393113394,1.7976857857178095,1033.0281774624355,1512.3613683758813,1220.9221549861734,876.1663374688397,17,14.7,
freMTPL2sev,TabPFN-V3,4.0-inf,1,rank_gpd,0.0,1,2000,1000,11.940522827723639,19.384577376649748,2000,0.011506570694437487,0.1871531131602197,0.28668692677758967,0.9294923932287515,1033.0281774624355,1511.916233771166,1205.107192124768,773.8170435468498,17,14.7,
freMTPL2sev,TabPFN-V3,4.0-inf,1,rank_gpd_trim,0.0,1,2000,1000,11.940522827723639,19.384577376649748,2000,0.011506570694437487,0.1871531131602197,0.19965596619940212,0.4505437263591861,1033.0281774624355,1511.8554727383885,1214.2392005716285,782.0390169715441,17,14.7,
freMTPL2sev,TabPFN-V3,4.0-inf,1,rank_exp,0.0,1,2000,1000,11.940522827723639,19.384577376649748,2000,0.0024239090423716237,0.14006934683759092,0.18745324512220593,0.6702591075783554,1033.0479505905826,1511.4257215088821,1211.285366344992,783.0152692016169,17,14.7,
freMTPL2sev,TabPFN-v2.5,4.0-inf,1,without_max,0.0,1,2000,1000,11.940522827723639,19.384577376649748,0,0.0,0.0,0.0,0.0,1047.1781079589844,1558.365462919922,1224.8376032431638,921.1553397769532,17,22.3,
freMTPL2sev,TabPFN-v2.5,4.0-inf,1,raw,0.0,1,2000,1000,11.940522827723639,19.384577376649748,0,0.33834320083176395,0.7247452516841199,-0.5000221724807647,-0.12142835808001193,1074.43606560791,1510.384843852539,1356.9994143076171,1003.5177947476564,46,22.3,
freMTPL2sev,TabPFN-v2.5,4.0-inf,1,clip,50.0,1,2000,1000,11.940522827723639,19.384577376649748,17,0.11177246642769842,0.40858717994646654,-0.058972758107844796,-0.35850137928768766,1033.6203061889648,1513.157936286621,1225.446579756836,1031.775498537695,18,22.3,
freMTPL2sev,TabPFN-v2.5,4.0-inf,1,clip,200.0,1,2000,1000,11.940522827723639,19.384577376649748,4,0.10498012738308554,0.22029372328058117,-0.003117149731545639,-0.011628802688014878,1033.7857747509765,1525.697013330078,1222.65951384375,913.162349049414,18,22.3,
freMTPL2sev,TabPFN-v2.5,4.0-inf,1,log,0.0,1,2000,1000,11.940522827723639,19.384577376649748,0,0.11042667918197434,0.3467899377850927,-0.04459733661991664,-0.10667582271945586,1033.8373681828848,1519.6020161220408,1231.4451119000846,940.249490528644,22,22.3,
freMTPL2sev,TabPFN-v2.5,4.0-inf,1,tail_log,50.0,1,2000,1000,11.940522827723639,19.384577376649748,17,0.11251997165446091,0.2972371807435525,-0.0032338101761698497,-0.05172327068206058,1033.799682705078,1522.2679809082033,1223.0152948212185,898.1726501944827,18,22.3,
freMTPL2sev,TabPFN-v2.5,4.0-inf,1,evt_trim,0.0,1,2000,1000,11.940522827723639,19.384577376649748,0,0.33834320083176395,0.7247452516841199,-0.5000221724807647,-0.12142835808001193,1074.43606560791,1510.384843852539,1356.9994143076171,1003.5177947476564,46,22.3,
freMTPL2sev,TabPFN-v2.5,4.0-inf,1,sd_cap,1.2,1,2000,1000,11.940522827723639,19.384577376649748,1,-0.020788960996548967,0.026333090844180007,-0.019628621656538683,0.12343751611800488,1050.8036896850585,1555.202507890625,1215.1563772470702,892.3743390367189,18,22.3,
freMTPL2sev,TabPFN-v2.5,4.0-inf,1,rank_emp,0.0,1,2000,1000,11.940522827723639,19.384577376649748,2000,0.11609917924537316,0.46650908607377567,0.014850545775777208,0.7233048502671091,1033.0899170976152,1514.473305250013,1212.3304351744464,855.2429272670521,19,22.3,
freMTPL2sev,TabPFN-v2.5,4.0-inf,1,rank_gpd,0.0,1,2000,1000,11.940522827723639,19.384577376649748,2000,0.11609917924537316,0.46876185340439697,0.1052519913548253,0.676978798916618,1033.0899170976152,1514.4318296450451,1201.5729946925578,840.2398220748645,19,22.3,
freMTPL2sev,TabPFN-v2.5,4.0-inf,1,rank_gpd_trim,0.0,1,2000,1000,11.940522827723639,19.384577376649748,2000,0.11609917924537316,0.469501624684445,0.03557554773187764,0.35470717701212273,1033.0899170976152,1514.4398299617903,1212.4334115344398,871.7258240956269,19,22.3,
freMTPL2sev,TabPFN-v2.5,4.0-inf,1,rank_exp,0.0,1,2000,1000,11.940522827723639,19.384577376649748,2000,0.12690281797480957,0.6291585938363029,0.2512136419720189,0.04737144621550755,1033.079488932234,1510.7357718528394,1201.8768252082314,929.0623037195134,16,22.3,
freMTPL2sev,TabPFN-v2.6,4.0-inf,1,without_max,0.0,1,2000,1000,11.940522827723639,19.384577376649748,0,0.0,0.0,0.0,0.0,1042.5516445214844,1535.8906307592774,1170.3165080917972,945.592896603125,14,29.6,
freMTPL2sev,TabPFN-v2.6,4.0-inf,1,raw,0.0,1,2000,1000,11.940522827723639,19.384577376649748,0,-0.06655409703594797,0.948223005115316,-0.4508355963681614,-0.6003523139618128,1034.102188635254,1544.6034565820314,1304.7162585849608,1161.5946986324218,30,29.6,
freMTPL2sev,TabPFN-v2.6,4.0-inf,1,clip,50.0,1,2000,1000,11.940522827723639,19.384577376649748,17,-0.09251409089032514,-0.033254967703339834,-0.3490211555988625,-0.5584802089948007,1038.873094099121,1537.2161276342777,1237.9943543906252,1107.1658056509766,19,29.6,
freMTPL2sev,TabPFN-v2.6,4.0-inf,1,clip,200.0,1,2000,1000,11.940522827723639,19.384577376649748,4,-0.077348050455393,-0.01726355497781119,-0.07814593859373603,-0.22182118258988343,1036.1666122924805,1542.4002151953123,1206.1521486826175,1017.465120153906,16,29.6,
freMTPL2sev,TabPFN-v2.6,4.0-inf,1,log,0.0,1,2000,1000,11.940522827723639,19.384577376649748,0,-0.07808662469541394,0.012244049676921012,-0.21814248450960477,7.638052920619998,1035.621441061595,1530.342556022364,1215.8097213942872,3740.6233885205247,18,29.6,
freMTPL2sev,TabPFN-v2.6,4.0-inf,1,tail_log,50.0,1,2000,1000,11.940522827723639,19.384577376649748,17,-0.07843827842983317,-0.018077610041157904,-0.06730093211087386,-0.2643104604110569,1035.8890502270506,1539.4910089746095,1211.3236229756271,4963496.1657844,16,29.6,
freMTPL2sev,TabPFN-v2.6,4.0-inf,1,evt_trim,0.0,1,2000,1000,11.940522827723639,19.384577376649748,0,-0.06655409703594797,0.948223005115316,-0.4508355963681614,-0.6003523139618128,1034.102188635254,1544.6034565820314,1304.7162585849608,1161.5946986324218,30,29.6,
freMTPL2sev,TabPFN-v2.6,4.0-inf,1,sd_cap,1.2,1,2000,1000,11.940522827723639,19.384577376649748,1,0.03336694773183026,0.03132647224294277,-0.05368458972868728,0.18978415914303343,1046.9251355053711,1534.488437902832,1172.5632922958985,916.0645526246095,15,29.6,
freMTPL2sev,TabPFN-v2.6,4.0-inf,1,rank_emp,0.0,1,2000,1000,11.940522827723639,19.384577376649748,2000,-0.05554568061651593,0.2601840972126164,-0.006427259439478595,138.92447253477852,1033.245618614081,1511.6834511841982,1267.3614649613098,4072.639311400004,14,29.6,
freMTPL2sev,TabPFN-v2.6,4.0-inf,1,rank_gpd,0.0,1,2000,1000,11.940522827723639,19.384577376649748,2000,-0.05554568061651593,0.2601840972126164,0.0765206259852465,471498.01366761647,1033.245618614081,1511.3573406564944,1197.5015920314256,4817003617.919241,13,29.6,
freMTPL2sev,TabPFN-v2.6,4.0-inf,1,rank_gpd_trim,0.0,1,2000,1000,11.940522827723639,19.384577376649748,2000,-0.05554568061651593,0.2601840972126164,-0.001576247745053337,75270.21245606584,1033.245618614081,1511.2734384289374,1200.870625542133,297736006.48134136,15,29.6,
freMTPL2sev,TabPFN-v2.6,4.0-inf,1,rank_exp,0.0,1,2000,1000,11.940522827723639,19.384577376649748,2000,-0.06143655032929478,0.3482218133278199,-0.2260312662071024,-0.17431675485212872,1033.2086506984542,1508.588170474213,1209.612415931405,980.5604797187291,16,29.6,
freMTPL2sev,TabPFN-V3,4.0-inf,2,without_max,0.0,1,2000,1000,5.0044194683674155,6.404290945602741,0,0.0,0.0,0.0,0.0,830.0677075183105,1189.0944871479492,812.7031187648438,441.22740588820307,25,15.4,
freMTPL2sev,TabPFN-V3,4.0-inf,2,raw,0.0,1,2000,1000,5.0044194683674155,6.404290945602741,0,-0.03243620971599958,-0.01214608885445076,-0.16918462094858258,-0.14801320256622308,835.7344093395996,1186.9187337714843,864.0056780421875,398.31494017335933,33,15.4,
freMTPL2sev,TabPFN-V3,4.0-inf,2,clip,50.0,1,2000,1000,5.0044194683674155,6.404290945602741,11,-0.005783695628283094,-0.01971139868127801,0.13224758681334342,-0.2995870833539693,829.8733289135743,1181.6663368964844,806.0613373976564,517.0589562124219,20,15.4,
freMTPL2sev,TabPFN-V3,4.0-inf,2,clip,200.0,1,2000,1000,5.0044194683674155,6.404290945602741,2,-0.006156122603840501,-0.028681481217992265,0.01843807411369347,-0.07559444254743194,829.810912487793,1195.6480597919924,806.3822455373048,451.54508475734383,20,15.4,
freMTPL2sev,TabPFN-V3,4.0-inf,2,log,0.0,1,2000,1000,5.0044194683674155,6.404290945602741,0,0.013549793872749086,0.05406745358692858,0.3072417645624549,0.28649757352832744,828.7264551029115,1174.324850422246,986.2973270144176,73467711593987.6,16,15.4,
freMTPL2sev,TabPFN-V3,4.0-inf,2,tail_log,50.0,1,2000,1000,5.0044194683674155,6.404290945602741,11,-0.005522370483460566,-0.03422011948215067,0.03715407064224502,-0.030510954881142298,829.7341719848632,1306.5508313490654,30235.264751070892,3561234.539508684,19,15.4,
freMTPL2sev,TabPFN-V3,4.0-inf,2,evt_trim,0.0,1,2000,1000,5.0044194683674155,6.404290945602741,0,-0.03243620971599958,-0.01214608885445076,-0.16918462094858258,-0.14801320256622308,835.7344093395996,1186.9187337714843,864.0056780421875,398.31494017335933,33,15.4,
freMTPL2sev,TabPFN-V3,4.0-inf,2,sd_cap,1.2,1,2000,1000,5.0044194683674155,6.404290945602741,2,-0.00019653079519218612,-0.004443594265571636,-0.006931527221252112,-0.004911355504376569,831.2595845959472,1203.1839754267578,812.0826482570313,433.44395026125,24,15.4,
freMTPL2sev,TabPFN-V3,4.0-inf,2,rank_emp,0.0,1,2000,1000,5.0044194683674155,6.404290945602741,2000,0.0033950930770239485,0.11488289903396923,0.30650564194901564,0.4975209838815402,828.6377451256393,1171.5700566573714,782.3660806324496,429.3480634147966,16,15.4,
freMTPL2sev,TabPFN-V3,4.0-inf,2,rank_gpd,0.0,1,2000,1000,5.0044194683674155,6.404290945602741,2000,0.0033950930770239485,0.1281529364019457,0.23563150531558608,0.6693261518447615,828.6377451256393,1171.3169480606584,791.255475967922,474.88092862204707,17,15.4,
freMTPL2sev,TabPFN-V3,4.0-inf,2,rank_gpd_trim,0.0,1,2000,1000,5.0044194683674155,6.404290945602741,2000,0.0033950930770239485,0.13016658691265087,0.15123461715925782,0.36755340792166225,828.6377451256393,1171.1643719227854,794.2453405071032,443.9283532289753,18,15.4,
freMTPL2sev,TabPFN-V3,4.0-inf,2,rank_exp,0.0,1,2000,1000,5.0044194683674155,6.404290945602741,2000,-0.0011681934854216856,0.09294978961615832,0.10700572890179721,0.3460450963541787,829.3726072986086,1171.5564038373107,813.0126296032022,6165835.557596735,21,15.4,
freMTPL2sev,TabPFN-v2.5,4.0-inf,2,without_max,0.0,1,2000,1000,5.0044194683674155,6.404290945602741,0,0.0,0.0,0.0,0.0,840.3482333032226,1195.4857042036133,816.4004716994142,571.6444271811719,25,21.7,
freMTPL2sev,TabPFN-v2.5,4.0-inf,2,raw,0.0,1,2000,1000,5.0044194683674155,6.404290945602741,0,0.054360724054789644,0.23638512954175886,-0.4956116101871786,1.4269813882300648,836.5576520886231,1183.3124075654298,917.7789691798829,332.13579081789067,49,21.7,
freMTPL2sev,TabPFN-v2.5,4.0-inf,2,clip,50.0,1,2000,1000,5.0044194683674155,6.404290945602741,11,0.08119724694299257,0.3577706980023512,0.09981530665776245,-0.05234836353400546,829.9334445568848,1175.5887618452148,797.7046727589845,601.2585155415235,21,21.7,
freMTPL2sev,TabPFN-v2.5,4.0-inf,2,clip,200.0,1,2000,1000,5.0044194683674155,6.404290945602741,2,0.06376801615915917,0.06784487411586186,0.0041986255346786175,0.019140700729947772,832.971555090332,1186.7063597651365,812.7381259962892,566.4405101196484,25,21.7,
freMTPL2sev,TabPFN-v2.5,4.0-inf,2,log,0.0,1,2000,1000,5.0044194683674155,6.404290945602741,0,0.07735802752482157,0.30865327241429474,-0.0281379491920397,0.3887627939560682,829.3187734360725,1182.543924734119,805.0157764336278,429.7706484311491,25,21.7,
freMTPL2sev,TabPFN-v2.5,4.0-inf,2,tail_log,50.0,1,2000,1000,5.0044194683674155,6.404290945602741,11,0.07181760429235158,0.14012501210384043,0.017220939505707855,0.03534473268785459,832.3787168749999,1182.2838969208985,810.2349805519532,560.2596803352349,25,21.7,
freMTPL2sev,TabPFN-v2.5,4.0-inf,2,evt_trim,0.0,1,2000,1000,5.0044194683674155,6.404290945602741,0,0.054360724054789644,0.23638512954175886,-0.4956116101871786,1.4269813882300648,836.5576520886231,1183.3124075654298,917.7789691798829,332.13579081789067,49,21.7,
freMTPL2sev,TabPFN-v2.5,4.0-inf,2,sd_cap,1.2,1,2000,1000,5.0044194683674155,6.404290945602741,2,-0.0029621070057107616,0.000702660392393317,0.02310603544312343,0.04478009375865695,840.9181013012695,1196.834559726074,810.6919076173829,550.2555504409376,24,21.7,
freMTPL2sev,TabPFN-v2.5,4.0-inf,2,rank_emp,0.0,1,2000,1000,5.0044194683674155,6.404290945602741,2000,0.08191852584040316,0.33875468409631454,0.25086014382318045,0.8369203887511455,828.7735217926315,1178.209279757885,780.0136766332089,312.36483255358155,20,21.7,
freMTPL2sev,TabPFN-v2.5,4.0-inf,2,rank_gpd,0.0,1,2000,1000,5.0044194683674155,6.404290945602741,2000,0.08191852584040316,0.335411869293435,0.15395904248221004,0.9311036309003645,828.7735217926315,1178.548817011074,790.0507184770205,322.9657318349304,20,21.7,
freMTPL2sev,TabPFN-v2.5,4.0-inf,2,rank_gpd_trim,0.0,1,2000,1000,5.0044194683674155,6.404290945602741,2000,0.08191852584040316,0.335411869293435,0.08064026353565676,0.6276349565775448,828.7735217926315,1178.471672031993,800.0046425822615,377.79284861887305,24,21.7,
freMTPL2sev,TabPFN-v2.5,4.0-inf,2,rank_exp,0.0,1,2000,1000,5.0044194683674155,6.404290945602741,2000,0.07637811642068083,0.43247121156086926,0.2642743710214447,0.4653804008230434,829.9703438204858,1174.8164743067218,783.9638586101933,481.0183211134386,18,21.7,
freMTPL2sev,TabPFN-v2.6,4.0-inf,2,without_max,0.0,1,2000,1000,5.0044194683674155,6.404290945602741,0,0.0,0.0,0.0,0.0,831.6730129052736,1200.8123892719727,788.2771877541015,555.5144892358594,19,28.9,
freMTPL2sev,TabPFN-v2.6,4.0-inf,2,raw,0.0,1,2000,1000,5.0044194683674155,6.404290945602741,0,-0.37284753257665204,0.2872703070691602,-0.6758168889838949,2.0465885359132745,912.2528935791015,1176.5342978779297,967.459710713086,414.7548500556836,53,28.9,
freMTPL2sev,TabPFN-v2.6,4.0-inf,2,clip,50.0,1,2000,1000,5.0044194683674155,6.404290945602741,11,-0.0426747709662993,-0.00641482895765288,-0.3110331672139991,-0.4540350620381087,835.3629367480469,1197.5245887177737,834.8886160988282,662.4952095366407,29,28.9,
freMTPL2sev,TabPFN-v2.6,4.0-inf,2,clip,200.0,1,2000,1000,5.0044194683674155,6.404290945602741,2,-0.05473085604029358,0.0010383264246798226,-0.10029202689709239,-0.1534026582597477,834.9132306835937,1200.0549055463866,789.5282380763674,584.6553229370312,20,28.9,
freMTPL2sev,TabPFN-v2.6,4.0-inf,2,log,0.0,1,2000,1000,5.0044194683674155,6.404290945602741,0,-0.026801959151687378,0.1460609706145335,-0.22721166200832488,16.65290008192789,832.1154012797305,1184.2482479557264,814.091538655505,9.352824295883051e+29,22,28.9,
freMTPL2sev,TabPFN-v2.6,4.0-inf,2,tail_log,50.0,1,2000,1000,5.0044194683674155,6.404290945602741,11,-0.04751724423166828,0.0019150311555420946,-0.09717297549029952,-0.20079209520122088,834.2463397875977,1200.1513901899416,792.4642487208986,591.3924566067184,20,28.9,
freMTPL2sev,TabPFN-v2.6,4.0-inf,2,evt_trim,0.0,1,2000,1000,5.0044194683674155,6.404290945602741,0,-0.37284753257665204,0.2872703070691602,-0.6758168889838949,2.0465885359132745,912.2528935791015,1176.5342978779297,967.459710713086,414.7548500556836,53,28.9,
freMTPL2sev,TabPFN-v2.6,4.0-inf,2,sd_cap,1.2,1,2000,1000,5.0044194683674155,6.404290945602741,2,0.016060285570325482,0.008393840559683289,0.038681976973506615,0.04143084894298245,833.711548359375,1199.5377598652342,784.7230856789064,546.7859383198437,19,28.9,
freMTPL2sev,TabPFN-v2.6,4.0-inf,2,rank_emp,0.0,1,2000,1000,5.0044194683674155,6.404290945602741,2000,-0.006453120094240839,0.3309110942058662,0.012621345476455019,51.437991043595005,828.9934482774937,1174.827016954029,829.1446770645437,1298.6092055977963,18,28.9,
freMTPL2sev,TabPFN-v2.6,4.0-inf,2,rank_gpd,0.0,1,2000,1000,5.0044194683674155,6.404290945602741,2000,-0.006453120094240839,0.3184299522299558,-0.051962583263025795,34885600.75695287,828.9934482774937,1174.3896450609616,1765532.2884401183,23730362417.13256,19,28.9,
freMTPL2sev,TabPFN-v2.6,4.0-inf,2,rank_gpd_trim,0.0,1,2000,1000,5.0044194683674155,6.404290945602741,2000,-0.006453120094240839,0.31931576530553696,-0.09858353633003566,5631584.6335482765,828.9934482774937,1174.344979494184,331569.3449429848,2531740123.0359344,19,28.9,
freMTPL2sev,TabPFN-v2.6,4.0-inf,2,rank_exp,0.0,1,2000,1000,5.0044194683674155,6.404290945602741,2000,-0.012017150578492914,0.29099861990679377,-0.19830178221414196,-0.0861044902927641,829.58758745819,1173.179158625438,809.2226393501994,470.33079868978695,27,28.9,
freMTPL2sev,TabPFN-V3,4.0-inf,3,without_max,0.0,1,2000,1000,13.599161002782575,20.261008526187577,0,0.0,0.0,0.0,0.0,703.358043548584,918.8712570371093,594.7819826382813,333.74816810757807,16,15.3,
freMTPL2sev,TabPFN-V3,4.0-inf,3,raw,0.0,1,2000,1000,13.599161002782575,20.261008526187577,0,-0.0035309334880373735,0.047043379079793377,-0.10418216667716985,-0.13522747469759772,714.0388624707032,921.995240376953,614.4255087393556,333.81481504117187,19,15.3,
freMTPL2sev,TabPFN-V3,4.0-inf,3,clip,50.0,1,2000,1000,13.599161002782575,20.261008526187577,13,-0.006366311764234248,-0.017574369312598728,0.16774144180400785,-0.33785285353631256,703.5845859570312,921.4606186313475,577.1020658414063,372.94512812320323,15,15.3,
freMTPL2sev,TabPFN-V3,4.0-inf,3,clip,200.0,1,2000,1000,13.599161002782575,20.261008526187577,4,0.002662272980171644,-0.03939425197132908,0.039653668119719154,-0.04668020325175691,702.9718338708495,920.1298195029296,589.1749388394533,336.1718298888282,15,15.3,
freMTPL2sev,TabPFN-V3,4.0-inf,3,log,0.0,1,2000,1000,13.599161002782575,20.261008526187577,0,0.004001274185383187,0.09583769238933676,0.2177474410037337,0.42606068054578655,703.1790258778459,916.5445354092957,578.26654353151,746.1625454823787,13,15.3,
freMTPL2sev,TabPFN-V3,4.0-inf,3,tail_log,50.0,1,2000,1000,13.599161002782575,20.261008526187577,13,0.001232008599270965,-0.050788916704546036,0.046028118678397484,0.12866738661361882,703.0460389709473,922.2372102231445,589.3327136298808,339.14687173685957,16,15.3,
freMTPL2sev,TabPFN-V3,4.0-inf,3,evt_trim,0.0,1,2000,1000,13.599161002782575,20.261008526187577,0,-0.0035309334880373735,0.047043379079793377,-0.10418216667716985,-0.13522747469759772,714.0388624707032,921.995240376953,614.4255087393556,333.81481504117187,19,15.3,
freMTPL2sev,TabPFN-V3,4.0-inf,3,sd_cap,1.2,1,2000,1000,13.599161002782575,20.261008526187577,1,-0.003044608543370337,-0.03357150031082448,0.017750890935582422,0.11265892528666333,703.2242836779784,924.530316409668,598.8968293228518,332.3393830860938,17,15.3,
freMTPL2sev,TabPFN-V3,4.0-inf,3,rank_emp,0.0,1,2000,1000,13.599161002782575,20.261008526187577,2000,0.009140933177645812,0.19274288290801,0.1964508809429204,1.1116403108916493,701.6475826637436,913.238288242232,573.2582738362127,566.977206566181,13,15.3,
freMTPL2sev,TabPFN-V3,4.0-inf,3,rank_gpd,0.0,1,2000,1000,13.599161002782575,20.261008526187577,2000,0.009140933177645812,0.1981665877484884,0.200048112884948,0.7553265033785646,701.6475826637436,913.2930837602836,573.485580887613,330.95015276810875,12,15.3,
freMTPL2sev,TabPFN-V3,4.0-inf,3,rank_gpd_trim,0.0,1,2000,1000,13.599161002782575,20.261008526187577,2000,0.009140933177645812,0.1997072162973914,0.123311651051351,0.3051462408577145,701.6475826637436,913.2133424859077,576.1581133774091,338.7223674786969,15,15.3,
freMTPL2sev,TabPFN-V3,4.0-inf,3,rank_exp,0.0,1,2000,1000,13.599161002782575,20.261008526187577,2000,-0.006962487112656907,0.13265738567308305,0.09381887335071844,0.6340743419043573,702.4641651491437,913.0260157412333,578.6575765645147,406.5753565672634,14,15.3,
freMTPL2sev,TabPFN-v2.5,4.0-inf,3,without_max,0.0,1,2000,1000,13.599161002782575,20.261008526187577,0,0.0,0.0,0.0,0.0,711.8311599853516,943.2057709799805,593.5534882583985,385.7945439278907,17,23.9,
freMTPL2sev,TabPFN-v2.5,4.0-inf,3,raw,0.0,1,2000,1000,13.599161002782575,20.261008526187577,0,0.24077404255082477,0.6018041010351263,-0.548588432661273,0.5013943992552066,740.1049092773436,919.8939117001953,711.9709695547851,313.4003985250586,44,23.9,
freMTPL2sev,TabPFN-v2.5,4.0-inf,3,clip,50.0,1,2000,1000,13.599161002782575,20.261008526187577,13,0.07120708202373678,0.5153518515920125,0.12660356563087444,-0.06883308751380154,703.9304337805175,915.9158482333984,579.4873763687501,395.1499795235938,16,23.9,
freMTPL2sev,TabPFN-v2.5,4.0-inf,3,clip,200.0,1,2000,1000,13.599161002782575,20.261008526187577,4,0.05240954745622337,0.0629136784506206,0.010559276450363413,-0.021204586759111806,706.0606711755371,926.5649257065428,587.9686638296876,377.9992465792578,17,23.9,
freMTPL2sev,TabPFN-v2.5,4.0-inf,3,log,0.0,1,2000,1000,13.599161002782575,20.261008526187577,0,0.08281905926997205,0.4285737467064019,0.0014224707463746345,0.46127717385870526,703.7675489971773,920.7973707056912,583.959760764153,333.93834165348983,17,23.9,
freMTPL2sev,TabPFN-v2.5,4.0-inf,3,tail_log,50.0,1,2000,1000,13.599161002782575,20.261008526187577,13,0.0604995717029969,0.10404497409846529,0.011933798131264809,-0.013114098125527093,705.469675357666,924.5349413657228,588.2986215462978,373.60157661460545,17,23.9,
freMTPL2sev,TabPFN-v2.5,4.0-inf,3,evt_trim,0.0,1,2000,1000,13.599161002782575,20.261008526187577,0,0.24077404255082477,0.6018041010351263,-0.548588432661273,0.5013943992552066,740.1049092773436,919.8939117001953,711.9709695547851,313.4003985250586,44,23.9,
freMTPL2sev,TabPFN-v2.5,4.0-inf,3,sd_cap,1.2,1,2000,1000,13.599161002782575,20.261008526187577,1,-0.05824616909049697,-0.006483377768502226,0.01847555986293674,0.14315106147900408,722.8095089086913,959.6910413510742,592.2883179458986,369.8152563126563,17,23.9,
freMTPL2sev,TabPFN-v2.5,4.0-inf,3,rank_emp,0.0,1,2000,1000,13.599161002782575,20.261008526187577,2000,0.08391802905240409,0.5280841849357054,0.3018573876817521,1.130028178742246,702.7214807599237,921.2841092353574,571.3624617360979,350.59402680132024,12,23.9,
freMTPL2sev,TabPFN-v2.5,4.0-inf,3,rank_gpd,0.0,1,2000,1000,13.599161002782575,20.261008526187577,2000,0.08391802905240409,0.5292709297508618,0.33510482198106006,1.3645137700888887,702.7214807599237,921.3248941554814,571.2783705063903,301.9364143994861,12,23.9,
freMTPL2sev,TabPFN-v2.5,4.0-inf,3,rank_gpd_trim,0.0,1,2000,1000,13.599161002782575,20.261008526187577,2000,0.08391802905240409,0.5295182837075034,0.2279185829919645,0.8304193196732985,702.7214807599237,921.4005691372475,573.5291966495528,322.5821063717107,14,23.9,
freMTPL2sev,TabPFN-v2.5,4.0-inf,3,rank_exp,0.0,1,2000,1000,13.599161002782575,20.261008526187577,2000,0.08271754606350679,0.6736909674415783,0.34110316882488406,0.4250719681639793,702.3644695295582,922.4510651722795,564.9299524465108,336.2601645325107,12,23.9,
freMTPL2sev,TabPFN-v2.6,4.0-inf,3,without_max,0.0,1,2000,1000,13.599161002782575,20.261008526187577,0,0.0,0.0,0.0,0.0,711.5750750207519,933.5710124399416,589.233989000586,376.48427000796875,10,30.2,
freMTPL2sev,TabPFN-v2.6,4.0-inf,3,raw,0.0,1,2000,1000,13.599161002782575,20.261008526187577,0,-0.08159048215884754,0.9610853069969538,-0.48509898162350495,-0.5816590642118165,706.295605090332,955.9398720566405,628.2046060074218,508.0426824776953,28,30.2,
freMTPL2sev,TabPFN-v2.6,4.0-inf,3,clip,50.0,1,2000,1000,13.599161002782575,20.261008526187577,13,-0.06779003479284032,-0.04418834593923015,-0.34596912401562796,-0.4663985049313259,709.1419558886718,935.1551789218748,596.143286241797,449.15643194546874,18,30.2,
freMTPL2sev,TabPFN-v2.6,4.0-inf,3,clip,200.0,1,2000,1000,13.599161002782575,20.261008526187577,4,-0.06469565949456707,-0.022491576295579005,-0.11011493595950557,-0.16622434247515805,707.1773071948243,936.2966421127929,586.408351217383,391.49376201968755,13,30.2,
freMTPL2sev,TabPFN-v2.6,4.0-inf,3,log,0.0,1,2000,1000,13.599161002782575,20.261008526187577,0,-0.0762889454252342,0.058720963042170414,-0.20748355037981203,5.013043021878591,706.5812540968755,926.0840576942919,583.1210332104687,6498.575464379193,15,30.2,
freMTPL2sev,TabPFN-v2.6,4.0-inf,3,tail_log,50.0,1,2000,1000,13.599161002782575,20.261008526187577,13,-0.06498598276406962,-0.02135603007448009,-0.11972571913418686,-0.2023416350400758,707.2300766491699,936.0575848740234,586.3231758072267,396.29013642817586,13,30.2,
freMTPL2sev,TabPFN-v2.6,4.0-inf,3,evt_trim,0.0,1,2000,1000,13.599161002782575,20.261008526187577,0,-0.08159048215884754,0.9610853069969538,-0.48509898162350495,-0.5816590642118165,706.295605090332,955.9398720566405,628.2046060074218,508.0426824776953,28,30.2,
freMTPL2sev,TabPFN-v2.6,4.0-inf,3,sd_cap,1.2,1,2000,1000,13.599161002782575,20.261008526187577,1,0.03098963853464324,0.009197725080135877,0.14578031769088828,0.18910924928476178,712.662940390625,933.3848004282228,587.1828709292971,355.8968957970313,9,30.2,
freMTPL2sev,TabPFN-v2.6,4.0-inf,3,rank_emp,0.0,1,2000,1000,13.599161002782575,20.261008526187577,2000,-0.051764043102865066,0.33106881097212104,-0.07112310900258453,144.42672276950998,702.1392418920957,922.8370479718028,595.4814005817133,4049.469574576664,13,30.2,
freMTPL2sev,TabPFN-v2.6,4.0-inf,3,rank_gpd,0.0,1,2000,1000,13.599161002782575,20.261008526187577,2000,-0.051764043102865066,0.33963323393923917,-0.057224744060959745,1249.332968851587,702.1392418920957,922.7251725191256,580.2833394108958,431471919.38143265,13,30.2,
freMTPL2sev,TabPFN-v2.6,4.0-inf,3,rank_gpd_trim,0.0,1,2000,1000,13.599161002782575,20.261008526187577,2000,-0.051764043102865066,0.34311916524847963,-0.13149149795804665,374.8195658609937,702.1392418920957,922.8904873591129,576.6219413423709,20389095.518869452,14,30.2,
freMTPL2sev,TabPFN-v2.6,4.0-inf,3,rank_exp,0.0,1,2000,1000,13.599161002782575,20.261008526187577,2000,-0.056373216135474746,0.3454823575449251,-0.10830130122820847,-0.07847399339667957,703.2290465708563,919.665039057479,580.3789247489345,371.5756261634187,16,30.2,
freMTPL2sev,TabPFN-V3,4.0-inf,4,without_max,0.0,1,2000,1000,16.40634557041672,20.0588691355108,0,0.0,0.0,0.0,0.0,558.6815659973144,684.634420402832,302.76435864257826,79.12246964453128,18,14.5,
freMTPL2sev,TabPFN-V3,4.0-inf,4,raw,0.0,1,2000,1000,16.40634557041672,20.0588691355108,0,0.00316909300357835,-0.023417865120121874,-0.217834702607836,-0.15107065673865205,569.9847599853515,687.751749555664,339.96731802978525,85.52945297851566,37,14.5,
freMTPL2sev,TabPFN-V3,4.0-inf,4,clip,50.0,1,2000,1000,16.40634557041672,20.0588691355108,12,-0.01713559476706398,-0.0409908624270083,0.1054003489947131,-0.3178954080606773,558.0893033666993,684.6804256884766,281.50265162109383,104.82886481445314,17,14.5,
freMTPL2sev,TabPFN-V3,4.0-inf,4,clip,200.0,1,2000,1000,16.40634557041672,20.0588691355108,2,-0.008505638586622045,-0.04459098960618067,-0.007429780820433689,-0.13556848528945323,557.976201640625,684.4528008862304,295.282576875,89.42322737695315,19,14.5,
freMTPL2sev,TabPFN-V3,4.0-inf,4,log,0.0,1,2000,1000,16.40634557041672,20.0588691355108,0,-0.005413598089484405,0.057973715918158475,0.1357330713903266,0.0758733316017618,558.1574648499669,677.7788990468365,285.2058908707093,88.41363900984317,15,14.5,
freMTPL2sev,TabPFN-V3,4.0-inf,4,tail_log,50.0,1,2000,1000,16.40634557041672,20.0588691355108,12,-0.004534897780258579,-0.03217959008993551,0.005751788596331959,-0.022066791567919828,558.1247709851074,682.8665301489257,295.88976016781686,121.26121487620294,18,14.5,
freMTPL2sev,TabPFN-V3,4.0-inf,4,evt_trim,0.0,1,2000,1000,16.40634557041672,20.0588691355108,0,0.00316909300357835,-0.023417865120121874,-0.217834702607836,-0.15107065673865205,569.9847599853515,687.751749555664,339.96731802978525,85.52945297851566,37,14.5,
freMTPL2sev,TabPFN-V3,4.0-inf,4,sd_cap,1.2,1,2000,1000,16.40634557041672,20.0588691355108,2,-0.002233000274791541,-0.01692139151299297,-0.02008908184233987,-0.060449328788672034,558.4004816210938,685.9740703051758,303.07760860839846,86.15482774023441,20,14.5,
freMTPL2sev,TabPFN-V3,4.0-inf,4,rank_emp,0.0,1,2000,1000,16.40634557041672,20.0588691355108,2000,-0.010821169124315647,0.15331952257549036,0.10923894814209167,0.37507524740117515,558.2422527542506,672.095580812925,301.9311043650045,608.1129710413951,18,14.5,
freMTPL2sev,TabPFN-V3,4.0-inf,4,rank_gpd,0.0,1,2000,1000,16.40634557041672,20.0588691355108,2000,-0.010821169124315647,0.1618507987621409,0.122513511157756,0.9119973006388908,558.2422527542506,670.9967782084913,299.1955619833142,105.78161370864328,18,14.5,
freMTPL2sev,TabPFN-V3,4.0-inf,4,rank_gpd_trim,0.0,1,2000,1000,16.40634557041672,20.0588691355108,2000,-0.010821169124315647,0.16554766295824352,0.04957481597586751,0.3365424859478172,558.2422527542506,671.1004923675034,302.31636629150773,78.99372309711305,19,14.5,
freMTPL2sev,TabPFN-V3,4.0-inf,4,rank_exp,0.0,1,2000,1000,16.40634557041672,20.0588691355108,2000,-0.019019964510307415,0.09381440615076705,0.02015930800718571,0.22347829381215245,557.4469856895422,675.6575419752915,301.27656683167044,76.80436003643888,19,14.5,
freMTPL2sev,TabPFN-v2.5,4.0-inf,4,without_max,0.0,1,2000,1000,16.40634557041672,20.0588691355108,0,0.0,0.0,0.0,0.0,559.0295197851563,705.6143441748047,311.93042970703135,122.6544950449219,24,21.7,
freMTPL2sev,TabPFN-v2.5,4.0-inf,4,raw,0.0,1,2000,1000,16.40634557041672,20.0588691355108,0,0.25998037958579256,0.548759421609604,-0.45979371726249074,0.2494852154589351,612.0458927001953,677.4521020410156,415.60017596923825,119.07285463281251,49,21.7,
freMTPL2sev,TabPFN-v2.5,4.0-inf,4,clip,50.0,1,2000,1000,16.40634557041672,20.0588691355108,12,0.038010303168059395,0.3840013165613964,0.01202953030722611,-0.0930830349869146,558.0175484301758,682.7757375537108,310.220081459961,133.06860172460938,27,21.7,
freMTPL2sev,TabPFN-v2.5,4.0-inf,4,clip,200.0,1,2000,1000,16.40634557041672,20.0588691355108,2,0.05212334870418164,0.24452318947426394,0.1394361452161665,0.08609613104181962,559.1244849951172,686.2091094580079,291.4007977832032,114.48652534472659,18,21.7,
freMTPL2sev,TabPFN-v2.5,4.0-inf,4,log,0.0,1,2000,1000,16.40634557041672,20.0588691355108,0,0.02376082055986637,0.36163070725182195,0.06222862142581788,0.26285698537031765,557.9171619882467,684.9797168833418,299.9136899379187,119.21556088468907,19,21.7,
freMTPL2sev,TabPFN-v2.5,4.0-inf,4,tail_log,50.0,1,2000,1000,16.40634557041672,20.0588691355108,12,0.04117812345400566,0.1476661708518925,0.11022539279320745,0.055370612684305154,558.1500906335449,688.7528707250976,293.65105682535875,116.11880189877073,20,21.7,
freMTPL2sev,TabPFN-v2.5,4.0-inf,4,evt_trim,0.0,1,2000,1000,16.40634557041672,20.0588691355108,0,0.25998037958579256,0.548759421609604,-0.45979371726249074,0.2494852154589351,612.0458927001953,677.4521020410156,415.60017596923825,119.07285463281251,49,21.7,
freMTPL2sev,TabPFN-v2.5,4.0-inf,4,sd_cap,1.2,1,2000,1000,16.40634557041672,20.0588691355108,2,0.025703271378027276,0.033084458772616995,0.05227009581585872,0.019222522474713254,557.6336015844727,698.6777245458984,300.7707560742188,118.73357766796876,24,21.7,
freMTPL2sev,TabPFN-v2.5,4.0-inf,4,rank_emp,0.0,1,2000,1000,16.40634557041672,20.0588691355108,2000,0.020696141094245068,0.4210728009539272,0.03864051654842953,0.7040058095129544,557.3463315200001,683.6905271179846,299.58657883524745,119.19231525210978,22,21.7,
freMTPL2sev,TabPFN-v2.5,4.0-inf,4,rank_gpd,0.0,1,2000,1000,16.40634557041672,20.0588691355108,2000,0.020696141094245068,0.422624209924504,0.09461385321690344,0.854862729866432,557.3463315200001,683.6563223413435,296.7305269458579,85.74879803425895,20,21.7,
freMTPL2sev,TabPFN-v2.5,4.0-inf,4,rank_gpd_trim,0.0,1,2000,1000,16.40634557041672,20.0588691355108,2000,0.020696141094245068,0.423393042726502,0.03874297130861145,0.4583746617774418,557.3463315200001,683.561085523145,301.6474472548526,104.09538642837018,23,21.7,
freMTPL2sev,TabPFN-v2.5,4.0-inf,4,rank_exp,0.0,1,2000,1000,16.40634557041672,20.0588691355108,2000,0.030566323392810173,0.4795766702244245,0.19032575315110972,0.08747391560838422,557.1579790109927,680.3973853777743,295.383602310938,118.4428267166747,20,21.7,
freMTPL2sev,TabPFN-v2.6,4.0-inf,4,without_max,0.0,1,2000,1000,16.40634557041672,20.0588691355108,0,0.0,0.0,0.0,0.0,575.5541973010255,685.7881910498047,318.0485762622071,115.71621375781254,22,27.0,
freMTPL2sev,TabPFN-v2.6,4.0-inf,4,raw,0.0,1,2000,1000,16.40634557041672,20.0588691355108,0,-0.16346104384411916,0.9527505283929795,-0.2894051529036506,-0.5069349764986613,582.5576100744628,716.123368671875,365.3755906542969,224.40617022558592,29,27.0,
freMTPL2sev,TabPFN-v2.6,4.0-inf,4,clip,50.0,1,2000,1000,16.40634557041672,20.0588691355108,12,-0.039143963330651274,-0.03667646571140075,-0.22587793793477726,-0.4440973435699658,568.3568701623535,693.2509205322266,332.11489478515637,185.4073377734375,29,27.0,
freMTPL2sev,TabPFN-v2.6,4.0-inf,4,clip,200.0,1,2000,1000,16.40634557041672,20.0588691355108,2,-0.02184034822365577,-0.0006674147609838255,-0.05580086662973491,-0.19969266388252058,570.8293238842774,689.2025348803711,318.521915966797,131.54940561035158,24,27.0,
freMTPL2sev,TabPFN-v2.6,4.0-inf,4,log,0.0,1,2000,1000,16.40634557041672,20.0588691355108,0,-0.033129108913884604,0.008803052981670929,-0.005048763299679114,2.4347446126357886,561.0019545674133,694.1338241717673,327.97681262840877,2.7520298715393378e+28,21,27.0,
freMTPL2sev,TabPFN-v2.6,4.0-inf,4,tail_log,50.0,1,2000,1000,16.40634557041672,20.0588691355108,12,-0.012414046238479168,0.003086855268237874,-0.03254283430625676,-0.14686187074257548,572.0671101525879,691.422239006869,317.35928194130446,161135.16827937932,24,27.0,
freMTPL2sev,TabPFN-v2.6,4.0-inf,4,evt_trim,0.0,1,2000,1000,16.40634557041672,20.0588691355108,0,-0.16346104384411916,0.9527505283929795,-0.2894051529036506,-0.5069349764986613,582.5576100744628,716.123368671875,365.3755906542969,224.40617022558592,29,27.0,
freMTPL2sev,TabPFN-v2.6,4.0-inf,4,sd_cap,1.2,1,2000,1000,16.40634557041672,20.0588691355108,2,-0.00101667781005817,0.006843133724773898,-0.0373616321909383,-0.052667128909138106,573.8211018127441,690.8792597729491,320.22486100097666,119.69449116210937,24,27.0,
freMTPL2sev,TabPFN-v2.6,4.0-inf,4,rank_emp,0.0,1,2000,1000,16.40634557041672,20.0588691355108,2000,-0.013842778361937227,0.21490448250958732,0.0691139099180359,173.12879271489953,557.9613541640236,676.9034886967112,418.5414465590342,3478.2244705004314,20,27.0,
freMTPL2sev,TabPFN-v2.6,4.0-inf,4,rank_gpd,0.0,1,2000,1000,16.40634557041672,20.0588691355108,2000,-0.013842778361937227,0.21412404510649116,0.06969814893551093,54.0384673609999,557.9613541640236,676.1492564594581,335.171490955779,91471809.14873041,19,27.0,
freMTPL2sev,TabPFN-v2.6,4.0-inf,4,rank_gpd_trim,0.0,1,2000,1000,16.40634557041672,20.0588691355108,2000,-0.013842778361937227,0.21490448250958732,0.0014562263255138465,23.67225220009273,557.9613541640236,676.0878333722351,326.887099075342,3525493.3082628674,20,27.0,
freMTPL2sev,TabPFN-v2.6,4.0-inf,4,rank_exp,0.0,1,2000,1000,16.40634557041672,20.0588691355108,2000,-0.016028542626275885,0.1949253923828076,-0.1190567209811135,-0.18311455264869886,558.8895622433239,682.8461918528005,337.5517902389198,176.8017676208043,24,27.0,
