model,xi,seg_scale,seg_share,sd_shift_target,variant,clip_c,seed,n_est,n_train,n_test,sd_shift,natural_shift,n_seg_context,n_seg_test,n_clipped,n_clipped_seg,epb50_all,epb90_all,epb99_all,epb999_all,epb50_seg,epb90_seg,epb99_seg,epb999_seg,epb50_out,epb90_out,epb99_out,epb999_out,pb50_all,pb90_all,pb99_all,pb999_all,pb50_seg,pb90_seg,pb99_seg,pb999_seg,pb50_out,pb90_out,pb99_out,pb999_out,qratio99_seg,qratio999_seg,qratio99_out,qratio999_out,seconds,reason
TabPFN-V3,0.7,1.0,0.05,1.0,raw,0.0,7500,1,2000,5000,1.608907994394138,1.608907994394138,101,269,0,0,1.7462237842232076,2.281659965356699,1.4015051711157522,0.7780443342785982,1.7103433556973273,2.237378775004933,1.373216162368286,0.7565309153245701,1.7482639100472324,2.284177750223456,1.403113656288669,0.7792675660897657,1.501369347422938,1.8373949538564338,0.9447541347918686,0.3826599709880384,1.4527161498105103,1.7117728132554604,0.6810049435568966,0.09467153908832569,1.504135720316141,1.8445377050341258,0.959750654014487,0.3990347095593812,0.6627570419051119,0.4843763257409182,0.6148423125649896,0.4396395112454384,20.4,
TabPFN-V3,0.7,1.0,0.05,1.0,clip,200.0,7500,1,2000,5000,1.608907994394138,1.608907994394138,101,269,1,0,1.7464761761941685,2.280685129066203,1.3971067017057288,0.7847162887585459,1.709899259490953,2.2351917609586396,1.3680664729942502,0.7647948843801624,1.7485559036499214,2.2832718371661684,1.3987579005058532,0.7858490001890649,1.5021889308458145,1.8358323979340336,0.9395887947139531,0.38163603222461073,1.451685734189004,1.7004762227095487,0.6783904855153333,0.09136440799110646,1.5050604928624456,1.8435286167324665,0.954440273296584,0.3981405908631253,0.6801999275102257,0.48774350162905905,0.6342425265206145,0.44527659431330946,16.9,
TabPFN-V3,0.7,1.0,0.05,1.0,raw,0.0,8500,1,2000,5000,1.7833317246869531,1.7833317246869531,98,276,0,0,1.7921845532428449,2.3166277823371173,1.405170018752204,0.7757691597711521,1.8124955630975765,2.340318711921524,1.415534497680669,0.7806448271767162,1.7909978812022214,2.315243638271644,1.404564473412607,0.7754842985933503,2.48978586118302,3.5512612892955833,2.750928719154144,2.172668695161405,1.33674619437063,1.4597943059575185,0.32102764048979693,0.11661194293096545,2.5571522769408985,3.6734553806167747,2.8928958439872,2.2927939414813885,0.7889447797745,0.6087111758171525,0.7573212240993039,0.5616926042277985,19.0,
TabPFN-V3,0.7,1.0,0.05,1.0,clip,200.0,8500,1,2000,5000,1.7833317246869531,1.7833317246869531,98,276,1,0,1.7937695606107917,2.318967946395513,1.4068803907032315,0.7926972275790829,1.8133748669387706,2.340189535330572,1.4176648617879595,0.8018481463110356,1.7926241193435348,2.3177280737142945,1.4062503072952328,0.7921625845710347,2.4907233667063142,3.554014832654059,2.7642058208151514,2.1792260096070133,1.337422065687651,1.4535662109857195,0.3245450084851005,0.10534808800578217,2.5581050684593096,3.676733676765079,2.9067431587074224,2.300392458879228,0.788840443912086,0.5652790307358617,0.7633846297156983,0.5280578538477858,17.9,
TabPFN-V3,0.7,1.0,0.05,1.0,raw,0.0,9500,1,2000,5000,1.6404063836985494,1.6404063836985494,113,238,0,0,1.7745065409669034,2.3023236729918364,1.4178781758236123,0.7498093149372468,1.8293406993552082,2.3762503091775256,1.480254978397011,0.7983128178504703,1.7717659845417844,2.2986288936108634,1.4147606455815989,0.7473851583447757,1.9437685002618215,2.5721343278793904,1.6147686634832352,0.9092018054552528,4.472327613848012,7.157756636035501,6.664425814472118,5.214923597558452,1.8173936432619238,2.342949508614134,1.3623918466131484,0.69400613419936,0.6272625988188729,0.5067332957279138,0.6646477886370892,0.6044344984663659,18.5,
TabPFN-V3,0.7,1.0,0.05,1.0,clip,200.0,9500,1,2000,5000,1.6404063836985494,1.6404063836985494,113,238,3,0,1.7744145811342815,2.3097919253052592,1.4107270696876262,0.7517625425103335,1.8292557325837087,2.3848620075547515,1.4683480268163667,0.7963133526091558,1.7716736752029585,2.3060399976329835,1.4078472318470887,0.7495359375536934,1.942849183421619,2.5810238323158794,1.6001691826899636,0.9034425084104989,4.471711250987778,7.158100853819914,6.5940648826028045,5.222951143190887,1.8164591850846292,2.352266097935795,1.3505792674066257,0.6875577845386524,0.6394174572250066,0.5577715790225494,0.6604537473776808,0.6377429259237597,14.5,
TabPFN-V3,0.7,1.0,0.05,1.0,raw,0.0,10500,1,2000,5000,1.0912953293729415,1.0912953293729415,107,266,0,0,1.7799795167244774,2.3026701671914265,1.4036213463651348,0.7729954884527513,1.7202748920080486,2.2290828007392207,1.3586311149665518,0.7490926218805853,1.7833342759501998,2.3068049875286225,1.4061493145848272,0.7743385730552429,1.716859461470108,2.1795668616432393,1.2953764909140595,0.6600032471669829,3.187140726185242,4.734399612265928,3.995467475105157,2.882862671522121,1.6342454318093087,2.0360126766695097,1.1436603519628907,0.5351024007625751,0.7034109038887211,0.5297317942417885,0.7233646330272151,0.5356092685267313,12.6,
TabPFN-V3,0.7,1.0,0.05,1.0,clip,200.0,10500,1,2000,5000,1.0912953293729415,1.0912953293729415,107,266,0,0,1.7799795167244774,2.3026701671914265,1.4036213463651348,0.7729954884527513,1.7202748920080486,2.2290828007392207,1.3586311149665518,0.7490926218805853,1.7833342759501998,2.3068049875286225,1.4061493145848272,0.7743385730552429,1.716859461470108,2.1795668616432393,1.2953764909140595,0.6600032471669829,3.187140726185242,4.734399612265928,3.995467475105157,2.882862671522121,1.6342454318093087,2.0360126766695097,1.1436603519628907,0.5351024007625751,0.7034109038887211,0.5297317942417885,0.7233646330272151,0.5356092685267313,13.5,
TabPFN-V3,0.7,1.0,0.05,1.0,raw,0.0,11500,1,2000,5000,1.2295789572257825,1.2295789572257825,103,265,0,0,1.7883628243886203,2.3286592405330264,1.4597185538218669,0.7598812152693265,1.8504142119482072,2.403389657619676,1.5011734165127104,0.7919739087640478,1.7848900434586752,2.3244768623856222,1.4573984823090744,0.7580851088752184,1.7349649700454888,2.2624547547824623,1.405091971691679,0.7736594061459143,1.6842541522289676,2.156011104738059,0.8527341082088497,0.16388237783159193,1.7378030622780924,2.268412002356225,1.4360053473670644,0.8077863148055333,0.616246261294751,0.5546381908809841,0.6023036945329735,0.5954909244583688,17.5,
TabPFN-V3,0.7,1.0,0.05,1.0,clip,200.0,11500,1,2000,5000,1.2295789572257825,1.2295789572257825,103,265,3,1,1.7867091602378655,2.3279421703366134,1.4501338455781125,0.7606127441348356,1.8485323761856998,2.399931113549442,1.491150249140049,0.7807434759060151,1.7832491492080502,2.323913222089222,1.447838312960602,0.75948610339157,1.7336585963248792,2.2627873151990006,1.387957279647834,0.759120487519539,1.684544767080852,2.1499187102151582,0.8714417747678891,0.175070658656937,1.736407311161134,2.2691041431442422,1.4168646943876833,0.7918075423555662,0.6656608036451007,0.6200309359815831,0.6250216365547122,0.5929137696363773,17.2,
TabPFN-V3,0.7,1.0,0.05,1.0,raw,0.0,12500,1,2000,5000,1.1317412551202441,1.1317412551202441,95,267,0,0,1.8239015525769158,2.362130866447475,1.4572180620650022,0.808792090921685,1.8893866687938845,2.4382128397582887,1.4960445129320823,0.8382828061462416,1.8202073784738244,2.35783889795519,1.455027767879177,0.8071284482077707,1.5620129844265451,1.8786341069402028,0.9917328291113038,0.4409439647494508,1.5226627675043785,1.9309145180774214,1.5629075080992745,1.1188951109389609,1.5642328255248377,1.8756848422510761,0.9595114812791069,0.40269909763924605,0.6680382061319932,0.4792964274069246,0.6083248376445284,0.4744741153804387,17.3,
TabPFN-V3,0.7,1.0,0.05,1.0,clip,200.0,12500,1,2000,5000,1.1317412551202441,1.1317412551202441,95,267,0,0,1.8239015525769158,2.362130866447475,1.4572180620650022,0.808792090921685,1.8893866687938845,2.4382128397582887,1.4960445129320823,0.8382828061462416,1.8202073784738244,2.35783889795519,1.455027767879177,0.8071284482077707,1.5620129844265451,1.8786341069402028,0.9917328291113038,0.4409439647494508,1.5226627675043785,1.9309145180774214,1.5629075080992745,1.1188951109389609,1.5642328255248377,1.8756848422510761,0.9595114812791069,0.40269909763924605,0.6680382061319932,0.4792964274069246,0.6083248376445284,0.4744741153804387,19.6,
TabPFN-V3,0.7,1.0,0.05,1.0,raw,0.0,13500,1,2000,5000,1.1989072682083857,1.1989072682083857,97,258,0,0,1.7903766182720207,2.326255402970512,1.435373581352485,0.8515489373062818,1.9339572390624509,2.5201999180911154,1.5496432848678343,0.9059260861689389,1.7825647666980158,2.315703381692335,1.429156461254012,0.8485904167650404,1.9032361285590078,2.4626837142101095,1.459524269758141,0.7028117946066421,1.633063993815804,1.9638345140275022,0.5995111259916003,0.08621573985527305,1.917935498184429,2.489824813671753,1.5063153686809092,0.7363591969950548,0.6404251838250921,0.40539616831245995,0.6456614127281736,0.3828077361841872,17.8,
TabPFN-V3,0.7,1.0,0.05,1.0,clip,200.0,13500,1,2000,5000,1.1989072682083857,1.1989072682083857,97,258,0,0,1.7903766182720207,2.326255402970512,1.435373581352485,0.8515489373062818,1.9339572390624509,2.5201999180911154,1.5496432848678343,0.9059260861689389,1.7825647666980158,2.315703381692335,1.429156461254012,0.8485904167650404,1.9032361285590078,2.4626837142101095,1.459524269758141,0.7028117946066421,1.633063993815804,1.9638345140275022,0.5995111259916003,0.08621573985527305,1.917935498184429,2.489824813671753,1.5063153686809092,0.7363591969950548,0.6404251838250921,0.40539616831245995,0.6456614127281736,0.3828077361841872,11.8,
TabPFN-V3,0.7,1.0,0.05,1.0,raw,0.0,14500,1,2000,5000,1.5044744194408077,1.5044744194408077,103,236,0,0,1.785980242873764,2.332703151343333,1.4458811196589114,0.8327370345244771,1.7829295801270664,2.3490234198612794,1.457875534613142,0.844965629653734,1.7861313672247758,2.3318946745653655,1.4452869378937565,0.8321312518942285,1.9955342985692717,2.6698918028159935,1.8036196844836807,1.2698495564606078,1.6783607089933756,1.9837248627545103,0.8104351046544783,0.17587890083427452,2.0112465082963733,2.703883280115429,1.8528202640050258,1.3240428970835743,0.5224459859314932,0.31850996895555805,0.5539267638958025,0.3389644632867924,10.9,
TabPFN-V3,0.7,1.0,0.05,1.0,clip,200.0,14500,1,2000,5000,1.5044744194408077,1.5044744194408077,103,236,1,0,1.786180225658819,2.3327454255982,1.4415949564560906,0.8406898693990941,1.783058417636018,2.347391243709181,1.454775371762331,0.8546118981695765,1.7863348744189742,2.332019898084726,1.4409420223645135,0.8400001971090367,1.9957503097096225,2.668152875169173,1.7998030256015742,1.276083589524687,1.6765944355606743,1.9793941627247493,0.8040873269928479,0.19096728173677502,2.0115607182526856,2.7022727442155383,1.8491289921993195,1.3298383016653137,0.5367961147436482,0.3269679252483324,0.5665523116723228,0.33807223307260315,16.8,
TabPFN-V3,0.7,1.0,0.05,1.0,raw,0.0,15500,1,2000,5000,1.5406832720642871,1.5406832720642871,88,253,0,0,1.7837299843111432,2.3082955330680854,1.4347870396245754,0.7512618998851707,1.8600522409951308,2.4039610437096286,1.5294167110165122,0.7841258465335724,1.779662250807657,2.303196865658709,1.429743579152243,0.7495103560675921,2.0106819522087,2.6878683823716245,1.9703042307689618,1.1630278418177702,1.638668141491604,1.8542809604375534,1.1688093029366131,0.3336912671456242,2.0305091049602115,2.7322959403554714,2.013021360902011,1.207228843164316,1.2460894753709655,1.221807566878655,0.6536226980942103,0.5973604100749057,16.9,
TabPFN-V3,0.7,1.0,0.05,1.0,clip,200.0,15500,1,2000,5000,1.5406832720642871,1.5406832720642871,88,253,3,0,1.7832911636408157,2.3182683915011983,1.425419864496942,0.7408012512128552,1.856497252636221,2.405734934595693,1.5035839408432705,0.7627053874895913,1.7793895119627374,2.3136067029815215,1.421253967864201,0.7396338304254075,2.009734535977048,2.701336208342086,1.9610877553141102,1.2258160657522272,1.6308552753531147,1.8593038560086652,1.1402620179848189,0.276665820479513,2.0299275953698968,2.746213854253263,2.0048351561028843,1.2764027546197214,1.118632441211861,1.0526879376124714,0.6419171502367631,0.632400075866969,17.1,
TabPFN-V3,0.7,1.0,0.05,1.0,raw,0.0,16500,1,2000,5000,1.3340250246726368,1.3340250246726368,103,268,0,0,1.7854808052268532,2.3152794757320776,1.4131818701850682,0.7450520014594911,1.7646666569400675,2.2780691796091723,1.385748738000807,0.7165166163009672,1.7866596285026048,2.317386905859072,1.4147355640619452,0.7466681221743019,1.6793918196888615,2.121106859833123,1.2438703961039785,0.6447570129905447,1.2443715777937776,1.451665951274754,0.8968632430587937,0.4392516622927024,1.7040294834310177,2.1590210955671982,1.2635233794125393,0.6563959466310818,0.9183340035090908,0.8851882035052613,0.6693861781874583,0.617640204583733,17.7,
TabPFN-V3,0.7,1.0,0.05,1.0,clip,200.0,16500,1,2000,5000,1.3340250246726368,1.3340250246726368,103,268,1,0,1.7852192794504298,2.3139159757091505,1.4118366214263696,0.7542441989757687,1.7644573282638496,2.278920424125739,1.383625299040444,0.7200139519422075,1.786395146508334,2.3158979722907977,1.4134343886282774,0.7561828520199348,1.6791623163591025,2.1195624606953403,1.2403141003560882,0.645118405714391,1.2429758831056967,1.4498972078166752,0.8948570932508211,0.44194507276756495,1.7038660281325417,2.15748940232076,1.2598792901076121,0.6566252639624361,0.9357287115194339,0.863132615902448,0.6755234910256005,0.5838705895081683,18.4,
TabPFN-V3,0.7,1.0,0.05,1.0,raw,0.0,17500,1,2000,5000,1.118909696895825,1.118909696895825,102,250,0,0,1.7715624084448194,2.3027106752814275,1.4144844085807038,0.8175695374122636,1.9361418475972105,2.504518135960263,1.5311754610832595,0.8831939114348488,1.7629003326999573,2.2920892299825417,1.4083427742384644,0.8141156229900222,1.6622147642357314,2.148917056096172,1.3029338081062045,0.7717845814391487,1.4520694132944736,1.4222264974512004,0.33744985004247,0.09809792082264836,1.6732750458642185,2.1871639276038017,1.3537487532674537,0.807241774103175,0.6921998186866279,0.4174888106766641,0.6540745847996468,0.4086498365368717,13.2,
TabPFN-V3,0.7,1.0,0.05,1.0,clip,200.0,17500,1,2000,5000,1.118909696895825,1.118909696895825,102,250,0,0,1.7715624084448194,2.3027106752814275,1.4144844085807038,0.8175695374122636,1.9361418475972105,2.504518135960263,1.5311754610832595,0.8831939114348488,1.7629003326999573,2.2920892299825417,1.4083427742384644,0.8141156229900222,1.6622147642357314,2.148917056096172,1.3029338081062045,0.7717845814391487,1.4520694132944736,1.4222264974512004,0.33744985004247,0.09809792082264836,1.6732750458642185,2.1871639276038017,1.3537487532674537,0.807241774103175,0.6921998186866279,0.4174888106766641,0.6540745847996468,0.4086498365368717,11.0,
TabPFN-V3,0.7,1.0,0.05,1.0,raw,0.0,18500,1,2000,5000,1.4257243420325783,1.4257243420325783,112,270,0,0,1.7893281608443954,2.3498979487460847,1.4947874439982072,0.8166346973541707,1.7987560184765623,2.3709247058128464,1.524110083650737,0.8401310095406826,1.7887899956095785,2.3486976898860368,1.4931136358150818,0.8152934702314735,1.6252602340873312,2.0948954240122535,1.2488532495888762,0.5885298628448283,1.0636076708156241,1.2155871253097745,0.581096118201023,0.08511775867652636,1.6573207398132002,2.1450884981453764,1.2869704642769777,0.6172658603343508,0.49349167755415985,0.41249145814622457,0.5352842025838389,0.4499640529457851,14.4,
TabPFN-V3,0.7,1.0,0.05,1.0,clip,200.0,18500,1,2000,5000,1.4257243420325783,1.4257243420325783,112,270,2,0,1.7888200626588755,2.3468199474272406,1.4811020442644995,0.8285622293020679,1.7976010502903463,2.362500318022726,1.5047299195811512,0.8490413321821414,1.7883188223501019,2.3459248734186184,1.4797533071956845,0.8273932318860804,1.6246351554320866,2.0933392232401116,1.23385080239432,0.5951563583980621,1.0641007273194332,1.2077528660931922,0.5841074682764268,0.08383294072659553,1.6566318352609275,2.14389066434575,1.2709397453566522,0.6243439530642982,0.5306344546584971,0.42217652577714615,0.5683425982768482,0.4489425658013833,17.8,
TabPFN-V3,0.7,1.0,0.05,1.0,raw,0.0,19500,1,2000,5000,1.1232946948288631,1.1232946948288631,95,254,0,0,1.788615790808236,2.3200242910546245,1.4266222767930055,0.7756556977858683,1.809959390901436,2.3377328266087085,1.4241432040652133,0.7638895101852382,1.7874735079545334,2.319076552320799,1.4267549536730852,0.7762854094695093,1.604017326330939,2.0238160702444867,1.0781781735405824,0.4446171502471365,1.5585865975766346,1.8589122486382246,0.6958621597832356,0.13272575086307817,1.6064487222651136,2.0326415170814,1.0986392497088011,0.4613091888993805,0.7092978787147279,0.5956750516515015,0.6136124402463585,0.5085051090680731,16.9,
TabPFN-V3,0.7,1.0,0.05,1.0,clip,200.0,19500,1,2000,5000,1.1232946948288631,1.1232946948288631,95,254,0,0,1.788615790808236,2.3200242910546245,1.4266222767930055,0.7756556977858683,1.809959390901436,2.3377328266087085,1.4241432040652133,0.7638895101852382,1.7874735079545334,2.319076552320799,1.4267549536730852,0.7762854094695093,1.604017326330939,2.0238160702444867,1.0781781735405824,0.4446171502471365,1.5585865975766346,1.8589122486382246,0.6958621597832356,0.13272575086307817,1.6064487222651136,2.0326415170814,1.0986392497088011,0.4613091888993805,0.7092978787147279,0.5956750516515015,0.6136124402463585,0.5085051090680731,16.7,
TabPFN-V3,0.7,1.0,0.05,1.0,raw,0.0,20500,1,2000,5000,1.2377979048458687,1.2377979048458687,95,271,0,0,1.7896460806373442,2.3225599635130267,1.4166920861678585,0.7679603008124662,1.8169286180065851,2.353561758780198,1.422646163408006,0.7699943145183475,1.7880826279777835,2.3207833751185665,1.4163508819107045,0.7678437396548654,1.4556211519356275,1.752555987106041,0.8582984024084231,0.32760748083020874,0.8781859314843615,0.8487674041468805,0.3383963544075335,0.12911623349622334,1.4887116456430274,1.8043484814984985,0.8880919010356679,0.3389822171439136,0.7540756577286009,0.6417756881792436,0.6851154356061981,0.552652362976299,18.3,
TabPFN-V3,0.7,1.0,0.05,1.0,clip,200.0,20500,1,2000,5000,1.2377979048458687,1.2377979048458687,95,271,1,0,1.7896427752530581,2.3220493182685606,1.4158582013210343,0.7708734589480027,1.8168912178478067,2.352800542474407,1.4217294335120358,0.7723028899946051,1.7880812764281107,2.320287089095419,1.4155217445809705,0.7707915439948142,1.4555356003800985,1.752087789538315,0.8576193755281245,0.33009196953946773,0.877161805518108,0.8481622768105262,0.33950139469735263,0.12750287258802473,1.4886798800179921,1.803888130825951,0.8873106364300362,0.3417015371592269,0.7605023044484203,0.6313593368089736,0.6887090675468819,0.5444483332566447,15.7,
TabPFN-V3,0.7,1.0,0.05,1.0,raw,0.0,21500,1,2000,5000,1.4129456481628075,1.4129456481628075,100,242,0,0,1.790820111543283,2.3353285856991737,1.4436132771783294,0.7608837407464087,1.8067672568278066,2.358792140227865,1.455725792749018,0.7665534857737298,1.790009012518723,2.3341351892729563,1.442997213965192,0.7605953678383356,1.6628756524164585,2.115223945531402,1.2225162429333574,0.45907123654964105,0.8874656688265092,0.8272750204540922,0.2741778685035699,0.12838670893012238,1.7023143274960653,2.180731225873711,1.2707503510905682,0.47589041597039006,0.6515819005014263,0.6437668149105277,0.6221131735833976,0.6032287388395486,11.0,
TabPFN-V3,0.7,1.0,0.05,1.0,clip,200.0,21500,1,2000,5000,1.4129456481628075,1.4129456481628075,100,242,2,0,1.789238107634648,2.330563008450232,1.4401187804181346,0.7795245025230295,1.8044513424352295,2.352061426266032,1.4550458581514325,0.7882504040283832,1.7884643365497928,2.3294695622309334,1.439359563770077,0.7790806882808488,1.6612975406435533,2.1099980552984263,1.218794785922226,0.4920451053588455,0.8847870344308905,0.8222873045993062,0.2773916523509689,0.11426667839299787,1.7007921901819023,2.1754932216853926,1.2666761558936939,0.5112595608707696,0.6515469438348012,0.574982325832385,0.6254070179450362,0.557918418126087,10.8,
TabPFN-V3,0.7,1.0,0.05,1.0,raw,0.0,22500,1,2000,5000,1.3441204316725048,1.3441204316725048,98,229,0,0,1.786133914313218,2.3311153929359256,1.5191364564576226,0.8081667506419326,1.7609331431204898,2.2822542816094606,1.4832437217824237,0.7765191809435512,1.7873435090738834,2.3334606443494157,1.520859247537191,0.8096857809208949,1.844999149304047,2.4125959930936265,1.4707270267939794,0.7750948956325706,1.2107262746935206,1.4034638584702033,0.7505788903907653,0.3497043937247661,1.8754431837382977,2.4610326434454945,1.5052929297988704,0.7955129264304929,0.821313760728383,1.3961517788048627,0.47795361520321844,0.3685484778102404,17.4,
TabPFN-V3,0.7,1.0,0.05,1.0,clip,200.0,22500,1,2000,5000,1.3441204316725048,1.3441204316725048,98,229,5,2,1.7841790792651937,2.3439529769458627,1.4840413016448522,0.8106883023866581,1.755688210987004,2.2727477638539195,1.4180339288202166,0.7341941521816537,1.785546593169135,2.347370707777565,1.487209544859449,0.8143598933313125,1.84321479522032,2.428254903833365,1.5080594744938325,0.7274963913731638,1.203438546984023,1.3927243613388463,0.7018372885316944,0.20701295920602678,1.8739229823605656,2.477958633498266,1.5467567875488166,0.7524787233719636,0.7733697641097966,0.7333992297235488,0.5034373964653308,0.33926719456023796,16.7,
TabPFN-V3,0.7,1.0,0.05,1.0,raw,0.0,23500,1,2000,5000,1.2921529163135739,1.2921529163135739,117,233,0,0,1.816355676323393,2.387242610712201,1.5572326617044443,0.9313303619755828,1.8500962241854584,2.4229581965551095,1.569907109121002,0.9410805598338321,1.8147065159181361,2.3854969149913283,1.556613163855051,0.9308537947213407,1.7319709313875595,2.2231337396395494,1.307400372376663,0.729651812083018,1.5644749275299552,1.8634329648116374,0.9280838472540737,0.3750392588167253,1.7401577509593702,2.240715086510727,1.3259404920228894,0.746984458382797,0.49357673952616343,0.2651206474785148,0.4758816303411375,0.26003235609310293,17.1,
TabPFN-V3,0.7,1.0,0.05,1.0,clip,200.0,23500,1,2000,5000,1.2921529163135739,1.2921529163135739,117,233,2,0,1.8150299533741396,2.385219121702022,1.5516258206395497,0.9307998947717911,1.8488588893948135,2.4201110340778436,1.563261370333317,0.9386058402346114,1.8133764727589063,2.38351368524648,1.5510571017222752,0.9304183581045292,1.7309502532939056,2.219581921198372,1.3070502717134607,0.7202663156597076,1.5639826067278617,1.8556583251073904,0.9226027876274625,0.3528509200130941,1.7391112479760722,2.237369669864032,1.3258411808370263,0.7382247354595106,0.4817639081444254,0.2706647971881599,0.47074657078153215,0.26240037234806624,17.8,
TabPFN-V3,0.7,1.0,0.05,1.0,raw,0.0,24500,1,2000,5000,1.6043113951369525,1.6043113951369525,93,262,0,0,1.7739699677374345,2.3113675497451167,1.4260013249043733,0.798166216720638,1.7310911434639673,2.260465175495194,1.3913875939279379,0.7716363454440122,1.7763410635499401,2.314182328566029,1.4279153809440157,0.7996332547692822,1.6975179024917557,2.1295689461842464,1.1565405833590365,0.4683408022938071,1.235146781636898,1.3454282250333767,0.5603595611647424,0.09350615693002932,1.7230859129738099,2.1729300413597477,1.1895079594280331,0.48906825630083733,0.6203729379650469,0.4720630686522117,0.6241453393328378,0.4631390959948225,18.6,
TabPFN-V3,0.7,1.0,0.05,1.0,clip,200.0,24500,1,2000,5000,1.6043113951369525,1.6043113951369525,93,262,1,0,1.7751559234265901,2.312150848556668,1.4282536413717277,0.8076581354348413,1.7322441122261767,2.2599523881987533,1.3911763947559102,0.7809491682724459,1.7775288433367862,2.3150372978208664,1.4303039238988162,0.8091350770550497,1.6988386478253996,2.132218659367867,1.161071335442959,0.477506905329931,1.236829951608598,1.346445437771119,0.5687862803133926,0.08900144603370476,1.7243866170969917,2.175670027890102,1.1938232739072787,0.4989903224543742,0.6172593998679106,0.46116915816155285,0.6149853904630609,0.44547196052491256,12.0,
TabPFN-V3,0.7,1.0,0.05,1.0,raw,0.0,25500,1,2000,5000,1.155270521788336,1.155270521788336,108,258,0,0,1.8006147233446224,2.3426594439823982,1.4071528350041418,0.7440764825750888,1.829282005020652,2.403780950281682,1.4576232660238495,0.7727656410231093,1.7990550104234047,2.339333980333049,1.404406868913234,0.7425155793950825,1.7096701562148642,2.1821943640684354,1.1774991909079824,0.38885203016041325,2.168457919308394,3.018441078331641,2.113542034997889,1.0389395006603066,1.6847086963080464,2.136696335329526,1.1265715119170092,0.35348244614755525,0.6240684142484971,0.5839955027952919,0.7699918911595387,0.6953852095814108,11.0,
TabPFN-V3,0.7,1.0,0.05,1.0,clip,200.0,25500,1,2000,5000,1.155270521788336,1.155270521788336,108,258,3,0,1.8010111200845866,2.342701047507925,1.4031134000427945,0.7451615432548526,1.829787619166087,2.404218429248002,1.4495158012664289,0.7711787495883512,1.7994454649257872,2.3393540452960018,1.4005887649698934,0.7437460141038523,1.709629170618892,2.181382624134361,1.170995900032865,0.37632270874143253,2.1683182330462083,3.0193907799291653,2.1040821919488604,1.012294706721086,1.684673080760974,2.135788759900903,1.1202290794267225,0.341721111213227,0.6439151448010939,0.6098902638463614,0.7859161743408001,0.7099843011527651,14.6,
TabPFN-V3,0.7,1.0,0.05,1.0,raw,0.0,26500,1,2000,5000,1.1915050120471395,1.1915050120471395,105,261,0,0,1.7631383452422793,2.2877046116213062,1.388760184119382,0.7466759972280581,1.742493363112359,2.2500504188573616,1.3575628010028222,0.7271242193192652,1.7642753657816146,2.289778412910901,1.3904783771967022,0.7477528096429545,1.7724956701858656,2.287151935676377,1.4658744683498945,0.9777053211378363,1.5256456558087046,1.7797924127628872,0.8753348121246932,0.36091616831778084,1.7860909125898412,2.315094715900142,1.4983983869560935,1.011674928414906,0.7911309381556598,0.6658273422161566,0.6742300691662207,0.5978556928860617,16.6,
TabPFN-V3,0.7,1.0,0.05,1.0,clip,200.0,26500,1,2000,5000,1.1915050120471395,1.1915050120471395,105,261,0,0,1.7631383452422793,2.2877046116213062,1.388760184119382,0.7466759972280581,1.742493363112359,2.2500504188573616,1.3575628010028222,0.7271242193192652,1.7642753657816146,2.289778412910901,1.3904783771967022,0.7477528096429545,1.7724956701858656,2.287151935676377,1.4658744683498945,0.9777053211378363,1.5256456558087046,1.7797924127628872,0.8753348121246932,0.36091616831778084,1.7860909125898412,2.315094715900142,1.4983983869560935,1.011674928414906,0.7911309381556598,0.6658273422161566,0.6742300691662207,0.5978556928860617,16.6,
TabPFN-V3,0.7,1.0,0.05,20.0,raw,0.0,7500,1,2000,5000,19.999999999999996,1.608907994394138,101,269,0,0,1.7807634915393704,2.299440348055221,1.582462543589048,0.7964182296244244,1.772930877505728,2.2686624573178906,1.614030120311014,0.7769258989291712,1.7812088462582565,2.3011903486065504,1.5806676422704666,0.797526544347955,1.5330350664676666,1.8452073235012525,1.1559229454220048,0.3865308487733925,1.505073173857075,1.7568890069708856,0.9511702039569966,0.11048669628022977,1.5346249521392474,1.850229015986281,1.1675649846217695,0.40222644738270563,0.31446360491930286,0.546481455216835,0.3349063968673933,0.48942480868387,17.5,
TabPFN-V3,0.7,1.0,0.05,20.0,clip,200.0,7500,1,2000,5000,19.999999999999996,1.608907994394138,101,269,2,0,1.7457175652026389,2.281439192019147,1.4013839120915565,0.779945444072242,1.70995782539511,2.236645403668233,1.3709930109724449,0.7567053954148737,1.7477508287850163,2.28398612270323,1.4031119087943764,0.781266850347624,1.500769198409335,1.8380255647308281,0.9466455230346592,0.3829517474594879,1.452928197668407,1.7068240460156339,0.6834210380496989,0.1025940269917769,1.5034893905884326,1.8454855538524484,0.9616122079767337,0.39889261129500136,0.6692310351785884,0.4863115792172369,0.6181623150332939,0.44004758334906874,17.9,
TabPFN-V3,0.7,1.0,0.05,20.0,raw,0.0,8500,1,2000,5000,20.0,1.7833317246869531,98,276,0,0,1.8364121550859687,2.328824480439824,1.5395158854228914,0.8346280800024005,1.828968258548259,2.3505632476019307,1.5959414850186042,0.8469500141633184,1.8368470652139126,2.3275543915878467,1.5362192161831758,0.8339081702165383,2.5368701308891377,3.5740185319474724,2.924758652580005,2.222524233790845,1.3530591556831573,1.4896327918792456,0.5541692389941703,0.09404392411099062,2.6060343622940594,3.6957989011809245,3.0632604896142337,2.346880831054105,0.3518894300611508,0.5079762606115494,0.41784984521940993,0.5065101110509496,14.3,
TabPFN-V3,0.7,1.0,0.05,20.0,clip,200.0,8500,1,2000,5000,20.0,1.7833317246869531,98,276,2,0,1.7920817006125236,2.3158018708020185,1.4078000706856746,0.7815074165861885,1.8121229828451604,2.3374930513535803,1.4169841330974573,0.7854493342966826,1.7909107874253498,2.3145345622007842,1.4072634912560278,0.7812771097936194,2.4893253385295915,3.5499960182347756,2.7586805260630327,2.1834510123661843,1.334690240606301,1.4550586533950178,0.326595593143433,0.1139134782194583,2.5567849674514433,3.672392866815591,2.9007752427196394,2.30436387422573,0.7786791054140045,0.5873456115073972,0.7502979270675318,0.5403942466321145,10.9,
TabPFN-V3,0.7,1.0,0.05,20.0,raw,0.0,9500,1,2000,5000,20.0,1.6404063836985494,113,238,0,0,1.8868579496234053,2.362047422002713,1.7806754937441278,1.1903953383120767,1.9231872340240903,2.42773484882295,1.8723359101326857,1.3238307016975899,1.885042248303085,2.3587644300700763,1.7760943977549475,1.1837263722293903,2.047244238048802,2.6325864204489,2.063687737199727,1.395510820925394,4.556574624654803,7.243663477572139,7.209897761731621,6.069095742114557,1.921830413602723,2.4021293982743237,1.8064853042222824,1.1619297181864146,0.33247169285555267,0.10611891312525679,0.342521126894471,0.12103139555770226,13.5,
TabPFN-V3,0.7,1.0,0.05,20.0,clip,200.0,9500,1,2000,5000,20.0,1.6404063836985494,113,238,4,0,1.7742665442707446,2.309293294055694,1.4085765121210394,0.7405459874948633,1.8292627704478654,2.3851984087009424,1.469374508567798,0.7884318925597084,1.7715178878595403,2.3054996322989596,1.4055378890310923,0.7381526978255158,1.9427846583204307,2.5802741512101153,1.5951919866176052,0.8918001227209066,4.471145438870534,7.160023156100514,6.600318357543579,5.205959166244544,1.8164197138074272,2.3513828737712417,1.3450407736229852,0.6761827660727282,0.6442018428550391,0.5944845034267896,0.6740355361739928,0.7065003285522615,16.6,
TabPFN-V3,0.7,1.0,0.05,20.0,raw,0.0,10500,1,2000,5000,19.999999999999996,1.0912953293729415,107,266,0,0,1.8109508894632527,2.312602069686547,1.458460781039756,0.789795740550223,1.7386167581366168,2.235706472077301,1.403368712242946,0.7613502029793571,1.815015291434711,2.3169227771145273,1.4615563641195937,0.7913940745159708,1.7385102184943222,2.1849484009499576,1.3350986591465561,0.6848440560559107,3.1706685546108635,4.6465823513444375,4.054174068655369,2.928481589847696,1.6580382883280782,2.0466309884436344,1.1823157992121782,0.5587757028686241,0.6578680937698526,0.5554337213513592,0.657896319540839,0.5530808392653341,16.7,
TabPFN-V3,0.7,1.0,0.05,20.0,clip,200.0,10500,1,2000,5000,19.999999999999996,1.0912953293729415,107,266,1,0,1.7796611143675407,2.3018396186649297,1.407707068860576,0.7609426023327213,1.718881619499538,2.2251125113770587,1.3587650889957552,0.7337340759500838,1.7830762697614757,2.306150858744899,1.4104570829383205,0.7624714295439129,1.7160830742124071,2.1815853776086107,1.3049261838457231,0.6350129570251983,3.1857036305888573,4.71996584819817,3.9836047505338583,2.8188345629217344,1.6335061692702577,2.038955634225251,1.1544131929840744,0.5123056171079025,0.7131290151102866,0.5885323280996355,0.7099105126110284,0.5668859046900896,17.0,
TabPFN-V3,0.7,1.0,0.05,20.0,raw,0.0,11500,1,2000,5000,20.000000000000004,1.2295789572257825,103,265,0,0,1.8641636954434517,2.346339249199092,1.6665771567499363,0.9247947317228984,1.9661105731702968,2.432473855754286,1.6536483713458285,0.8848084070757909,1.8584581151694046,2.341518621799488,1.6673007318570299,0.9270326147284915,1.8130281952401528,2.293987278340926,1.5971887293770086,0.8900677697245796,1.8378346237405476,2.2016385927620523,1.0842299929279848,0.30219164810633636,1.8116398734761392,2.299155684186417,1.6258970852711987,0.9229689676609757,0.3944824321295657,0.7722774373631679,0.33623934622088697,0.175525611469767,17.4,
TabPFN-V3,0.7,1.0,0.05,20.0,clip,200.0,11500,1,2000,5000,20.000000000000004,1.2295789572257825,103,265,4,1,1.7867528096488305,2.326880444202792,1.4461706552735807,0.7464312633875215,1.848816689339899,2.3998840360116764,1.4883449403979576,0.771000816580105,1.7832793295816431,2.322794709919929,1.4438103204144548,0.7450561986365111,1.7333894977773372,2.2630054679732567,1.3734904936515202,0.7513385516287342,1.6832375757127969,2.1365716575597586,0.8743292283329468,0.19035439935195467,1.7361963107334313,2.270081489041805,1.40142665739163,0.7827347079863577,0.6684375149702878,0.70351671854939,0.6395924914955669,0.7016787057653937,15.5,
TabPFN-V3,0.7,1.0,0.05,20.0,raw,0.0,12500,1,2000,5000,20.000000000000004,1.1317412551202441,95,267,0,0,1.843232172171495,2.3819369256792013,1.510866486554215,0.8277910473381824,1.9065256630107992,2.4748697412375997,1.5555415608278758,0.8590310466073067,1.8396616329671656,2.3766943603392288,1.5083462573484114,0.8260287232720813,1.5753792339490924,1.9056693282544679,1.0529634459689499,0.42142631379849727,1.5249647865397498,2.072116284871238,1.5663153080496859,1.0311063836215506,1.5782232351023344,1.8962796520624798,1.0240040233668883,0.3870327835549403,0.5845973975868847,0.4924706861687201,0.5741246758536724,0.48752608087196925,10.6,
TabPFN-V3,0.7,1.0,0.05,20.0,clip,200.0,12500,1,2000,5000,20.000000000000004,1.1317412551202441,95,267,1,0,1.8230525194807974,2.3601189481673397,1.45324974438679,0.7888572676769066,1.8895734032795357,2.43784363469476,1.4923362809760572,0.8133648851573806,1.819299915218329,2.355734310241538,1.451044778135082,0.7874747335828254,1.5607429645151032,1.877923318227002,0.9958161295341792,0.4226228567464066,1.5222043098198728,1.9309917564996293,1.5720641204312216,1.0557924473808864,1.562917023421426,1.8749295990174542,0.9633085838824761,0.3869042257091352,0.6703764308274331,0.5452810492707871,0.6139104530033727,0.5242812496303851,11.1,
TabPFN-V3,0.7,1.0,0.05,20.0,raw,0.0,13500,1,2000,5000,20.0,1.1989072682083857,97,258,0,0,1.8120144418302195,2.340082673118781,1.4767971053743145,0.882489034952403,1.949327420573336,2.532066744779379,1.5807398019193761,0.9293671637231683,1.8045435965084728,2.329637314517255,1.4711418511126897,0.8799385167695988,1.9194675219592907,2.4585411449768295,1.5132677365253444,0.8047989945766468,1.6835084739844037,1.965164420840878,0.7509053061946644,0.0897469677396396,1.9323054456998052,2.485384501119191,1.5547459117731968,0.8437031326879812,0.6169035962234368,0.3815844705641015,0.6035713909925078,0.3851747947418272,16.7,
TabPFN-V3,0.7,1.0,0.05,20.0,clip,200.0,13500,1,2000,5000,20.0,1.1989072682083857,97,258,1,0,1.790887137058425,2.32697722473495,1.4380031309754868,0.8372913591992043,1.9356138761137724,2.5222733309950023,1.55427181919527,0.891808412508706,1.7830129281431404,2.316351666865888,1.4316772512705722,0.8343252268175402,1.9035175597733098,2.4573153166561834,1.463697338636072,0.6406572854684397,1.6337171486427424,1.9697760211596624,0.5899319690870862,0.0927239842181855,1.9181967048748887,2.4838410733491614,1.5112366607245664,0.6704689243808323,0.6202916272303238,0.3955325811562485,0.6325011319866191,0.38336309748058695,16.9,
TabPFN-V3,0.7,1.0,0.05,20.0,raw,0.0,14500,1,2000,5000,20.0,1.5044744194408077,103,236,0,0,1.8049766723953728,2.3460229561782957,1.6279977014139493,0.8734883137853056,1.788899540283172,2.3367942641534327,1.6241246604147521,0.8354762473784436,1.805773104632669,2.3464801289990067,1.6281895649059326,0.8753713632546629,2.0128550043367888,2.6993977033042484,1.9899875150850992,1.2966582050925837,1.6659584650333619,1.9803757585764548,1.1388382201466751,0.18048830546670597,2.030039635586917,2.7350167585006715,2.0321519218032917,1.3519512563754776,0.29430593519987874,0.4472201770751871,0.30303680759314555,0.3897232974802608,16.5,
TabPFN-V3,0.7,1.0,0.05,20.0,clip,200.0,14500,1,2000,5000,20.0,1.5044744194408077,103,236,2,0,1.785846689113671,2.3329252559839437,1.4436989126123043,0.8295894987259762,1.7843628502375595,2.3543861955287504,1.4574261076339285,0.8426487010096284,1.7859201958254185,2.331862119600112,1.4430188920360865,0.8289425693097416,1.9954450690671002,2.6703002470038,1.8043081730783455,1.2664693628761434,1.6795551266198965,1.99538073397845,0.8074121791442335,0.18302665012894354,2.0110936892219153,2.703734546977348,1.8536926093857449,1.320141168125585,0.5259159388782826,0.33257824650471723,0.5633939193546204,0.35108599480299296,17.4,
TabPFN-V3,0.7,1.0,0.05,20.0,raw,0.0,15500,1,2000,5000,20.0,1.5406832720642871,88,253,0,0,1.9461822792069847,2.408612292823896,1.6407657871723997,1.1072723829109372,2.215301046916286,2.528014942077981,1.611493263920494,0.9054233141739664,1.931839104943144,2.4022485114332737,1.6423259195471063,1.118030296201532,2.156075271322346,2.795720103696105,2.1058589530211353,1.5902421064504324,1.937345124816757,1.9578482384333553,1.051269695121206,0.6794516644507308,2.1677328923600365,2.840376008880743,2.1620652058647587,1.6387843398243367,0.5240355534584861,0.5887997812161948,0.43955637307382694,0.1366045131368224,17.6,
TabPFN-V3,0.7,1.0,0.05,20.0,clip,200.0,15500,1,2000,5000,20.0,1.5406832720642871,88,253,4,0,1.7826579319397875,2.316977138785808,1.4264227867569408,0.7354659082170004,1.8566386717358174,2.4076336961100013,1.5115817601250359,0.7657571695225954,1.7787149938381668,2.312145432654984,1.421884084363402,0.7338514803445937,2.008785044974634,2.698301060704494,1.963633846807103,1.2065863855398244,1.6270039136920253,1.8415312905740926,1.162623146569488,0.29019939531886757,2.029132764842866,2.7439641641051673,2.0063251691496595,1.255426897131546,1.14541085201242,1.1442437747278327,0.6502949382487082,0.6857833273301834,10.7,
TabPFN-V3,0.7,1.0,0.05,20.0,raw,0.0,16500,1,2000,5000,20.0,1.3340250246726368,103,268,0,0,1.8170764827621793,2.321179723034361,1.5130791683734266,0.7545423997602149,1.82240753728959,2.3163333631069385,1.4360502829570339,0.7360221485804301,1.8167745549064425,2.321454199885703,1.5174417510639577,0.7555913066317665,1.7060011673282016,2.13383789362125,1.3284902487066097,0.6275782766746616,1.3603821627738921,1.5096277007217798,0.8908603582000799,0.3580265276566632,1.7255755319141175,2.169190457378025,1.3532757116516119,0.6428445211245398,0.7680237105042473,0.7797783131411926,0.4498254150929366,0.6646349272875673,10.8,
TabPFN-V3,0.7,1.0,0.05,20.0,clip,200.0,16500,1,2000,5000,20.0,1.3340250246726368,103,268,2,0,1.7851370244709521,2.314674018435141,1.4119899316477091,0.7445525403198926,1.7643258208613262,2.2793258071048332,1.3879215784719345,0.717618442007258,1.7863156809729344,2.316675988138548,1.4133530590042407,0.7460779710780893,1.6791238016666947,2.1205167867178893,1.2431564577197782,0.6455485528991446,1.2451264763731236,1.4564889453225132,0.9038527767464991,0.435494309677232,1.7037035318397034,2.158124449755497,1.2623731497106572,0.6574451161247303,0.9417830683564605,0.9034367093814594,0.6804109724691412,0.6230590953796703,14.5,
TabPFN-V3,0.7,1.0,0.05,20.0,raw,0.0,17500,1,2000,5000,20.0,1.118909696895825,102,250,0,0,1.7902724769558485,2.3135014465632624,1.4611789452457071,0.8372745066547306,1.9578439463200135,2.5595874579563604,1.5688912883939403,0.8993220072024731,1.781452925936682,2.3005495512267835,1.455509874553695,0.8340088487311652,1.685944331504981,2.159369964519365,1.3444665367083035,0.786609142843698,1.4470587951194929,1.4059869860106415,0.4669251501588508,0.09271551681187565,1.6985172544726381,2.1990217002303507,1.390652925474064,0.8231298600032677,0.7147806398675718,0.4421323250103846,0.6046598574158359,0.4106163127201454,17.1,
TabPFN-V3,0.7,1.0,0.05,20.0,clip,200.0,17500,1,2000,5000,20.0,1.118909696895825,102,250,1,0,1.7720523213679364,2.301672266193079,1.4158305358214354,0.7983481735054793,1.9368022759606736,2.5031750060454443,1.528245738260349,0.8580906081218171,1.7633812711262136,2.2910668588324286,1.4099139462193873,0.7952038348414615,1.662687903904107,2.1469232388655155,1.3025590622992425,0.7534838621321336,1.4537540713118282,1.430628856035069,0.361137536090517,0.11445342881825382,1.6736844214089635,2.184622943225012,1.3521075636786488,0.7871170428328642,0.6906165883278335,0.44846532959930946,0.6434485759128779,0.43040881681593723,16.7,
TabPFN-V3,0.7,1.0,0.05,20.0,raw,0.0,18500,1,2000,5000,20.0,1.4257243420325783,112,270,0,0,1.8286477384070352,2.354578370360293,1.7683405480456014,0.8906648151695564,1.8399823054444917,2.377474181112793,1.7886099837715963,0.8834996060175926,1.82800073352329,2.3532714213321375,1.7671835189449634,0.8910738228801338,1.6653189196267772,2.0846718212916713,1.506538858992222,0.7005772841111538,1.1500522367864363,1.229268703768362,0.7462672069340215,0.34383348472691455,1.6947316055394395,2.133500329057272,1.549937029405692,0.7209410950696622,0.2656903877864114,0.3678558093028671,0.2611813793331596,0.37745273374051413,17.6,
TabPFN-V3,0.7,1.0,0.05,20.0,clip,200.0,18500,1,2000,5000,20.0,1.4257243420325783,112,270,3,0,1.7880811292955094,2.3460071972706316,1.47506512211133,0.8057486828065362,1.7965931956475134,2.361418911576008,1.4990981184950194,0.8265141817943203,1.7875952396728794,2.3451274588219104,1.4736932597384769,0.804563337198354,1.6236347159238107,2.0918597237079752,1.2312002758410014,0.5804201479050173,1.0623760437432732,1.2037602765899595,0.5775689462271941,0.0914374788706012,1.655672737380205,2.1425546181523445,1.268511155121282,0.6083324778498994,0.5328876438013004,0.45568518697516225,0.5721567835902641,0.48740504877695223,17.7,
TabPFN-V3,0.7,1.0,0.05,20.0,raw,0.0,19500,1,2000,5000,20.0,1.1232946948288631,95,254,0,0,1.8186187939559757,2.324656185117742,1.5092208109883558,0.8010032497862141,1.866858299845507,2.3460299384129466,1.4807785610922946,0.7910227351488186,1.8160370757730975,2.32351228850228,1.510743004724892,0.801537394480251,1.6306632968676305,2.018707571552937,1.1740728417099635,0.4594487231147625,1.6515694119934017,1.8100570048303593,0.7614370539151005,0.1312431819063426,1.6295444276636808,2.0298742896202646,1.1961565943648087,0.4770138742877374,0.6176774579623189,0.5753738980288252,0.47529928090753,0.49419308201073425,13.5,
TabPFN-V3,0.7,1.0,0.05,20.0,clip,200.0,19500,1,2000,5000,20.0,1.1232946948288631,95,254,1,0,1.7880545635254435,2.3194742780883666,1.4234411204934996,0.7612605041634292,1.8099492764616874,2.3375866719135954,1.4242609969644433,0.7562146281657772,1.7868827857998206,2.3185049253636283,1.4233972417274605,0.7615305531527684,1.603776064986248,2.023401092900514,1.0721890426266534,0.4241988045753995,1.561893840561241,1.8614693230000054,0.7034763627769263,0.14300471951266455,1.606017549395003,2.032067479237372,1.0919220853324751,0.43924796125595883,0.70949344299525,0.6172116968991277,0.6180322241746894,0.5440208238718012,10.7,
TabPFN-V3,0.7,1.0,0.05,20.0,raw,0.0,20500,1,2000,5000,20.0,1.2377979048458687,95,271,0,0,1.8310228085878923,2.3254167461393447,1.5025633543415333,0.7875092230748937,1.8590034558171629,2.3556707357415556,1.504475306571428,0.7995200213964925,1.8294193500556166,2.3236830114846185,1.5024537880369655,0.7868209324542227,1.5082051660181965,1.751046324862894,0.9391744140031304,0.3703794512716988,0.9477123080569869,0.9009159474073863,0.31921194528710756,0.11830968146791922,1.5403247609658572,1.79976388297041,0.9747019735341185,0.3848245575556541,0.5581498803316763,0.6217246835341498,0.4918226655284701,0.5983531419795031,13.2,
TabPFN-V3,0.7,1.0,0.05,20.0,clip,200.0,20500,1,2000,5000,20.0,1.2377979048458687,95,271,2,0,1.789359439796613,2.322506583770209,1.4137927102582901,0.7579407990256626,1.8167994364629212,2.352983877148468,1.4202743526159947,0.7616861207221922,1.7877869637770383,2.320760052472787,1.4134212733627654,0.7577261696791284,1.4554978649457826,1.7530057815709923,0.856761498931781,0.31923069162588324,0.8783515445350002,0.849086622028292,0.3442819876157486,0.13651768248153076,1.4885718029519832,1.804805758783103,0.8861296417879123,0.32970124046879284,0.7674506225873904,0.6704387620344779,0.6932115880743817,0.587496208905961,16.4,
TabPFN-V3,0.7,1.0,0.05,20.0,raw,0.0,21500,1,2000,5000,20.0,1.4129456481628075,100,242,0,0,1.8583092975269206,2.3458625012877268,1.7018064269971176,0.825165077323568,1.9338367080318781,2.364781899033795,1.6820834490524867,0.803823494080514,1.854467844533604,2.344900228430529,1.7028095713146039,0.8262505466688431,1.7304759602678526,2.121021356311905,1.472244051260334,0.5235000391010955,1.0417117157607665,0.8199567129645448,0.3020626247533636,0.11760115817027883,1.765507685188137,2.1871957244687064,1.5317614756434126,0.5441447488920281,0.3106394368513615,0.6204327283968127,0.29375413546164086,0.49664545691422024,17.0,
TabPFN-V3,0.7,1.0,0.05,20.0,clip,200.0,21500,1,2000,5000,20.0,1.4129456481628075,100,242,3,0,1.788678965130508,2.3317703449178793,1.4380397065232196,0.7663283634021069,1.8039015916813523,2.3506126525322157,1.4495787605242927,0.7740083222709696,1.7879047163652069,2.3308119929963436,1.4374528105441824,0.7659377475874233,1.660390185833125,2.1119062388827405,1.2198631539081135,0.469210684336916,0.8840148998529579,0.8254593671757043,0.28142789371682725,0.12430429006274321,1.6998779578396823,2.177337122227235,1.2675935727745051,0.4867532121667499,0.6591750908563898,0.6133918237042747,0.6238903251765078,0.5986032640276057,17.2,
TabPFN-V3,0.7,1.0,0.05,20.0,raw,0.0,22500,1,2000,5000,20.0,1.3441204316725048,98,229,0,0,1.8537693730754847,2.3757845453348647,1.6682555818168527,1.1862655937259,1.853788769551594,2.3508924024527174,1.6244054410926319,1.0519023617036811,1.8537684420771554,2.3769793264541295,1.6703603150438167,1.1927148035630595,1.9030375150358516,2.4491608125963213,1.6725027461507525,1.1240851031837407,1.3358834937182202,1.4683134428327447,0.8066414185688017,0.5759032023013841,1.9302599570567567,2.496239841662735,1.7140626380007349,1.150396915236153,0.42366554750929974,0.15985434848694388,0.41165887303954213,0.12109855890662755,20.4,
TabPFN-V3,0.7,1.0,0.05,20.0,clip,200.0,22500,1,2000,5000,20.0,1.3441204316725048,98,229,6,2,1.7844345072639844,2.341489648244536,1.476614893688185,0.7804793641092103,1.7564883711667023,2.271315998436928,1.417706870262712,0.7252435949142368,1.785775874936648,2.3448578657683132,1.479442380035792,0.7831305884113794,1.8439371680794994,2.426087033236342,1.4948222169995944,0.6939071160681637,1.2061160913297548,1.3833858874331861,0.7175514897020908,0.24873798878075837,1.8745515102668173,2.4761349398364096,1.5321299085844045,0.7152744877195608,0.8433849286634593,1.0042943110870581,0.5139632930958875,0.4162988799588689,16.0,
TabPFN-V3,0.7,1.0,0.05,20.0,raw,0.0,23500,1,2000,5000,20.0,1.2921529163135739,117,233,0,0,1.8457003227252229,2.408365961524691,1.7948371514885293,0.9195710130725221,1.884021925384129,2.4452298558393397,1.7323157753337068,0.8898996740796499,1.843827250893982,2.406564139125842,1.7978930526095855,0.9210212799039338,1.7656444560490148,2.2520287517097586,1.590455347451511,0.6295642742724658,1.5990479407688831,1.8761306084097749,1.1701329053370522,0.2797178537927493,1.7737873106872086,2.2704017887118346,1.6109997420419597,0.6466639629596429,0.2935238602449571,0.4401275926783871,0.268174574396182,0.38335420961628175,10.8,
TabPFN-V3,0.7,1.0,0.05,20.0,clip,200.0,23500,1,2000,5000,20.0,1.2921529163135739,117,233,3,0,1.8149582309009566,2.38430478319066,1.5458007090450334,0.9121536513008123,1.8490975891023562,2.4211730813427286,1.559559494228487,0.9248919251245487,1.8132895775632338,2.3825027455423635,1.5451282112586384,0.9115310337633821,1.7309375578683754,2.221185638310973,1.2975985737569005,0.7053350332379463,1.5653126399875261,1.8562484774871713,0.9384502730855043,0.3724135130024795,1.739032923059531,2.239022927690446,1.315152916961523,0.7216074717138985,0.49531867033049587,0.2804124794107327,0.4852259620144679,0.2778302036134254,10.7,
TabPFN-V3,0.7,1.0,0.05,20.0,raw,0.0,24500,1,2000,5000,20.0,1.6043113951369525,93,262,0,0,1.7954690419930213,2.32060607942478,1.5698843086778433,0.8393725964820155,1.7344095480025754,2.2757090806035105,1.5535587240868753,0.819853876197762,1.7988454850967561,2.323088775433892,1.570787074225086,0.8404519347501611,1.7190307316237268,2.1437204037552395,1.3055286448323187,0.5314020065638705,1.2271176428363915,1.3856839104751797,0.7283715194567623,0.12860290274791777,1.7462323418521524,2.1856379979383074,1.3374440451802283,0.5536758278386232,0.34098195268411796,0.4365110306909189,0.3850382832824769,0.4566694625878342,16.9,
TabPFN-V3,0.7,1.0,0.05,20.0,clip,200.0,24500,1,2000,5000,20.0,1.6043113951369525,93,262,2,0,1.7736904720691256,2.310787852967668,1.4287036712948327,0.7970173425926229,1.7300033751054418,2.257359314467716,1.393354985945579,0.7701798281569967,1.7761062634166318,2.313742322593457,1.430658368542934,0.7985013925677462,1.6971577887030627,2.1274485297496772,1.1589733130804474,0.45931853737185574,1.233544501633474,1.344655842677103,0.5572134955000868,0.09458661552740184,1.7227944879880421,2.1707350818841253,1.1922491831112736,0.47948733507621355,0.6179449387684152,0.47232333042188074,0.6179668755326544,0.46481959606606,16.7,
TabPFN-V3,0.7,1.0,0.05,20.0,raw,0.0,25500,1,2000,5000,20.0,1.155270521788336,108,258,0,0,1.8402045148370125,2.3522101019851864,1.5623739865943,0.7764734870722884,1.8314452605579739,2.402376088859858,1.6481159057992087,0.8086094722944895,1.840681083289984,2.349480699915666,1.5577089897248637,0.7747250509298742,1.7552744782362635,2.1945766170934005,1.3352016164343428,0.44098893779831105,2.1691891508145433,3.0133761830537007,2.382384636926983,1.1076172660260255,1.7327544475476937,2.1500278427328445,1.2782270868503907,0.4047194083418052,0.32025507116878515,0.5792795647232423,0.3927011676529347,0.6586660546261416,16.6,
TabPFN-V3,0.7,1.0,0.05,20.0,clip,200.0,25500,1,2000,5000,20.0,1.155270521788336,108,258,4,0,1.8002177337971952,2.3413667425435576,1.4035460431764462,0.7382785675035519,1.8281174636777007,2.399149496294811,1.446676469954304,0.7623040484560754,1.798699781391213,2.3382229318164756,1.401199427801354,0.7369714029979108,1.7090457072140157,2.1815173581960576,1.1762093107047509,0.3732734216224392,2.1655294691190408,3.015473499475573,2.1031771338193215,0.8988722292946312,1.6842096020745183,2.136143953630449,1.125775380218973,0.34467694495027024,0.6483379902935454,0.634897469042458,0.7820279305140687,0.7330900902982831,17.4,
TabPFN-V3,0.7,1.0,0.05,20.0,raw,0.0,26500,1,2000,5000,19.999999999999996,1.1915050120471395,105,261,0,0,1.7798681424389187,2.2897879631098403,1.441590402180113,0.7615208056936716,1.7745255709280243,2.258727461930029,1.4013628806778395,0.7399570142687695,1.780162384085752,2.29149861742677,1.4438059293191914,0.7627084295725278,1.785606294711965,2.2947624284977914,1.4934623445297315,0.9706637329008106,1.530642474813479,1.7750145226892238,0.9586134252642712,0.34316104441385586,1.7996484042273702,2.3233874977984956,1.5229191007922944,1.0052233871939307,0.8058093949696608,0.6187397786004264,0.6432875236432338,0.5814716130251681,17.9,
TabPFN-V3,0.7,1.0,0.05,20.0,clip,200.0,26500,1,2000,5000,19.999999999999996,1.1915050120471395,105,261,1,0,1.761698087083186,2.287695835025636,1.387766938659696,0.7359593932152262,1.7417228691746327,2.24930017997355,1.3563139750932398,0.7180210028048113,1.7627982204180945,2.289810472284255,1.3894992078073738,0.7369473484583404,1.770561188229742,2.2867173566449295,1.462995720930852,0.961910696352673,1.523985341334875,1.7769230200777941,0.8811570482119128,0.3625761605832995,1.7841413308842178,2.3147942340123113,1.49504043365076,0.9949189921610305,0.7909831730361929,0.7023452305756152,0.6683876242672497,0.6325240473558955,10.9,
TabPFN-V3,0.7,5.0,0.05,1.0,raw,0.0,7500,1,2000,5000,1.4270551610854958,1.4270551610854958,101,269,0,0,2.1145860477369713,2.763380584137401,1.7084104954138049,0.9588387079944561,8.564064458255926,11.190956565493616,6.77156281441823,3.7056706107778625,1.7478750580033844,2.2841969149374806,1.4205246417227904,0.8026565516112947,1.8153152475014553,2.2030897761945263,1.1077064265773249,0.4331793770006884,7.2895317243639175,8.488999612244186,3.3013999248008714,0.879322612830237,1.504056690689787,1.8456791344914278,0.9829751750402006,0.407812112059207,0.7425881928197646,0.5536588980364155,0.5803441933448562,0.38828061668661207,10.7,
TabPFN-V3,0.7,5.0,0.05,1.0,clip,200.0,7500,1,2000,5000,1.4270551610854958,1.4270551610854958,101,269,1,0,2.114573452372285,2.7617541170288598,1.7081087242099116,0.9644401104681724,8.562967772184818,11.200238645071954,6.838948884251758,3.7711749153895067,1.7479241029684442,2.2819501986091617,1.416374206549532,0.8048519340733638,1.8151760520112001,2.20070002286844,1.108770919150109,0.4366943618426415,7.284901590023362,8.507412011080524,3.3646356882213455,0.9696006918950422,1.5041728455590189,1.8421065912833523,0.9805046703908271,0.40639383282465463,0.6907176125779418,0.48706400237189584,0.5951442907384926,0.3991939242927266,14.6,
TabPFN-V3,0.7,5.0,0.05,1.0,raw,0.0,8500,1,2000,5000,1.323544349501603,1.323544349501603,98,276,0,0,2.1967531246297285,2.8490503747813705,1.7445145081227056,0.9737074074043696,9.152923881534523,11.949078083495056,7.15043885086997,3.856306031235969,1.7903384064024372,2.3173806779979294,1.4286730350917478,0.8052913997461305,2.790041684657173,3.8866214941836974,2.8504035986637546,2.2478024165350248,6.786775990341515,7.528877969483261,1.922867048609125,0.7140768336201976,2.55653222903294,3.673822428310987,2.904594980504372,2.33741043111684,0.9312005080812575,0.6592911001485733,0.6848237057113385,0.4544768753178151,16.6,
TabPFN-V3,0.7,5.0,0.05,1.0,clip,200.0,8500,1,2000,5000,1.323544349501603,1.323544349501603,98,276,2,1,2.19691184989608,2.846531880386274,1.7412938427174565,0.9760269059032814,9.148925152815814,11.958943470791155,7.210942209934586,3.9096528407149953,1.790740031181887,2.3141386545285796,1.4217292895100206,0.8046296243605141,2.789724006789843,3.884512080760965,2.8600114147505438,2.239892950370118,6.7805162507727275,7.519795443807702,2.031822067880513,0.6846401416725921,2.5565617164978716,3.6721204194144574,2.908398429936007,2.3307586944853846,0.9252656527247096,0.6391852529323128,0.7116813241734434,0.4688533272467803,17.7,
TabPFN-V3,0.7,5.0,0.05,1.0,raw,0.0,9500,1,2000,5000,1.6062322109323515,1.6062322109323515,113,238,0,0,2.12357321809484,2.757045551300277,1.7090816826323987,0.9151432168627256,9.158906837647216,11.961811755966986,7.47948215689607,4.01703464385134,1.771954276168451,2.2970005372913156,1.4206828349056548,0.7601137839304933,2.7941138223303232,3.9360513225966787,2.8758692694591836,1.8954664470729705,22.35574221674378,35.814032778801284,33.044428129315335,25.955102365957814,1.8164431885902137,2.3428216740085452,1.3680748535318918,0.6929898933781801,0.529897632386174,0.47898492669167164,0.6296038140171006,0.5533583253016444,17.8,
TabPFN-V3,0.7,5.0,0.05,1.0,clip,200.0,9500,1,2000,5000,1.6062322109323515,1.6062322109323515,113,238,3,0,2.123465959215352,2.7633185665227633,1.69746678073508,0.9230685265452861,9.1548951287752,11.919454876508619,7.354484264557939,4.107903168528488,1.7720421577967795,2.3057040260404795,1.4147347015351974,0.7638936746360038,2.7934735262478942,3.9426375083077523,2.8495118465128377,1.9564255807145545,22.343399032495437,35.79023034396265,32.60580326787112,26.133513584392645,1.8163877911603439,2.3509266525988335,1.3623221450673797,0.7480788892245532,0.6231901963466895,0.46380511810807434,0.6424154846388381,0.5793777396454021,15.0,
TabPFN-V3,0.7,5.0,0.05,1.0,raw,0.0,10500,1,2000,5000,1.1081663575636143,1.1081663575636143,107,266,0,0,2.1480352983309303,2.775986414628637,1.6963083578611196,0.9176102826908443,8.62880019594607,11.089178272334653,6.665440496214476,3.546189677229292,1.7838858554146593,2.3088742401145264,1.4170964548611211,0.7699123276956549,2.397376844212421,3.1802157230459533,2.125118039882405,1.1871453689337832,15.973231169506285,23.51655973718122,19.47385243098948,12.925411896274658,1.6345595120349456,2.0375314163792906,1.1503053343406893,0.527580752061651,1.0068624201616578,0.762008085919602,0.6705786549821842,0.5374308571372013,10.8,
TabPFN-V3,0.7,5.0,0.05,1.0,clip,200.0,10500,1,2000,5000,1.1081663575636143,1.1081663575636143,107,266,0,0,2.1480352983309303,2.775986414628637,1.6963083578611196,0.9176102826908443,8.62880019594607,11.089178272334653,6.665440496214476,3.546189677229292,1.7838858554146593,2.3088742401145264,1.4170964548611211,0.7699123276956549,2.397376844212421,3.1802157230459533,2.125118039882405,1.1871453689337832,15.973231169506285,23.51655973718122,19.47385243098948,12.925411896274658,1.6345595120349456,2.0375314163792906,1.1503053343406893,0.527580752061651,1.0068624201616578,0.762008085919602,0.6705786549821842,0.5374308571372013,13.9,
TabPFN-V3,0.7,5.0,0.05,1.0,raw,0.0,11500,1,2000,5000,3.608513414877008,3.608513414877008,103,265,0,0,2.1796680038334952,2.839330235441874,1.7829564542190943,0.9309569115099815,9.274015976441499,12.169435440341736,7.431419071748433,3.824937627479108,1.7826242419029523,2.3171596167938344,1.4668334143784871,0.768991781682776,2.088800844705954,2.7165596784702277,1.5725839477480554,0.8181589434134223,8.393711215894246,10.92008103980698,3.752430003616742,1.0320521666894218,1.7359389126331137,2.257439686758667,1.4505862276202408,0.8061881505584823,0.6634416582486459,0.8129746760282109,0.5505764510858167,0.5280724761269276,17.4,
TabPFN-V3,0.7,5.0,0.05,1.0,clip,200.0,11500,1,2000,5000,3.608513414877008,3.608513414877008,103,265,3,1,2.1806008630879137,2.8453947263138324,1.764919572682921,0.9442110112821877,9.282015286294683,12.151825612863961,7.306800552309145,3.889932101298164,1.7831616187056976,2.3245490695164124,1.4547615030734282,0.7793501688631309,2.09045214532196,2.7099717591297927,1.543852445435122,0.7988010050060359,8.419501996315592,10.611500197272044,3.4447824910453995,0.8048242718380249,1.7362392180752206,2.267753166498811,1.4374645970535542,0.7984639055951641,0.9055518220492111,0.6508745985040955,0.5954702548317486,0.4909638904906803,17.4,
TabPFN-V3,0.7,5.0,0.05,1.0,raw,0.0,12500,1,2000,5000,1.0995469195092709,1.0995469195092709,95,267,0,0,2.2280578598161616,2.8811219148108504,1.7801303670539768,0.9936244062507238,9.454998426300762,12.156146141016094,7.550925030356828,4.280011584045216,1.8203686286200091,2.357895321023232,1.4545858550949953,0.8082313412874595,1.8882280265294786,2.299926664911023,1.3154937237039066,0.6760587412586869,7.631673549368379,9.81546998089302,7.6095529745364825,5.657148546333676,1.5642263458622514,1.8759566532129046,0.9604305882776869,0.3950633941310676,0.6409756980083307,0.41778418673498874,0.6097584171607557,0.4742011508491029,18.4,
TabPFN-V3,0.7,5.0,0.05,1.0,clip,200.0,12500,1,2000,5000,1.0995469195092709,1.0995469195092709,95,267,0,0,2.2280578598161616,2.8811219148108504,1.7801303670539768,0.9936244062507238,9.454998426300762,12.156146141016094,7.550925030356828,4.280011584045216,1.8203686286200091,2.357895321023232,1.4545858550949953,0.8082313412874595,1.8882280265294786,2.299926664911023,1.3154937237039066,0.6760587412586869,7.631673549368379,9.81546998089302,7.6095529745364825,5.657148546333676,1.5642263458622514,1.8759566532129046,0.9604305882776869,0.3950633941310676,0.6409756980083307,0.41778418673498874,0.6097584171607557,0.4742011508491029,17.6,
TabPFN-V3,0.7,5.0,0.05,1.0,raw,0.0,13500,1,2000,5000,1.1446093171712202,1.1446093171712202,97,258,0,0,2.1938709133445293,2.856742343864029,1.7628649288239324,1.0225739812806176,9.748105137150176,12.78522365930343,7.686294461182404,4.289427390784706,1.7828644962753901,2.316559260906761,1.4405863924788278,0.844832905858421,2.241887060004168,2.8746440517735175,1.5900311440931636,0.7334817486643244,8.187342395164015,9.815225713783203,2.8155108258880257,0.5763196102463288,1.9184101564885123,2.497024889226385,1.5233559526332154,0.7420325356132579,0.6781440323007322,0.4914863107313584,0.6105487380211991,0.36327765267641354,12.1,
TabPFN-V3,0.7,5.0,0.05,1.0,clip,200.0,13500,1,2000,5000,1.1446093171712202,1.1446093171712202,97,258,0,0,2.1938709133445293,2.856742343864029,1.7628649288239324,1.0225739812806176,9.748105137150176,12.78522365930343,7.686294461182404,4.289427390784706,1.7828644962753901,2.316559260906761,1.4405863924788278,0.844832905858421,2.241887060004168,2.8746440517735175,1.5900311440931636,0.7334817486643244,8.187342395164015,9.815225713783203,2.8155108258880257,0.5763196102463288,1.9184101564885123,2.497024889226385,1.5233559526332154,0.7420325356132579,0.6781440323007322,0.4914863107313584,0.6105487380211991,0.36327765267641354,14.2,
TabPFN-V3,0.7,5.0,0.05,1.0,raw,0.0,14500,1,2000,5000,1.3477513094583948,1.3477513094583948,103,236,0,0,2.1282667490900544,2.7769245309856676,1.7140770999024608,0.9742508834740038,9.033322575303492,11.789418742162471,7.062756351068068,3.8530483330957495,1.7862026905286836,2.330461761498319,1.4491131403568933,0.8316404304700717,2.3175871632607,3.0573022259225833,1.9338423261398283,1.2866185272144954,8.499335858113371,10.064848556539076,3.548866725925836,0.5691316017779212,2.011354440341886,2.7101609719289876,1.8538369192654578,1.322161540313369,0.7011737356145249,0.5069081676706291,0.551910516747472,0.33763190156386713,18.0,
TabPFN-V3,0.7,5.0,0.05,1.0,clip,200.0,14500,1,2000,5000,1.3477513094583948,1.3477513094583948,103,236,1,0,2.1280701321050692,2.7758393930412057,1.712196683138611,0.9819446983501784,9.027106389469877,11.77865311078464,7.074291469274583,3.8898795416901906,1.7863042721684415,2.3298561778045457,1.4465681420957708,0.8378908312157867,2.31765548681689,3.0547190453335293,1.928514577829655,1.2916605634972258,8.495251584751882,10.017426533388031,3.5043055276427864,0.5393745922393677,2.011628476087953,2.709799027033601,1.8504527255719092,1.3289274587988327,0.6874161728333039,0.49859533369680353,0.5597274880540966,0.3375488884079073,16.8,
TabPFN-V3,0.7,5.0,0.05,1.0,raw,0.0,15500,1,2000,5000,1.4196650985860169,1.4196650985860169,88,253,0,0,2.1600061963164,2.844326631704139,1.7901707974758414,0.923393051464011,9.34228656344588,13.083411909510275,8.280869478013427,3.927433100108773,1.7772134992690527,2.2986159564808495,1.4442372044326546,0.7632872725916443,2.339237528549903,3.100604586552876,2.271809659263683,1.2798465369222547,8.185351285237166,10.02205757176471,6.936570541810118,1.6234456142739695,2.027658261551403,2.731713159281211,2.0231927426249112,1.2615337990730902,1.4385924725818606,1.1404729853810758,0.5790636584954523,0.5033410383018978,17.4,
TabPFN-V3,0.7,5.0,0.05,1.0,clip,200.0,15500,1,2000,5000,1.4196650985860169,1.4196650985860169,88,253,5,2,2.16068350478969,2.8334094101452645,1.7369185897879849,0.8930663824890522,9.335285987479054,12.592757051088464,7.512052170442068,3.765310153079846,1.778300014559985,2.3132672249422668,1.429122340387209,0.7399849259987488,2.3390638903162246,3.0967478240018287,2.195477964949652,1.2650018139941015,8.159528133029587,9.683766812930278,5.688766760579656,1.2601420099657603,2.0288516608225486,2.7456806649121095,2.009296784141902,1.2652608260899874,1.2693236168179776,0.9388843702864658,0.609688201177197,0.6340001399005349,18.0,
TabPFN-V3,0.7,5.0,0.05,1.0,raw,0.0,16500,1,2000,5000,1.159660551832233,1.159660551832233,103,268,0,0,2.169655940337766,2.846054743083963,1.7521371652076996,0.9199921842249837,8.925610913951106,12.174729141067768,7.425026793273363,3.655440622385279,1.7870278902683712,2.3177189994957,1.4308492488252824,0.7650682236529301,1.9526423183748274,2.4916608738374375,1.5145338738187697,0.7642441092550275,6.330892296187295,8.397241464322459,5.662317376235876,2.605633480505843,1.7046771886086096,2.157194348425353,1.2796213677647157,0.6599557847632229,1.3328696843195336,1.1328072961252023,0.6305857395440421,0.5246954517224873,11.1,
TabPFN-V3,0.7,5.0,0.05,1.0,clip,200.0,16500,1,2000,5000,1.159660551832233,1.159660551832233,103,268,4,3,2.1695863638578374,2.850068858840006,1.7474634105588194,0.9209622690038148,8.93776769277444,12.195782381838487,7.321591104280414,3.6278343699521716,1.786265865939484,2.3207680929558996,1.4317689426980018,0.7676567484936374,1.9532399976643349,2.4980928909089957,1.5020806692971738,0.7512848098651063,6.365160657122306,8.43115904650197,5.419677192943658,2.3941138783707974,1.7033679062157434,2.162069702046164,1.2802049574761134,0.6582420815558236,1.2304994565909921,0.997447634718576,0.6168720644707228,0.5189141204769043,11.2,
TabPFN-V3,0.7,5.0,0.05,1.0,raw,0.0,17500,1,2000,5000,1.0724172824124256,1.0724172824124256,102,250,0,0,2.159870822356198,2.8083051585908145,1.727881163827032,0.9852588096429459,9.700491228024843,12.564478503027399,7.5877167397557175,4.244886028046287,1.7629960641631117,2.2948223509888894,1.4194687650939433,0.8136994823585596,1.951413936056797,2.4312370727976997,1.3905685676145507,0.7865132791926702,7.239311680062054,7.050761482533403,2.019367361229181,0.6092557441240756,1.6731035284775728,2.1881042091273994,1.3574738942664122,0.7958426231436493,0.7853746284233948,0.5233610179688795,0.6138610595474194,0.39573579191971464,16.8,
TabPFN-V3,0.7,5.0,0.05,1.0,clip,200.0,17500,1,2000,5000,1.0724172824124256,1.0724172824124256,102,250,0,0,2.159870822356198,2.8083051585908145,1.727881163827032,0.9852588096429459,9.700491228024843,12.564478503027399,7.5877167397557175,4.244886028046287,1.7629960641631117,2.2948223509888894,1.4194687650939433,0.8136994823585596,1.951413936056797,2.4312370727976997,1.3905685676145507,0.7865132791926702,7.239311680062054,7.050761482533403,2.019367361229181,0.6092557441240756,1.6731035284775728,2.1881042091273994,1.3574738942664122,0.7958426231436493,0.7853746284233948,0.5233610179688795,0.6138610595474194,0.39573579191971464,16.9,
TabPFN-V3,0.7,5.0,0.05,1.0,raw,0.0,18500,1,2000,5000,1.3408658752571379,1.3408658752571379,112,270,0,0,2.178146633110162,2.858093314654878,1.8036619331122332,0.999690644577433,9.000854622534703,11.855945579662714,7.256171270723088,3.9336617806697975,1.7886897288512553,2.344473840753796,1.492419328216899,0.8322123767666639,1.8538045772138851,2.3583942503071653,1.3834104719581533,0.6347685252520796,5.308687619899552,6.133422145937744,3.1360191412318925,0.6172840548645883,1.6565913802741117,2.1429064000280413,1.2833672709636692,0.63576658170126,0.6763815631854899,0.5238231420458461,0.5254501619020341,0.40865263296046767,16.6,
TabPFN-V3,0.7,5.0,0.05,1.0,clip,200.0,18500,1,2000,5000,1.3408658752571379,1.3408658752571379,112,270,2,0,2.1773667382572457,2.8573441051697293,1.8031899223055676,1.0130580975445778,8.99800143787443,11.859677897656288,7.351972946470928,4.088612986849116,1.7880281824651443,2.343468814689524,1.4864517792771006,0.8374978818760312,1.8539548952974891,2.356027289985918,1.3642948252482494,0.627054400595593,5.311541904346017,6.136674962314608,2.8861907838179284,0.49623697279716905,1.6565873493264316,2.14021864907075,1.277421271587824,0.6345217801950802,0.5801488441970108,0.4303345414559535,0.5329535049469608,0.40419679401360387,17.3,
TabPFN-V3,0.7,5.0,0.05,1.0,raw,0.0,19500,1,2000,5000,1.1821602810017369,1.1821602810017369,95,254,0,0,2.156689732327719,2.798048304392529,1.7250079773615052,0.9353053399910614,9.068479466543991,11.789069859491207,7.139896885677357,3.9487751352481286,1.786779367285382,2.316860045860067,1.4352098773378588,0.7740281954492797,1.9200836557590513,2.400299208306689,1.227010993718188,0.4803734333573232,7.78035828679365,9.30784809619871,3.464197221509426,0.90804413090331,1.6064490674145953,2.0306158080697374,1.1072795773972914,0.45748503108663624,0.7126690909270452,0.4465476394423059,0.5868838584846385,0.4930187702583505,17.8,
TabPFN-V3,0.7,5.0,0.05,1.0,clip,200.0,19500,1,2000,5000,1.1821602810017369,1.1821602810017369,95,254,1,1,2.156616437284216,2.797606643651155,1.724366524587381,0.9357886809623287,9.067101196787343,11.784287089501705,7.132740184293012,3.9355448371587762,1.786775912860745,2.3166507158707,1.4349171125424527,0.7752454732771418,1.9201546913171543,2.3999012288408603,1.225797202367898,0.4830526336984786,7.78230838404196,9.30569986520299,3.4256915844081255,0.939784701812705,1.6064195379349164,2.030311499882584,1.1080615991150076,0.45860890312515085,0.7212880969780592,0.46465793024233715,0.5894397660858405,0.49103505648211215,11.7,
TabPFN-V3,0.7,5.0,0.05,1.0,raw,0.0,20500,1,2000,5000,1.1450453051332237,1.1450453051332237,95,271,0,0,2.185007636159702,2.828185947751075,1.7400332257755378,0.9397834428928765,9.104639392594637,11.690199787712789,7.14568558207691,3.7091535415107857,1.7884713270047297,2.3203395213121603,1.4302569964336744,0.781081963356938,1.647569029196398,1.9456787251683996,0.9837267711250613,0.378461453981316,4.410468114391422,4.417578063791494,2.5215329756471423,1.0854889467665059,1.489238377454412,1.8040241003498632,0.895601272832508,0.337944547543425,1.3896838651606773,1.1088522044746199,0.6468803019136642,0.4953600057710871,11.2,
TabPFN-V3,0.7,5.0,0.05,1.0,clip,200.0,20500,1,2000,5000,1.1450453051332237,1.1450453051332237,95,271,1,0,2.1849891817271345,2.827798601697261,1.7383553072497984,0.938823478334154,9.104897470710554,11.689585807144228,7.133472617725267,3.7088351033109546,1.7884370256022653,2.3199651627723026,1.4291827990791803,0.7800852354987317,1.647574665807947,1.9445678314769517,0.9805914616612735,0.37772364757777066,4.410479162365267,4.4058717954411915,2.4785285507672308,1.0649673590146174,1.4892437039625182,1.8035203850328183,0.8947507022728797,0.3383404702042487,1.350083499449521,1.0781527523789605,0.6497781641714759,0.4985913673362912,14.4,
TabPFN-V3,0.7,5.0,0.05,1.0,raw,0.0,21500,1,2000,5000,1.2721075687198609,1.2721075687198609,100,242,0,0,2.140137427036336,2.789627275648373,1.7372946748943923,0.9327273671834182,9.045237189103915,11.858906351643522,7.260136053454847,4.044250684260975,1.788932268898388,2.3283482642169253,1.456393537102961,0.7744699811529918,1.8359788267798867,2.2760468679224775,1.2932568821108987,0.49949150227731653,4.4923517142211615,4.249096487677658,1.4825002660997215,0.5392489425279503,1.7008711683602171,2.1756941970564085,1.2836316406385797,0.4974693710161452,0.6366070267220342,0.4903164394097607,0.5873027104908761,0.5490474724620915,17.6,
TabPFN-V3,0.7,5.0,0.05,1.0,clip,200.0,21500,1,2000,5000,1.2721075687198609,1.2721075687198609,100,242,3,1,2.1396291243824197,2.7895156063713626,1.7337863351298146,0.9408172088960699,9.03760157351794,11.848526589990655,7.279411609682652,4.112048141851627,1.7887864735436647,2.3287588476416716,1.4517263695052274,0.7795229916251061,1.836575666925601,2.2771350153863814,1.2858260355630537,0.5051399231728272,4.491867308267038,4.2581233090034365,1.3946794967187897,0.4927564365480182,1.701523002527823,2.1763785700195624,1.28028956275942,0.505769768436216,0.6270147668097119,0.4507787491479324,0.587341724901584,0.5477306375944437,16.9,
TabPFN-V3,0.7,5.0,0.05,1.0,raw,0.0,22500,1,2000,5000,2.103881364496354,2.103881364496354,98,229,0,0,2.1102757525480818,2.763496110878333,1.8566358853814542,1.0708932098103339,8.819553479188125,11.469870979649691,9.158125742765113,5.502270896159502,1.7882416717682517,2.3456047160033298,1.5061766153456424,0.8581945113877895,2.0660553420087777,2.7031502648824244,1.7732170942537337,0.9483443261590706,6.063770105131346,7.024355569362757,6.597562326252592,4.0248722327441415,1.874171736736284,2.4957396560528298,1.5416566125669307,0.8006761453567268,1.3567856321890537,3.1370197731203295,0.5104959754098352,0.3411925334996619,17.1,
TabPFN-V3,0.7,5.0,0.05,1.0,clip,200.0,22500,1,2000,5000,2.103881364496354,2.103881364496354,98,229,5,2,2.105322897547498,2.7606127919200767,1.7501234097340472,0.9589073835011189,8.774139247905223,11.406141993128884,7.02812693256881,3.574960268599093,1.7852308949836921,2.3456418870622238,1.4967880907801256,0.8333412316068755,2.0645277366238166,2.687237130152779,1.6403812303627423,0.8056189470030747,6.040117195959726,7.061490955274105,3.5066193062690396,1.2244077775935187,1.8737061088334324,2.4772802812840338,1.5508049320222392,0.7855177853587209,1.5150906983186463,1.218955529813617,0.4781652981432217,0.3086472257989399,17.9,
TabPFN-V3,0.7,5.0,0.05,1.0,raw,0.0,23500,1,2000,5000,1.2485731279454158,1.2485731279454158,117,233,0,0,2.1619995377306376,2.836696983651673,1.8343162378845366,1.0952527639491791,9.286546627656755,12.095972491389471,7.543831297899836,4.30077933276921,1.8137680563056773,2.384124885203402,1.5552482687249884,0.938573995219356,2.025576869315546,2.5574778736202957,1.485147754780281,0.8092559718303678,7.884109942937558,8.855430684452628,4.507010037821722,2.1570298707056623,1.7392252422641659,2.2496484201015345,1.3374460740694236,0.7433798823741177,0.5611039734403135,0.346540660209705,0.4707867808899112,0.2548621622477049,14.9,
TabPFN-V3,0.7,5.0,0.05,1.0,clip,200.0,23500,1,2000,5000,1.2485731279454158,1.2485731279454158,117,233,2,0,2.162101162199404,2.835950448858883,1.8299837871774773,1.095770847148016,9.282969429669365,12.09346920599808,7.5133557238380115,4.263416308775648,1.8140494931579731,2.3834642163408555,1.5521936337808115,0.9409436198437914,2.0259648416007656,2.5559470339883053,1.4825369056282025,0.7644870246523804,7.882663179560616,8.825482234678153,4.463636128794653,1.3614842534771394,1.7397028922102378,2.2495065679172472,1.3368276295640567,0.7353071726875872,0.5754098037882833,0.37053535393225795,0.47263878220789984,0.25838811464399547,11.0,
TabPFN-V3,0.7,5.0,0.05,1.0,raw,0.0,24500,1,2000,5000,1.239996303561808,1.239996303561808,93,262,0,0,2.140891960384543,2.791441854194781,1.7267126768050824,0.9706187081566724,8.740370368962397,11.366722874607651,6.916462194361055,3.88068579633166,1.775956683253391,2.3172494465653655,1.4397320154290454,0.8096990000304911,1.961597114099301,2.4143084281497753,1.284738802905303,0.5313159503525375,6.279562235639953,6.696490173004788,2.680700733333208,0.480916990061286,1.7228240322412065,2.1775140809247824,1.2075454669466472,0.5341028915927882,0.7039536561932506,0.4738209205109483,0.6039520785900703,0.43998514210535067,12.0,
TabPFN-V3,0.7,5.0,0.05,1.0,clip,200.0,24500,1,2000,5000,1.239996303561808,1.239996303561808,93,262,2,1,2.1404648943322715,2.7863224706857292,1.71876391475521,0.9698453427969376,8.730638368885945,11.332509725257884,6.919179064312349,3.848980117570997,1.7760441576642543,2.31373887830542,1.4311934695918564,0.8106361171762531,1.960878200869414,2.4075253805869696,1.2771983002053202,0.5280726683376515,6.265386675052106,6.682554790764996,2.7039769881181774,0.4990771257526884,1.722849239232465,2.1711265402605355,1.1983008717052848,0.529676052077048,0.7290092127271186,0.49076501175097254,0.628442550972903,0.44647538713634494,16.3,
TabPFN-V3,0.7,5.0,0.05,1.0,raw,0.0,25500,1,2000,5000,1.1392161143737491,1.1392161143737491,108,258,0,0,2.1822205112383664,2.861184671342111,1.72213952689547,0.9231439137666126,9.226551840424397,12.456005425932766,7.5568774991178,4.237573759052956,1.79895659666013,2.339155199666787,1.404686469781729,0.7428143270766345,2.1622131470733694,2.8234469343564066,1.6315564080810845,0.6779764974153804,10.948345415453858,15.459713269895891,10.854104829316789,6.655398153604718,1.6841823319653628,2.1359402463409727,1.129781314728319,0.3527603887488157,0.5011594168755614,0.40300730518459316,0.7622866745821507,0.6824534080441025,16.6,
TabPFN-V3,0.7,5.0,0.05,1.0,clip,200.0,25500,1,2000,5000,1.1392161143737491,1.1392161143737491,108,258,3,0,2.1823006019146027,2.8609884118448528,1.721916094969891,0.924120531917192,9.225826647512726,12.458838487913955,7.5897712029108275,4.268043711829178,1.7990805007411914,2.338794122594362,1.402661219843623,0.7421862888937226,2.162348483649901,2.822746332491009,1.629883843552101,0.6773608160449868,10.947608218507527,15.460808446655506,10.893907186524688,6.756080433013311,1.6843651408423796,2.1351419407882584,1.1258522065873338,0.34663334637442,0.4947322776467201,0.39175916142259637,0.77332859720616,0.6976638867739019,16.7,
TabPFN-V3,0.7,5.0,0.05,1.0,raw,0.0,26500,1,2000,5000,1.1036546822048185,1.1036546822048185,105,261,0,0,2.125399832104295,2.7640303040484264,1.6787640118691,0.8915292611120167,8.70627251863215,11.364870176840526,6.790572861814493,3.5457207389006036,1.7629588590754344,2.290339819389482,1.3972315978923653,0.7453499035043312,2.0856182802005976,2.659253791883109,1.6734073467727044,1.0213089332212377,7.544414567346751,8.878040311152144,4.788363986048353,1.7566539432355028,1.7849755642383383,2.3167546820436455,1.5018513892181689,0.9808098727414483,1.1486812354478433,0.8804995488225389,0.6361761323556314,0.5838695937939146,17.8,
TabPFN-V3,0.7,5.0,0.05,1.0,clip,200.0,26500,1,2000,5000,1.1036546822048185,1.1036546822048185,105,261,0,0,2.125399832104295,2.7640303040484264,1.6787640118691,0.8915292611120167,8.70627251863215,11.364870176840526,6.790572861814493,3.5457207389006036,1.7629588590754344,2.290339819389482,1.3972315978923653,0.7453499035043312,2.0856182802005976,2.659253791883109,1.6734073467727044,1.0213089332212377,7.544414567346751,8.878040311152144,4.788363986048353,1.7566539432355028,1.7849755642383383,2.3167546820436455,1.5018513892181689,0.9808098727414483,1.1486812354478433,0.8804995488225389,0.6361761323556314,0.5838695937939146,16.9,
TabPFN-V3,0.7,5.0,0.05,20.0,raw,0.0,7500,1,2000,5000,20.0,1.4270551610854958,101,269,0,0,2.1441862413701305,2.7750121321107106,1.8962541077049317,0.9787821053364365,8.612441276350154,11.403696302492937,7.653352556240381,4.19427119923399,1.7764076312645234,2.2843936493728503,1.5689111606205868,0.7959525626903909,1.8405781323266834,2.220675457863482,1.318683242515685,0.40955537210838666,7.303811885345744,8.94992757214685,3.977695290580771,0.7430999583386848,1.5299440423748494,1.838056810908879,1.1674944365698998,0.3905903554742818,0.46892366508624733,0.3829445671385232,0.34485465457771597,0.49533953845205647,11.0,
TabPFN-V3,0.7,5.0,0.05,20.0,clip,200.0,7500,1,2000,5000,20.0,1.4270551610854958,101,269,2,0,2.1141411063804227,2.763415865108234,1.7057276384042737,0.9565417251430456,8.56398720236612,11.19526767396527,6.760160365787175,3.6975705542921657,1.7474092104133645,2.2839890765682753,1.4183375721041256,0.800689525810745,1.814944777962668,2.2044775451480527,1.1080719551539755,0.4342927746815434,7.290511821264248,8.510270823839967,3.3182272956094123,0.8824043042460167,1.5036094292735696,1.8459363504813588,0.9824046994823389,0.4088135944970488,0.7463301523960629,0.563991072508934,0.5873133724662655,0.39155434465198624,11.2,
TabPFN-V3,0.7,5.0,0.05,20.0,raw,0.0,8500,1,2000,5000,20.0,1.323544349501603,98,276,0,0,2.2404357905804266,2.8619825495339195,1.9062393277199443,1.021101703836192,9.129984301372815,12.018002740868358,7.790513842336287,4.0894246274360935,1.8379134813131324,2.3270414883975294,1.5624502155196673,0.8418347421694746,2.836397698625314,3.9122271278049623,3.0529932017370824,2.2431936143610733,6.747004211358388,7.603516374361931,2.5242490423797146,0.5982541305212922,2.6079202647738473,3.6965633191576894,3.0838851128257003,2.3392993081671234,0.623597526413795,0.544477335217153,0.3891149218155463,0.4779955854384397,15.6,
TabPFN-V3,0.7,5.0,0.05,20.0,clip,200.0,8500,1,2000,5000,20.0,1.323544349501603,98,276,3,1,2.1956721297682353,2.8443093677482776,1.7382727087935375,0.9626806517308801,9.145331643282947,11.917900454136877,7.156923740834689,3.801427369530105,1.7896378313495094,2.3141842323030506,1.421687678132369,0.79682669446742,2.788969203351455,3.881825791084807,2.8547961454293667,2.2425121017476113,6.777242654515049,7.484866910563259,2.0423998453089673,0.8279459250411314,2.555954073689908,3.6713178848663377,2.902260450855538,2.3251582204544263,1.0495619056293737,0.7960702900171919,0.7056173397341055,0.4788973251145466,16.3,
TabPFN-V3,0.7,5.0,0.05,20.0,raw,0.0,9500,1,2000,5000,20.000000000000004,1.6062322109323515,113,238,0,0,2.2152260146496845,2.820076626895785,2.0515568869507654,1.2470912984416183,9.244873708361382,12.264030918395218,8.91473761601747,4.922826712397514,1.863891249613275,2.348077231394553,1.7085419744102621,1.0633817166437387,2.877880719927787,4.002212241606683,3.3375751593701906,2.3378438336166902,22.44746646306994,36.242746645042814,35.46949711574871,28.284772036525116,1.8998123858522238,2.390862559116596,1.7316538184172117,1.041042298066038,0.3184432331108919,0.3038997524370336,0.35866919854860824,0.1399866069018057,16.5,
TabPFN-V3,0.7,5.0,0.05,20.0,clip,200.0,9500,1,2000,5000,20.000000000000004,1.6062322109323515,113,238,4,0,2.1234113724501498,2.7644039296013516,1.6959736144391027,0.9105204728848801,9.154938701305827,11.925891929074009,7.347435597285868,4.063247611686136,1.7719826651280894,2.3065219170279603,1.4135191936248372,0.7529503218906133,2.793492957545846,3.9447659765679957,2.850438232007343,1.9512494731896826,22.33894120274432,35.813678177604885,32.737034228765154,26.45360673750472,1.816630991490148,2.3519896002876974,1.3567360381332647,0.7266461491856974,0.6310463989277096,0.4825710290087342,0.646603687896927,0.6223766910546976,17.0,
TabPFN-V3,0.7,5.0,0.05,20.0,raw,0.0,10500,1,2000,5000,19.999999999999996,1.1081663575636143,107,266,0,0,2.1776424524831346,2.7934347366254464,1.787777519388694,0.9629311557655741,8.63210205236731,11.222176257635986,6.963973807329046,3.9247787319435945,1.814971085020272,2.319829910983536,1.4969308331630642,0.7965071052240968,2.4205600129026594,3.196580045697138,2.259713303627866,0.9989619953713406,15.969601728072412,23.757984963785248,20.6987446443798,8.436756724494957,1.6592492616911774,2.041249731330548,1.2236376093650831,0.5810377456994178,0.6678876384747972,0.41525451589465934,0.5075629302783247,0.562812453047563,17.7,
TabPFN-V3,0.7,5.0,0.05,20.0,clip,200.0,10500,1,2000,5000,19.999999999999996,1.1081663575636143,107,266,1,0,2.147086033379183,2.774805641858774,1.6975495198757469,0.9086164863394329,8.61545879811962,11.085518726145605,6.6975691178173085,3.513199958860872,1.783632895351942,2.3078327478113936,1.4166020730966056,0.7622668446641683,2.3948432150692076,3.172055296427589,2.1049866636583103,1.1206000240420544,15.936362901851496,23.36196437712626,19.005999425142846,12.076940820399239,1.6339551211350951,2.0375990616439292,1.1553311092529686,0.5049712424976922,1.117179621223999,0.8582739196073312,0.6780114841390643,0.5597520989890248,12.6,
TabPFN-V3,0.7,5.0,0.05,20.0,raw,0.0,11500,1,2000,5000,20.0,3.608513414877008,103,265,0,0,2.4660492628376134,3.1913445989908005,2.0608249815431647,1.585601622448002,9.670932295855321,12.413674840632423,11.53243833266176,9.320587772667334,2.0628192726053656,2.6752057364702027,1.5307346883971393,1.1527037703237948,2.3914461506405087,3.1215552187568196,1.9392341018896961,1.4494833763782349,8.900356201633272,11.234038799278862,9.364866974884144,6.631179383649626,2.0271671298352114,2.6675302665206333,1.523649579958645,1.159483494239498,0.2688485241672982,0.5575626691210774,0.6944071509209772,0.1844496519981637,11.1,
TabPFN-V3,0.7,5.0,0.05,20.0,clip,200.0,11500,1,2000,5000,20.0,3.608513414877008,103,265,4,1,2.180130202192679,2.8418347825566443,1.7555595572639926,0.9217310222582641,9.2813573321624,12.123270443553764,7.2767076657685825,3.847548866221176,1.782701439902927,2.322388013778559,1.446561827854549,0.7579840890692099,2.08851902216547,2.699906192875271,1.527222993022741,0.7814080383736469,8.402856839785754,10.46262232813385,3.379490285378804,0.8540154549066423,1.7351294716545147,2.265456398610535,1.4235586144642705,0.7773444765191077,0.9575434362620945,0.7190375443939764,0.6097129604051007,0.5821882944961143,14.1,
TabPFN-V3,0.7,5.0,0.05,20.0,raw,0.0,12500,1,2000,5000,20.000000000000004,1.0995469195092709,95,267,0,0,2.249942294419599,2.914501297472005,1.8655510248610276,1.0496495514283763,9.46588021260403,12.371464216231516,8.334741007918709,4.994566704986348,1.8428737492779879,2.3810111011253343,1.5006083404164048,0.8271072146441004,1.8993716527528166,2.3107461003270475,1.3472208310088545,0.6549794184372082,7.5047782433597146,9.535624893929587,7.2328984883267715,5.529475487605969,1.5831570827777393,1.9031731787356936,1.0151954909488752,0.3799972822723954,0.4330350124350218,0.2548582368415057,0.5954255448713724,0.49458503252848235,16.8,
TabPFN-V3,0.7,5.0,0.05,20.0,clip,200.0,12500,1,2000,5000,20.000000000000004,1.0995469195092709,95,267,1,0,2.2278719994524874,2.8800568762774175,1.7726997186637756,0.9697180536435691,9.453787258201972,12.161618879235471,7.448587653823128,4.121125811348704,1.8202406083504141,2.3564614706594584,1.4525091252372921,0.7919395048780354,1.8874712943996055,2.3044733589222055,1.325823545832587,0.658018469701832,7.623203529076645,9.912101587408147,7.721697510044086,5.542377015285236,1.5639047390100493,1.875308614150233,0.9650167956858576,0.38247996734164397,0.6976906411703472,0.48918534884319975,0.6115321230234375,0.5071188533057928,16.3,
TabPFN-V3,0.7,5.0,0.05,20.0,raw,0.0,13500,1,2000,5000,20.000000000000004,1.1446093171712202,97,258,0,0,2.2109667177382253,2.8661774580412827,1.8883863359484392,1.062309711599613,9.67286896558338,12.659288876953818,8.448270302241923,4.961952077571525,1.8049838455442042,2.333359502309643,1.5314799539780217,0.8501402197352618,2.2524937918527774,2.8784573764503394,1.7624277008974787,0.7817257209392553,8.173227934135948,9.872755912914846,4.326765287558441,0.6991848624655684,1.9303619047357257,2.4979156171909884,1.6229087010327534,0.7862165563433487,0.4399647853444991,0.27492895256202354,0.4332165451704314,0.44968307620973563,17.0,
TabPFN-V3,0.7,5.0,0.05,20.0,clip,200.0,13500,1,2000,5000,20.000000000000004,1.1446093171712202,97,258,1,0,2.19352557496907,2.856816244905784,1.758491837628727,1.0092400717732561,9.748337779794731,12.785768691632294,7.601268946835221,4.15685277170059,1.782487711442073,2.3166075289092767,1.4406013917883063,0.837986576079192,2.24052408027424,2.8666381834093357,1.5730646241472777,0.7162311011692454,8.173879813557363,9.70391618503565,2.4956067052995627,0.6705847800849312,1.9177054849163644,2.4946395068130496,1.5228714868766557,0.7187145998701633,0.7570938082793559,0.5593526020935511,0.6138427280870709,0.36779412484524365,17.5,
TabPFN-V3,0.7,5.0,0.05,20.0,raw,0.0,14500,1,2000,5000,19.999999999999996,1.3477513094583948,103,236,0,0,2.1410097334922322,2.788655686597055,1.9213188278645652,1.062329787597579,8.933509590776294,11.767397548624123,7.679815057741396,4.5394900936919695,1.804521495389999,2.343864947840047,1.636053271556645,0.8900775138279994,2.328745696047045,3.0675992999229713,2.142493194891932,1.335149351197137,8.416814153152878,10.082770566321523,4.196714012922187,1.0872404876442938,2.0271537237806774,2.7200803203112884,2.040730786609996,1.3474303108525674,0.4973557046318038,0.33719372169748163,0.3001399425288258,0.39217648035384767,15.0,
TabPFN-V3,0.7,5.0,0.05,20.0,clip,200.0,14500,1,2000,5000,19.999999999999996,1.3477513094583948,103,236,2,0,2.1281196150115886,2.776805768508173,1.7103401015451887,0.9639520547449458,9.031824163518657,11.789673710749737,7.046024457290181,3.827037987694068,1.7861224963198032,2.3303244850554004,1.4460198857694082,0.8221199220463747,2.3176797001291374,3.0591719516915785,1.9280861098972797,1.2766555009460427,8.501642071498354,10.102023769322448,3.4423714843089512,0.5886515552631838,2.0113373156532486,2.7102817273085207,1.8530711333311267,1.3107379802032122,0.7328778783387719,0.5504802996730923,0.5630909404674385,0.3634314079418797,10.8,
TabPFN-V3,0.7,5.0,0.05,20.0,raw,0.0,15500,1,2000,5000,20.0,1.4196650985860169,88,253,0,0,2.3213658121514174,2.936589322251606,1.9094635255852994,1.2749518085721694,9.80091602355026,12.487321253541369,7.784525346360928,5.060384719164624,1.9227295780069247,2.427565690775661,1.5963414188534197,1.0732002757346106,2.4789726634119917,3.218576589515897,2.293506493246061,1.655935386019716,8.536121028425526,9.747808243381227,5.7370053548481685,3.2384368120019715,2.156145923081588,2.8705893115660484,2.109978957542389,1.5715930938828901,1.6296925075227062,1.6196673096952403,0.4854196066537917,0.15477242033082517,12.2,
TabPFN-V3,0.7,5.0,0.05,20.0,clip,200.0,15500,1,2000,5000,20.0,1.4196650985860169,88,253,6,2,2.160000148818439,2.828538990624451,1.7358554022915014,0.8889086256959846,9.327951867446526,12.53440572545769,7.478375873642555,3.766768611663236,1.7779711231574107,2.3112471675966835,1.4297973278756984,0.7355278427910522,2.337310833289846,3.0784141905985436,2.19496062398426,1.2468340462699359,8.142240838640548,9.383836263118972,5.673727970536495,1.210043207798795,2.0279265292338686,2.74235525140586,2.0095533902202587,1.2487948809303946,1.269062967132823,0.9153227258945954,0.6159259064528981,0.6832519559502918,16.1,
TabPFN-V3,0.7,5.0,0.05,20.0,raw,0.0,16500,1,2000,5000,19.999999999999996,1.159660551832233,103,268,0,0,2.212242212903229,2.8379293077991052,1.9122216624570447,1.0320502430604899,8.979468627883705,11.847922432897718,7.16690222089268,4.054641849627336,1.8289757971773697,2.3276422922609754,1.6146192977781033,0.8608637361796962,1.9920255567577363,2.491679980078577,1.65694966404413,0.8310383039826149,6.496422489058702,8.034790426787401,4.990151431410517,2.766067013334559,1.73691600945075,2.177742194846547,1.4681715419701244,0.7214466526499181,1.3334251537644806,0.9200509146614098,0.37523988996524676,0.5074728873113544,16.6,
TabPFN-V3,0.7,5.0,0.05,20.0,clip,200.0,16500,1,2000,5000,19.999999999999996,1.159660551832233,103,268,5,3,2.166339018506844,2.841349156726322,1.7488370850696082,0.9082783709044928,8.890790897197412,12.07917791318334,7.411964003517804,3.638004993898263,1.785495167389119,2.3181585170960424,1.4281020863071157,0.7536784691795708,1.9495548079642555,2.4906452217299737,1.5154525446071878,0.7554907514674316,6.305089760024013,8.31312907169734,5.685106565446454,2.4318915391961564,1.702876158946501,2.160884936059802,1.2793013870448626,0.6605466662790761,1.4670328143794933,1.2168165800334165,0.6278232371944842,0.5772641993583338,16.8,
TabPFN-V3,0.7,5.0,0.05,20.0,raw,0.0,17500,1,2000,5000,20.0,1.0724172824124256,102,250,0,0,2.1786211655632557,2.818983203082762,1.8193531188665915,1.032848468033517,9.721578176398875,12.623148466365048,8.04076533052003,4.796480549450228,1.7816234281508545,2.3029745050152735,1.4919103708848316,0.8347625690115849,1.978234934210587,2.4534806018563153,1.4737929894571247,0.8007195047949006,7.306324910267201,7.438155337878107,2.6832794937820843,0.6078529147478549,1.6978091459970812,2.191129299960432,1.4101358050189692,0.8108703779552717,0.5700696562236838,0.3161904029024363,0.4982621267395605,0.4122792590646468,17.5,
TabPFN-V3,0.7,5.0,0.05,20.0,clip,200.0,17500,1,2000,5000,20.0,1.0724172824124256,102,250,1,0,2.1600482047378735,2.806317869305606,1.7263212464155087,0.9733812663005605,9.700984862668813,12.60982609687984,7.561929365302601,4.119383274225852,1.7631568016888761,2.290343752064857,1.4191839770003989,0.8078022132518609,1.9514939348558689,2.43014854760653,1.3915244901167967,0.7908461226253718,7.234572767803489,7.102953076371142,2.1124827970201974,0.7171300822893589,1.6734371541744149,2.1842114671452344,1.353579316069249,0.7947259142220041,0.8804337855635844,0.6164173902425508,0.6157725269561907,0.40064421320501853,17.0,
TabPFN-V3,0.7,5.0,0.05,20.0,raw,0.0,18500,1,2000,5000,20.0,1.3408658752571379,112,270,0,0,2.2166359901499004,2.8592408559735834,2.0809481052216205,1.0813581691153211,9.022549231750313,11.987489701635791,8.217757751930629,4.281096615331953,1.8281377712847602,2.3381780254600955,1.7306439604834742,0.8987092514665916,1.8975189694174146,2.34693373664987,1.5696307154731588,0.7226598955376475,5.378781866537791,6.172787722966209,2.624990156067108,0.4453211418600307,1.698799945691727,2.128544608466908,1.5093882104075422,0.7384910717518033,0.4189308918069868,0.40964455189836224,0.2813576761509662,0.3937277523833177,10.9,
TabPFN-V3,0.7,5.0,0.05,20.0,clip,200.0,18500,1,2000,5000,20.0,1.3408658752571379,112,270,3,0,2.1767753235224245,2.8571497463785995,1.7960349127910762,0.9866753716593408,8.996934177078838,11.856441173240187,7.262723945109506,3.958286170113446,1.7874639301904511,2.3434481215894603,1.4839828961471064,0.8170485396122776,1.8527910424379341,2.3538168865419054,1.3613324164049256,0.6177849121557801,5.305047555059587,6.100346904425022,2.8551236975889265,0.566564353366062,1.6557277742755985,2.1399557650136933,1.2760631466544643,0.6207087072663984,0.6299335580324472,0.4951810011278196,0.5337891669374186,0.43827356857792743,11.1,
TabPFN-V3,0.7,5.0,0.05,20.0,raw,0.0,19500,1,2000,5000,20.0,1.1821602810017369,95,254,0,0,2.1840186000263313,2.81032341953696,1.8690817269637614,0.9876077548357618,9.100912179413845,11.788318428791797,7.401809373971233,4.184315116101958,1.813835083556792,2.329832325489188,1.5729770446333995,0.8165239643255188,1.9432056756400242,2.389260070966636,1.401773523014566,0.5048514016100721,7.826989445097541,8.860080281050532,4.125417934520769,1.033897958819299,1.6283129075316782,2.0429498448053827,1.256007471492742,0.4765374897830296,0.682565605661642,0.49274891960052686,0.34903492242444134,0.49942705156736766,16.1,
TabPFN-V3,0.7,5.0,0.05,20.0,clip,200.0,19500,1,2000,5000,20.0,1.1821602810017369,95,254,2,1,2.1565928055937373,2.7976524184499025,1.7215303542317386,0.9249847183651219,9.06730972668659,11.786558737307411,7.0908161979958235,3.8305814914645566,1.7867398561715744,2.3165773647225936,1.4341728733391812,0.7694808034120547,1.9198556163682599,2.401715459457759,1.2266958419332736,0.46836983937292,7.779827828392313,9.344965840817224,3.4598979660782585,0.6951833690320185,1.6062372131120208,2.030121359823266,1.1071776498698884,0.4562310621850964,0.8168682541281098,0.5698304142296398,0.5877066326678726,0.5002737144805156,16.2,
TabPFN-V3,0.7,5.0,0.05,20.0,raw,0.0,20500,1,2000,5000,20.0,1.1450453051332237,95,271,0,0,2.2215109147276273,2.8431339967483376,1.8542781304430374,0.9541850335427844,9.16562361291545,11.986699090179126,7.3883832781647545,3.89966294656232,1.8235717011076442,2.319152998583875,1.5371407874460854,0.785391522350504,1.7000896303887552,1.9534608640246989,1.0332000865638304,0.38805953457578235,4.555409629820878,4.7100655240555165,1.6807854026976035,0.7990057797445888,1.5364627071817123,1.7954909205126768,0.9960895725709664,0.36450985548067844,0.7352887976989813,0.5978251717876448,0.4122682278930927,0.5880277360830973,17.2,
TabPFN-V3,0.7,5.0,0.05,20.0,clip,200.0,20500,1,2000,5000,20.0,1.1450453051332237,95,271,2,0,2.1850601961766833,2.8279277184779756,1.7363966940977866,0.9230509965549403,9.109982359233237,11.687127986044084,7.172634023180726,3.7023704048809005,1.7882207150626366,2.320242526574737,1.4248677627843003,0.7637793620325605,1.6473637773539973,1.944706118096194,0.9865191796895953,0.36976017303308645,4.410053929957641,4.406151176604116,2.6088626779892707,1.1363691203405801,1.4890450986998234,1.8036505860903478,0.8935491885626738,0.3258288926946785,1.4531065400918146,1.1518734591759714,0.655831485498525,0.5422474390307425,16.0,
TabPFN-V3,0.7,5.0,0.05,20.0,raw,0.0,21500,1,2000,5000,20.0,1.2721075687198609,100,242,0,0,2.203481440901429,2.793325902004334,2.0015688253703643,1.0009306795718231,9.106289284969568,11.80675682658327,8.159140247619593,4.151911777858908,1.8523928536243193,2.3348874228643375,1.6883842343270035,0.840666403450454,1.9030967761151267,2.2754665867591144,1.5079730521480843,0.5683981388175405,4.576920521153149,4.223968122192002,1.0788375803937482,0.4936508815417231,1.7671015372964627,2.1763624733554243,1.5297996146038535,0.5721999118862138,0.4896801334214532,0.4956626338851505,0.31623158829120734,0.4819391885380006,11.0,
TabPFN-V3,0.7,5.0,0.05,20.0,clip,200.0,21500,1,2000,5000,20.0,1.2721075687198609,100,242,4,1,2.139135836686566,2.7903983343882515,1.73081708680718,0.9279492655085765,9.040962819504243,11.861071475036843,7.255992697904816,4.095182034751714,1.7880971376865913,2.3290484184494202,1.449797225965308,0.7668584016672905,1.8349930933934757,2.2759775999379044,1.2873581285753248,0.4917863681538827,4.481305618057364,4.2276961627143175,1.420569120849417,0.5057646168983297,1.7003971221936731,2.176709863033345,1.2805827901704632,0.491075410567469,0.6389949230656253,0.4690187971944502,0.5873438162870241,0.5843211071615738,14.5,
TabPFN-V3,0.7,5.0,0.05,20.0,raw,0.0,22500,1,2000,5000,20.0,2.103881364496354,98,229,0,0,2.34413905052103,3.546139407648858,1.8958220078093588,1.4589070553261558,9.324882909897969,11.833174043967958,10.871627929170986,10.818519722076301,2.0090750505635118,3.1483756407829855,1.4649983741912886,1.0096613414955578,2.308111874768198,3.4164060761460138,1.8150956741504458,1.2757314930182346,6.665310002450209,7.247202201249079,7.199115963973841,8.720584229152626,2.098973670777593,3.2325342856097317,1.5566717281497,0.9183910451928782,0.40974024007557164,1.3131886695967183,1.0848585156441168,0.2884318211883878,17.4,
TabPFN-V3,0.7,5.0,0.05,20.0,clip,200.0,22500,1,2000,5000,20.0,2.103881364496354,98,229,6,2,2.1050862464898,2.7563643085022775,1.7451871534523495,0.9343743204350411,8.775032677147482,11.351689060783182,7.070463628518958,3.5969404743387936,1.7849400019665114,2.3438031330102778,1.4895828120584589,0.8065756096314446,2.0643922212274863,2.6796473669020706,1.6248501643107391,0.775528449117469,6.03932805206633,6.945680797134628,3.4723318250859916,1.3144837401099374,1.873601966508959,2.474884915524319,1.536174142445819,0.7496594988686164,1.613296055273581,1.3085781288567677,0.48629576719147166,0.34847158661788225,17.1,
TabPFN-V3,0.7,5.0,0.05,20.0,raw,0.0,23500,1,2000,5000,20.000000000000004,1.2485731279454158,117,233,0,0,2.183402065370363,2.845093821410448,2.083458639419059,1.1068671446647629,9.271878100640196,12.112578093450173,8.327652002541065,4.642492020774493,1.8369336541646002,2.3921204974361965,1.7782568241038859,0.9340539296168154,2.0495072345490213,2.587771703179796,1.7328396272608952,0.7268639374999568,7.829668955435298,9.418708148797169,4.7515655607656555,1.904438342693145,1.7669862190326584,2.253891234996694,1.5852912441044846,0.6693068079824378,0.42156329115089025,0.2969479153052593,0.2748455010464438,0.34309932406905536,17.0,
TabPFN-V3,0.7,5.0,0.05,20.0,clip,200.0,23500,1,2000,5000,20.000000000000004,1.2485731279454158,117,233,3,0,2.161091512961958,2.833662424342237,1.824525043895578,1.0742293950022308,9.28113193418987,12.091989499041729,7.475257886270522,4.201124658883315,1.8130803071415043,2.3811366831202974,1.5483302143857474,0.9213939436734508,2.025119950228641,2.557629189823103,1.4747500416796815,0.7849260090688792,7.870950507806832,8.844973491803366,4.618820646683718,2.1800773265056006,1.7393891929566216,2.250318255826585,1.3210750991653244,0.7167342203206611,0.6034801176773347,0.3846406788668511,0.4779842286756819,0.26967638072047595,10.9,
TabPFN-V3,0.7,5.0,0.05,20.0,raw,0.0,24500,1,2000,5000,20.0,1.239996303561808,93,262,0,0,2.169541691663798,2.7949577288924217,1.9557329734504587,1.015653879682547,8.672242737451834,11.340730592197243,7.529434468971241,4.140348007424216,1.8099579698409893,2.322397051352138,1.647520691511572,0.8428658126778364,1.9897690600198052,2.4138192061922092,1.5273698516638674,0.6005924514851032,6.181564782159199,6.711668599609433,3.3707229486694614,0.7301992976655033,1.7579728423751195,2.176158475699319,1.4254368606517387,0.5934255047355749,0.5124487134531215,0.38581213344497106,0.3185491836394598,0.45753493110538407,14.4,
TabPFN-V3,0.7,5.0,0.05,20.0,clip,200.0,24500,1,2000,5000,20.0,1.239996303561808,93,262,3,1,2.139825130593514,2.788755783012823,1.7222729776916397,0.9590911979174401,8.72207509180755,11.331013901599091,6.85434725025521,3.7498079993492666,1.7758425451485842,2.3163894623987242,1.4384816185925144,0.8047712734819952,1.9604873604159432,2.4115382789389304,1.2792599336797479,0.5106087207632268,6.258364158442331,6.677035243005831,2.632028670571644,0.5740515056634561,1.7228251145141042,2.175666559946628,1.2044550773974187,0.5071004874065658,0.7747430195311203,0.5621493307172714,0.601868495943207,0.4454405836384232,16.9,
TabPFN-V3,0.7,5.0,0.05,20.0,raw,0.0,25500,1,2000,5000,20.0,1.1392161143737491,108,258,0,0,2.2169278622965014,2.877883536037757,1.9210419923390087,0.977444375188696,9.187892105572088,12.733566325635472,8.825387912623118,4.899716052280202,1.8376556617977453,2.341661233271791,1.5453943231206828,0.7640436808214229,2.2045090762698263,2.849443437616792,1.7871599721645044,0.7408627818100849,10.91354433000346,15.806584646359664,11.55188127792789,7.039280750559538,1.7306729110519274,2.1444787746358425,1.255886649328791,0.3981820909755514,0.32220984735977715,0.27543991719320554,0.40679333843497767,0.6848100884431836,16.9,
TabPFN-V3,0.7,5.0,0.05,20.0,clip,200.0,25500,1,2000,5000,20.0,1.1392161143737491,108,258,4,0,2.1817531796688856,2.85941428986612,1.7175764715514636,0.9120474166189688,9.22910485891353,12.449821743981468,7.456576200595728,4.117762930658308,1.798324935627317,2.3376249344967066,1.4053322855342936,0.7376326965383804,2.1620178775449306,2.8224739463526594,1.625865488944101,0.6340632274526881,10.95200584970291,15.46155558785278,10.670322448673287,5.770548781273234,1.6837772835304308,2.1348140847948716,1.1337798930752419,0.354600285047437,0.5330415555570325,0.4481397706744704,0.7566949636833449,0.7014870762411486,17.4,
TabPFN-V3,0.7,5.0,0.05,20.0,raw,0.0,26500,1,2000,5000,20.0,1.1036546822048185,105,261,0,0,2.143431875771326,2.7634310556386192,1.7877910486317858,0.9308965074805939,8.747828140066597,11.27448556894343,6.897810820797939,3.9207958164110037,1.7796953438065517,2.2946854916013635,1.5063571679532957,0.7662280711795098,2.102340265845515,2.664363504371962,1.6829263995918438,1.0825641667445116,7.6201789156175295,8.911502873575973,4.27844764833797,2.302580030041292,1.7984457970566359,2.320302863865052,1.539978299587045,1.015371902486132,0.7317295530182586,0.4582656671061449,0.39278422382395045,0.577460843464795,11.1,
TabPFN-V3,0.7,5.0,0.05,20.0,clip,200.0,26500,1,2000,5000,20.0,1.1036546822048185,105,261,1,0,2.1248760873054713,2.7639647831984147,1.6802660932865991,0.8843301281816964,8.703893447339832,11.331366968283193,6.793485409680454,3.541540905273867,1.7625372962168515,2.292115876191213,1.3986559979967077,0.7379844829356411,2.0856201000201144,2.659530069896049,1.6700450791502142,1.0250391359822417,7.559330449860192,8.86726529674896,4.795522980394182,2.08238965744271,1.784155993392501,2.3176396089953086,1.4979096640363345,0.9668056508374471,1.1336553888877674,0.9023777619340668,0.6202012964309073,0.6013657760830079,14.0,
TabPFN-V3,0.7,20.0,0.05,1.0,raw,0.0,7500,1,2000,5000,1.269281951206016,1.269281951206016,101,269,0,0,3.495633084527062,4.565780140338527,2.88779047711651,1.66548428544189,34.22804877382314,44.64517193640941,28.32192463254095,16.18818306492496,1.7482181996357815,2.286905400718348,1.4416306614730574,0.8397379375913414,2.9833352881631,3.5595891297754374,1.7267336088786651,0.6720643580650476,29.00080142440979,33.74092207599318,14.35975885918164,4.833858327200957,1.5040077906677798,1.8435082668431664,1.0084322365828504,0.43542885231625034,0.5492525839512151,0.40364448433425804,0.5438586092224096,0.33167432288515164,16.6,
TabPFN-V3,0.7,20.0,0.05,1.0,clip,200.0,7500,1,2000,5000,1.269281951206016,1.269281951206016,101,269,4,3,3.4946446969515543,4.559426353196875,2.886893884369829,1.6734150125564455,34.227912159059635,44.53450730045675,28.46332744757952,16.51741724886587,1.7471813810971737,2.286482625694675,1.432643064563571,0.8293996666322778,2.977453994481587,3.5488252910257447,1.733646667596158,0.5687453067886384,28.908959321032743,33.56966219913327,14.63804895162154,3.2084475940666266,1.5030141439547935,1.8418700747330108,0.9999150644672574,0.41865443482123654,0.5664377573000859,0.41215027105154817,0.5599703170115152,0.34771064660458795,17.0,
TabPFN-V3,0.7,20.0,0.05,1.0,raw,0.0,8500,1,2000,5000,1.6629626682040533,1.6629626682040533,98,276,0,0,3.70975535172355,4.850745142258768,2.9607866039086095,1.644998258703754,36.59392659713879,48.185493490548474,28.95383952379475,15.432035188367674,1.788495558384302,2.3189097180149165,1.4421408363623403,0.8394897505354133,3.912058238902966,5.091923689514899,3.331366609671466,2.4134882162042928,27.11883768554714,29.2447757821558,10.07448084818923,3.2018976578875074,2.55620067597456,3.6807917721633125,2.9373997320611993,2.367425344505612,1.0686886084530114,0.8256285213558454,0.6588953862279326,0.39622291225771467,18.1,
TabPFN-V3,0.7,20.0,0.05,1.0,clip,200.0,8500,1,2000,5000,1.6629626682040533,1.6629626682040533,98,276,6,5,3.7047342696480077,4.802995416996104,2.977458129141506,1.7142942853685657,36.49576569135699,47.39832939540173,29.347210086211703,16.79293419822029,1.7889161764236896,2.314360324269611,1.4368036964252957,0.8333237908835791,3.903757022460013,5.091724169090652,3.2831065840992095,2.341670544804601,26.991588827780994,29.36753847055528,9.105965069835031,2.171234914498764,2.5548489830297454,3.6734081768797635,2.942905707286533,2.3516282573288203,0.8007220470917629,0.6495176988243344,0.6653653792264242,0.4167319251613506,12.3,
TabPFN-V3,0.7,20.0,0.05,1.0,raw,0.0,9500,1,2000,5000,1.3203105384328482,1.3203105384328482,113,238,0,0,3.434104076351663,4.464063236284553,2.782661435191283,1.5414587933980062,36.686229180517735,47.648783616105256,29.707833963557032,16.623419196762622,1.7721961018049333,2.3057340782842735,1.4369682260877445,0.7876774880639494,5.992076083363193,9.052824262531109,7.614727197892291,5.576828989929386,89.51537230854609,143.07798106261123,132.10326813535733,102.56639434879212,1.8176652262456952,2.354380894530464,1.3929143580945855,0.7293874621239838,0.6142871520647952,0.4528993183852165,0.5995925635159778,0.4904216484037745,12.3,
TabPFN-V3,0.7,20.0,0.05,1.0,clip,200.0,9500,1,2000,5000,1.3203105384328482,1.3203105384328482,113,238,4,1,3.4328047140681766,4.46520139815751,2.7894148079167715,1.5538613535407284,36.67066523019714,47.62343806547354,30.139552619349146,17.283095653201404,1.7716096693729457,2.3081958696356257,1.4224822587523651,0.7677299458718411,5.989902361164728,9.05511512272342,7.716485875113322,5.964188937094599,89.49937514265379,143.1318378843339,134.6172553373343,111.04683021994843,1.8161823859454105,2.3540945395097923,1.374112264863721,0.7122635642850195,0.5965106091136017,0.4588820687492788,0.6334477970031402,0.5849173896776975,16.5,
TabPFN-V3,0.7,20.0,0.05,1.0,raw,0.0,10500,1,2000,5000,1.2584128331965998,1.2584128331965998,107,266,0,0,3.530141728386651,4.545278355001747,2.806598550569188,1.521240926838888,34.58846616630981,44.26166848475587,26.95986042510912,14.357215628921937,1.7849971782202891,2.3136434216442066,1.4494444190466655,0.7999968899242089,4.953293203628392,6.958829465979006,5.4032365931017985,3.6477932747942643,64.01639258440484,94.41903650904189,80.61934756137221,58.24514979659049,1.6345808176363057,2.044504355405551,1.1768982919695776,0.5800077161128544,0.9596101968199913,0.7867658616476446,0.5874599972783153,0.4404919062575957,17.0,
TabPFN-V3,0.7,20.0,0.05,1.0,clip,200.0,10500,1,2000,5000,1.2584128331965998,1.2584128331965998,107,266,3,3,3.5268273828151373,4.542697485493729,2.8029054720084443,1.554567460944931,34.54334909756846,44.2278776170677,27.160306622906667,15.268271555538623,1.7840316971107888,2.3128162191230754,1.4342809037492703,0.7840044509825479,4.949351358966755,6.958305698156034,5.501476545872443,3.9242569269555765,63.945851589363215,94.48221003001873,82.74012841997508,63.82883514292141,1.6343811305583358,2.040401483480183,1.1614931494822238,0.5582624602367533,0.7747492593353325,0.649926169908104,0.6244748593924161,0.4917127378986316,17.7,
TabPFN-V3,0.7,20.0,0.05,1.0,raw,0.0,11500,1,2000,5000,9.449392083690748,9.449392083690748,103,265,0,0,3.6851797241236897,4.8039214953824825,3.090617370589172,1.6499259281960752,37.17070707978103,48.71315207162395,30.797777011050947,17.48451147988423,1.8111216989390662,2.3464883163531285,1.539952681101871,0.7637242024944151,3.4496420024144956,4.499807997994394,2.426620739681816,0.9041402326300054,33.56293605641523,44.03347906871464,19.37343701115806,3.8076120244650338,1.7643150912613392,2.2872582970987523,1.4781716769698403,0.7416439232664822,0.5259236848654689,0.3259444951822111,0.34385699785437984,0.6147476867020477,14.1,
TabPFN-V3,0.7,20.0,0.05,1.0,clip,200.0,11500,1,2000,5000,9.449392083690748,9.449392083690748,103,265,7,5,3.6525779486363468,4.748584074533678,2.931996292083273,1.6080043749612363,37.064725743139434,48.07375604412912,29.23324907633744,16.610140013065617,1.7826266993135762,2.3238384415996145,1.4600148796593333,0.7683917151729235,3.431980352239897,4.431651386268563,2.1954759555016827,0.8596698913336626,33.727762268771286,43.109505086997274,15.70101160582914,2.3061628191060417,1.7364402872175484,2.266998539237284,1.4396223235403787,0.7787151657033183,0.8215907589193981,0.6265598334228865,0.5807686402690947,0.5422023955754898,11.6,
TabPFN-V3,0.7,20.0,0.05,1.0,raw,0.0,12500,1,2000,5000,1.2547423252491827,1.2547423252491827,95,267,0,0,3.7431870148795046,4.83058109669759,2.9852961357995182,1.6949090262140158,37.857999409540255,48.661212928286176,29.81383747804843,17.56049605060896,1.8186877735157987,2.357988935481838,1.4718331021252187,0.7998928133440708,3.108829857300123,3.9093581062860125,2.529049344180221,1.4497337259835983,30.523545007028876,39.8856113355205,30.04392895607767,20.367248746078847,1.5622993386063608,1.879850476409484,0.9768683054359534,0.382550858803072,0.7576073747523125,0.5137390765758958,0.568298709247763,0.480113122097888,17.0,
TabPFN-V3,0.7,20.0,0.05,1.0,clip,200.0,12500,1,2000,5000,1.2547423252491827,1.2547423252491827,95,267,2,2,3.7430002061629275,4.8241405904726005,2.9859579784986092,1.725943539979287,37.870828620853416,48.59323623649714,30.008948799925342,18.18155797226739,1.817766699566189,2.3550198346119307,1.461525578473057,0.7976424511517095,3.1100908140836343,3.887340790623497,2.519231394514003,1.4653542502739536,30.562510949875062,39.5242687648389,30.03520319069224,20.89143397234783,1.5614332657514327,1.8769753207068458,0.966988743007645,0.36948201579397816,0.7135219462142648,0.47768027864767865,0.5922775791679137,0.5003274018289795,17.1,
TabPFN-V3,0.7,20.0,0.05,1.0,raw,0.0,13500,1,2000,5000,1.2796906569126407,1.2796906569126407,97,258,0,0,3.7049035587348174,4.80932058783857,2.9956917628718913,1.7374588204668426,39.00737879777143,50.601294640705646,30.856916907157856,17.134186182586536,1.7841868544599446,2.3178972842452117,1.4798343003611825,0.8997625616252396,3.5129682305826426,4.378703986627443,2.0979654045787366,0.9350594557745852,32.79631718787203,39.05247677238358,11.825002833557216,2.386220341194254,1.9197366761792982,2.4921933626871042,1.5687423643686045,0.8561055315994958,0.7269471406929047,0.5463854467922462,0.5341220237363036,0.3006238067886597,17.8,
TabPFN-V3,0.7,20.0,0.05,1.0,clip,200.0,13500,1,2000,5000,1.2796906569126407,1.2796906569126407,97,258,3,3,3.6971243886605807,4.801423057300908,3.0257491511408703,1.7882972099992733,38.88920940154562,50.36235324702104,31.74028676819141,18.506523707292462,1.7824137321181222,2.322570254907868,1.4634651559491707,0.878701588678809,3.509108339766434,4.4009870260901724,2.1928728541677223,0.8719666457902467,32.75673702933118,39.30357586262452,14.037338288022823,1.7850552348274824,1.917820233079867,2.5020271104794896,1.5484460127643873,0.8222878486642226,0.6131976898248599,0.45028901259798926,0.5713658406391815,0.3179758720506143,15.6,
TabPFN-V3,0.7,20.0,0.05,1.0,raw,0.0,14500,1,2000,5000,1.1932681320300267,1.1932681320300267,103,236,0,0,3.4081910386243495,4.44602969906116,2.7882154051709556,1.5703603258577346,36.12322124346366,47.07595091024735,29.07630376785044,15.924033035808884,1.7875472249505298,2.3342200001023157,1.4859507423681941,0.8593051706208601,3.5226495146909147,4.509774823938847,2.404935287284353,1.382460621495281,34.00513795170887,40.70224526117036,12.946431340597968,2.1289030694145104,2.0126018087429216,2.716864869449629,1.882728513862436,1.3454832038401725,0.6869780986673745,0.5528309265262579,0.4991261847773923,0.3090660192295688,11.1,
TabPFN-V3,0.7,20.0,0.05,1.0,clip,200.0,14500,1,2000,5000,1.1932681320300267,1.1932681320300267,103,236,5,4,3.401912107365158,4.415346515731185,2.7668718018622505,1.5876727417780592,36.03027852201754,46.43658886940156,28.98396778452244,16.59739495837151,1.7855614621388851,2.333689673693778,1.4681239740058678,0.844118072778048,3.516845635217699,4.460575461401183,2.4448517792086553,1.3461769298891413,33.91917929838218,39.515219265123676,13.867315866840679,1.870288400390576,2.0107686527435558,2.724031393878406,1.8790034322982527,1.3202133893689194,0.64564343500659,0.5576073757778749,0.5326070827971308,0.3322624865765986,15.3,
TabPFN-V3,0.7,20.0,0.05,1.0,raw,0.0,15500,1,2000,5000,1.2167005581617019,1.2167005581617019,88,253,0,0,3.587034286556997,4.7921304744732565,2.9162509738000058,1.5144721935971708,37.47661552909622,51.19558534889499,30.10115726455452,15.126876496000078,1.7808274076097823,2.318973937033042,1.4673819425042631,0.7889743447435925,3.588082176708984,4.599847181498393,3.099978989768043,1.4745441943527424,32.80458481548942,39.33982574618821,22.89084381540198,5.467708262224006,2.0309355224828516,2.7483168303573513,2.045188848439754,1.261721251615976,1.3366676471171117,0.9979918131573098,0.5769779671794238,0.46778019222304146,16.5,
TabPFN-V3,0.7,20.0,0.05,1.0,clip,200.0,15500,1,2000,5000,1.2167005581617019,1.2167005581617019,88,253,10,7,3.586686142605543,4.632523445791521,2.8200551075834834,1.5226697640940223,37.55325784747888,48.26049166021822,28.923606822354053,16.242912006764204,1.7763759169192241,2.307291518627006,1.4288188354459326,0.7381276770083777,3.5895387146691644,4.469869511112422,2.7719096041003084,1.4078246908433865,32.904004078477456,36.933368145963016,17.12365644153495,4.261279400016488,2.027170958814204,2.739668298848423,2.007007149945902,1.255744631559461,0.8668635802408752,0.6211889180767249,0.5982768321948201,0.635768677563416,17.7,
TabPFN-V3,0.7,20.0,0.05,1.0,raw,0.0,16500,1,2000,5000,1.2775693201123342,1.2775693201123342,103,268,0,0,3.6145677883288814,4.809753527861311,2.938153494256394,1.5448108812238701,35.81705418574571,48.786638217292534,29.12701930826966,14.653024187908144,1.7907583304870154,2.319093110116686,1.4549294794306216,0.8024184116145325,2.975854823487132,3.855344050743186,2.3595123849211306,1.15235781358503,25.395682348689384,33.73247098764252,21.1436003116713,9.367402288549508,1.7060928250183653,2.1632328886364616,1.2956629419014676,0.6870932490688677,1.1995839256134215,0.866879785378029,0.5740885331255978,0.42531513417643707,17.1,
TabPFN-V3,0.7,20.0,0.05,1.0,clip,200.0,16500,1,2000,5000,1.2775693201123342,1.2775693201123342,103,268,9,8,3.6004051170998967,4.650326616570355,2.870620915016262,1.5894867427637451,35.64927121424096,45.80559390503345,28.172027627260352,15.9797847649279,1.7852960482001068,2.3194703965136965,1.437658742809708,0.7744825437062656,2.9588139684998205,3.6285685941979327,2.0236389497442744,1.1931762740010106,25.135617182297107,29.567455837891384,15.071435589968829,10.569137048207633,1.7028158152247417,2.159502283692894,1.2846682186411085,0.6621624347179641,0.7138527318575603,0.5088882441845158,0.601089361526213,0.4936800099927596,11.1,
TabPFN-V3,0.7,20.0,0.05,1.0,raw,0.0,17500,1,2000,5000,1.163515594798851,1.163515594798851,102,250,0,0,3.613724177570027,4.707526594188983,2.879941889022572,1.6605714847408195,38.80049732480032,50.49589268542177,30.224455491250666,17.161663402364407,1.7617887487684325,2.2976125893872568,1.4407569625895142,0.8447245417079992,3.0260355390322053,3.5221161015950173,1.7272821675149905,0.9121150400698483,28.721467250732204,28.756400677852692,8.506223366507065,2.5065450898996233,1.6736443963111525,2.1939958607393493,1.3704957886206712,0.828197669026176,0.8805215524498702,0.6288445694917947,0.5691817561921277,0.3344506522214249,14.3,
TabPFN-V3,0.7,20.0,0.05,1.0,clip,200.0,17500,1,2000,5000,1.163515594798851,1.163515594798851,102,250,4,4,3.6107975138248105,4.679803681325296,2.880101343871887,1.704772475543526,38.76366582998649,49.98769641517564,30.34464894882302,18.21869440676573,1.7606465498163,2.295177747964752,1.4345988383481434,0.835618689689726,3.028370806516588,3.506070524901554,1.6453745441037608,0.883065267075881,28.790868534422323,28.528530322525118,6.952842627289772,2.0395408513742317,1.672449873468918,2.189098956605577,1.3660341186729184,0.8221981310601781,0.7855871898026932,0.5664210732046402,0.5742003351386322,0.3484192618118495,17.0,
TabPFN-V3,0.7,20.0,0.05,1.0,raw,0.0,18500,1,2000,5000,1.3397387363002493,1.3397387363002493,112,270,0,0,3.6343053908703618,4.757815129962638,3.0097351340570344,1.6790622218215934,35.99826935878313,47.071384102900346,29.384965157596426,16.439386610255887,1.7868909571840088,2.3424528418668276,1.5041723208740245,0.8365067070483881,2.723172504316321,3.3588638262306545,1.8013939762066111,0.7456808275899197,21.431695143280383,24.73927481528445,10.493249922493922,2.69579746218065,1.6552441507179496,2.1384175329865682,1.3052415226130436,0.6343633875604276,0.5664066666297485,0.4140522308737824,0.4971797654165951,0.3748575540619937,16.7,
TabPFN-V3,0.7,20.0,0.05,1.0,clip,200.0,18500,1,2000,5000,1.3397387363002493,1.3397387363002493,112,270,4,2,3.6329611648057414,4.749020048799829,3.0280614723504433,1.7143907808783114,35.988272548130396,46.88715372936945,29.849328433479258,17.090291073538193,1.7860406418675472,2.3436720374353897,1.497037776894888,0.8366966838343008,2.719877528994627,3.332260384760909,1.7520734486345806,0.6894029286182196,21.386603658815098,24.243113687330087,9.823250401812244,1.6468464394561817,1.654335022641239,2.138617595819328,1.2913508741402955,0.6347497049551646,0.556983964133462,0.4255853647613077,0.5136215217953451,0.39417813049157246,17.7,
TabPFN-V3,0.7,20.0,0.05,1.0,raw,0.0,19500,1,2000,5000,1.5140924212540858,1.5140924212540858,95,254,0,0,3.5392631470712215,4.570078220470144,2.832592455953617,1.5779741812680113,36.24271691458194,46.72637267456148,28.498906761098684,16.002991120322267,1.7890150946170031,2.3139259256241265,1.458963329635276,0.8059652679684367,3.1149366400096814,3.767731663490922,1.7817697498692207,0.5513809960281807,31.26964698537809,36.33111305275109,13.615540363317347,2.2268498626017212,1.6081316615597072,2.024980109999122,1.1484411076829957,0.4617119922124035,0.7352922686321817,0.49845126877044155,0.534324975910024,0.37617430699869747,11.2,
TabPFN-V3,0.7,20.0,0.05,1.0,clip,200.0,19500,1,2000,5000,1.5140924212540858,1.5140924212540858,95,254,2,2,3.538118856479395,4.57839825607832,2.837785254816619,1.6188702175117475,36.269720059008414,46.772907348538695,28.744869613397217,17.01907041981725,1.7863643884131557,2.32020076145444,1.4512704155668368,0.7946707123736104,3.121693712760657,3.7665774094965485,1.7231615865170926,0.5547832728935174,31.441156450625165,36.18103417890503,12.557267958333577,2.326186784161778,1.6060713917708582,2.0317961158956725,1.1433337275956033,0.45997996655931206,0.6888726236710241,0.5103730512907021,0.5486244540910997,0.4070790718691538,12.8,
TabPFN-V3,0.7,20.0,0.05,1.0,raw,0.0,20500,1,2000,5000,1.1972216240109854,1.1972216240109854,95,271,0,0,3.6677694307235216,4.735432285697608,2.9089909019238616,1.576418143046621,36.44214957426932,46.86762298960725,28.464801203708273,15.493514858118315,1.7896013150752004,2.3210056245092994,1.4444900366704092,0.7788852164692414,2.370482050803973,2.6667293410158797,1.219894932730775,0.46118274797833037,17.7381808734776,17.758034013786958,6.650745431253384,2.7085221021011203,1.489820942547565,1.801907271588736,0.9086746990450854,0.3323967541176249,0.8895023828598433,0.7014298824773906,0.5993674500784417,0.4661354865637148,16.2,
TabPFN-V3,0.7,20.0,0.05,1.0,clip,200.0,20500,1,2000,5000,1.1972216240109854,1.1972216240109854,95,271,3,3,3.6645204338010045,4.740905917365844,2.899901996876846,1.63284893638974,36.396038840615816,46.90507675139761,28.459519178133995,16.52069625198635,1.7888085521670831,2.324646603341187,1.4351829746478995,0.7796861910891094,2.3707982386729296,2.666201598492407,1.246999622977338,0.44014745822485946,17.742800217196027,17.660425399603042,7.282069466222249,2.3165754459267944,1.4898905338347486,1.8069428439775024,0.9011540049778937,0.3326169053241988,0.8541153934530905,0.676630949837287,0.6332628250467085,0.4838096547675774,17.1,
TabPFN-V3,0.7,20.0,0.05,1.0,raw,0.0,21500,1,2000,5000,1.7607523883819804,1.7607523883819804,100,242,0,0,3.448766183993735,4.476311707383077,2.8029949617985115,1.5136526962794037,36.11690352196349,46.92789384406678,28.85829494081653,15.907344724647775,1.7872089675606369,2.3171517920662503,1.477777938906044,0.7815649554502431,2.4824234340229,2.8728383567205404,1.507838919551523,0.6256638616213835,17.88924819529603,16.864763042096502,5.5067707573702185,2.2002840144380538,1.6988060333864776,2.1611851886118854,1.3044464217053433,0.5455759934033015,0.7735972761399186,0.49197019896373806,0.5420821883935937,0.49869703680165733,18.1,
TabPFN-V3,0.7,20.0,0.05,1.0,clip,200.0,21500,1,2000,5000,1.7607523883819804,1.7607523883819804,100,242,4,2,3.4489838810569062,4.47926941571558,2.8315068528026264,1.5540837782046841,36.12513848873137,46.72717184298246,29.677605319668565,16.61521427697368,1.7870188926043584,2.3304689980193656,1.466068469241979,0.7880489777208469,2.48932784273643,2.8961303030508136,1.4641860011310732,0.5933344582355762,18.01170260448487,16.997702329874578,4.904270746597403,1.9961047612460663,1.6998333718782705,2.178900284032035,1.2892174201300537,0.521987166657489,0.6576495144403952,0.5458834996378428,0.5670847011224929,0.5153118855656014,13.5,
TabPFN-V3,0.7,20.0,0.05,1.0,raw,0.0,22500,1,2000,5000,2.37528072237276,2.37528072237276,98,229,0,0,3.3892994474239693,4.363586665777558,3.027017254565666,1.8802194679094106,35.433254436538405,46.289733842796174,31.13102599596004,20.718701736138605,1.8512433391642318,2.351201902931768,1.6780719597051938,0.976003907350935,2.9609999384859504,3.632824640737336,2.500133843197283,1.50228294796999,24.418067364275895,27.63459872839508,17.679756201310283,14.148786346497516,1.9310966812011254,2.4807797306401604,1.7715374231579037,0.8952719904636384,1.083636091215172,2.612490443048223,0.3033723238229374,0.16332274436968627,11.0,
TabPFN-V3,0.7,20.0,0.05,1.0,clip,200.0,22500,1,2000,5000,2.37528072237276,2.37528072237276,98,229,6,4,3.3103634706615774,4.3211702846146025,2.698562285474543,1.5157664325059108,35.09881122265153,45.58808989345268,27.488997085060408,15.519580497163203,1.7845712813499666,2.3404273396504607,1.5086629836289838,0.8436068389602137,2.894115596514155,3.608489040368773,1.9964869354474315,0.8691716024125066,24.167329983056707,27.21868684023796,10.845530822339008,2.6026911023355574,1.8730369768289226,2.475239135491379,1.5717476669296844,0.7859655731770467,0.8992119618174634,0.7660124352134204,0.45379288372024607,0.2897657824298926,17.2,
TabPFN-V3,0.7,20.0,0.05,1.0,raw,0.0,23500,1,2000,5000,1.1021969735403065,1.1021969735403065,117,233,0,0,3.461154587449415,4.514518055607335,2.894847673246556,1.7145095849714387,37.18760101081832,48.060710817089415,30.280082718314123,17.906426115737897,1.8126834280944844,2.3860802722162457,1.5563203467307718,0.9230859324292559,3.127706586237056,3.8403916843582664,2.0813688748010266,0.7840196085985637,31.56083256451386,36.28046110369317,17.21141875982574,2.060984149945181,1.7379607601538807,2.2547956753997953,1.3418468225227054,0.7216045177376946,0.5801461782771116,0.39636450244826094,0.469832552166527,0.26794189915108374,16.9,
TabPFN-V3,0.7,20.0,0.05,1.0,clip,200.0,23500,1,2000,5000,1.1021969735403065,1.1021969735403065,117,233,4,2,3.4602098120190874,4.512749507070686,2.896030577344151,1.7171552441689804,37.17060456099077,48.008404434797015,30.3445975497243,18.037548827534575,1.8125232216036478,2.386781896800026,1.55440773183029,0.9194519286824727,3.126049026347354,3.8462242056501825,2.0757752446279776,0.8006689678957145,31.52570964271959,36.37843630945433,17.160579924105402,2.5588787747780546,1.737938910212525,2.2561244741237783,1.3384646739717492,0.7147317149056609,0.5841869181996175,0.39910327769090037,0.4706405077764375,0.27223062235236434,17.2,
TabPFN-V3,0.7,20.0,0.05,1.0,raw,0.0,24500,1,2000,5000,1.8349991840701043,1.8349991840701043,93,262,0,0,3.5096790410755982,4.52509123485906,2.8318445728916193,1.57014968921437,34.8961800123423,44.695755246168446,27.529134905674386,14.520687747865027,1.7740810557501703,2.3037501688052267,1.4661438411083592,0.8540160945823583,2.9438183954038,3.4255094336808063,1.7903595840141948,0.6609495508908448,25.028432600805033,26.20755303983517,11.65100938872145,3.0229408186100364,1.7225923671608447,2.165717237646099,1.2450893753115142,0.5303371169224134,0.9037880147249309,0.7841978743532583,0.5738606638777635,0.36448300251208154,15.9,
TabPFN-V3,0.7,20.0,0.05,1.0,clip,200.0,24500,1,2000,5000,1.8349991840701043,1.8349991840701043,93,262,6,5,3.506438130272615,4.5366490243383595,2.8240532746501987,1.629964178952406,34.83229430007064,44.6438384391271,27.440958513421727,15.735540149674078,1.7741936565522511,2.3188179507472557,1.462797645152913,0.8499597668947702,2.9384872454842976,3.436451647200139,1.7241433647600428,0.6112107719544835,24.94327176613459,26.112670550182496,10.547277767163454,2.128614793964878,1.7216756067315795,2.182511302628299,1.2362452614612471,0.5273019805305231,0.8339396380569508,0.6249851911431767,0.5568427973181728,0.36961402297416573,11.2,
TabPFN-V3,0.7,20.0,0.05,1.0,raw,0.0,25500,1,2000,5000,1.3499728803809021,1.3499728803809021,108,258,0,0,3.6101222802985125,4.757505193304643,2.9664031298746134,1.5982339717982743,36.89864319535685,49.32856521789669,31.603629426631876,17.497343854801347,1.798979640887916,2.3325086757287785,1.4083254443909836,0.7332043746209667,3.8569789099181375,5.183054583424001,3.2930677743656283,1.5346271338866124,43.79180035799315,61.321226037249865,43.00944594036467,23.36110783228397,1.6842281858347652,2.128721341102813,1.1322019863378447,0.34710456531079614,0.49593067741848873,0.3823868254246508,0.7423937169130364,0.7217132605878838,15.6,
TabPFN-V3,0.7,20.0,0.05,1.0,clip,200.0,25500,1,2000,5000,1.3499728803809021,1.3499728803809021,108,258,2,1,3.6050325758594903,4.727867745212774,2.945068324938059,1.6143042490122643,36.80559290496185,48.66644384340951,31.170596816672766,17.609686348605273,1.798675645258814,2.3372830481788727,1.4093900560920967,0.7440367286210801,3.8502031014378035,5.159207589009404,3.337777383837153,1.6030283833205616,43.66155956017385,60.77719214475672,43.84381326188178,24.637658462602076,1.6841697892585759,2.133176375305733,1.1339483546225784,0.34977352029765363,0.5036548128381308,0.41124279564147426,0.7375068393223736,0.6632902038869152,16.9,
TabPFN-V3,0.7,20.0,0.05,1.0,raw,0.0,26500,1,2000,5000,1.1852070689751983,1.1852070689751983,105,261,0,0,3.488774245350252,4.54937922413368,2.771653329743594,1.4951765034958189,34.859503475504944,45.4907777205194,26.99590851645371,14.492732085076472,1.7610341463693753,2.2945353736258345,1.4375046477998632,0.7793372954788215,3.2695993050737204,4.04002608625734,2.4030824419046226,1.1218686227426604,30.250763854195736,35.16653040129157,18.38345660876921,3.9124818137527826,1.7836140872385553,2.325736652574298,1.5229647678063616,0.9681758515137847,1.0141171285521686,0.8070528548224672,0.5412620740304983,0.4352190811202235,17.0,
TabPFN-V3,0.7,20.0,0.05,1.0,clip,200.0,26500,1,2000,5000,1.1852070689751983,1.1852070689751983,105,261,4,4,3.4887385855513466,4.522105898673997,2.775372285521829,1.5211329903426343,34.870948133911966,44.939652701060965,27.370579110470647,15.427391897386777,1.7603662090748493,2.296113133233399,1.4207934753695513,0.755247028169492,3.2670702459572034,4.004056944168964,2.3167943549209866,1.2064871364020526,30.219667080052616,34.52735718514921,16.918209748177357,5.660196219850311,1.7826583924651371,2.3229889207682795,1.5126227116122897,0.9611995080458603,0.7605171702440146,0.59601312439434,0.5588602134572147,0.5208793472587024,17.8,
TabPFN-V3,0.7,20.0,0.05,20.0,raw,0.0,7500,1,2000,5000,20.000000000000004,1.269281951206016,101,269,0,0,3.5566256119241704,4.645678731297079,3.2331825991448744,1.9258325033773276,34.458596692533185,45.82650786008688,30.412078126786966,16.990998363305184,1.7995699744936424,2.304177349846126,1.68781737045417,1.0692420116587493,3.0492229624955063,3.68035015326499,2.0742786556976944,0.817938283885961,29.323373145445274,35.781682115261184,16.733419356629405,4.166803797620915,1.5553006629365358,1.8551000374803832,1.2407743545878596,0.6275250893827476,0.45841577081665913,0.3484521125142146,0.36192683807996984,0.13154221874115118,16.3,
TabPFN-V3,0.7,20.0,0.05,20.0,clip,200.0,7500,1,2000,5000,20.000000000000004,1.269281951206016,101,269,5,3,3.494413306064399,4.5567107486013105,2.869135891326007,1.6332328440943797,34.230558972150604,44.4845073325211,28.16372691711468,16.023588381568903,1.7467863383668323,2.28645556342388,1.4309103605846936,0.8150114026273224,2.9805438302108023,3.5545959623149668,1.704241790189959,0.4841396756736314,28.968891235962275,33.66520580384934,14.06947667028396,1.705690099497839,1.502871995049706,1.8425363454532584,1.0011667145726928,0.4146835217931175,0.6100687818449628,0.4907793691891872,0.5602291653067812,0.3618266054174917,11.1,
TabPFN-V3,0.7,20.0,0.05,20.0,raw,0.0,8500,1,2000,5000,20.000000000000004,1.6629626682040533,98,276,0,0,3.808425271075001,5.010211126820048,3.2154594607333675,1.9989268482266649,36.73518323264314,48.70949524805421,29.81500202601951,15.788634092550591,1.884677346140029,2.4570776768918874,1.6613794971391733,1.1932623267547335,4.01778357365484,5.353858884423828,3.4674009079524484,2.8540030489674026,27.366182135266662,31.319043921501923,9.140581395423844,5.103668540535479,2.653651904940855,3.8368412997003842,3.135944977693747,2.7225661997563972,0.846095322540684,0.9313345434556687,0.4905126065822752,0.14712025133871062,13.1,
TabPFN-V3,0.7,20.0,0.05,20.0,clip,200.0,8500,1,2000,5000,20.000000000000004,1.6629626682040533,98,276,7,5,3.7041072060010753,4.80344263209198,2.9766285328204294,1.6823713719230204,36.490375425692,47.394473571102814,29.350102272828796,16.603608936060027,1.788567403157151,2.3150589447153944,1.4357566546997038,0.8105971196576067,3.9025370103798327,5.09145795951811,3.247359409382136,2.33670066552366,26.967378213335543,29.346518646991797,8.661528450907527,2.2546648229194926,2.554972198352785,3.674354498522611,2.931036239301482,2.341493614837536,0.8093797330084825,0.6755973739809552,0.6635928280934744,0.4474462295647563,16.4,
TabPFN-V3,0.7,20.0,0.05,20.0,raw,0.0,9500,1,2000,5000,20.0,1.3203105384328482,113,238,0,0,3.5206583596986603,4.564190074055739,3.1474841149880803,1.9202527082159278,36.78360448041286,48.34806116396382,32.72986721712568,18.38525349592823,1.8582095615613266,2.375915962464365,1.6689861775019927,1.0973484269316927,6.072845789686419,9.15533427613032,8.216103204309471,6.232147495396834,89.64310973156877,144.07574153309304,138.76855848728695,109.99235020612151,1.8960875330362734,2.4121471851691423,1.691221986890606,1.0463162805391095,0.43689763902934664,0.31333647702431405,0.4309821074641962,0.14795456697086767,16.9,
TabPFN-V3,0.7,20.0,0.05,20.0,clip,200.0,9500,1,2000,5000,20.0,1.3203105384328482,113,238,5,1,3.4325051960519706,4.463359500333955,2.7842692653948014,1.5354068039740418,36.66380914951128,47.60243082820388,30.075692641119677,17.168018867056247,1.771637841805159,2.307311836320295,1.420271205037279,0.7541044791076907,5.989448560913933,9.053542481693368,7.700044121124255,5.906711494653222,89.48778777281109,143.1012391802566,134.38469287551337,110.20747479133293,1.8162850303739249,2.353972592096968,1.3684720078221524,0.6938636020430234,0.5977566543423847,0.46399855751249125,0.64037436720279,0.6366240554472498,17.8,
TabPFN-V3,0.7,20.0,0.05,20.0,raw,0.0,10500,1,2000,5000,20.0,1.2584128331965998,107,266,0,0,3.6035092794503805,4.672666954268518,3.025682440166163,1.8501904123864201,34.59234079346684,45.0400041734726,27.305873394478052,14.563959626646607,1.8622694858871407,2.4044557797209296,1.6613962564215576,1.135813012514597,5.018945305032481,7.119570191579423,5.671352984027131,2.0032387678256467,64.03023520035876,95.864049992835,82.18394361533461,22.15834077857732,1.7031440561611702,2.133082733376214,1.3721664382037688,0.8707383168624135,0.8398554820561079,0.6916507296993415,0.43933051716079263,0.13897185210581015,13.6,
TabPFN-V3,0.7,20.0,0.05,20.0,clip,200.0,10500,1,2000,5000,20.0,1.2584128331965998,107,266,4,3,3.527596858261124,4.543232486148878,2.7998733288471027,1.5348212333478357,34.547151061029275,44.23033708532971,27.076391796719054,15.112436220891045,1.784630779271617,2.313243085349956,1.4357934994313994,0.771904970845408,4.945139889768547,6.952642972416812,5.466699560836634,3.8673527403142898,63.85777583317773,94.36091543319486,82.01559379640597,63.22546925046811,1.6348819343509624,2.0412360280638437,1.1654731420234858,0.5320635574454871,0.8075865615379323,0.6703111763351142,0.6253862180379064,0.5347572876170141,12.3,
TabPFN-V3,0.7,20.0,0.05,20.0,raw,0.0,11500,1,2000,5000,20.0,9.449392083690748,103,265,0,0,4.599061215352597,8.28497019531851,5.710361538019565,4.168443933274731,38.30129578483537,54.276751590708045,78.4130490732932,64.2192883534038,2.7128749089295905,5.710984541722264,1.6414677266473334,0.8076258189486066,4.416854865996454,8.075553072240858,5.111099637153921,3.5743459101916604,35.183040658762536,50.795961237753346,68.67544073834229,55.13341797410924,2.6949880792840974,5.684653776810909,1.553644432969145,0.6887801030241507,0.292743183307366,0.7002300789100501,2.5432853558544988,0.7212599210556785,16.4,
TabPFN-V3,0.7,20.0,0.05,20.0,clip,200.0,11500,1,2000,5000,20.0,9.449392083690748,103,265,8,5,3.6515343878113904,4.740225841035906,2.9199565364990727,1.585118051356092,37.052701609237545,47.957688522733235,29.15721079714191,16.50356529108136,1.7821976795372765,2.3215082886283462,1.4515568788284599,0.7501891139691444,3.426672539287751,4.4177823425909315,2.1185280830537265,0.8503095825257405,33.643763756216956,42.88165244068949,14.459443940585086,2.37490997302519,1.7355364944120928,2.2651053466044235,1.4278538059162795,0.7649834783056024,0.8357078369847182,0.6376520487789284,0.5902423272661069,0.6528533914374687,17.1,
TabPFN-V3,0.7,20.0,0.05,20.0,raw,0.0,12500,1,2000,5000,20.000000000000004,1.2547423252491827,95,267,0,0,3.7625939221438385,4.870306324004728,3.2901865716312466,1.8143670002105472,37.82695251484906,49.283856902931554,32.47724741058041,17.796995733483353,1.8409409020186966,2.364830303600448,1.6436737374881183,0.9127481809027429,3.1078395237538965,3.821153249329912,2.6641740583398885,1.703601429840916,30.22952882544655,37.99838209098202,29.05372756749357,22.63066902460879,1.5778393032696498,1.8931329449307757,1.1754753921780385,0.5230548319531015,0.46218234746175524,0.3198446223064907,0.36525073415383064,0.3544256345340572,17.9,
TabPFN-V3,0.7,20.0,0.05,20.0,clip,200.0,12500,1,2000,5000,20.000000000000004,1.2547423252491827,95,267,3,2,3.74122498875213,4.830471559548678,2.9716461698222023,1.693991571399648,37.83622937143309,48.678394577501486,29.71320864642552,17.802058511032783,1.8178431653471399,2.356903960606484,1.4630898247444326,0.7852964788828415,3.1030352744182217,3.9114734653089283,2.524323638395643,1.400834127133047,30.43759428026682,39.91597356696578,29.97461262240693,19.75058192430973,1.5610265580519476,1.8803723609052976,0.9757863135000133,0.3656803849301783,0.784295779089567,0.5249953063221131,0.587241859998954,0.5351985816437199,13.4,
TabPFN-V3,0.7,20.0,0.05,20.0,raw,0.0,13500,1,2000,5000,19.999999999999996,1.2796906569126407,97,258,0,0,3.773254177372284,4.90581052726362,3.3110538046919458,2.1831907714294094,38.828875399869865,51.35428958586242,33.26962944927691,18.95455148162672,1.8659681640014758,2.3786684781032474,1.6810849062729403,1.270704254510197,3.56556330570885,4.450603187431395,2.4582281537855337,1.5207310225518573,32.651745266579425,39.52470678480555,14.147484690969813,4.592774649826804,1.9830590994868744,2.5423115956721087,1.8222458284811165,1.353589045361445,0.5490532476597271,0.40955353328530175,0.41999238645535086,0.11803251504027454,11.6,
TabPFN-V3,0.7,20.0,0.05,20.0,clip,200.0,13500,1,2000,5000,19.999999999999996,1.2796906569126407,97,258,4,3,3.6976942479278923,4.794207196936727,3.00959212137523,1.754344022320192,38.90299234012193,50.232244677403976,31.452602663157254,18.160866412168968,1.7822647017899624,2.322040670163097,1.4620812146312898,0.8617074182331013,3.5098620577006527,4.405806748008584,2.1646938860169445,0.8439918553319283,32.775249734632425,39.42017943318148,13.522360178385954,1.9205504946669176,1.9176077302758527,2.500764961257297,1.5467525314342356,0.7854190740269038,0.6417310425121561,0.4858035370235446,0.5719160902478715,0.3346846029704911,17.0,
TabPFN-V3,0.7,20.0,0.05,20.0,raw,0.0,14500,1,2000,5000,20.0,1.1932681320300267,103,236,0,0,3.4417281798148114,4.496961180552919,2.9916459379065903,1.8406140989870141,35.9687092557519,47.9068009645146,29.792395148714395,16.760788828795828,1.830399982098364,2.3465157168638004,1.6639849778413842,1.1014954515825472,3.5578587088081988,4.563561905499991,2.5960889777640253,1.7492693831787998,33.875610700913604,41.80809688750022,13.89375657070906,5.134944725214688,2.05597175034118,2.7185345638223986,2.036422824964901,1.581549110147635,0.5693858755175756,0.39345276171225685,0.3683899041491977,0.12037604204476801,16.8,
TabPFN-V3,0.7,20.0,0.05,20.0,clip,200.0,14500,1,2000,5000,20.0,1.1932681320300267,103,236,6,4,3.4042900967316965,4.416149402222725,2.7637696440370774,1.556492564529979,36.08022654286418,46.443992348402325,28.95912063803535,16.403671981286646,1.7855829176201794,2.3341655786924185,1.4660990238474065,0.8209899737754507,3.519982448670706,4.460264750100117,2.435785988066781,1.3362651994052572,33.98650808524875,39.50295618403601,13.701738412006438,1.9707129031350892,2.0107255111743965,2.7243127815004367,1.877690947754069,1.3048358001440816,0.6700693738660207,0.584549581906274,0.5345778280089064,0.3723906606969061,16.7,
TabPFN-V3,0.7,20.0,0.05,20.0,raw,0.0,15500,1,2000,5000,20.0,1.2167005581617019,88,253,0,0,3.862760329823667,5.1616503520034565,2.968115546563933,2.0295987587811806,38.13649196972036,50.33064450631338,30.516908052912918,19.705398330856525,2.0360794566629625,2.754286644179482,1.4998525374831886,1.0875348675372238,3.834073192466204,5.038020649633357,2.984129525699627,2.095479347556254,33.20792417916999,39.26429586089716,20.68041575088228,11.160640975909784,2.26854037181399,3.213869053161956,2.040973761012202,1.6123350686488507,1.3757140570125734,1.1817267913141742,0.7686317417477786,0.20459221428063368,17.6,
TabPFN-V3,0.7,20.0,0.05,20.0,clip,200.0,15500,1,2000,5000,20.0,1.2167005581617019,88,253,11,7,3.588272895326014,4.636656677846797,2.8195469475250166,1.5167443278385948,37.582980417920126,48.366024456709994,28.897264778227562,16.195280142750388,1.776463120053987,2.3060204764454078,1.4296875392318336,0.734425060686144,3.58591561448329,4.458604010749762,2.761651558341248,1.441678572594675,32.84207059375202,36.75910388738832,16.920940760580343,5.441074906912255,2.026655616641498,2.7370901138065227,2.00700648394342,1.228523469880888,0.8654867976133551,0.616516704052254,0.6042527979044805,0.6960304838890653,13.5,
TabPFN-V3,0.7,20.0,0.05,20.0,raw,0.0,16500,1,2000,5000,20.0,1.2775693201123342,103,268,0,0,3.720371291602294,5.103420274654314,3.0905455635296204,2.0907088334706825,35.862797407390005,48.055593337757514,30.670404106011432,18.772560315194525,1.8999633881722213,2.6707950884937772,1.5285417407516988,1.1459209642606256,3.0891741870516047,4.1278044244850465,2.539625494958338,1.740109873131085,25.741032258232092,32.43710800812491,23.12715189816842,14.82630140905113,1.8062709826821273,2.524487991599272,1.3736371018771245,0.9989646213080561,1.3035533383839066,1.2108048397210516,0.7091525313455482,0.18817627910928053,10.9,
TabPFN-V3,0.7,20.0,0.05,20.0,clip,200.0,16500,1,2000,5000,20.0,1.2775693201123342,103,268,10,8,3.5980938590391847,4.646752337314181,2.8557383707541786,1.5597522338321166,35.61354554993194,45.78275457460654,27.98586845232711,15.75340412518872,1.7848772374924269,2.3169872063770813,1.4324765656270557,0.7558852205431122,2.9599196683069553,3.6302084917986894,2.038360591673636,1.1588616150750077,25.16052244071097,29.638471605620467,15.375874698518485,9.918026705071629,1.7025736110363978,2.157213032266941,1.282981517152414,0.662780413866408,0.7732359812461753,0.5465802225234789,0.6146974316682097,0.5629690913200033,14.0,
TabPFN-V3,0.7,20.0,0.05,20.0,raw,0.0,17500,1,2000,5000,20.0,1.163515594798851,102,250,0,0,3.693370668200886,4.737447275944876,3.1918605336369934,2.0026339929993706,38.9484319340349,50.51901637669703,31.935496474577754,19.05808290658787,1.8378411278938316,2.3278910074842365,1.6790375893769536,1.104978787021029,3.1290170396653565,3.6120750494775797,2.079761117709706,1.2050778098582517,29.245083752498584,29.529907763171124,11.524612503326582,4.254822020685757,1.754487212674134,2.2479785908621297,1.5826636763614494,1.0445649566568043,0.6557180170789684,0.40094004843744935,0.37713482284024014,0.1275522816689616,17.0,
TabPFN-V3,0.7,20.0,0.05,20.0,clip,200.0,17500,1,2000,5000,20.0,1.163515594798851,102,250,5,4,3.610284142555346,4.678594366428976,2.8758806671146973,1.67782813220555,38.75380570084736,49.96754151512009,30.29393429211413,17.999423326629294,1.7606251131715556,2.2949655691294444,1.432825213167359,0.8187968061832475,3.0320987643881927,3.506362245682745,1.656735350273228,0.8694659109658165,28.868006858624693,28.535529028579813,7.239561136200904,2.1339131771798963,1.6723141278494298,2.1890376781618466,1.3629024141717714,0.8029160548492859,0.8130076701420095,0.5907472760695808,0.5810452237362089,0.3723812549747907,16.6,
TabPFN-V3,0.7,20.0,0.05,20.0,raw,0.0,18500,1,2000,5000,20.000000000000004,1.3397387363002493,112,270,0,0,3.7040025291378935,4.833146487877894,3.3433992065216125,2.0379337310985486,36.047518371224754,48.002660648376846,31.874790853756604,17.53952046643384,1.8577553246213085,2.3689247493293273,1.7147574000198265,1.1530651436692614,2.7778686548722193,3.381570622512052,2.0277865809620654,0.9762832417231638,21.130687925800075,24.822395425676437,10.963561564658391,1.741250637544651,1.7302447218594246,2.157675760597806,1.5177106305185124,0.9326170267396963,0.4472499789213012,0.36019749086034475,0.36751247298387124,0.11873611941547967,18.0,
TabPFN-V3,0.7,20.0,0.05,20.0,clip,200.0,18500,1,2000,5000,20.000000000000004,1.3397387363002493,112,270,5,2,3.632784581388245,4.751566481096606,3.0192014960991354,1.6802263830292548,35.98798993460351,46.93745223442788,29.784182773385073,16.928008617870162,1.785870110908726,2.3434926643102543,1.491390725514103,0.8098455789262855,2.7179454678078088,3.328462515127971,1.7350405807794471,0.6759922494340214,21.357515993410196,24.17742031841889,9.593740273508432,1.7026716286651662,1.653953069940442,2.1383528730796524,1.2864467293974544,0.6173868726068735,0.559294333696005,0.4298416672501024,0.5233080722093175,0.44468191382493466,11.0,
TabPFN-V3,0.7,20.0,0.05,20.0,raw,0.0,19500,1,2000,5000,20.0,1.5140924212540858,95,254,0,0,3.6633559766975456,4.702759137862628,3.04891283668385,1.9911767460475178,36.410814086149365,47.171488935688345,28.922884640526874,16.3478414070704,1.9107528667521676,2.4298856931412356,1.66417014006014,1.222825961407861,3.22501957141488,3.8343573627303456,2.014140055176567,1.1696419110626004,31.181936609680346,35.760336587025165,14.36182612969473,5.871390857801574,1.7288002440403694,2.1257187780335736,1.3533072985546508,0.9180101722358621,0.7908492482178806,0.7543886926713701,0.45286390421168854,0.12499297660403129,13.5,
TabPFN-V3,0.7,20.0,0.05,20.0,clip,200.0,19500,1,2000,5000,20.0,1.5140924212540858,95,254,3,2,3.537561672145367,4.576716717702862,2.828917670904704,1.5975386103297788,36.256756832632895,46.73861249386216,28.6142486028217,16.772968417731832,1.7864711599743102,2.3202646470866672,1.4489189231788473,0.7853685363558807,3.1211620746365303,3.7588033890941603,1.7132596743680288,0.5484150448633818,31.42903205323657,36.04252952812054,12.455690951069915,2.303645396919183,1.60616018366215,2.031018635762365,1.1383381521846583,0.45447730583637524,0.7366567435330246,0.5507120456785684,0.5512309665078637,0.4268908191872428,16.2,
TabPFN-V3,0.7,20.0,0.05,20.0,raw,0.0,20500,1,2000,5000,20.0,1.1972216240109854,95,271,0,0,3.740591574225671,4.874514160097091,3.161439391690496,1.9382213928135437,36.60069703128198,47.870574076341455,28.844530595119693,15.11630568219972,1.8575108851027564,2.4105826233446646,1.689644569079096,1.1830383007383367,2.45405603281789,2.75303739980948,1.4426017888802083,0.7853461889520504,17.969997094729102,17.612566539011137,6.783752307505597,3.7372597714230045,1.5648997571194467,1.9014974554822124,1.1365219008388718,0.6161838753868931,0.87993507891823,0.7335926674418164,0.42602853271403407,0.13245294412297084,16.7,
TabPFN-V3,0.7,20.0,0.05,20.0,clip,200.0,20500,1,2000,5000,20.0,1.1972216240109854,95,271,4,3,3.664626932401557,4.736928544755481,2.895714791015932,1.6050011673325255,36.40278384485009,46.867331857707825,28.487175647249554,16.368421084660458,1.7885346246676697,2.322604311765402,1.4291709356470779,0.758968856570024,2.3695382595869834,2.6634688840094767,1.2378662403542755,0.4297373188572596,17.72281454048168,17.651194617681874,7.157578329945835,2.3938104681021506,1.489703649284073,1.8045825076455049,0.8986313119805577,0.317184173700701,0.8618167401693951,0.6951208389309784,0.6409566935605345,0.5496733372555382,18.0,
TabPFN-V3,0.7,20.0,0.05,20.0,raw,0.0,21500,1,2000,5000,19.999999999999996,1.7607523883819804,100,242,0,0,3.5851262989335484,4.634137960820605,3.1388557914641795,2.0502023907906572,36.34173913829362,47.689760475570786,32.02020739506135,16.104615169376164,1.9190690675074997,2.4442555210203643,1.669900960007577,1.3353709716192215,2.636858112708227,2.987712534512255,1.6296220993531174,1.2443158387117916,18.43565821945602,16.934862479359786,4.533387084244432,2.3836801472303772,1.833304177056069,2.278336686119421,1.481931656657931,1.1863658255420777,0.48848153049217,0.5471021364120521,0.45975222503204266,0.11989714060068099,12.5,
TabPFN-V3,0.7,20.0,0.05,20.0,clip,200.0,21500,1,2000,5000,19.999999999999996,1.7607523883819804,100,242,5,2,3.4487631699317585,4.48034947410531,2.830971567175691,1.529459862867018,36.131245183346266,46.766255439417485,29.76225180183059,16.472501737418312,1.7864763588249262,2.3296161316072967,1.461200693534143,0.7694312513408695,2.486601215035421,2.887558953130968,1.4571984946710028,0.5713857099787605,17.97431502491898,16.850410713426378,4.782708520877289,2.064128534691637,1.6988696593414694,2.1773844836077463,1.2880573794246972,0.49546226239983737,0.672079284885773,0.5580986214065937,0.5729247561640181,0.5744760772545282,13.6,
TabPFN-V3,0.7,20.0,0.05,20.0,raw,0.0,22500,1,2000,5000,19.999999999999996,2.37528072237276,98,229,0,0,4.305866131964952,10.06626757148376,5.3306881661623935,4.570893901294632,36.60829555174113,47.74207968272099,74.52014165268875,83.76109453124849,2.755403684442683,8.257891764845041,2.009710415499108,0.7698970569728061,3.9098199099658317,9.273372000123873,4.736560608086537,4.1471552958553355,25.81137229920275,29.002007602454363,60.322893431151975,74.07807501126956,2.858582119746748,8.326430572135257,2.068509839593142,0.7905884094940154,0.38185814240878757,2.0589324495394843,4.052685497422377,1.1503642079258647,16.3,
TabPFN-V3,0.7,20.0,0.05,20.0,clip,200.0,22500,1,2000,5000,19.999999999999996,2.37528072237276,98,229,7,4,3.310129893881068,4.3174323186951895,2.692808498498344,1.4833494801484646,35.098066450817846,45.553411385675446,27.546656268671434,15.439967618010588,1.7843622410748383,2.338174467859206,1.4998654803952967,0.8134552119509325,2.894092743853361,3.6029247546799184,1.985460405932457,0.8397296202217965,24.165315980426744,27.15682242892701,10.826071125097554,2.668525351640449,1.8731096960278935,2.4723771614284855,1.561125915324868,0.7519504916334772,0.8776250325306256,0.7846146059984419,0.46270809050127465,0.32792960010430505,17.0,
TabPFN-V3,0.7,20.0,0.05,20.0,raw,0.0,23500,1,2000,5000,20.0,1.1021969735403065,117,233,0,0,3.4942885263309154,4.51697492628874,3.2119980651622684,1.9714043593643598,37.14091922765535,48.43023970837914,32.371874677968485,18.418635142315182,1.8497185759620043,2.3705955064802526,1.7867303389646916,1.1675015331785952,3.156672281771972,3.8903569492945564,2.3677485841949455,1.2566092666011177,31.30745910429921,37.650866926697326,18.709338903439054,7.867122452130611,1.7807265444846123,2.240220841735327,1.5690092209929578,0.9335025805871948,0.42949296149727156,0.26936675171863533,0.3157931950199893,0.11810188624961238,17.9,
TabPFN-V3,0.7,20.0,0.05,20.0,clip,200.0,23500,1,2000,5000,20.0,1.1021969735403065,117,233,5,2,3.458093600285046,4.504750104712308,2.884753814729655,1.674799340753349,37.1320475379736,47.901731906757334,30.217494512219645,17.744005776349816,1.812188152942601,2.383605409961629,1.5487922912316126,0.8893734755353968,3.1222953922884167,3.8418224031912205,2.0698400561173496,0.7771939319021259,31.442568438605978,36.296593570782974,17.283368701927483,2.8238262967900045,1.7380655580547286,2.2555078065793315,1.3262377539411885,0.6771592474005788,0.595224929898321,0.42004922258383603,0.4745118337050905,0.29344531346110786,12.8,
TabPFN-V3,0.7,20.0,0.05,20.0,raw,0.0,24500,1,2000,5000,20.0,1.8349991840701043,93,262,0,0,3.6258832670607064,4.67996148328265,3.067523480283164,1.9587376196552133,34.89182856176276,45.88614506009116,28.55005275771282,14.898030848697585,1.89695172058288,2.4013586767980932,1.6584009242074844,1.243225837044597,3.049954514830597,3.5837422210110503,1.986306982196977,1.0547787169052993,24.897795706883763,27.757566390249178,11.64954441601655,2.830994659305483,1.84182146453133,2.24698790857112,1.4519532026147208,0.9565582490055845,0.6126332015704533,0.6114863001547065,0.44375132939690204,0.125769911190031,12.5,
TabPFN-V3,0.7,20.0,0.05,20.0,clip,200.0,24500,1,2000,5000,20.0,1.8349991840701043,93,262,7,5,3.506901543522351,4.534445140292042,2.827023097645106,1.606497723159822,34.84591090410948,44.63062093862516,27.50297047790347,15.597661987838205,1.7739297299989598,2.3172230931913096,1.4625025797836262,0.8328200031628324,2.9401027432097075,3.43343135397531,1.736185874859928,0.6069643620080418,24.97501969979194,26.097698164187808,10.766074256966391,2.1590358002622154,1.7216248532509602,2.18015193137597,1.2368547739498619,0.5211385458783261,0.7818890331622599,0.638582018225986,0.5583546311423249,0.39247404659344814,16.3,
TabPFN-V3,0.7,20.0,0.05,20.0,raw,0.0,25500,1,2000,5000,19.999999999999996,1.3499728803809021,108,258,0,0,3.6413953301407527,4.86375751466,3.466118660301753,1.8045353209789665,36.89730718526715,50.91411256635894,36.81452426288288,19.62037731238344,1.8320268656484267,2.3582763667607325,1.6517178493641893,0.8352212691480186,3.89932899851013,5.297580158923518,3.837261239416904,2.019694444251891,43.833983544602944,62.97937277523682,49.09819921740785,30.621710907468284,1.7265873551335071,2.159262467019504,1.3747302401925967,0.4635324350764736,0.2784666082033207,0.2646891406430189,0.38277040105435933,0.5576774372669768,17.1,
TabPFN-V3,0.7,20.0,0.05,20.0,clip,200.0,25500,1,2000,5000,19.999999999999996,1.3499728803809021,108,258,3,1,3.607603127487359,4.732578989971289,2.9384858012893784,1.5923171691024862,36.85522204925946,48.74877984217755,31.039345927370363,17.306671651110705,1.7986858601281852,2.337770930108527,1.4095904169517792,0.7373396371838612,3.853068870159621,5.165478910552661,3.3243159280247307,1.5689157111847767,43.72101092414168,60.89629282965098,43.52131255086182,23.909072304500203,1.6839568815625376,2.133308941947143,1.13730092830057,0.3534453608947344,0.5235941677084853,0.4383081213957549,0.7301017390144404,0.694983765114094,16.7,
TabPFN-V3,0.7,20.0,0.05,20.0,raw,0.0,26500,1,2000,5000,20.0,1.1852070689751983,105,261,0,0,3.5384998513296306,4.581957727392654,2.9677510850341715,1.7820001200594815,34.87968074038083,45.08191961091262,27.460109088995523,15.170714415003156,1.8123871245850935,2.3514259587497524,1.618836664474156,1.0446178809836641,3.3288580277653366,4.138993560773826,2.5443433320012123,1.6501878717675564,30.591457090034734,35.770880938007124,17.86068764464059,10.961883433382626,1.8273728293580123,2.3968702002636135,1.7007970425732997,1.1373470737971978,0.8058223167011023,0.5431853295472745,0.44724591927361523,0.15425882813322767,17.5,
TabPFN-V3,0.7,20.0,0.05,20.0,clip,200.0,26500,1,2000,5000,20.0,1.1852070689751983,105,261,5,4,3.4878531715268153,4.526303799188372,2.765469416211033,1.5030121709264612,34.848539352008494,45.01268586784388,27.18016791991114,15.233758056169817,1.7606661926060059,2.296519937631274,1.4208320856632959,0.7467925726887495,3.2654463645236134,4.000807689284293,2.296731575408661,1.1349211056944657,30.1954521071657,34.47844254803202,16.608724269999072,4.785474685735167,1.7822787133673386,2.3222546827147297,1.508499861273169,0.9338671946603609,0.8237527157602708,0.6479118073538149,0.5567731255031041,0.5511922985093914,12.9,
TabICLv2,0.7,1.0,0.05,1.0,raw,0.0,7500,1,2000,5000,1.608907994394138,1.608907994394138,101,269,0,0,1.7594531094184043,2.262976507402809,1.3619077998834983,0.8520934833931854,2.0014724006905915,2.267020198810224,1.3440457443306502,0.8116982384669165,1.7456921309038789,2.26274658709239,1.3629234187682409,0.8543903172306756,1.5160399964618132,1.8276210187929216,0.9137586190633014,0.4102464649023808,1.7797510325046073,1.639507809852534,0.6017459918320359,0.11489625097729998,1.5010456467058395,1.838316950563153,0.9314993497175416,0.4270397871483852,1.2729951019570467,0.4440649057514421,1.085086861161511,0.3798506834246582,6.2,
TabICLv2,0.7,1.0,0.05,1.0,clip,200.0,7500,1,2000,5000,1.608907994394138,1.608907994394138,101,269,1,0,1.7542742451809026,2.25132102894782,1.3599199892948632,0.8652406841751308,1.9137272203110618,2.248529563694044,1.3430550496184348,0.8265926903715204,1.745207906075003,2.2514797489125766,1.3608789131530241,0.8674381710348159,1.510901952897065,1.8116184009464764,0.9152051012393208,0.43462255861553983,1.6890064433781244,1.6120182748239271,0.5774383982336089,0.10307852612542935,1.5007751069999176,1.822967467513157,0.9344101832745219,0.4534738257345083,1.3264391070179966,0.43602010760512083,1.1224137987070328,0.3820588343390361,5.8,
TabICLv2,0.7,1.0,0.05,1.0,raw,0.0,8500,1,2000,5000,1.7833317246869531,1.7833317246869531,98,276,0,0,1.8112678100572495,2.349943458298311,1.4071699256377401,0.8713199322830136,1.8160820156371258,2.370073969326772,1.4989755639833002,0.8496513929601612,1.810986539790516,2.348767331913075,1.4018061753872373,0.8725859180690226,2.5063371544280773,3.575651748644824,2.774592475722756,2.2524536581773384,1.3375771470620024,1.4786155315027936,0.6068984786716156,0.09885855039353056,2.5746220320811335,3.698171222804689,2.9012401351609682,2.3782775891147496,1.6283122262808485,0.5442064966817289,1.1753114305867902,0.4035610633816047,8.4,
TabICLv2,0.7,1.0,0.05,1.0,clip,200.0,8500,1,2000,5000,1.7833317246869531,1.7833317246869531,98,276,1,0,1.8168959549666008,2.365125443949909,1.404382498790892,0.8899814501296384,1.81565634021406,2.3790456793815933,1.4711190084217893,0.8740889346817803,1.8169683795372402,2.3643121533108014,1.400483413977571,0.8909099713539415,2.504390870951833,3.592182389724964,2.777440854655364,2.2762809751907147,1.3368445214086195,1.476780900236779,0.5582097209410485,0.0866474343352915,2.572604840569514,3.715774856087949,2.907099574576014,2.404210453868974,1.5337667006442914,0.4874010305575873,1.1999956978097737,0.39410231508312854,8.2,
TabICLv2,0.7,1.0,0.05,1.0,raw,0.0,9500,1,2000,5000,1.6404063836985494,1.6404063836985494,113,238,0,0,1.7770121642102374,2.3044589737384142,1.4321949392832816,0.8327160544957886,1.8365014260782602,2.3693654213492668,1.4629629063104024,0.9072222807650583,1.7740389503663505,2.3012150143660115,1.4306571870463107,0.8289923077817847,1.9454577483421562,2.5535301501340486,1.644542234703587,1.0307688191645925,4.483047078173374,7.189045453162634,6.496541260665715,5.629143119266875,1.818631570160756,2.3218517288571054,1.402044173347227,0.800946668088502,1.0378941245118969,0.3950571519203623,1.2876981461822612,0.4912479010773468,8.5,
TabICLv2,0.7,1.0,0.05,1.0,clip,200.0,9500,1,2000,5000,1.6404063836985494,1.6404063836985494,113,238,3,0,1.774745260107041,2.3015422228748728,1.4376765350652774,0.8177929226389095,1.829522692883947,2.367065421942139,1.4746876335075638,0.8538608430943583,1.7720075387712781,2.298267438881171,1.435826757360686,0.8159902840273183,1.9425932723796784,2.5429310310242634,1.6559466212940315,1.037622788165243,4.471533431215857,7.1166929130569185,6.4845341759714845,5.666375782012762,1.8161993711190714,2.3143389840012114,1.4146186418708409,0.8062823403417003,1.5483103951419297,0.5116543155862274,1.5865130357265649,0.5291050144004672,8.5,
TabICLv2,0.7,1.0,0.05,1.0,raw,0.0,10500,1,2000,5000,1.0912953293729415,1.0912953293729415,107,266,0,0,1.779646821931867,2.318592033588079,1.3993977684311572,0.8662440889514764,1.7177205010159027,2.24726695592611,1.379856036892283,0.7971937447307279,1.7831264166432415,2.32259973757162,1.4004958040436077,0.8701239773255193,1.715037137583335,2.197247415830209,1.2872528733018223,0.7517669021020474,3.1716853158289386,4.661753872439295,3.8411285257096703,3.1708135217148863,1.6331891410870674,2.0587685992991536,1.1437524669772579,0.61584244058599,1.4969309818193388,0.4716327543832062,1.2498103362556598,0.40172747167493084,8.3,
TabICLv2,0.7,1.0,0.05,1.0,clip,200.0,10500,1,2000,5000,1.0912953293729415,1.0912953293729415,107,266,0,0,1.779646821931867,2.318592033588079,1.3993977684311572,0.8662440889514764,1.7177205010159027,2.24726695592611,1.379856036892283,0.7971937447307279,1.7831264166432415,2.32259973757162,1.4004958040436077,0.8701239773255193,1.715037137583335,2.197247415830209,1.2872528733018223,0.7517669021020474,3.1716853158289386,4.661753872439295,3.8411285257096703,3.1708135217148863,1.6331891410870674,2.0587685992991536,1.1437524669772579,0.61584244058599,1.4969309818193388,0.4716327543832062,1.2498103362556598,0.40172747167493084,8.7,
TabICLv2,0.7,1.0,0.05,1.0,raw,0.0,11500,1,2000,5000,1.2295789572257825,1.2295789572257825,103,265,0,0,1.786798551656364,2.3951534668286074,1.5773056959128482,0.753439058998942,1.8544811456448718,2.5610215314858493,1.6681009827786508,0.7728158068993138,1.7830106134500379,2.3858704600420886,1.572224227904519,0.752354615874634,1.7328113197089257,2.343657825609485,1.5017894432694197,0.6922486574382296,1.713377201861553,2.2423520760921116,0.9608924981334984,0.15060362967560217,1.7338989736116823,2.3493275243681127,1.5320613947923383,0.7225624763098445,1.997545885087276,0.6975830214301982,1.7960143094077736,0.6547781260011288,9.1,
TabICLv2,0.7,1.0,0.05,1.0,clip,200.0,11500,1,2000,5000,1.2295789572257825,1.2295789572257825,103,265,3,1,1.7852906712273318,2.3507648340390808,1.4994150662462442,0.7692080356776727,1.8518126790350464,2.515326787034772,1.5951054834376759,0.7895328914955771,1.7815676866298567,2.3415549253708954,1.4940596363506309,0.7680705305474205,1.7318721579354532,2.2917962635849842,1.406459924467034,0.6811113674153868,1.7110084178295497,2.1298720605299706,0.8555195295145621,0.13025185767674688,1.733039822376438,2.3008585473884855,1.4372939698022829,0.7119408859118472,1.8722998633247379,0.6411493958341403,1.7214586363631579,0.5925977444417526,8.6,
TabICLv2,0.7,1.0,0.05,1.0,raw,0.0,12500,1,2000,5000,1.1317412551202441,1.1317412551202441,95,267,0,0,1.8239553350448383,2.3742863864460735,1.4210218364512521,0.9109123227891599,1.8861628541274253,2.4689554544920043,1.4866318129096225,0.9265640945075555,1.8204460581390596,2.368945874895627,1.4173206186793557,0.9100293684158635,1.5548558423662158,1.9033341277832523,0.980986033020988,0.4882122104554024,1.5131667849207264,2.0798322360338375,1.5815900534004934,1.0179381123996323,1.5572076231263987,1.8933774417695386,0.9471045047215314,0.45832908858362775,1.3020773740967666,0.4070576912469335,1.1248904362914793,0.36620860756892,9.1,
TabICLv2,0.7,1.0,0.05,1.0,clip,200.0,12500,1,2000,5000,1.1317412551202441,1.1317412551202441,95,267,0,0,1.8239553350448383,2.3742863864460735,1.4210218364512521,0.9109123227891599,1.8861628541274253,2.4689554544920043,1.4866318129096225,0.9265640945075555,1.8204460581390596,2.368945874895627,1.4173206186793557,0.9100293684158635,1.5548558423662158,1.9033341277832523,0.980986033020988,0.4882122104554024,1.5131667849207264,2.0798322360338375,1.5815900534004934,1.0179381123996323,1.5572076231263987,1.8933774417695386,0.9471045047215314,0.45832908858362775,1.3020773740967666,0.4070576912469335,1.1248904362914793,0.36620860756892,6.2,
TabICLv2,0.7,1.0,0.05,1.0,raw,0.0,13500,1,2000,5000,1.1989072682083857,1.1989072682083857,97,258,0,0,1.7880118649582284,2.310574442390891,1.3970263807087533,0.9451887355709865,1.9326239274898307,2.5026729752028043,1.505429952587237,1.0148562774681207,1.7801438952970825,2.3001228562530853,1.3911284217157864,0.9413983041476504,1.8973442612995528,2.421889938760377,1.3804611163353275,0.8781084376063314,1.6191732454879544,1.9723692847065388,0.5419122784357115,0.08855124878061467,1.9124788294310149,2.4463471991454235,1.426084397688786,0.9210662095837746,1.0467935193318243,0.3150651664149394,0.9963311729940768,0.31809868304209515,5.8,
TabICLv2,0.7,1.0,0.05,1.0,clip,200.0,13500,1,2000,5000,1.1989072682083857,1.1989072682083857,97,258,0,0,1.7880118649582284,2.310574442390891,1.3970263807087533,0.9451887355709865,1.9326239274898307,2.5026729752028043,1.505429952587237,1.0148562774681207,1.7801438952970825,2.3001228562530853,1.3911284217157864,0.9413983041476504,1.8973442612995528,2.421889938760377,1.3804611163353275,0.8781084376063314,1.6191732454879544,1.9723692847065388,0.5419122784357115,0.08855124878061467,1.9124788294310149,2.4463471991454235,1.426084397688786,0.9210662095837746,1.0467935193318243,0.3150651664149394,0.9963311729940768,0.31809868304209515,5.8,
TabICLv2,0.7,1.0,0.05,1.0,raw,0.0,14500,1,2000,5000,1.5044744194408077,1.5044744194408077,103,236,0,0,1.782933842588589,2.3334359081420573,1.3912523739946383,0.8903939627496089,1.7729467219430812,2.3239005889670867,1.3905324256443488,0.8444894394245538,1.783428586600415,2.333908270720834,1.391288038942302,0.8926679903534527,1.9908464864212851,2.6418577613688257,1.7714778737997026,1.2745649884280887,1.6645202937459171,1.9124095879571799,0.7284727153475716,0.17567162050555632,2.0070120996604515,2.677993313200301,1.8231464752679445,1.3290021913730337,1.1597517442393037,0.3857853172697657,0.9673044953666183,0.32487502189597584,5.8,
TabICLv2,0.7,1.0,0.05,1.0,clip,200.0,14500,1,2000,5000,1.5044744194408077,1.5044744194408077,103,236,1,0,1.7830288174265192,2.326819252039283,1.3864257422818875,0.9070500343539614,1.773793140243568,2.3075467652411383,1.3798809104929854,0.8669650252788702,1.7834863362794109,2.327773976406278,1.3867499614888945,0.9090357736784203,1.990604536434568,2.63768806241236,1.7717172546028495,1.2908707986405032,1.665445230482181,1.8729419191097587,0.6975226146486488,0.1859237864534866,2.0067123442021506,2.6755722122485084,1.8249309269431495,1.3456078882450655,1.1281460710004168,0.36332961623118215,0.9781369523673077,0.3163561516384138,8.8,
TabICLv2,0.7,1.0,0.05,1.0,raw,0.0,15500,1,2000,5000,1.5406832720642871,1.5406832720642871,88,253,0,0,1.7873413993445908,2.3942928096014904,1.5246931298223358,0.7572108330521751,1.8812332063164385,2.8101281773984192,2.0356443466813188,0.7592416827420769,1.7823372646987348,2.3721301072520857,1.497461055277292,0.7571025952237478,2.013036031032547,2.8034413947456933,2.0276983889538327,1.18951867403977,1.6478269923947977,2.350343346391572,1.6492610588749363,0.2585446540509777,2.0325005110779126,2.8275900794378335,2.047867894854394,1.2391366279174119,2.9306289439583333,1.044154763793552,1.5015214580754295,0.603684137784115,9.1,
TabICLv2,0.7,1.0,0.05,1.0,clip,200.0,15500,1,2000,5000,1.5406832720642871,1.5406832720642871,88,253,3,0,1.7821020178864106,2.3507621046907503,1.4664291201364403,0.7833106363440931,1.8689533219657652,2.7584380443410668,1.8089625720386715,0.7772595230992562,1.7774731196491917,2.329034273906775,1.4481731767340253,0.7836331414317156,2.007246628724212,2.7468347348252617,2.001751862128415,1.306663481775644,1.6356123926309294,2.2378445531853757,1.32556254878515,0.255847205516521,2.0270535513556847,2.773962292431095,2.0377906016008915,1.362668646699503,2.9117822716731476,0.8680588946807667,1.5806491314333588,0.5363553634358339,8.5,
TabICLv2,0.7,1.0,0.05,1.0,raw,0.0,16500,1,2000,5000,1.3340250246726368,1.3340250246726368,103,268,0,0,1.7838441107866763,2.3607981363875714,1.4281846914927017,0.8229832982746844,1.7728628184343576,2.8074776629869267,1.6493580028841117,0.7541873937766364,1.784466043658701,2.3355001412209133,1.415658392369097,0.8268796005581751,1.6755452058720035,2.174255673381452,1.242681817371216,0.6529763714537568,1.279523640830544,2.057595438975544,1.3442651929199503,0.3986514749341309,1.6979741533426524,2.1808628041550753,1.2369285746309242,0.6673802328796359,2.4547948219064937,0.7264314118595679,1.3059240289622092,0.4373720457200396,8.3,
TabICLv2,0.7,1.0,0.05,1.0,clip,200.0,16500,1,2000,5000,1.3340250246726368,1.3340250246726368,103,268,1,0,1.7836041257340185,2.347065409187925,1.4156696928549528,0.8420835700777083,1.7699023965156737,2.6870040866593023,1.589231755242103,0.7697229675152735,1.7843801323761392,2.3278127537436464,1.4058398888144295,0.8461817614316247,1.6755960967725088,2.159707269832662,1.2313340898686662,0.6636722330099551,1.274560139865337,1.922813401791588,1.2551357313183515,0.39120885737540956,1.6983090376962453,2.173123913246654,1.2299860679099772,0.6791033793899337,2.281716390716129,0.6768934002224998,1.2529620682005245,0.41615597048396613,9.0,
TabICLv2,0.7,1.0,0.05,1.0,raw,0.0,17500,1,2000,5000,1.118909696895825,1.118909696895825,102,250,0,0,1.7693383208984341,2.2917339362735105,1.3839286620638327,0.9162465684144563,1.941226007197279,2.5671678053347486,1.5263365311481112,1.001228477548179,1.7602916005669165,2.2772374168492346,1.376433511059397,0.9117738363547867,1.6623312776622705,2.1363073140552733,1.2902791473153288,0.8448004293278207,1.4609658796187077,1.4101547382932569,0.49214931570985404,0.0702235122494977,1.6729294565066681,2.174525870674327,1.3322859805577223,0.8855676354898375,1.2471529840205342,0.3841736967532683,1.0718154722413393,0.34135336724301546,9.0,
TabICLv2,0.7,1.0,0.05,1.0,clip,200.0,17500,1,2000,5000,1.118909696895825,1.118909696895825,102,250,0,0,1.7693383208984341,2.2917339362735105,1.3839286620638327,0.9162465684144563,1.941226007197279,2.5671678053347486,1.5263365311481112,1.001228477548179,1.7602916005669165,2.2772374168492346,1.376433511059397,0.9117738363547867,1.6623312776622705,2.1363073140552733,1.2902791473153288,0.8448004293278207,1.4609658796187077,1.4101547382932569,0.49214931570985404,0.0702235122494977,1.6729294565066681,2.174525870674327,1.3322859805577223,0.8855676354898375,1.2471529840205342,0.3841736967532683,1.0718154722413393,0.34135336724301546,9.2,
TabICLv2,0.7,1.0,0.05,1.0,raw,0.0,18500,1,2000,5000,1.4257243420325783,1.4257243420325783,112,270,0,0,1.7871284518986599,2.3168117529772005,1.4370848412116186,0.9349188690299836,1.7952688973490096,2.320647229384149,1.4467299971796128,0.9348278523871973,1.7866637753084706,2.3165928145776493,1.4365342720548833,0.9349240644831659,1.6227331222841996,2.0701347838710396,1.1972470200997376,0.719802509223426,1.0670543453081274,1.2094058862257588,0.525486767901133,0.12474462985669617,1.6544526296380133,2.119267300227113,1.2355927427410955,0.7537698723162416,0.9207425211557623,0.3331971754710978,0.8957360376417558,0.3164088235750591,5.7,
TabICLv2,0.7,1.0,0.05,1.0,clip,200.0,18500,1,2000,5000,1.4257243420325783,1.4257243420325783,112,270,2,0,1.786324623769074,2.3102690576751668,1.4178198708724026,0.9105025411405829,1.7943777906841727,2.3162130452131175,1.4320002384281776,0.9063214266411282,1.7858649292517215,2.3099297602892794,1.417010420715942,0.9107412094101076,1.623621624566549,2.063624187477922,1.179475486951137,0.6880725464280575,1.0716084338008283,1.217230113368612,0.5185418673569694,0.09033999970784387,1.6551318912698774,2.1119384369513923,1.2172031988518612,0.7221925860928476,1.1378153553703427,0.38935346755906247,1.0836702753966794,0.360226380476114,5.8,
TabICLv2,0.7,1.0,0.05,1.0,raw,0.0,19500,1,2000,5000,1.1232946948288631,1.1232946948288631,95,254,0,0,1.7876918085175544,2.3057483705879385,1.4156728839224877,0.8472797459725354,1.8105137322112803,2.375713167330927,1.4746441171624953,0.8378154205643246,1.7864704076287625,2.302003941937977,1.4125168170782059,0.8477862648629032,1.6014225899613317,2.0111643024432118,1.0536580886730536,0.48398901736805156,1.5682577808973075,1.826523730899414,0.7120239508006385,0.09392480943709386,1.6031975291737766,2.021046035517827,1.0719419215891077,0.5048647672236064,1.5917071696926026,0.5272994537910378,1.3510214156938591,0.44782369312880554,5.8,
TabICLv2,0.7,1.0,0.05,1.0,clip,200.0,19500,1,2000,5000,1.1232946948288631,1.1232946948288631,95,254,0,0,1.7876918085175544,2.3057483705879385,1.4156728839224877,0.8472797459725354,1.8105137322112803,2.375713167330927,1.4746441171624953,0.8378154205643246,1.7864704076287625,2.302003941937977,1.4125168170782059,0.8477862648629032,1.6014225899613317,2.0111643024432118,1.0536580886730536,0.48398901736805156,1.5682577808973075,1.826523730899414,0.7120239508006385,0.09392480943709386,1.6031975291737766,2.021046035517827,1.0719419215891077,0.5048647672236064,1.5917071696926026,0.5272994537910378,1.3510214156938591,0.44782369312880554,8.5,
TabICLv2,0.7,1.0,0.05,1.0,raw,0.0,20500,1,2000,5000,1.2377979048458687,1.2377979048458687,95,271,0,0,1.7906326106959851,2.325133176321699,1.4429449874893443,0.8243210278893522,1.8205045398406763,2.416483694739645,1.570671158854113,0.8085514228916144,1.7889207703918588,2.319898244942705,1.4356255135117904,0.8252247206265878,1.4591402121720838,1.7539587606195048,0.9377074555066498,0.3650648274301269,0.8881546817871514,1.0243205294809383,0.7834686093622191,0.11934788173372622,1.4918611000414677,1.7957713976756584,0.9465462644102534,0.3791458788751945,2.108191998456894,0.6664439829016363,1.4890057012430682,0.49578186539345,8.4,
TabICLv2,0.7,1.0,0.05,1.0,clip,200.0,20500,1,2000,5000,1.2377979048458687,1.2377979048458687,95,271,1,0,1.790426904380213,2.323694044837362,1.4382479360814682,0.8297081235493,1.8201274038104533,2.4138673923483376,1.5587909001190914,0.8136276360270038,1.788724888024621,2.3185265723959416,1.4313401028705999,0.8306296317156232,1.45876797971179,1.7525153187372455,0.9309553988698395,0.3688730607690552,0.8871166756431376,1.0216035589492356,0.7634430931900423,0.11580237135369564,1.491527020397475,1.794400936606256,0.9405548564378717,0.38337552573660905,2.063016918993188,0.6465510553701866,1.4724546662932951,0.48636294061036306,8.7,
TabICLv2,0.7,1.0,0.05,1.0,raw,0.0,21500,1,2000,5000,1.4129456481628075,1.4129456481628075,100,242,0,0,1.7849556895216228,2.318020583766079,1.443762566629604,0.8062459300997818,1.801630467141596,2.3640812421578548,1.5233534365257186,0.7896083378376355,1.7841075818747056,2.31567786007318,1.4397144391569558,0.8070921464359397,1.6578368976165963,2.10797289115704,1.2072010537632145,0.5307617847806548,0.8972601350494177,0.9612837601134336,0.7207126400747809,0.11944363159050864,1.6965211297606184,2.1662954573009134,1.231944684724249,0.5516821280072238,1.8417201183942944,0.6189565678103326,1.513146436380604,0.5330710489113413,8.4,
TabICLv2,0.7,1.0,0.05,1.0,clip,200.0,21500,1,2000,5000,1.4129456481628075,1.4129456481628075,100,242,2,0,1.7851261820943964,2.314429760268286,1.4298728479334044,0.8349360606852569,1.8017754969195345,2.3735613744992574,1.5028258242087515,0.8141632181129911,1.7842793695286794,2.311422225454521,1.4261623350585337,0.8359926029094034,1.6583852456016197,2.105764125664371,1.1933604903589905,0.5598658551706208,0.8995101179042622,0.9728877456710197,0.6792329733097097,0.1060747059284285,1.696982929692154,2.1633841517169965,1.2195098932858348,0.5829464474607869,1.78274258207815,0.5691004225312306,1.4532746597073718,0.4837795442571812,8.4,
TabICLv2,0.7,1.0,0.05,1.0,raw,0.0,22500,1,2000,5000,1.3441204316725048,1.3441204316725048,98,229,0,0,1.7859923603449268,2.3910078596023845,1.5238385105467855,0.7953143916119919,1.7644213929424246,2.5893919206492826,1.996081741178162,0.7378646222481137,1.7870277306101068,2.381485757321995,1.5011716273326616,0.798071884209839,1.845424283201115,2.4522582917997915,1.532380789611602,0.7990760244372801,1.2125585337779077,1.8067041075531207,1.3684168474623604,0.2265010494213183,1.8758007779858383,2.4832438101801073,1.540250783900467,0.8265586631458641,2.7051029784271625,0.9889514269602548,1.0200184504984784,0.43974198427005623,8.8,
TabICLv2,0.7,1.0,0.05,1.0,clip,200.0,22500,1,2000,5000,1.3441204316725048,1.3441204316725048,98,229,5,2,1.7828121075123629,2.3609827218011503,1.4342398412937138,0.8157234864249382,1.7625689519830772,2.3676960175901116,1.5743979090321563,0.7463768415220482,1.7837837450340999,2.360660494860116,1.4275124890589406,0.8190520091000089,1.8405377739013449,2.412765176064692,1.4838138253949518,0.8791730647824075,1.2134154347658148,1.544225580821423,0.917496815943965,0.13476664608594682,1.8706385946227948,2.4544536202715057,1.5109960922497572,0.914903324661152,2.0860991814322998,0.6842004420801737,1.1951999567911753,0.42740671908282524,8.8,
TabICLv2,0.7,1.0,0.05,1.0,raw,0.0,23500,1,2000,5000,1.2921529163135739,1.2921529163135739,117,233,0,0,1.815567015752563,2.3896878225537708,1.4496405270088675,0.977209532334365,1.8509036805530257,2.4572096489810256,1.4692428062618836,0.9563446557688174,1.8138398408210525,2.386387510920134,1.4486824126673632,0.9782293595296184,1.7317580795744856,2.2028677347384322,1.2092717053143216,0.7221930107003449,1.567637283893968,1.890281764864117,0.8362142104924327,0.27145228463469995,1.7397799267306764,2.218146218267007,1.227505897949837,0.7442241810744366,0.9124860724975163,0.30754541275046593,0.8094581129168527,0.2724598520984384,8.9,
TabICLv2,0.7,1.0,0.05,1.0,clip,200.0,23500,1,2000,5000,1.2921529163135739,1.2921529163135739,117,233,2,0,1.813303376473287,2.3683863959225766,1.4391023597315056,0.9891174915457664,1.8485068023613793,2.4273353705552094,1.4555234792149379,0.9753412677103322,1.811582713953479,2.365505105574474,1.4382997331656067,0.9897908416933763,1.7290076180310334,2.1916919346998176,1.199058002583386,0.7304299063245057,1.5619358181800373,1.845567520520936,0.7841664608216427,0.25262399556997334,1.7371737034863055,2.2086097002764236,1.2193369472509938,0.7537839606995436,0.9105650972609122,0.2977923420685123,0.8135576404552385,0.26644153255546077,5.8,
TabICLv2,0.7,1.0,0.05,1.0,raw,0.0,24500,1,2000,5000,1.6043113951369525,1.6043113951369525,93,262,0,0,1.7746036288889193,2.3052452547079967,1.3933056768367529,0.8818876505708381,1.7237390031704074,2.2384827167011445,1.3682781507023354,0.8305337212099578,1.7774163203068698,2.3089370624238676,1.3946896388137935,0.8847273993029086,1.6970340154467674,2.0966653918995832,1.115255204290183,0.5991239947708606,1.2211150160554964,1.3697790189594794,0.6404180163319453,0.13033550621222903,1.7233511910146257,2.1368604593774867,1.141512558288718,0.625046870246243,1.2991310778781098,0.41406650338180107,1.1525857313241328,0.38278066920225373,5.8,
TabICLv2,0.7,1.0,0.05,1.0,clip,200.0,24500,1,2000,5000,1.6043113951369525,1.6043113951369525,93,262,1,0,1.771259961386278,2.298557739200285,1.3891819622813855,0.9007856817411517,1.7243528211531878,2.236618698134573,1.3589197730155598,0.8495065406587601,1.7738538133789052,2.301982819141023,1.3908553885345825,0.9036212948613682,1.6937507188217846,2.089472694053392,1.1183086025885633,0.6188688338943427,1.221366951765439,1.3619798092113693,0.6117205764539038,0.1351545825027964,1.7198724045475684,2.1297013001801566,1.1463217015432448,0.645617068141828,1.2420937555174874,0.38845215583359616,1.1311155086875475,0.36535656119392435,5.9,
TabICLv2,0.7,1.0,0.05,1.0,raw,0.0,25500,1,2000,5000,1.155270521788336,1.155270521788336,108,258,0,0,1.7988230181200153,2.3256497901467164,1.4747758178803667,0.8016651279198238,1.8246040257384333,2.3416160121614014,1.441437199530491,0.8263103137405727,1.7974203399324251,2.3247811091514006,1.4765896861921062,0.8003242468692643,1.709298505101633,2.1678752093863354,1.1497189415065976,0.4251495045634876,2.1620584655093613,2.943913698145964,1.9403977102625818,1.0809238216496766,1.6846650024054723,2.1256529550421805,1.1067001472554283,0.38947051388271225,1.3100881369532034,0.4843126317209444,1.6812801868667442,0.5738236557976383,8.3,
TabICLv2,0.7,1.0,0.05,1.0,clip,200.0,25500,1,2000,5000,1.155270521788336,1.155270521788336,108,258,3,0,1.7985101543220152,2.3232970451421977,1.4629653966462826,0.8140962591466309,1.8246249858134471,2.3415880757716336,1.4363144327621564,0.8363952258570759,1.7970893136377488,2.3223018773011193,1.464415406912437,0.8128830298317226,1.7088422425553995,2.1650738596601253,1.1392410936805935,0.4353255643283208,2.1624537682929796,2.944102942508078,1.9252927200353034,1.1045599318654058,1.6841624083841014,2.122688894798301,1.0964740503234625,0.39891424698868194,1.304945926761221,0.47581108784851533,1.6413967572404142,0.5531165633335922,8.7,
TabICLv2,0.7,1.0,0.05,1.0,raw,0.0,26500,1,2000,5000,1.1915050120471395,1.1915050120471395,105,261,0,0,1.7590514149601433,2.272891806586405,1.3890632447814149,0.8345263461507199,1.7418087893109797,2.295193759212487,1.4323843110272179,0.7868416017738767,1.760001051021429,2.2716635285455937,1.3866773409430198,0.8371525791708413,1.7698471043244048,2.2719115791933313,1.5322761055359202,1.0182295371734775,1.5146813624654367,1.7972989279213871,1.0188011837485955,0.34962116844976054,1.7839003346736746,2.2980508283982224,1.5605556908042242,1.0550530831192235,1.7612112123653352,0.5566913838503836,1.325131935640919,0.44417296924787114,8.5,
TabICLv2,0.7,1.0,0.05,1.0,clip,200.0,26500,1,2000,5000,1.1915050120471395,1.1915050120471395,105,261,0,0,1.7590514149601433,2.272891806586405,1.3890632447814149,0.8345263461507199,1.7418087893109797,2.295193759212487,1.4323843110272179,0.7868416017738767,1.760001051021429,2.2716635285455937,1.3866773409430198,0.8371525791708413,1.7698471043244048,2.2719115791933313,1.5322761055359202,1.0182295371734775,1.5146813624654367,1.7972989279213871,1.0188011837485955,0.34962116844976054,1.7839003346736746,2.2980508283982224,1.5605556908042242,1.0550530831192235,1.7612112123653352,0.5566913838503836,1.325131935640919,0.44417296924787114,8.5,
TabICLv2,0.7,1.0,0.05,20.0,raw,0.0,7500,1,2000,5000,19.999999999999996,1.608907994394138,101,269,0,0,1.7548209340926635,2.2760481850695125,1.4172891368445564,0.7640851834618765,1.7203194317796222,2.2292591533901005,1.384135469739478,0.7443222154021722,1.7567826555304582,2.2787085633239537,1.4191742217000343,0.7652088863593739,1.5089633021402278,1.8390709424741376,0.9627904998468486,0.37157279551894307,1.464993439004296,1.624749354952802,0.7060848858846867,0.11966746100607956,1.511463385248147,1.8512570568354225,0.9773865282036066,0.38589588471445363,0.8903077483376575,0.6101152001083525,0.878247027312067,0.5812876496999898,8.8,
TabICLv2,0.7,1.0,0.05,20.0,clip,200.0,7500,1,2000,5000,19.999999999999996,1.608907994394138,101,269,2,0,1.7579282469096444,2.259049042744914,1.3651256069208095,0.8433312130440795,1.976777092207262,2.2622042805731835,1.3518934667655795,0.8056389863416649,1.7454847171305155,2.258869639029884,1.3658779733764757,0.8454743559278143,1.514647204974176,1.8225400054804661,0.9182310893149581,0.40655674461974456,1.7543976229084788,1.6323849658602225,0.6073372907107083,0.10177499298260212,1.5010152323628196,1.8333520337319658,0.9359082044755043,0.4238863348100619,1.362791835331323,0.46900473558597394,1.1722419375219604,0.40305812334103835,8.5,
TabICLv2,0.7,1.0,0.05,20.0,raw,0.0,8500,1,2000,5000,20.0,1.7833317246869531,98,276,0,0,1.835851494280385,2.4157906405051186,1.4550516440158394,0.7786261643123853,1.8261402507916003,2.3913050071902395,1.5189260496625785,0.7815481742641915,1.836418874297935,2.417221215186513,1.4513197778095523,0.7784554456953874,2.535529867553339,3.6511395300039933,2.7967300382112503,2.151638557429104,1.3527700501131925,1.4569037267850045,0.5902733280048951,0.16468177863527142,2.604632684999037,3.779337896153113,2.9256424116272024,2.267726633412825,1.4159703834833333,0.8276821024678179,1.0902170286599837,0.6778154838261845,8.9,
TabICLv2,0.7,1.0,0.05,20.0,clip,200.0,8500,1,2000,5000,20.0,1.7833317246869531,98,276,2,0,1.8100607360642305,2.3600251729182267,1.4161433105215906,0.8614439595441865,1.8163679714970606,2.3813396033007526,1.520250114255666,0.8422335962399587,1.8096922354335234,2.3587798759695437,1.4100608639020722,0.8625663262401998,2.506201052400666,3.585612984845532,2.783249841271403,2.2436964926122993,1.3384510371805858,1.4806125833819332,0.6555000031213926,0.10301527472902136,2.574426921198452,3.7085977669801538,2.9075637606891425,2.3687659287121696,1.7907859343798447,0.5698615137782013,1.2878521819678332,0.4331246126060508,8.1,
TabICLv2,0.7,1.0,0.05,20.0,raw,0.0,9500,1,2000,5000,20.0,1.6404063836985494,113,238,0,0,1.8189846307886612,2.348645153782922,1.5247913595469225,0.7534579020608658,1.8903013646994746,2.3948350420879745,1.554066999108302,0.785800739596218,1.81542029171458,2.3463366293359242,1.5233281923449888,0.7518414393701026,1.986675390343514,2.6062486677190866,1.7378715376958465,0.929596546722572,4.554388524545916,7.217629658731354,6.774281667327786,5.317009900844644,1.858343654530794,2.3757764552325433,1.486156793711722,0.7103180128542284,0.6937752739325789,0.7921839367997539,1.110136787198628,1.013428127787096,5.8,
TabICLv2,0.7,1.0,0.05,20.0,clip,200.0,9500,1,2000,5000,20.0,1.6404063836985494,113,238,4,0,1.7752070838909648,2.3061013146896525,1.4591291231214796,0.8086580045153329,1.8295289171439135,2.366874200233855,1.486659649509698,0.8480556772295184,1.7724921329640004,2.3030639466175145,1.4577531749315604,0.8066889482142039,1.9431255949882449,2.547868635331767,1.6731085130777552,1.0222546055536585,4.471865777105521,7.147593678627929,6.499090837785689,5.627357195381179,1.816741688364156,2.317978975461022,1.431910740444305,0.7920961812825646,1.580035321253367,0.5326915805376795,1.6525293893493136,0.5587166367994956,6.3,
TabICLv2,0.7,1.0,0.05,20.0,raw,0.0,10500,1,2000,5000,19.999999999999996,1.0912953293729415,107,266,0,0,1.7890902093157326,2.3254843795339957,1.4045211771238388,0.7910159522217491,1.7264295204911742,2.2783073756273335,1.376504059755869,0.7317391296780287,1.792611067623154,2.328135220902642,1.4060954384715112,0.7943466735560605,1.7229403523189937,2.19880293659193,1.3011528689092793,0.6717428183213897,3.1807704817469764,4.756056722414628,3.841593536300434,2.8397699993892127,1.6410259428496563,2.055112715419805,1.158407364573401,0.5499229555913432,1.3085306162650223,0.7150356600086456,0.9540997996757707,0.5578925828841972,6.9,
TabICLv2,0.7,1.0,0.05,20.0,clip,200.0,10500,1,2000,5000,19.999999999999996,1.0912953293729415,107,266,1,0,1.7800847709883274,2.3356775015394975,1.4280680235927004,0.823752206330107,1.7182238510305667,2.275323546033824,1.4414204933692123,0.7600193022894085,1.783560690867661,2.339068746187683,1.4273177580750511,0.8273333116268595,1.7151054901744858,2.2161393288613995,1.3203279586129055,0.7198461917001812,3.1714426659555612,4.697468166763739,3.821733999996821,3.0858719266660537,1.6332749686793935,2.0767152750206685,1.1797757813826304,0.586900934940375,1.7815050148702722,0.5600057586171789,1.4354094543299956,0.4686013348955327,8.3,
TabICLv2,0.7,1.0,0.05,20.0,raw,0.0,11500,1,2000,5000,20.000000000000004,1.2295789572257825,103,265,0,0,1.8078617454068284,2.347444680709268,1.5225314436760538,0.7426229633843774,1.8780028423283568,2.5024636559011135,1.8386932734433912,0.7889273997969058,1.8039362141113258,2.338768856332111,1.5048370646077658,0.7400314796147217,1.752914209049585,2.2790230928735227,1.4636628326056886,0.7225811666032786,1.7489115866463145,2.3499828132155383,1.32226214784989,0.2665451748885459,1.75313822065188,2.27505174632851,1.471576492892972,0.7481037722641877,1.1879607197395692,0.959104368143963,0.9865615526462035,0.8431232687600523,8.5,
TabICLv2,0.7,1.0,0.05,20.0,clip,200.0,11500,1,2000,5000,20.000000000000004,1.2295789572257825,103,265,4,1,1.7857572996235147,2.3585401462256006,1.529854315069427,0.760642931169589,1.8542066582537988,2.5317085751597483,1.6286966520159598,0.7812012293116737,1.7819264485069304,2.3488485657255906,1.5243224841737923,0.7594923611574133,1.7322104679783665,2.2994403214719954,1.4358099151406518,0.6697028648860955,1.713830416958925,2.137924755282502,0.8950030151502838,0.13950537317938863,1.7332391297566452,2.3084797354192426,1.4660768271781275,0.6993760085613389,1.9734654997177021,0.6860227103544304,1.8355833591494337,0.6371661241933758,8.3,
TabICLv2,0.7,1.0,0.05,20.0,raw,0.0,12500,1,2000,5000,20.000000000000004,1.1317412551202441,95,267,0,0,1.828488073026298,2.3892855477757626,1.4451994089273366,0.8135728288871563,1.8994554696299153,2.4913983356901865,1.4947369999525468,0.8231419288875582,1.8244846302007818,2.383525117948348,1.4424048733677062,0.81303301276628,1.562807620528158,1.910215177218672,0.9968660197335976,0.4034023932809555,1.516677173790042,2.117352129756297,1.572791240494582,0.9327239658391349,1.5654099508216455,1.8985300797482418,0.9643766823274741,0.37354208060970384,1.082132486736833,0.5890491376939351,0.9039097438697249,0.5244434854827372,8.9,
TabICLv2,0.7,1.0,0.05,20.0,clip,200.0,12500,1,2000,5000,20.000000000000004,1.1317412551202441,95,267,1,0,1.8233977772296832,2.386268943022084,1.4379322838292352,0.8697051146752689,1.8870241039728888,2.487949451907346,1.5216120271796603,0.8826186506557713,1.819808461945416,2.3805328991022945,1.4332117067165027,0.8689766308158151,1.5544534798916805,1.9175700304448786,1.0107424961111553,0.4567360254303922,1.5141429217801567,2.1219828255927267,1.6318183083830888,0.9757161914289585,1.5567274961637652,1.906038609294557,0.9757061044194995,0.4274590965646375,1.5051581349313645,0.48118507133800587,1.25923033162243,0.4181610750731033,8.7,
TabICLv2,0.7,1.0,0.05,20.0,raw,0.0,13500,1,2000,5000,20.0,1.1989072682083857,97,258,0,0,1.7934850862669358,2.33147648025749,1.4202461064879361,0.832854920775145,1.931951246111225,2.5064995325315302,1.518986892873968,0.8776018140142128,1.7859514993331893,2.3219539270127187,1.4148738747528886,0.8304203576254866,1.9029425816654983,2.4402885324230423,1.430917080381832,0.7008137214026424,1.639496318498493,1.9933611758034466,0.5113016087915875,0.1054865074257391,1.9172760139508394,2.464604698177546,1.480950988367974,0.7332039409737181,0.9697917930187181,0.4777962488345433,0.8689901069338268,0.45125322537111756,9.0,
TabICLv2,0.7,1.0,0.05,20.0,clip,200.0,13500,1,2000,5000,20.0,1.1989072682083857,97,258,1,0,1.7892339714111425,2.317227761566378,1.3947993122032931,0.903587601588114,1.9382458937057216,2.5160777882394982,1.505711005974703,0.9653738536252878,1.7811266167186075,2.306408844045993,1.3887648927614915,0.9002259708361972,1.8961597604827929,2.4239810547231,1.369984745895292,0.8169872339661275,1.6089476926909791,1.9953122220235935,0.4885379121559913,0.07237434663956131,1.911786228953963,2.447303821242812,1.417941996655465,0.8574997023191966,1.1400696673685116,0.35522955475370116,1.0648327018363348,0.35040396271162716,5.8,
TabICLv2,0.7,1.0,0.05,20.0,raw,0.0,14500,1,2000,5000,20.0,1.5044744194408077,103,236,0,0,1.8064957385866411,2.3697128525579667,1.4367626340394033,0.7803581554759985,1.7828716521047812,2.297275127737097,1.418246812508377,0.7561673571373987,1.8076660333829717,2.373301287288808,1.437679874568648,0.7815565241594388,2.0148954388801523,2.723040079990322,1.821502905584442,1.2030058537114015,1.6637345828785308,1.8599397168062073,0.8003749697054369,0.12884922871827997,2.032291316717344,2.765796521155614,1.8720877487556107,1.2562176428588356,0.9052489723251839,0.585180178825097,0.8101902505945566,0.5454780702038153,6.0,
TabICLv2,0.7,1.0,0.05,20.0,clip,200.0,14500,1,2000,5000,20.0,1.5044744194408077,103,236,2,0,1.7828284816348037,2.329767663740366,1.391700627537606,0.8802787299156629,1.772980924572799,2.31478046942765,1.3962656601654833,0.8378051368787254,1.7833163119174726,2.330510102417486,1.3914744840237148,0.8823827953977613,1.9908248376983486,2.641635934696201,1.775864888677381,1.2621228848014234,1.6642765067665855,1.886571121690726,0.7258809417729366,0.15946918594151538,2.0070014552675968,2.6790404888249357,1.8278792067859972,1.316746367784408,1.2508387516550794,0.4055360830682745,1.0531010268097152,0.3461951171487905,7.6,
TabICLv2,0.7,1.0,0.05,20.0,raw,0.0,15500,1,2000,5000,20.0,1.5406832720642871,88,253,0,0,1.85686591363935,2.702607943531583,1.847518845767939,0.7766475899884093,1.9528798546223898,2.464703277847675,1.974541620214098,0.8223975513101984,1.8517486760011135,2.715287505448168,1.840748935943865,0.77420926257859,2.0825728094177824,3.102081608913102,2.333514823207384,1.0455977191620645,1.7422450474591502,1.852690904215529,1.7738794963936049,0.3571243343500539,2.1007111965624072,3.168670159216133,2.363341605950988,1.0822911605687295,1.2469830354110685,1.2641807166713366,0.8791101190758327,1.0404438071541227,8.4,
TabICLv2,0.7,1.0,0.05,20.0,clip,200.0,15500,1,2000,5000,20.0,1.5406832720642871,88,253,4,0,1.7822899778875079,2.352409601076365,1.4946437013544105,0.7692126561138226,1.8656609692491315,2.72469964445084,1.8485230332516216,0.7714056968171115,1.7778465692474212,2.3325677260028987,1.4757830586390126,0.769095774020304,2.007555569065198,2.749010913111199,2.026533918813096,1.2824076189070164,1.6372321557283984,2.203744375642881,1.3727303519803045,0.25112901286942385,2.02729262901342,2.7780718850891817,2.0613795692046475,1.3373714881565448,3.028011221329222,0.9119680069561416,1.7237657207677448,0.5909043906742139,8.5,
TabICLv2,0.7,1.0,0.05,20.0,raw,0.0,16500,1,2000,5000,20.0,1.3340250246726368,103,268,0,0,1.7993758137979847,2.3678226070869592,1.5046437207049597,0.7504415855194089,1.7934441152454046,2.545227864660663,1.8975498314253223,0.7522394786963797,1.7997117595317318,2.3577751411043404,1.4823912190834343,0.7503397606311105,1.6926170910330416,2.1832453228082938,1.311986209388023,0.5773795372649695,1.2745687478923529,1.7849411480951545,1.6602695169504709,0.49169407892505584,1.7162935398837824,2.2058035474116586,1.2922609502107756,0.5822323907804167,2.2979682928119356,1.196689203506533,1.1156110589255308,0.7175959259376676,8.5,
TabICLv2,0.7,1.0,0.05,20.0,clip,200.0,16500,1,2000,5000,20.0,1.3340250246726368,103,268,2,0,1.783610767659729,2.3527832157926154,1.4333551329487138,0.8185800029071288,1.7699647499141298,2.7197626361680975,1.6518552604001036,0.7542374937055899,1.7843836190451519,2.331999089702035,1.4209802313939859,0.8222240841552294,1.6752829307019013,2.1673033396230816,1.250582048555261,0.6503375469622847,1.2729402617654115,1.960117038621257,1.3400407793755662,0.38800085613899216,1.6980698781395553,2.1790374750137174,1.2455154932171713,0.6651951617426402,2.505086390258888,0.7431013405326001,1.3671796915102088,0.4572135647712012,8.5,
TabICLv2,0.7,1.0,0.05,20.0,raw,0.0,17500,1,2000,5000,20.0,1.118909696895825,102,250,0,0,1.7758937912158828,2.2923479900992816,1.3860211618334342,0.805314896851794,1.9416511247838846,2.5247902583992743,1.523645419428312,0.8679050478100239,1.7671697210280934,2.280114186504546,1.3787777798547567,0.8020206783803082,1.6667714126375475,2.158771920705141,1.2782334871426388,0.7605251757238147,1.4491082688651504,1.5250099597193127,0.4811695521066435,0.11184576600315983,1.6782273675729371,2.192127813388605,1.3201842205655858,0.7946661972880598,1.0714710614333756,0.5381288312289945,0.9089941014309264,0.48517678066146086,9.1,
TabICLv2,0.7,1.0,0.05,20.0,clip,200.0,17500,1,2000,5000,20.0,1.118909696895825,102,250,1,0,1.7696372990047076,2.2959573063225527,1.389431447306161,0.8679927459557474,1.9446989399968406,2.603617281332553,1.5451062268222204,0.9389315303666834,1.760423528426174,2.279764676058869,1.3812380378579476,0.8642591257235928,1.663284983709392,2.1421626181730415,1.294197495862374,0.805871487946931,1.465931962318278,1.4743962968985014,0.5712606103947572,0.08564963005497868,1.6736719848352406,2.177308214029596,1.3322468056238277,0.8437779015201916,1.4055154677279111,0.4572714488925358,1.1693969843169008,0.3841203405934354,8.0,
TabICLv2,0.7,1.0,0.05,20.0,raw,0.0,18500,1,2000,5000,20.0,1.4257243420325783,112,270,0,0,1.8057074941667794,2.3558625605510324,1.5232495546753704,0.7857264322655412,1.8298889912655631,2.4010607414295357,1.563014757718331,0.7997115692318297,1.8043271550089208,2.353282537541055,1.52097965936425,0.7849281263499179,1.6365325948491187,2.11188040325108,1.3337538324860063,0.6446526353355588,1.0741036699506918,1.255374089435995,0.705512720855971,0.13982488670680887,1.6686374172006146,2.160771884166528,1.3696153758560081,0.6734694412826546,0.703050552995669,0.6413103226311774,0.7560426359665298,0.6196981907935426,5.7,
TabICLv2,0.7,1.0,0.05,20.0,clip,200.0,18500,1,2000,5000,20.0,1.4257243420325783,112,270,3,0,1.7863666772144953,2.3161632186467194,1.432770565725742,0.91044874718276,1.7944628530431292,2.321111531280067,1.44672768511143,0.9092110552612873,1.785904527642882,2.315880756826211,1.4319738591223303,0.9105193976729923,1.6221608388000441,2.069490022744522,1.192308602238777,0.6948088866290419,1.069951277939207,1.2084805757738448,0.5472568817550596,0.10642997237695082,1.6536823147899857,2.1186385535441166,1.2291297363890104,0.7283949980134109,1.0961197650206405,0.37896063069490216,1.0647952569414578,0.3590848333417582,5.9,
TabICLv2,0.7,1.0,0.05,20.0,raw,0.0,19500,1,2000,5000,20.0,1.1232946948288631,95,254,0,0,1.7990280174785642,2.328438300038498,1.4202044126988165,0.7860184490417985,1.8242108407084523,2.3804565570939316,1.495050845827482,0.7741941827105387,1.7976802641915033,2.325654347806707,1.4161987249586816,0.7866512690266575,1.6120800213297068,2.0295505413828634,1.0573111816278464,0.42437725344423854,1.5814416150875612,1.7389298221721188,0.7641310500911954,0.148775693206332,1.613719750614474,2.04510419976456,1.0730018165647004,0.4391271051720995,1.1371404296183907,0.7070327034065895,0.8674545921796307,0.5527649422146415,8.7,
TabICLv2,0.7,1.0,0.05,20.0,clip,200.0,19500,1,2000,5000,20.0,1.1232946948288631,95,254,1,0,1.7880454360660887,2.3147112264140053,1.4398530518520527,0.819404088103972,1.8106514030027454,2.4119427397151814,1.5245442651564172,0.8086866755949731,1.7868355929135582,2.309507517105429,1.4353204837569604,0.8199776706529156,1.6016832401804197,2.0193390623286733,1.079548022499166,0.4692788287632997,1.5675759605876896,1.8564288598583711,0.7804232319644925,0.10934030392789006,1.603508619239955,2.028057813156203,1.0955568081704274,0.4885422896373397,1.8176921961237722,0.592074914188627,1.4775286030416188,0.4967388809344261,8.6,
TabICLv2,0.7,1.0,0.05,20.0,raw,0.0,20500,1,2000,5000,20.0,1.2377979048458687,95,271,0,0,1.8003793768474659,2.3260130282630143,1.429562485528817,0.7675049565778804,1.830841136558808,2.382689229700317,1.5274984914393754,0.7595414418290926,1.7986337357221174,2.322765142750325,1.4239501663066216,0.7679613136294603,1.4685386841865198,1.7704609776465745,0.8795244149344057,0.32131115282553785,0.8905575268648432,0.965935295312362,0.6739725438916536,0.18767793916645698,1.5016604633436725,1.8165651138090977,0.8913037672398791,0.3289691356763755,1.5480106209591775,0.9146830481190064,1.0597191583784176,0.6791191889687321,8.5,
TabICLv2,0.7,1.0,0.05,20.0,clip,200.0,20500,1,2000,5000,20.0,1.2377979048458687,95,271,2,0,1.791239809148122,2.3315439029939493,1.466886704428428,0.8080603163284182,1.82146392647412,2.4215473238699405,1.6117107843586531,0.7959731773651595,1.789507786353589,2.326386168365615,1.458587417970172,0.8087529817247057,1.4600699728984452,1.7599050551257125,0.9699823979461285,0.3582408795469446,0.8896646598343697,1.0293848397248035,0.8476570703844027,0.13049951690722822,1.4927576108431195,1.8017682351582027,0.9769923712532183,0.37129182251065007,2.319823948565735,0.7335909829887425,1.6148629494626956,0.5401371039753289,8.6,
TabICLv2,0.7,1.0,0.05,20.0,raw,0.0,21500,1,2000,5000,20.0,1.4129456481628075,100,242,0,0,1.7996544935427534,2.3234323979074443,1.437805865125027,0.7603511780758295,1.8249847772393244,2.3510132161952724,1.4717753838413314,0.7668840100846822,1.7983661520852987,2.322029590419917,1.4360781174307553,0.7600189070909321,1.6727050909294168,2.101500959772332,1.2447571719663062,0.46053390428231766,0.884973754694341,0.8504437691425989,0.5058340094366581,0.16871174746171744,1.712770451032168,2.1651318635412258,1.282340065058398,0.47537647720173465,1.278810835040141,0.8500623183874626,1.0347671175480082,0.7475255564660631,8.6,
TabICLv2,0.7,1.0,0.05,20.0,clip,200.0,21500,1,2000,5000,20.0,1.4129456481628075,100,242,3,0,1.7848322891479955,2.316779086848438,1.4526772212791994,0.8131338325973215,1.8015084430700283,2.3695012936865725,1.5340605624807195,0.795442135233799,1.7839841115000061,2.3140975454329635,1.4485379256569277,0.8140336625178707,1.6576719120030596,2.1082155344476194,1.2126872276372664,0.5316150041953819,0.8985311550220817,0.9734407448561563,0.7396489606870341,0.1176393547064139,1.696283106452281,2.1659321168522294,1.2367467611811833,0.5526705122189907,1.9377522820350706,0.6302141427989366,1.6161354801129932,0.5416635814095208,8.5,
TabICLv2,0.7,1.0,0.05,20.0,raw,0.0,22500,1,2000,5000,20.0,1.3441204316725048,98,229,0,0,1.8341741944132661,2.4650661629780295,1.7864071495631049,0.781411912410114,1.8443352866456653,2.5484615679173,2.569818216108413,0.8973759057571015,1.8336864790242036,2.461063323378136,1.7488047319905047,0.7758458351775716,1.894200163849705,2.562523372066335,1.6687270570121429,0.6908145927256913,1.3115647560790589,1.6521313623379628,1.7466137956351147,0.4566432651167622,1.9221656864612073,2.606220661990418,1.6649886241585146,0.7020544237930662,1.2186589928162241,1.212819880211782,0.525527777038558,0.6892970408407972,7.1,
TabICLv2,0.7,1.0,0.05,20.0,clip,200.0,22500,1,2000,5000,20.0,1.3441204316725048,98,229,6,2,1.7828448263285845,2.360263386484109,1.4470893163859917,0.8029256975330343,1.7627764778552453,2.3781778837308405,1.6113418146093703,0.7395129911392834,1.7838080734047521,2.359403520655247,1.4392054718894178,0.8059694011096784,1.8414909107356832,2.4117250764250135,1.4977024617094001,0.8650726659734818,1.2138398887961985,1.554958029495088,0.9530270393739488,0.14443807083506308,1.871617107345229,2.452848458052964,1.523845968671215,0.89966191818197,2.232703715677285,0.7327630119115377,1.2674108129547925,0.4560928119851169,5.8,
TabICLv2,0.7,1.0,0.05,20.0,raw,0.0,23500,1,2000,5000,20.0,1.2921529163135739,117,233,0,0,1.847630606873687,2.5022962009574368,1.583872240679477,0.8371691211545451,1.8751208736674065,2.5837480640242707,1.6228826855811136,0.8254467577916853,1.84628694583678,2.4983150211599594,1.5819654998231563,0.8377420833243681,1.7648362031536162,2.348577397625099,1.3390599598275867,0.5656151785574802,1.5902076250897148,2.0238401064777585,1.0193045890119192,0.1360228422654217,1.7733716465538445,2.364449809799911,1.354688867190719,0.5866126642625462,0.8101595964287707,0.5423010466076215,0.7189378624654907,0.4916707743142326,6.5,
TabICLv2,0.7,1.0,0.05,20.0,clip,200.0,23500,1,2000,5000,20.0,1.2921529163135739,117,233,3,0,1.8150878952907736,2.3850702176277765,1.4393564005536486,0.9482020969411329,1.8507501041879246,2.458828125552216,1.4664991083669086,0.933501305241254,1.8133448085122887,2.3814651006681804,1.4380297274006195,0.9489206378402459,1.7312479146894109,2.202293965691595,1.1978125394145576,0.6805603633827089,1.5677233228149805,1.8859728082328533,0.8160210979103367,0.20607993821217976,1.7392406207743156,2.217755016601578,1.2164736272833396,0.7037518756681574,1.0072326400604048,0.3401381168247978,0.9114154813913089,0.3047703758683366,8.5,
TabICLv2,0.7,1.0,0.05,20.0,raw,0.0,24500,1,2000,5000,20.0,1.6043113951369525,93,262,0,0,1.7814697734722504,2.318375979638395,1.4396765623772343,0.8010966590335881,1.7359785628502125,2.2409644985513206,1.3750111872038104,0.761490386226406,1.7839853279642242,2.322656648284409,1.4432524020343545,0.8032867906240232,1.7043255379645201,2.1179475995432115,1.150005083531755,0.512482169509503,1.240005500112506,1.3533598406092933,0.6558720247097664,0.11099079486750232,1.7300013188672698,2.1602274629540785,1.1773294527616747,0.5346836765074356,0.872686776520772,0.5306640971049221,0.8536774799679229,0.5263086286668324,8.3,
TabICLv2,0.7,1.0,0.05,20.0,clip,200.0,24500,1,2000,5000,20.0,1.6043113951369525,93,262,2,0,1.774826920603498,2.3066354443330908,1.4003967828591224,0.8710365972181818,1.7237835678332911,2.2435841507354817,1.3820351757199658,0.8188874102989382,1.7776494951973765,2.310122029162675,1.401412135554449,0.8739203217797777,1.6971599804976363,2.097536066192038,1.1237086978639494,0.5930417655556202,1.2200399309451597,1.3776515486627214,0.6645161824736399,0.12065363056110971,1.7235435712495883,2.1373439479127385,1.1491009391117881,0.6191636928178745,1.4014388511399802,0.43997560180668904,1.2274064063660415,0.4042899221902516,8.6,
TabICLv2,0.7,1.0,0.05,20.0,raw,0.0,25500,1,2000,5000,20.0,1.155270521788336,108,258,0,0,1.816106511920796,2.339991567836358,1.4596587681713582,0.7521530131922358,1.8529612544562017,2.358256142839071,1.4444031901862195,0.7726233986103325,1.814101340353075,2.338997839377753,1.4604887848563364,0.7510392722732421,1.725790179212085,2.177510263296531,1.1546657590479361,0.398280401787161,2.2001243799628716,2.9745430718995935,2.181228452326833,1.0322396632904856,1.6999828776950663,2.1341457621114635,1.0988131283296831,0.3637883120638676,0.8298873721761356,0.6391791451942539,1.1576259493780285,0.8040270573954755,8.8,
TabICLv2,0.7,1.0,0.05,20.0,clip,200.0,25500,1,2000,5000,20.0,1.155270521788336,108,258,4,0,1.7987059657670696,2.325741786700952,1.4845155973473554,0.800528511317686,1.8247805133113946,2.34106304859713,1.446265972185464,0.8232104978181208,1.797287316828555,2.32490819632364,1.4865966608842107,0.7992944428830356,1.7090784046797427,2.167673990155029,1.1549233848291427,0.4209980258654273,2.16222424081213,2.9427296040089646,1.925168398977489,1.0685392490721508,1.684423907479794,2.125505211501652,1.113016338508967,0.3857669766061834,1.3823286319919652,0.5057587727538315,1.7532698004071574,0.5959712044229277,8.9,
TabICLv2,0.7,1.0,0.05,20.0,raw,0.0,26500,1,2000,5000,19.999999999999996,1.1915050120471395,105,261,0,0,1.76592388699655,2.283736221968315,1.3905891154350645,0.7544394409096363,1.7501860151337563,2.2949705869248422,1.4276805276107207,0.719837211162949,1.766790648877999,2.2831174903258478,1.3885463092358985,0.7563451556097599,1.7765884228861224,2.28493233684445,1.531778114526109,0.9679892344471608,1.5340775904309119,1.8450913977058745,1.0786212842831961,0.35692420507009426,1.78994468523489,2.30915653712197,1.5567356863120134,1.0016435861389554,1.4022760787355324,0.7954443255522493,1.0203118912530398,0.6281821901606791,8.9,
TabICLv2,0.7,1.0,0.05,20.0,clip,200.0,26500,1,2000,5000,19.999999999999996,1.1915050120471395,105,261,1,0,1.7588078628747295,2.2780664966568853,1.404066767328546,0.8108258757207947,1.7425516769313645,2.307569340930168,1.4644444458684218,0.7659558657225477,1.7597031708576836,2.2764416301543897,1.4007414720977154,0.8132970874974443,1.7694570667306937,2.2752088474933148,1.5483381589598513,1.000877619011304,1.515038753742472,1.8166865251552433,1.0656224883037357,0.32771327689490987,1.7834691325019376,2.3004619232751753,1.5749236812306353,1.0379520847830657,1.870343439322424,0.6113936514407501,1.406380548418216,0.47877507660407564,9.6,
TabICLv2,0.7,5.0,0.05,1.0,raw,0.0,7500,1,2000,5000,1.4270551610854958,1.4270551610854958,101,269,0,0,2.1209688606552803,2.7290640573692517,1.6735990760114612,1.1637025468206779,8.728345817234585,11.081168996907879,7.036099356712161,5.5560483640200085,1.7452799151216014,2.2541715972686616,1.368692592073924,0.9139580900828592,1.8256288207023146,2.1561390411226347,1.0669811988335842,0.5495479167606201,7.531716768037128,8.019858575951146,3.2225953229380218,1.6815907031526114,1.5011862804712715,1.8227337240926471,0.9444151030009709,0.48518107898014123,0.7950250867565487,0.2098208235683221,0.7947012124224774,0.2868331717990192,8.1,
TabICLv2,0.7,5.0,0.05,1.0,clip,200.0,7500,1,2000,5000,1.4270551610854958,1.4270551610854958,101,269,1,0,2.1195777568972574,2.729618065949314,1.6784655980584444,1.1820755307946973,8.701375958770674,11.104008370062642,7.154650774801806,5.783336060840185,1.7453431941612723,2.253458481969926,1.3670951029107032,0.9204523892638928,1.8236794721796825,2.1627419629461633,1.0766415925597979,0.5754987449642028,7.494374515858357,8.188631481608864,3.3929114152041193,1.9389570830145495,1.5012493375887797,1.8201158203715986,0.9449407719528814,0.4979738468590362,0.715673257937406,0.1865390057523863,0.807888073267617,0.2872739834953359,5.9,
TabICLv2,0.7,5.0,0.05,1.0,raw,0.0,8500,1,2000,5000,1.323544349501603,1.323544349501603,98,276,0,0,2.2106081921975926,2.860276902373606,1.7500786717150243,1.2071610793586465,9.151916675697079,12.132256106603744,7.677621247108842,6.06236007049102,1.8050618032378423,2.3185609285447493,1.4037616203160628,0.9234957699698796,2.806925113128766,3.8854080397683357,2.8852356743879106,2.345162214856623,6.808929407689902,7.619206887695607,2.6235401961035594,0.8247575310726316,2.5731077580697326,3.667260604961408,2.9005252493257756,2.433991955060768,0.7835013315987945,0.20374528040879025,0.8821359754881206,0.3203610982574166,5.9,
TabICLv2,0.7,5.0,0.05,1.0,clip,200.0,8500,1,2000,5000,1.323544349501603,1.323544349501603,98,276,2,1,2.208123806205843,2.8552275803231333,1.7475070468150828,1.2097120285557115,9.15033745550691,12.08023274024555,7.747555770350405,6.28486879535487,1.8025245328766526,2.3162560680160658,1.3969538191064148,0.9131956721550831,2.804227204007174,3.8774338957822345,2.8852787726317866,2.3501191908776553,6.804399705354357,7.5236313612624,2.6093541945885157,1.0045998530766458,2.5705168715829942,3.664404577307949,2.901399683626694,2.4287312436365633,0.7669724639325616,0.1889084728375766,0.9363325926918731,0.3350683762553247,7.3,
TabICLv2,0.7,5.0,0.05,1.0,raw,0.0,9500,1,2000,5000,1.6062322109323515,1.6062322109323515,113,238,0,0,2.124991574198824,2.749799318199802,1.6998808871528475,1.115269094116655,9.177172797789463,11.982910322880766,7.689520075026592,5.767343839882056,1.772530605863131,2.2883376594190232,1.400524707666507,0.8827630484442136,2.796643340143281,3.917150797787803,2.934586628505379,2.3685541496576152,22.406343855177226,35.9039922914621,34.118485621035646,32.499438713233125,1.8165701098664901,2.3184804333412505,1.3760465276607334,0.8626426573999568,0.6270272749325279,0.19723017768686543,0.9532748934631466,0.3714648518312331,8.6,
TabICLv2,0.7,5.0,0.05,1.0,clip,200.0,9500,1,2000,5000,1.6062322109323515,1.6062322109323515,113,238,3,0,2.1235766347829506,2.7418866130650223,1.6834897352280742,1.1441607082388812,9.17283079022106,11.894761970586902,7.6582477890593905,6.161537769855267,1.7712619583876819,2.2844350517273053,1.3848772999462906,0.8933972179690998,2.7950711313633176,3.9149049568773764,2.9224657884954577,2.4140485316588025,22.396752486090545,35.83947440144169,34.385930425812276,33.215496404630905,1.8153986907028643,2.319346887199445,1.34995327617261,0.8746229554791801,0.6801766387037393,0.18282567306741937,0.9639800972792893,0.3466580982728378,8.5,
TabICLv2,0.7,5.0,0.05,1.0,raw,0.0,10500,1,2000,5000,1.1081663575636143,1.1081663575636143,107,266,0,0,2.1475491991205677,2.7666815333409036,1.6865419310323582,1.1465897195337387,8.63900454001925,11.105747794286415,7.026479399178964,5.598495630022376,1.7827990680096573,2.298115495019926,1.3864947475665794,0.8964403802456152,2.395673720882738,3.167596313902239,2.174425757279632,1.6329780841589265,15.985955140050327,23.445771899406694,20.776412806604647,19.33828008016863,1.6320457408450155,2.0281804487260278,1.129193700853681,0.6381301055069235,0.771841257613178,0.19472096933701372,0.9477745142629981,0.3282355607313159,8.4,
TabICLv2,0.7,5.0,0.05,1.0,clip,200.0,10500,1,2000,5000,1.1081663575636143,1.1081663575636143,107,266,0,0,2.1475491991205677,2.7666815333409036,1.6865419310323582,1.1465897195337387,8.63900454001925,11.105747794286415,7.026479399178964,5.598495630022376,1.7827990680096573,2.298115495019926,1.3864947475665794,0.8964403802456152,2.395673720882738,3.167596313902239,2.174425757279632,1.6329780841589265,15.985955140050327,23.445771899406694,20.776412806604647,19.33828008016863,1.6320457408450155,2.0281804487260278,1.129193700853681,0.6381301055069235,0.771841257613178,0.19472096933701372,0.9477745142629981,0.3282355607313159,9.1,
TabICLv2,0.7,5.0,0.05,1.0,raw,0.0,11500,1,2000,5000,3.608513414877008,3.608513414877008,103,265,0,0,2.1847067086990326,2.8592686400040734,1.7982407214147083,0.9718101891032045,9.278334108371737,12.068162106075485,7.348679963167281,4.634032658859083,1.787703274504045,2.343881782874417,1.4876036783176796,0.7668494806585777,2.0941220972356387,2.7731338693433374,1.5460043882596002,0.7187861627577566,8.44893273323732,11.211308996267558,3.5947650459303455,0.6082316258275663,1.7384674365090396,2.300881195925192,1.4313430209348386,0.7249734810864789,1.1267868451902079,0.3962604549085126,1.3261727477500913,0.6040540781369708,8.9,
TabICLv2,0.7,5.0,0.05,1.0,clip,200.0,11500,1,2000,5000,3.608513414877008,3.608513414877008,103,265,3,1,2.177010748753287,2.818298416401069,1.710121012575951,1.0760955039679414,9.265731457972427,12.12888712510634,7.3777215709955035,5.399607571862969,1.78028192342212,2.2972200620595906,1.3929268947340965,0.8341249236105638,2.0880927321221585,2.704175541996702,1.4675139658105127,0.8029405314927716,8.44551640666334,10.79847588534479,3.840992976322953,1.353896182632758,1.7322918295343201,2.2511682366139687,1.3346793432580741,0.7721056323265421,1.0900444844828925,0.2911201423527449,1.081758972603973,0.4024863025418011,9.1,
TabICLv2,0.7,5.0,0.05,1.0,raw,0.0,12500,1,2000,5000,1.0995469195092709,1.0995469195092709,95,267,0,0,2.222308311933205,2.8668195597418977,1.7761528407959326,1.2717751864437032,9.44130942224712,12.196433737089842,8.197567341300479,7.021492730156107,1.8150669647001998,2.3405134145164803,1.4139052871017184,0.9474196858793231,1.8787287729948536,2.2982674342610983,1.2504751910362044,0.7783145298978411,7.5768703116634875,10.093781971396588,6.915708199025845,5.83294674793394,1.5572827998648042,1.8585035674926274,0.9308856678726222,0.49317047703165934,0.6438788229460245,0.15342300017322508,0.8709314884545433,0.29600529370576567,5.8,
TabICLv2,0.7,5.0,0.05,1.0,clip,200.0,12500,1,2000,5000,1.0995469195092709,1.0995469195092709,95,267,0,0,2.222308311933205,2.8668195597418977,1.7761528407959326,1.2717751864437032,9.44130942224712,12.196433737089842,8.197567341300479,7.021492730156107,1.8150669647001998,2.3405134145164803,1.4139052871017184,0.9474196858793231,1.8787287729948536,2.2982674342610983,1.2504751910362044,0.7783145298978411,7.5768703116634875,10.093781971396588,6.915708199025845,5.83294674793394,1.5572827998648042,1.8585035674926274,0.9308856678726222,0.49317047703165934,0.6438788229460245,0.15342300017322508,0.8709314884545433,0.29600529370576567,5.8,
TabICLv2,0.7,5.0,0.05,1.0,raw,0.0,13500,1,2000,5000,1.1446093171712202,1.1446093171712202,97,258,0,0,2.19163621960324,2.82782103656854,1.7601956059960961,1.2654782655362913,9.744107509926877,12.582600524809392,8.334450100213921,7.006482587737062,1.7807257192018275,2.2970886224044444,1.40250736063376,0.9531250147712558,2.236819225630908,2.8332682932562885,1.6422171380553605,1.082394532647065,8.144356171543004,9.75316862334707,4.997227182552102,3.520491620987549,1.915405363959604,2.456774348683657,1.4596796873003715,0.9497439529777599,0.5382749450655661,0.13214788652446285,0.8201352514635709,0.28000412129506264,7.3,
TabICLv2,0.7,5.0,0.05,1.0,clip,200.0,13500,1,2000,5000,1.1446093171712202,1.1446093171712202,97,258,0,0,2.19163621960324,2.82782103656854,1.7601956059960961,1.2654782655362913,9.744107509926877,12.582600524809392,8.334450100213921,7.006482587737062,1.7807257192018275,2.2970886224044444,1.40250736063376,0.9531250147712558,2.236819225630908,2.8332682932562885,1.6422171380553605,1.082394532647065,8.144356171543004,9.75316862334707,4.997227182552102,3.520491620987549,1.915405363959604,2.456774348683657,1.4596796873003715,0.9497439529777599,0.5382749450655661,0.13214788652446285,0.8201352514635709,0.28000412129506264,8.2,
TabICLv2,0.7,5.0,0.05,1.0,raw,0.0,14500,1,2000,5000,1.3477513094583948,1.3477513094583948,103,236,0,0,2.123464829481579,2.7388882375285606,1.6753379073799322,1.1511339735537218,8.977879086116253,11.507665023466622,7.275914287000765,5.781831291417409,1.7839094632838919,2.3044987913737787,1.3978954167018223,0.9217375489072419,2.312830114667705,2.9968042636321166,1.872967921208361,1.3727028987178291,8.449449908487113,9.584797203182115,2.952422499534758,1.5372589777405639,2.008832996418045,2.6704469307744763,1.8194936809722086,1.3645510862389532,0.8208323821029335,0.20577774824259495,0.8033520251946845,0.2831859677101417,8.5,
TabICLv2,0.7,5.0,0.05,1.0,clip,200.0,14500,1,2000,5000,1.3477513094583948,1.3477513094583948,103,236,1,0,2.1235576171203734,2.73764489760588,1.6785045863719585,1.1691114294804419,8.979826307000879,11.504421045056676,7.4180028696733675,6.053948193633643,1.7839103856317504,2.303354559486991,1.3941801542016956,0.9271253933049265,2.3127109666325816,3.000904586130193,1.8845220199368793,1.3763300551228792,8.449410399447297,9.666537806694866,3.1414903782218264,1.657379162176777,2.0087099032101903,2.6707010932558726,1.8222540660000095,1.3624073873511073,0.7285193199074282,0.18056019950101226,0.8278637166549034,0.28266704095069295,8.5,
TabICLv2,0.7,5.0,0.05,1.0,raw,0.0,15500,1,2000,5000,1.4196650985860169,1.4196650985860169,88,253,0,0,2.166830270560867,2.9049746091980175,1.7242690296296568,0.980341639621695,9.441864542163573,14.158197698604116,7.757265254858928,4.308609647785384,1.7790940854512223,2.305213614544606,1.4027295215228517,0.8029555418619702,2.3438624315035885,3.17787436571692,2.1565518176909952,1.3453690339297006,8.246703820944,11.269377012907126,5.531754999008551,1.3026979247405852,2.0292597621274724,2.746623013338761,1.9766642245009085,1.347643268314543,1.855716247966131,0.5208201875672284,1.086506183495406,0.4555299990959852,8.6,
TabICLv2,0.7,5.0,0.05,1.0,clip,200.0,15500,1,2000,5000,1.4196650985860169,1.4196650985860169,88,253,5,2,2.1569269258013555,2.7933809289018887,1.6862118908724972,1.0942996043755113,9.276581144531166,12.199437328232303,7.3392424738433775,5.3344785970540975,1.7774720032526636,2.2920680430728186,1.3849233428439252,0.8683115518902189,2.3415292806198784,3.0510831935532194,2.111538908976094,1.5117918458822126,8.18870757595215,9.120857076835675,4.885933075309513,2.4615078333724956,2.0298932770978504,2.7275835532603057,1.963672525137384,1.461175004754123,1.0776452293615495,0.2825996070194063,0.9072866790268643,0.3391353441584989,8.7,
TabICLv2,0.7,5.0,0.05,1.0,raw,0.0,16500,1,2000,5000,1.159660551832233,1.159660551832233,103,268,0,0,2.1642145312379815,2.807280780470988,1.6925780812890985,1.0718417340706332,8.865252947137487,11.74022654918371,6.9894267632642615,4.877774073728002,1.7846967173197505,2.30135739373916,1.3925874965956615,0.8562901983503933,1.9417492219419925,2.4578220222960865,1.3717496548441623,0.7785597987756602,6.182216224360357,7.837961314706256,4.119553748201426,2.120517228802324,1.701587523580175,2.153114217907683,1.2161259234367772,0.7025571379034821,1.1132120594636605,0.2986372816649199,0.9574938582703573,0.3568145462416151,8.6,
TabICLv2,0.7,5.0,0.05,1.0,clip,200.0,16500,1,2000,5000,1.159660551832233,1.159660551832233,103,268,4,3,2.1643815239885544,2.8000592812398,1.6915794723076716,1.0953972787638862,8.870881753276418,11.641156834633804,7.021809268243618,5.098221172222014,1.7845543765986247,2.299337779906412,1.38969832579228,0.8686946575790215,1.9416612304191974,2.445900153447593,1.3619988706786796,0.7906863806704818,6.174102838419714,7.652340280141,3.9397035072378173,2.155455802810412,1.7019540556634623,2.1510299180389216,1.2160088363173425,0.7133917472948474,1.0194883215589776,0.2735311573813818,0.9483053622626207,0.34327724122627157,5.7,
TabICLv2,0.7,5.0,0.05,1.0,raw,0.0,17500,1,2000,5000,1.0724172824124256,1.0724172824124256,102,250,0,0,2.159243072571318,2.786143541626916,1.7427020792084273,1.2663809536698674,9.723041180281736,12.50961000390968,8.484551160322342,7.2900469734510915,1.761148435323401,2.274382148875192,1.3878679170445372,0.9493458999971714,1.9547378224418632,2.4252925654965476,1.4220823492369286,0.9670354664434062,7.318093195080922,7.148461032399456,3.1518194111441984,2.093622704383967,1.672455960724018,2.176704751449026,1.3310435565049672,0.90774140128864,0.5897359368207773,0.14341674591150239,0.7698452972260904,0.26605242678667956,5.8,
TabICLv2,0.7,5.0,0.05,1.0,clip,200.0,17500,1,2000,5000,1.0724172824124256,1.0724172824124256,102,250,0,0,2.159243072571318,2.786143541626916,1.7427020792084273,1.2663809536698674,9.723041180281736,12.50961000390968,8.484551160322342,7.2900469734510915,1.761148435323401,2.274382148875192,1.3878679170445372,0.9493458999971714,1.9547378224418632,2.4252925654965476,1.4220823492369286,0.9670354664434062,7.318093195080922,7.148461032399456,3.1518194111441984,2.093622704383967,1.672455960724018,2.176704751449026,1.3310435565049672,0.90774140128864,0.5897359368207773,0.14341674591150239,0.7698452972260904,0.26605242678667956,7.7,
TabICLv2,0.7,5.0,0.05,1.0,raw,0.0,18500,1,2000,5000,1.3408658752571379,1.3408658752571379,112,270,0,0,2.1762607436169104,2.8254170542373163,1.770310191731676,1.248586186789205,9.00033760570923,11.849675474929835,7.49378495956426,5.83687283953501,1.7867257007490607,2.31029025221047,1.4436002155551857,0.9866755321927214,1.850910451244723,2.324698551016025,1.2969973868968345,0.7793794193465006,5.273102577688052,6.191937538114317,2.227091567423663,0.5126661069085999,1.6555633319762877,2.103947065494557,1.2439053300802925,0.7946040693165288,0.6443348921338032,0.19285336434514316,0.6991476026831918,0.2562852162040683,8.3,
TabICLv2,0.7,5.0,0.05,1.0,clip,200.0,18500,1,2000,5000,1.3408658752571379,1.3408658752571379,112,270,2,0,2.175603409207426,2.822129412932032,1.7635301420983625,1.260451780109967,8.997781799763626,11.775031724238724,7.599477395158785,6.1762734744260595,1.7861767357507292,2.311075792624884,1.4303999606340254,0.9798446220834672,1.850455966954565,2.3224043894900297,1.279203667020439,0.7767711494830991,5.273149730799018,6.106775301891175,2.1601915652174646,0.6454256299014797,1.6550802129930424,2.106383216900535,1.2289147172290653,0.7842686738566799,0.6000609768618368,0.1702624187582439,0.7264074155813365,0.26271391056171883,8.3,
TabICLv2,0.7,5.0,0.05,1.0,raw,0.0,19500,1,2000,5000,1.1821602810017369,1.1821602810017369,95,254,0,0,2.15761567020677,2.7769808501892803,1.6948264135589626,1.1453639676526899,9.08067900951119,11.713721628574033,7.409034693403697,5.898771001239022,1.787101955882429,2.2986976311185416,1.3890091141319583,0.8909675524544327,1.9211346770498399,2.3606587954784355,1.1586634737448964,0.5886736183231096,7.845064478723277,8.870914873787026,2.89586438149215,1.1810833631395428,1.6040933433741023,2.0122380108407656,1.0656906480879638,0.5569685877324283,0.8299529201358284,0.2114560282140367,0.9104837940555345,0.32940386339079275,8.4,
TabICLv2,0.7,5.0,0.05,1.0,clip,200.0,19500,1,2000,5000,1.1821602810017369,1.1821602810017369,95,254,1,1,2.1576275328098364,2.7767911148946425,1.6957168183369853,1.1497425784231032,9.080885815779054,11.707711556078175,7.429490729392764,5.938704531212159,1.7871033853437213,2.298819393010821,1.3888523907330728,0.8934433082991208,1.9211661666315165,2.3599365582924756,1.159288820789841,0.5938451102369051,7.845957226767508,8.864014758485018,2.9271322242129623,1.2354984674573954,1.6040787394771674,2.0118464059855006,1.0646760469867493,0.5595046229351764,0.8254085843282475,0.20861903669135146,0.9106706008318006,0.32819797306413095,8.3,
TabICLv2,0.7,5.0,0.05,1.0,raw,0.0,20500,1,2000,5000,1.1450453051332237,1.1450453051332237,95,271,0,0,2.1864278603294682,2.8185673475989135,1.7303491062462955,1.1978304331655056,9.131756717558149,11.750064751277284,7.481288689777646,5.897735563420966,1.7884189535185204,2.3067390971449404,1.40078585246389,0.928497743315806,1.650383687416208,1.9174627633663097,0.9048545322774444,0.42221862690542766,4.437971116190764,4.1811169905807795,1.4729538677805392,0.17478245920236174,1.4906382458433796,1.7877418296435097,0.8722990406467954,0.4363982000599064,0.7851407442781303,0.20445417279913283,0.8445918377459427,0.3029766004432075,8.8,
TabICLv2,0.7,5.0,0.05,1.0,clip,200.0,20500,1,2000,5000,1.1450453051332237,1.1450453051332237,95,271,1,0,2.1864157596427187,2.8184596056323437,1.7308647913041786,1.1997301286936382,9.132383123502601,11.750280949332545,7.4941443683577456,5.926145932179808,1.7883702625807545,2.306612791476549,1.4005943820460867,0.9288782186186219,1.650291840133946,1.9173580956455152,0.9048699697584137,0.4224240726356369,4.437985736704258,4.183466599519411,1.4672827471052519,0.17225561623343158,1.49054029731928,1.787496517182875,0.8726403519404833,0.43676022228355355,0.7767642269434587,0.20169800373851662,0.8451840353335979,0.3028497774608759,8.8,
TabICLv2,0.7,5.0,0.05,1.0,raw,0.0,21500,1,2000,5000,1.2721075687198609,1.2721075687198609,100,242,0,0,2.1350773199379454,2.764842773418039,1.694339744680565,1.1467202064007052,9.025256852116444,11.813101590990499,7.3732348247117985,5.621030859934171,1.7846310301550121,2.30463288820313,1.4055014493111748,0.9191491307060647,1.832950734101881,2.243978719760347,1.242138702275684,0.6909488476554929,4.487083860044242,4.189455461847515,1.341292723365024,0.18236741094654424,1.6979569937744217,2.145028452508331,1.2370955595468862,0.7168161674712905,0.6940240455367862,0.2069203340488539,0.8290630795461613,0.3135664916380573,8.7,
TabICLv2,0.7,5.0,0.05,1.0,clip,200.0,21500,1,2000,5000,1.2721075687198609,1.2721075687198609,100,242,3,1,2.13501950521056,2.764088090385195,1.6975069812804235,1.1680926796336184,9.027875601528732,11.80318858709561,7.499688403040084,5.925876953069241,1.7844370808076597,2.304344012998915,1.4023981321703272,0.9261036518548416,1.8323329744250607,2.2459617170104678,1.2284434842575338,0.6930680932674466,4.484130573045714,4.174048649645618,1.2205413520601731,0.1602054306722492,1.6974580230029932,2.1478959251446192,1.2288454001868656,0.7201703976701448,0.678115177745584,0.18767003792866818,0.8290776646276377,0.3054849380451612,7.1,
TabICLv2,0.7,5.0,0.05,1.0,raw,0.0,22500,1,2000,5000,2.103881364496354,2.103881364496354,98,229,0,0,2.116416526671892,2.824290327178125,1.8230095323000235,0.9311929307584673,8.888834945412745,11.74738012344315,7.472734295513068,4.003520375855367,1.7913517985453662,2.3959969791704347,1.5518322171091228,0.7837263650642333,2.0747895618191774,2.730657752447963,1.6006553025838817,0.711750191668242,6.16752293943538,7.0858378752922615,3.849845855176058,0.5543819220085617,1.8783452223779469,2.5216164093057825,1.4926979274961416,0.7193036047372142,1.435018551784097,0.5380309173574905,0.9220687419385281,0.5250446549239797,5.8,
TabICLv2,0.7,5.0,0.05,1.0,clip,200.0,22500,1,2000,5000,2.103881364496354,2.103881364496354,98,229,5,2,2.10519114133257,2.725683682226433,1.67095131003562,1.1341810610439709,8.82044789659988,11.42025790654152,7.079855932064129,5.3340819911983335,1.7828700772042505,2.308358698498042,1.4113329578150102,0.9325928587791733,2.0618970844134745,2.6356038711143834,1.522171727714038,0.9932791254057349,6.045654818125339,6.920051858639789,2.5318170731615672,0.828162599133394,1.8706833931495854,2.4299575518640544,1.473710444103163,1.0012044417998591,0.9051049610782935,0.2383661664756013,0.7207974644789968,0.27318145347505995,5.9,
TabICLv2,0.7,5.0,0.05,1.0,raw,0.0,23500,1,2000,5000,1.2485731279454158,1.2485731279454158,117,233,0,0,2.1611967352791677,2.812963487254682,1.8188763135968677,1.3664577563674327,9.286052266661406,12.147933176021992,7.9654538847978005,6.634942506739009,1.8129501779449817,2.356691631269202,1.5184457337584336,1.108946334752879,2.024096068298283,2.5596342541647,1.454565628056318,0.996992170030023,7.8582396273607085,9.36983167361026,4.292209750114681,3.114701252870739,1.7389365446436695,2.226767461898952,1.3158681075109857,0.8934834189702607,0.5401201518395257,0.14819372998209424,0.5515941939148403,0.1885902352030364,7.8,
TabICLv2,0.7,5.0,0.05,1.0,clip,200.0,23500,1,2000,5000,1.2485731279454158,1.2485731279454158,117,233,2,0,2.161484528845945,2.8143571812175803,1.8270959705616916,1.3872595347656784,9.287765744241343,12.132120612618708,8.059565834392684,6.816085451157482,1.8131682873550432,2.3589263275325663,1.5224671729378987,1.1219110056028316,2.024472288775903,2.5581534288535943,1.4665022024181722,1.0185418151060541,7.862782940343387,9.300902461330613,4.417196307070818,3.23740308205246,1.7391090872203707,2.228583358669591,1.3222790586413595,0.9100889778502301,0.5239248795408583,0.14028272802938363,0.5419523235909816,0.1830280231698489,8.2,
TabICLv2,0.7,5.0,0.05,1.0,raw,0.0,24500,1,2000,5000,1.239996303561808,1.239996303561808,93,262,0,0,2.13613759418445,2.7645418145334997,1.7072182393154276,1.1941907013356232,8.708982357278156,11.232316861756548,7.138874214737169,5.710721122585998,1.7726750935659288,2.2962942285536685,1.4068607328653437,0.9444374361672826,1.9572494164468612,2.3748729109822113,1.258224774939678,0.7204482016757388,6.232196874854713,6.612626543878989,2.9294255106291502,1.5316513200265622,1.7208551078561356,2.1405353314509843,1.1658113952962332,0.6755906210493319,0.712688731055837,0.18901940628533925,0.8079892005710697,0.28895093835446695,8.5,
TabICLv2,0.7,5.0,0.05,1.0,clip,200.0,24500,1,2000,5000,1.239996303561808,1.239996303561808,93,262,2,1,2.136199180646522,2.7616252117556543,1.7071271885922192,1.208904721038225,8.717940475750002,11.209736246416025,7.231583805237812,5.925360843026118,1.772244723213616,2.2944649983573813,1.4016380299680855,0.9480960456560327,1.9567602648503697,2.368583523290872,1.2600513289781783,0.7350745618215817,6.2331761644794845,6.593330774292043,3.006164348650232,1.6876066893949697,1.7202847549932934,2.134965165384096,1.1634954802753337,0.6824018270338595,0.6858529807386959,0.1743478180945011,0.8207271085195091,0.2859176974595268,8.4,
TabICLv2,0.7,5.0,0.05,1.0,raw,0.0,25500,1,2000,5000,1.1392161143737491,1.1392161143737491,108,258,0,0,2.179981571327935,2.811713122531969,1.737513785720319,1.075994374555449,9.213533946040865,11.97781458309613,7.443309704169301,5.805766813460438,1.7973041118855193,2.3130091628471203,1.4270761334723565,0.8186596446445491,2.162111750585975,2.7782704675812164,1.5500455247676284,0.821190521752946,10.940792913852405,15.05838691624462,10.218894111198788,8.301255427045822,1.6844863309059372,2.1101409771225157,1.0783958125577509,0.41421946617184885,0.7430500095484662,0.2124271954264127,1.381371647299349,0.49106069597447916,8.5,
TabICLv2,0.7,5.0,0.05,1.0,clip,200.0,25500,1,2000,5000,1.1392161143737491,1.1392161143737491,108,258,3,0,2.179858218759067,2.81181888931686,1.738037381247896,1.0833247724816029,9.21220405713465,11.98769768773611,7.483931497518001,5.882423004185915,1.7972464038495561,2.312582969875239,1.4254180893884092,0.8222182048351009,2.1618836005157833,2.777957074310897,1.551519495459309,0.8279858890364235,10.938861981186426,15.063449834205331,10.26748629037151,8.389930006873184,1.6843508248487598,2.1095350726127178,1.0773062029482698,0.4165599965012309,0.7323915105815987,0.20693569792766553,1.3761402415078847,0.48640509352893946,8.8,
TabICLv2,0.7,5.0,0.05,1.0,raw,0.0,26500,1,2000,5000,1.1036546822048185,1.1036546822048185,105,261,0,0,2.1225837654642508,2.74007522889366,1.665744955341037,1.1389126314035194,8.707451544330167,11.332325757236923,7.066901963094017,5.6289520528098915,1.7599227630831573,2.266857801609931,1.368276717522188,0.8916241129424384,2.0860541770668166,2.6243538055018907,1.6561144754640242,1.1735619953029035,7.606534627422447,8.599623648270992,4.458370731342943,2.979022985178959,1.7820142113477158,2.295266354781752,1.5017804634816652,1.07412639320169,0.8138398035512753,0.20032929626128945,0.8655758319977837,0.317420293159139,8.7,
TabICLv2,0.7,5.0,0.05,1.0,clip,200.0,26500,1,2000,5000,1.1036546822048185,1.1036546822048185,105,261,0,0,2.1225837654642508,2.74007522889366,1.665744955341037,1.1389126314035194,8.707451544330167,11.332325757236923,7.066901963094017,5.6289520528098915,1.7599227630831573,2.266857801609931,1.368276717522188,0.8916241129424384,2.0860541770668166,2.6243538055018907,1.6561144754640242,1.1735619953029035,7.606534627422447,8.599623648270992,4.458370731342943,2.979022985178959,1.7820142113477158,2.295266354781752,1.5017804634816652,1.07412639320169,0.8138398035512753,0.20032929626128945,0.8655758319977837,0.317420293159139,8.7,
TabICLv2,0.7,5.0,0.05,20.0,raw,0.0,7500,1,2000,5000,20.0,1.4270551610854958,101,269,0,0,2.1239867082458157,2.7590511137791043,1.7039087681046163,0.9399262271393751,8.577334594491933,11.182741637067348,6.826589898757919,4.028976593014318,1.7570557039337873,2.280088367897782,1.4126381648186854,0.7642858660274835,1.8241294727548047,2.217186131281672,1.0873194208834507,0.4006978512117152,7.308933427953702,8.564334456155937,3.082547599815823,0.7506101146227192,1.5122689223535148,1.856293529423465,0.9738727119143515,0.3808021845751563,1.1041065409067963,0.48756347045606796,0.8211056478511737,0.5822566453175682,7.2,
TabICLv2,0.7,5.0,0.05,20.0,clip,200.0,7500,1,2000,5000,20.0,1.4270551610854958,101,269,2,0,2.1202247287331475,2.72637978002715,1.6673067931044538,1.1477589257229845,8.71491315621409,11.063667694151817,7.00125167758264,5.487524961366406,1.7452572404658941,2.2523298013969377,1.3640239408692745,0.9010041035737393,1.8246547862383875,2.1530022967302176,1.0578247296304575,0.5320045391726232,7.514586434061717,8.007400750267609,3.168320626219217,1.5875126947774079,1.5011308772837322,1.8201269672012472,0.9378240117732654,0.4719893851126598,0.8249286317860566,0.2182843932519562,0.8342231149278303,0.3010462022861166,5.9,
TabICLv2,0.7,5.0,0.05,20.0,raw,0.0,8500,1,2000,5000,20.0,1.323544349501603,98,276,0,0,2.239834585280035,2.986380940325352,1.8426408671343695,0.9530964697615071,9.195872851590432,12.21189958250994,7.868119015715675,4.228108830900329,1.833427607824136,2.447379427784508,1.4906019236524815,0.7617536645806614,2.83726494817498,4.043946181487171,2.9850658726384847,2.1509717153501855,6.871661950731384,7.897022594172319,3.368288863959068,0.6315763588286014,2.601555047094208,3.8188299473844824,2.962676045033811,2.2397424855449275,1.3604751090589735,0.621852676511677,1.1253865050531897,0.7805594898544088,5.8,
TabICLv2,0.7,5.0,0.05,20.0,clip,200.0,8500,1,2000,5000,20.0,1.323544349501603,98,276,3,1,2.2099117022350576,2.8605585573804055,1.7441013015790485,1.1861725098815468,9.148891112613635,12.115747468227879,7.651113022193289,6.052467269402024,1.8045013895203064,2.319823557508707,1.398983766674406,0.9018589295200624,2.80637794595152,3.886217387310682,2.878365671079696,2.325121707420387,6.806228883636191,7.594967830588919,2.541484007105544,0.8257570759626625,2.572686400904744,3.6695334071360857,2.8980480036912257,2.412722181231212,0.8376651737662025,0.2099613527620411,0.9704607383837789,0.35120342257570925,7.8,
TabICLv2,0.7,5.0,0.05,20.0,raw,0.0,9500,1,2000,5000,20.000000000000004,1.6062322109323515,113,238,0,0,2.1732898945957992,2.830657457407013,1.8198209028163481,0.9114189687666107,9.317531503147565,12.261880206886358,7.785337166556232,4.146014328138707,1.8162278402414695,2.3592943716497508,1.521670362965426,0.7497571259420498,2.845182190536065,4.007748754792585,2.9870126283696825,1.9620734345441981,22.576408498460797,36.54862100487096,33.10134630675281,26.692378711763773,1.859035222605345,2.381388486939025,1.4819283328100055,0.72607749670752,1.0730067779992996,0.5389621605629423,1.0535342786765025,0.9944231324464776,8.4,
TabICLv2,0.7,5.0,0.05,20.0,clip,200.0,9500,1,2000,5000,20.000000000000004,1.6062322109323515,113,238,4,0,2.1239074119136747,2.742854292559441,1.683235305850385,1.1178228925431504,9.175316522383197,11.914103986504994,7.5754807130639055,5.958709092962854,1.7714850330199858,2.284484400253888,1.3887467701685667,0.8758802390992427,2.7957964817245555,3.9164449415347016,2.9215367645267625,2.3832242216728416,22.409371318818984,35.89113989091239,34.26014560281936,32.98745229967814,1.8155296167038764,2.31838164923065,1.3552644202357842,0.8536554937086963,0.7360457956221709,0.1972447786111412,1.0344607956386676,0.37590519426959723,8.2,
TabICLv2,0.7,5.0,0.05,20.0,raw,0.0,10500,1,2000,5000,19.999999999999996,1.1081663575636143,107,266,0,0,2.159505307576749,2.812323220390826,1.702383811869067,0.953514600117115,8.671504726553191,11.350890894319512,6.91682890280031,4.236344884028037,1.7936008197339668,2.3325473434865103,1.4093879533587779,0.7690547658289221,2.4088641781587,3.230650976224949,2.2077659596416845,1.3764100909156187,16.033265672928845,23.9668139629957,20.64261232636393,16.266204466755834,1.6433190160106521,2.0655011337067783,1.171925416010903,0.5397634276343561,0.8975221759179728,0.40344952197272593,0.9787735782341302,0.632834843228124,8.3,
TabICLv2,0.7,5.0,0.05,20.0,clip,200.0,10500,1,2000,5000,19.999999999999996,1.1081663575636143,107,266,1,0,2.1479854501803946,2.7712306221473404,1.6810060583166708,1.1140124642369928,8.64090741749053,11.166510799104625,6.911041425384414,5.301930516864632,1.7831529104033566,2.299505964971456,1.3871341935849388,0.878696409737848,2.3959868135926983,3.171840470185267,2.1711321417595295,1.5999067243985419,15.986600727356478,23.486091696867664,20.626862833468152,18.93708267119132,1.6323401509266304,2.0303975410983393,1.1341181231717616,0.6257434793949763,0.8797876343821246,0.22403033308107234,0.9826285962555787,0.3468405822093906,9.0,
TabICLv2,0.7,5.0,0.05,20.0,raw,0.0,11500,1,2000,5000,20.0,3.608513414877008,103,265,0,0,2.2853304120098854,3.0580501891554728,2.1212625833863217,0.9478348874241302,9.528654808496036,14.595742442271389,10.465644250031264,4.148784587265262,1.879949004392392,2.412329292201784,1.6542591743766262,0.768689867264067,2.1857455801723042,2.969906136042378,2.005345337030378,0.7785484661550983,8.639709244855776,14.014242411085636,8.192043124132418,1.3256755043451192,1.8245417003114555,2.351796502909017,1.6590993151545512,0.7479278399417181,1.2758644931695706,0.865062850603679,0.6694144568878608,1.214848670974817,9.1,
TabICLv2,0.7,5.0,0.05,20.0,clip,200.0,11500,1,2000,5000,20.0,3.608513414877008,103,265,4,1,2.17731348955939,2.8221558757601213,1.7164415157390114,1.05564011529906,9.268647036299445,12.167599384587675,7.364962188992541,5.2715538841403955,1.7804384336172328,2.2991268303875128,1.400315226739606,0.8196914038433147,2.087910658283853,2.705700276418521,1.459505905720267,0.772152081318805,8.441035870155352,10.801828649879171,3.6212704755765297,1.0274003577952218,1.732350324356515,2.252590663120301,1.3385201378191245,0.7578668029098821,1.1645968984977795,0.3118106178545459,1.1540840957468883,0.4318584038991229,7.7,
TabICLv2,0.7,5.0,0.05,20.0,raw,0.0,12500,1,2000,5000,20.000000000000004,1.0995469195092709,95,267,0,0,2.232312054096115,2.9077337501453977,1.7684747890371537,1.0350576466507002,9.47000349391105,12.321236767756844,7.608021957402336,4.980663904277904,1.8240163400816236,2.376695232143654,1.4390517816520907,0.8124764358358969,1.8841670493280875,2.312777798590889,1.2847479139751794,0.6038353231739897,7.530658917700496,9.661392275940402,7.1753593359581105,5.019849582811379,1.5656347592677804,1.8982246472170627,0.9524442482939109,0.3547172569742891,0.8217299451476647,0.32769962556489474,0.8865586329436079,0.5307693397268773,5.7,
TabICLv2,0.7,5.0,0.05,20.0,clip,200.0,12500,1,2000,5000,20.000000000000004,1.0995469195092709,95,267,1,0,2.2221302997433185,2.8689895505994047,1.7650772505020214,1.2328711159992873,9.43913343175294,12.208742279298539,7.980889159241227,6.661072051830368,1.8150016633083792,2.3421114651223993,1.414428237268688,0.9266531464520874,1.8780996708032427,2.3032512314385323,1.2594999810726115,0.7595200262977347,7.571998260145873,10.15841688253199,6.971269161528061,5.719751132172649,1.5568930527270792,1.8601223007725798,0.9372852396440031,0.47970136894117393,0.7110223728267353,0.17486534462172035,0.8817599171481516,0.30662522288131927,5.7,
TabICLv2,0.7,5.0,0.05,20.0,raw,0.0,13500,1,2000,5000,20.000000000000004,1.1446093171712202,97,258,0,0,2.199153262471108,2.858933826957284,1.7405043228862465,1.00691479785347,9.761835379542026,12.71649391613416,7.778382537803213,4.969845313789918,1.7876872172993874,2.3226093851589638,1.411998928654155,0.7913019608413223,2.244511721193855,2.8524781686038296,1.5528580468008109,0.6171966976414218,8.21166702221537,9.991181147873418,2.8499180585039285,0.34379968380552034,1.9198541784558651,2.4640797357376223,1.4822883540510419,0.6320715246278543,0.7373075211813751,0.3021646339554483,0.8814582929202739,0.5176349707819843,8.6,
TabICLv2,0.7,5.0,0.05,20.0,clip,200.0,13500,1,2000,5000,20.000000000000004,1.1446093171712202,97,258,1,0,2.192415562764465,2.8289612297547144,1.7478677279888442,1.23574479491855,9.756723925579967,12.587071758992819,8.121978433716881,6.650264191389162,1.7808610377525715,2.298047582233958,1.40106879039335,0.9411547476200645,2.236390141870483,2.8324079605414525,1.617617560369051,1.0331002450817257,8.129807245614638,9.737961012036761,4.526590420864579,2.8934928733618905,1.9157445044251031,2.4566946144246677,1.4593478433703484,0.9318810763562339,0.6061732321175447,0.15209644182366125,0.8228767007664759,0.28591020732062744,8.7,
TabICLv2,0.7,5.0,0.05,20.0,raw,0.0,14500,1,2000,5000,19.999999999999996,1.3477513094583948,103,236,0,0,2.1419972071039375,2.8109462090819974,1.7100069461961527,0.9315250068678677,8.994439726017502,11.608977997861187,7.1208274776155,4.160676994520879,1.8025395172501166,2.3751075226521303,1.441964619282852,0.7715586195701956,2.330952780921852,3.093852483742474,1.9520239250350304,1.2404479689835086,8.464346299366614,9.808167332506363,3.6745467854054836,0.9863450876131558,2.0271154865572494,2.7612373904787715,1.8666932375775518,1.2530357691521492,1.0461599301054503,0.4649243498175867,0.8078795188271948,0.5676341544181485,8.5,
TabICLv2,0.7,5.0,0.05,20.0,clip,200.0,14500,1,2000,5000,19.999999999999996,1.3477513094583948,103,236,2,0,2.122882802253498,2.737594398911822,1.6706613050729637,1.1350836411359426,8.968951984195163,11.492318950026375,7.27604663885644,5.782355977684101,1.7837408360615934,2.3039010752210087,1.3929805874464103,0.9048661198459832,2.3121201628290295,2.991439864987005,1.8709493169421632,1.355919004331768,8.439084240307007,9.490907264941423,2.9215244207132844,1.5365460944216784,2.008601371417442,2.6694679282974065,1.8189057139845684,1.3469710628411682,0.8413323197743308,0.2063181420326377,0.8733876019393241,0.30388440076649476,8.3,
TabICLv2,0.7,5.0,0.05,20.0,raw,0.0,15500,1,2000,5000,20.0,1.4196650985860169,88,253,0,0,2.2567429038714013,3.2239442596542967,2.2507432490026558,0.9309112728388343,9.6713907527459,14.668633790946021,11.617977604984482,4.040214300074448,1.8615657591978714,2.6139787126947844,1.7514994545928386,0.76519531204452,2.434858252887494,3.55184374692522,2.6710870339844606,1.1487317349814359,8.487436811868946,12.613355930447025,9.455463716525793,1.744852014811272,2.112275068682247,3.068893971818623,2.3095013376113918,1.116960420299121,3.3774777744295514,1.559311618011835,0.8033489605486706,1.0175303951794654,8.8,
TabICLv2,0.7,5.0,0.05,20.0,clip,200.0,15500,1,2000,5000,20.0,1.4196650985860169,88,253,6,2,2.1571729036781515,2.795628016025568,1.6845579645764315,1.0731840983720422,9.27830512101919,12.249882652537034,7.330892810948498,5.215207591882063,1.7776392085049304,2.2917463174712394,1.38362627800973,0.8524274217640717,2.341876912230711,3.0530077913092626,2.1102151266025517,1.4820727873217237,8.189521042177834,9.157745733904223,4.856018717524804,2.243299445145719,2.030216081205511,2.7276446778741406,1.9638725294878834,1.4415018278885086,1.157468689594324,0.3053454430241473,0.9635588573181668,0.3627579836515661,8.7,
TabICLv2,0.7,5.0,0.05,20.0,raw,0.0,16500,1,2000,5000,19.999999999999996,1.159660551832233,103,268,0,0,2.190060536543387,2.87698492057028,1.8243172958077196,0.9036450406095837,9.007174150489227,12.178570958627637,7.806265233859483,3.7667240892794043,1.8039687257789143,2.3501833444503792,1.4855256543457855,0.7414926346409633,1.968112348211126,2.5216721617582873,1.585789346120473,0.7200427741796487,6.345827791865701,8.202137053722879,5.931727093254802,2.2229649738835286,1.7201774921461586,2.199955215214223,1.3396542412531864,0.6349237654052107,1.5055130445179947,0.7030018561058617,0.9796192735789637,0.7781021364061522,7.4,
TabICLv2,0.7,5.0,0.05,20.0,clip,200.0,16500,1,2000,5000,19.999999999999996,1.159660551832233,103,268,5,3,2.1644181776584053,2.80297078720649,1.691476477276894,1.0755219130232598,8.869832698258811,11.685158259221849,7.010491164127786,4.976607385670481,1.7846525201096077,2.2999221307187225,1.390230506001315,0.8545813156713039,1.9416640690351687,2.452198765496052,1.368140187075414,0.7793706122747294,6.175043893091935,7.749442852098148,4.048534385367463,2.1272796339700886,1.701903757782588,2.152185786795849,1.2163342603758642,0.7030308790088043,1.104997192771879,0.2929310868143672,0.990695546474464,0.3634824455013046,5.8,
TabICLv2,0.7,5.0,0.05,20.0,raw,0.0,17500,1,2000,5000,20.0,1.0724172824124256,102,250,0,0,2.1657265506319288,2.806000002177063,1.7000950859702548,0.9913317428670413,9.742908350063528,12.731928190477756,7.756918456606769,5.01186636002554,1.7669275085565816,2.2835827291086055,1.3813149085683332,0.7797246577534359,1.9528471799975315,2.4684619097529534,1.3977707756533237,0.7597906689311749,7.162947911825671,7.7820592626824965,2.7012793453140675,0.32975632313408515,1.6786313520065768,2.188798891177714,1.329165061460653,0.7824240555520745,0.7495502237513814,0.31185874717266915,0.8863824803975965,0.5145147536121164,6.0,
TabICLv2,0.7,5.0,0.05,20.0,clip,200.0,17500,1,2000,5000,20.0,1.0724172824124256,102,250,1,0,2.158975624746244,2.7876540680240245,1.7290780078746781,1.2344705759265853,9.723060296050175,12.561424235477286,8.206501140975309,6.837714635499068,1.7608659052039315,2.273245111842274,1.3881610008693819,0.939562993843823,1.9544632497903704,2.425927217264688,1.4138190035768552,0.9402707417028451,7.3189157816043044,7.179727992859268,2.9261320513724702,1.7350107264277888,1.6721236428527952,2.1757271764439206,1.3342235800086653,0.8984423214541637,0.6804958677867807,0.17152750905909586,0.7524484499444809,0.266093699230059,8.5,
TabICLv2,0.7,5.0,0.05,20.0,raw,0.0,18500,1,2000,5000,20.0,1.3408658752571379,112,270,0,0,2.197535527976326,2.8844973210426446,1.8358956270900864,0.9592780183370789,9.099499215100964,12.133526752090509,7.527580120809925,4.053047937277542,1.8035545141235452,2.356540038509257,1.511000317723415,0.7826780441058051,1.868229306232822,2.403805541499411,1.4427187849759786,0.6640864680793188,5.353099295900799,6.569222296332482,2.973864268082856,0.5962182893141867,1.6693043808183707,2.1660333377351555,1.355317245771146,0.6679605501652777,1.1868491395277645,0.558622013678866,0.7016392091439358,0.6138834938640643,9.0,
TabICLv2,0.7,5.0,0.05,20.0,clip,200.0,18500,1,2000,5000,20.0,1.3408658752571379,112,270,3,0,2.175814173246805,2.8215258920304827,1.7538175419420652,1.2323206603647285,8.99710278971099,11.782918288262534,7.495301525992829,5.96258832842663,1.7864382902773905,2.3099876368544456,1.426079555537476,0.9623053812153176,1.850856671216067,2.3212733713870635,1.2657859667671465,0.748616799798672,5.276524005370756,6.113514826097294,2.066230564033213,0.4540654049709542,1.6553111785687593,2.104802928940602,1.2200946261198236,0.7654305157824955,0.652794026093446,0.18525876427500187,0.7641220366358372,0.277969517266997,8.5,
TabICLv2,0.7,5.0,0.05,20.0,raw,0.0,19500,1,2000,5000,20.0,1.1821602810017369,95,254,0,0,2.169625843353123,2.804367318608502,1.7093492899350895,0.9377746301089235,9.102100261739126,11.81249505443473,7.1775014513512625,4.206221297164638,1.7986084598153977,2.3222635586211733,1.4167006070442956,0.762851441438011,1.9293822808586163,2.3923988474486766,1.1760177820985531,0.4472570930464206,7.823040111543765,8.8741325724352,3.1533494397283146,0.45893396914096835,1.6139610653099379,2.045504543582984,1.0701934582388903,0.44663216120318083,1.002803304971605,0.4581459451881712,0.8939686830937719,0.6328510925164105,8.8,
TabICLv2,0.7,5.0,0.05,20.0,clip,200.0,19500,1,2000,5000,20.0,1.1821602810017369,95,254,2,1,2.1578027243519107,2.7775887512564914,1.692313557336996,1.128186428847261,9.08264739532549,11.719368654374723,7.339641149267737,5.7329113236936005,1.7871936753786093,2.2990358445156507,1.390075628902439,0.8817472962532936,1.9208722850086146,2.362708140146644,1.1602469603868606,0.5743701637664524,7.838652978389476,8.879495951736653,2.8076671667197677,1.0299630507260802,1.604160043938505,2.0139377852912155,1.072079085880211,0.5499874007475427,0.8505597858631361,0.2273479367015868,0.9206237473415355,0.33604037518469443,8.9,
TabICLv2,0.7,5.0,0.05,20.0,raw,0.0,20500,1,2000,5000,20.0,1.1450453051332237,95,271,0,0,2.1984935560507832,2.8539578687372704,1.7491007180696505,0.9430444281039657,9.145740614779601,11.922967570810831,7.336841371464627,4.150788437567665,1.8003747248146842,2.334249340663273,1.4288897396238827,0.7592215000928298,1.6633443919385722,1.9642408147090602,0.9695516579705221,0.30997625251462907,4.462727527754177,4.515918824359417,2.476759542904957,0.5419438206151704,1.5029229857626305,1.8180143946170224,0.8831796265014522,0.29668312268691777,1.1716123645450065,0.5138837198513662,0.992563854954426,0.7029755376428437,8.9,
TabICLv2,0.7,5.0,0.05,20.0,clip,200.0,20500,1,2000,5000,20.0,1.1450453051332237,95,271,2,0,2.186066374984516,2.8176839829016087,1.7198961351400075,1.1621112647800418,9.12302976466343,11.727990011779369,7.369130293025162,5.629760254743407,1.7885368595260709,2.3070701250403545,1.396161210888183,0.9060882416715468,1.650220752027897,1.9177034115492702,0.9088107219502148,0.40923890313681505,4.431182415524328,4.184344224486097,1.5728978374508016,0.20281163417596573,1.4908550064564163,1.7878113285917994,0.8707545561010589,0.421068420981685,0.912812393584703,0.24030233384010752,0.9037830641428644,0.3286547253187073,5.8,
TabICLv2,0.7,5.0,0.05,20.0,raw,0.0,21500,1,2000,5000,20.0,1.2721075687198609,100,242,0,0,2.15279407301026,2.781309438039088,1.7228352816156864,0.9101131476020462,9.060489064888088,11.81993926317781,7.435216762377374,4.030414758863905,1.8014569170551455,2.321589299812192,1.4322938107572736,0.7514092825483745,1.848612441374376,2.2720576123486755,1.3538179409950375,0.4801130515755254,4.503369365895435,4.255111094029031,2.7134899875847935,0.6193383123727496,1.71358697358663,2.171196127992508,1.284662700289968,0.4730318172096304,1.3045573333623772,0.6072518410823442,0.983033412107688,0.7840855622343119,5.8,
TabICLv2,0.7,5.0,0.05,20.0,clip,200.0,21500,1,2000,5000,20.0,1.2721075687198609,100,242,4,1,2.1349693889067325,2.7632129281934086,1.6903808992954295,1.1424692389451743,9.025792446910964,11.786132316036326,7.400674362371298,5.727169932261549,1.7844903683020616,2.3042918496188003,1.399945628579927,0.9092835374355981,1.832605876426975,2.2450197859347907,1.2307391061076745,0.6726718123808931,4.488622645080188,4.191640900112973,1.3056266507402499,0.17614649448223518,1.6975163308166188,2.14601131396524,1.226930197784622,0.6979259374190342,0.7162495361659187,0.20400744629276896,0.8771900738500422,0.32765488364844364,7.5,
TabICLv2,0.7,5.0,0.05,20.0,raw,0.0,22500,1,2000,5000,20.0,2.103881364496354,98,229,0,0,2.2771696879506367,2.931873805485768,2.430658151228778,0.9676489972873161,9.194152570348498,13.329262019248155,14.648576338308722,4.77911244003465,1.9451661079738791,2.4328166055378353,1.8442185652213776,0.7847051430871194,2.2386659773885693,2.8598119036761287,2.2967361286339103,0.7648111667000439,6.559356963413764,8.74300074188885,10.88726188500787,2.439014400547643,2.031280054982414,2.5774287043571777,1.884405296898501,0.68445221877485,1.8181503480333474,1.5181852282165522,0.38899881840702494,1.0566237000569934,8.8,
TabICLv2,0.7,5.0,0.05,20.0,clip,200.0,22500,1,2000,5000,20.0,2.103881364496354,98,229,6,2,2.1053411003540674,2.7247628941738733,1.6648468017081846,1.1128236102102422,8.823345690156273,11.426736913620285,7.051439814917152,5.228584318176291,1.7828881447756342,2.307082732687135,1.4062993692988668,0.9152739975243851,2.0620760508049254,2.6358853134889237,1.5149986501201875,0.9755520692258933,6.050982589970161,6.919370574114281,2.550066270042857,0.7991194977518673,1.8706152255127775,2.4302852035154996,1.4653171399625076,0.9840205368149841,0.948402535739781,0.2495687133633738,0.7568571493625347,0.29005252755789485,8.2,
TabICLv2,0.7,5.0,0.05,20.0,raw,0.0,23500,1,2000,5000,20.000000000000004,1.2485731279454158,117,233,0,0,2.189511013581806,2.934576617627744,1.8318312642164711,1.0028463007653554,9.328668739481856,12.580875143735398,7.507093822303243,4.407639609721898,1.8405653978623364,2.463087723861626,1.5544374785998956,0.8364278319197764,2.053862412166109,2.694269237079131,1.4513990234714955,0.580639537881538,7.902345047773658,10.004887357609269,3.9772854208976107,0.6466242174561911,1.7680020274175128,2.3369430314815807,1.3279395037315578,0.5774143584519398,0.9983869639750526,0.44327335014525243,0.6973325538240066,0.49044050035797027,8.4,
TabICLv2,0.7,5.0,0.05,20.0,clip,200.0,23500,1,2000,5000,20.000000000000004,1.2485731279454158,117,233,3,0,2.1611682446858747,2.8115179576457385,1.8008570685161684,1.3398528050443235,9.286429816787866,12.147850611340216,7.886321885542597,6.525220494523245,1.8129018410148523,2.3551794830682655,1.5034135395950106,1.0864039542684503,2.0237786536298907,2.554027598950395,1.434315216628347,0.9673038265432373,7.855311272651027,9.328469441161486,4.208767102646753,3.0342299139683195,1.738746746721579,2.2229084570927937,1.2987063872928555,0.8662772315421792,0.5705677380854474,0.1557254678813404,0.5795067223221404,0.19904038323218487,8.4,
TabICLv2,0.7,5.0,0.05,20.0,raw,0.0,24500,1,2000,5000,20.0,1.239996303561808,93,262,0,0,2.1504928844750246,2.8003121957197865,1.7451538382969138,0.9510004857957501,8.734619485527361,11.266378026704995,6.958386848842725,3.9816170265837125,1.7864065253623795,2.3321591252853997,1.4568745962616663,0.7834146829915193,1.9704785756694145,2.4068118886774457,1.2981250437862437,0.5058674634345995,6.26833760260479,6.798034728531267,3.3012716316565767,0.6147813959493438,1.7328173124661497,2.1639878312604552,1.18735585720498,0.49984478502200713,1.0432502332078455,0.4489557250370647,0.8366684978919878,0.5889741128589638,8.7,
TabICLv2,0.7,5.0,0.05,20.0,clip,200.0,24500,1,2000,5000,20.0,1.239996303561808,93,262,3,1,2.135891787519211,2.763822888563004,1.6993264380577624,1.1775569044037366,8.705926045604368,11.229580880942073,7.102514660703971,5.665581714159467,1.7725847010653681,2.295686840862852,1.400543129840517,0.9293799309643104,1.9565833622204825,2.3724542633857837,1.248184242123189,0.7060167588282756,6.223838499512244,6.612272125956715,2.8736686174711914,1.5023209721354898,1.7206144204791483,2.138002536920274,1.1582988672094747,0.6619830518028451,0.7570535930610488,0.1968512485398178,0.8627675423912764,0.30572303749850627,8.9,
TabICLv2,0.7,5.0,0.05,20.0,raw,0.0,25500,1,2000,5000,20.0,1.1392161143737491,108,258,0,0,2.200722460705614,2.8552361467995504,1.765171857364745,0.9476613158277407,9.323554948449031,12.327977379727589,7.419878460104933,4.648809887814128,1.813187500385538,2.339848707302411,1.4575138431287753,0.7462913597812441,2.18501732333495,2.8146561801638694,1.6002456450335831,0.716941058422034,11.07403812422829,15.393209224181133,10.946171243839597,7.278073665267221,1.7013886083137602,2.130289523614638,1.0917579173887177,0.35996674113691,0.6551642644785212,0.3303915375982832,1.184686097836273,0.8298278458766895,8.5,
TabICLv2,0.7,5.0,0.05,20.0,clip,200.0,25500,1,2000,5000,20.0,1.1392161143737491,108,258,4,0,2.179643063056985,2.8108034309844494,1.7514219524347918,1.0548364180796805,9.20717043531305,11.9301273717928,7.370968912514502,5.660436145747037,1.7972934084719863,2.3146445156051674,1.4456768837505731,0.8042576053976521,2.161582644550093,2.7783836099024293,1.554695746219247,0.7962819915799073,10.931267230281641,15.017634487938265,10.084307194896496,8.09495106403166,1.6844467054698022,2.1124775098321544,1.09062156786439,0.3991802158117605,0.8022565169440516,0.2283259852514627,1.5023433855851456,0.533560130891878,7.0,
TabICLv2,0.7,5.0,0.05,20.0,raw,0.0,26500,1,2000,5000,20.0,1.1036546822048185,105,261,0,0,2.1339130096212453,2.764489827515323,1.6816175124626032,0.9180416318658867,8.739344223908653,11.312033216932504,6.83920373895263,3.993345943575808,1.7701194778784697,2.293734641898551,1.3975639135780507,0.7486695226959584,2.0987044951247813,2.6679605407364004,1.7051275909864905,1.0563548760433086,7.647987495550192,9.12287251418889,4.601622504179653,2.1399280045627393,1.7930782315436389,2.312456842683837,1.5456033934040012,0.9966771831664206,1.1055128570490251,0.48708829345810406,0.9351658346017678,0.643057595607253,5.8,
TabICLv2,0.7,5.0,0.05,20.0,clip,200.0,26500,1,2000,5000,20.0,1.1036546822048185,105,261,1,0,2.122421889529405,2.7424182272605275,1.6602942530484557,1.1145920998858567,8.709309102072806,11.38864231526633,6.98006017687902,5.422036583816869,1.7596496670196284,2.2662282110188063,1.367308621877369,0.8773599812308674,2.085334634251456,2.626599411947764,1.6519004889180942,1.1492765501041113,7.600102977621727,8.67317486365305,4.380420099985698,2.7606220679357323,1.781609262312304,2.2935848112102497,1.5016275160359158,1.0605318402172041,0.8842307343091491,0.2241967239798934,0.886986981290015,0.32980823191965664,5.8,
TabICLv2,0.7,20.0,0.05,1.0,raw,0.0,7500,1,2000,5000,1.269281951206016,1.269281951206016,101,269,0,0,3.5082354319737568,4.629278724406003,3.143589982677358,2.5208343637178747,34.493894327773184,46.44943140541096,33.81496901280463,30.185665814042206,1.7464213878033816,2.251426035505066,1.3996455821057583,0.9478392971067469,3.0049755612374414,3.6806613349508885,2.0909160579125006,1.4434341780212085,29.438312965744327,36.42114546995988,21.616888399710437,17.707532311702522,1.5020020330589692,1.8190696561689357,0.980688503496173,0.518673578156429,0.35276649178648384,0.08785549022879116,0.6749697576826736,0.2581359454644037,8.0,
TabICLv2,0.7,20.0,0.05,1.0,clip,200.0,7500,1,2000,5000,1.269281951206016,1.269281951206016,101,269,4,3,3.5154351235958208,4.646160188989558,3.2666367568285013,2.7051138505512755,34.614784618094625,46.63559697956279,35.90293743822758,33.05743243934194,1.747156743967797,2.258682172362164,1.410968846598876,0.9793109124019018,3.0157010675041587,3.708386934199404,2.2343070605495257,1.657274226749683,29.629756434319784,36.90499224954063,24.109984988215075,21.147173411945204,1.5024520939946675,1.8208606543797479,0.9904775609633847,0.5490977564859766,0.2958961735030157,0.06946414856600981,0.6401474806051812,0.23642839000601318,8.2,
TabICLv2,0.7,20.0,0.05,1.0,raw,0.0,8500,1,2000,5000,1.6629626682040533,1.6629626682040533,98,276,0,0,3.74127082296728,4.932415787021956,3.124035809003782,2.344015146256335,37.03187293924685,49.51095648271164,32.286215235363485,26.85769297498671,1.7962652801871872,2.3279117158936,1.4202336240598197,0.9118019623593024,3.950530758167665,5.256645380952635,3.3932830178668802,2.600126564093453,27.691284783927532,32.109848113564865,11.882644930382979,5.900521307299501,2.5634756965441,3.6877453059735945,2.897291509006923,2.407300791628409,0.6190831740624966,0.15692539053914445,0.8644780435298494,0.349721444242842,8.2,
TabICLv2,0.7,20.0,0.05,1.0,clip,200.0,8500,1,2000,5000,1.6629626682040533,1.6629626682040533,98,276,6,5,3.7448791044506513,4.971900343278903,3.4438249779760137,2.8342712271312163,37.19118405753413,50.54963379984937,38.01372157412922,34.76842743941084,1.790776613542303,2.309018371641849,1.424076573967063,0.9685161224341001,3.9519328280515578,5.290957387259732,3.798622052416086,3.1771950933017434,27.798701381293988,33.01273275109532,18.852669480864996,15.370983392929578,2.5586838609273177,3.6713109011423266,2.9190883753940917,2.4647722375233183,0.3244169512028078,0.07611454239261678,0.7689024126839417,0.2868218711529537,8.7,
TabICLv2,0.7,20.0,0.05,1.0,raw,0.0,9500,1,2000,5000,1.3203105384328482,1.3203105384328482,113,238,0,0,3.4375554231571988,4.476028992283368,2.978927777772016,2.3168904005615008,36.77505986708508,48.29860336848155,34.54736205302955,30.4598690783436,1.7713802745526546,2.285820529130245,1.4011689878704428,0.9103324574048146,5.995429671659704,9.048460147177778,8.046777169292001,7.472230227997562,89.62597135479332,143.6555240568213,141.8573707678705,139.1948928737541,1.8156587937542445,2.320933643503866,1.359057455629319,0.8888632163028831,0.39801619878144545,0.10404302323333194,0.8203570232277557,0.3243360007948433,8.7,
TabICLv2,0.7,20.0,0.05,1.0,clip,200.0,9500,1,2000,5000,1.3203105384328482,1.3203105384328482,113,238,4,1,3.4470422723081384,4.511017453487222,3.0860335015837173,2.4803887541672665,36.97287813365181,48.972852615011725,36.74696088767572,33.41313128660476,1.7714545077134745,2.2888593752757904,1.4036939976169187,0.9344012021470808,6.001626314181294,9.073205177078817,8.140073493378836,7.630210383622728,89.74607160124746,144.02292634715846,143.67917934500397,141.98916447593894,1.8161626480070512,2.3285530060416573,1.3659644650951752,0.9150841606132223,0.34213795181667456,0.08218961072825143,0.7678780107106205,0.2907389857152467,8.8,
TabICLv2,0.7,20.0,0.05,1.0,raw,0.0,10500,1,2000,5000,1.2584128331965998,1.2584128331965998,107,266,0,0,3.548620346608339,4.598477229607063,2.9573524025825058,2.2485599684197783,34.94909155346043,45.45794159294032,30.62343675092045,26.223944437792586,1.7842508195651086,2.3026137905182065,1.4028153437194106,0.9014006382860299,4.979064721342302,7.025813342662225,5.659107591182065,4.967130087308306,64.51582021090492,95.89204509678795,86.31674534447403,81.8345626872502,1.6337379447847051,2.032484731213675,1.127013877118764,0.6480052306153303,0.5027940693018875,0.12341684911798781,0.818575694077267,0.32889845908015114,8.1,
TabICLv2,0.7,20.0,0.05,1.0,clip,200.0,10500,1,2000,5000,1.2584128331965998,1.2584128331965998,107,266,3,3,3.5688901912764313,4.666477171164601,3.129178342679926,2.5108448240128216,35.33114751765101,46.7779816487172,33.63940441482538,30.256273521379402,1.784192166600547,2.300262513152562,1.4148310390908492,0.9518494641692407,5.007740123769071,7.125149200508982,5.838987240765189,5.250095486382644,65.05213528541873,97.8253626109262,89.6099341422073,86.46793057832652,1.6338894450620975,2.0287705002193785,1.1319589611319825,0.68652469329919,0.3507508671603776,0.08337908655435204,0.7347761244294022,0.2733402943273534,5.8,
TabICLv2,0.7,20.0,0.05,1.0,raw,0.0,11500,1,2000,5000,9.449392083690748,9.449392083690748,103,265,0,0,3.6810454984529324,4.815929513756239,3.023465986277998,1.8799326439671866,37.2714062008455,49.01152189281102,30.979628608577915,22.187906202300116,1.801120348266231,2.342469750197735,1.458865543847274,0.7433723497838228,3.448177772594718,4.529845136807384,2.497533015462759,1.0540024396085825,33.73567829836599,44.38502621709662,21.94169851962745,6.990720666502429,1.7531011856191336,2.2993017394944704,1.4093167834450946,0.7217468260654211,0.6841903055887177,0.2343109804667034,1.1276399917780286,0.7517120050897022,5.8,
TabICLv2,0.7,20.0,0.05,1.0,clip,200.0,11500,1,2000,5000,9.449392083690748,9.449392083690748,103,265,7,5,3.684754874161443,4.8198007451452884,3.1827838282464853,2.5017349674276863,37.686897594544654,49.89124802416881,35.096606107871175,31.068565924910025,1.781783845459954,2.297322703130244,1.396688177961261,0.9029577332708081,3.440301692625604,4.52197839218177,2.7878042393551667,2.034528803442014,33.91376189814626,45.157130334787325,28.170669980662918,23.510305185833978,1.734817647332473,2.247782982511131,1.3672214681943315,0.8326110122416187,0.45868212691103405,0.11285190083961091,0.7810347019715927,0.3040126793720199,8.7,
TabICLv2,0.7,20.0,0.05,1.0,raw,0.0,12500,1,2000,5000,1.2547423252491827,1.2547423252491827,95,267,0,0,3.7639233603841,4.86038557278984,3.4425469363110546,2.8562512774082274,38.28722899072289,49.51275997253504,38.64340971929207,35.81290297565472,1.8163800256491633,2.3414369218851356,1.4567809605967232,0.9970866876275782,3.136314002591863,3.7935251461074078,2.441503876806132,1.8851413629786948,31.078127453184557,38.00367979622403,28.420263556674705,25.92823558030098,1.5600485913710203,1.863647417060052,0.9759790860761698,0.5288121519021998,0.33751068613871443,0.07526729636438302,0.6718901455877343,0.25090398051647134,8.7,
TabICLv2,0.7,20.0,0.05,1.0,clip,200.0,12500,1,2000,5000,1.2547423252491827,1.2547423252491827,95,267,2,2,3.774674933355109,4.906775736972944,3.5335519940147804,2.9668649011922916,38.480142884535105,50.32609024383187,40.24569393428411,37.60484038444488,1.8168553806475114,2.3445621360155524,1.4625310985886424,1.0128527621624077,3.1500675597637793,3.8039676427008744,2.473498900574406,1.9368270480615006,31.327546401834322,38.16354645371971,28.92997365226317,26.675217532525313,1.560507692695781,1.8656605346210033,0.9810250449435369,0.5412744895675563,0.2939708276655889,0.06562597062344834,0.6555444882843507,0.24158614634577188,8.5,
TabICLv2,0.7,20.0,0.05,1.0,raw,0.0,13500,1,2000,5000,1.2796906569126407,1.2796906569126407,97,258,0,0,3.7261157068494284,4.952018621180876,3.251961449201571,2.5406878117248297,39.44252495042477,53.66003182065915,36.751574139674574,31.712782857195773,1.7828779200838356,2.3019411421708815,1.4293338502682027,0.9535092959653391,3.5296666260659664,4.5272284283120765,2.7466724218090466,1.9463313981455406,33.1584405002481,42.50419824091576,25.583361204902886,20.108659030632904,1.9176413920847373,2.460999366386359,1.5041870346225827,0.9581659554669789,0.37766961525471077,0.10014623498778395,0.7106554190122247,0.2767725983203613,8.7,
TabICLv2,0.7,20.0,0.05,1.0,clip,200.0,13500,1,2000,5000,1.2796906569126407,1.2796906569126407,97,258,3,3,3.7448457401421185,4.9794144925685435,3.453959330432923,2.8641241833148077,39.81493808467728,54.15563293792134,40.50370193762363,37.179233845744356,1.7823649672846587,2.3038631726822034,1.4381783113154196,0.997127495649936,3.5393591278380874,4.583969274085782,2.986240439859217,2.334655422108899,33.331730589628584,43.36895417630638,30.05835942903831,26.63762398466287,1.9184329707014462,2.473778193366062,1.5133162097436108,1.0123935306835674,0.2759140202966527,0.06730010342546791,0.6583982748156036,0.24171258806853138,8.5,
TabICLv2,0.7,20.0,0.05,1.0,raw,0.0,14500,1,2000,5000,1.1932681320300267,1.1932681320300267,103,236,0,0,3.4256497526985665,4.493300433692984,2.951654962339658,2.311568491900803,36.54970071989503,48.803416748635975,33.882104192884476,29.89132151920618,1.7847437853899253,2.29825688828439,1.419416083580511,0.9453170824876903,3.540021382492455,4.602355062611858,2.7515366055831296,2.0488144981138916,34.41493120974474,43.23921199552995,21.335822466055394,15.559577485596192,2.0105338259786976,2.6883545932229684,1.8309044764749323,1.3795155759800075,0.41058582408037286,0.1008282055942552,0.6852563201823048,0.26398831149319835,8.6,
TabICLv2,0.7,20.0,0.05,1.0,clip,200.0,14500,1,2000,5000,1.1932681320300267,1.1932681320300267,103,236,5,4,3.4364065922821596,4.550917415835418,3.1194044012329054,2.549775312881043,36.75259751393136,49.88389592461715,37.13192133732187,34.01577212594684,1.7859823568688076,2.305203115232461,1.4344854262293378,0.9910063691607394,3.5506307853934764,4.673734705190708,3.0367047877280458,2.4070539573397665,34.61686497206634,44.519302671209,27.08056065146351,22.327237818202267,2.0116653638874316,2.6998568630453854,1.845615370464912,1.4202438416463259,0.2953539502757215,0.0693516733414261,0.6315683907509912,0.23004392871484697,8.8,
TabICLv2,0.7,20.0,0.05,1.0,raw,0.0,15500,1,2000,5000,1.2167005581617019,1.2167005581617019,88,253,0,0,3.573252291529182,4.644258203423048,2.8352884038166883,1.8926101446198405,37.22151684225532,48.4428261807412,29.662553057508802,22.3401497277582,1.7799068246377316,2.3099338515668255,1.4054805341339187,0.8028213275703345,3.6034394988169938,4.451923506531888,2.9218803331643253,1.9133150735160096,33.08478621285797,36.35979959001927,20.708432458536414,12.327217742215163,2.0321774978369294,2.751335208844442,1.9739136831286945,1.3582871874446198,0.9038171809304926,0.23656355629875783,0.9795539907379902,0.45975972461635933,9.0,
TabICLv2,0.7,20.0,0.05,1.0,clip,200.0,15500,1,2000,5000,1.2167005581617019,1.2167005581617019,88,253,10,7,3.5734187475732098,4.607600820372618,3.0636729370942093,2.397967309763737,37.23871139258155,48.05631322698503,34.327273512692045,30.518953415553003,1.7791657374221435,2.2919226575596965,1.3974224745649795,0.8992082019557143,3.6125102745963638,4.431770525263886,2.9641642916819673,2.3119604358222556,33.280680845543124,36.49458738251922,21.778472031291567,17.522449624895614,2.031291156321762,2.7229243771944525,1.9614215366532697,1.5012897459474799,0.49461492162461385,0.10997107077863673,0.7849309337627965,0.3102527208789533,5.8,
TabICLv2,0.7,20.0,0.05,1.0,raw,0.0,16500,1,2000,5000,1.2775693201123342,1.2775693201123342,103,268,0,0,3.6069447704219595,4.715049937861973,2.8660712182729555,1.9244078201582946,35.74726799381939,47.25912111008087,28.65540198372205,21.627421064755367,1.7866559657155954,2.305537876544419,1.4054751394182732,0.8085144242259159,2.9520898178957444,3.72301262508177,1.9978220183772464,1.1496387820895644,24.987993448200633,31.30597021151762,15.177709466277273,9.423149967733234,1.7040716072191358,2.1608332858668904,1.2513702356136776,0.6810629161232703,0.8114906439822671,0.22305511409769602,1.02234690369762,0.45676201516890297,5.7,
TabICLv2,0.7,20.0,0.05,1.0,clip,200.0,16500,1,2000,5000,1.2775693201123342,1.2775693201123342,103,268,9,8,3.634040068946635,4.724278109384221,3.1330400887444987,2.4751292035910533,36.26623904450723,47.55469951176914,33.67124546607888,29.975161037482597,1.7858935504660254,2.298548410348051,1.4034883049056117,0.9176464200993091,2.970338826366209,3.6696858964700434,2.0657743782961506,1.4303231846162245,25.336545599189563,30.521386373530873,16.727483183624468,13.131523663033496,1.7036136752426543,2.148921795064232,1.2353986471406158,0.7676178320769538,0.4002151809224666,0.09637826244414911,0.7770176918574685,0.29416703687646717,5.8,
TabICLv2,0.7,20.0,0.05,1.0,raw,0.0,17500,1,2000,5000,1.163515594798851,1.163515594798851,102,250,0,0,3.646901375027513,4.7108240785977085,3.203929129480935,2.57651806844002,39.47098969107858,51.0355779422127,37.463224181747755,33.80423055633967,1.761423042603773,2.272679138407446,1.4008083372563653,0.9329542532874069,3.096222943576873,3.577998075904575,2.065890951191738,1.4774383901769128,30.15511270238825,30.078738496938303,15.698254089365026,12.436979929853281,1.6720708510078532,2.1832222642712202,1.348398154445775,0.9006204144044727,0.41819222127780564,0.09858690587092428,0.705613649735251,0.27625068398670655,8.7,
TabICLv2,0.7,20.0,0.05,1.0,clip,200.0,17500,1,2000,5000,1.163515594798851,1.163515594798851,102,250,4,4,3.667597973099332,4.758792063231087,3.3694851383708433,2.8033299443068316,39.87761634559976,51.90033547506519,40.425839997226255,37.49220618623219,1.7618075324414155,2.2776581994503444,1.419150672115295,0.9775996157844444,3.123094309917608,3.638075531387446,2.2394962388590263,1.6990598526399838,30.684670925344545,31.316069732577485,18.87762875840554,16.033572936215734,1.6724850143688217,2.1813389944827075,1.3638050536197361,0.944611795609681,0.3271810558605462,0.07414207596444045,0.6404033358115582,0.24302736393736607,8.6,
TabICLv2,0.7,20.0,0.05,1.0,raw,0.0,18500,1,2000,5000,1.3397387363002493,1.3397387363002493,112,270,0,0,3.649649298244242,4.817389416492352,3.2285945248997545,2.567827484995461,36.29191672989245,48.81410555748372,34.4777221121603,30.43403877063783,1.7863486203277479,2.3059489602412597,1.4448176858806534,0.9771558048425139,2.7037488232317677,3.359812908635798,1.7535922954835594,1.0824637227128284,21.091221874904907,25.524579169703483,10.679855952519961,6.357560188714855,1.6541467674280155,2.094593692887748,1.2440592748916297,0.7813482796218036,0.3849755061064311,0.09908435535344878,0.6504215246910005,0.2579904150892183,8.7,
TabICLv2,0.7,20.0,0.05,1.0,clip,200.0,18500,1,2000,5000,1.3397387363002493,1.3397387363002493,112,270,4,2,3.658474578877698,4.855593489702249,3.4116890168350866,2.829537506200193,36.452042152462326,49.289716900884464,37.389528804682705,34.322380025038974,1.7865373178062711,2.3191847537573875,1.472150593427295,1.0318488211924826,2.7078782884263144,3.37003291329047,1.8725999662220325,1.2921413105898203,21.171172272156113,25.484766284824886,12.492719048515564,9.298505922673233,1.6539481878751419,2.1076696975792033,1.266377523892381,0.8351183834730082,0.3083041363179124,0.07279907886873727,0.5846657680669713,0.22276812109572064,8.7,
TabICLv2,0.7,20.0,0.05,1.0,raw,0.0,19500,1,2000,5000,1.5140924212540858,1.5140924212540858,95,254,0,0,3.5584674893761767,4.613633433042397,3.021034308588643,2.3179510627128592,36.650958100767326,47.76014234457183,33.14686171895814,28.764918663230745,1.7873986703088884,2.3044860955943403,1.4087376035246202,0.9025423457867017,3.1229163024294846,3.8991681294495733,1.886521878427952,1.0999309695573225,31.49762586528136,39.07213728143558,16.783746282514684,11.134667021565487,1.6043372402793836,2.0167546940082652,1.0892410106154722,0.5628844130444542,0.5109365647777895,0.12861875211857043,0.7649517452039001,0.3214675229164582,9.0,
TabICLv2,0.7,20.0,0.05,1.0,clip,200.0,19500,1,2000,5000,1.5140924212540858,1.5140924212540858,95,254,2,2,3.575908599231049,4.667364277615787,3.236317855863951,2.6486186520200654,36.98592208711594,48.72732264746343,37.04034076074958,34.00584441286777,1.7878463518811196,2.3093302645645233,1.4271687159901731,0.970419043243134,3.1307985770364017,3.9465352097360302,2.277538610269965,1.6299575141559086,31.633660354475467,40.014659329546404,24.27617280982812,20.284639722175907,1.6053609682143362,2.016214197002816,1.1001991482624276,0.631582191602794,0.3482913169263494,0.07909883685468391,0.6785126841029203,0.2580829408106721,8.9,
TabICLv2,0.7,20.0,0.05,1.0,raw,0.0,20500,1,2000,5000,1.1972216240109854,1.1972216240109854,95,271,0,0,3.6940231246796777,4.775767904188574,3.1514380483696103,2.4588143103409568,36.94362227843195,47.814026656025746,33.41129034367078,29.176503994998296,1.7886221158687516,2.309418121624,1.4173674262451408,0.9277308033538272,2.386965866713707,2.6129835682237847,1.1132190814214196,0.5162855515413519,18.035601056288264,16.907257900359976,5.164965706681824,1.9714915841936145,1.4902054234118027,1.7938361070250308,0.8810297527164992,0.43289353740543246,0.4778363318378076,0.11754842630347564,0.7904381188358882,0.3117350455300948,6.1,
TabICLv2,0.7,20.0,0.05,1.0,clip,200.0,20500,1,2000,5000,1.1972216240109854,1.1972216240109854,95,271,3,3,3.714861972893554,4.810094234542505,3.3301587480902564,2.730069467262265,37.33512762941011,48.44027560465779,36.426422731247854,33.26968866183114,1.7882195552754556,2.309823743677366,1.4335447621660204,0.9799665275861887,2.4025504191462876,2.6225331075914333,1.1558029301978976,0.6176201171254696,18.33702618759219,17.105335557899934,5.600626680915378,3.138407345726073,1.4894096001044526,1.7925818570028091,0.9010879298924551,0.47316392364888593,0.3541337043313201,0.08108387940851246,0.722023028831802,0.2652550894146585,5.7,
TabICLv2,0.7,20.0,0.05,1.0,raw,0.0,21500,1,2000,5000,1.7607523883819804,1.7607523883819804,100,242,0,0,3.452616234210565,4.513081262734426,2.9186239331631327,2.1958974593283065,36.22625191589095,47.89534843024827,32.40230330790455,27.342272229971066,1.7856931919729324,2.306585118443054,1.419033683333914,0.9169099237050305,2.4812291670903246,2.8455654807113198,1.382332439022873,0.7087086128204823,17.840995668088855,16.536372899374143,4.034291824262304,0.4899286263418666,1.700005229881068,2.1492276506742454,1.247449258857269,0.7198361363025809,0.49438930458588504,0.13045310259352244,0.779672763368177,0.3183096645914055,6.9,
TabICLv2,0.7,20.0,0.05,1.0,clip,200.0,21500,1,2000,5000,1.7607523883819804,1.7607523883819804,100,242,4,2,3.471900348469409,4.552952770518473,3.17281693061522,2.5944833837685883,36.61447738262727,48.71901885532902,37.298062190343074,34.251657960584005,1.7862123194096766,2.306591275662619,1.4371487185819833,0.9843454586762534,2.498965246152821,2.868344048279929,1.4500681539649323,0.8824227119944841,18.22318565217599,16.977893397975144,5.276772956151924,2.626759575906824,1.6992045613571918,2.150708289005814,1.2554354170735385,0.7937027622116372,0.2989460548516839,0.06956374682801221,0.68078574551199,0.25605758398872924,8.4,
TabICLv2,0.7,20.0,0.05,1.0,raw,0.0,22500,1,2000,5000,2.37528072237276,2.37528072237276,98,229,0,0,3.363174875006526,4.526159633228463,2.9523823714536155,1.5497164377195622,35.65010246609048,47.3643192701589,29.110392541686497,17.587163062436883,1.8134564892680594,2.469999801566952,1.696841744963712,0.7799458912806045,2.94845814106271,3.779216185537192,2.128598263838483,0.7356569146566717,24.68425807469421,28.26355608942212,12.179366400523362,1.5937180718787467,1.905176190779412,2.6040089254261782,1.6461782463786552,0.6944714179046585,1.0419714544391134,0.386196817083605,0.6114539045185452,0.5953798497808721,8.3,
TabICLv2,0.7,20.0,0.05,1.0,clip,200.0,22500,1,2000,5000,2.37528072237276,2.37528072237276,98,229,6,4,3.3359472534722023,4.3738905070794285,2.912431149838742,2.297873577000456,35.64286862804385,47.27208844357573,33.63662218052015,29.96524303774438,1.7852691996518486,2.3148489377108143,1.4377214986071254,0.9698862354556314,2.917247478592826,3.627238245074878,2.0873930219627654,1.4254082898403395,24.649209358810825,28.20685654169706,13.9058565416993,9.673051818890816,1.8741497484377385,2.4474577818750287,1.5201265901833338,1.0295352300724585,0.4270014714129358,0.10293149449430357,0.6332576517923971,0.2482771495844173,8.6,
TabICLv2,0.7,20.0,0.05,1.0,raw,0.0,23500,1,2000,5000,1.1021969735403065,1.1021969735403065,117,233,0,0,3.4908987498698125,4.554628808246513,3.227509508585473,2.6782184143569534,37.772724047489454,49.41730504237618,37.65602451016629,34.623192928506136,1.8152819480352462,2.3618443394921163,1.5447228512814393,1.1168215060714994,3.1518987688588065,3.9222308641922523,2.46329445567494,1.889880551252403,32.02877216293414,38.37009335698372,25.205699173997633,22.115312959594117,1.7404635893287972,2.2384985460004305,1.3516980010138977,0.9013079162317152,0.33462223188779144,0.08038936470225304,0.5231955093812647,0.19050592666178234,8.9,
TabICLv2,0.7,20.0,0.05,1.0,clip,200.0,23500,1,2000,5000,1.1021969735403065,1.1021969735403065,117,233,4,2,3.4972116448833055,4.571841300906379,3.2665301101431097,2.7295456273444274,37.89864564125611,49.73544899398393,38.394465427487376,35.492109990433434,1.815748644850819,2.3643479943221397,1.5495573958697273,1.1281868069962542,3.1580963884846,3.9445397170937233,2.5181403607945634,1.9475459431742543,32.15231084040451,38.79385162777676,26.255036057555433,23.056082534078804,1.7409258478306588,2.2411854743437445,1.3579354735813722,0.9158092060899748,0.31290087008957157,0.07479063156092242,0.516568028266132,0.18613447978858808,9.0,
TabICLv2,0.7,20.0,0.05,1.0,raw,0.0,24500,1,2000,5000,1.8349991840701043,1.8349991840701043,93,262,0,0,3.530211489843502,4.544504437431868,2.9048818659390285,2.1843733107384984,35.26070367140116,45.1792064203053,29.551832870975687,24.720074925122958,1.7755916182588452,2.297503188062337,1.4313695900167822,0.938203234130493,2.96274953944488,3.427336969105924,1.7892263620583482,1.0257319795070463,25.374427384030565,26.557797134077006,12.588897406151016,7.689134390899104,1.7234376788958197,2.148278175686249,1.1920305381764826,0.6572618588264385,0.6483968029156377,0.15836395078929627,0.7223279934858686,0.29571498807674135,9.0,
TabICLv2,0.7,20.0,0.05,1.0,clip,200.0,24500,1,2000,5000,1.8349991840701043,1.8349991840701043,93,262,6,5,3.550169512966904,4.677658340347742,3.2141588648812642,2.644016810534615,35.681146330686985,47.72168863049173,35.23365286953129,32.306504846939674,1.7734038045999425,2.297427032619223,1.4435578878406754,1.0037525923965556,2.984742809778304,3.5706868781483734,2.0084797978762925,1.410277609536548,25.830725116524846,29.077192842305,16.270421125361363,13.494998587288855,1.721414957442383,2.160238468986482,1.2198287578169658,0.7420216162543393,0.31458791364840205,0.07241426089048476,0.6504379318811628,0.2406750370086556,5.9,
TabICLv2,0.7,20.0,0.05,1.0,raw,0.0,25500,1,2000,5000,1.3499728803809021,1.3499728803809021,108,258,0,0,3.6296628889396363,4.853840194359657,3.2544145234250323,2.5725442895786337,37.2826946288285,51.49827880039632,37.36401159860154,33.539507810486484,1.7986881548841056,2.3160364912054057,1.398599246032468,0.8877116053959624,3.8810744354496927,5.289265580961369,3.572572751359562,2.7891188119042605,44.254979882708895,63.63446489084508,49.19315962667693,44.79494126003248,1.684434282477767,2.114853640440493,1.09047418243677,0.5036902603190474,0.317596420499081,0.081949119899415,0.9044400195302711,0.35201601754100753,5.8,
TabICLv2,0.7,20.0,0.05,1.0,clip,200.0,25500,1,2000,5000,1.3499728803809021,1.3499728803809021,108,258,2,1,3.6366909876278646,4.88607836999564,3.3616244359443925,2.7318983520434164,37.41526578340105,52.10364663883791,39.33495950218436,36.06493233864885,1.7988857794225754,2.3170921588270805,1.4044079772582034,0.9183338711188693,3.888626715512565,5.317959660561897,3.702301980925656,2.9767028962924784,44.40132687253793,64.18769795237571,51.42689294297621,47.60886486442138,1.6844351000523068,2.1150089057563375,1.1057299716027862,0.5483819794267557,0.2805311634482274,0.06897725876479166,0.8452894515536143,0.3222597078759235,7.8,
TabICLv2,0.7,20.0,0.05,1.0,raw,0.0,26500,1,2000,5000,1.1852070689751983,1.1852070689751983,105,261,0,0,3.5040581798147703,4.521997786591623,2.8930842568266306,2.1816026714717833,35.15483334282682,45.455629664937554,30.38195829313501,25.897742309278698,1.7608945761966774,2.2675816818757997,1.3791369845167576,0.8754384078153997,3.3189850418154108,4.023600916919345,2.4700461339689017,1.8027672559510197,31.222105863888157,35.408391036419395,20.03390966931772,15.269787812427047,1.7822231649297837,2.2950864157187723,1.502717924910864,1.0610723065439203,0.5653599150479465,0.13724796166377132,0.7920810476845362,0.331185082925191,8.6,
TabICLv2,0.7,20.0,0.05,1.0,clip,200.0,26500,1,2000,5000,1.1852070689751983,1.1852070689751983,105,261,4,4,3.5163295189600476,4.606300027991146,3.0805794381399423,2.4480229725391016,35.38300177720824,46.975327614732635,33.730489201351055,30.170272928094885,1.7612754021837704,2.2728296333636866,1.3925384066569075,0.9212225424061494,3.3328703936881423,4.122337617284976,2.6428998884093016,2.0767518701406202,31.47802199641062,37.20732264678803,23.37342617586695,20.01276325325628,1.7827786932638825,2.300185033891792,1.5011680122695155,1.0889276517415518,0.37368091106020707,0.08907424239771525,0.711098044214311,0.28186936758834946,8.6,
TabICLv2,0.7,20.0,0.05,20.0,raw,0.0,7500,1,2000,5000,20.000000000000004,1.269281951206016,101,269,0,0,3.5326039540440966,4.610121412454447,2.918938440930436,1.7536532654880168,34.587304524015366,45.50151390247733,28.988524604037224,19.523209564091978,1.7668642682858484,2.285077113190834,1.4366474500456916,0.74329379723089,3.027626264006175,3.6771002495887806,1.761470725778806,0.7199047978119933,29.497423736089694,35.60640873344842,14.824429950198288,6.591954923518565,1.5225796522981918,1.8616312193291649,1.0187237311965107,0.3860258115902502,0.65716152883719,0.27205139917644255,0.6891357969386576,0.6632991968305353,8.4,
TabICLv2,0.7,20.0,0.05,20.0,clip,200.0,7500,1,2000,5000,20.000000000000004,1.269281951206016,101,269,5,3,3.514227705796515,4.642139258918811,3.2258569655703866,2.6474483845896404,34.59460994616854,46.598651331267554,35.28544000061654,32.258825879017806,1.747027785555535,2.256533309339057,1.4029806526497741,0.963774627244222,3.014688505657568,3.7009813179343176,2.1902140071304044,1.5935037870038948,29.61297038892348,36.78853953822966,23.433155585681227,20.23835586071878,1.5023363968859487,1.819655348528389,0.9823612731143035,0.5333758631338241,0.3128639641307084,0.07507268435526972,0.6622893615895882,0.24733633982419187,8.9,
TabICLv2,0.7,20.0,0.05,20.0,raw,0.0,8500,1,2000,5000,20.000000000000004,1.6629626682040533,98,276,0,0,3.787201263232398,5.059589956086178,3.1383970306897964,1.735001235491378,37.12116427626556,49.775547427158976,30.797077779847477,18.337005808608108,1.8396623573058204,2.4470573011293424,1.522436851441803,0.7650280639883684,4.001446499948451,5.38713394502877,3.45670844286508,2.2382066819548245,27.854242285401426,32.12561792091521,11.366592174099756,1.7858211136095963,2.607845391399547,3.8249363206967084,2.9945729835465427,2.2646373375143676,1.077767493118257,0.45760549924513216,0.8999017775556855,0.9183982248472008,8.8,
TabICLv2,0.7,20.0,0.05,20.0,clip,200.0,8500,1,2000,5000,20.000000000000004,1.6629626682040533,98,276,7,5,3.7432917490201674,4.969868125819888,3.4074030683237377,2.780937137383651,37.16826126569148,50.50862812319601,37.41966670489939,33.99792014566608,1.7904357823391175,2.3092631810112905,1.4202344053908675,0.9570829226745164,3.950608167672762,5.288556732001889,3.7583756724949504,3.113892089026697,27.782720565401387,32.953379758139135,18.21775812154673,14.461413268289597,2.5582154873651612,3.6722376898312956,2.913585334658734,2.4509124434982126,0.3445456944354611,0.0816855703632672,0.7959792883930377,0.2991141217442821,8.3,
TabICLv2,0.7,20.0,0.05,20.0,raw,0.0,9500,1,2000,5000,20.0,1.3203105384328482,113,238,0,0,3.4990465065540133,4.528458493643729,2.85220180575248,1.656344796530447,37.225580497489815,48.4274693765938,30.294638552731655,19.97197986653873,1.8134280500561724,2.3344298102875523,1.4806562480496146,0.74094766367409,6.058459154129846,9.16601843932368,7.8968046495102655,6.592959940063169,90.10074358418284,145.31323323004779,137.15020227925936,123.82707991232637,1.8581097853031738,2.361516734117392,1.4368490350876921,0.7337158087320814,0.6533071053722994,0.29043063001137814,1.0541278033920578,1.0440537131625696,5.8,
TabICLv2,0.7,20.0,0.05,20.0,clip,200.0,9500,1,2000,5000,20.0,1.3203105384328482,113,238,5,1,3.4452907687347425,4.501573076181698,3.0603361020589395,2.4432928657597257,36.935593657627074,48.792717680706026,36.271165936999154,32.8357223700504,1.7714789065851464,2.2879459413902685,1.4004920237901934,0.9243096188002171,6.000916337114428,9.067824629514286,8.118818537739793,7.59987550919201,89.72788109738883,143.9406253207285,143.34445468208523,141.55144655571576,1.8163263301960513,2.3270168671226457,1.3603764120879225,0.9051098835992661,0.35789863740472294,0.08772187755656213,0.7946318568080699,0.303279982016476,5.9,
TabICLv2,0.7,20.0,0.05,20.0,raw,0.0,10500,1,2000,5000,20.0,1.2584128331965998,107,266,0,0,3.6119172965407373,4.761090169377545,2.866197203138877,1.636673855241723,35.42053122746989,47.94967940780433,28.469387853127852,17.61764843565604,1.8246145281361847,2.3343549058749,1.4275726334521286,0.7387145737904754,5.004706238394405,7.26260167099917,5.64831880946949,4.14075596537885,64.32341809904499,99.87687290073838,85.1026093924102,69.43720583219041,1.6716311739810008,2.0586734607941364,1.1838402934022687,0.47179617142619173,0.8407048243769766,0.3618863945507157,0.8913794828401943,0.9169839203593466,8.0,
TabICLv2,0.7,20.0,0.05,20.0,clip,200.0,10500,1,2000,5000,20.0,1.2584128331965998,107,266,4,3,3.5667518418136375,4.650558923380542,3.0911895703303376,2.4564527039688615,35.290919957269416,46.4827629972637,33.03588568571619,29.51861319549703,1.7841940220605244,2.3000379509147804,1.408618981675366,0.9358496852222427,5.004984802403927,7.100379646481306,5.802064019699367,5.196161570824863,65.00086098907151,97.35967723284098,88.9884822515119,85.6828081243071,1.6338603694395042,2.0287756840876283,1.1278799787905935,0.673675727304316,0.3810308786810831,0.08996341081407877,0.7671101795388005,0.28922440262768195,8.2,
TabICLv2,0.7,20.0,0.05,20.0,raw,0.0,11500,1,2000,5000,20.0,9.449392083690748,103,265,0,0,4.11293718494355,5.696194046927084,3.924954699363838,1.7089499357320093,38.14529060229072,63.33700146679241,44.38668171284628,16.691263724900068,2.208275378059284,2.4702565672514103,1.6604652255364145,0.8704466296856448,3.8741548938135706,5.319377610360155,3.3493148316073516,1.051684400947251,34.492728048992284,57.10184538661132,33.96267802159382,5.732793007439808,2.1605494268394714,2.421309192048315,1.6360009466345078,0.7897004979439716,1.5336505790619184,0.9526513032557736,0.6598642245285081,2.2911146754705087,8.5,
TabICLv2,0.7,20.0,0.05,20.0,clip,200.0,11500,1,2000,5000,20.0,9.449392083690748,103,265,8,5,3.6832947665426654,4.8101191603230316,3.16059492577678,2.4659671423661638,37.6576367670896,49.71011840304327,34.74210838575423,30.603746850730666,1.7818796387401443,2.2972364149543174,1.3930973403714952,0.8912022801240115,3.4392089644993282,4.515640275643948,2.759166850973676,1.9894896348394726,33.89079848333127,45.032272815596265,27.734965484387214,22.880336199266768,1.7349489386301702,2.248077947642392,1.3613660826833722,0.8203081481291804,0.4785168895468241,0.11850489211963283,0.8109560010729249,0.31844347626590447,8.6,
TabICLv2,0.7,20.0,0.05,20.0,raw,0.0,12500,1,2000,5000,20.000000000000004,1.2547423252491827,95,267,0,0,3.770043422341798,4.919031713960416,3.113169294447377,1.9574760585527038,38.15082635865102,49.783225903627205,32.25501591277207,22.933478851411138,1.8305401381680053,2.3881337953800155,1.4692071040622738,0.7741689075505482,3.1270924544174727,3.879644238411823,2.4237295674978827,1.4317261887248653,30.725538964714897,38.86973971425791,27.88666903855057,20.957078852594805,1.5701972044175967,1.9057681572685932,0.9873034447911286,0.3302537270191238,0.5904351264872156,0.2207782574757152,0.8401026721410713,0.6811516972613475,8.9,
TabICLv2,0.7,20.0,0.05,20.0,clip,200.0,12500,1,2000,5000,20.000000000000004,1.2547423252491827,95,267,3,2,3.770442990874166,4.890564693030979,3.483784825710731,2.902929796001866,38.404756289306725,50.04991004001782,39.449315667480064,36.68660367742557,1.8166374445649554,2.3430165823938585,1.4548820716958553,0.997110880654279,3.144210809962711,3.7960690216430417,2.4488612266090786,1.90482825453944,31.223949515680296,38.04006790700068,28.596967734245414,26.2871516909648,1.5601647008508166,1.8642820572672782,0.9737831709279249,0.5293623011218247,0.31651554542437127,0.07055662653607042,0.678090357621472,0.25257838267723415,9.2,
TabICLv2,0.7,20.0,0.05,20.0,raw,0.0,13500,1,2000,5000,19.999999999999996,1.2796906569126407,97,258,0,0,3.7519119667112752,4.910248602855508,3.0335867800782057,1.7824799335099861,39.366177934953384,52.05545664860219,31.7669086291256,20.55104810371694,1.81423153233623,2.3451993249553302,1.4702807832299927,0.7613305054388363,3.554022457694684,4.426634594878577,2.1268306134807915,0.5971626494584151,33.13827672276485,39.89811614287391,12.514464170031665,1.940732234820751,1.9444194209194614,2.4967226928577433,1.561666240306998,0.5240624906597051,0.7514752344362279,0.30073105789358767,0.6997725593560788,0.6772650372931073,8.3,
TabICLv2,0.7,20.0,0.05,20.0,clip,200.0,13500,1,2000,5000,19.999999999999996,1.2796906569126407,97,258,4,3,3.742430678711701,4.96087260298247,3.4096088265277924,2.8054566642355354,39.76796727748254,53.819810852275545,39.74213051618263,36.26758608328424,1.7823740691623808,2.3025836809416407,1.4328499492753783,0.9848684335070317,3.5380994961466423,4.560639097536016,2.9425764891936015,2.27172802629688,33.308016395943234,42.977537236787285,29.342194408369153,25.738110136069796,1.9183950338633187,2.47047466904027,1.5062413092806337,0.9949826479077166,0.2988451223558364,0.07292411928757697,0.6764331687977672,0.25032858852811646,6.0,
TabICLv2,0.7,20.0,0.05,20.0,raw,0.0,14500,1,2000,5000,20.0,1.1932681320300267,103,236,0,0,3.4182495978826233,4.532553119474639,2.81521476139421,1.6281764884891439,35.96841674987936,47.45246781552467,29.397948017315038,19.212985815842295,1.8057728036191405,2.4063776643386587,1.4983539200009868,0.7570566309628332,3.5284747408400237,4.633018117521339,2.6208467715813946,1.4894824861849727,33.77479342319123,41.95246975655061,16.577338863817104,6.641788767071356,2.0301264601861857,2.784279539265482,1.9294672304882738,1.2342464907422384,0.6967806709133236,0.2914117682287537,0.7295264249381096,0.7175875456938943,5.8,
TabICLv2,0.7,20.0,0.05,20.0,clip,200.0,14500,1,2000,5000,20.0,1.1932681320300267,103,236,6,4,3.4353880436879,4.540543607555524,3.0776961127733298,2.49356914510353,36.73122555770567,49.69960808776297,36.399279270852375,33.12605276115725,1.785972079517414,2.3034446954377743,1.4270047556560639,0.9760909474988542,3.549678094672918,4.661613542316359,2.961886808074094,2.32290176827836,34.59675260708722,44.30137409271908,25.67529402383151,20.819049056254684,2.0116618090033596,2.697931029743932,1.8367054262691507,1.4066358656833948,0.3205031149949128,0.07516727264927628,0.6542041805194442,0.24017105286852042,8.6,
TabICLv2,0.7,20.0,0.05,20.0,raw,0.0,15500,1,2000,5000,20.0,1.2167005581617019,88,253,0,0,3.7614773550683487,4.980408117043629,3.1754167614972193,1.5231711456442045,38.908610004407016,53.479136568894134,32.239043178652935,15.786474547790517,1.888246986354912,2.395580162900342,1.6264179235910898,0.7629824452559556,3.7232408483578285,4.905711890919518,3.181110226793009,1.2350222003690674,33.64354724647733,43.820999039951715,21.766561184752977,3.118430737786185,2.1285836925279926,2.831650873707564,2.1905648102427935,1.134642516365164,1.6568359923314144,0.7304671278950847,0.678662045522748,1.2358136421125971,8.4,
TabICLv2,0.7,20.0,0.05,20.0,clip,200.0,15500,1,2000,5000,20.0,1.2167005581617019,88,253,11,7,3.5721945514409432,4.603280295950504,3.0508272613090273,2.3759204199405803,37.21471195572708,47.98362294389218,34.14724084381832,30.277748450639695,1.7791553891733232,2.2912460237935113,1.3934873336968825,0.8888417404025828,3.6109565092034996,4.419800824210522,2.9544036999230148,2.2917825557975364,33.24967174695403,36.262466507450306,21.58159532986876,17.33096793640747,2.0313072664921275,2.7226880334248316,1.961633638331215,1.4902418140039164,0.513122883354279,0.1128558111682219,0.8110058715688215,0.32212064633690485,8.6,
TabICLv2,0.7,20.0,0.05,20.0,raw,0.0,16500,1,2000,5000,20.0,1.2775693201123342,103,268,0,0,3.701879543794501,4.894171730092309,3.1166475403408285,1.5320397043333644,36.20443920623033,49.62505187085658,30.76734711962508,15.344473094109539,1.8610752349329616,2.3608082732611964,1.5506315878369867,0.7497632570679346,3.0529990309259607,3.8822550702363325,2.5330252225135874,1.0510460401440298,25.577236877894496,33.42807814051164,22.237355202174513,7.960967238382251,1.7773236837181063,2.2089075252587795,1.417057252405995,0.6596980094745786,1.5261539332967136,0.675095142533546,0.6874254460074137,1.0090152122560618,8.4,
TabICLv2,0.7,20.0,0.05,20.0,clip,200.0,16500,1,2000,5000,20.0,1.2775693201123342,103,268,10,8,3.6329930679094438,4.71408077401842,3.1073727496255823,2.436480286994468,36.24335127911881,47.37476423688737,33.262438255520244,29.462311892716187,1.7860835157953046,2.297964297254075,1.3995203498834494,0.9058541520972955,2.969547557558503,3.6658805066882154,2.047979266348004,1.40047714896355,25.318553391768898,30.444317967810143,16.48959263265706,12.774056512648622,1.703796593152673,2.149265705424335,1.2300687882899253,0.7563268384251732,0.4181547027617979,0.1010943834095838,0.8093410937610306,0.30796771658435484,8.5,
TabICLv2,0.7,20.0,0.05,20.0,raw,0.0,17500,1,2000,5000,20.0,1.163515594798851,102,250,0,0,3.6457483719022568,4.718338400818947,2.9115469393572715,1.7738684383795518,39.10732867742533,50.77757774701064,31.623111354818782,21.55293205675257,1.7793494084536736,2.294167908914121,1.400411970122455,0.7328650900441296,3.0545378100073473,3.585998362266329,1.8653161053374945,0.7902479811150882,28.938037470752644,30.196797206801246,11.550990995758225,1.0662937364671061,1.6922483541786482,2.1854300020276494,1.355543742683772,0.7757192571491927,0.6203802109434944,0.2530210958097867,0.7922446001573049,0.7157061199819268,8.7,
TabICLv2,0.7,20.0,0.05,20.0,clip,200.0,17500,1,2000,5000,20.0,1.163515594798851,102,250,5,4,3.66519306460302,4.74161230077675,3.3252810763840857,2.7460519677839623,39.82924591914334,51.58937736672274,39.68848496887612,36.63718222032096,1.7618218617324777,2.2759404552006455,1.411428239937136,0.9623082702820152,3.1204466622070335,3.616102146666833,2.1951183310984357,1.6445818703312318,30.631606666990244,30.88223212865162,18.108176235534877,15.24443883521594,1.6724908724816019,2.1810426739307918,1.3575889677070443,0.9287999248109842,0.35203818992055047,0.07989680437212199,0.6658310467788928,0.25418375792069603,7.4,
TabICLv2,0.7,20.0,0.05,20.0,raw,0.0,18500,1,2000,5000,20.000000000000004,1.3397387363002493,112,270,0,0,3.6691528628763117,4.809623367939537,3.0313325095466586,1.7738283092203573,36.15453080121328,47.56975185647007,29.800265353129756,19.680061635344398,1.8148078219987258,2.3687703675371594,1.5032961738664394,0.7516965971583086,2.740146866248355,3.4207309212851635,1.8244755413808977,0.7032218204831311,21.333648004131142,25.534088591759918,10.092628327633276,2.123110744355241,1.678784222014031,2.158446233964194,1.3525091032650112,0.6221710785284863,0.6390859807336738,0.2792356401805407,0.6517076633083274,0.7361376663590175,5.8,
TabICLv2,0.7,20.0,0.05,20.0,clip,200.0,18500,1,2000,5000,20.000000000000004,1.3397387363002493,112,270,5,2,3.6569789888031994,4.85100645299358,3.3783342587957406,2.783391912132097,36.42414394984344,49.26110875955686,36.92389058835156,33.7100212020626,1.786548853606399,2.3159689006104744,1.4634716353327237,1.01802406682951,2.70698481476119,3.3675699091450784,1.8444513575825694,1.2521138001876262,21.153046131467825,25.49436218612078,12.134407186683948,8.791163776516806,1.654038397105631,2.1045183415375863,1.2570754434478184,0.8217663385367004,0.32082340992218866,0.0765481656671656,0.6059539115896424,0.23170677015247726,7.6,
TabICLv2,0.7,20.0,0.05,20.0,raw,0.0,19500,1,2000,5000,20.0,1.5140924212540858,95,254,0,0,3.587693332645991,4.623527016013756,2.8422146691242167,1.6129326457722224,36.4822285429842,47.51678798791761,28.96712653153336,17.969528319066168,1.827218839720179,2.3279331924015403,1.4440419735801957,0.7375480480021714,3.1565285917837196,3.768047540056918,1.6572889661538672,0.49077027819554886,31.396319590174105,36.0152722896688,11.670463610019675,1.5072553133775881,1.645170202910741,2.042216295555987,1.1213963493098058,0.436369267041685,0.920024372915406,0.4041440567255614,0.7447457966706166,0.853160722973735,8.2,
TabICLv2,0.7,20.0,0.05,20.0,clip,200.0,19500,1,2000,5000,20.0,1.5140924212540858,95,254,3,2,3.5737369211936136,4.657077589932343,3.200791309500265,2.599249194909915,36.94464933316512,48.550232066470464,36.463687017627265,33.30444631598693,1.7877673146532087,2.3079707131854654,1.4206026222132324,0.9559453456150219,3.1296037467757905,3.9298858562122594,2.219662625967487,1.5516486017781528,31.61328345349613,39.70512790560953,23.280887714037323,19.00145677253904,1.6051927384515243,2.015239526556358,1.0924921303143609,0.617756634779993,0.3684684482244952,0.08433730863972216,0.7003315176201436,0.26956362075256,8.5,
TabICLv2,0.7,20.0,0.05,20.0,raw,0.0,20500,1,2000,5000,20.0,1.1972216240109854,95,271,0,0,3.7410678891098366,4.843954133720372,2.956029705612523,1.7125165350256462,37.28962764939509,48.645848834759185,29.506587481955407,18.56123019070031,1.8185346484591065,2.333843441400321,1.4345238571479597,0.7469844139243912,2.447378327415254,2.710618816981506,1.2645991131374021,0.4165661262147899,18.642067384474167,18.461627088324455,7.556758584554759,1.4621726152468755,1.5193257297280125,1.8079917834577293,0.9040207209288795,0.35664661711610196,0.8251743096870138,0.3553536537577371,0.8765993701432343,0.8826905225957037,8.4,
TabICLv2,0.7,20.0,0.05,20.0,clip,200.0,20500,1,2000,5000,20.0,1.1972216240109854,95,271,4,3,3.712210224048201,4.801989734763878,3.2964223054251214,2.682022950148016,37.28541872370012,48.29716282119121,35.906069400127606,32.612492914394956,1.7882644631250315,2.3094560264911337,1.4276943792960506,0.9668279067327228,2.4001270502749965,2.619499904266577,1.1432623805222575,0.596920234497577,18.290316944810158,17.05114961290895,5.447881914246963,2.921149005840001,1.4895240768304991,1.7924800118914268,0.8965819208818695,0.46372801689685883,0.37478636203141474,0.0868554061667657,0.7470020365580704,0.27707174314995214,8.7,
TabICLv2,0.7,20.0,0.05,20.0,raw,0.0,21500,1,2000,5000,19.999999999999996,1.7607523883819804,100,242,0,0,3.5024434274406966,4.510187827370229,2.793256068933983,1.5957655700911104,36.38597974502282,47.26651372147458,29.08692595355052,18.19674937446933,1.8299306513047413,2.3355281244754726,1.4559151458408341,0.751411202571243,2.552994809944048,2.8905174353041527,1.5769117041707172,0.4801714890681272,18.561102529888874,17.01499882479693,6.653399643137266,1.444963477722128,1.7387951318804395,2.1721222070029227,1.3187128640635493,0.43110052201174465,0.8478145719951209,0.3658403008504042,0.7336413340517546,0.8689502770582429,9.0,
TabICLv2,0.7,20.0,0.05,20.0,clip,200.0,21500,1,2000,5000,19.999999999999996,1.7607523883819804,100,242,5,2,3.469610905297751,4.548210219051514,3.1318829666110064,2.536669563220437,36.566661390265516,48.637286606892395,36.58693731299805,33.33853015427441,1.78623843422541,2.3057645515741094,1.4303018081777015,0.9700343671222732,2.4967714187081547,2.86604719868754,1.4255358726600744,0.8422442051797099,18.176265335645468,16.950857914134073,4.8677760797521055,2.130997138853603,1.6992855994776312,2.1496696885702518,1.2504576612022624,0.7766960315880574,0.3210891009877673,0.07528952493938279,0.7064057875705546,0.26784082057596326,8.2,
TabICLv2,0.7,20.0,0.05,20.0,raw,0.0,22500,1,2000,5000,19.999999999999996,2.37528072237276,98,229,0,0,4.125150299251139,5.356249373949496,4.398288575205355,1.7782522779988104,37.5367626870172,63.446682541612034,61.24919073155271,19.817831734678823,2.521448929140381,2.568005987784181,1.669540599140895,0.9123827127966048,3.7297484781347774,4.622989978981543,3.7741558821563035,1.1408955843923168,27.146556370778743,44.691918836511284,44.69733998425228,9.322684949245533,2.6057809645285173,2.6997485812925244,1.8099116651410074,0.7481834140818188,1.618040776555236,1.3687535938046278,0.5751091972402627,2.4981903229117575,6.0,
TabICLv2,0.7,20.0,0.05,20.0,clip,200.0,22500,1,2000,5000,19.999999999999996,2.37528072237276,98,229,7,4,3.3348512524865495,4.3672503569991274,2.8942245665058635,2.2691684497122333,35.61816298747136,47.15080043514494,33.3604883307294,29.593108487701294,1.7853064217777832,2.313711692590117,1.4318949915724761,0.9576651445981074,2.9162180813609537,3.619582203616079,2.0656824982739814,1.3934014883365045,24.625130057517737,28.06264772422095,13.578393467302512,9.200526129753262,1.8742267079507873,2.446356044693733,1.5130916762434778,1.0186725965141534,0.4444229894003868,0.10675600370074263,0.6554520995732935,0.2590307955253028,6.9,
TabICLv2,0.7,20.0,0.05,20.0,raw,0.0,23500,1,2000,5000,20.0,1.1021969735403065,117,233,0,0,3.4928801235026614,4.614170079033561,2.994229216140353,1.849938716641785,37.468859201611544,49.216700661260354,32.05702829909961,22.7899926864438,1.8322123816945284,2.4341009316329223,1.573706416406871,0.8264370227118778,3.1544504543378693,4.042598816322332,2.1308380224237835,1.0137161395710739,31.744137545843067,39.39134950082243,18.165416455120667,10.255948163949846,1.7570522809959954,2.314833154587799,1.3471046943729392,0.5619770874040393,0.4951008159217136,0.1953052885822819,0.6243566279669298,0.5176095349220583,8.9,
TabICLv2,0.7,20.0,0.05,20.0,clip,200.0,23500,1,2000,5000,20.0,1.1021969735403065,117,233,5,2,3.494178030641566,4.564026787132339,3.231953102484615,2.6824062502501436,37.83601476070481,49.6066923882645,37.87112075471392,34.84370038979655,1.8156280079638363,2.3624448519395984,1.5388702279368012,1.1104361360243595,3.155034961905464,3.9340166597347817,2.4713066423481047,1.8944693704002762,32.09034871917263,38.61244899036056,25.50694143367869,22.351103035395592,1.74074335178521,2.2390146179819377,1.345377775895404,0.8945961495183988,0.327896867616157,0.07903632592536716,0.532476253590997,0.19398526507537772,9.0,
TabICLv2,0.7,20.0,0.05,20.0,raw,0.0,24500,1,2000,5000,20.0,1.8349991840701043,93,262,0,0,3.5613823398548186,4.601180293473833,2.8679634534208223,1.6437558261133511,35.26877072317719,45.60789112736168,28.103133125249535,17.686472896939474,1.8080400527230205,2.333607849725708,1.4725192883682425,0.7566321721335194,2.997171424747444,3.5269697405299754,1.7534645058010079,0.5463846960787303,25.518316242807362,27.842877553276505,11.713326331346348,2.3412182565967545,1.7518063039513907,2.1823585444684324,1.2027081110578923,0.44713471869255,0.7666557464351251,0.3368196046884825,0.6973534924695144,0.7901688299199152,8.6,
TabICLv2,0.7,20.0,0.05,20.0,clip,200.0,24500,1,2000,5000,20.0,1.8349991840701043,93,262,7,5,3.549420750084824,4.667929452859777,3.1692514900201045,2.582845798719785,35.663583265768494,47.5490918039027,34.465643225064795,31.351475831951923,1.7735848321639462,2.296704350290498,1.438636328647857,0.992009777464652,2.9835224014048354,3.55966082684229,1.9771243100090357,1.361023261484149,25.805515874854848,28.90210058490046,15.770052805185715,12.82206860358451,1.721521073831196,2.1582848841214712,1.2144085510946645,0.7272550302409464,0.3400891288114063,0.0786928922915052,0.6670579499412206,0.24964153456468102,8.8,
TabICLv2,0.7,20.0,0.05,20.0,raw,0.0,25500,1,2000,5000,19.999999999999996,1.3499728803809021,108,258,0,0,3.6323559456526184,4.788670061415989,3.0196036561945774,1.8401075468924812,36.98419314478847,49.85418627048873,31.882291700437893,22.080485071208592,1.8177684303896386,2.336771457042145,1.4492591780387833,0.738880764675367,3.880288812975886,5.21350251123642,3.3356839659026822,2.0446546038846334,43.858215993746036,61.94305119028826,44.20918402147614,33.003873779664445,1.7051928170588255,2.1269939580530846,1.1118621577335652,0.3602432695634202,0.4613299416343573,0.1976527310705769,1.1394793647239583,0.9463679759866805,9.1,
TabICLv2,0.7,20.0,0.05,20.0,clip,200.0,25500,1,2000,5000,19.999999999999996,1.3499728803809021,108,258,3,1,3.6343404486024737,4.876339999609533,3.3199820948035312,2.669990667695854,37.36993965807713,51.93453104988879,38.612006148944936,35.161213425436564,1.7988734313008168,2.316025092192399,1.3998340125663986,0.9022269664100877,3.885892358011734,5.307292314435128,3.6483219263435633,2.903732919821317,44.34887263589158,63.989906824801494,50.54921510550372,46.58387691555276,1.6844058730490596,2.114522482365428,1.096565190741851,0.5272088475103276,0.29819515519614637,0.07408263511758054,0.8880076928978352,0.34118554605048945,9.2,
TabICLv2,0.7,20.0,0.05,20.0,raw,0.0,26500,1,2000,5000,20.0,1.1852070689751983,105,261,0,0,3.5327536512347333,4.595816523297017,2.7951000577293494,1.5801640925746414,35.23420412112897,46.03133102573848,27.578944426558,17.10660794456067,1.786799109634734,2.313759278068653,1.4301320517651637,0.7250465898592263,3.336086623323706,4.212713519969685,2.4654365940710696,1.3949254596311027,31.064402956254245,38.44068382420518,19.41012951701444,9.500039505071106,1.80895208800088,2.327611125075095,1.5322091509631945,0.9485370304562051,0.8840997925468035,0.36948592844356565,0.8251190742039596,0.8852572791566489,6.0,
TabICLv2,0.7,20.0,0.05,20.0,clip,200.0,26500,1,2000,5000,20.0,1.1852070689751983,105,261,5,4,3.514367543635725,4.592651772302881,3.0494949984550868,2.406104626753817,35.34681576791919,46.737268755991806,33.224456406190725,29.569978790414048,1.7611983124607962,2.2715407715130924,1.387611705055846,0.9100566932836077,3.330484543510618,4.101245212409663,2.621594621067687,2.0431722037036604,31.433677113474733,36.82640089794884,22.946035585184607,19.460050419106345,1.782703733052582,2.298910197865303,1.5022278576926043,1.0839391979598114,0.39478484863349933,0.09494007114172857,0.7347152313052199,0.2936177589195801,5.9,
GBM,0.7,1.0,0.05,1.0,raw,0.0,7500,1,2000,5000,1.608907994394138,1.608907994394138,101,269,0,0,1.7571637252019703,2.3132737360266997,1.4029200705983167,0.8431124061293144,1.720130397726835,2.266419713981937,1.3687960139429545,0.8285156671732151,1.7592694037246528,2.3159378095693,1.4048603308477972,0.8439423623286784,1.509166843667337,1.8764882125457574,0.9714987776944541,0.4099365853892659,1.4492047905365864,1.79651742498379,0.5446859765533714,0.10048320146155094,1.5125762269461729,1.8810352727558965,0.9957669331598848,0.427531799990102,0.7703566102348649,0.4930718110211858,0.7562565907589162,0.4786694795291836,4.4,
GBM,0.7,1.0,0.05,1.0,clip,200.0,7500,1,2000,5000,1.608907994394138,1.608907994394138,101,269,1,0,1.7571637252019703,2.3127442638668194,1.4029200705983167,0.8613846777047706,1.720130397726835,2.266872775324798,1.3687960139429545,0.8447783158143098,1.7592694037246528,2.315352471522242,1.4048603308477972,0.8623288990847185,1.509166843667337,1.8786916133774116,0.9714987776944541,0.4194144356133711,1.4492047905365864,1.815785719932279,0.5446859765533714,0.08355751391376959,1.5125762269461729,1.882268380516862,0.9957669331598848,0.4385109293646272,0.7703566102348649,0.4643502379585991,0.7562565907589162,0.44435342710482806,4.4,
GBM,0.7,1.0,0.05,1.0,raw,0.0,8500,1,2000,5000,1.7833317246869531,1.7833317246869531,98,276,0,0,1.8055853351235165,2.3318941153771613,1.479966942882811,0.8765844816684188,1.8254034515966895,2.3657124863603123,1.5028956377495386,0.9017786141904552,1.8044274604100112,2.3299182749048186,1.4786273324291244,0.8751125128758527,2.50496555980206,3.574799624983742,2.8477324243801676,2.250706138683529,1.3547571870877417,1.4703626952812505,0.46144392698809716,0.10183477644209367,2.572166557022457,3.6977514862449374,2.9871514813827527,2.376254084487643,1.1107131549762512,0.525350605545633,1.1087927149263872,0.5378674421338989,4.4,
GBM,0.7,1.0,0.05,1.0,clip,200.0,8500,1,2000,5000,1.7833317246869531,1.7833317246869531,98,276,1,0,1.8055853351235165,2.3318941153771613,1.479966942882811,0.8776578430445212,1.8254034515966895,2.3657124863603123,1.5028956377495386,0.90199405227717,1.8044274604100112,2.3299182749048186,1.4786273324291244,0.8762359984746205,2.50496555980206,3.574799624983742,2.8477324243801676,2.2440804674661488,1.3547571870877417,1.4703626952812505,0.46144392698809716,0.09403967215647126,2.572166557022457,3.6977514862449374,2.9871514813827527,2.369696737471541,1.1107131549762512,0.5194420554562051,1.1087927149263872,0.5298421310648553,4.3,
GBM,0.7,1.0,0.05,1.0,raw,0.0,9500,1,2000,5000,1.6404063836985494,1.6404063836985494,113,238,0,0,1.7891118833384623,2.343792767782778,1.4837028620358088,0.8379500940615999,1.8393102786194222,2.4399128594421367,1.5252410902568625,0.8547398208976548,1.7866030177196324,2.338988781681365,1.481626822910103,0.8371109602970092,1.955844753997244,2.62128949057271,1.7341015487473461,1.0529998216263015,4.4764116606121185,7.211633912687561,6.839856032717796,5.0043060943635425,1.8298693395129224,2.3918686647719256,1.4789210432486133,0.8555174837616514,1.2465962572053717,0.6315218056143165,1.2289603149902493,0.5861080903481153,4.5,
GBM,0.7,1.0,0.05,1.0,clip,200.0,9500,1,2000,5000,1.6404063836985494,1.6404063836985494,113,238,3,0,1.7891118833384623,2.329424831656259,1.4546594587958408,0.8631984591030271,1.8393102786194222,2.4099281784090065,1.497055769680821,0.8815695032315694,1.7866030177196324,2.3254013548550927,1.4525405335563142,0.8622802926808109,1.955844753997244,2.6056631423396652,1.7062717749227005,1.0828658152732282,4.4764116606121185,7.180072280502696,6.806449499479098,5.115953272712279,1.8298693395129224,2.377038746102202,1.4513699902850647,0.8812961355440192,1.2465962572053717,0.596488293672332,1.2289603149902493,0.586508385344962,3.1,
GBM,0.7,1.0,0.05,1.0,raw,0.0,10500,1,2000,5000,1.0912953293729415,1.0912953293729415,107,266,0,0,1.7927481854932485,2.322399070476845,1.447009067657148,0.8594336748612488,1.7334254450279132,2.238211920332259,1.3936286248058736,0.8117960503720912,1.7960814869220147,2.3271294849125144,1.4500084757261045,0.8621103981637659,1.7286981594994544,2.1970223590773026,1.3453022491331639,0.7133676216623974,3.2048750745068673,4.74864590362252,4.017985842933201,3.431181049517621,1.6457528575577622,2.0536484970475124,1.1951261114164737,0.5606556715547739,1.0038139162338475,0.5716389777106601,1.0206311955641103,0.5765982415083337,3.1,
GBM,0.7,1.0,0.05,1.0,clip,200.0,10500,1,2000,5000,1.0912953293729415,1.0912953293729415,107,266,0,0,1.7927481854932485,2.322399070476845,1.447009067657148,0.8594336748612488,1.7334254450279132,2.238211920332259,1.3936286248058736,0.8117960503720912,1.7960814869220147,2.3271294849125144,1.4500084757261045,0.8621103981637659,1.7286981594994544,2.1970223590773026,1.3453022491331639,0.7133676216623974,3.2048750745068673,4.74864590362252,4.017985842933201,3.431181049517621,1.6457528575577622,2.0536484970475124,1.1951261114164737,0.5606556715547739,1.0038139162338475,0.5716389777106601,1.0206311955641103,0.5765982415083337,4.4,
GBM,0.7,1.0,0.05,1.0,raw,0.0,11500,1,2000,5000,1.2295789572257825,1.2295789572257825,103,265,0,0,1.79594521882337,2.364395923781964,1.5783038359479287,0.7902500246209473,1.862231484988869,2.461641260837421,1.6615209073273525,0.8082535933867663,1.7922354277919321,2.358953470916136,1.573646491931974,0.7892424331271897,1.7405889100373793,2.310435746048358,1.5418655688520209,0.6455263112856664,1.7202458459036452,2.234932384733277,1.041109114225335,0.19927556921254808,1.7417274342180424,2.31466138295406,1.5698910092904732,0.6705012736192199,1.209955934127041,0.8751670841060573,0.8334655843067418,0.8585985641824869,4.2,
GBM,0.7,1.0,0.05,1.0,clip,200.0,11500,1,2000,5000,1.2295789572257825,1.2295789572257825,103,265,3,1,1.79594521882337,2.359280017319666,1.53127095091245,0.7766640842956296,1.862231484988869,2.4524349309729527,1.5797479669573602,0.8043739624780227,1.7922354277919321,2.354066489945195,1.5285578760968423,0.7751132674596563,1.7405889100373793,2.278909948045601,1.490268438526963,0.6594686829758435,1.7202458459036452,2.2244541373996087,0.9485500527582984,0.17894355854863375,1.7417274342180424,2.281957633329907,1.5205863629680814,0.6863618525583589,0.8996409549038631,0.7728479516029116,0.8802498602725515,0.8201658921545028,4.4,
GBM,0.7,1.0,0.05,1.0,raw,0.0,12500,1,2000,5000,1.1317412551202441,1.1317412551202441,95,267,0,0,1.831150027779204,2.408914138200786,1.493517463424567,0.8751049641586742,1.8924927514520469,2.4765437525088236,1.5454261310619233,0.9104078756807321,1.8276895360782432,2.4050989877633797,1.4905891696871543,0.8731134413662825,1.5630774541032586,1.9335713686397613,1.0564606190689687,0.42401355237022015,1.5093199106418689,1.9332462559628265,1.463922439932907,0.8632181763214475,1.5661100474064895,1.9335897090337486,1.033474710306942,0.39923695516021,0.9037822171502862,0.5772962779134941,0.900658899858057,0.5850489767226836,4.3,
GBM,0.7,1.0,0.05,1.0,clip,200.0,12500,1,2000,5000,1.1317412551202441,1.1317412551202441,95,267,0,0,1.831150027779204,2.408914138200786,1.493517463424567,0.8751049641586742,1.8924927514520469,2.4765437525088236,1.5454261310619233,0.9104078756807321,1.8276895360782432,2.4050989877633797,1.4905891696871543,0.8731134413662825,1.5630774541032586,1.9335713686397613,1.0564606190689687,0.42401355237022015,1.5093199106418689,1.9332462559628265,1.463922439932907,0.8632181763214475,1.5661100474064895,1.9335897090337486,1.033474710306942,0.39923695516021,0.9037822171502862,0.5772962779134941,0.900658899858057,0.5850489767226836,4.2,
GBM,0.7,1.0,0.05,1.0,raw,0.0,13500,1,2000,5000,1.1989072682083857,1.1989072682083857,97,258,0,0,1.81077658567812,2.3528677532925837,1.4794551157579263,0.9491823743019424,1.9385264478478792,2.5386627745859545,1.6101824611941027,1.0548000486266342,1.803826044885248,2.342759124972531,1.4723425777734191,0.9434359888156981,1.9224667867567296,2.4950105159650366,1.517982688483275,0.8628073287424016,1.6516703653951286,2.0112123220634675,0.7243647904337853,0.3100110487257253,1.9372001222082886,2.5213327289609464,1.5611613931852506,0.8928835497977167,0.7125186619137519,0.3560708333374392,0.7423487364959245,0.40141395620595993,4.4,
GBM,0.7,1.0,0.05,1.0,clip,200.0,13500,1,2000,5000,1.1989072682083857,1.1989072682083857,97,258,0,0,1.81077658567812,2.3528677532925837,1.4794551157579263,0.9491823743019424,1.9385264478478792,2.5386627745859545,1.6101824611941027,1.0548000486266342,1.803826044885248,2.342759124972531,1.4723425777734191,0.9434359888156981,1.9224667867567296,2.4950105159650366,1.517982688483275,0.8628073287424016,1.6516703653951286,2.0112123220634675,0.7243647904337853,0.3100110487257253,1.9372001222082886,2.5213327289609464,1.5611613931852506,0.8928835497977167,0.7125186619137519,0.3560708333374392,0.7423487364959245,0.40141395620595993,4.6,
GBM,0.7,1.0,0.05,1.0,raw,0.0,14500,1,2000,5000,1.5044744194408077,1.5044744194408077,103,236,0,0,1.7939415852699379,2.367310269129794,1.4546640097882144,0.8779307355384713,1.7779188984894365,2.3679793670114937,1.441759962215475,0.8678141768275193,1.7947353203833292,2.367277123222975,1.4553032531188537,0.8784318916794839,2.0053084535568257,2.724465841553633,1.874240561478432,1.2260165293038197,1.6798000441623402,1.948266868630618,0.6233737420540504,0.12450323897317171,2.0214335552816576,2.7629173439906256,1.936206256143452,1.2805835184973617,0.9293041974258804,0.5797499914594699,0.9415104222556541,0.5692132881008051,3.0,
GBM,0.7,1.0,0.05,1.0,clip,200.0,14500,1,2000,5000,1.5044744194408077,1.5044744194408077,103,236,1,0,1.7939415852699379,2.356315290664641,1.4546640097882144,0.8776632857719538,1.7779188984894365,2.351873100436491,1.441759962215475,0.8675907421753396,1.7947353203833292,2.3565353487867746,1.4553032531188537,0.8781622614832889,2.0053084535568257,2.7133202881907197,1.874240561478432,1.2306661999619029,1.6798000441623402,1.931981723448102,0.6233737420540504,0.12389216074431193,2.0214335552816576,2.752026396771588,1.936206256143452,1.2854937972027407,0.9293041974258804,0.5797499914594699,0.9415104222556541,0.5670907135442087,3.0,
GBM,0.7,1.0,0.05,1.0,raw,0.0,15500,1,2000,5000,1.5406832720642871,1.5406832720642871,88,253,0,0,1.790891379037312,2.415347439611488,1.542428952288903,0.966724606080937,1.8606209440562473,2.545651222480638,1.6051394043890501,0.9785720148782701,1.7871750150285086,2.4084026624752135,1.5390866846711788,0.9660931768781299,2.0168491829355486,2.7875136309576227,2.0348430034865403,1.3379952504654065,1.6501205404796444,2.007449618284086,0.9893735811913483,0.3690586892340319,2.036394653030628,2.829088561483514,2.0905631981022306,1.3896364870340892,1.4675241569300819,1.1206335315721403,1.4350283102602852,1.1298472057719435,3.8,
GBM,0.7,1.0,0.05,1.0,clip,200.0,15500,1,2000,5000,1.5406832720642871,1.5406832720642871,88,253,3,0,1.790891379037312,2.354563230842177,1.4898807181759028,0.8114635345911101,1.8606209440562473,2.545651222480638,1.5471145233766534,0.8416759681842398,1.7871750150285086,2.344378848730415,1.4868303384169415,0.8098533079850302,2.0168491829355486,2.7409819991135866,1.9826915577723063,1.2640183338592386,1.6501205404796444,2.007449618284086,1.0245907512814154,0.18755943472887698,2.036394653030628,2.7800769416772826,2.0337552830813848,1.3213901690140697,1.3982370370921615,1.0654078092634165,1.392128355781394,1.079887646835082,4.6,
GBM,0.7,1.0,0.05,1.0,raw,0.0,16500,1,2000,5000,1.3340250246726368,1.3340250246726368,103,268,0,0,1.7994446337650385,2.348029749066751,1.5413124401726197,0.8336055120298653,1.7887293459730809,2.3262519680495215,1.4761979866262154,0.8182397384216235,1.8000515012900273,2.3492631483297726,1.5450002410074541,0.8344757629442798,1.6914442349974705,2.1675026547061345,1.3394263937859296,0.6462680297757973,1.2700155541991036,1.5174463648544168,0.8481370247398139,0.21838312332581933,1.7153121315431092,2.2043190295329014,1.3672508973582795,0.6705015789999299,0.9571947737022021,0.6887166909023085,1.0082468129195947,0.7162099623099606,4.3,
GBM,0.7,1.0,0.05,1.0,clip,200.0,16500,1,2000,5000,1.3340250246726368,1.3340250246726368,103,268,1,0,1.7994446337650385,2.3466812845849723,1.5333267008141491,0.8336497173171631,1.7887293459730809,2.3262519680495215,1.4720664013388827,0.8182397384216235,1.8000515012900273,2.3478383126558726,1.536796219043095,0.8345224718277304,1.6914442349974705,2.1658611822011844,1.3280866553603659,0.646136711975494,1.2700155541991036,1.5174463648544168,0.8420735570693964,0.21838312332581933,1.7153121315431092,2.2025845911295305,1.355612333792737,0.6703628239277581,0.9571947737022021,0.6887166909023085,1.0042448255859413,0.7162099623099606,4.4,
GBM,0.7,1.0,0.05,1.0,raw,0.0,17500,1,2000,5000,1.118909696895825,1.118909696895825,102,250,0,0,1.779274591708099,2.3106481042097498,1.449900690561148,0.891154026772639,1.942837604828414,2.5316290194076543,1.5748822079247058,1.0188691998701236,1.7706660120701876,2.2990175297256497,1.4433227159630662,0.8844321755569821,1.6713125488451108,2.1731847741728343,1.3496057502202554,0.769544656825541,1.464553095909407,1.5511102639695975,0.47898504009162796,0.07537851257321665,1.6821946253154108,2.2059255378677416,1.3954278928586044,0.8060797170493474,0.8695925220428088,0.3847389955624526,0.7775099888857854,0.3993408414199764,4.5,
GBM,0.7,1.0,0.05,1.0,clip,200.0,17500,1,2000,5000,1.118909696895825,1.118909696895825,102,250,0,0,1.779274591708099,2.3106481042097498,1.449900690561148,0.891154026772639,1.942837604828414,2.5316290194076543,1.5748822079247058,1.0188691998701236,1.7706660120701876,2.2990175297256497,1.4433227159630662,0.8844321755569821,1.6713125488451108,2.1731847741728343,1.3496057502202554,0.769544656825541,1.464553095909407,1.5511102639695975,0.47898504009162796,0.07537851257321665,1.6821946253154108,2.2059255378677416,1.3954278928586044,0.8060797170493474,0.8695925220428088,0.3847389955624526,0.7775099888857854,0.3993408414199764,4.8,
GBM,0.7,1.0,0.05,1.0,raw,0.0,18500,1,2000,5000,1.4257243420325783,1.4257243420325783,112,270,0,0,1.792790007368811,2.3472211702660504,1.551018843805868,0.9373589703201466,1.8000947371335054,2.3679067246819074,1.5552222266156175,0.9465994583633955,1.7923730354794942,2.3460403880900924,1.5507789044065803,0.936831500600976,1.6282151965570095,2.0963552440059003,1.2794652874377972,0.6157440559251001,1.0689282444570554,1.2438914774111984,0.6904995880362518,0.08611613002464949,1.660140667395696,2.1450159664119406,1.3130848939575468,0.6459765168115951,0.698121222674388,0.40132057224140855,0.6926311069468325,0.405443173523554,4.3,
GBM,0.7,1.0,0.05,1.0,clip,200.0,18500,1,2000,5000,1.4257243420325783,1.4257243420325783,112,270,2,0,1.792790007368811,2.3472211702660504,1.5002339317639017,0.9364115533581531,1.8000947371335054,2.3679067246819074,1.511654704506634,0.9459284907009052,1.7923730354794942,2.3460403880900924,1.4995820060470864,0.9358683032349938,1.6282151965570095,2.0963552440059003,1.226328815768029,0.6586289533811288,1.0689282444570554,1.2438914774111984,0.567914231234556,0.074587301498014,1.660140667395696,2.1450159664119406,1.2639127349697281,0.6919674831926385,0.7271129952921103,0.4013205722407377,0.7394041135304072,0.40312104642734337,3.7,
GBM,0.7,1.0,0.05,1.0,raw,0.0,19500,1,2000,5000,1.1232946948288631,1.1232946948288631,95,254,0,0,1.8008540580567642,2.333802910103483,1.4831498230702753,0.9144147662661471,1.8230331267508568,2.367779043360956,1.4908004912618538,0.9251756932258647,1.7996670619656772,2.331984549832223,1.482740368851847,0.9138388548780797,1.6206869684410699,2.037414399301919,1.0998190648716217,0.540310522349484,1.5863915244413032,1.8694514307338064,0.8207669164917611,0.07925810207384616,1.6225224178249595,2.0464035678683543,1.114753587772693,0.5649854727814291,0.9372578374857292,0.4263365974479905,0.906294942599878,0.4247054401045455,3.1,
GBM,0.7,1.0,0.05,1.0,clip,200.0,19500,1,2000,5000,1.1232946948288631,1.1232946948288631,95,254,0,0,1.8008540580567642,2.333802910103483,1.4831498230702753,0.9144147662661471,1.8230331267508568,2.367779043360956,1.4908004912618538,0.9251756932258647,1.7996670619656772,2.331984549832223,1.482740368851847,0.9138388548780797,1.6206869684410699,2.037414399301919,1.0998190648716217,0.540310522349484,1.5863915244413032,1.8694514307338064,0.8207669164917611,0.07925810207384616,1.6225224178249595,2.0464035678683543,1.114753587772693,0.5649854727814291,0.9372578374857292,0.4263365974479905,0.906294942599878,0.4247054401045455,3.8,
GBM,0.7,1.0,0.05,1.0,raw,0.0,20500,1,2000,5000,1.2377979048458687,1.2377979048458687,95,271,0,0,1.802184149201608,2.350605895263511,1.4411755151627625,0.9346972238764,1.8308104248714707,2.369219021506741,1.4557819554729763,0.9527411995336295,1.8005436922960183,2.349539251742277,1.440338478722909,0.9336631960897412,1.4666086453600198,1.781220515965343,0.8988780411790369,0.45968563264032936,0.9038548342216004,0.8592588378513178,0.390711828802927,0.08276906130092539,1.498857806455074,1.8340544374643701,0.9279990061936121,0.4812852077794664,1.0836377987451644,0.41428754626955594,0.8882724167007069,0.41096213181500585,4.5,
GBM,0.7,1.0,0.05,1.0,clip,200.0,20500,1,2000,5000,1.2377979048458687,1.2377979048458687,95,271,1,0,1.802184149201608,2.350605895263511,1.4411755151627625,0.9348951648910823,1.8308104248714707,2.369219021506741,1.4557819554729763,0.9527654790722891,1.8005436922960183,2.349539251742277,1.440338478722909,0.933871088946251,1.4666086453600198,1.781220515965343,0.8988780411790369,0.4596560274768212,0.9038548342216004,0.8592588378513178,0.390711828802927,0.08276148449313626,1.498857806455074,1.8340544374643701,0.9279990061936121,0.4812543402593501,1.0836377987451644,0.41428754626955594,0.8882724167007069,0.41066915995897946,4.1,
GBM,0.7,1.0,0.05,1.0,raw,0.0,21500,1,2000,5000,1.4129456481628075,1.4129456481628075,100,242,0,0,1.795877807278186,2.351417458674126,1.4753174693197877,0.8471453435189149,1.8135583391560306,2.373884102742258,1.4672671411000144,0.8349441672131699,1.7949785452532938,2.3502747668152595,1.475726922751731,0.8477659161683453,1.666342398740894,2.116350924776118,1.24223479135303,0.532127439800187,0.8953733240509361,0.8770879149169968,0.34733872198076154,0.1268007226166441,1.7055552016149942,2.179381956383076,1.2877507326704087,0.5527430483664789,0.9372310881187731,0.6719767655696617,0.8701065837836071,0.6678962649673507,4.3,
GBM,0.7,1.0,0.05,1.0,clip,200.0,21500,1,2000,5000,1.4129456481628075,1.4129456481628075,100,242,2,0,1.795877807278186,2.351417458674126,1.459357242050503,0.8539560530994902,1.8135583391560306,2.373884102742258,1.4602881558512877,0.8422425021128952,1.7949785452532938,2.3502747668152595,1.4593098941858982,0.8545518242930076,1.666342398740894,2.116350924776118,1.2166397200330723,0.5384748399115581,0.8953733240509361,0.8770879149169968,0.3439649868567676,0.12535254673550505,1.7055552016149942,2.179381956383076,1.2610254462686055,0.5594869447767545,0.9015907316000301,0.6692888210636507,0.8764583399767771,0.6665739578502244,4.4,
GBM,0.7,1.0,0.05,1.0,raw,0.0,22500,1,2000,5000,1.3441204316725048,1.3441204316725048,98,229,0,0,1.790651091481113,2.488540545145757,1.568188567071466,0.851207118495776,1.7720298057247255,4.082557977948128,2.7031191392880225,1.257369330548303,1.7915448819732975,2.412030381215398,1.5137138026536099,0.8317120133689625,1.8458857395671948,2.5818560091584883,1.6504972406014013,0.8800432932874969,1.2395280437898613,3.276274692824097,2.189706225884689,0.40894787869118143,1.874989892225549,2.548525076741925,1.6246161134519834,0.9026550832565928,6.273189670337687,0.1669032985909127,0.6302495104998637,0.7073265680039842,4.5,
GBM,0.7,1.0,0.05,1.0,clip,200.0,22500,1,2000,5000,1.3441204316725048,1.3441204316725048,98,229,5,2,1.790651091481113,2.360312746390468,1.4907402165798895,0.7933260142847904,1.7720298057247255,2.41331383630478,1.470077525474641,1.1357998814262904,1.7915448819732975,2.3577687829466667,1.4917319911057965,0.7768878429212601,1.8458857395671948,2.4628213232367497,1.5291155999259205,0.8463174016977384,1.2395280437898613,1.5338460120279276,0.681986385801342,0.30839757578886456,1.874989892225549,2.5074105804714635,1.5697763817399066,0.8721366513588432,1.5834330160569863,0.1950650902730935,0.6840670703083668,0.7189056709169825,4.5,
GBM,0.7,1.0,0.05,1.0,raw,0.0,23500,1,2000,5000,1.2921529163135739,1.2921529163135739,117,233,0,0,1.8266803137320793,2.388765970965982,1.5725296229183297,1.066989151046181,1.8600136427067457,2.4389785209671615,1.5946287119910152,1.1288589823701076,1.825051057249785,2.386311696967602,1.5714494702533548,1.0639650959384666,1.740072675074931,2.251964117558726,1.400476776203595,0.8361215304857876,1.574326846802958,1.9236038430603164,0.9283717072468677,0.4152879788969287,1.7481739500880145,2.2680136128299933,1.4235521865385894,0.8566909069322328,0.718269689565199,0.28266514771136364,0.7355545062863443,0.28961952507355443,3.9,
GBM,0.7,1.0,0.05,1.0,clip,200.0,23500,1,2000,5000,1.2921529163135739,1.2921529163135739,117,233,2,0,1.8266803137320793,2.387623524139491,1.5700512277871868,1.067358610866595,1.8600136427067457,2.435763727191995,1.5946287119934275,1.1295195732669192,1.825051057249785,2.3852705416953475,1.5688499368662607,1.0643203259412168,1.740072675074931,2.2505646746382966,1.3979488629779844,0.8358439841679123,1.574326846802958,1.9198499725656013,0.9283717072465734,0.41514984949754363,1.7481739500880145,2.2667292489162363,1.4209007147265513,0.8564065462359206,0.718269689565199,0.28215422402970103,0.7355545062863443,0.28942061655672185,3.0,
GBM,0.7,1.0,0.05,1.0,raw,0.0,24500,1,2000,5000,1.6043113951369525,1.6043113951369525,93,262,0,0,1.7797879662868792,2.3297709773536894,1.5119025630827105,0.9427466431578354,1.73721772162326,2.260048091584229,1.4605179997742208,1.1542660824134041,1.7821419983894262,2.3336264851780038,1.514744005798376,0.9310501270993805,1.70375382932882,2.1365952165184225,1.2755623703706236,0.6979920126577072,1.241326664192122,1.3442023108722039,0.6337250453671803,0.36671668845238214,1.7293249389248129,2.1804126376411133,1.3110544301323168,0.7163107410118219,0.6292737076672301,0.2586022643209569,0.640991390772966,0.5440101144028746,3.4,
GBM,0.7,1.0,0.05,1.0,clip,200.0,24500,1,2000,5000,1.6043113951369525,1.6043113951369525,93,262,1,0,1.7797879662868792,2.3297709773536894,1.5093356227739418,0.932093761287917,1.73721772162326,2.260048091584229,1.4572326673593847,1.3277337073057207,1.7821419983894262,2.3336264851780038,1.5122167908445654,0.9102158242139058,1.70375382932882,2.1365952165184225,1.2729305516987104,0.6759820688690406,1.241326664192122,1.3442023108722039,0.627317985492994,0.4955723592701537,1.7293249389248129,2.1804126376411133,1.3086313732153625,0.685958291729933,0.6233122950970071,0.1652624973591626,0.6411646904904251,0.5448915522048478,4.3,
GBM,0.7,1.0,0.05,1.0,raw,0.0,25500,1,2000,5000,1.155270521788336,1.155270521788336,108,258,0,0,1.8106377245545162,2.363639412105404,1.5126796225588304,0.8370694898018585,1.8288400628840853,2.4358609492205106,1.4942066531899416,0.8331895950012189,1.8096473822329158,2.3597100243838316,1.5136846892178715,0.837280584879582,1.7209118351024573,2.2076578806656855,1.2044761190354094,0.380340947232509,2.17171799013579,3.011882278230467,2.025785487671048,0.9226171297023683,1.696384633921816,2.1639021036577324,1.1597907927789786,0.3508370975747225,1.0973626245549777,0.6138053530749212,1.1281719901779463,0.6182650896387668,4.3,
GBM,0.7,1.0,0.05,1.0,clip,200.0,25500,1,2000,5000,1.155270521788336,1.155270521788336,108,258,3,0,1.8106377245545162,2.3592828536197885,1.501085634873235,0.8230075737555107,1.8288400628840853,2.4266336741203474,1.4956340965903092,0.8199468156836195,1.8096473822329158,2.355618469037514,1.5013822390227491,0.8231741017147152,1.7209118351024573,2.203522877907328,1.189140095302775,0.38115251169629455,2.17171799013579,2.9999398562990676,2.014570805023195,0.8989167730328912,1.696384633921816,2.1601918824570814,1.1442305374985007,0.3529822925008408,1.1289008352717849,0.6608248540998682,1.1569882995913594,0.685884549819716,4.5,
GBM,0.7,1.0,0.05,1.0,raw,0.0,26500,1,2000,5000,1.1915050120471395,1.1915050120471395,105,261,0,0,1.7773467723637704,2.3015426038024156,1.4282942901482765,0.7927318218831821,1.7618610677436808,2.264880486700418,1.4116371694846437,0.7759611085032503,1.7781996461569425,2.3035617666138988,1.4292116795749927,0.7936554674185614,1.7849428850554585,2.307618672538873,1.514590994260092,0.9737448502949981,1.5349900921810447,1.8599369812472941,0.9824038157717518,0.28901999852870014,1.7987090127069087,2.3322747015380507,1.5439011553880637,1.011456010098966,1.0496920103284617,0.6708068109158785,0.9900757770504641,0.6581304396539854,4.2,
GBM,0.7,1.0,0.05,1.0,clip,200.0,26500,1,2000,5000,1.1915050120471395,1.1915050120471395,105,261,0,0,1.7773467723637704,2.3015426038024156,1.4282942901482765,0.7927318218831821,1.7618610677436808,2.264880486700418,1.4116371694846437,0.7759611085032503,1.7781996461569425,2.3035617666138988,1.4292116795749927,0.7936554674185614,1.7849428850554585,2.307618672538873,1.514590994260092,0.9737448502949981,1.5349900921810447,1.8599369812472941,0.9824038157717518,0.28901999852870014,1.7987090127069087,2.3322747015380507,1.5439011553880637,1.011456010098966,1.0496920103284617,0.6708068109158785,0.9900757770504641,0.6581304396539854,4.3,
GBM,0.7,1.0,0.05,20.0,raw,0.0,7500,1,2000,5000,19.999999999999996,1.608907994394138,101,269,0,0,1.7541115080391283,2.3228091570447535,1.4083016807955862,0.7742829594443751,1.7179184810222383,2.266344996075233,1.3700544873295446,0.7489738739353031,1.7561694079054448,2.3260196536206994,1.4104763785428627,0.7757220091171589,1.50733228076304,1.8743502509827712,0.9708173899959395,0.4151642048070966,1.4576338240524296,1.7941570698098384,0.5218428402618804,0.24790468804713153,1.5101580860589932,1.878909956274574,0.9963456406572081,0.4246744161806817,0.9620682752056442,1.0182269830228545,0.912397389887547,1.0759353336544542,4.5,
GBM,0.7,1.0,0.05,20.0,clip,200.0,7500,1,2000,5000,19.999999999999996,1.608907994394138,101,269,2,0,1.7541115080391283,2.309932451599134,1.4083016807955862,0.7714872450846645,1.7179184810222383,2.2623998632999696,1.3700544873295446,0.7489463781282287,1.7561694079054448,2.3126351077505762,1.4104763785428627,0.7727688965772203,1.50733228076304,1.8705718333156387,0.9708173899959395,0.41221304394112857,1.4576338240524296,1.8262639088595702,0.5218428402618804,0.2471693578246666,1.5101580860589932,1.8730911382572326,0.9963456406572081,0.42159726536690073,0.9620682752056442,1.016805658507854,0.912397389887547,1.0759353336544542,3.9,
GBM,0.7,1.0,0.05,20.0,raw,0.0,8500,1,2000,5000,20.0,1.7833317246869531,98,276,0,0,1.804206354591685,2.3364627929824175,1.4753702471392078,0.8857380523338697,1.8154231260831217,2.391317928113192,1.4976298465142386,0.9142280504333778,1.8035510140049713,2.333257878228799,1.4740697286321145,0.8840735223856343,2.503033182589213,3.5810743937817233,2.8422097550233607,2.2078453853631426,1.351096242771876,1.53925509667297,0.45806449667133414,0.2418002997902748,2.5703351714523763,3.7003678158820654,2.9815035931489247,2.3227116943424204,1.1169466325908801,0.8080676802445004,1.1315032076549798,0.8043577231979493,3.0,
GBM,0.7,1.0,0.05,20.0,clip,200.0,8500,1,2000,5000,20.0,1.7833317246869531,98,276,2,0,1.804206354591685,2.3364627929824175,1.4753702471392078,0.8767528401409278,1.8154231260831217,2.391317928113192,1.4976298465142386,0.8935121948451827,1.8035510140049713,2.333257878228799,1.4740697286321145,0.8757736737780203,2.503033182589213,3.5810743937817233,2.8422097550233607,2.2552730882015077,1.351096242771876,1.53925509667297,0.45806449667133414,0.09306873620449138,2.5703351714523763,3.7003678158820654,2.9815035931489247,2.3816000147788103,1.1169466325908801,0.5524316514275378,1.1315032076549798,0.5367646123151668,3.0,
GBM,0.7,1.0,0.05,20.0,raw,0.0,9500,1,2000,5000,20.0,1.6404063836985494,113,238,0,0,1.7898638101194422,2.3176981987511605,1.5207959794594101,0.9367188671737952,1.8405148014723784,2.384431406924842,1.5585354130584208,0.9455578696097955,1.7873323242013408,2.314362939711821,1.5189098002917152,0.936277102667334,1.9577339211246705,2.587053892700898,1.7528885775413898,1.0932311930649772,4.481997957638252,7.17292949592946,6.881231917878321,5.313403563082297,1.8315737277835882,2.357856414001108,1.4965791035808296,0.8823111964114447,1.2928255011202343,1.7617470323058977,1.3131265329378539,1.874350164556113,3.9,
GBM,0.7,1.0,0.05,20.0,clip,200.0,9500,1,2000,5000,20.0,1.6404063836985494,113,238,4,0,1.7898638101194422,2.3176981987511605,1.4761125017558157,0.7731622420011681,1.8405148014723784,2.384431406924842,1.5143322945264726,0.7954288969953526,1.7873323242013408,2.314362939711821,1.474202314716879,0.7720493768418619,1.9577339211246705,2.587053892700898,1.706125271242291,0.9135259194042388,4.481997957638252,7.17292949592946,6.831863611403155,4.3005441869678736,1.8315737277835882,2.357856414001108,1.449945992586624,0.7442461319871567,1.2928255011202343,1.1032088566303029,1.3131265329378539,1.1023934054510345,4.0,
GBM,0.7,1.0,0.05,20.0,raw,0.0,10500,1,2000,5000,19.999999999999996,1.0912953293729415,107,266,0,0,1.792393149154277,2.3307499839921775,1.4486309052579545,0.8243135122174077,1.730766000429549,2.2482983496702484,1.3884922168521616,0.772665606940471,1.795855933598886,2.3353828810622317,1.4520100542051328,0.8272155702663441,1.7262324599179404,2.201996519624571,1.3366244623551669,0.6880878163824095,3.2034093006838944,4.7444252628932695,4.002818046189375,3.3755185006838633,1.6432309728787045,2.0591393067581842,1.1868129935550191,0.5370830504288424,1.097100893782407,0.8431883145030055,1.081347086300013,0.8376168349970823,4.3,
GBM,0.7,1.0,0.05,20.0,clip,200.0,10500,1,2000,5000,19.999999999999996,1.0912953293729415,107,266,1,0,1.792393149154277,2.3307499839921775,1.4486309052579545,0.8211544267977607,1.730766000429549,2.2482983496702484,1.3884922168521616,0.772665606940471,1.795855933598886,2.3353828810622317,1.4520100542051328,0.8238789781458891,1.7262324599179404,2.201996519624571,1.3366244623551669,0.6848417662235697,3.2034093006838944,4.7444252628932695,4.002818046189375,3.3755185006838633,1.6432309728787045,2.0591393067581842,1.1868129935550191,0.5336546070840602,1.097100893782407,0.8431883145030055,1.081347086300013,0.8376168349970823,4.3,
GBM,0.7,1.0,0.05,20.0,raw,0.0,11500,1,2000,5000,20.000000000000004,1.2295789572257825,103,265,0,0,1.7954043939671613,2.3760168948756024,1.5242047847065994,0.8966090761059214,1.8627175548840922,2.459887514515097,1.5725025413905787,0.9317046367894622,1.7916371315293602,2.37132297424108,1.5215017423578654,0.8946449106188806,1.7412174429907863,2.309274999290534,1.4920894718683124,0.7558766491540433,1.7051783767925084,2.246148465838231,0.9170197887267719,0.49300948996157423,1.743234412904734,2.312807952060304,1.5242739419913345,0.7705883275460188,0.9464358878440544,2.891319441281366,0.8739149158646666,2.8332926862182006,4.2,
GBM,0.7,1.0,0.05,20.0,clip,200.0,11500,1,2000,5000,20.000000000000004,1.2295789572257825,103,265,4,1,1.7954043939671613,2.3644456748894855,1.5167353825558787,0.7940785753373335,1.8627175548840922,2.446196311569475,1.5650647972528668,0.827822053369947,1.7916371315293602,2.3598704016645224,1.5140305684281696,0.7921900807906297,1.7412174429907863,2.2968125066189264,1.4877427223569502,0.6340240507257829,1.7051783767925084,2.2317104660867133,0.922124591605879,0.3326684211297589,1.743234412904734,2.3004560210309726,1.519398224922744,0.6508897828995837,0.9526600086083026,1.8745621012955749,0.8746636406307146,1.8956093806667498,4.5,
GBM,0.7,1.0,0.05,20.0,raw,0.0,12500,1,2000,5000,20.000000000000004,1.1317412551202441,95,267,0,0,1.8304737335650112,2.5999562216290766,1.489796090870282,1.2160546655019469,1.8936844362720344,2.4766290201855785,1.542786090208864,1.239302926276839,1.826907864639853,2.60691340793489,1.486806796591093,1.2147431747715651,1.5611415589703768,2.133876525545397,1.0531867622600342,0.9265767739485582,1.5136936928250182,1.9259528992792259,1.468688847896981,1.419608780606493,1.563818208085274,2.145606001187287,1.0297472826773035,0.8987636436342396,0.9334900784031175,1.2648002763872983,0.9404525923056575,1.3532656428451704,4.3,
GBM,0.7,1.0,0.05,20.0,clip,200.0,12500,1,2000,5000,20.000000000000004,1.1317412551202441,95,267,1,0,1.8304737335650112,2.4130886184398936,1.489796090870282,0.8559542896271142,1.8936844362720344,2.4766290201855785,1.542786090208864,0.8960328907523291,1.826907864639853,2.409504150392968,1.486806796591093,0.853693358610754,1.5611415589703768,1.9453553074327028,1.0531867622600342,0.42931986810032086,1.5136936928250182,1.9259528992792259,1.468688847896981,0.8318648185465015,1.563818208085274,1.9464498442966325,1.0297472826773035,0.4066113319141535,0.9334900784031175,0.5860576178472292,0.9404525923056575,0.6192661160494376,3.8,
GBM,0.7,1.0,0.05,20.0,raw,0.0,13500,1,2000,5000,20.0,1.1989072682083857,97,258,0,0,1.8124269368552661,2.3530390900314124,1.4720546374080103,3.781037872517716,1.938201193054897,2.541988655355358,1.5953111295951883,3.433495438619173,1.805583883692148,2.342758831099827,1.4653485692966035,3.799946760739104,1.9236249109788015,2.4881048750247516,1.511676253822336,3.7105604476138163,1.6570844439149846,2.019196376165804,0.7063694234533243,2.961196157461254,1.9381266909244923,2.513616978083716,1.5554909232097687,3.751331427550417,0.7481453273642186,0.7140847436301612,0.7626652176394824,10.760023651937692,3.0,
GBM,0.7,1.0,0.05,20.0,clip,200.0,13500,1,2000,5000,20.0,1.1989072682083857,97,258,1,0,1.8124269368552661,2.3530390900314124,1.4720546374080103,0.9059055450880089,1.938201193054897,2.541988655355358,1.5953111295951883,0.9920952679837542,1.805583883692148,2.342758831099827,1.4653485692966035,0.9012161843737319,1.9236249109788015,2.4881048750247516,1.511676253822336,0.7500546938762642,1.6570844439149846,2.019196376165804,0.7063694234533243,0.38357014019021773,1.9381266909244923,2.513616978083716,1.5554909232097687,0.7699941740219836,0.7481453273642186,0.6746814913828942,0.7626652176394824,0.809063087242738,3.4,
GBM,0.7,1.0,0.05,20.0,raw,0.0,14500,1,2000,5000,20.0,1.5044744194408077,103,236,0,0,1.794028166061977,2.36269656555154,1.4548805987475748,5.588932350374752,1.779562288090449,2.355455859286999,1.4423001250461138,5.442668074092018,1.794744779664261,2.363055257129716,1.4555038128100317,5.596178019812772,2.0062035384352193,2.724284343673728,1.8762142215121487,5.357182743811535,1.687116970869768,1.9287303663590865,0.622609425869986,5.01890898714015,2.022010513654666,2.7636946582510276,1.9383155505993754,5.373940217903568,1.0027036759907932,1.6302528563996246,1.0218385327721369,1.603997430029603,4.4,
GBM,0.7,1.0,0.05,20.0,clip,200.0,14500,1,2000,5000,20.0,1.5044744194408077,103,236,2,0,1.794028166061977,2.3517306798933726,1.4548805987475748,0.8116481975901974,1.779562288090449,2.3393946059502846,1.4423001250461138,0.7988479889599513,1.794744779664261,2.352341786830939,1.4555038128100317,0.8122822969262045,2.0062035384352193,2.713167079303106,1.8762142215121487,1.13074620181767,1.687116970869768,1.9124865551805044,0.622609425869986,0.19879490675150568,2.022010513654666,2.752831353797845,1.9383155505993754,1.1769133944363968,1.0027036759907932,1.0758568385749996,1.0218385327721369,1.0773894834504283,4.4,
GBM,0.7,1.0,0.05,20.0,raw,0.0,15500,1,2000,5000,20.0,1.5406832720642871,88,253,0,0,1.7918093829910409,2.465220659410975,1.5504154186455643,1.289726291592077,1.860224445610589,2.500173342936066,1.6033787401415835,1.283401000383674,1.7881630777787498,2.46335779256205,1.5475926420838426,1.2900634094930095,2.017350908092125,2.846472128448828,2.0445440689097456,1.5866091891832208,1.645461501433209,2.0424849680809642,0.9904665713952121,0.97434886305696,2.0371714305030593,2.889322086648337,2.1007230465527154,1.6192407169923515,1.5947846901948373,5.118450326624102,1.5425688776029518,5.257754963923044,4.3,
GBM,0.7,1.0,0.05,20.0,clip,200.0,15500,1,2000,5000,20.0,1.5406832720642871,88,253,4,0,1.7918093829910409,2.3672929149524737,1.527866487396793,0.7589305142228505,1.860224445610589,2.486424425765065,1.5948972989638062,0.7821289952597437,1.7881630777787498,2.3609435843783033,1.52429395836236,0.7576941089769407,2.017350908092125,2.7560124928107923,2.0310191186237287,1.22473833637692,1.645461501433209,1.9904298813838572,0.9221243535837769,0.25939966484557475,2.0371714305030593,2.7968156107149453,2.090119682254465,1.2761878168693217,1.5467337504368515,1.4038807569173595,1.4828725650806815,1.3821248403621575,4.3,
GBM,0.7,1.0,0.05,20.0,raw,0.0,16500,1,2000,5000,20.0,1.3340250246726368,103,268,0,0,1.7996247980624047,2.3661657111187373,1.5298772534718081,6.017627556753698,1.7832643252565734,2.452832130760831,1.4776612633728423,6.175764336941416,1.8005513844343328,2.361257300200715,1.5328345411612678,6.008671373936642,1.6918168465498677,2.18843378827395,1.2862918224548825,5.950837094340171,1.268798176422144,1.6587086952381158,0.9403877381369902,5.837476142464885,1.7157747932096798,2.218435124904043,1.3058823327247886,5.957257368030487,1.1451641831119814,1.7228331890259483,1.0904847080978253,1.4578561873258913,4.5,
GBM,0.7,1.0,0.05,20.0,clip,200.0,16500,1,2000,5000,20.0,1.3340250246726368,103,268,2,0,1.7996247980624047,2.362571671890736,1.5178694728109532,0.7955137839930915,1.7832643252565734,2.452832130760831,1.4722463837886708,0.7778448813187142,1.8005513844343328,2.357459710145769,1.5204533671173712,0.7965144741699159,1.6918168465498677,2.1841554910383914,1.272689423926208,0.6514762736969238,1.268798176422144,1.6587086952381158,0.9342955597451116,0.257394256091776,1.7157747932096798,2.213914523429447,1.2918545878316468,0.673795373595102,1.1451641831119814,1.1127294416821731,1.0904847080978253,1.0592778059011783,4.7,
GBM,0.7,1.0,0.05,20.0,raw,0.0,17500,1,2000,5000,20.0,1.118909696895825,102,250,0,0,1.7804181575254643,2.31362337594276,1.444119587082883,0.8281100605282867,1.945830111556101,2.5305406453301305,1.5670562927278389,0.9484202305389253,1.7717122652080621,2.3022066775539507,1.4376492341542009,0.8217779463172005,1.6715692210735924,2.1731429062982714,1.3470194825940391,0.8042461183692431,1.4644214046208377,1.538926225722241,0.5072028341329744,0.14248129290269018,1.6824717377290006,2.2065227315917473,1.3912203588288319,0.8390758460253773,0.8568126236902518,0.5783417733407845,0.8309185874926992,0.6119755562795548,4.0,
GBM,0.7,1.0,0.05,20.0,clip,200.0,17500,1,2000,5000,20.0,1.118909696895825,102,250,1,0,1.7804181575254643,2.31362337594276,1.4332307207619481,0.8189711235398692,1.945830111556101,2.5305406453301305,1.5670562927278389,0.9174679449215,1.7717122652080621,2.3022066775539507,1.4261872696058484,0.8137870803092571,1.6715692210735924,2.1731429062982714,1.3360517399932288,0.7946784452726402,1.4644214046208377,1.538926225722241,0.5072028341329744,0.11058904924734735,1.6824717377290006,2.2065227315917473,1.3796753666174528,0.8306831503266029,0.8568126236902518,0.5783417733407845,0.8309185874926992,0.6119755562795548,3.0,
GBM,0.7,1.0,0.05,20.0,raw,0.0,18500,1,2000,5000,20.0,1.4257243420325783,112,270,0,0,1.797550269657543,2.383071367543687,1.5629433527508694,0.9591159087182832,1.8019933431001858,2.4140564057016887,1.531548945715503,0.928449328551149,1.7972966481291046,2.3813026655769516,1.5647354224970744,0.9608664323219038,1.636836910329945,2.1217409443542494,1.287730903241052,0.9574188363941896,1.0602478900305872,1.290290184340156,0.5832266127597964,0.34446540322484903,1.6697500256535869,2.1692021928117136,1.3279457358900875,0.9924077215856741,0.7696676116787635,0.9069564584699423,0.7758768785825522,0.9129294401826442,3.0,
GBM,0.7,1.0,0.05,20.0,clip,200.0,18500,1,2000,5000,20.0,1.4257243420325783,112,270,3,0,1.797550269657543,2.383071367543687,1.4974503501487197,0.830456065884983,1.8019933431001858,2.4140564057016887,1.5092891133877577,0.8238411709632494,1.7972966481291046,2.3813026655769516,1.496774564509282,0.830833660309691,1.636836910329945,2.1217409443542494,1.2252700522270148,0.7218639377063688,1.0602478900305872,1.290290184340156,0.546544929039635,0.171720480075269,1.6697500256535869,2.1692021928117136,1.2640133467852797,0.7532674754569813,0.756264553711926,0.7806192233317357,0.7776481853095225,0.7958638004402221,4.2,
GBM,0.7,1.0,0.05,20.0,raw,0.0,19500,1,2000,5000,20.0,1.1232946948288631,95,254,0,0,1.798713294423451,2.3375155757023416,1.4831682284549639,0.7936344648022216,1.8227437484934803,2.3621557088462115,1.4717925873834945,0.8058036200425854,1.7974272144963994,2.336196866511751,1.4837770385755187,0.7929831867931503,1.6167725467431577,2.0310180911296274,1.0850254698893145,0.49731526145651916,1.5839361674327097,1.8078254321333393,0.7031981809062494,0.13231416229979737,1.6185299088048632,2.042963083836129,1.1054603901172324,0.5168496649933516,1.065370603990781,0.7106323692341554,1.0223039461164167,0.7085424723161659,4.3,
GBM,0.7,1.0,0.05,20.0,clip,200.0,19500,1,2000,5000,20.0,1.1232946948288631,95,254,1,0,1.798713294423451,2.3375155757023416,1.4831682284549639,0.790732961509395,1.8227437484934803,2.3621557088462115,1.4717925873834945,0.8058036200425854,1.7974272144963994,2.336196866511751,1.4837770385755187,0.7899263986633288,1.6167725467431577,2.0310180911296274,1.0850254698893145,0.49428768596898864,1.5839361674327097,1.8078254321333393,0.7031981809062494,0.13231416229979737,1.6185299088048632,2.042963083836129,1.1054603901172324,0.513660057442224,1.065370603990781,0.7106323692341554,1.0223039461164167,0.7085424723161659,4.2,
GBM,0.7,1.0,0.05,20.0,raw,0.0,20500,1,2000,5000,20.0,1.2377979048458687,95,271,0,0,1.80102431904171,2.351997237281143,1.4230839152392403,5.976959536598142,1.8283719773982483,2.379267852118941,1.4439269074320555,5.214878057620912,1.7994571345598698,2.350434467853982,1.4218894870547927,6.0206313659072626,1.4669821759864659,1.7786388836932667,0.8886642136203956,5.626267747797473,0.9041623575480535,0.857067156298566,0.4082924850909226,4.813712982002267,1.4992351196948206,1.8314504586824742,0.916192388378587,5.672831998491171,1.1244927563327403,2.147824851903402,0.9917283946054407,2.982342344796881,4.3,
GBM,0.7,1.0,0.05,20.0,clip,200.0,20500,1,2000,5000,20.0,1.2377979048458687,95,271,2,0,1.80102431904171,2.351997237281143,1.4230839152392403,0.8139694750648971,1.8283719773982483,2.379267852118941,1.4439269074320555,0.8223066531439774,1.7994571345598698,2.350434467853982,1.4218894870547927,0.8134917048683586,1.4669821759864659,1.7786388836932667,0.8886642136203956,0.3860721147580578,0.9041623575480535,0.857067156298566,0.4082924850909226,0.23802623927713118,1.4992351196948206,1.8314504586824742,0.916192388378587,0.3945560293817269,1.1244927563327403,1.317228460274972,0.9917283946054407,1.3900544819576253,4.1,
GBM,0.7,1.0,0.05,20.0,raw,0.0,21500,1,2000,5000,20.0,1.4129456481628075,100,242,0,0,1.799867465860501,2.3393606949580694,1.5733362839832388,0.9188163607686842,1.817781105489525,2.3643708236448346,1.6980165907762113,0.9195328086949924,1.7989563475775618,2.3380886371307894,1.56699483080041,0.9187799210044625,1.6712131434699415,2.1067635483429963,1.3221547820536872,0.6055203407502144,0.8942264366833831,0.8607055643244534,0.5525627907265648,0.3340305221081356,1.7107320133821622,2.1701401839320016,1.361297544117824,0.6193287762507154,0.8910527289934993,1.722990201537333,0.8713747759124537,1.7602144408500404,3.7,
GBM,0.7,1.0,0.05,20.0,clip,200.0,21500,1,2000,5000,20.0,1.4129456481628075,100,242,3,0,1.799867465860501,2.3393606949580694,1.4989107489541387,0.8269098000624617,1.817781105489525,2.3643708236448346,1.4940395843938459,0.8198994762984424,1.7989563475775618,2.3380886371307894,1.4991585046968017,0.8272663570929141,1.6712131434699415,2.1067635483429963,1.2465305009006427,0.3972224999571908,0.8942264366833831,0.8607055643244534,0.3482695388739735,0.20548196306951963,1.7107320133821622,2.1701401839320016,1.2922175864009482,0.4069747508875852,0.895877262665297,1.0080757740949444,0.8732187761892418,1.072814347145675,3.0,
GBM,0.7,1.0,0.05,20.0,raw,0.0,22500,1,2000,5000,20.0,1.3441204316725048,98,229,0,0,1.7886408308979975,2.4541634316455254,1.4918980456768953,3.9797130318512295,1.767510170271472,3.4345355287970567,1.5662746913705918,1.0745823751362622,1.789655067176236,2.407107214867554,1.4883280913981578,4.119154432058258,1.8437532455167798,2.5457579268502397,1.5519624664779206,4.008466296463548,1.2190843535459328,2.5617005233653853,0.7800121939885329,0.6974109357930464,1.8737363048882583,2.544992708950016,1.5890147851532652,4.167391401806986,2.2210053950508533,0.7498880780685699,0.8269581328770876,5.591731656921834,4.2,
GBM,0.7,1.0,0.05,20.0,clip,200.0,22500,1,2000,5000,20.0,1.3441204316725048,98,229,6,2,1.7886408308979975,2.3664407997341854,1.4971486019233209,0.7819534483063447,1.767510170271472,2.522862049268553,1.4869438145390772,1.2659920036982923,1.789655067176236,2.358932842043267,1.4976384146064043,0.7587204092820823,1.8437532455167798,2.456710421720099,1.5430418249204998,0.8163137683391959,1.2190843535459328,1.6986534335322776,0.6732005158456679,0.43056731390089925,1.8737363048882583,2.493095886045191,1.5847927492085185,0.8348289513336143,1.6564349202205604,0.14348307443388228,0.772092353769947,0.9654928344526856,4.4,
GBM,0.7,1.0,0.05,20.0,raw,0.0,23500,1,2000,5000,20.0,1.2921529163135739,117,233,0,0,1.8253792052859044,2.3900136375960765,1.5731455538993844,2.363635401251982,1.8582931005840937,2.4398233097988307,1.5946217697315708,2.390782644805795,1.8237704497573795,2.3875790553382115,1.572095845846332,2.3623085064023828,1.737896571737829,2.253440266353371,1.4029078410369993,2.290778527452739,1.5726683780933488,1.9238872565339922,0.9290432528403673,2.0800068559353897,1.7459725459604356,2.2695480597848614,1.4260692526270593,2.301080562162942,0.7185060805808596,3.360137967569271,0.7352036281202458,1.4403731388052807,4.4,
GBM,0.7,1.0,0.05,20.0,clip,200.0,23500,1,2000,5000,20.0,1.2921529163135739,117,233,3,0,1.8253792052859044,2.3888892397938557,1.5707625056716867,0.9035867157035442,1.8582931005840937,2.4366539886859258,1.5946217697339444,0.9210043596644755,1.8237704497573795,2.3865546086858527,1.5695963197001102,0.9027353813123346,1.737896571737829,2.2520632651893457,1.4004745079864216,0.6514594787341234,1.5726683780933488,1.9201935838837105,0.9290432528400777,0.3897548547308496,1.7459725459604356,2.268284292196733,1.4235169838515564,0.664250999059855,0.7185060805808596,0.6739702043041943,0.7352036281202458,0.6590736852333796,4.5,
GBM,0.7,1.0,0.05,20.0,raw,0.0,24500,1,2000,5000,20.0,1.6043113951369525,93,262,0,0,1.782386519970077,2.33207410132363,1.488106576216033,2.5231139990731455,1.7356601361514725,2.2796213307320525,1.4460323877259906,1.1813158636162813,1.7849703765678977,2.33497461333186,1.4904331776057316,2.597312207492246,1.7050248074925995,2.1431460154451334,1.259111066759423,2.197852851052056,1.2358310028392372,1.3604275832173052,0.6173115639727491,0.4642457254686,1.730970095972798,2.18642846146533,1.294601035043532,2.2937171539019645,0.6981316436896237,0.21741178600686067,0.7373658184950475,0.5638345588681108,4.5,
GBM,0.7,1.0,0.05,20.0,clip,200.0,24500,1,2000,5000,20.0,1.6043113951369525,93,262,2,0,1.782386519970077,2.3315693925369887,1.484663643558506,0.9460135315338508,1.7356601361514725,2.2748467619419084,1.44210192675712,1.181315863616281,1.7849703765678977,2.334706017529794,1.4870172040907903,0.933001878725578,1.7050248074925995,2.142626615869069,1.2534496113803204,0.6685916527753027,1.2358310028392372,1.3554714803922623,0.6115129236674492,0.4642457254686001,1.730970095972798,2.1861544009038774,1.2889471656607703,0.6798914908830184,0.6981316436896237,0.217411786006861,0.7373658184950475,0.5210641160295985,4.4,
GBM,0.7,1.0,0.05,20.0,raw,0.0,25500,1,2000,5000,20.0,1.155270521788336,108,258,0,0,1.8122359936519101,2.3499571749313137,1.5342613507666254,7.513856282743176,1.831366019741801,2.3960886088161297,1.4995648764623632,7.496575699853236,1.8111951782298954,2.3474472824930426,1.5361490965216864,7.5147964747266425,1.7225702699627774,2.192402388574085,1.2135376593513225,7.212154403078501,2.182931275162826,2.993709490855196,1.9381042976888465,7.125395028575185,1.6975232140071443,2.1488053340847286,1.1741158557471298,7.216874757068768,1.328117851790311,2.7108993822869047,1.3408138921126844,2.7794872033010236,4.7,
GBM,0.7,1.0,0.05,20.0,clip,200.0,25500,1,2000,5000,20.0,1.155270521788336,108,258,4,0,1.8122359936519101,2.3499571749313137,1.5073208083729321,0.7955646463523767,1.831366019741801,2.3960886088161297,1.5074724409538687,0.7926121630180442,1.8111951782298954,2.3474472824930426,1.5073125584349563,0.7957252833621317,1.7225702699627774,2.192402388574085,1.194696126474314,0.41563449690061954,2.182931275162826,2.993709490855196,1.9662923703633408,0.8897072147623666,1.6975232140071443,2.1488053340847286,1.1527155632260284,0.3898414219937593,1.2925587579436613,1.047360560666578,1.3058853396768013,1.037499532570914,3.1,
GBM,0.7,1.0,0.05,20.0,raw,0.0,26500,1,2000,5000,19.999999999999996,1.1915050120471395,105,261,0,0,1.7744582631224264,2.2980833404599372,1.485456471568013,0.7917785536285626,1.7576405853594885,2.264324533871426,1.599700917568207,0.8511995167841063,1.7753844952169877,2.2999426037052633,1.4791644689501506,0.7885059494117242,1.7808991223122015,2.305419260972015,1.586129858734377,1.0305452460431075,1.5261818826411993,1.8631035230041446,1.2327779570295998,0.24727906209188374,1.7949276514436916,2.3297797605731154,1.605590683031686,1.0736835608798387,0.9849898077699791,0.8095168395457321,0.9632817396506643,0.8462097756515018,2.8,
GBM,0.7,1.0,0.05,20.0,clip,200.0,26500,1,2000,5000,19.999999999999996,1.1915050120471395,105,261,1,0,1.7744582631224264,2.2980833404599372,1.435958914182177,0.7808386203861397,1.7576405853594885,2.264324533871426,1.4285898009731408,0.7673901819087843,1.7753844952169877,2.2999426037052633,1.4363647674312925,0.7815792919292056,1.7808991223122015,2.305419260972015,1.5359410134069715,1.0193617380169762,1.5261818826411993,1.8631035230041446,1.0587527073948642,0.16158168258129874,1.7949276514436916,2.3297797605731154,1.5622221165656882,1.0666038976432075,0.9849898077699791,0.8095168395457321,0.9632817396506643,0.8462097756515018,3.5,
GBM,0.7,5.0,0.05,1.0,raw,0.0,7500,1,2000,5000,1.4270551610854958,1.4270551610854958,101,269,0,0,2.1310894959884434,2.8167016242251406,1.7156249456077335,1.1405178249658305,8.64308835911866,11.810958792479369,7.351723024892026,6.312357264071893,1.7608236549015635,2.305297020914977,1.395161960334541,0.8464521286818459,1.8291756737347336,2.2699667269017816,1.1201755973896854,0.5651684182458823,7.33658115638054,9.428547862546568,3.5773282769956576,2.42941152102115,1.5160300227451498,1.8629368546784784,0.9804643163045014,0.459169391687745,0.6618265920541391,0.1468150696717055,0.7982148828556341,0.48308971782068405,4.3,
GBM,0.7,5.0,0.05,1.0,clip,200.0,7500,1,2000,5000,1.4270551610854958,1.4270551610854958,101,269,1,0,2.1310894959884434,2.8167016242251406,1.7156249456077335,1.1372049634234074,8.64308835911866,11.810958792479369,7.351723024892026,6.315720907530041,1.7608236549015635,2.305297020914977,1.395161960334541,0.8427596476413984,1.8291756737347336,2.2699667269017816,1.1201755973896854,0.5578204062141308,7.33658115638054,9.428547862546568,3.5773282769956576,2.4680688981574885,1.5160300227451498,1.8629368546784784,0.9804643163045014,0.449205558542864,0.6618265920541391,0.14700761923966252,0.7982148828556341,0.4762184343768148,4.1,
GBM,0.7,5.0,0.05,1.0,raw,0.0,8500,1,2000,5000,1.323544349501603,1.323544349501603,98,276,0,0,2.221668485638624,2.937031857662474,1.8174983624238383,1.216942933781763,9.272717975714238,13.19746450990285,7.703030529044542,7.29484933379612,1.809710471400506,2.337565428361385,1.4736357718253383,0.861840866380416,2.8218997926045604,3.989095874912947,2.9515633471394036,2.3733321362702413,6.962967090332269,8.672530738544458,2.423360682571953,2.1174118575248984,2.5799576727542544,3.7154658955813855,2.9824236213605335,2.3882842948082836,0.893494954234594,0.12389169844177977,1.172882038776644,0.6115055165562804,4.5,
GBM,0.7,5.0,0.05,1.0,clip,200.0,8500,1,2000,5000,1.323544349501603,1.323544349501603,98,276,2,1,2.221668485638624,2.9345504151447623,1.8298841473277345,1.2221001959782745,9.272717975714238,13.159392765473765,7.874320628934491,7.31468099521152,1.809710471400506,2.3371633514930252,1.4767375620348757,0.8661407758706589,2.8218997926045604,3.9874467474247695,2.9585064645785617,2.381156770687156,6.962967090332269,8.64959369629122,2.5275544549687394,2.148167134232389,2.5799576727542544,3.715060515865257,2.9836848631078396,2.39476920499315,0.7711828907528464,0.12274435232239818,1.181030274292195,0.5967399756332021,4.6,
GBM,0.7,5.0,0.05,1.0,raw,0.0,9500,1,2000,5000,1.6062322109323515,1.6062322109323515,113,238,0,0,2.145650228841196,2.794812829919644,1.9182243793642042,1.154171622041118,9.252278976469801,12.629160924940152,8.673793716316816,7.4443753577604745,1.790468027678742,2.30330194234827,1.580587776635367,0.8397935268917676,2.8130832124582783,3.968870640778927,3.176497039698115,2.3662717541176,22.415485546356653,36.44528041177755,35.68345663019288,32.45023199330103,1.8333747379795269,2.3457321431943665,1.5518316926721272,0.8627054926884415,0.5665488226826167,0.12349994583382455,1.317956836619708,0.6612267095540618,4.0,
GBM,0.7,5.0,0.05,1.0,clip,200.0,9500,1,2000,5000,1.6062322109323515,1.6062322109323515,113,238,3,0,2.145650228841196,2.794812829919644,1.8398734226878448,1.160353361363257,9.252278976469801,12.629160924940152,8.673793716316816,7.694125899202419,1.790468027678742,2.30330194234827,1.4983209174623735,0.8338019409504638,2.8130832124582783,3.968870640778927,3.094752029652556,2.4206325042023056,22.415485546356653,36.44528041177755,35.68345663019288,33.81153354218797,1.8333747379795269,2.3457321431943665,1.466001148735169,0.8517466480409054,0.5665488226826167,0.11803465596052426,1.317956836619708,0.6710744023111399,3.0,
GBM,0.7,5.0,0.05,1.0,raw,0.0,10500,1,2000,5000,1.1081663575636143,1.1081663575636143,107,266,0,0,2.1698281018955443,2.8242406319943387,1.7671624298420283,1.102236481756672,8.764153015089539,11.49935810282134,7.324919852025733,5.826051595082739,1.7992978047029795,2.3367921218042285,1.454876102359801,0.83680876309492,2.4172603300887894,3.2511845759958824,2.221182591552585,1.5131527889384608,16.127164621564432,24.265922135891415,20.656802943119903,18.499312846725672,1.6469108282863987,2.0703818318192426,1.1852985582790518,0.558712870186581,0.6373220494588306,0.15886802984500775,1.154232199579375,0.687034003066165,3.7,
GBM,0.7,5.0,0.05,1.0,clip,200.0,10500,1,2000,5000,1.1081663575636143,1.1081663575636143,107,266,0,0,2.1698281018955443,2.8242406319943387,1.7671624298420283,1.102236481756672,8.764153015089539,11.49935810282134,7.324919852025733,5.826051595082739,1.7992978047029795,2.3367921218042285,1.454876102359801,0.83680876309492,2.4172603300887894,3.2511845759958824,2.221182591552585,1.5131527889384608,16.127164621564432,24.265922135891415,20.656802943119903,18.499312846725672,1.6469108282863987,2.0703818318192426,1.1852985582790518,0.558712870186581,0.6373220494588306,0.15886802984500775,1.154232199579375,0.687034003066165,4.6,
GBM,0.7,5.0,0.05,1.0,raw,0.0,11500,1,2000,5000,3.608513414877008,3.608513414877008,103,265,0,0,2.197344573507028,3.147387947197909,1.8548577662456407,1.0113059786781826,9.41013982824734,13.878531256334842,7.978610693168022,5.144288815840651,1.7936717662195554,2.546806537077257,1.5121345295752222,0.7799985970840847,2.099985277051202,3.0513014785897,1.6730427730844788,0.7878526593208343,8.497439731090417,13.281728418176852,5.246232718522589,2.787566004077544,1.7419440034882891,2.478743265497705,1.4730648775108572,0.6759362841654957,1.0149082625868966,0.2139262503331057,0.919861787710051,0.8618576172241015,4.2,
GBM,0.7,5.0,0.05,1.0,clip,200.0,11500,1,2000,5000,3.608513414877008,3.608513414877008,103,265,3,1,2.197344573507028,2.9148794057646157,1.8460410539584449,1.0506987904435572,9.41013982824734,12.645145035529193,8.05307031630947,6.094748439916672,1.7936717662195554,2.3703133251125323,1.4986571564879017,0.7684024531446394,2.099985277051202,2.803724557036728,1.6784974085825062,0.7962578204263863,8.497439731090417,11.646764272336235,5.453376386191449,3.2090268439941703,1.7419440034882891,2.3088131474159534,1.4672317424650048,0.6612242847884852,0.5338711383719893,0.17171716095063141,1.0134354921702482,0.9039649100769168,4.2,
GBM,0.7,5.0,0.05,1.0,raw,0.0,12500,1,2000,5000,1.0995469195092709,1.0995469195092709,95,267,0,0,2.2422804490293258,2.983168706140612,1.8866803764941074,1.2035523805018027,9.604239826042898,13.096594260959348,9.142424471471982,7.490641626029909,1.8269744795252851,2.4126458616156583,1.4773662684528874,0.8488824399659896,1.8980447026440241,2.3618386477187516,1.33708141266863,0.6661353912440185,7.790228194335294,9.824236171679033,6.946012655479691,5.893971759004597,1.5656523527007387,1.9408667189426274,1.0206680085210378,0.37122047254719326,0.40331931408986904,0.13159845215123336,0.9989314119871029,0.6674138766783889,4.4,
GBM,0.7,5.0,0.05,1.0,clip,200.0,12500,1,2000,5000,1.0995469195092709,1.0995469195092709,95,267,0,0,2.2422804490293258,2.983168706140612,1.8866803764941074,1.2035523805018027,9.604239826042898,13.096594260959348,9.142424471471982,7.490641626029909,1.8269744795252851,2.4126458616156583,1.4773662684528874,0.8488824399659896,1.8980447026440241,2.3618386477187516,1.33708141266863,0.6661353912440185,7.790228194335294,9.824236171679033,6.946012655479691,5.893971759004597,1.5656523527007387,1.9408667189426274,1.0206680085210378,0.37122047254719326,0.40331931408986904,0.13159845215123336,0.9989314119871029,0.6674138766783889,4.4,
GBM,0.7,5.0,0.05,1.0,raw,0.0,13500,1,2000,5000,1.1446093171712202,1.1446093171712202,97,258,0,0,2.2199267781649703,2.937805417095943,1.8821601319498455,1.1269874403554163,9.861725046842976,13.893039046190523,9.614493457259922,7.189203986067646,1.8041562270643956,2.3417593866643953,1.4614638017242023,0.7971578602639453,2.2626115096745996,2.973071062590525,1.8262559947021124,0.7718393913093449,8.272626172062965,11.257524992816547,6.953695313310557,4.130101806279423,1.935622099532002,2.522335273050602,1.5472852346428594,0.5891249874581682,0.34257036684705433,0.14665144520582746,0.7613652029457628,0.8300470726291368,4.3,
GBM,0.7,5.0,0.05,1.0,clip,200.0,13500,1,2000,5000,1.1446093171712202,1.1446093171712202,97,258,0,0,2.2199267781649703,2.937805417095943,1.8821601319498455,1.1269874403554163,9.861725046842976,13.893039046190523,9.614493457259922,7.189203986067646,1.8041562270643956,2.3417593866643953,1.4614638017242023,0.7971578602639453,2.2626115096745996,2.973071062590525,1.8262559947021124,0.7718393913093449,8.272626172062965,11.257524992816547,6.953695313310557,4.130101806279423,1.935622099532002,2.522335273050602,1.5472852346428594,0.5891249874581682,0.34257036684705433,0.14665144520582746,0.7613652029457628,0.8300470726291368,4.7,
GBM,0.7,5.0,0.05,1.0,raw,0.0,14500,1,2000,5000,1.3477513094583948,1.3477513094583948,103,236,0,0,2.1434757221747573,2.856249361782449,1.726697177594383,1.2091621052490005,9.118111941177954,13.022458698916346,7.552414649951914,7.89404330945207,1.7979647759772859,2.352633617961374,1.4381016017177295,0.8780051018501918,2.3346983791870812,3.1778934939467645,1.9439885417946796,1.4500822497078247,8.58881736689179,11.770509355849079,3.3988038096851665,4.928193441321121,2.0248805619960004,2.7522307434411077,1.8719196074491393,1.2777828707781986,0.6852775387079584,0.10434218701641691,0.7983397961947918,0.5955078664474154,4.5,
GBM,0.7,5.0,0.05,1.0,clip,200.0,14500,1,2000,5000,1.3477513094583948,1.3477513094583948,103,236,1,0,2.1434757221747573,2.8509615793356495,1.726697177594383,1.2080597332416618,9.118111941177954,13.00935423070295,7.552414649951914,7.895889073857192,1.7979647759772859,2.3477330600823576,1.4381016017177295,0.876756684462219,2.3346983791870812,3.172466624981867,1.9439885417946796,1.4481153467421655,8.58881736689179,11.756137351175092,3.3988038096851665,4.927429299554985,2.0248805619960004,2.747247000426535,1.8719196074491393,1.275756385183848,0.6852775387079584,0.10434218701641691,0.7983397961947918,0.5952760926802758,3.4,
GBM,0.7,5.0,0.05,1.0,raw,0.0,15500,1,2000,5000,1.4196650985860169,1.4196650985860169,88,253,0,0,2.1721784840015768,2.9976258993212146,1.8462728457946573,1.2244027783759281,9.314615905636375,12.508830501934732,8.035074228902626,6.134644865477889,1.7915092892104238,2.4907089487290044,1.5164294183823304,0.9627024943993543,2.3555657474776672,3.2965677890825726,2.3101552045032214,1.4979760055983364,8.3004158644774,9.870187845114957,6.218943772822065,3.824299707082846,2.03872414655057,2.9462147504947924,2.101829207497814,1.3739903522434638,0.6406809892723208,0.25313752909921505,1.3644976902898478,1.2853454032160962,3.1,
GBM,0.7,5.0,0.05,1.0,clip,200.0,15500,1,2000,5000,1.4196650985860169,1.4196650985860169,88,253,5,2,2.1721784840015768,2.8512471702900752,1.8453690242983918,1.0027362111682108,9.314615905636375,12.335965214830283,7.877606653389822,5.131576433672921,1.7915092892104238,2.3457418689905865,1.5238699469526722,0.7826821609694133,2.3555657474776672,3.1561851921248993,2.273403723453346,1.259539123863769,8.3004158644774,9.678836558629657,5.551931961359293,1.256562273065405,2.03872414655057,2.808548622559763,2.0986685972283188,1.259697780542089,0.7691974809741271,0.37042522741996087,1.4892220316364417,1.6486153816135398,3.1,
GBM,0.7,5.0,0.05,1.0,raw,0.0,16500,1,2000,5000,1.159660551832233,1.159660551832233,103,268,0,0,2.185687430060356,2.9174955825239186,1.8315705922486405,0.9854717469956511,8.967152254609895,12.2713115472583,7.82639513656176,4.568955119953243,1.801614612440052,2.3877359294070937,1.4920496755377537,0.7825187579946716,1.9614856845677204,2.569645635741544,1.4846481783753522,0.7039323103955335,6.276532767648299,8.345949675546386,4.7990077720863145,1.5650152303209404,1.7171000932182714,2.2425007746536956,1.2969371954686453,0.6551643005603668,2.1257507675025407,0.4429690416232618,1.071869355962705,1.4368047333699527,4.6,
GBM,0.7,5.0,0.05,1.0,clip,200.0,16500,1,2000,5000,1.159660551832233,1.159660551832233,103,268,4,3,2.185687430060356,2.877693398783346,1.8193981098621483,0.9840881827913017,8.967152254609895,11.771299024028881,7.413443955476737,4.658296683418911,1.801614612440052,2.3739980675141568,1.502575564083469,0.7759969152156047,1.9614856845677204,2.519637688162351,1.4416384397627426,0.6935156066749305,6.276532767648299,7.588035122124668,4.268974047452266,1.5961665391987585,1.7171000932182714,2.2325855934239947,1.2815103875943588,0.6423933645117044,1.5526429355681022,0.4226227141054252,0.9811474706874699,1.1433699606765986,4.5,
GBM,0.7,5.0,0.05,1.0,raw,0.0,17500,1,2000,5000,1.0724172824124256,1.0724172824124256,102,250,0,0,2.176402284317302,2.862701602451285,1.8374038400294128,1.2259910810844545,9.86230832558047,13.643414498811605,9.382025258657489,7.722266526597455,1.7718809137245035,2.295295660537583,1.440318502206883,0.8840818471100862,1.9752723797943483,2.531517017409734,1.5194174805367928,1.000834695838549,7.545996177240138,8.855033182121428,4.006489725056805,3.223254143697692,1.6820763904550964,2.1987003771617504,1.3885189413515289,0.8838652512143836,0.477214424551753,0.15229811308253383,0.8010801669042837,0.5026098582369853,4.5,
GBM,0.7,5.0,0.05,1.0,clip,200.0,17500,1,2000,5000,1.0724172824124256,1.0724172824124256,102,250,0,0,2.176402284317302,2.862701602451285,1.8374038400294128,1.2259910810844545,9.86230832558047,13.643414498811605,9.382025258657489,7.722266526597455,1.7718809137245035,2.295295660537583,1.440318502206883,0.8840818471100862,1.9752723797943483,2.531517017409734,1.5194174805367928,1.000834695838549,7.545996177240138,8.855033182121428,4.006489725056805,3.223254143697692,1.6820763904550964,2.1987003771617504,1.3885189413515289,0.8838652512143836,0.477214424551753,0.15229811308253383,0.8010801669042837,0.5026098582369853,4.5,
GBM,0.7,5.0,0.05,1.0,raw,0.0,18500,1,2000,5000,1.3408658752571379,1.3408658752571379,112,270,0,0,2.1933275044385874,2.887596205673533,1.9088788466078648,1.1930507507654124,9.088926025303067,12.557040150729703,9.103437224234566,6.760471412502153,1.7997098298860699,2.3356406316428426,1.498195810252852,0.875248725676846,1.8614011937695305,2.3535012411533955,1.3671838702386903,0.6180248874598802,5.268143476612067,6.403079293482688,3.588378437631523,1.122602804952773,1.666935989463508,2.122341394614515,1.2403926370048501,0.5892223424867128,0.3171191524699591,0.13510168340798495,0.8152988993904111,0.49625145745471544,4.4,
GBM,0.7,5.0,0.05,1.0,clip,200.0,18500,1,2000,5000,1.3408658752571379,1.3408658752571379,112,270,2,0,2.1933275044385874,2.887596205673533,1.8903467294845868,1.2022251174846126,9.088926025303067,12.557040150729703,8.944480992443287,6.897907953137495,1.7997098298860699,2.3356406316428426,1.4876794459753162,0.8771015729547441,1.8614011937695305,2.3535012411533955,1.3777845430573032,0.651394225026055,5.268143476612067,6.403079293482688,3.5610585205738134,1.043256624008634,1.666935989463508,2.122341394614515,1.2531579100912442,0.629025758276521,0.342803425064084,0.13257557191890967,0.7943459610491754,0.48939943828184657,4.5,
GBM,0.7,5.0,0.05,1.0,raw,0.0,19500,1,2000,5000,1.1821602810017369,1.1821602810017369,95,254,0,0,2.1801531932147737,2.82987285088001,1.7936208067508248,1.0953452171665252,9.253192038118872,12.218744351380682,7.597065672891421,5.665872958450793,1.8016129769051146,2.3273921595342095,1.4830276765359678,0.8507362735748262,1.9433567973617716,2.4425983283184833,1.2490019083384336,0.5351909293618667,7.920020554288789,9.961957527049146,3.679254777397552,0.7682886196011879,1.6234932081794151,2.040171603396952,1.1189378062016835,0.522715831738439,0.7261033416204243,0.2778740056943799,1.036528815714417,0.6673592118983858,4.4,
GBM,0.7,5.0,0.05,1.0,clip,200.0,19500,1,2000,5000,1.1821602810017369,1.1821602810017369,95,254,1,1,2.1801531932147737,2.82987285088001,1.801714992529922,1.0952012822168742,9.253192038118872,12.218744351380682,7.662512568891584,5.663039593300179,1.8016129769051146,2.3273921595342095,1.4880524168038665,0.8507362735748262,1.9433567973617716,2.4425983283184833,1.2636820419178882,0.5345043274963479,7.920020554288789,9.961957527049146,3.8488827536842423,0.7547728348468816,1.6234932081794151,2.040171603396952,1.1253253245161494,0.522715831738439,0.6989744791391932,0.2796278965659642,1.0354202988218693,0.6673592118983858,3.1,
GBM,0.7,5.0,0.05,1.0,raw,0.0,20500,1,2000,5000,1.1450453051332237,1.1450453051332237,95,271,0,0,2.205527999891347,2.894829448671404,1.7791910795847594,1.0824391922684027,9.245235110310292,12.408157973932346,7.52490842857693,5.589193317772571,1.802110654379921,2.3496587930685884,1.4499270910931379,0.8241752108745286,1.6652740054148456,1.9840068534214854,1.0145583527802349,0.43286657397860273,4.517778154049813,4.582175612219248,2.1909255495362085,0.2371701577501939,1.501808447309522,1.8351162351863002,0.9471454726108821,0.44408114974470525,1.335299185044335,0.2715432262270702,1.107362209232562,0.7818370144190042,3.0,
GBM,0.7,5.0,0.05,1.0,clip,200.0,20500,1,2000,5000,1.1450453051332237,1.1450453051332237,95,271,1,0,2.205527999891347,2.894829448671404,1.7791910795847594,1.0831147161083348,9.245235110310292,12.408157973932346,7.52490842857693,5.605787916932289,1.802110654379921,2.3496587930685884,1.4499270910931379,0.8239384764332888,1.6652740054148456,1.9840068534214854,1.0145583527802349,0.4304671270286849,4.517778154049813,4.582175612219248,2.1909255495362085,0.2341445976910391,1.501808447309522,1.8351162351863002,0.9471454726108821,0.44171758282282786,1.335299185044335,0.2684351569965539,1.107362209232562,0.7755491928153965,4.2,
GBM,0.7,5.0,0.05,1.0,raw,0.0,21500,1,2000,5000,1.2721075687198609,1.2721075687198609,100,242,0,0,2.1522109411033585,2.823653483386225,1.7448371435022025,1.056505216264358,9.12593740835478,12.52968880785838,7.802152489998284,6.599991436599614,1.7975153116214662,2.3299879624693984,1.4367517475686062,0.7745540465877855,1.8455468907394257,2.276538424529203,1.2316013965269428,0.5097660019542236,4.5725936211399265,4.3817585166369835,1.1287619528365285,1.144942080410776,1.7068446400549109,2.16946333787723,1.236831986138771,0.47745986261280166,0.6774225572801971,0.16899764646991305,0.9646201836181225,0.7260796453477694,4.2,
GBM,0.7,5.0,0.05,1.0,clip,200.0,21500,1,2000,5000,1.2721075687198609,1.2721075687198609,100,242,3,1,2.1522109411033585,2.8310785971831867,1.769871262410369,1.068321365651879,9.12593740835478,12.631826128361567,7.5678425545694274,6.725095823322996,1.7975153116214662,2.332595851797485,1.474976547676764,0.7806081628867655,1.8455468907394257,2.2840164972252497,1.2643831127334726,0.5077242668629538,4.5725936211399265,4.404977905036762,1.3053340302455274,1.133610494244236,1.7068446400549109,2.1761407803924655,1.262300279181998,0.4758906252012744,0.8359217228932366,0.1656040043207423,0.9578196029805863,0.6802139361761099,4.4,
GBM,0.7,5.0,0.05,1.0,raw,0.0,22500,1,2000,5000,2.103881364496354,2.103881364496354,98,229,0,0,2.115637385641152,3.034501020598977,2.715916291540767,1.0452225125896772,8.90555672293357,12.09420537836577,23.353965423979112,6.524633341258051,1.789732642769644,2.5996504027141323,1.7253245390091427,0.7822199806749723,2.0717366708024447,2.9568295004725482,2.7529329635445117,0.9440264579105074,6.169297079905902,7.380624455744271,21.25798679289268,2.055352256960254,1.8750606419437794,2.7444947604270173,1.8647214089604134,0.8906846830242381,12.743335275453768,0.14364777653282115,0.7115573636197777,0.7306921944633818,4.5,
GBM,0.7,5.0,0.05,1.0,clip,200.0,22500,1,2000,5000,2.103881364496354,2.103881364496354,98,229,5,2,2.115637385641152,2.816562340829627,1.7510165243745848,1.0373433692021305,8.90555672293357,12.072518714460621,7.266170606703644,6.421999681026866,1.789732642769644,2.372291955258154,1.4862983762183588,0.7788888952118004,2.0717366708024447,2.7356148933527056,1.628832539251877,0.9186975139058661,6.169297079905902,7.33697734826152,2.7296659614100123,1.7749708853256578,1.8750606419437794,2.514757211069302,1.5759943808628154,0.877597827874608,1.4244740598539103,0.14568785887397542,0.7699591911838091,0.6974098661388307,4.4,
GBM,0.7,5.0,0.05,1.0,raw,0.0,23500,1,2000,5000,1.2485731279454158,1.2485731279454158,117,233,0,0,2.176997666406583,2.8643564970860593,1.953642507647755,1.1624658496690834,9.395695017664183,12.685999757749135,10.100666501613093,7.476732694248832,1.8241643366723639,2.3842971558369515,1.5554347059708251,0.853839003688995,2.0374570404746244,2.6353448160192374,1.6732561754580044,0.7055601940663621,7.928282573455455,10.271455466126891,7.1376956082861325,3.91969024938927,1.7495270322546674,2.2621092839288064,1.4061669394922076,0.5484609066968975,0.29959347492538774,0.1251412371083582,0.7795667796744022,0.6382844141638047,4.6,
GBM,0.7,5.0,0.05,1.0,clip,200.0,23500,1,2000,5000,1.2485731279454158,1.2485731279454158,117,233,2,0,2.176997666406583,2.8634212031933055,1.9497447525278753,1.1624172067947427,9.395695017664183,12.685999757749135,10.05128270843222,7.47673269425004,1.8241643366723639,2.3833161469290913,1.5537602038126013,0.8537879832627344,2.0374570404746244,2.634243722830609,1.6693207403437198,0.7054063551371248,7.928282573455455,10.271455466126891,7.088311815105262,3.9196902493907073,1.7495270322546674,2.2609543718366854,1.4044529156280832,0.5482995484744261,0.29959347492538774,0.1251412371083108,0.7795667796744022,0.6382844141635629,4.5,
GBM,0.7,5.0,0.05,1.0,raw,0.0,24500,1,2000,5000,1.239996303561808,1.239996303561808,93,262,0,0,2.153840304351174,2.824777679226062,1.8098955546340418,1.1888233471819585,8.827836168187645,11.592828588993267,7.171276579998545,6.278750012081715,1.7847843912390686,2.3399255605348404,1.5134240838350763,0.9073626493761889,1.9728401699518472,2.4344883691967922,1.421665997072147,0.7521982273171038,6.36285917596087,6.731652666487322,3.172019094721753,1.992214211394001,1.7300826816499557,2.196865522871313,1.324875682259104,0.6836283269734679,0.9628475000051316,0.1510471910516267,0.7686393878183031,0.5435121006960717,3.5,
GBM,0.7,5.0,0.05,1.0,clip,200.0,24500,1,2000,5000,1.239996303561808,1.239996303561808,93,262,2,1,2.153840304351174,2.824777679226062,1.8221290894541318,1.188208801052839,8.827836168187645,11.592828588993267,7.206987730332627,6.315077187918975,1.7847843912390686,2.3399255605348404,1.5243593630062282,0.9047053149070121,1.9728401699518472,2.4344883691967922,1.4110910285960365,0.7471848925340507,6.36285917596087,6.731652666487322,3.0268289100140793,1.9990209469844813,1.7300826816499557,2.196865522871313,1.32174461134582,0.6779613707387759,0.9280171774851249,0.1497965234213039,0.7478543036962026,0.5424889790134352,3.1,
GBM,0.7,5.0,0.05,1.0,raw,0.0,25500,1,2000,5000,1.1392161143737491,1.1392161143737491,108,258,0,0,2.201514171151333,2.918603803917024,1.940289808204691,1.0777831863567335,9.297301610276707,13.267783867502994,9.567580746542932,6.3706259299011245,1.8154506622322384,2.3555315862018875,1.5253085635629227,0.7898132521866675,2.18568366025854,2.902589318336268,1.7412905362030706,0.8255321023293911,11.044823531901889,16.45330334094392,12.578755121985946,9.156783430403145,1.7036806895955319,2.165329888173304,1.1516520159306156,0.3722501869681452,0.25177767504732546,0.16181151849976003,1.2259137213210993,0.9612230464405691,3.7,
GBM,0.7,5.0,0.05,1.0,clip,200.0,25500,1,2000,5000,1.1392161143737491,1.1392161143737491,108,258,3,0,2.201514171151333,2.917816779191274,1.95091040469703,1.099784159980929,9.297301610276707,13.267783867502994,9.320913126313474,6.790133928910431,1.8154506622322384,2.3547017414889493,1.5499275489026298,0.7901868929240308,2.18568366025854,2.90169037054507,1.764834159199489,0.8570680071420945,11.044823531901889,16.45330334094392,12.536492732552214,9.696470428346824,1.7036806895955319,2.1643820309493504,1.1787759744831239,0.3761389002945999,0.2710694860965218,0.13661395363677187,1.3096406875694693,1.0653268984636168,4.5,
GBM,0.7,5.0,0.05,1.0,raw,0.0,26500,1,2000,5000,1.1036546822048185,1.1036546822048185,105,261,0,0,2.1419531878855733,2.794927151409875,1.759405384442124,1.0706353725644557,8.82153152115078,11.648526637158811,7.24296191964994,5.962877490791524,1.7740760102147106,2.30731595373516,1.4573990000384016,0.8011955766460628,2.1112660406242356,2.727699250885043,1.7356277148570305,1.165151428026219,7.849328277862712,9.786840311716482,4.787385146335758,3.1210549589081373,1.7952427775055941,2.338917690033174,1.5675524480041187,1.0574302164710003,1.0343121275978346,0.17547720854934107,0.97770448550817,0.6547896157727652,4.0,
GBM,0.7,5.0,0.05,1.0,clip,200.0,26500,1,2000,5000,1.1036546822048185,1.1036546822048185,105,261,0,0,2.1419531878855733,2.794927151409875,1.759405384442124,1.0706353725644557,8.82153152115078,11.648526637158811,7.24296191964994,5.962877490791524,1.7740760102147106,2.30731595373516,1.4573990000384016,0.8011955766460628,2.1112660406242356,2.727699250885043,1.7356277148570305,1.165151428026219,7.849328277862712,9.786840311716482,4.787385146335758,3.1210549589081373,1.7952427775055941,2.338917690033174,1.5675524480041187,1.0574302164710003,1.0343121275978346,0.17547720854934107,0.97770448550817,0.6547896157727652,4.3,
GBM,0.7,5.0,0.05,20.0,raw,0.0,7500,1,2000,5000,20.0,1.4270551610854958,101,269,0,0,2.12867889673393,2.81686303132871,1.7304450290281372,1.0289112827880995,8.645598882367237,11.819521401894955,7.546972865555767,5.518391164219928,1.7581332454687937,2.304980743930207,1.3997229854800646,0.7736438788343558,1.8285204312004228,2.267502584411539,1.1500799739390148,0.5216689164472221,7.361332264847525,9.405695246321718,4.024246527038578,2.1904538500431396,1.5139302001179729,1.86163198072229,0.9866576947625654,0.4267834488637722,0.6105491663572249,0.23400755137832502,0.9891033200062523,1.1905826584363863,4.5,
GBM,0.7,5.0,0.05,20.0,clip,200.0,7500,1,2000,5000,20.0,1.4270551610854958,101,269,2,0,2.12867889673393,2.81686303132871,1.7304450290281372,1.0261251368233772,8.645598882367237,11.819521401894955,7.546972865555767,5.522725541687937,1.7581332454687937,2.304980743930207,1.3997229854800646,0.7704528669209113,1.8285204312004228,2.267502584411539,1.1500799739390148,0.5185198347445243,7.361332264847525,9.405695246321718,4.024246527038578,2.189875955057547,1.5139302001179729,1.86163198072229,0.9866576947625654,0.4234881720169397,0.6105491663572249,0.2332166694911898,0.9891033200062523,1.1905826584363863,4.2,
GBM,0.7,5.0,0.05,20.0,raw,0.0,8500,1,2000,5000,20.0,1.323544349501603,98,276,0,0,2.217579671262338,2.9333385392528735,1.8155673836134953,1.1832012739721864,9.264176032905874,13.166271559234705,7.701717229677774,7.027478329056654,1.8058818313356624,2.335478777712868,1.471668705054278,0.8417490158851177,2.8144478946438087,3.98313219985312,2.94901896645323,2.313149995137294,6.9557537357566055,8.76621498988099,2.4015028892553274,1.760718616463008,2.5724918378810795,3.7036802840936605,2.9810076280338014,2.345425833518772,0.892340461871,0.140601290171689,1.1927322376097538,0.6820765295377071,3.0,
GBM,0.7,5.0,0.05,20.0,clip,200.0,8500,1,2000,5000,20.0,1.323544349501603,98,276,3,1,2.217579671262338,2.9333385392528735,1.8227713815535127,1.2123154200645827,9.264176032905874,13.166271559234705,7.864408445761315,7.275183378432438,1.8058818313356624,2.335478777712868,1.4697883523999657,0.8580919745714565,2.8144478946438087,3.98313219985312,2.95145023321241,2.3719489357302574,6.9557537357566055,8.76621498988099,2.4768403160580013,2.0033073840715945,2.5724918378810795,3.7036802840936605,2.979179347762499,2.393486841796683,0.7661959506417477,0.12349833602534371,1.1922690291884335,0.6235515272622,3.6,
GBM,0.7,5.0,0.05,20.0,raw,0.0,9500,1,2000,5000,20.000000000000004,1.6062322109323515,113,238,0,0,2.1416571602671572,2.7990045634955543,1.828081179173007,1.1468469435012256,9.238335279728103,12.634711336106749,8.696652438268245,5.356735095427195,1.7869722815540734,2.307425770576305,1.4847968533299438,0.9364409417879997,2.810352355602888,3.974012518446584,3.0884293352181347,2.3539876266175868,22.441498782361638,36.46267837764076,35.49160605750178,31.796601452671,1.829207280094996,2.3502614738249514,1.4689509522060575,0.8824752178396122,0.5130921282901922,0.3523494064611795,1.4450054772956005,1.874350164556113,4.2,
GBM,0.7,5.0,0.05,20.0,clip,200.0,9500,1,2000,5000,20.000000000000004,1.6062322109323515,113,238,4,0,2.1416571602671572,2.7990045634955543,1.8096238021349709,1.0029588580504905,9.238335279728103,12.634711336106749,8.695590328515332,5.520727354946009,1.7869722815540734,2.307425770576305,1.4654700782209589,0.7771653044467245,2.810352355602888,3.974012518446584,3.069506873514616,2.1901090392573255,22.441498782361638,36.46267837764076,35.489128437974216,31.197690793882913,1.829207280094996,2.3502614738249514,1.4492065937285203,0.7403390985599526,0.5130921282901922,0.2377500782185783,1.4450054772956005,1.1530792583050729,4.2,
GBM,0.7,5.0,0.05,20.0,raw,0.0,10500,1,2000,5000,19.999999999999996,1.1081663575636143,107,266,0,0,2.169646278477494,2.8276373072004666,1.8048023967255094,1.0523174021941633,8.764296097775595,11.625358071587552,7.349892775134496,5.945477144737047,1.799097725048408,2.333299807553875,1.4932278211748566,0.7773743325878244,2.418486151283995,3.250681361333398,2.2900544107250234,1.5600750545622009,16.13643656574333,24.428062393307897,20.89718324800276,20.439717043408862,1.6476845437119239,2.0607397993339855,1.2445334409920537,0.4992417700177965,0.583334194092406,0.2520636552526347,1.1644967071245227,1.0948999442231178,4.5,
GBM,0.7,5.0,0.05,20.0,clip,200.0,10500,1,2000,5000,19.999999999999996,1.1081663575636143,107,266,1,0,2.169646278477494,2.8276373072004666,1.7585318037424607,1.0390173519230745,8.764296097775595,11.625358071587552,7.349892775134496,5.945477144737047,1.799097725048408,2.333299807553875,1.4443573173904793,0.763326962212784,2.418486151283995,3.250681361333398,2.2434394631221672,1.5465202573624426,16.13643656574333,24.428062393307897,20.89718324800276,20.439717043408862,1.6476845437119239,2.0607397993339855,1.1952992335534647,0.4849253386703542,0.583334194092406,0.2520636552526347,1.1644967071245227,1.0948999442231178,4.5,
GBM,0.7,5.0,0.05,20.0,raw,0.0,11500,1,2000,5000,20.0,3.608513414877008,103,265,0,0,2.1976398892018607,2.926792069214908,1.86610513428141,1.1039942038579167,9.39240334186601,12.855998128597612,7.751600945728672,4.7896001509071695,1.794976253519495,2.3710920468840913,1.5367162451507819,0.8977248108340409,2.100042831890144,2.8026524322233017,1.6741737886775798,0.7867843144772976,8.467131450203686,11.668820778433247,4.486241862465234,1.0093002786056264,1.743701019038383,2.3064466008092284,1.516792998909105,0.7743309395049623,0.8768246360170036,0.5795221637569629,0.9830206841055861,2.842253440677159,4.3,
GBM,0.7,5.0,0.05,20.0,clip,200.0,11500,1,2000,5000,20.0,3.608513414877008,103,265,4,1,2.1976398892018607,2.926792069214908,1.8535575136456628,1.0298766926895129,9.39240334186601,12.855998128597612,8.116020732123312,5.100673375269353,1.794976253519495,2.3710920468840913,1.503071187796333,0.8020496344247489,2.100042831890144,2.8026524322233017,1.721164060184647,0.654943254412969,8.467131450203686,11.668820778433247,6.097693524461117,0.6714057780572684,1.743701019038383,2.3064466008092284,1.4762262971364388,0.6540219093726861,0.5565488670398113,0.39322252302861743,1.1201997915673239,1.998172845405206,4.1,
GBM,0.7,5.0,0.05,20.0,raw,0.0,12500,1,2000,5000,20.000000000000004,1.0995469195092709,95,267,0,0,2.2421253590654007,3.1962979431044833,1.8815164171149066,4.872438547481689,9.58326453373745,13.019827664860166,9.141463456989838,8.838510808546896,1.8279939076313338,2.6421288250591064,1.4719652107665848,4.648702799815428,1.8982621503160404,2.573852505227442,1.3316340502533333,4.362948642409172,7.76239283204989,9.646824741569583,6.950838045083715,4.965294929296884,1.567452327365916,2.1748490006630323,1.0146411352692404,4.328968828633761,0.4039224853970316,3.5521938429972217,1.0215439336511087,1.809371130705813,4.6,
GBM,0.7,5.0,0.05,20.0,clip,200.0,12500,1,2000,5000,20.000000000000004,1.0995469195092709,95,267,1,0,2.2421253590654007,2.9859217135833127,1.8815164171149066,1.129680427261061,9.58326453373745,13.019827664860166,9.141463456989838,6.448077535690273,1.8279939076313338,2.4198847626027677,1.4719652107665848,0.8296567577173044,1.8982621503160404,2.361839462518301,1.3316340502533333,0.6201041128069233,7.76239283204989,9.646824741569583,6.950838045083715,5.2963839308325324,1.567452327365916,1.9508757884201193,1.0146411352692404,0.3563038357283605,0.4039224853970316,0.20719924489111585,1.0215439336511087,1.0245883932509126,4.3,
GBM,0.7,5.0,0.05,20.0,raw,0.0,13500,1,2000,5000,20.000000000000004,1.1446093171712202,97,258,0,0,2.2218903337836875,2.9276563350899667,1.880066647996736,4.903246183466127,9.85318617529139,13.754518738554848,9.598246017375475,8.714106259675797,1.8066911926809905,2.33859465223591,1.4601403980389727,4.695907107198287,2.268626048693556,2.9624331488120816,1.8186050235582614,4.646496568507262,8.273469944155497,11.117658552173326,6.932510361360265,6.705979964327787,1.9419179666545048,2.5187283504006093,1.5403706125180008,4.534445384171181,0.3444656195852056,0.2675143711027149,0.7867325211147072,17.925037595357445,3.9,
GBM,0.7,5.0,0.05,20.0,clip,200.0,13500,1,2000,5000,20.000000000000004,1.1446093171712202,97,258,1,0,2.2218903337836875,2.9276563350899667,1.880066647996736,1.1180429021650427,9.85318617529139,13.754518738554848,9.598246017375475,6.634499996491603,1.8066911926809905,2.33859465223591,1.4601403980389727,0.8179066874167821,2.268626048693556,2.9624331488120816,1.8186050235582614,0.7116390339449066,8.273469944155497,11.117658552173326,6.932510361360265,3.4717385104775977,1.9419179666545048,2.5187283504006093,1.5403706125180008,0.5614691341251186,0.3444656195852056,0.20465257987909213,0.7867325211147072,1.2285620250523428,3.1,
GBM,0.7,5.0,0.05,20.0,raw,0.0,14500,1,2000,5000,19.999999999999996,1.3477513094583948,103,236,0,0,2.142241894459613,2.8298460871978626,1.747308370393645,6.291644698709119,9.12497925281807,12.834646904755639,8.024612605888592,9.282473383896143,1.7963296323746856,2.334226231416243,1.4363419976865068,6.14348441959406,2.333730356146917,3.1504785002182865,2.005210076694262,5.912385645471407,8.588437409219349,11.567598989435725,4.238894220546796,5.697344671470442,2.0238834072541603,2.733509475143703,1.894557377712483,5.923038388935772,0.5163289769083259,0.3645474309872816,1.0704318756237616,1.8506512380272833,3.0,
GBM,0.7,5.0,0.05,20.0,clip,200.0,14500,1,2000,5000,19.999999999999996,1.3477513094583948,103,236,2,0,2.142241894459613,2.8298460871978626,1.747308370393645,1.0153126757347108,9.12497925281807,12.834646904755639,8.024612605888592,5.584565820487976,1.7963296323746856,2.334226231416243,1.4363419976865068,0.7889600850206534,2.333730356146917,3.1504785002182865,2.005210076694262,1.1573196885337744,8.588437409219349,11.567598989435725,4.238894220546796,1.1725003379092838,2.0238834072541603,2.733509475143703,1.894557377712483,1.156567666440445,0.5163289769083259,0.23397146801387275,1.0704318756237616,1.2023586508762145,4.3,
GBM,0.7,5.0,0.05,20.0,raw,0.0,15500,1,2000,5000,20.0,1.4196650985860169,88,253,0,0,2.1730165954936833,2.9643237767910846,1.8806679147347958,1.4315882784912155,9.313965074199892,12.625785893554788,8.055583828955989,4.02571655830405,1.7924267566243615,2.44939857865727,1.551564538645063,1.2933294929861288,2.3549675444213047,3.2679835886974002,2.3269277859075173,1.5889470700132542,8.266415107443938,9.86207979249223,6.698534743400609,0.9592290674786973,2.0399061933691187,2.916539236567615,2.093935040964237,1.6225090364428398,0.5294318622553184,1.0236900653248207,1.456317566637315,5.257754963923044,4.1,
GBM,0.7,5.0,0.05,20.0,clip,200.0,15500,1,2000,5000,20.0,1.4196650985860169,88,253,6,2,2.1730165954936833,2.8630346868087058,1.8403352843575222,0.9816479345648473,9.313965074199892,12.428881241655526,8.133198300447717,5.1315257138387365,1.7924267566243615,2.3532054939761284,1.5049457029227595,0.7604726495098031,2.3549675444213047,3.1588527583799535,2.2596837119289486,1.2757054356168185,8.266415107443938,9.90050044866165,6.375843798849347,1.2564249055225636,2.0399061933691187,2.7995443813752625,2.040305472621837,1.2767330265403167,0.5070482480843276,0.3704624745437935,1.540395525330074,1.4334907998354474,4.4,
GBM,0.7,5.0,0.05,20.0,raw,0.0,16500,1,2000,5000,19.999999999999996,1.159660551832233,103,268,0,0,2.187752520199888,2.8989281531154107,1.879985516091698,7.21492949464269,8.968960232358262,12.28735022530524,8.05185933847432,9.978587255793789,1.803694264312643,2.36720855984684,1.530437294536638,7.058407880105815,1.963295414685754,2.5301918101989402,1.5011912133690184,7.130530358661529,6.252459870856921,8.09823599304608,5.037145587148183,8.039939615458826,1.7203757033049696,2.2148418860647405,1.3009300611769614,7.079025354261344,2.3527198621334047,0.2625430962940998,1.046318258892157,1.6072904382008053,4.5,
GBM,0.7,5.0,0.05,20.0,clip,200.0,16500,1,2000,5000,19.999999999999996,1.159660551832233,103,268,5,3,2.187752520199888,2.926423906881606,1.8412499946537417,0.983475417451881,8.968960232358262,12.146611171190743,7.410436374276104,4.656212677157629,1.803694264312643,2.404232405014563,1.5258353814375978,0.775467474594497,1.963295414685754,2.5591996281782783,1.4662740706903097,0.6939556389179597,6.252459870856921,8.121839301232978,4.340075173929882,1.5945982710022066,1.7203757033049696,2.244155792088114,1.3035144139556931,0.6429471381997479,1.6433307436177986,0.4232623759093106,1.1063600213120792,1.4058593423103678,4.5,
GBM,0.7,5.0,0.05,20.0,raw,0.0,17500,1,2000,5000,20.0,1.0724172824124256,102,250,0,0,2.176922232870841,3.431190918306659,1.931632826284898,4.6188170675685525,9.817798139987783,14.30195197148744,10.177427019891818,7.503051336734856,1.774770869338371,2.8590455997181974,1.4976436582003232,4.46701526392822,1.973374992501824,3.107727136485415,1.62284843343672,4.275144661194518,7.505770797751426,9.503155490494665,4.801020984690613,5.211400188006599,1.6821962659097398,2.771125644169139,1.4555761938970413,4.225868054520197,0.3775365255796432,3.088398387889848,0.8559054660486948,16.997275425227578,4.5,
GBM,0.7,5.0,0.05,20.0,clip,200.0,17500,1,2000,5000,20.0,1.0724172824124256,102,250,1,0,2.176922232870841,2.8763394512487497,1.8715411081915378,1.1733498392293253,9.817798139987783,13.466899190796507,9.945093209987819,7.7774382791509575,1.774770869338371,2.3189415702199203,1.4466173133601552,0.8257662371281869,1.973374992501824,2.5493973548646123,1.5616970645392996,0.9270198818409239,7.505770797751426,8.64418659569343,4.556415509100931,2.8584631196064776,1.6821962659097398,2.2286189737683584,1.4040803042992138,0.8253649745901054,0.3775365255796432,0.10864577107158085,0.8559054660486948,0.7181359571696029,4.8,
GBM,0.7,5.0,0.05,20.0,raw,0.0,18500,1,2000,5000,20.0,1.3408658752571379,112,270,0,0,2.1926659060875324,2.88862522892693,1.9314026881518813,4.708281638754824,9.109679927358668,12.572845796023662,9.251059670365976,5.978104744092149,1.7978257822517592,2.3358261690715145,1.5135787166512882,4.635797021748253,1.8636607260083413,2.3597037857616776,1.3667359545345052,4.577634331292551,5.285247121064248,6.414931499649584,3.6371129974729963,1.1535251208607822,1.6683481833730145,2.1282214426856236,1.2371372649798769,4.7730908824165645,0.30031011997096546,0.18962397448710344,0.8260413524690305,1.0593106630685423,3.0,
GBM,0.7,5.0,0.05,20.0,clip,200.0,18500,1,2000,5000,20.0,1.3408658752571379,112,270,3,0,2.1926659060875324,2.88862522892693,1.9303087714222837,1.0596385364191956,9.109679927358668,12.572845796023662,9.329423842416046,5.308219765462363,1.7978257822517592,2.3358261690715145,1.507949137348644,0.8171191005118689,1.8636607260083413,2.3597037857616776,1.392141886012455,0.6890316742948626,5.285247121064248,6.414931499649584,3.614774432007473,0.27996954246247246,1.6683481833730145,2.1282214426856236,1.265268569433458,0.7123819439766268,0.30074386219130644,0.32571290084261206,0.8339983714417206,1.676114884876405,3.0,
GBM,0.7,5.0,0.05,20.0,raw,0.0,19500,1,2000,5000,20.0,1.1821602810017369,95,254,0,0,2.1769137895516883,2.8346839049351384,1.8144747012894729,1.0180383363860455,9.187025277535831,12.073271383416168,7.614841018513851,5.840044173695608,1.8017413668909275,2.340246226988619,1.5040463311725336,0.7599705987803506,1.9422239795839036,2.4523387930581144,1.2661175485808402,0.5177975956838136,7.884377970895937,9.939277617149715,3.583110647695691,0.6457810278652008,1.624207310010946,2.0516471661471853,1.142114968055098,0.5109480820356735,0.8876399009087979,0.26349160505154795,1.072199150606893,0.9679984128038716,3.6,
GBM,0.7,5.0,0.05,20.0,clip,200.0,19500,1,2000,5000,20.0,1.1821602810017369,95,254,2,1,2.1769137895516883,2.8346839049351384,1.7998393396070205,1.0158027212962026,9.187025277535831,12.073271383416168,7.661618490813854,5.854171875267098,1.8017413668909275,2.340246226988619,1.486124231219634,0.7568592393938411,1.9422239795839036,2.4523387930581144,1.2531475086819872,0.5147942695198735,7.884377970895937,9.939277617149715,3.643063690088975,0.6451050686529268,1.624207310010946,2.0516471661471853,1.125242175753758,0.5078201980955593,0.7034181563151485,0.26349160505154795,1.1085083802122742,0.9679984128038716,4.4,
GBM,0.7,5.0,0.05,20.0,raw,0.0,20500,1,2000,5000,20.0,1.1450453051332237,95,271,0,0,2.2072856959593405,2.906738860954262,1.7717897772389002,7.308224010431925,9.24697500506862,12.562872056799536,7.515979432980206,9.411892710247551,1.8038693705694873,2.3533846431335665,1.4426133347128074,7.187671204838769,1.664729834292704,1.992465874248122,1.011276716934631,6.812826649934304,4.5039687592496875,4.664667453932573,2.1888633986522668,5.825696996015866,1.5020244528878945,1.8393327323376787,0.9437939529791483,6.869395086435023,1.3399792125856775,0.6044613663921943,1.1622679459830474,4.196596214974561,4.3,
GBM,0.7,5.0,0.05,20.0,clip,200.0,20500,1,2000,5000,20.0,1.1450453051332237,95,271,2,0,2.2072856959593405,2.906738860954262,1.7717897772389002,1.0946547885631648,9.24697500506862,12.562872056799536,7.515979432980206,5.616140799616677,1.8038693705694873,2.3533846431335665,1.4426133347128074,0.8355465819665264,1.664729834292704,1.992465874248122,1.011276716934631,0.42922486360792916,4.5039687592496875,4.664667453932573,2.1888633986522668,0.2839709352458003,1.5020244528878945,1.8393327323376787,0.9437939529791483,0.4375487829536973,1.3399792125856775,0.3337850352942362,1.1622679459830474,1.7189223984468065,4.2,
GBM,0.7,5.0,0.05,20.0,raw,0.0,21500,1,2000,5000,20.0,1.2721075687198609,100,242,0,0,2.1521732229517663,2.8218440006959185,1.7908022666577592,1.1626055783013443,9.150221829912466,12.56736229286322,7.77015257383895,5.956500113088796,1.7962405279361107,2.3261703086605077,1.4866823056788085,0.9187799210044625,1.8465260971940187,2.275328537505229,1.2428544571004139,0.6095149466893827,4.569722274498202,4.402649928329257,1.1354430837846368,0.4165637026694628,1.7080196922113349,2.167129341082485,1.2483175828554407,0.6193287762507154,0.7148428793524607,0.3445980403074666,1.095268633563631,1.7602144408500404,4.2,
GBM,0.7,5.0,0.05,20.0,clip,200.0,21500,1,2000,5000,20.0,1.2721075687198609,100,242,4,1,2.1521732229517663,2.8279802183252802,1.7710079811402017,1.015617762948008,9.150221829912466,12.628326151804599,7.624893550125633,6.114732197826355,1.7962405279361107,2.3295178988839194,1.4732693708639355,0.7562681006444013,1.8465260971940187,2.2804772010582854,1.2392495797102745,0.41862334774076315,4.569722274498202,4.402268832970876,1.2435615024343267,0.15839791481746426,1.7080196922113349,2.172559257610861,1.2390302679618044,0.4318588573598129,0.7864123142459141,0.17821508546224218,1.1473392698740774,1.1597453954601231,4.5,
GBM,0.7,5.0,0.05,20.0,raw,0.0,22500,1,2000,5000,20.0,2.103881364496354,98,229,0,0,2.1183675169864697,2.9359494133518935,2.280720295066684,1.4874304926051283,8.918321214406852,12.244211107769726,18.626647187239318,6.0999998184890005,1.7919811416544078,2.4891684600880737,1.4961432130487562,1.2660348993065733,2.0750855218230595,2.8675711746043024,2.2610745771686114,1.0005391613551782,6.1718785016830235,7.551302375898668,16.31777639609779,2.043782934508675,1.8784463282812585,2.6427599306100853,1.586376460099908,0.9504652095521703,9.810998909500594,0.17476926963023262,0.9062967107354363,4.780310388767641,4.4,
GBM,0.7,5.0,0.05,20.0,clip,200.0,22500,1,2000,5000,20.0,2.103881364496354,98,229,6,2,2.1183675169864697,2.8000071122426458,1.7535393767935696,1.0221913430581422,8.918321214406852,12.040107504082075,7.321575839059942,6.546695759641497,1.7919811416544078,2.3564977872099004,1.4862829630733856,0.7570243945363253,2.0750855218230595,2.7215266490884575,1.6198811582600385,0.8808155125560108,6.1718785016830235,7.284720871237438,2.8855214280413533,1.8784150595974747,1.8784463282812585,2.502500977977136,1.559132547532744,0.8329324070702645,1.519879121372878,0.13906828739709268,0.815812886206089,0.9748668758907065,4.0,
GBM,0.7,5.0,0.05,20.0,raw,0.0,23500,1,2000,5000,20.000000000000004,1.2485731279454158,117,233,0,0,2.1728908319652924,2.865605295202045,1.9472974731603445,1.5711173923656083,9.366242527687547,12.67712491501853,10.076724249093346,5.71698014110532,1.8212963396004334,2.3860407742418515,1.549949783042369,1.3684771531257607,2.034276998938153,2.634675014409181,1.6665208507288276,1.3327425965839304,7.910738000899034,10.28353262632284,7.11191322093383,2.9318450618640854,1.7470490959683846,2.260816440132721,1.400362591392187,1.254582144641351,0.3027475169954405,0.45730143117311395,0.8001048203738715,1.5857521256021754,3.0,
GBM,0.7,5.0,0.05,20.0,clip,200.0,23500,1,2000,5000,20.000000000000004,1.2485731279454158,117,233,3,0,2.1728908319652924,2.864683067164934,1.9434542508075447,1.0886716364119586,9.366242527687547,12.67712491501853,10.028032155156227,6.410589590184111,1.8212963396004334,2.385073469818617,1.5482986704187793,0.8285485226655958,2.034276998938153,2.6335893437970057,1.6626405376964453,0.6572269700562693,7.910738000899034,10.28353262632284,7.06322112699671,2.4282085216286324,1.7470490959683846,2.259677704437132,1.398672575181874,0.5706654635497956,0.3027475169954405,0.1947110403878812,0.8001048203738715,1.0238373477228158,3.1,
GBM,0.7,5.0,0.05,20.0,raw,0.0,24500,1,2000,5000,20.0,1.239996303561808,93,262,0,0,2.1534827097396074,2.830541494681138,1.8013663624744098,6.373363707238702,8.819450555985844,11.647148002100437,7.161812990984361,6.221997805829461,1.784870726684201,2.3430043682683355,1.504946561573269,6.381733877388389,1.9714547242217428,2.4225653383739316,1.4178520770421033,5.890150563488597,6.33113824510236,6.827504077049326,3.164502105969498,2.1435810496067957,1.7303747152578925,2.178982824753638,1.3212665330195246,6.0973268430658525,0.9485271031373468,0.16438135318387148,0.7705301857810605,0.563834561242058,4.5,
GBM,0.7,5.0,0.05,20.0,clip,200.0,24500,1,2000,5000,20.0,1.239996303561808,93,262,3,1,2.1534827097396074,2.827671578243428,1.813592377105575,1.2286553793867956,8.819450555985844,11.647148002100437,7.3392633233191935,6.207780424441191,1.784870726684201,2.3399757523568647,1.5080360689781018,0.9533217445610777,1.9714547242217428,2.4216976965468318,1.4169757902912725,0.7806802985374822,6.33113824510236,6.827504077049326,3.159938715056662,2.130821054232818,1.7303747152578925,2.1780672044211133,1.3205941342573906,0.7060207632921937,0.7636929324664379,0.16527208971998492,0.8013142759399227,0.5544258497792889,4.7,
GBM,0.7,5.0,0.05,20.0,raw,0.0,25500,1,2000,5000,20.0,1.1392161143737491,108,258,0,0,2.2057120371011676,2.9013625425463982,1.9241007966046753,7.987586269604729,9.335969251449676,13.086323262446609,9.358563705713285,11.002053544531835,1.817773116539819,2.3472250761325952,1.519610828120909,7.82357687337293,2.189591616423669,2.8823270141754014,1.7510156242277037,7.551586883586278,11.079485879987834,16.366383352032923,12.588990237014348,8.072903534780632,1.7059153785494487,2.1486942568647223,1.1613493547002984,7.523223388013071,0.267617397301653,0.5421798764573809,1.389814000674335,2.7794872033010236,4.8,
GBM,0.7,5.0,0.05,20.0,clip,200.0,25500,1,2000,5000,20.0,1.1392161143737491,108,258,4,0,2.2057120371011676,2.9013625425463982,1.9140503651420764,1.0472545968680242,9.335969251449676,13.086323262446609,9.201493509201208,5.738583176170069,1.817773116539819,2.3472250761325952,1.517559363208872,0.7920114982893807,2.189591616423669,2.8823270141754014,1.7362918981459599,0.782198294563539,11.079485879987834,16.366383352032923,12.359519398240472,7.873409697044366,1.7059153785494487,2.1486942568647223,1.1583094656228925,0.39638375600595693,0.28166212421161463,0.24938321071715852,1.434119727503339,1.2399361402410185,4.5,
GBM,0.7,5.0,0.05,20.0,raw,0.0,26500,1,2000,5000,20.0,1.1036546822048185,105,261,0,0,2.1481028889298286,2.794950470757187,1.8084154480746686,1.0164966603571,8.795274649157419,11.834566985869577,7.313321568005512,5.541933938490725,1.7820105003627467,2.2970944018725414,1.5052332372069852,0.7672586081112936,2.120597611722861,2.7264031367335853,1.7988622165179005,1.189653314170476,7.8502904264132285,9.975340536567769,4.983074496425733,3.3065606147915876,1.8050352938004754,2.3271685595323355,1.6234920107664876,1.0730648344359097,1.0098778257284893,0.23054559299173802,1.1132221991112534,1.1332311728046391,4.1,
GBM,0.7,5.0,0.05,20.0,clip,200.0,26500,1,2000,5000,20.0,1.1036546822048185,105,261,1,0,2.1481028889298286,2.794950470757187,1.7682276381212723,1.0032052517352985,8.795274649157419,11.834566985869577,7.313321568005512,5.449993612744351,1.7820105003627467,2.2970944018725414,1.462832087224504,0.7582987815467858,2.120597611722861,2.7264031367335853,1.7584039069644255,1.1752622735811615,7.8502904264132285,9.975340536567769,4.983074496425733,3.1962844416933924,1.8050352938004754,2.3271685595323355,1.5808054634427118,1.063954658920412,1.0098778257284893,0.23054559299173802,1.1132221991112534,1.1332311728046391,4.4,
GBM,0.7,20.0,0.05,1.0,raw,0.0,7500,1,2000,5000,1.269281951206016,1.269281951206016,101,269,0,0,3.526394341122727,4.721267738655003,2.990845558024422,2.1951609648615538,34.59871009185839,47.29142858366791,30.8179527399535,25.93354122859371,1.7596530735370381,2.3007703243010673,1.4086236531546432,0.8454200451946859,3.013935952567758,3.8155811175065084,1.9097989312603503,1.0417049986379818,29.37829186338613,38.19038560590999,18.024669451453804,11.6760683876291,1.5148846441741537,1.8610635932240025,0.9935232665103948,0.43704557110921183,0.6527321527102538,0.14163207507218534,0.9190131499123679,0.49647217045864467,3.9,
GBM,0.7,20.0,0.05,1.0,clip,200.0,7500,1,2000,5000,1.269281951206016,1.269281951206016,101,269,4,3,3.526394341122727,4.71894290041903,3.01980380651835,2.637683812435384,34.59871009185839,47.302136733707265,31.53446936780378,34.10471556926466,1.7596530735370381,2.297704443189156,1.3984880094382868,0.848499381535558,3.013935952567758,3.813977319846324,1.9363679039438866,1.649728000016329,29.37829186338613,38.2170966774307,18.626305893580525,23.02963450248399,1.5148846441741537,1.857849839992129,0.9873944693185944,0.43408757533575376,0.5483215339271302,0.06345233897611476,0.7700090451340553,0.4870853508763957,3.0,
GBM,0.7,20.0,0.05,1.0,raw,0.0,8500,1,2000,5000,1.6629626682040533,1.6629626682040533,98,276,0,0,3.7871985535857324,5.138319427133171,3.101807212647503,2.3600535261527247,37.66804761573518,52.88256518967943,30.82717392889357,27.47006145065663,1.807707795509262,2.348858836434024,1.4819509015374455,0.8929997185398797,4.014386595256033,5.469426787938294,3.3534805253353333,2.639482975796288,28.601302380362288,35.42913152444996,9.51753536393601,6.647758346996622,2.577894479106725,3.719029136101458,2.9933452299386802,2.4052992326863625,0.9470748570991304,0.15568170025971778,1.148081083270061,0.5031747218051332,3.1,
GBM,0.7,20.0,0.05,1.0,clip,200.0,8500,1,2000,5000,1.6629626682040533,1.6629626682040533,98,276,6,5,3.7871985535857324,5.100132744245204,3.249699731981862,2.5355908586381455,37.66804761573518,52.40216249202834,33.54091239654637,30.647141949047867,1.807707795509262,2.336508652291744,1.4799337083959592,0.8931717009427426,4.014386595256033,5.421707362417255,3.53614356933683,2.81825545984332,28.601302380362288,34.944401978864654,12.816992225182908,9.881587863957474,2.577894479106725,3.6968420545977208,2.9939093972340536,2.405579815572469,0.5791744799184844,0.11272064032440665,1.1632818014467645,0.5031747209484514,4.4,
GBM,0.7,20.0,0.05,1.0,raw,0.0,9500,1,2000,5000,1.3203105384328482,1.3203105384328482,113,238,0,0,3.46977553567614,4.618683190488792,3.14108266751804,2.389887277721582,37.05234840887986,50.680838663802234,35.47326472525146,33.82260623899479,1.7913521119418927,2.3165427027423404,1.5251525268753363,0.8189114035546309,6.011399347976245,9.188541974896275,8.254045825677364,7.530927678471392,89.62130032088578,145.8928594706398,143.3395823124654,141.59769352903388,1.8326600721357436,2.3561968333618455,1.5026057408693938,0.8304047317192116,0.48811625894942623,0.08314740246422123,1.4402775062760909,0.7829264846033643,4.7,
GBM,0.7,20.0,0.05,1.0,clip,200.0,9500,1,2000,5000,1.3203105384328482,1.3203105384328482,113,238,4,1,3.46977553567614,4.6156676488531145,3.174255177936193,2.4189590775623833,37.05234840887986,50.698578877553324,36.15529826545985,34.906024814962194,1.7913521119418927,2.3124898091994717,1.5258956116130868,0.7952880054285835,6.011399347976245,9.179609066741168,8.275689235216284,7.59452478515332,89.62130032088578,145.80343099875284,143.80520299850323,143.2901867424733,1.8326600721357436,2.351287013020298,1.5020596099197097,0.8125912391973854,0.43381605940635615,0.07780958097332052,1.3872224152800778,0.9517265044047556,4.4,
GBM,0.7,20.0,0.05,1.0,raw,0.0,10500,1,2000,5000,1.2584128331965998,1.2584128331965998,107,266,0,0,3.5671398577162123,4.757082428595925,2.950739418310803,2.032940058430568,35.05018495364919,47.183854892769794,29.842896446624003,23.324728985947353,1.7981305641973757,2.3731530928396403,1.4396887699095964,0.8365700003994178,4.993333449695863,7.268390470389922,5.459389590867778,4.465475444191888,64.62005374673092,99.29440610495679,81.49599798288561,73.99746847387779,1.6429516163601356,2.0975159121316223,1.1869481391827876,0.5585235756037054,1.3469612029896076,0.1582286325114403,1.122042608221015,0.6891778916092717,4.2,
GBM,0.7,20.0,0.05,1.0,clip,200.0,10500,1,2000,5000,1.2584128331965998,1.2584128331965998,107,266,3,3,3.5671398577162123,4.714974226648036,3.1023708513523953,2.290103051914326,35.05018495364919,46.70482116039299,32.50652518615827,28.153870557655235,1.7981305641973757,2.355595417105122,1.4501729102754282,0.8368368591540637,4.993333449695863,7.210334204635291,5.744529792832032,4.981047412923157,64.62005374673092,98.57053409515132,86.95572528105518,83.68447630348997,1.6429516163601356,2.0768713464018167,1.181332074228871,0.5587592665583998,0.42421396077791623,0.0997208444623147,1.0788440418999872,0.6869732611307574,4.5,
GBM,0.7,20.0,0.05,1.0,raw,0.0,11500,1,2000,5000,9.449392083690748,9.449392083690748,103,265,0,0,3.697650039362584,5.363887999610764,3.568805625994539,2.3571183261565616,37.73669185106929,51.105250177149635,40.35999841023122,29.702514803878447,1.7926139084011745,2.803917360318727,1.5097420382811872,0.8267001494730771,3.4494814459185124,5.056525662234248,2.772864165330967,1.8045392776302476,33.943074454746636,46.23546058731316,25.701304597172683,21.76857798092016,1.742870643946083,2.751896780471647,1.4896462742141654,0.6872277134545716,3.8076602623537488,0.1267429510562653,1.0330254153537557,1.5989199770163662,3.1,
GBM,0.7,20.0,0.05,1.0,clip,200.0,11500,1,2000,5000,9.449392083690748,9.449392083690748,103,265,7,5,3.697650039362584,5.061444011616421,3.2577268067392744,2.3861988277607313,37.73669185106929,52.24426273939808,34.182651070398656,30.997060888006082,1.7926139084011745,2.420800513651872,1.5269760295756554,0.7849573397005372,3.4494814459185124,4.736726953727348,2.819536861646097,1.8868994731557527,33.943074454746636,47.15825129528087,26.37964905063503,22.978089316045953,1.742870643946083,2.3625550528801065,1.5009666968980362,0.7065055326349711,0.6052519338499202,0.12082071734220876,1.0877591325998837,0.9758315956866264,3.6,
GBM,0.7,20.0,0.05,1.0,raw,0.0,12500,1,2000,5000,1.2547423252491827,1.2547423252491827,95,267,0,0,3.792381865942973,5.072901272694725,3.334689814133316,2.5754473389676553,38.649322975716984,52.11633025577671,36.11625593169967,33.09975526244831,1.8260173452775048,2.419067438238167,1.485402226262998,0.8534971560880151,3.1613211772316445,3.89673560551024,2.430579745701606,1.6554453320890288,31.45435586486821,38.673140643326626,27.127413704190193,24.333469668938623,1.5652425248760635,1.9349143198358316,1.0373714915464296,0.3761230210941331,0.4696875851892758,0.09951920533791365,0.9738345907913598,0.6642186788327521,4.3,
GBM,0.7,20.0,0.05,1.0,clip,200.0,12500,1,2000,5000,1.2547423252491827,1.2547423252491827,95,267,2,2,3.792381865942973,5.103699999656371,3.3446284454629867,2.590958915076191,38.649322975716984,52.756224647283105,36.46508503548278,33.36773636336219,1.8260173452775048,2.4155056026742594,1.4762232247709761,0.8547663144650854,3.1613211772316445,3.94004102082295,2.423567140842755,1.6567647523217777,31.45435586486821,39.476145638596805,27.265583240091146,24.337627310548914,1.5652425248760635,1.935363240779507,1.0221688102914517,0.3772823303808001,0.4453574681932661,0.09916407311876661,0.9596082600749721,0.6556804144803992,4.1,
GBM,0.7,20.0,0.05,1.0,raw,0.0,13500,1,2000,5000,1.2796906569126407,1.2796906569126407,97,258,0,0,3.75611823715743,5.098787112933624,3.298906897485024,2.5557972742615354,39.55600373991375,54.02202721338761,37.081222582814576,34.691859591080885,1.808338722245762,2.4369996928751823,1.4608981571191395,0.8073569373278807,3.5529298702235086,4.691889907443217,2.867901461206208,1.821151015617295,33.17389765131943,42.99308454120082,27.32601363078897,24.183583876786177,1.9413293456510177,2.608020608516718,1.5371986059231308,0.6044686709986589,0.4302893880646511,0.08682275543410228,0.7764462108016011,0.8053814215316006,4.6,
GBM,0.7,20.0,0.05,1.0,clip,200.0,13500,1,2000,5000,1.2796906569126407,1.2796906569126407,97,258,3,3,3.75611823715743,5.102071771192554,3.3444108184044397,2.5599490027387737,39.55600373991375,55.16356425979926,38.00066615908249,34.8610618038896,1.808338722245762,2.378354971938962,1.4588532735088398,0.802528694283077,3.5529298702235086,4.729065903897832,2.9039567713931267,1.8464970028864935,33.17389765131943,44.61236758811741,28.21429616182361,24.5823156426639,1.9413293456510177,2.5591182374008583,1.5268864291891902,0.6094997002583684,0.3879013855086226,0.08592164361617288,0.8407856615010292,0.7839607208951545,4.5,
GBM,0.7,20.0,0.05,1.0,raw,0.0,14500,1,2000,5000,1.1932681320300267,1.1932681320300267,103,236,0,0,3.449506845985246,4.718225466616772,2.834292387448962,2.2123909148186884,36.78344345869722,52.83717377143896,30.645807075837173,29.632179138210507,1.7982035209222682,2.334499228174699,1.4565599217773377,0.8540638743651897,3.563192015390629,4.901595588926118,2.4769330827090505,1.9787405133932567,34.62635401942328,48.61347909539415,13.886034424789742,16.71374746800483,2.0243787842924545,2.736187421939037,1.9117467022029546,1.2487947448608612,0.7240499967970682,0.1265954977890224,0.8070233906308861,0.6211683846179867,4.6,
GBM,0.7,20.0,0.05,1.0,clip,200.0,14500,1,2000,5000,1.1932681320300267,1.1932681320300267,103,236,5,4,3.449506845985246,4.703978341769919,2.960476362267043,2.275139237663323,36.78344345869722,52.45784312774074,33.12815951408417,30.980192997558884,1.7982035209222682,2.338337684866243,1.4660235445028027,0.8531424519086306,3.563192015390629,4.883195996961545,2.77068236352457,2.0009170108600247,34.62635401942328,48.167527346528296,19.25197871786432,17.263340612991346,2.0243787842924545,2.7389679955976165,1.9542285558788564,1.2448439692766935,0.5076476467522447,0.09742989222081128,1.073791935587372,0.6279748343374651,4.5,
GBM,0.7,20.0,0.05,1.0,raw,0.0,15500,1,2000,5000,1.2167005581617019,1.2167005581617019,88,253,0,0,3.5764177122297363,4.850828719897748,3.3687673473668873,1.9981879453902323,37.12564595383329,50.898657351111126,35.29569983288507,19.83500595098642,1.7883505655843388,2.396625929988968,1.6671634040687837,1.0475422838322304,3.611139165887056,4.740783008135487,3.0587169636349043,1.5254107747257635,33.16570186256672,40.72816832996345,17.65136783068527,3.4920020651874593,2.0359749859291973,2.822769844785483,2.280975091007194,1.4205977145852942,2.5795294093460677,0.39967148899750193,1.4446535991547562,3.8116083360851456,3.8,
GBM,0.7,20.0,0.05,1.0,clip,200.0,15500,1,2000,5000,1.2167005581617019,1.2167005581617019,88,253,10,7,3.5764177122297363,4.726272044838824,3.2608823165042327,2.413131014906607,37.12564595383329,49.419724772585376,35.01121618231221,33.04874917492443,1.7883505655843388,2.344253182374135,1.5686905178841732,0.7803500175431122,3.611139165887056,4.654896110141179,3.091082501407079,2.2021385120418637,33.16570186256672,39.422000166887706,20.959710925075854,19.917247887754566,2.0359749859291973,2.801920056558523,2.1387414457533604,1.257979533306807,0.5278272704899006,0.08758247576283472,1.466716670658562,1.6543962815398368,3.1,
GBM,0.7,20.0,0.05,1.0,raw,0.0,16500,1,2000,5000,1.2775693201123342,1.2775693201123342,103,268,0,0,3.6368375030187816,4.888271266227864,3.0388196212645933,1.7246748166636994,35.9697532943056,48.20507811232713,30.381442004289397,18.2023481897354,1.8056410888038896,2.4349948007260465,1.4902518278050314,0.7914507118489877,2.9795469745863468,3.840298004177415,2.1750993793812095,0.9783621465590321,25.216316651407507,31.664369608742096,17.886927552822613,6.264551017104273,1.720152580379231,2.2644630105122987,1.2852494321110708,0.6789752874495383,1.8371176243602925,0.44451414158047964,1.0298976647649987,1.398390985515565,3.5,
GBM,0.7,20.0,0.05,1.0,clip,200.0,16500,1,2000,5000,1.2775693201123342,1.2775693201123342,103,268,9,8,3.6368375030187816,4.827973415923443,3.179655933538278,2.358245316615103,35.9697532943056,47.50157724118251,32.64887690229937,29.796759510891903,1.8056410888038896,2.4111251857523888,1.5106468000581483,0.8042466259840424,2.9795469745863468,3.781231715345748,2.1027858369625445,1.3346826556417357,25.216316651407507,30.84539933646111,16.28395790242881,13.286062682354851,1.720152580379231,2.2484343944541765,1.2996256269995352,0.6578082162589979,0.5677487404011521,0.10964189464131871,1.0372096095405872,0.8317640493874192,4.5,
GBM,0.7,20.0,0.05,1.0,raw,0.0,17500,1,2000,5000,1.163515594798851,1.163515594798851,102,250,0,0,3.6607736967893767,4.910181398831076,3.1076243868858713,2.290782960834032,39.55094136411641,54.19729297890517,35.14903230205436,29.992888611992655,1.7718175037721644,2.3161228946166506,1.4212344966138453,0.8327774002467363,3.117206236803337,3.9031810266279323,2.0231366395803523,1.2836119788014375,30.37546319898487,35.769439482626396,14.810223093095201,9.813152528690155,1.6825611335306239,2.2260095289438033,1.35013208939536,0.8346887919651894,0.6305770269153879,0.1522073424571519,0.8632599539197309,0.7822748919713614,4.4,
GBM,0.7,20.0,0.05,1.0,clip,200.0,17500,1,2000,5000,1.163515594798851,1.163515594798851,102,250,4,4,3.6607736967893767,4.905036194179355,3.2871704087466815,2.5017248887390857,39.55094136411641,54.141777471590615,38.4365262825758,34.056008166518964,1.7718175037721644,2.3136287585261317,1.4372043101240963,0.840973137276987,3.117206236803337,3.8860158689889213,2.166277441502403,1.4381621590589337,30.37546319898487,35.50981752154142,17.44095297193297,13.176253334977481,1.6825611335306239,2.2216052556966845,1.36234715042711,0.820367886642168,0.4714000724174831,0.10728714946842009,0.8214460902460887,0.5105525887741333,4.4,
GBM,0.7,20.0,0.05,1.0,raw,0.0,18500,1,2000,5000,1.3397387363002493,1.3397387363002493,112,270,0,0,3.667245804098125,4.976086811931463,3.2587208492453144,2.3736474166427586,36.39918411341816,51.20500880736821,32.9943746318926,28.566899731032187,1.7988264925724573,2.337226571177146,1.5613368066840534,0.8784723373858567,2.7247163497099094,3.4607457661327166,1.8076878152201294,0.7808608935402013,21.28106800391454,26.720660650225252,10.795264620079188,3.5623350491458927,1.6654742891104903,2.133012781205658,1.2946548897841998,0.622087527363978,0.8020026284184549,0.12142320641418371,0.7669190888217052,0.48819696177024924,4.4,
GBM,0.7,20.0,0.05,1.0,clip,200.0,18500,1,2000,5000,1.3397387363002493,1.3397387363002493,112,270,4,2,3.667245804098125,4.976086811931463,3.4574721428450363,2.4974132823871567,36.39918411341816,51.20500880736821,37.63490803889296,30.466430469513693,1.7988264925724573,2.337226571177146,1.5065402840854294,0.9008731892530839,2.7247163497099094,3.4607457661327166,1.929485026864521,0.9490583515541235,21.28106800391454,26.720660650225252,13.688484927362188,5.134217298267357,1.6654742891104903,2.133012781205658,1.258252474404823,0.710159215060979,0.33115652799008966,0.10600376319226246,0.7954734186365249,0.4538396070186307,4.7,
GBM,0.7,20.0,0.05,1.0,raw,0.0,19500,1,2000,5000,1.5140924212540858,1.5140924212540858,95,254,0,0,3.580577059377446,4.758414264269615,2.9633887020278658,2.350912459840495,36.83416669678169,49.21741297507902,30.608860046929177,30.38176372918902,1.800886421387417,2.379024109919512,1.4838375596753728,0.8507362646414802,3.146677335229883,4.020617605075459,1.7070261980116712,1.2752190663197682,31.584163636807805,40.380410622318564,12.18992513283511,15.33577179349869,1.6247385403287464,2.0746868367695703,1.145994523033763,0.5227158230194215,1.1204444212086733,0.11457818792215682,1.0450529529421781,0.6673592246949702,4.2,
GBM,0.7,20.0,0.05,1.0,clip,200.0,19500,1,2000,5000,1.5140924212540858,1.5140924212540858,95,254,2,2,3.580577059377446,4.753500884956147,3.2740163463581333,2.4651344765679926,36.83416669678169,49.63014717027978,36.45939162816424,33.21030092862154,1.800886421387417,2.3517587533775117,1.4979764555914352,0.819691518535628,3.146677335229883,4.044136202996954,2.227535164318221,1.2866772434957228,31.584163636807805,41.32416782226646,22.65638846874544,16.516387817285665,1.6247385403287464,2.0489554125851437,1.134208417726456,0.471602130612738,0.3430968325218795,0.09563806618589403,0.9836485385153588,0.6723313167756297,3.6,
GBM,0.7,20.0,0.05,1.0,raw,0.0,20500,1,2000,5000,1.1972216240109854,1.1972216240109854,95,271,0,0,3.7055189082404265,4.933065307104595,3.004109653738924,2.0341644783651107,36.96155684548984,49.73970714791533,30.451058431104904,22.989662983414807,1.7997489186031688,2.3653765909151874,1.431235236596572,0.8332890089490673,2.3977987608499585,2.7516606136972,1.3522395810496146,0.4651311688027916,18.082604215800952,18.568724268375597,8.691676483283947,0.9088741090885043,1.4989655448863892,1.845248211409645,0.931645924778626,0.439702042810525,1.3554914216578844,0.2554460937470955,0.9439588647438761,0.7603141237519617,3.0,
GBM,0.7,20.0,0.05,1.0,clip,200.0,20500,1,2000,5000,1.1972216240109854,1.1972216240109854,95,271,3,3,3.7055189082404265,4.95215006691619,3.186823157300063,2.6411643295713594,36.96155684548984,50.317743720502776,33.6931610410569,34.188922138806994,1.7997489186031688,2.3524300668904,1.4386274359005915,0.8332890142186727,2.3977987608499585,2.73319136358732,1.1602924110638326,0.5909095707446131,18.082604215800952,18.409978140789207,5.315916646763877,3.2295087783408634,1.4989655448863892,1.8348176658453637,0.9221502736405482,0.4397020458432421,0.5757218287706954,0.08138485105553588,0.8740601976397395,0.7603141109152498,3.5,
GBM,0.7,20.0,0.05,1.0,raw,0.0,21500,1,2000,5000,1.7607523883819804,1.7607523883819804,100,242,0,0,3.486723202588634,4.6048995777423665,2.970687157318875,2.268000183663374,36.499878787387104,49.43285803793256,32.39672458403765,31.648019698767104,1.8076177693138906,2.3248731070895654,1.4740286753378027,0.7736822512011841,2.5246144247562228,2.9027705648305235,1.5061577624046434,0.7551693496776485,18.333491338944356,17.488757943219337,6.671900939727008,6.244682085903723,1.7205479654805758,2.1609023543281927,1.2434192485517612,0.47596336351398505,1.0357345337720592,0.10748306888751102,1.0935890893631532,0.7198274625528711,4.3,
GBM,0.7,20.0,0.05,1.0,clip,200.0,21500,1,2000,5000,1.7607523883819804,1.7607523883819804,100,242,4,2,3.486723202588634,4.611259528762188,2.986751486841214,2.405520808253487,36.499878787387104,49.48319474131361,33.321606253917345,34.3725654502548,1.8076177693138906,2.3289963254335952,1.4438690039424278,0.7796223628217258,2.5246144247562228,2.9085908751988576,1.3763549101377632,0.7732545920515104,18.333491338944356,17.49506274917635,3.827984507991388,6.485452821421134,1.7205479654805758,2.1666980224240464,1.251660844841299,0.48272244167163453,0.5244430171752592,0.09217014854934248,0.9307525206530561,0.6962485462026736,4.3,
GBM,0.7,20.0,0.05,1.0,raw,0.0,22500,1,2000,5000,2.37528072237276,2.37528072237276,98,229,0,0,3.348259921703407,4.780770670843916,7.018962281726812,2.009124486727045,35.73825291647608,49.18915756083239,105.41894176523418,27.201189775280174,1.7935945694076743,2.649242563988464,2.295928263340061,0.799947594863983,2.9238779606836443,4.0271959704797,6.802608478044434,1.2458057638514812,24.691667311086768,29.641598469343048,97.54529628756335,8.108255406930668,1.8790605720350766,2.79774760069565,2.447111620282994,0.9164196879208305,14.736015388765441,0.1320455154183929,0.6292038381335759,0.7351818658737511,4.6,
GBM,0.7,20.0,0.05,1.0,clip,200.0,22500,1,2000,5000,2.37528072237276,2.37528072237276,98,229,6,4,3.348259921703407,4.505888486464514,2.913951713760872,2.1098349313150915,35.73825291647608,49.07397025515361,32.540869369614974,29.853370910731012,1.7935945694076743,2.3666952932073766,1.4919093446159153,0.7781917245898256,2.9238779606836443,3.760406429354042,2.055663452383928,1.2544471692434134,24.691667311086768,29.847738209278624,11.952864663076074,9.111237113622238,1.8790605720350766,2.508258247085601,1.5806143898711422,0.8773344261575299,0.5471128157471289,0.10627325009569052,0.7584091689581105,0.6991650040470028,4.8,
GBM,0.7,20.0,0.05,1.0,raw,0.0,23500,1,2000,5000,1.1021969735403065,1.1021969735403065,117,233,0,0,3.494234150593581,4.685629990965551,3.4014093192079216,2.3645318525599643,37.52483338161207,51.6484132511676,41.288618961346934,30.049015315966948,1.8308967012905992,2.3901971192166367,1.5495696198963227,1.011377951369734,3.1587172221320095,4.109527961209383,2.7298894257585697,1.54208374796599,31.83903699031772,41.806069422720135,30.008495543039544,16.957697480248992,1.756889131931198,2.2670076841940676,1.3965738760781694,0.7886039913849243,0.24259611737776568,0.12168499470850673,0.7946452096602049,0.33847306210624956,4.1,
GBM,0.7,20.0,0.05,1.0,clip,200.0,23500,1,2000,5000,1.1021969735403065,1.1021969735403065,117,233,4,2,3.494234150593581,4.685152354991312,3.401733718463652,2.2825872580542232,37.52483338161207,51.6484132511676,41.17072775388334,32.4453549722378,1.8308967012905992,2.389696137494129,1.5556721262142734,0.808300520608288,3.1587172221320095,4.108968244913095,2.732539692857689,1.3623131603974308,31.83903699031772,41.806069422720135,29.925014852267516,19.61059448250388,1.756889131931198,2.2664206102520845,1.4034340263709075,0.47037912472493126,0.2476078171086118,0.10351663243461198,0.774205916278314,0.9057015245812748,3.1,
GBM,0.7,20.0,0.05,1.0,raw,0.0,24500,1,2000,5000,1.8349991840701043,1.8349991840701043,93,262,0,0,3.6423824854055145,4.661214176648514,2.9458878585815818,2.180045227858238,35.29821709792204,46.623228365101255,28.047504161848483,25.2946365498429,1.8918909977568594,2.3408157559278258,1.5578288734705799,0.9018639432740289,3.0747239789187613,3.5625454176762372,1.9408387326073302,1.0657002931934376,25.378740330678056,28.311518493924062,12.9067139546722,8.385039384263626,1.841365539880996,2.1939867545320975,1.3344522175839038,0.6609584523617806,1.2469851672610015,0.14475553012083592,0.9033009170532218,0.4959888645611735,3.9,
GBM,0.7,20.0,0.05,1.0,clip,200.0,24500,1,2000,5000,1.8349991840701043,1.8349991840701043,93,262,6,5,3.5582903120771645,4.661950183168975,3.139232069212862,2.364065895823581,35.29821709792204,46.685566183051996,32.154713473087156,28.796455724077408,1.803148729575822,2.3381453304949873,1.5347457611049964,0.9024183367263879,2.9893324669806796,3.534685229107074,1.9573771849018762,1.191231211895173,25.378740330678056,27.76582646360814,13.741304545304516,10.792558341231452,1.7512520827914202,2.194761420867462,1.3057543549260442,0.66030092318979,0.4712136596539186,0.10470451720349047,0.7007655489598087,0.4951410458920815,4.4,
GBM,0.7,20.0,0.05,1.0,raw,0.0,25500,1,2000,5000,1.3499728803809021,1.3499728803809021,108,258,0,0,3.6535348605990956,4.949240193967392,3.6103043027134714,2.600134029181983,37.432615255903265,52.54914603225518,41.57620670022429,35.910778002943466,1.8157021440262406,2.359451980918415,1.5446773903225408,0.787787731157845,3.904346484103032,5.449645226481415,3.897234971068367,2.8318482802176055,44.38099345209912,65.9276109864124,54.63175599775558,47.635761551979805,1.7021164297498068,2.159194959492339,1.1369004234333393,0.39418281751945133,0.19583546179348277,0.0667126153453361,1.4832999746391704,1.1604010197922234,4.4,
GBM,0.7,20.0,0.05,1.0,clip,200.0,25500,1,2000,5000,1.3499728803809021,1.3499728803809021,108,258,2,1,3.6535348605990956,4.931240509018303,3.4923596184562724,2.6269964435950866,37.432615255903265,52.289599350994145,40.17874723373517,36.432517054304085,1.8157021440262406,2.3545942455788755,1.4963478080931436,0.7877251830377432,3.904346484103032,5.432025172205463,3.7536326005292677,2.859957498483526,44.38099345209912,65.61218805412337,51.91903884626246,48.18353511987072,1.7021164297498068,2.1577775923794786,1.1330769675897565,0.39401843768262024,0.2558301987638522,0.06634887179961563,1.3626119285938114,1.1602348037120032,4.3,
GBM,0.7,20.0,0.05,1.0,raw,0.0,26500,1,2000,5000,1.1852070689751983,1.1852070689751983,105,261,0,0,3.5356440297183305,4.614834016108045,2.9260521629850547,2.070486161372677,35.31220745921498,46.737532948883626,29.73107384150569,24.573872169827627,1.7855526486044606,2.2949301500066674,1.4497679979515277,0.8311141950914477,3.3573721110652084,4.238191368209063,2.5596183603590354,1.6930035541703072,31.48606098610005,38.95399344366218,20.56555029556529,12.645153490642283,1.808187093891945,2.3262216822640824,1.5679432738241477,1.089814878622895,1.109134352054341,0.1589395296250068,0.9948986663150206,0.7734654818416588,4.4,
GBM,0.7,20.0,0.05,1.0,clip,200.0,26500,1,2000,5000,1.1852070689751983,1.1852070689751983,105,261,4,4,3.5356440297183305,4.610472705508383,3.0344902253264427,2.3128874863096973,35.31220745921498,46.48963076248277,31.919826779542095,29.228911474817668,1.7855526486044606,2.3039818313006775,1.4436329050794952,0.8304898790084565,3.3573721110652084,4.1943358001424595,2.6637504387016007,2.06420407634161,31.48606098610005,37.97108706324227,22.56354739932609,19.72963774726216,1.808187093891945,2.3340842534724766,1.567770905736209,1.0912819011759078,0.5599413890838416,0.10590466207422777,0.9970425863590856,0.7845921086308779,4.4,
GBM,0.7,20.0,0.05,20.0,raw,0.0,7500,1,2000,5000,20.000000000000004,1.269281951206016,101,269,0,0,3.5287389030589504,4.716650408422796,2.9987809864198303,2.1029745781926334,34.666965408134814,47.05643111727602,30.916695183876445,25.153973986020326,1.7582500149030833,2.3092521816881697,1.4113958840913947,0.7923174569274358,3.0178057380608836,3.8119266785601487,1.896576710684497,1.0593693195847085,29.46743267961405,37.84910174625633,17.647967884091486,10.907041514854795,1.5139060028510336,1.8766064305765786,1.0009681235683523,0.49944037844591027,0.6262132571926596,0.1578639537852829,0.9586372561598182,1.5321804702599047,4.6,
GBM,0.7,20.0,0.05,20.0,clip,200.0,7500,1,2000,5000,20.000000000000004,1.269281951206016,101,269,5,3,3.5287389030589504,4.711250176218881,3.0231617597187435,2.5900428032990215,34.666965408134814,47.062536529458086,31.482265597105883,34.10068170592944,1.7582500149030833,2.3031977498774423,1.4050051475316496,0.7983789130416588,3.0178057380608836,3.8081869308917113,1.923437327384836,1.674460206110431,29.46743267961405,37.84371308734114,18.249552402788108,23.025472908059992,1.5139060028510336,1.8729604383774665,0.9951505052999741,0.46046265446713514,0.5533276809807696,0.06345233897622007,0.8087531947574369,1.3990191839425115,3.2,
GBM,0.7,20.0,0.05,20.0,raw,0.0,8500,1,2000,5000,20.000000000000004,1.6629626682040533,98,276,0,0,3.7548166785513466,5.1330613159960485,3.1007584937138413,2.1793660254785334,37.15679061993823,52.77162412203604,30.823339748323026,25.221609632356238,1.8033042298166346,2.3497752587422305,1.4810649233768103,0.8331214794374144,3.972254597530492,5.470966569589727,3.3518063613692646,2.5098122495172137,27.925264644550413,35.3415239054711,9.516909016169743,5.655382002847717,2.572798464385382,3.725777360296065,2.9916098472445953,2.3260321369178873,0.9480509953423506,0.20245459507950478,1.1704231931242337,1.2606197225475975,3.0,
GBM,0.7,20.0,0.05,20.0,clip,200.0,8500,1,2000,5000,20.000000000000004,1.6629626682040533,98,276,7,5,3.7548166785513466,5.077483689733535,3.2473517958544407,2.476598616090563,37.15679061993823,51.941398501282414,33.536875413493036,30.64119592067158,1.8033042298166346,2.339456490752272,1.477684454942448,0.8310802299634756,3.972254597530492,5.423928654558982,3.5346050044202073,2.7856574115768473,27.925264644550413,34.74030941629302,12.810609737934861,9.873330106292716,2.572798464385382,3.7111172468031395,2.9926538387872594,2.371559684281847,0.5794880047498561,0.11278165944848455,1.146909824006707,0.9870714701938691,3.6,
GBM,0.7,20.0,0.05,20.0,raw,0.0,9500,1,2000,5000,20.0,1.3203105384328482,113,238,0,0,3.4775824461893405,4.594283540232218,3.1625786564610188,2.3328996256598207,37.06928834387306,50.24399852545851,35.887478493765464,30.338178277259868,1.7987025630207718,2.3127564158130958,1.5270208737481963,0.9332237921695204,6.029424670808516,9.166961453751835,8.264654070801061,7.489090924695817,89.75927702286434,145.42833249807939,143.51595933661503,139.94807778977383,1.8446903449392833,2.356754333098756,1.5049290281165326,0.8689231645344215,0.4458736773607399,0.121096878939706,1.4915183533602536,2.4820616907673974,4.1,
GBM,0.7,20.0,0.05,20.0,clip,200.0,9500,1,2000,5000,20.0,1.3203105384328482,113,238,5,1,3.4775824461893405,4.594283540232218,3.1398296259895413,2.337551070908742,37.06928834387306,50.24399852545851,36.1172561657472,33.354041060462954,1.7987025630207718,2.3127564158130958,1.491650811108751,0.7873779046941465,6.029424670808516,9.166961453751835,8.237063028945558,7.46182481076402,89.75927702286434,145.42833249807939,143.64979220484275,141.79614349805544,1.8446903449392833,2.356754333098756,1.4692701805911828,0.747929840672598,0.41601082314088034,0.08673934193791155,1.4467142576082397,1.7742189875657814,4.4,
GBM,0.7,20.0,0.05,20.0,raw,0.0,10500,1,2000,5000,20.0,1.2584128331965998,107,266,0,0,3.5634383495101747,4.814003358950991,2.9791335799563012,2.0272267384399485,35.034320658467486,48.05211149536998,29.671227189455177,23.781908578948187,1.795112474101927,2.384485664762684,1.4793243488353247,0.8048470659483575,4.983158699307947,7.349722143172633,5.512270487614075,4.848291105185645,64.44977970370302,100.4691877651267,81.72474952095098,81.75886817363545,1.6417727282118149,2.1174074293070246,1.2299469931342242,0.5267419923407707,1.3371764239204107,0.2520636552526347,1.1347442594725135,1.0948999476342018,4.2,
GBM,0.7,20.0,0.05,20.0,clip,200.0,10500,1,2000,5000,20.0,1.2584128331965998,107,266,4,3,3.5634383495101747,4.7735430233687595,3.1026775864127054,2.2201860940506073,35.034320658467486,47.515687627489726,32.70906708651664,28.147622225946105,1.795112474101927,2.3718931575689752,1.4391161992078787,0.7633424077210335,4.983158699307947,7.299234152985236,5.7593955714681595,4.910590990989804,64.44977970370302,99.8454072529488,87.1721849906701,83.67371799860699,1.6417727282118149,2.0991323269205333,1.1848704372248733,0.4849484510603207,0.4193015358407094,0.0998112476932957,1.13533096135067,1.0948999449408037,4.3,
GBM,0.7,20.0,0.05,20.0,raw,0.0,11500,1,2000,5000,20.0,9.449392083690748,103,265,0,0,3.695623216589367,5.6400722224434,3.677360900264028,2.4188373887312657,37.71189174741498,51.65847049434425,40.465373267706774,28.32673388231349,1.7918616198272157,3.0645969231712287,1.6184753084219314,0.96887063671452,3.452940038970814,5.314921524491696,2.8658415730942783,1.7618872155067453,34.012750040081386,46.61182268508247,25.64157238865303,18.322229406159117,1.7426233229635706,3.0036905197279045,1.5911702602910962,0.8350676420066653,3.790358788937767,0.16961664740954985,1.1413415844851915,3.367394109353747,4.6,
GBM,0.7,20.0,0.05,20.0,clip,200.0,11500,1,2000,5000,20.0,9.449392083690748,103,265,8,5,3.695623216589367,5.01674106226384,3.2551716403011817,2.409885053751444,37.71189174741498,52.41453914240328,34.17986589935059,30.993533033368575,1.7918616198272157,2.3640659849170707,1.5244337356236544,0.810166634617644,3.452940038970814,4.682163431521005,2.816420461397088,1.841830184363533,34.012750040081386,47.03115174569312,26.376855112965035,22.973132278230615,1.7426233229635706,2.3120510971481187,1.4978322496409089,0.6591913132178568,0.6054450037389801,0.12085925805748762,1.3231537181914865,2.077710610449494,4.3,
GBM,0.7,20.0,0.05,20.0,raw,0.0,12500,1,2000,5000,20.000000000000004,1.2547423252491827,95,267,0,0,3.7928739875238,5.107045061838218,3.312131700963442,11.663033637070253,38.64346724231284,52.24309165200832,35.85607119585831,33.09837773749587,1.8268675647414894,2.4479864437153753,1.476249206744779,10.453813929735867,3.1582741296121806,3.938402882166866,2.420835602681989,10.908027275352008,31.39323682824262,38.97493912573545,27.118678700341476,24.28701832585155,1.56547145888868,1.9619069647713854,1.027570420540624,10.1532859674113,0.4908996012522191,0.10086357994574581,1.0367898600425218,3.6269981774914584,3.8,
GBM,0.7,20.0,0.05,20.0,clip,200.0,12500,1,2000,5000,20.000000000000004,1.2547423252491827,95,267,3,2,3.7928739875238,5.095582674778291,3.354936556708379,2.6537700451402233,38.64346724231284,52.505693785196165,36.709728500307165,35.47468238608967,1.8268675647414894,2.4210634128975452,1.4733119108303148,0.8022628414568295,3.1582741296121806,3.9233291226242217,2.4201079501389136,1.7334345165351257,31.39323682824262,39.07988663287985,27.25135496616239,26.285197967565566,1.56547145888868,1.9400625147141757,1.0193171296702324,0.34841004127099545,0.4464800121448809,0.07761546181265132,1.0193221595911492,1.5960465957144623,2.9,
GBM,0.7,20.0,0.05,20.0,raw,0.0,13500,1,2000,5000,19.999999999999996,1.2796906569126407,97,258,0,0,3.7462731417893242,5.038633880408199,3.300889329592394,18.782381940145086,39.50782181542833,53.98088057932858,37.12722563051073,39.815275546863774,1.800579434957004,2.375812360306668,1.460485540972206,17.63803640017599,3.5468705543496717,4.618934342681791,2.8751221980150374,18.326863331945876,33.20042270783684,42.85932372898604,27.446425109294314,34.53538583220703,1.933497198044381,2.538373300575825,1.538260926165595,17.44499939161113,0.432343120666658,0.14444166459361374,0.7994435017604411,73.73428747665149,3.2,
GBM,0.7,20.0,0.05,20.0,clip,200.0,13500,1,2000,5000,19.999999999999996,1.2796906569126407,97,258,4,3,3.7462731417893242,5.059002578242474,3.3459616360228277,2.5525120164108777,39.50782181542833,54.344679480469495,38.02317676370364,34.75222847264921,1.800579434957004,2.377495905788958,1.459263723129185,0.8006084217863543,3.5468705543496717,4.679952582028968,2.9107715632792277,1.7274912811024754,33.20042270783684,43.76522137483177,28.214797949324126,24.482583691792957,1.933497198044381,2.5534238286457707,1.5340446953754774,0.4894453422669322,0.3892830227845166,0.08680434583456742,0.8263824870287535,1.9641548750797897,4.5,
GBM,0.7,20.0,0.05,20.0,raw,0.0,14500,1,2000,5000,20.0,1.1932681320300267,103,236,0,0,3.4451225328202213,4.694450502992537,2.8457215456493046,2.084129606816962,36.67649868489669,52.05953253736445,30.68296409099056,26.702264910530445,1.7988998686955255,2.348069445034566,1.4667145681722824,0.8645914179680153,3.5591893050259706,4.878357680096633,2.4904683634275293,1.7586088419585235,34.51875067620957,47.62094113072709,13.839210081144643,13.883413051617637,2.0255082631285455,2.760966896228289,1.9282720902576642,1.1579678273742349,0.7340633181779834,0.18801148394997058,1.0411568718239734,1.164782103578443,4.3,
GBM,0.7,20.0,0.05,20.0,clip,200.0,14500,1,2000,5000,20.0,1.1932681320300267,103,236,6,4,3.4451225328202213,4.676228900557658,2.9611307637626685,2.2146334170335082,36.67649868489669,51.67638007596842,33.088268734191736,30.897543306694196,1.7988998686955255,2.3479258616414236,1.4686864814324292,0.793733598821938,3.5591893050259706,4.859067293908669,2.754513426862198,1.9068975811997981,34.51875067620957,47.20347859413309,19.215157323068023,17.195066227208397,2.0255082631285455,2.761401242931977,1.9390827048839072,1.1495491764017232,0.5065346021481127,0.09778074278697091,0.9264404642106878,1.6194834041033501,4.5,
GBM,0.7,20.0,0.05,20.0,raw,0.0,15500,1,2000,5000,20.0,1.2167005581617019,88,253,0,0,3.58177066581257,4.811443464257321,3.3245924349158975,2.6068752085395572,37.20572015581131,50.35162796174202,35.02856374680353,20.018605055562723,1.7897211143127423,2.384296491882425,1.6348716129425305,1.678885393646601,3.617683720780296,4.726696738056984,2.989512506748936,1.8975081393093867,33.261123163471034,40.30609161197527,17.572010640942466,2.857053311022296,2.0377826929730998,2.830428167780741,2.212311742487094,1.8463674339284377,2.5082488022419582,0.4639718575655693,1.9563810296922286,6.528034046938148,4.4,
GBM,0.7,20.0,0.05,20.0,clip,200.0,15500,1,2000,5000,20.0,1.2167005581617019,88,253,11,7,3.58177066581257,4.744361828289801,3.263497228972816,2.393958036188298,37.20572015581131,49.542834986828424,35.599136525570074,33.04121492200034,1.7897211143127423,2.3567457109293053,1.5401105127227406,0.7605567317622505,3.617683720780296,4.672807963552084,3.131654534289909,2.221197908939569,33.261123163471034,39.65973265594463,22.182618835170576,19.911792760251977,2.0377826929730998,2.808116169329351,2.116298737339665,1.2783454763754154,0.45413627974982534,0.08770140484468665,1.63552911289185,1.4669547208412224,4.5,
GBM,0.7,20.0,0.05,20.0,raw,0.0,16500,1,2000,5000,20.0,1.2775693201123342,103,268,0,0,3.6553339483332135,4.9210621820820535,3.070314248243803,33.180102338003614,36.088039273093,48.41664181301818,30.685906610237154,40.44302247788179,1.8184858868294898,2.457660799772062,1.506286616583994,32.76876197505192,3.0012822862907043,3.8577885097330182,2.226474310176953,32.98971265105245,25.43060897105196,31.401992992218737,18.218846277892858,33.48718553536988,1.7309822965366861,2.2978039786032265,1.3207355765869564,32.961537939937266,1.8541689267578851,0.2955361762022395,1.1159161011878589,105.33643808880805,4.6,
GBM,0.7,20.0,0.05,20.0,clip,200.0,16500,1,2000,5000,20.0,1.2775693201123342,103,268,10,8,3.6553339483332135,4.879633043323538,3.17935607918716,2.3597573683834483,36.088039273093,48.1177126738274,32.64438746908262,29.78998115497857,1.8184858868294898,2.4308153465832514,1.5105842253215669,0.8062282105627613,3.0012822862907043,3.827804960076352,2.099360375988131,1.4208187791530933,25.43060897105196,31.142467470396262,16.280598089458344,13.280412472600876,1.7309822965366861,2.2808206927970343,1.2961964480063017,0.7491427204371159,0.5681257647006925,0.10971470441652653,1.1240953040993644,1.7789346309466185,4.1,
GBM,0.7,20.0,0.05,20.0,raw,0.0,17500,1,2000,5000,20.0,1.163515594798851,102,250,0,0,3.663631696227643,6.838617744424078,3.1593829878653907,3.095068310893207,39.624393386551695,58.633050774908234,35.58215599807124,33.18956440497165,1.7709600283158506,4.112594953345964,1.4529212504861353,1.511147463836447,3.1163703494889696,5.852101393623658,2.099971679485661,2.258517443635574,30.408871012734895,40.47695884697829,15.595096654875201,13.538446982913575,1.6799229461602367,4.029740475026046,1.3897019439388438,1.6648369415683104,0.6083137545740004,0.09348570706425968,0.9532076282678059,4.828921103996329,3.1,
GBM,0.7,20.0,0.05,20.0,clip,200.0,17500,1,2000,5000,20.0,1.163515594798851,102,250,5,4,3.663631696227643,4.871536962253727,3.2903557150279945,2.4558517783413567,39.624393386551695,53.647728529744285,38.61099182706984,34.16609407231955,1.7709600283158506,2.3043689850173807,1.4313748670257924,0.7868916576056622,3.1163703494889696,3.8211287808080145,2.178312950487556,1.4317191911186176,30.408871012734895,34.52391026502335,17.758376185076234,13.206436555494623,1.6799229461602367,2.205192913217734,1.3583096223513096,0.811997224572512,0.46044772766629005,0.10734834407866717,0.9134489940840068,0.7152651488266086,3.3,
GBM,0.7,20.0,0.05,20.0,raw,0.0,18500,1,2000,5000,20.000000000000004,1.3397387363002493,112,270,0,0,3.673081011125648,4.95537223235598,3.2351216136196705,2.3972348047714562,36.44663453813842,50.79717407880562,33.24121031590909,28.99494597812599,1.8022862009156173,2.3386097590914128,1.5223004826221773,0.8789722219372644,2.7283402726816055,3.4438357403630895,1.8414911626123962,0.7473438919640155,21.19573667619792,26.45090451395959,11.496816708926016,3.32567619616546,1.6741759959481164,2.130535831510858,1.290341501406333,0.6001663608573793,0.7824121778243696,0.1434211958822138,0.7850230912536191,1.3831649952937666,4.4,
GBM,0.7,20.0,0.05,20.0,clip,200.0,18500,1,2000,5000,20.000000000000004,1.3397387363002493,112,270,5,2,3.673081011125648,4.952966993445383,3.432482206957932,2.3891281819953276,36.44663453813842,50.752632617498264,37.18567440680986,30.375752730262274,1.8022862009156173,2.3386097590914128,1.5057672188057083,0.7915830175065165,2.7283402726816055,3.441096892677925,1.900061357913643,0.8468189982151151,21.19573667619792,26.400185112382474,13.446082316173452,5.123008185902038,1.6741759959481164,2.130535831510858,1.2409861657931043,0.602723632321781,0.33505249374406065,0.10664135208929229,0.785632059824979,1.5792396862654088,4.6,
GBM,0.7,20.0,0.05,20.0,raw,0.0,19500,1,2000,5000,20.0,1.5140924212540858,95,254,0,0,3.589425704567796,4.7085900502784,3.050439399078402,1.9137207861635244,37.01481674544167,48.59686842101704,31.09022705092039,23.36017669478243,1.8005404697633371,2.359744136631621,1.5497849398352777,0.7659332175185174,3.1519157934642608,4.018317400617065,1.8096432928695045,0.6218758161911323,31.706659347813062,40.36580763451383,12.877279506214586,2.583124111460803,1.623701536657562,2.073045061929796,1.2173172081266366,0.516912253823139,0.9310412383359168,0.26349160505154795,1.055588854449931,0.9679984148527769,4.4,
GBM,0.7,20.0,0.05,20.0,clip,200.0,19500,1,2000,5000,20.0,1.5140924212540858,95,254,3,2,3.589425704567796,4.688131105187745,3.2603401912364793,2.414133031207826,37.01481674544167,48.38947175316937,36.49850110088632,33.38029813567969,1.8005404697633371,2.349289865283124,1.4814752795105925,0.7568625009642835,3.1519157934642608,4.01462542777316,2.2095626603816148,1.3243053028452119,31.706659347813062,40.513198425909735,22.72246325971118,16.580293343642953,1.623701536657562,2.0612673279993103,1.1117378074044322,0.507823852705594,0.33191401740909576,0.09563806618812953,1.06780494732296,0.9679984131599186,4.5,
GBM,0.7,20.0,0.05,20.0,raw,0.0,20500,1,2000,5000,20.0,1.1972216240109854,95,271,0,0,3.719419990155642,4.954914305461176,3.0063857877558,2.112363608885926,37.15578262397315,50.281932889837734,30.358239960109394,24.120719514236615,1.803316316278597,2.3574048877479075,1.4389608605602355,0.8511531097634821,2.4080698688040765,2.75814982621755,1.3713241978464243,0.5430629830893954,18.22061462743281,18.779333292872696,8.690866009196155,1.185363196676196,1.5019164263028317,1.840040137178949,0.9518706493423483,0.5062553371003865,1.3398071675582934,0.2394562702373868,1.008962855911632,2.033118661345391,4.3,
GBM,0.7,20.0,0.05,20.0,clip,200.0,20500,1,2000,5000,20.0,1.1972216240109854,95,271,4,3,3.719419990155642,4.954927080837061,3.162448893111921,2.6187920610795197,37.15578262397315,50.29075846154096,33.499364064799586,34.18784101554873,1.803316316278597,2.3569126371553617,1.4239621069991362,0.8096966356912446,2.4080698688040765,2.7355003031458853,1.155180031157792,0.6144718216761694,18.22061462743281,18.324923510265567,5.367107955682469,3.2288617938587265,1.5019164263028317,1.842133060783983,0.9138113554237706,0.4646516308405862,0.5845861113847615,0.08138485105557382,0.9766641528646812,2.0323038786341034,4.4,
GBM,0.7,20.0,0.05,20.0,raw,0.0,21500,1,2000,5000,19.999999999999996,1.7607523883819804,100,242,0,0,3.482446608177669,4.639784083720086,3.0097275293484484,2.218724309273163,36.55282630591619,50.116065056904894,32.30682352756459,27.74705918239226,1.800430658860157,2.326782823629559,1.5196272284723855,0.9203096309850548,2.5159246236890476,2.9195510484685143,1.5549087837937874,0.5757260337541483,18.30419733424525,17.820294184338685,6.695853509921878,0.9816753844126259,1.7129061293732428,2.1616738229786905,1.2934315614896683,0.5550787569867353,1.0410998755778196,0.16245327340323462,1.1543311920181751,2.0020709780501043,4.5,
GBM,0.7,20.0,0.05,20.0,clip,200.0,21500,1,2000,5000,19.999999999999996,1.7607523883819804,100,242,5,2,3.482446608177669,4.598769677139821,2.99804935258815,2.3825892882123147,36.55282630591619,49.30919125809562,33.19654922762231,34.3679005800217,1.800430658860157,2.324721332753251,1.462102112201797,0.7557617697974625,2.5159246236890476,2.8653834423456153,1.3672290026590375,0.7263370014527253,18.30419733424525,16.68057887874153,3.8323614307041876,6.485549224632022,1.7129061293732428,2.1627190254461177,1.2418481603751101,0.43341363911363534,0.5376318569889802,0.09232094167232097,1.1192556687309314,1.166764488065986,4.4,
GBM,0.7,20.0,0.05,20.0,raw,0.0,22500,1,2000,5000,19.999999999999996,2.37528072237276,98,229,0,0,3.3537135578178017,4.516928437278148,8.278286022289546,2.537891393896976,35.93644034232291,49.24751228847072,118.43658270042285,27.239890291190992,1.7897973067904132,2.3699354165438993,2.990872494875476,1.3522368670723421,2.932841293723014,3.7649149975989924,8.042169850957128,1.3611857908748843,24.982979622427965,30.164844921971255,110.54848538019888,8.114020792252864,1.874471627557968,2.4977626285607935,3.1220385878683907,1.0370610339443544,14.740508850651072,0.13816025334961965,0.6772913410294941,4.801327040829707,3.4,
GBM,0.7,20.0,0.05,20.0,clip,200.0,22500,1,2000,5000,19.999999999999996,2.37528072237276,98,229,7,4,3.3537135578178017,4.502155591415063,2.9182337149990367,2.1371177405982342,35.93644034232291,48.85395064815317,32.46024631699804,29.835238516286644,1.7897973067904132,2.373343797662594,1.500266646070558,0.8076543874997969,2.932841293723014,3.7573635054098355,2.068726805273687,1.1211497144901565,24.982979622427965,29.724867031584505,11.93680250488621,9.090200679141901,1.874471627557968,2.5109668783936963,1.5950757184551443,0.7386486306701503,0.5512317012843487,0.10645217472250575,0.7412143106863088,2.0705868640245915,3.1,
GBM,0.7,20.0,0.05,20.0,raw,0.0,23500,1,2000,5000,20.0,1.1021969735403065,117,233,0,0,3.4860763079950665,4.652361701432745,3.39224993621349,2.3878052058544834,37.53538057948422,51.067936021021154,41.211710531651036,34.222913269771965,1.8218245993193858,2.383675144591104,1.543721654540122,0.8317783170580133,3.138947444280958,4.0816725226768815,2.716532287458599,1.3994808239656027,31.649286092802463,41.25693581919918,29.85988110169233,21.191938738113496,1.745427640398955,2.2646311238747634,1.3898278037756837,0.4320709867521646,0.24431149294629234,0.07844444652390412,0.8153516362150048,1.5350970757003581,3.0,
GBM,0.7,20.0,0.05,20.0,clip,200.0,23500,1,2000,5000,20.0,1.1021969735403065,117,233,5,2,3.4860763079950665,4.6519077672024,3.3926447498498287,2.2724664524052525,37.53538057948422,51.067936021021154,41.098958130866556,32.39392451470047,1.8218245993193858,2.383199023099239,1.5496468438760727,0.8001988357669505,3.138947444280958,4.081143871403778,2.7230500073703197,1.3465860347049559,31.649286092802463,41.25693581919918,29.861967365596023,19.54562754916356,1.745427640398955,2.2640766333428735,1.3965621230685388,0.4570587276210761,0.24875546279443628,0.1039905158102496,0.7940689616459605,0.9885086178651366,3.9,
GBM,0.7,20.0,0.05,20.0,raw,0.0,24500,1,2000,5000,20.0,1.8349991840701043,93,262,0,0,3.642193331995244,4.682722551017478,3.0526501411671414,2.1294850180228053,35.27371861144451,47.111141873187705,28.62206282522364,24.764009611072957,1.8930460919750445,2.3365330486095846,1.6387231417532955,0.8778502684704332,3.072160444859265,3.5260721704367044,2.0713147658319917,1.0635927789294886,25.31802682004403,27.773015857247724,13.945354176731675,8.530432616639315,1.8420175596126616,2.185274524606294,1.4147089562803423,0.6506945017070369,1.5099460168058072,0.16541763921665795,0.8706290877241398,1.1106236476095335,4.3,
GBM,0.7,20.0,0.05,20.0,clip,200.0,24500,1,2000,5000,20.0,1.8349991840701043,93,262,7,5,3.558117106103277,4.661829488536893,3.139285871026042,2.4179292328547892,35.27371861144451,46.748312423168755,32.11212525124814,28.79404301827564,1.804320653085253,2.334548245634075,1.5371575642260866,0.9593936035216818,2.986782172767407,3.503583708573325,2.0089458127392885,1.2393071452170075,25.31802682004403,27.419855385015843,13.764269215717997,10.78849243235571,1.7519180745009493,2.181071429293473,1.3589047127856326,0.7112601749277842,0.4823032055866973,0.10476655124592546,0.7499551011674681,0.5573215830690517,4.5,
GBM,0.7,20.0,0.05,20.0,raw,0.0,25500,1,2000,5000,19.999999999999996,1.3499728803809021,108,258,0,0,3.648919740294935,4.953775391181313,3.738868170567074,2.7171811218537436,37.30221213825873,52.74589864059919,43.65520007395487,37.291462330277675,1.8179308245052548,2.353529124131585,1.5671234149630981,0.8360835782490674,3.9059894293322897,5.467667279213077,4.075381325170041,2.932163806065957,44.331687135354244,66.21563412873165,56.91576398086559,48.48475673574048,1.7065313930282697,2.1625269487247185,1.2004722730465802,0.45376461250711503,0.17902997189437098,0.0630787704750255,1.6520122498255134,2.2438007442431855,4.3,
GBM,0.7,20.0,0.05,20.0,clip,200.0,25500,1,2000,5000,19.999999999999996,1.3499728803809021,108,258,3,1,3.648919740294935,5.029521990475074,3.484949323886948,2.726511311398653,37.30221213825873,54.061612313477404,39.58895757064097,37.4421460267128,1.8179308245052548,2.3618123103117257,1.5206232741900816,0.8377230877480735,3.9059894293322897,5.542860483284082,3.7230793722275646,2.9349656740203973,44.331687135354244,67.39552222687595,51.05325883097582,49.103026988780265,1.7065313930282697,2.1776165503767206,1.147966276412075,0.4230804316736986,0.28460804680923696,0.06312141316960193,1.6185376734340096,2.1643858313386457,4.9,
GBM,0.7,20.0,0.05,20.0,raw,0.0,26500,1,2000,5000,20.0,1.1852070689751983,105,261,0,0,3.523155814258808,7.2231213677036985,2.982627021357834,1.9787738544865832,35.26101847667145,47.89444398839314,29.745729343938205,23.018449631369094,1.7751958744213523,4.9831519218290525,1.5086515610933318,0.820015597941672,3.344555678830104,6.861160746256821,2.6262027261448906,1.7128561626095655,31.42195410605995,40.335731638226754,20.68605922488272,12.077013532813952,1.7981954784699028,5.017551756426867,1.6315577491095299,1.142051124917364,1.1692700954030233,0.19566781009345888,1.0917990222249792,1.3069376334574805,4.3,
GBM,0.7,20.0,0.05,20.0,clip,200.0,26500,1,2000,5000,20.0,1.1852070689751983,105,261,5,4,3.523155814258808,4.59704695425036,3.0300643039321917,2.2792499028034188,35.26101847667145,46.27369440223361,32.022387271483666,29.227793225964735,1.7751958744213523,2.3017093336714143,1.4333147165654614,0.7950612960625231,3.344555678830104,4.194919604271662,2.6669560426023726,2.088479633264093,31.42195410605995,38.025300367822624,22.897550401094083,19.72816671021629,1.7981954784699028,2.3317144176738984,1.5527578726158062,1.116975449452208,0.558169051238815,0.10590466207430378,1.0134769971850581,1.3069376305160207,4.6,
