dataset,model,arm,pretrain_seed,repeat,sd_shift_target,sd_shift,natural_shift,n_train,n_test,borders_in_data,xi_implied,xi_ratio,q50,q90,q99,q999,pb50,pb90,pb99,pb999,seconds,reason
freMTPL2sev,nanoTabPFN-A0B0-s92,A0B0,92,0,1.0,1.0,1.1348193864384903,200,1000,76,2.3606760959411446,2.1654765758617054,1144.5574518195501,3074.9675182917663,457354.07951914286,610233.6733268537,951.3747872267231,1380.445452100345,4545.160042929055,607.5906763541024,3.4,
freMTPL2sev,nanoTabPFN-A0B0-s92,A0B0,92,0,4.0,4.0,1.1348193864384903,200,1000,55,2.8946010138405462,2.6620857690412763,1150.683305118577,2649.1927040443425,1281822.7425052081,2382360.5848790416,950.8501466335225,2294.841777177901,13000.015270230831,2381.814744500104,0.1,
freMTPL2sev,nanoTabPFN-A0B0-s92,A0B0,92,0,20.0,19.999999999999996,1.1348193864384903,200,1000,16,1.0156513590320606,0.8366343740426088,1044.1790687078546,2536.2534795351094,19747.851355107043,10865512.260651797,970.1208353091553,1386.6728806821202,11973.794794105299,10895.239220235877,0.1,
freMTPL2sev,nanoTabPFN-A0B0-s92,A0B0,92,0,50.0,49.99999999999999,1.1348193864384903,200,1000,6,-0.1794100534095531,-0.09427847786254467,820.9417335801936,3945.9476088966912,7085.64989785439,24404988.611936845,1021.882937522159,1397.464000598528,14472.486436261983,24526.782563125354,0.1,
freMTPL2sev,nanoTabPFN-A0B0-s92,A0B0,92,1,1.0,1.0,1.1614900055184356,200,1000,70,2.5278424402032886,2.35473181282182,1098.9638033185167,3341.8912420688403,783903.1127545272,1079406.487177996,467.4469870799348,1157.3382245627129,7629.371968473418,1075.8420368650034,0.1,
freMTPL2sev,nanoTabPFN-A0B0-s92,A0B0,92,1,4.0,3.9999999999999996,1.1614900055184356,200,1000,54,2.96232397658503,2.7697173304757885,1246.627787504296,2879.78513749622,1899983.1129092656,4189326.5453843055,473.44694569076796,598.787490957234,18874.51271306556,4183.904778375906,0.1,
freMTPL2sev,nanoTabPFN-A0B0-s92,A0B0,92,1,20.0,19.999999999999996,1.1614900055184356,200,1000,17,1.022182125849155,0.8890813740360911,1212.4643466212056,3545.3318277685075,30961.319574291174,19042850.321774032,465.84013115671263,555.0144008435789,16890.631382558113,19049.57889962339,0.1,
freMTPL2sev,nanoTabPFN-A0B0-s92,A0B0,92,1,50.0,49.99999999999999,1.1614900055184356,200,1000,7,-0.11998913650247048,0.0043617062794114305,666.6363587131909,6108.455994957767,12276.436750849873,44370542.52734424,563.472397209812,694.5207509566114,23055.904765265528,44401.163322909495,0.1,
freMTPL2sev,nanoTabPFN-A0B0-s92,A0B0,92,2,1.0,1.0,1.1331926067717273,200,1000,76,2.398764736457299,2.1769538752138122,1113.0957979604796,2739.625116486486,420638.3996028349,544875.7397777662,671.0149399541766,908.5605018664833,4147.457526808154,542.466046634496,0.1,
freMTPL2sev,nanoTabPFN-A0B0-s92,A0B0,92,2,4.0,3.999999999999999,1.1331926067717273,200,1000,55,2.8685261036207956,2.643609684152446,1060.725287921915,2497.7875311806138,1210598.8570464433,2128866.292210038,680.9306519321428,1023.7353750485107,11976.964705728948,2125.749063389328,0.1,
freMTPL2sev,nanoTabPFN-A0B0-s92,A0B0,92,2,20.0,20.0,1.1331926067717273,200,1000,16,1.1016946760814985,0.9210421698305187,920.4845914526404,2277.246181597989,21462.757290093337,9816626.98640436,709.9169554838733,1368.0864041480324,12417.522317232202,9772.462357624427,0.1,
freMTPL2sev,nanoTabPFN-A0B0-s92,A0B0,92,2,50.0,50.00000000000001,1.1331926067717273,200,1000,6,-0.029838422740863395,0.024011085280575245,777.0724902239954,3599.1003765025425,7435.328479859712,22917577.15427971,742.6502946218802,2402.2866621338017,15416.940297375713,22675.966552528123,0.1,
freMTPL2sev,nanoTabPFN-A0B0-s92,A0B0,92,3,1.0,1.0,1.150142410703785,200,1000,76,2.3680454233260546,2.177276266859666,1128.1342751177187,3058.487123758343,466890.6110208521,618105.2616423131,801.4902094236652,1114.9319540501176,4633.460557934407,615.6786845390918,0.1,
freMTPL2sev,nanoTabPFN-A0B0-s92,A0B0,92,3,4.0,4.0,1.150142410703785,200,1000,55,2.899710472308939,2.6636735884734524,1176.953558510087,2726.0206807540485,1299039.8958509034,2411755.271677476,798.3472429594723,1195.9704741698965,12391.046100866804,2403.378840396814,0.1,
freMTPL2sev,nanoTabPFN-A0B0-s92,A0B0,92,3,20.0,20.0,1.150142410703785,200,1000,16,1.078863770547136,0.88718876582727,1081.3138649552857,2576.09143197767,22449.913480632124,11090053.099407163,809.9520584618897,1120.4810741427937,11787.508476375835,11043.39872185347,0.1,
freMTPL2sev,nanoTabPFN-A0B0-s92,A0B0,92,3,50.0,49.999999999999986,1.150142410703785,200,1000,7,-0.08638562939613331,-0.016556283550449677,815.5008113944696,3981.998609753776,7789.024823266862,25546133.925369143,867.0022452659264,1133.938008215865,13575.140654437007,25320.22847030533,0.1,
freMTPL2sev,nanoTabPFN-A0B0-s92,A0B0,92,4,1.0,1.0,1.1160776215424169,200,1000,76,2.1962342115292484,2.0758232475665177,1126.222313873936,4307.803450085981,522329.01309652656,673946.5610468853,925.9900532481794,1384.8315864115264,5485.433659512224,775.595002037511,0.1,
freMTPL2sev,nanoTabPFN-A0B0-s92,A0B0,92,4,4.0,4.0,1.1160776215424169,200,1000,54,2.7309402512361,2.5690460116342737,1150.037165692317,3469.3651755233855,1320500.5668599172,2614774.3862999864,922.7556255005699,1393.607972657014,12709.763114177029,2607.1083748500005,0.1,
freMTPL2sev,nanoTabPFN-A0B0-s92,A0B0,92,4,20.0,19.999999999999996,1.1160776215424169,200,1000,15,1.1423475067872246,0.9993641834802242,1035.4180533258486,3032.672886598093,33498.37772765409,12229269.93402572,940.4553183129119,1351.195351922235,14494.555885695248,12199.651728337843,0.1,
freMTPL2sev,nanoTabPFN-A0B0-s92,A0B0,92,4,50.0,50.0,1.1160776215424169,200,1000,6,-0.14386496109143165,-0.06597640954434048,890.5458542342694,4342.7907880569965,8077.136300182083,27557870.431823637,972.3165377284213,1388.4548666746837,13871.012954153679,27340.414282256872,0.1,
freMTPL2sev,nanoTabPFN-A0B0-s92,A0B0,92,5,1.0,1.0,1.1035653784113189,200,1000,80,2.222576657473511,2.047649099068075,1153.9302041912256,3343.094383170308,377230.1597473382,489197.77483896725,797.382264501676,1123.1850641592346,3717.49335519009,486.5519151052333,0.1,
freMTPL2sev,nanoTabPFN-A0B0-s92,A0B0,92,5,4.0,3.9999999999999996,1.1035653784113189,200,1000,54,2.667249016507413,2.487145052202975,1098.6033336003625,2873.344577452922,973059.9472490146,1899510.958438382,804.5315736275979,1474.6500459227714,9378.235775444862,1891.1138418269536,0.1,
freMTPL2sev,nanoTabPFN-A0B0-s92,A0B0,92,5,20.0,20.0,1.1035653784113189,200,1000,14,1.0403940654017039,0.8767906909987849,949.6987855932957,2484.11295264526,21799.272269120618,8863507.054429155,834.9759767531979,1129.2278296212844,12130.309585187857,8834.03976799885,0.1,
freMTPL2sev,nanoTabPFN-A0B0-s92,A0B0,92,5,50.0,50.00000000000001,1.1035653784113189,200,1000,6,-0.18607652742617323,-0.13094033217777878,902.3774653096525,3430.904798331894,5927.799767448476,19878222.033868566,847.0108897598705,1130.1397064344853,11457.839685493533,19740.971200094304,0.1,
freMTPL2sev,nanoTabPFN-A0B0-s92,A0B0,92,6,1.0,1.0,1.1854456215092428,200,1000,76,2.218163383426618,2.0950205902462886,1136.8953364515414,4347.751061503985,550234.483013611,701679.1677691119,756.5719786495257,1031.473747491005,5457.347576786546,699.2312248964673,0.1,
freMTPL2sev,nanoTabPFN-A0B0-s92,A0B0,92,6,4.0,4.0,1.1854456215092428,200,1000,56,2.743647864977133,2.579472263331672,1195.4081279205739,3569.0223890748834,1391880.356233269,2721521.4150248407,755.8809903345539,1015.1031308525528,13679.277055413115,2717.061526103375,0.1,
freMTPL2sev,nanoTabPFN-A0B0-s92,A0B0,92,6,20.0,19.999999999999996,1.1854456215092428,200,1000,18,1.0727833384356082,0.9290094231261193,1052.0653516201664,3097.1229390261456,29482.241365765472,12682491.416042637,770.7951698323958,1006.0876697752263,17022.152132517487,12654.656691442677,0.1,
freMTPL2sev,nanoTabPFN-A0B0-s92,A0B0,92,6,50.0,50.0,1.1854456215092428,200,1000,7,-0.18173043612977774,-0.10039720615015708,969.3520382563656,4523.288260195373,8081.209842451672,28699322.701813225,788.664140665244,1031.433883109419,17498.174573627788,28492.616665040216,0.1,
freMTPL2sev,nanoTabPFN-A0B0-s92,A0B0,92,7,1.0,1.0,1.19414259733653,200,1000,76,2.2641610232545175,2.1139132018038307,1178.5122333982563,3929.8691351139555,519819.62832588074,670126.8865598668,1085.5092025367817,1674.0658548135884,5093.767761353469,666.495244489328,0.1,
freMTPL2sev,nanoTabPFN-A0B0-s92,A0B0,92,7,4.0,4.0,1.19414259733653,200,1000,56,2.7795819285950563,2.578808857223961,1233.7679160879413,3244.285182396398,1286746.1338866027,2597088.78511311,1093.5276266886335,2082.4390968406246,12784.333958782385,2593.4002101962674,0.1,
freMTPL2sev,nanoTabPFN-A0B0-s92,A0B0,92,7,20.0,20.0,1.19414259733653,200,1000,18,1.0616180400623612,0.8986098073220149,1102.5675265719683,2878.733318648593,25917.324731881163,12067171.152440522,1093.4310510335677,2107.7797696038865,17184.75442804339,12075.797705534493,0.1,
freMTPL2sev,nanoTabPFN-A0B0-s92,A0B0,92,7,50.0,50.0,1.19414259733653,200,1000,7,-0.07866299157363167,-0.01867092646521031,952.158573632415,4340.320541422911,8489.065487684522,28040658.89087645,1120.3498403377407,3108.988342725097,24947.622389357854,28057.010615251318,0.1,
freMTPL2sev,nanoTabPFN-A0B0-s92,A0B0,92,8,1.0,1.0,1.136106439030618,200,1000,85,2.106266073237608,1.9115730865383112,1182.506706185001,3041.0985982268194,253813.64282828115,395582.3577356349,614.9000704916226,788.7897338520056,2526.2505659464045,393.70066006661557,0.1,
freMTPL2sev,nanoTabPFN-A0B0-s92,A0B0,92,8,4.0,4.0,1.136106439030618,200,1000,58,2.645394301714001,2.443170610490688,1170.213792292046,2962.8298975127404,841330.3216128193,1561202.7290559143,614.9009018701555,823.2269583497471,8358.676001349073,1558.894850471507,0.1,
freMTPL2sev,nanoTabPFN-A0B0-s92,A0B0,92,8,20.0,19.999999999999996,1.136106439030618,200,1000,17,1.9049045314932986,1.7043598804466005,1141.9100764921602,2898.1402162061654,148334.45695742956,7394747.707253782,617.0600116424084,787.5567888006644,11830.516192888823,7371.046636314175,0.1,
freMTPL2sev,nanoTabPFN-A0B0-s92,A0B0,92,8,50.0,49.999999999999986,1.136106439030618,200,1000,6,-0.05925483815506823,-0.060875616027882835,1008.770160613557,3148.209371189858,5886.405288903328,16763555.989170574,640.9543513434757,789.4321443963643,8990.735806607207,16571.747370305835,0.1,
freMTPL2sev,nanoTabPFN-A0B0-s92,A0B0,92,9,1.0,1.0,1.1234946508703478,200,1000,81,2.2018321654713215,2.0183302718530665,1161.3360350686992,3207.664842634725,339997.0526390901,457901.7450635672,616.5606949415312,775.4268800939408,3391.5352632928143,456.07446872974026,0.1,
freMTPL2sev,nanoTabPFN-A0B0-s92,A0B0,92,9,4.0,4.0,1.1234946508703478,200,1000,56,2.7384265520380757,2.540933013219414,1111.9273638367622,2815.400532795049,1015500.3301808132,1793569.4227758332,621.2552847359018,999.9986597307469,10002.756919773545,1790.2938164963807,0.1,
freMTPL2sev,nanoTabPFN-A0B0-s92,A0B0,92,9,20.0,20.0,1.1234946508703478,200,1000,15,1.2711511795908557,1.0991389411337933,986.4943392118375,2601.575742876798,35260.29882494795,8375527.253232958,643.7687418717271,781.005624713491,11422.452557996516,8359.099824591018,0.1,
freMTPL2sev,nanoTabPFN-A0B0-s92,A0B0,92,9,50.0,50.0,1.1234946508703478,200,1000,6,-0.16632181684335856,-0.1253158831689499,911.2758528866257,3287.0177731128797,5764.199310644322,18693624.16656179,658.75686455477,777.945247567163,10478.993678795861,18553.429054924636,0.1,
freMTPL2sev,nanoTabPFN-A0B0-s92,A0B0,92,10,1.0,1.0,1.147356649420444,200,1000,76,2.2261554373821073,2.102007717875264,1131.503529771,4270.022123027926,546993.8883801047,725774.581416721,561.4745622944569,984.025029321132,5452.168073859715,723.9172802330312,0.1,
freMTPL2sev,nanoTabPFN-A0B0-s92,A0B0,92,10,4.0,4.000000000000001,1.147356649420444,200,1000,55,2.6231361688703774,2.4533160810122308,1189.2612202483074,3466.443197519323,1221017.6066545644,2802008.7604515613,560.902532725397,2968.559948228406,12815.978018630634,2802.7353681627874,0.1,
freMTPL2sev,nanoTabPFN-A0B0-s92,A0B0,92,10,20.0,20.0,1.147356649420444,200,1000,16,1.0256756923850319,0.8999194609166561,1038.091846704186,3119.769385830976,28145.89677635821,13113350.742029954,579.8510150083725,1009.0573947179047,19109.70101099062,13105.464097453741,0.1,
freMTPL2sev,nanoTabPFN-A0B0-s92,A0B0,92,10,50.0,49.999999999999986,1.147356649420444,200,1000,7,-0.18587706785440689,-0.09873880397056696,949.5007683725171,4687.276923754063,8371.375599895964,29606121.90001751,601.1125506859366,782.1470495442401,17950.465028265982,29474.30372291433,0.1,
freMTPL2sev,nanoTabPFN-A0B0-s92,A0B0,92,11,1.0,1.0,1.164783103496827,200,1000,81,2.27590251671076,2.082352076927205,1198.548186484028,3254.539827604303,400571.6515869484,514654.33708313364,714.7775168614684,945.4322827966209,3989.999914902411,512.5779595077013,0.1,
freMTPL2sev,nanoTabPFN-A0B0-s92,A0B0,92,11,4.0,3.999999999999999,1.164783103496827,200,1000,58,2.692632153998994,2.5188272089193764,1215.6200390656195,3398.4377925392982,1176224.0988837034,2011973.398718478,718.1997550911095,1054.5333368158774,11491.326963591358,2007.3386093664426,0.1,
freMTPL2sev,nanoTabPFN-A0B0-s92,A0B0,92,11,20.0,20.000000000000004,1.164783103496827,200,1000,17,1.1859959232400874,1.018247966980536,1080.982014933211,2787.497264267555,32075.933637411596,9363420.636236476,723.3951526742993,951.1116595072863,12735.890045917391,9345.490909375903,0.1,
freMTPL2sev,nanoTabPFN-A0B0-s92,A0B0,92,11,50.0,49.99999999999999,1.164783103496827,200,1000,7,-0.17488497503809625,-0.1362691713165294,1048.0652329867671,3717.4992013454075,6415.7137367636005,21011980.713182665,728.9925241137238,951.1288415762049,11679.65806215447,20899.988324740316,0.1,
freMTPL2sev,nanoTabPFN-A0B0-s92,A0B0,92,12,1.0,1.0,1.175978266476459,200,1000,73,2.2765006776794054,2.159817480091278,1088.4145763489773,4316.618226784464,642770.2923235182,842172.603942102,1218.454300036372,1968.8136336166601,6958.312869689029,1286.934089198769,0.1,
freMTPL2sev,nanoTabPFN-A0B0-s92,A0B0,92,12,4.0,4.0,1.175978266476459,200,1000,55,2.8001227290470214,2.641414425956138,1239.8406271042309,3755.854640812965,1781739.4741385365,3285370.251362385,1224.8748734727737,2117.7931444382825,16628.969465224745,3268.941778833473,0.1,
freMTPL2sev,nanoTabPFN-A0B0-s92,A0B0,92,12,20.0,20.000000000000004,1.175978266476459,200,1000,17,0.9463103688645811,0.8217249858422281,1069.7731150648247,3149.409305004776,23984.62462992369,14917229.680898692,1221.720855512117,1879.6203070708214,13806.697448917848,14862.39333131395,0.1,
freMTPL2sev,nanoTabPFN-A0B0-s92,A0B0,92,12,50.0,50.00000000000001,1.175978266476459,200,1000,7,-0.15934432275229823,-0.060288050951439916,875.9365819364284,5046.11899360124,9421.611754040443,34747125.36843555,1257.4052197436706,1960.180243897445,17166.50729623922,34425.66960113707,0.1,
freMTPL2sev,nanoTabPFN-A0B0-s92,A0B0,92,13,1.0,1.0,1.1786751521777412,200,1000,75,2.2421641958111285,2.1018702732835433,1090.460771486625,3567.409526528089,501229.8191439524,678852.1999933368,865.3485348617262,2046.9610899742786,4803.123690578623,674.5810201092509,0.1,
freMTPL2sev,nanoTabPFN-A0B0-s92,A0B0,92,13,4.0,4.0,1.1786751521777412,200,1000,56,2.7431807090129827,2.5514297075131935,1165.972487825134,2926.6921813764457,1269402.5858779731,2637919.675585891,859.2111152393035,3107.032663602287,11935.745112145933,2616.9916222801558,0.1,
freMTPL2sev,nanoTabPFN-A0B0-s92,A0B0,92,13,20.0,19.999999999999996,1.1786751521777412,200,1000,17,0.9950534145100594,0.8468314095471825,1003.7800625395266,2702.2233714680474,21733.19308308496,12164605.2745516,879.8298728083817,1190.1375595386676,15606.562626176908,12089.805616061489,0.1,
freMTPL2sev,nanoTabPFN-A0B0-s92,A0B0,92,13,50.0,50.0,1.1786751521777412,200,1000,7,-0.07546431141201869,-0.0013016575813990237,812.7717871132863,4199.402916499126,8377.546937205138,28595846.872051448,920.0368001596937,1182.2989820751582,19417.7221950904,28367.15763509379,0.1,
freMTPL2sev,nanoTabPFN-A0B0-s92,A0B0,92,14,1.0,1.0,1.1965429575690185,200,1000,80,2.2462427496456243,2.0506500353544186,1147.9469003498434,3004.2059006862555,345734.98501539987,477575.14139633765,585.6028812201431,728.7579995835505,3423.5209486373556,475.56147865073416,0.1,
freMTPL2sev,nanoTabPFN-A0B0-s92,A0B0,92,14,4.0,3.9999999999999996,1.1965429575690185,200,1000,57,2.8118216839770014,2.5743066272130126,1137.2208651654782,2610.169392639579,1029834.6742136243,1871412.4775170046,585.9206966696352,1261.4876180995154,10301.5583367074,1869.736877849943,0.1,
freMTPL2sev,nanoTabPFN-A0B0-s92,A0B0,92,14,20.0,19.999999999999996,1.1965429575690185,200,1000,18,1.314591624157334,1.1228678864037784,995.9585344216787,2411.67989497905,34456.79855266455,8750198.88601615,609.5296775591025,742.4272525917816,14380.299911862428,8749.802407918914,0.1,
freMTPL2sev,nanoTabPFN-A0B0-s92,A0B0,92,14,50.0,50.00000000000001,1.1965429575690185,200,1000,7,-0.15306830744909802,-0.11135703780291138,918.6502510199184,3355.0557016801486,5946.420720934304,19967724.166176006,624.7033193072172,727.9689527817562,16171.640089532133,19881.66100407131,0.1,
freMTPL2sev,nanoTabPFN-A0B0-s92,A0B0,92,15,1.0,1.0,1.1573767754633546,200,1000,81,2.29438322982991,2.03349386431576,1160.2606113888048,2507.0798594461553,273234.7915965278,394790.3141529034,651.6569957706173,848.6953383912507,2683.707413015426,392.5071456987468,0.1,
freMTPL2sev,nanoTabPFN-A0B0-s92,A0B0,92,15,4.0,4.000000000000001,1.1573767754633546,200,1000,57,2.820338370393413,2.548152491595527,1083.414220927129,2113.304000923521,778143.8808105337,1544473.607734962,661.5692202377417,886.6848971892684,7643.484525405061,1541.0358574138552,0.1,
freMTPL2sev,nanoTabPFN-A0B0-s92,A0B0,92,15,20.0,20.000000000000004,1.1573767754633546,200,1000,17,1.1595340801010325,0.945529094081434,944.7477232609874,2112.3036976042386,20780.777609599383,7238295.447198782,688.1154599439877,864.0583947928503,10594.735248327504,7226.309037885125,0.1,
freMTPL2sev,nanoTabPFN-A0B0-s92,A0B0,92,15,50.0,49.99999999999999,1.1573767754633546,200,1000,7,-0.0993141863280863,-0.07217140374029986,806.9772273822059,2825.294214795086,5178.935823614991,16461742.296094017,718.5754411267113,845.8974264870483,11856.38473385335,16412.674776146145,0.1,
freMTPL2sev,nanoTabPFN-A0B0-s92,A0B0,92,16,1.0,1.0,1.137168524824101,200,1000,73,2.473903628382397,2.274934152674593,1059.7725900839223,2842.3880313277605,579901.7981855661,758510.6332613272,1815.214500099477,3268.417126369677,7124.219007539514,1934.0481733706874,0.1,
freMTPL2sev,nanoTabPFN-A0B0-s92,A0B0,92,16,4.0,4.0,1.137168524824101,200,1000,54,2.830556796312805,2.618500482400292,1130.4201005468367,2793.941218779386,1480949.4494736032,2946151.905976268,1801.476195379375,5650.979175362438,14285.465286838129,2933.6444096799437,0.1,
freMTPL2sev,nanoTabPFN-A0B0-s92,A0B0,92,16,20.0,20.000000000000004,1.137168524824101,200,1000,16,1.0329938066595004,0.8936680442158272,960.0694148699226,2687.2189854071385,23617.089098939647,13512863.625078794,1832.6786345551777,2982.8121842476485,15177.252430667168,13434.206775869225,0.1,
freMTPL2sev,nanoTabPFN-A0B0-s92,A0B0,92,16,50.0,50.0,1.137168524824101,200,1000,6,-0.058658518793928034,0.031241654677125474,730.8796615345191,4642.852940754885,9635.963197331812,31517311.18626198,1886.046094002555,3015.9903551065186,22684.923460634513,31202.693423847384,0.1,
freMTPL2sev,nanoTabPFN-A0B0-s92,A0B0,92,17,1.0,1.0,1.079374777864354,200,1000,79,2.3078895607466987,2.102686582836835,1130.3374075342049,2907.964850316102,383292.1984432229,504847.3578685265,524.2397789172632,621.5627808591295,3808.531008608776,503.05584133939175,0.1,
freMTPL2sev,nanoTabPFN-A0B0-s92,A0B0,92,17,4.0,3.9999999999999996,1.079374777864354,200,1000,51,2.855557041384386,2.6223102797284636,1072.4369220112158,2424.970928741165,1072662.020367247,1969782.3796359212,533.6440433250212,685.3598638013588,10737.923996371825,1968.3425511241444,0.1,
freMTPL2sev,nanoTabPFN-A0B0-s92,A0B0,92,17,20.0,20.0,1.079374777864354,200,1000,13,1.1147027830676735,0.9231431477218315,985.042287230639,2331.4041286714737,22256.824482665146,9124092.878722135,551.3710208831425,661.3742574149177,9152.56684261671,9103.95016631186,0.1,
freMTPL2sev,nanoTabPFN-A0B0-s92,A0B0,92,17,50.0,50.000000000000014,1.079374777864354,200,1000,5,-0.06955470288679222,-0.024931193055485447,849.3788363545805,3545.6920919667627,6895.593273890504,20875502.666451618,576.534919314004,631.4530946866873,9235.316678797859,20701.444572905908,0.1,
freMTPL2sev,nanoTabPFN-A0B0-s92,A0B0,92,18,1.0,1.0,1.1977691152122871,200,1000,78,2.175684160966875,2.022552664013476,1147.4755182558888,3835.4562241086073,428080.8313407231,553288.7329574954,943.7796609569928,1352.4937042465747,4150.316773664634,549.6457210212162,0.1,
freMTPL2sev,nanoTabPFN-A0B0-s92,A0B0,92,18,4.0,4.0,1.1977691152122871,200,1000,57,2.69321615117111,2.531387757434403,1111.122298309942,3079.6051418154193,1141240.991609142,2152296.2934577744,947.9575056659978,1501.232853396145,10845.389753801599,2143.618198719589,0.1,
freMTPL2sev,nanoTabPFN-A0B0-s92,A0B0,92,18,20.0,20.0,1.1977691152122871,200,1000,18,1.4307717491050072,1.257327052796645,974.5575145032931,2643.664135255396,50025.80754841222,10106481.762309276,975.9066826676434,1363.4073602932901,15309.045011163606,10064.45992704572,0.1,
freMTPL2sev,nanoTabPFN-A0B0-s92,A0B0,92,18,50.0,49.99999999999999,1.1977691152122871,200,1000,7,-0.08967506419561956,-0.04114263396116557,905.4407404374256,3739.3839904995834,7137.916392958118,23196340.985794168,991.670738772634,1363.453898249601,16324.630208086412,22872.26318958838,0.1,
freMTPL2sev,nanoTabPFN-A0B0-s92,A0B0,92,19,1.0,1.0,1.1486175839016612,200,1000,82,2.335118030869024,2.040442989355847,1156.1569027301528,2275.090333894187,261024.23522999987,399650.68659225944,1127.78157646233,1723.426428798109,2614.8925867505304,396.502067766995,0.1,
freMTPL2sev,nanoTabPFN-A0B0-s92,A0B0,92,19,4.0,4.0,1.1486175839016612,200,1000,57,2.882296955957887,2.579563795562558,1079.1367991348297,1994.5295261925944,837697.1019057941,1574725.9031349574,1138.5486419630795,2035.6524126500847,8326.375509345111,1571.5109811485843,0.1,
freMTPL2sev,nanoTabPFN-A0B0-s92,A0B0,92,19,20.0,20.0,1.1486175839016612,200,1000,17,1.0375138493908806,0.8152120594303109,960.07108351704,2072.0804723441142,15586.928108272228,7266213.650786722,1164.7598994927123,1705.2009928856567,8758.808340574205,7273.293059040844,0.1,
freMTPL2sev,nanoTabPFN-A0B0-s92,A0B0,92,19,50.0,49.99999999999999,1.1486175839016612,200,1000,7,-0.07919837408534552,-0.054309804415779254,819.2544039971435,2905.0645262347307,5447.817151720158,16624019.185740134,1197.6171011458596,1660.7781805167408,10846.120741340083,16644.041378777925,0.1,
freMTPL2sev,nanoTabPFN-A1B0-s92,A1B0,92,0,1.0,1.0,1.1348193864384903,200,1000,76,2.0253243701424677,1.947301861141944,1168.4870482547965,6117.012965454821,548061.979217934,619303.3562860863,950.0131975003532,1512.973677767543,5448.278608341933,616.6217321781564,0.1,
freMTPL2sev,nanoTabPFN-A1B0-s92,A1B0,92,0,4.0,4.0,1.1348193864384903,200,1000,55,0.2705847036772964,0.191067849025102,1135.2987800734659,3098.7458573597733,7910.445265597934,1710075.4274294446,952.1649299397516,1380.7512204996688,1118.33616892708,1620.8172576125269,0.1,
freMTPL2sev,nanoTabPFN-A1B0-s92,A1B0,92,0,20.0,19.999999999999996,1.1348193864384903,200,1000,16,0.6083023178429213,0.4944824604789642,1067.298198824929,2951.8390602669215,12198.991222962608,45909.80637131281,962.8599920347602,1380.4797525430504,1080.6672871900162,948.6070329205816,0.1,
freMTPL2sev,nanoTabPFN-A1B0-s92,A1B0,92,0,50.0,49.99999999999999,1.1348193864384903,200,1000,6,0.5627034860859564,0.510918354331099,924.5648606778577,3641.0244201138235,15358.364948510807,58484.07184389004,989.9567980096904,1387.0528949386185,1076.8519196904833,760.849813352078,0.1,
freMTPL2sev,nanoTabPFN-A1B0-s92,A1B0,92,1,1.0,1.0,1.1614900055184356,200,1000,70,2.1821098584519256,2.1220863464082393,1017.1285868307903,6848.639047936597,915135.5795500518,1092526.6342404871,484.85935877404825,749.3190150853338,8949.916345530833,1089.0472783120117,0.1,
freMTPL2sev,nanoTabPFN-A1B0-s92,A1B0,92,1,4.0,3.9999999999999996,1.1614900055184356,200,1000,54,0.34844816655518457,0.29446800254364996,1043.8585789068095,3528.3555000580354,10564.04096516728,2284850.530913544,477.6577548983334,555.3871432978548,626.0169597907493,1938.5154351488181,0.1,
freMTPL2sev,nanoTabPFN-A1B0-s92,A1B0,92,1,20.0,19.999999999999996,1.1614900055184356,200,1000,17,0.7758549601392607,0.5988641440395764,1498.7064710934224,3698.325244517716,18387.342683671955,82959.43784467937,540.6692578575271,558.6102036719152,257.0603252849194,532.5811922250512,0.1,
freMTPL2sev,nanoTabPFN-A1B0-s92,A1B0,92,1,50.0,49.99999999999999,1.1614900055184356,200,1000,7,0.6297492305330202,0.6200155375170926,724.8598155605268,3828.3959245637016,20532.173622984497,97678.09596046146,543.4688394533275,581.7252086237175,269.28078392854087,99.38631543455456,0.1,
freMTPL2sev,nanoTabPFN-A1B0-s92,A1B0,92,2,1.0,1.0,1.1331926067717273,200,1000,76,2.158331190693301,2.0328884934731226,1173.5360019881339,4340.636602877433,473123.8823394236,550123.3736423859,666.6935593382642,955.4383159417545,4698.126698338369,547.9727151867581,0.1,
freMTPL2sev,nanoTabPFN-A1B0-s92,A1B0,92,2,4.0,3.999999999999999,1.1331926067717273,200,1000,55,0.4378244672633373,0.2820667450683568,948.7829015935715,2268.633295243081,6426.046721664134,1357851.9563258511,703.9247719524744,907.4389248923688,667.5523070709356,1242.4835757987137,0.1,
freMTPL2sev,nanoTabPFN-A1B0-s92,A1B0,92,2,20.0,20.0,1.1331926067717273,200,1000,16,0.5754243673118904,0.47530885602603085,917.5707240463926,2640.4292428870253,10582.78631481941,41329.444375197025,709.0097215769391,895.8090681728002,604.4532085900219,317.2608255277951,0.1,
freMTPL2sev,nanoTabPFN-A1B0-s92,A1B0,92,2,50.0,50.00000000000001,1.1331926067717273,200,1000,6,0.5673095356550427,0.5129593086578601,855.8709494916052,3408.3879514201917,14198.06035647549,54292.70998299892,719.6954829702394,912.3139827036694,588.9490374106297,267.4270067459358,0.1,
freMTPL2sev,nanoTabPFN-A1B0-s92,A1B0,92,3,1.0,1.0,1.150142410703785,200,1000,76,2.066371320825827,1.980248506231516,1161.2096565567574,5704.141289170449,550369.5251678238,626453.0937205082,798.8975708730849,1217.1245642250772,5476.983542553298,624.1137991877002,0.1,
freMTPL2sev,nanoTabPFN-A1B0-s92,A1B0,92,3,4.0,4.0,1.150142410703785,200,1000,55,0.17933452878214223,0.10177265885152703,1122.1719502394915,2992.49057727965,6739.15789422555,1269305.6952633704,802.448641094015,1113.680734858546,868.941344346706,1194.8192818135349,0.1,
freMTPL2sev,nanoTabPFN-A1B0-s92,A1B0,92,3,20.0,20.0,1.150142410703785,200,1000,16,0.5454749201880825,0.44614823474470117,1084.0394358876683,3109.0539560548777,11796.024077745093,44148.164634234316,808.9285673002086,1109.7029945805575,786.6065401396662,594.7660234906831,0.1,
freMTPL2sev,nanoTabPFN-A1B0-s92,A1B0,92,3,50.0,49.999999999999986,1.150142410703785,200,1000,7,0.5585269830611854,0.5193231933355055,925.0480516496355,3749.5649652401817,16104.11936643386,61159.9740246489,840.8038625222792,1115.9559523305088,777.7018215713198,500.57410208148866,0.1,
freMTPL2sev,nanoTabPFN-A1B0-s92,A1B0,92,4,1.0,1.0,1.1160776215424169,200,1000,76,1.9979529745114715,1.9376158695522472,1072.849487987622,6902.790830473783,604544.3768010028,682167.6639432788,935.0630288920149,1642.1595134243187,6196.025202259335,773.0311760289427,0.1,
freMTPL2sev,nanoTabPFN-A1B0-s92,A1B0,92,4,4.0,4.0,1.1160776215424169,200,1000,54,0.26897317606637094,0.20617662369292528,1029.5003172289842,3088.5479202220786,8035.449892078943,1608078.563604379,941.7927041357059,1341.6407326435728,1121.9507772239638,1480.861827072253,0.1,
freMTPL2sev,nanoTabPFN-A1B0-s92,A1B0,92,4,20.0,19.999999999999996,1.1160776215424169,200,1000,15,0.6168767575527396,0.53575716735636,1012.337253510947,3233.5530133568573,14216.15413593857,55884.09012255797,944.9016399193572,1346.1194402131468,1091.9082910696425,1098.1208437414332,0.1,
freMTPL2sev,nanoTabPFN-A1B0-s92,A1B0,92,4,50.0,50.0,1.1160776215424169,200,1000,6,0.5681220289084087,0.5216727942472844,982.5489596751677,3903.0098916283982,16543.241892619735,62925.793395969784,946.1752202991499,1370.7359057804151,1088.5979529212993,789.0406862945398,0.1,
freMTPL2sev,nanoTabPFN-A1B0-s92,A1B0,92,5,1.0,1.0,1.1035653784113189,200,1000,80,1.9681034898818923,1.8823588396436346,1175.3404888583675,5730.609373957778,443195.2612015237,495792.89397057425,796.6116204342379,2022.99902704375,4381.118796350701,493.18810515801755,0.1,
freMTPL2sev,nanoTabPFN-A1B0-s92,A1B0,92,5,4.0,3.9999999999999996,1.1035653784113189,200,1000,54,0.3411026558160765,0.23705872737946496,1021.740823981319,2659.7236237191623,7240.551797694321,1419277.837301298,820.5256310935694,1125.265025720321,851.0743397428147,1227.870711776272,0.1,
freMTPL2sev,nanoTabPFN-A1B0-s92,A1B0,92,5,20.0,20.0,1.1035653784113189,200,1000,14,0.44688863564285897,0.3659544211299341,966.8273744814187,2864.7052766627676,9525.004073146785,25472.2613326364,830.2927532384775,1124.7575107320013,775.1786869135545,750.1279627070404,0.1,
freMTPL2sev,nanoTabPFN-A1B0-s92,A1B0,92,5,50.0,50.00000000000001,1.1035653784113189,200,1000,6,0.49581441854314834,0.42667824304495805,1041.8420701027417,3585.7255415539375,13144.703213332315,48381.259394551635,819.6700917578042,1132.719427765357,748.8562141264993,424.38287309989715,0.1,
freMTPL2sev,nanoTabPFN-A1B0-s92,A1B0,92,6,1.0,1.0,1.1854456215092428,200,1000,76,1.9836309255015219,1.9320002755136654,1023.8960569463952,7310.802176722129,632511.6067934912,709907.7281595629,776.9463383864916,1443.0021659422748,6291.205300532888,707.5697005949903,0.1,
freMTPL2sev,nanoTabPFN-A1B0-s92,A1B0,92,6,4.0,4.0,1.1854456215092428,200,1000,56,0.27205264280289404,0.2170217056055114,1058.5587845948032,3223.928266315914,8535.81550994243,1797954.221302827,769.1342747183952,1001.9697219075638,700.1145559617055,1700.7981392154936,0.1,
freMTPL2sev,nanoTabPFN-A1B0-s92,A1B0,92,6,20.0,19.999999999999996,1.1854456215092428,200,1000,18,0.5960286903795923,0.5305291095505481,1058.7750524455887,3627.461443194872,15960.136625904437,63516.28336660218,769.1630898434762,1005.9183838246746,636.780300200697,521.3804394514348,0.1,
freMTPL2sev,nanoTabPFN-A1B0-s92,A1B0,92,6,50.0,50.0,1.1854456215092428,200,1000,7,0.5242072171586847,0.49124373389627163,1078.285376394765,4554.074389935549,18522.328565927084,72368.00603659671,770.3393544614752,1031.1153534220773,639.8841298005174,267.47836730382267,0.1,
freMTPL2sev,nanoTabPFN-A1B0-s92,A1B0,92,7,1.0,1.0,1.19414259733653,200,1000,76,1.9863711415088199,1.9204906460917741,1204.7394578290755,7192.342611349601,606295.3671682221,678774.5888190337,1087.322875362512,2091.702206505108,6038.299991482451,675.940427089348,0.1,
freMTPL2sev,nanoTabPFN-A1B0-s92,A1B0,92,7,4.0,4.0,1.19414259733653,200,1000,56,0.19958510252687123,0.13445972765796504,1196.2081153553395,3356.3892686354857,7884.209428192276,1623214.8275391627,1087.0775127134455,1650.8468937444175,1435.201604709989,1577.284983948593,0.1,
freMTPL2sev,nanoTabPFN-A1B0-s92,A1B0,92,7,20.0,20.0,1.19414259733653,200,1000,18,0.530073836962726,0.44473842329028485,1158.548183518777,3511.7699946587554,13233.978307241505,50309.67190089273,1085.7618168907522,1653.9666093024962,1353.9575063314055,895.0959515235445,0.1,
freMTPL2sev,nanoTabPFN-A1B0-s92,A1B0,92,7,50.0,50.0,1.19414259733653,200,1000,7,0.5158994403646657,0.4763551039230076,1029.2470437078555,4114.352008492075,16711.944987272847,64951.08648450117,1104.057359186574,1671.8953256797959,1317.6851686000298,746.8036409871328,0.1,
freMTPL2sev,nanoTabPFN-A1B0-s92,A1B0,92,8,1.0,1.0,1.136106439030618,200,1000,85,2.0118509254129417,1.8858927783863006,1209.4411232791872,4410.963981288187,343677.9957205345,404567.8572044674,616.5455114071007,816.7779261824263,3398.33349522477,402.42144414161106,0.1,
freMTPL2sev,nanoTabPFN-A1B0-s92,A1B0,92,8,4.0,4.0,1.136106439030618,200,1000,58,0.2559106802403847,0.13474500803212788,1164.9127133903144,2753.945472910087,6479.9564497311385,1183333.709981579,615.7956120329422,789.1705653142612,503.62440163577423,1155.8524805201757,0.1,
freMTPL2sev,nanoTabPFN-A1B0-s92,A1B0,92,8,20.0,19.999999999999996,1.136106439030618,200,1000,17,0.23951381837583421,0.17140155147487973,1147.6644934415801,3253.192180121361,8062.249616795028,17174.607717376748,617.383203105883,791.6087046361429,449.6219843529776,200.24933831705195,0.1,
freMTPL2sev,nanoTabPFN-A1B0-s92,A1B0,92,8,50.0,49.999999999999986,1.136106439030618,200,1000,6,0.3921551248345127,0.3204287833606735,1235.94460163763,3771.858945628781,11775.583077110474,39670.216733774796,627.0626883635053,801.7666821988394,378.91735146141633,75.95244820553388,0.1,
freMTPL2sev,nanoTabPFN-A1B0-s92,A1B0,92,9,1.0,1.0,1.1234946508703478,200,1000,81,1.9949762354821046,1.8944590729675324,1194.132641216203,5177.742251293192,410995.16340064985,465001.4317059797,616.5855955720539,859.7427640173157,4084.723256933397,463.0063090836466,0.1,
freMTPL2sev,nanoTabPFN-A1B0-s92,A1B0,92,9,4.0,4.0,1.1234946508703478,200,1000,56,0.3237487785720883,0.20548544085012324,1128.9719076210376,2751.818502869076,7162.646655966957,1369232.2832416263,618.3449004102492,776.3062024074703,522.996543438186,1320.7943875937458,0.1,
freMTPL2sev,nanoTabPFN-A1B0-s92,A1B0,92,9,20.0,20.0,1.1234946508703478,200,1000,15,0.39944506923720197,0.3290297581194084,1030.955255200782,3091.2653038929498,9728.555311301048,28825.721059970776,635.7905585729701,776.1021954854266,502.5434721440002,360.5258923191689,0.1,
freMTPL2sev,nanoTabPFN-A1B0-s92,A1B0,92,9,50.0,50.0,1.1234946508703478,200,1000,6,0.4637431633469949,0.40847690667746167,1083.2547834116517,3678.982203471315,13335.955522109101,47683.3930644504,628.330613895143,789.6859440025293,489.29179318167434,233.15898585834688,0.1,
freMTPL2sev,nanoTabPFN-A1B0-s92,A1B0,92,10,1.0,1.0,1.147356649420444,200,1000,76,2.0103888910274237,1.9519837543931455,1113.7368568296338,7145.8177361849175,647824.1505842532,735857.4025552482,568.284722979977,1708.6173522272695,6466.261321179532,734.0581289531757,0.1,
freMTPL2sev,nanoTabPFN-A1B0-s92,A1B0,92,10,4.0,4.000000000000001,1.147356649420444,200,1000,55,0.2268303588165461,0.16915440626298395,1102.6180835306582,3300.5103182642497,8111.1948841738495,1402209.4503501724,566.1559847588719,720.8964342866049,916.9103903915811,1380.2122428910097,0.1,
freMTPL2sev,nanoTabPFN-A1B0-s92,A1B0,92,10,20.0,20.0,1.147356649420444,200,1000,16,0.5521732070713472,0.4694128637695819,1052.5915957894813,3224.3767184678154,12762.040987422251,49120.18709594707,581.3430355095237,722.4410726004667,448.6517507323276,1620.8879739341419,0.1,
freMTPL2sev,nanoTabPFN-A1B0-s92,A1B0,92,10,50.0,49.999999999999986,1.147356649420444,200,1000,7,0.5053492826357193,0.45323670139278577,1024.9530511669736,4023.0542717746575,14810.106141494845,62313.04574329501,594.6100676625073,750.569265937333,384.743485198679,356.41704145459937,0.1,
freMTPL2sev,nanoTabPFN-A1B0-s92,A1B0,92,11,1.0,1.0,1.164783103496827,200,1000,81,1.9403866310864213,1.859999851893526,1253.1963653065338,6383.984597680259,469027.5418433937,521500.42848176515,725.5143372907003,1395.1641864030598,4661.429712607147,519.2920920168773,0.1,
freMTPL2sev,nanoTabPFN-A1B0-s92,A1B0,92,11,4.0,3.999999999999999,1.164783103496827,200,1000,58,0.28683008517238034,0.19568066646963334,1184.5874394855446,3106.612273061927,7953.599648921666,1544485.0690741239,714.0539004889702,945.2715912661362,603.287551484725,1524.3054288876829,0.1,
freMTPL2sev,nanoTabPFN-A1B0-s92,A1B0,92,11,20.0,20.000000000000004,1.164783103496827,200,1000,17,0.44804996924186097,0.3756714234984002,1096.9306682483093,3356.2961378584673,11289.555222688123,29798.01899639461,720.8298571373786,946.1229025047633,553.8458063244615,272.1929870754134,0.1,
freMTPL2sev,nanoTabPFN-A1B0-s92,A1B0,92,11,50.0,49.99999999999999,1.164783103496827,200,1000,7,0.4892539056873452,0.43902173288050117,1239.8642212007126,4285.330632047489,16407.661949471934,57836.30661728192,726.425462384916,967.8755845904143,508.6817091589217,111.94061619754476,0.1,
freMTPL2sev,nanoTabPFN-A1B0-s92,A1B0,92,12,1.0,1.0,1.175978266476459,200,1000,73,2.119343798872161,2.056116429514796,1003.353976320476,6335.058204851657,727534.6521737402,850649.0237660832,1233.7473036093277,2045.4495317851965,7799.04112550677,1295.7486173011268,0.1,
freMTPL2sev,nanoTabPFN-A1B0-s92,A1B0,92,12,4.0,4.0,1.175978266476459,200,1000,55,0.195545105158313,0.15719649380232373,1073.3549917558744,3452.4536246465095,8335.126528573901,1286272.6233225367,1222.2522735601844,1885.4528222161332,1702.0605870420623,1246.4880263516466,0.1,
freMTPL2sev,nanoTabPFN-A1B0-s92,A1B0,92,12,20.0,20.000000000000004,1.175978266476459,200,1000,17,0.6914272882350976,0.5859073727266335,1294.4464283118282,3821.1001495027467,18591.625054992015,73192.17522708728,1238.3375223739097,1901.7764454258513,1632.1018607308245,1570.4026234390442,0.1,
freMTPL2sev,nanoTabPFN-A1B0-s92,A1B0,92,12,50.0,50.00000000000001,1.175978266476459,200,1000,7,0.5197488770509757,0.5058658301552059,967.5571307375467,4797.130640719213,19919.67629311503,85068.3134566145,1236.4652653487212,1942.6292467286619,1621.7777180324867,1275.8607181430784,0.1,
freMTPL2sev,nanoTabPFN-A1B0-s92,A1B0,92,13,1.0,1.0,1.1786751521777412,200,1000,75,2.112462548629257,2.0293742486199053,1079.4780432901593,5470.703094153336,591056.078288744,687834.7065077203,870.4562954809077,2238.868347079133,5845.074784036337,685.0003902860402,0.1,
freMTPL2sev,nanoTabPFN-A1B0-s92,A1B0,92,13,4.0,4.0,1.1786751521777412,200,1000,56,0.23603876064683474,0.14376158544437215,1031.6677516716713,2911.6583165695756,6963.939327962895,1253699.8039513351,874.6332511886764,1172.283447327801,1635.1742339803732,1383.5014535103287,0.1,
freMTPL2sev,nanoTabPFN-A1B0-s92,A1B0,92,13,20.0,19.999999999999996,1.1786751521777412,200,1000,17,0.5173914364987379,0.4288178649562606,1043.057568141067,3009.990232953101,11227.564757177664,42999.54983533788,877.3275221855547,1166.4700500458862,724.2421642481122,2040.6425813261878,0.1,
freMTPL2sev,nanoTabPFN-A1B0-s92,A1B0,92,13,50.0,50.0,1.1786751521777412,200,1000,7,0.522755805236395,0.47493577352027083,884.6931579631946,3601.3333981755877,14474.945710479904,64457.1213234935,905.9381449688774,1178.1095637276387,700.4324694361261,572.4043358960148,0.1,
freMTPL2sev,nanoTabPFN-A1B0-s92,A1B0,92,14,1.0,1.0,1.1965429575690185,200,1000,80,2.0312408318621524,1.9251552211316627,1190.1353939081557,4974.506534043261,423498.5635973298,485351.60960749374,585.5507959959609,805.5000991681477,4218.3916465698885,483.51009028509947,0.1,
freMTPL2sev,nanoTabPFN-A1B0-s92,A1B0,92,14,4.0,3.9999999999999996,1.1965429575690185,200,1000,57,0.20871716324010714,0.10862132934198172,1121.5000237840989,2763.838334829188,6311.537859101152,1247513.6826824704,588.0921647481762,727.9034007372462,503.6563412539376,1217.3435682413196,0.1,
freMTPL2sev,nanoTabPFN-A1B0-s92,A1B0,92,14,20.0,19.999999999999996,1.1965429575690185,200,1000,18,0.40341217335799157,0.3212018848331036,1054.2787613813964,3040.4840430903578,9394.864445603806,25611.93643361202,598.3727373280179,722.9621783381402,428.23840578425836,446.59376980711374,0.1,
freMTPL2sev,nanoTabPFN-A1B0-s92,A1B0,92,14,50.0,50.00000000000001,1.1965429575690185,200,1000,7,0.47710105282654197,0.42091206101390216,1010.8882975612428,3453.363560003587,12600.197387967068,46022.226885340875,603.8642713080084,725.4863492699457,412.3203951560804,188.54167408565462,0.1,
freMTPL2sev,nanoTabPFN-A1B0-s92,A1B0,92,15,1.0,1.0,1.1573767754633546,200,1000,81,2.3087993267915063,2.0557069638089955,1167.8100889910052,2634.606859858292,309673.37342119706,398432.2232464777,651.4714075110403,846.609932813592,3044.0869133621622,396.11091296392283,0.1,
freMTPL2sev,nanoTabPFN-A1B0-s92,A1B0,92,15,4.0,4.000000000000001,1.1573767754633546,200,1000,57,0.28928685062209697,0.07280922410509112,1068.5282950617955,2084.7902547191043,4428.977713862643,509077.88675927144,663.8060307700276,870.8307920218202,637.6436040743223,708.8031097962428,0.1,
freMTPL2sev,nanoTabPFN-A1B0-s92,A1B0,92,15,20.0,20.000000000000004,1.1573767754633546,200,1000,17,0.30735078482044337,0.194062150761381,1003.2528752394539,2468.625355488508,6331.8514272228,14892.381146940064,675.9206533513991,848.7309549872729,548.1050125948899,344.5906929830713,0.1,
freMTPL2sev,nanoTabPFN-A1B0-s92,A1B0,92,15,50.0,49.99999999999999,1.1573767754633546,200,1000,7,0.4566190774865184,0.38084951605037226,907.124289161351,2817.8068910083794,9610.695659904097,36225.25736279605,695.5696223259976,838.5364772971425,492.3570194640795,158.09490580638436,0.1,
freMTPL2sev,nanoTabPFN-A1B0-s92,A1B0,92,16,1.0,1.0,1.137168524824101,200,1000,73,2.147621065145605,2.076691660129944,911.1361699248396,5293.329844355678,637691.904392448,764288.9661229223,1848.9853667889229,3010.402348953382,7710.479178534109,1933.8523387477173,0.1,
freMTPL2sev,nanoTabPFN-A1B0-s92,A1B0,92,16,4.0,4.0,1.137168524824101,200,1000,54,0.34225134795970835,0.25985454372149885,982.2440936274531,2757.0337116522373,7778.131982982527,1557683.7926677014,1829.3839836206678,2923.3157797361623,2949.280917996625,1420.4553004249078,0.1,
freMTPL2sev,nanoTabPFN-A1B0-s92,A1B0,92,16,20.0,20.000000000000004,1.137168524824101,200,1000,16,0.754035985785397,0.6059247089312719,1205.953995923859,3052.3361598580714,15369.64098237185,60601.479861501095,1807.6709360463833,2924.1954032379826,2866.4091817821886,3196.2512519972006,0.1,
freMTPL2sev,nanoTabPFN-A1B0-s92,A1B0,92,16,50.0,50.0,1.137168524824101,200,1000,6,0.565647778820512,0.534910596112308,860.5662837690325,4102.038250926742,17775.562470357116,72721.74039428442,1853.3725182128917,2963.414612278597,2874.3978210664045,2727.789573698181,0.1,
freMTPL2sev,nanoTabPFN-A1B0-s92,A1B0,92,17,1.0,1.0,1.079374777864354,200,1000,79,2.0296648857564326,1.931906225507718,1161.5942877402963,5201.770480640033,449965.2731937715,511514.1201805846,522.9841683521548,733.0999441798657,4490.026955699479,509.87071137589413,0.1,
freMTPL2sev,nanoTabPFN-A1B0-s92,A1B0,92,17,4.0,3.9999999999999996,1.079374777864354,200,1000,51,0.3965241993934412,0.2631630415317754,989.579306032093,2440.811989999489,6758.895880971635,1377284.6685691029,549.4360383365052,622.8188361376776,377.24799902423854,1337.5783134862822,0.1,
freMTPL2sev,nanoTabPFN-A1B0-s92,A1B0,92,17,20.0,20.0,1.079374777864354,200,1000,13,0.5460327513211083,0.4480319350078546,918.1168314892373,2653.5334030132854,10024.644290750704,33929.33210922047,562.638070804829,616.8082569416468,311.79180621857904,166.60102830457097,0.1,
freMTPL2sev,nanoTabPFN-A1B0-s92,A1B0,92,17,50.0,50.000000000000014,1.079374777864354,200,1000,5,0.540339122472472,0.46864086977956465,910.6399272743747,3135.821508595362,12115.214444152114,46176.33235178361,562.9066417658739,626.5872628286086,306.5642982759025,94.42902210478476,0.1,
freMTPL2sev,nanoTabPFN-A1B0-s92,A1B0,92,18,1.0,1.0,1.1977691152122871,200,1000,78,1.9709106044846463,1.8957388097392782,1175.2141423255746,6315.574983688434,503008.55606790923,560782.1701662154,942.5313577782164,2135.622946851999,4971.002910068584,557.8524083304176,0.1,
freMTPL2sev,nanoTabPFN-A1B0-s92,A1B0,92,18,4.0,4.0,1.1977691152122871,200,1000,57,0.24458330552925478,0.1472614088030944,1080.1792254203285,2899.4125613646174,6974.091846425531,1384072.8314123848,954.1568508739776,1354.1057166705443,1040.746972855644,1190.3263514015434,0.1,
freMTPL2sev,nanoTabPFN-A1B0-s92,A1B0,92,18,20.0,20.0,1.1977691152122871,200,1000,18,0.43514004044161514,0.3712464158261199,971.4123252384995,3069.6895587695844,10366.071070195305,35366.33324245676,973.8840460998761,1347.4012109412665,988.1673118379075,1033.9649933099054,0.1,
freMTPL2sev,nanoTabPFN-A1B0-s92,A1B0,92,18,50.0,49.99999999999999,1.1977691152122871,200,1000,7,0.5059601689352353,0.44809611380875325,1034.2286255393433,3931.027048721959,14732.808795292864,57366.42486250577,968.1994626104637,1357.413611394011,939.918129580911,433.9062162363329,0.1,
freMTPL2sev,nanoTabPFN-A1B0-s92,A1B0,92,19,1.0,1.0,1.1486175839016612,200,1000,82,2.2483040294893955,2.0411568752395826,1174.9911071022839,2981.4196220794774,331599.37355968414,406708.3864916804,1127.2578333213403,1646.4509511430113,3261.0748278510373,403.4685815927329,0.1,
freMTPL2sev,nanoTabPFN-A1B0-s92,A1B0,92,19,4.0,4.0,1.1486175839016612,200,1000,57,0.27504524675875247,0.08044639857181313,1047.4174254303116,2124.0054748075936,4537.244153530957,599578.2132744258,1146.2512352838335,1697.2972614127946,1500.0522212777623,621.7987359634836,0.1,
freMTPL2sev,nanoTabPFN-A1B0-s92,A1B0,92,19,20.0,20.0,1.1486175839016612,200,1000,17,0.3827119782694125,0.27351241910006635,982.8511549080408,2502.559992960101,7202.968029451227,16935.178326909758,1155.9411156564831,1659.3284163358715,1339.4034713203287,1007.8642057750416,0.1,
freMTPL2sev,nanoTabPFN-A1B0-s92,A1B0,92,19,50.0,49.99999999999999,1.1486175839016612,200,1000,7,0.49042322380043807,0.4016909071370068,927.5095222235404,2956.3290424186443,10508.62407766585,38894.59882380665,1166.8457396960514,1649.4591932018973,1264.360825401313,786.324635145261,0.1,
freMTPL2sev,nanoTabPFN-ATB0-s92,ATB0,92,0,1.0,1.0,1.1348193864384903,200,1000,76,2.036305502149441,1.9551556888328996,1175.9579766725917,5994.648566017918,546547.9704969559,619152.3272087895,949.6704702311248,1559.0757068134942,5432.150831830565,616.4604698341533,0.1,
freMTPL2sev,nanoTabPFN-ATB0-s92,ATB0,92,0,4.0,4.0,1.1348193864384903,200,1000,55,2.615151156841405,2.5077971487720934,1159.7705493922203,5217.991502999288,1787409.1861513504,2432912.5236230474,957.4040841754127,1479.4168710909457,17204.56382014935,2423.8599648274985,0.1,
freMTPL2sev,nanoTabPFN-ATB0-s92,ATB0,92,0,20.0,19.999999999999996,1.1348193864384903,200,1000,16,0.7913859558981106,0.6391089707638001,1572.5776144040933,4005.4122955977987,21662.420182072878,2410375.641517303,1040.0705094921398,1398.4712694828436,1093.9066559446758,2730.304259169655,0.1,
freMTPL2sev,nanoTabPFN-ATB0-s92,ATB0,92,0,50.0,49.99999999999999,1.1348193864384903,200,1000,6,0.004072713614178348,-0.12534467025844725,3329.8872291464754,6796.788440964763,11787.418042727,206375.91078072687,1667.181290484476,1531.4977910732703,1073.6973397923862,961.339284960527,0.1,
freMTPL2sev,nanoTabPFN-ATB0-s92,ATB0,92,1,1.0,1.0,1.1614900055184356,200,1000,70,2.1945608467085505,2.13268387313785,1057.3872849881018,6919.577289280823,947088.0845528366,1095721.3498116469,474.74630902848565,1790.7008332916305,9308.994196662943,1092.6380021476332,0.1,
freMTPL2sev,nanoTabPFN-ATB0-s92,ATB0,92,1,4.0,3.9999999999999996,1.1614900055184356,200,1000,54,0.7513234051724714,0.7108752407985277,1160.7709378038162,5084.554150019567,32008.33948650302,3611710.289629476,482.14565541416187,643.9939879346463,1062.0492745355057,3544.359476615037,0.1,
freMTPL2sev,nanoTabPFN-ATB0-s92,ATB0,92,1,20.0,19.999999999999996,1.1614900055184356,200,1000,17,0.8635010561723291,0.696172634637536,2351.8398404334507,5806.275720092283,34598.7154969933,6165470.632869443,829.5740939355157,671.7913331208455,360.62850981430364,6303.6354466246585,0.1,
freMTPL2sev,nanoTabPFN-ATB0-s92,ATB0,92,1,50.0,49.99999999999999,1.1614900055184356,200,1000,7,0.3860247496941735,0.22878962147070037,5100.5482381459415,11404.030632990125,30862.08477786443,399738.1193727348,2019.0605398701684,1096.4350944087357,316.71761167983937,1779.0310630379622,0.1,
freMTPL2sev,nanoTabPFN-ATB0-s92,ATB0,92,2,1.0,1.0,1.1331926067717273,200,1000,76,2.1490425534833983,2.0301492882657834,1138.8051614036472,4413.690734296805,477208.1134342959,550532.5157488664,667.5740861716597,967.9746998971178,4740.9998324049875,548.4014239759792,0.1,
freMTPL2sev,nanoTabPFN-ATB0-s92,ATB0,92,2,4.0,3.999999999999999,1.1331926067717273,200,1000,55,2.544646546715177,2.4433358202491844,1052.8964051762714,4660.729558082843,1401132.587924779,2147915.9540070863,681.6564271360319,982.4000184343079,13652.153990929206,2142.5007521673256,0.1,
freMTPL2sev,nanoTabPFN-ATB0-s92,ATB0,92,2,20.0,20.0,1.1331926067717273,200,1000,16,0.7598685138292136,0.6219511787886427,1372.764942772401,3667.981392794465,19228.012256206333,1967215.7254341044,715.1444087991763,923.1403412746391,603.7957646908944,2343.67901755483,0.1,
freMTPL2sev,nanoTabPFN-ATB0-s92,ATB0,92,2,50.0,50.00000000000001,1.1331926067717273,200,1000,6,0.047734838276796386,-0.09729733103327756,2964.8174459279735,6075.622458602622,10975.056043897115,184732.40468600474,1280.92007721429,1059.1362677900497,643.3909814600156,756.4601071251282,0.1,
freMTPL2sev,nanoTabPFN-ATB0-s92,ATB0,92,3,1.0,1.0,1.150142410703785,200,1000,76,2.03474311331368,1.9553530894792617,1161.1276880797593,6088.6375840178425,555911.9952430794,627007.7374349331,799.5496524564433,1227.4136578857936,5534.300780360041,624.6869672833676,0.1,
freMTPL2sev,nanoTabPFN-ATB0-s92,ATB0,92,3,4.0,4.0,1.150142410703785,200,1000,55,2.600821922364842,2.493301594162732,1210.8349398829241,5482.747274578113,1769350.593360064,2458781.4725054307,803.8178191959537,1195.05679029134,17154.919553122705,2451.328937530354,0.1,
freMTPL2sev,nanoTabPFN-ATB0-s92,ATB0,92,3,20.0,20.0,1.150142410703785,200,1000,16,0.8025194602476441,0.6471704387128698,1591.3682989439108,4019.7040741895917,21898.625328826616,2531175.845614174,899.0358610245754,1132.6033649165477,813.078170037965,2722.791434420965,0.1,
freMTPL2sev,nanoTabPFN-ATB0-s92,ATB0,92,3,50.0,49.999999999999986,1.150142410703785,200,1000,7,0.1070755763279884,-0.04010908362662249,3320.1991771453313,6891.875970492466,13194.625581419763,194792.286457212,1527.5573983176273,1281.4588772917527,796.9585065890149,816.3429291464859,0.1,
freMTPL2sev,nanoTabPFN-ATB0-s92,ATB0,92,4,1.0,1.0,1.1160776215424169,200,1000,76,1.9898601218095835,1.927908126686899,1135.3400039549392,7078.015799654948,606619.3894288356,682375.2519008729,926.8978011626946,1573.2928484416602,6220.279414737506,773.1643565972869,0.1,
freMTPL2sev,nanoTabPFN-ATB0-s92,ATB0,92,4,4.0,4.0,1.1160776215424169,200,1000,54,2.523094300410189,2.430814152385301,1221.718690843445,5561.8320142411,1685526.8289579956,2651271.1911182464,929.6361737079022,1478.9806122088553,16214.71907629516,2642.5643973477054,0.1,
freMTPL2sev,nanoTabPFN-ATB0-s92,ATB0,92,4,20.0,19.999999999999996,1.1160776215424169,200,1000,15,0.7131927083459167,0.5675130588367485,1815.0051977751034,4606.699699809136,21564.755623473917,1483483.8224112655,1091.0387142187478,1395.7126231926775,1075.177145618043,3110.5795107892195,0.1,
freMTPL2sev,nanoTabPFN-ATB0-s92,ATB0,92,4,50.0,50.0,1.1160776215424169,200,1000,6,-0.007089354354297544,-0.13617303394510819,3555.6054233414575,7387.08407574022,12808.074642740477,219598.75898213743,1760.0485516278884,1572.3553758089552,1072.358123499543,1576.86683687526,0.1,
freMTPL2sev,nanoTabPFN-ATB0-s92,ATB0,92,5,1.0,1.0,1.1035653784113189,200,1000,80,2.013810669443267,1.9170817566331149,1161.001973776959,5194.210341437331,434240.305212392,494897.3167048252,796.9070710873805,1476.453342362171,4299.596044306525,492.3729073375281,0.1,
freMTPL2sev,nanoTabPFN-ATB0-s92,ATB0,92,5,4.0,3.9999999999999996,1.1035653784113189,200,1000,54,2.4627854693363647,2.3780882061873467,1060.41635454786,5913.121458828157,1605189.3423499032,1962727.689384344,821.4310983064072,2183.9945269508967,14631.525998105863,1946.4222386020103,0.1,
freMTPL2sev,nanoTabPFN-ATB0-s92,ATB0,92,5,20.0,20.0,1.1035653784113189,200,1000,14,0.6315677215830607,0.5041594123382847,1413.9772593311754,3727.3754933797445,15558.434587991334,92872.9966032168,850.1355241377415,1132.8031314672692,747.8549517387376,1230.9560502803527,0.1,
freMTPL2sev,nanoTabPFN-ATB0-s92,ATB0,92,5,50.0,50.00000000000001,1.1035653784113189,200,1000,6,-0.027648326409945686,-0.17454816753243002,2832.41252420766,5610.131297785125,9378.295505611051,116014.49644570285,1322.5504806335418,1216.8981182644168,800.771561680466,597.0869622856761,0.1,
freMTPL2sev,nanoTabPFN-ATB0-s92,ATB0,92,6,1.0,1.0,1.1854456215092428,200,1000,76,1.9889834195499734,1.9310500249535094,1119.1960590778185,7316.0177171747455,631093.2196129088,709766.3287963781,760.3672125067279,1347.5768114158157,6285.528132984523,707.5129548241771,0.1,
freMTPL2sev,nanoTabPFN-ATB0-s92,ATB0,92,6,4.0,4.0,1.1854456215092428,200,1000,56,2.5455829072648015,2.4498456791692873,1283.5258427025121,5903.995803184743,1772870.556426832,2759617.9562695213,771.8323246912086,1120.2306448356517,17512.30639533309,2755.457655125085,0.1,
freMTPL2sev,nanoTabPFN-ATB0-s92,ATB0,92,6,20.0,19.999999999999996,1.1854456215092428,200,1000,18,0.6880202856120613,0.5595482023003363,1795.6599078960994,4806.653587002658,22089.698641563442,265116.44150066015,903.3514013416267,1039.4684002046858,645.8048455527526,1836.492682744726,0.1,
freMTPL2sev,nanoTabPFN-ATB0-s92,ATB0,92,6,50.0,50.0,1.1854456215092428,200,1000,7,0.17438969264920046,0.032636589248083527,3638.847412121897,7793.939768521547,16178.198739065141,207124.0508582727,1577.5963120811793,1225.2910797807547,635.5213962560102,888.7132018939305,0.1,
freMTPL2sev,nanoTabPFN-ATB0-s92,ATB0,92,7,1.0,1.0,1.19414259733653,200,1000,76,1.9800885873578482,1.9157736393793732,1210.5907256577539,7290.942583175998,608020.5612116163,678947.4181571396,1087.6367908107852,2052.979587358692,6045.521640433785,676.012654861184,0.1,
freMTPL2sev,nanoTabPFN-ATB0-s92,ATB0,92,7,4.0,4.0,1.19414259733653,200,1000,56,2.6027635930895823,2.5010369961907664,1267.9374288038218,5905.005332230882,1911557.3874712498,2659565.516435944,1101.1161995569457,1778.4201390771618,18786.372557819457,2653.6914988700432,0.1,
freMTPL2sev,nanoTabPFN-ATB0-s92,ATB0,92,7,20.0,20.0,1.19414259733653,200,1000,18,0.7479458123206725,0.5941672189485843,1771.1495378163677,4405.714714509729,21637.549243344496,1478712.8380883695,1242.107952045676,1682.6154750201545,1292.5860638176803,2263.180193747463,0.1,
freMTPL2sev,nanoTabPFN-ATB0-s92,ATB0,92,7,50.0,50.0,1.19414259733653,200,1000,7,0.2766620068357368,0.11747642096734554,3503.6872682898133,7472.703846636988,17340.250762285083,206088.63477940857,1907.1958137190632,1864.663266199586,1308.2618337209062,1071.1425487762729,0.1,
freMTPL2sev,nanoTabPFN-ATB0-s92,ATB0,92,8,1.0,1.0,1.136106439030618,200,1000,85,2.0610988757744306,1.9158102918248652,1183.1723224101897,3887.9845123039413,324052.35003649595,402604.91633313894,614.9746135733989,801.286030829498,3215.8333056738397,400.5964854123259,0.1,
freMTPL2sev,nanoTabPFN-ATB0-s92,ATB0,92,8,4.0,4.0,1.136106439030618,200,1000,58,2.3819527592432297,2.3082591644031845,1158.3257803390225,6758.543468701731,1382009.2968735755,1615270.3983894829,622.6969018325628,1365.440414378791,13646.447808785106,1611.7716394565093,0.1,
freMTPL2sev,nanoTabPFN-ATB0-s92,ATB0,92,8,20.0,19.999999999999996,1.136106439030618,200,1000,17,0.496271732203928,0.40457215350894193,1281.7166634245414,3709.977349735088,13147.229811460773,65452.641368389624,640.0834936065405,798.4885376291653,382.11943072660347,324.19106521528585,0.1,
freMTPL2sev,nanoTabPFN-ATB0-s92,ATB0,92,8,50.0,49.999999999999986,1.136106439030618,200,1000,6,-0.024137513684303644,-0.17764125904936762,2542.8145437854164,4909.285100989147,8141.923651658044,82467.53116587969,1032.045225159081,837.9450963889668,438.4010340553911,226.95775956181274,0.1,
freMTPL2sev,nanoTabPFN-ATB0-s92,ATB0,92,9,1.0,1.0,1.1234946508703478,200,1000,81,2.0447281974378404,1.9332092838057555,1156.6155287706042,4651.96274733675,403555.78520750423,464257.1922291051,616.718762803346,827.0779298978197,4015.300080685056,462.31207588326214,0.1,
freMTPL2sev,nanoTabPFN-ATB0-s92,ATB0,92,9,4.0,4.0,1.1234946508703478,200,1000,56,2.430515556795098,2.3607154689079386,1092.4382902116586,6709.465648189759,1546949.6021788674,1846703.6261834293,628.1902747909264,1092.5582515525316,15213.063947732151,1842.3963442365439,0.1,
freMTPL2sev,nanoTabPFN-ATB0-s92,ATB0,92,9,20.0,20.0,1.1234946508703478,200,1000,15,0.6218007639074505,0.5109414965917489,1285.487055038625,3617.1926588330944,15335.675718603183,86288.75002150613,640.3117355036737,784.4841970548299,494.88679259531233,768.3482423780898,0.1,
freMTPL2sev,nanoTabPFN-ATB0-s92,ATB0,92,9,50.0,50.0,1.1234946508703478,200,1000,6,-0.012218169158110026,-0.1565841489286299,2712.8750626113597,5377.554725783615,9095.844572669983,108306.03557788226,1089.058248141632,871.3309418040095,498.4356713152733,561.0151091275403,0.1,
freMTPL2sev,nanoTabPFN-ATB0-s92,ATB0,92,10,1.0,1.0,1.147356649420444,200,1000,76,2.0078147450257737,1.9474924792691177,1130.9201648217845,7215.106916777879,647095.4329138655,735784.8871926549,569.1474582356184,2483.2424532300865,6463.339578860986,734.0288577547318,0.1,
freMTPL2sev,nanoTabPFN-ATB0-s92,ATB0,92,10,4.0,4.000000000000001,1.147356649420444,200,1000,55,2.485378553016695,2.3855378446664064,1311.7623227850977,5819.8862485023,1677241.1327670137,2847633.5341934673,600.0957549655493,1173.405661459367,16324.609679458437,2841.3198324230098,0.1,
freMTPL2sev,nanoTabPFN-ATB0-s92,ATB0,92,10,20.0,20.0,1.147356649420444,200,1000,16,0.711883415794587,0.5897137505403391,1765.5162123470325,4868.154281240624,23648.192518266795,1253618.8561654324,729.3974810024838,786.4907970793012,395.0420791380336,3146.260618348794,0.1,
freMTPL2sev,nanoTabPFN-ATB0-s92,ATB0,92,10,50.0,49.999999999999986,1.147356649420444,200,1000,7,-0.03106306751944847,-0.15272805912695675,3731.66637345786,7868.699921399817,13448.530640416287,167718.68122609056,1497.3132652062125,987.8524371474011,387.1284440437584,875.9116284954333,0.1,
freMTPL2sev,nanoTabPFN-ATB0-s92,ATB0,92,11,1.0,1.0,1.164783103496827,200,1000,81,1.9656777558365368,1.8815346614073265,1216.8213909821575,6005.881862727456,463043.77297337813,520901.9995280955,717.6258570692472,1058.957236856995,4608.594953056315,518.7637572945009,0.1,
freMTPL2sev,nanoTabPFN-ATB0-s92,ATB0,92,11,4.0,3.999999999999999,1.164783103496827,200,1000,58,2.484584502478465,2.4029512367001455,1239.5287959787781,6723.653884979243,1704426.58314016,2064783.6504688049,723.1650451887597,1081.497083394588,16975.007631685465,2062.1748080506877,0.1,
freMTPL2sev,nanoTabPFN-ATB0-s92,ATB0,92,11,20.0,20.000000000000004,1.164783103496827,200,1000,17,0.6318568591692133,0.5133452822730376,1518.7790553106147,4189.002575248844,18138.689183238443,331150.04864124436,794.9944694536578,963.173460450721,502.8369832703209,1186.3910310135955,0.1,
freMTPL2sev,nanoTabPFN-ATB0-s92,ATB0,92,11,50.0,49.99999999999999,1.164783103496827,200,1000,7,0.1913685560024682,0.02219831452696348,3045.4077628932832,6089.73091803232,12483.363169544868,147541.77786169923,1313.1253419637178,1034.468279736078,524.0226144110989,566.1537939638054,0.1,
freMTPL2sev,nanoTabPFN-ATB0-s92,ATB0,92,12,1.0,1.0,1.175978266476459,200,1000,73,2.084891353444959,2.0344434332595145,903.9900433578698,6733.974382560147,735293.8449986589,851426.2774888168,1250.826905834626,2099.6056575858956,7870.107033781093,1294.9472554609347,0.1,
freMTPL2sev,nanoTabPFN-ATB0-s92,ATB0,92,12,4.0,4.0,1.175978266476459,200,1000,55,2.3711324821379276,2.2832919619890375,1316.95831094991,6034.002703713202,1197715.1043462367,3226967.380349194,1248.9656459572525,2054.5198770634493,11831.874404318998,3220.4139827498057,0.1,
freMTPL2sev,nanoTabPFN-ATB0-s92,ATB0,92,12,20.0,20.000000000000004,1.175978266476459,200,1000,17,0.7528371980207369,0.6105038073515077,2041.2169729537286,5266.092578084736,26478.679472392047,2231889.368255311,1471.0415461035716,1968.9237747863722,1613.9914595237592,3366.8195665044777,0.1,
freMTPL2sev,nanoTabPFN-ATB0-s92,ATB0,92,12,50.0,50.00000000000001,1.175978266476459,200,1000,7,0.5716355282256134,0.39873613080826475,4155.743398420778,9254.557423097513,32461.024209127685,284187.8231388076,2332.7275296229964,2247.1013488738754,1622.4379253161117,1834.3953695909079,0.1,
freMTPL2sev,nanoTabPFN-ATB0-s92,ATB0,92,13,1.0,1.0,1.1786751521777412,200,1000,75,2.058379320538449,1.9848717056957763,1103.4374790955196,6181.503874011367,603516.6536229805,689081.3554447432,864.4839150660339,3276.661747609418,5941.416933265358,685.9638364493751,0.1,
freMTPL2sev,nanoTabPFN-ATB0-s92,ATB0,92,13,4.0,4.0,1.1786751521777412,200,1000,56,2.221322677133917,2.1652681664777167,1228.7996626339977,5616.331368290987,1644697.6187541392,2675440.0896548377,905.8221181536168,1612.8486906814137,13128.212327459034,2562.7514842027276,0.1,
freMTPL2sev,nanoTabPFN-ATB0-s92,ATB0,92,13,20.0,19.999999999999996,1.1786751521777412,200,1000,17,0.7470298544970878,0.5796448205390354,1730.6780884926534,4113.922743599438,19957.55789214845,475803.3694459468,991.9844851477088,1176.493299661546,699.5562865104905,3234.205903184139,0.1,
freMTPL2sev,nanoTabPFN-ATB0-s92,ATB0,92,13,50.0,50.0,1.1786751521777412,200,1000,7,0.47343326810540565,0.29473582162784656,3439.2853118178323,7530.102274320164,22580.47022235023,234072.60792994965,1583.407087455734,1310.4175984622282,700.3037460155913,1682.43999459472,0.1,
freMTPL2sev,nanoTabPFN-ATB0-s92,ATB0,92,14,1.0,1.0,1.1965429575690185,200,1000,80,2.0413687834955283,1.9366755043376112,1152.6090744145877,4871.691380351018,426207.4792333885,485623.0778967043,585.5649113661133,900.876696944548,4242.946285176114,483.7556458593595,0.1,
freMTPL2sev,nanoTabPFN-ATB0-s92,ATB0,92,14,4.0,3.9999999999999996,1.1965429575690185,200,1000,57,2.495304785960979,2.4132783955330868,1114.656624513152,6031.202141019533,1568690.7583490005,1925306.7196282553,593.4720402283796,1562.9758251754947,15620.38678189366,1922.9622524230774,0.1,
freMTPL2sev,nanoTabPFN-ATB0-s92,ATB0,92,14,20.0,19.999999999999996,1.1965429575690185,200,1000,18,0.6331425404267942,0.5074148930801193,1377.8679486001474,3647.8191306181525,15304.66797089679,89532.05878246736,625.3212892165877,729.7015019549019,413.0281286207921,1034.9690958424435,0.1,
freMTPL2sev,nanoTabPFN-ATB0-s92,ATB0,92,14,50.0,50.00000000000001,1.1965429575690185,200,1000,7,0.2909495492288765,0.11552337747874136,2736.024864618131,5575.8316099667345,12847.799363218794,160920.51364479394,1076.012757376849,823.5825213152904,410.0464431556089,1016.8805180302267,0.1,
freMTPL2sev,nanoTabPFN-ATB0-s92,ATB0,92,15,1.0,1.0,1.1573767754633546,200,1000,81,2.2092886848763102,2.020484560053784,1154.5981507536112,3151.077624881866,334436.35714177927,400908.88441708335,651.7986712158737,838.6962159355942,3307.3350314889235,398.74333285511506,0.1,
freMTPL2sev,nanoTabPFN-ATB0-s92,ATB0,92,15,4.0,4.000000000000001,1.1573767754633546,200,1000,57,2.556896314497291,2.441409566067447,906.9437964009959,3879.479437017485,1250050.207900667,1591661.8436066564,694.7392189859816,2276.3532407053085,11601.626643460819,1580.879547576399,0.1,
freMTPL2sev,nanoTabPFN-ATB0-s92,ATB0,92,15,20.0,20.000000000000004,1.1573767754633546,200,1000,17,0.5788904868549796,0.45433185839046675,1147.723287291035,2961.91768017294,11264.9112835805,58307.17431513377,670.7059162378463,840.7307469076221,479.8106059217097,732.9625717841536,0.1,
freMTPL2sev,nanoTabPFN-ATB0-s92,ATB0,92,15,50.0,49.99999999999999,1.1573767754633546,200,1000,7,0.1573628374288039,-0.013942201608862082,2362.472833578533,4706.988256624421,9277.981274983718,120319.49481536666,1005.0766413265928,881.3237317133265,495.26610552428235,619.8400516139227,0.1,
freMTPL2sev,nanoTabPFN-ATB0-s92,ATB0,92,16,1.0,1.0,1.137168524824101,200,1000,73,2.093185214341482,2.0328545531417137,904.8417877034885,6006.217154823469,654771.038524526,765996.378493365,1851.0002098750597,3146.286647630579,7832.399961152032,1930.896458285634,0.1,
freMTPL2sev,nanoTabPFN-ATB0-s92,ATB0,92,16,4.0,4.0,1.137168524824101,200,1000,54,2.3953887851524907,2.3042190849843847,1212.7260820389736,5200.868465831192,1197513.4744888986,2917817.938357787,1826.1814558605076,3051.8637571094314,11310.02319132435,2897.033097510661,0.1,
freMTPL2sev,nanoTabPFN-ATB0-s92,ATB0,92,16,20.0,20.000000000000004,1.137168524824101,200,1000,16,0.826631744452644,0.6772613199285799,1762.3574027840884,4679.366035849842,26993.770258333152,4768666.899856728,1965.6159734726289,2984.8008995650885,2917.782632314264,4816.370876422906,0.1,
freMTPL2sev,nanoTabPFN-ATB0-s92,ATB0,92,16,50.0,50.0,1.137168524824101,200,1000,6,-0.007064669274262377,-0.11548047253053888,3791.1501202234053,8174.11098928108,14366.762291530813,185410.7098545462,2741.540032332165,3215.912313994552,2857.9097523803534,3291.568268500955,0.1,
freMTPL2sev,nanoTabPFN-ATB0-s92,ATB0,92,17,1.0,1.0,1.079374777864354,200,1000,79,2.076003302369949,1.967304713988009,1152.4219030241625,4759.825349982042,446549.4257570154,511173.21343149885,523.1652031110572,789.6964950759414,4460.411022668713,509.57458044110683,0.1,
freMTPL2sev,nanoTabPFN-ATB0-s92,ATB0,92,17,4.0,3.9999999999999996,1.079374777864354,200,1000,51,2.638320997752813,2.522027263241565,1014.8514762782968,4352.073927018793,1490070.6197801733,2011512.895446204,542.8139207419758,695.408418280298,14750.952590725845,2008.4720748397197,0.1,
freMTPL2sev,nanoTabPFN-ATB0-s92,ATB0,92,17,20.0,20.0,1.079374777864354,200,1000,13,0.7536631369162793,0.6045011840386766,1355.573670786118,3453.9196511526943,17440.108774473545,1438864.4997495129,566.371945890815,625.9609106507229,305.6653313907411,1914.311429986753,0.1,
freMTPL2sev,nanoTabPFN-ATB0-s92,ATB0,92,17,50.0,50.000000000000014,1.079374777864354,200,1000,5,-0.05468575631363549,-0.19677819426400453,2819.7271700493825,5592.547792846881,9152.800362237374,174798.34213313178,1061.2081166803957,735.2807821572305,319.0232993804363,745.7950206782173,0.1,
freMTPL2sev,nanoTabPFN-ATB0-s92,ATB0,92,18,1.0,1.0,1.1977691152122871,200,1000,78,2.0082516265710204,1.924857662307317,1165.9588007675402,5834.796673730982,497187.83085486665,560200.1703267519,942.7710730879563,2879.16949237066,4904.979795301671,557.1922014978526,0.1,
freMTPL2sev,nanoTabPFN-ATB0-s92,ATB0,92,18,4.0,4.0,1.1977691152122871,200,1000,57,2.4679071102075647,2.3921214814673966,1079.2540932098784,6314.715619071155,1749042.555043554,2213085.534917738,966.6650531571665,1888.4675551187402,16248.28916556494,2198.304842400327,0.1,
freMTPL2sev,nanoTabPFN-ATB0-s92,ATB0,92,18,20.0,20.0,1.1977691152122871,200,1000,18,0.678537923534574,0.5536231804233391,1508.4130976991814,4035.8648995246613,18351.482147248127,626926.7296088452,1016.2328984916346,1361.845055250837,950.1464991462183,1835.885935907283,0.1,
freMTPL2sev,nanoTabPFN-ATB0-s92,ATB0,92,18,50.0,49.99999999999999,1.1977691152122871,200,1000,7,0.48839544633086834,0.2927606408025637,3046.563266670172,6316.72315935444,18755.6411657707,208484.01958358596,1543.7722891793587,1461.1345836566686,945.8950461228632,1319.2541135840024,0.1,
freMTPL2sev,nanoTabPFN-ATB0-s92,ATB0,92,19,1.0,1.0,1.1486175839016612,200,1000,82,2.2042315857719856,2.0225654221194667,1153.3375847582072,3235.905298005279,344340.1299131529,407982.3214696495,1127.937770327228,1750.5524722756088,3391.5776785911926,404.77359569327484,0.1,
freMTPL2sev,nanoTabPFN-ATB0-s92,ATB0,92,19,4.0,4.0,1.1486175839016612,200,1000,57,2.545607319078556,2.432753913267926,954.1594876710033,4384.502931772644,1305034.4130691104,1621460.7816467364,1160.0461826484209,3237.973181284557,12220.920882936012,1610.4746068220538,0.1,
freMTPL2sev,nanoTabPFN-ATB0-s92,ATB0,92,19,20.0,20.0,1.1486175839016612,200,1000,17,0.6538748170289856,0.521037157349542,1168.4973640681512,3026.9519318358016,13021.465131905197,71568.74464699902,1142.3602343417317,1654.8380319828889,1255.7123045319142,1034.09196083086,0.1,
freMTPL2sev,nanoTabPFN-ATB0-s92,ATB0,92,19,50.0,49.99999999999999,1.1486175839016612,200,1000,7,0.279587935679611,0.09332864778080764,2439.656125234123,4833.264520523415,10808.774996356928,115150.1309786883,1465.0915327935363,1681.13547020565,1285.8664741941286,810.7557296813048,0.1,
freMTPL2sev,nanoTabPFN-ACB0-s92,ACB0,92,0,1.0,1.0,1.1348193864384903,200,1000,76,2.3708220223616863,2.171911887463461,1162.6800278323103,3063.1905489994324,460435.5885194141,610542.6314570343,950.294307622297,1380.5482593250042,4579.411637302249,607.9332006548434,0.1,
freMTPL2sev,nanoTabPFN-ACB0-s92,ACB0,92,0,4.0,4.0,1.1348193864384903,200,1000,55,0.8284902912126721,0.6406754663610671,1158.5011233583855,2650.0898623647327,14260.278030989304,2140902.440968566,950.3921719951461,1383.392164880895,1797.3606035178773,2137.3236292296538,0.1,
freMTPL2sev,nanoTabPFN-ACB0-s92,ACB0,92,0,20.0,19.999999999999996,1.1348193864384903,200,1000,16,0.7273852969306689,0.5480589389088588,1123.745936263085,2555.2287966939475,11579.030553066354,20279.85106185342,952.9814438049577,1382.8519038225932,1078.4084109635335,1031.4572251212346,0.1,
freMTPL2sev,nanoTabPFN-ACB0-s92,ACB0,92,0,50.0,49.99999999999999,1.1348193864384903,200,1000,6,0.5806653818299627,0.4662945626818922,736.9668414460248,2009.9864313525204,7901.811022148893,21273.16178297309,1039.4623645167642,1410.4789098783046,1111.2763821528276,912.7904552533755,0.1,
freMTPL2sev,nanoTabPFN-ACB0-s92,ACB0,92,1,1.0,1.0,1.1614900055184356,200,1000,70,2.4942224968202824,2.3060610925717033,1140.6703101213448,3337.6340978309927,750669.8388496937,1076079.941297314,462.7767836377128,764.2730889136859,7126.015876907562,1070.808515167079,0.1,
freMTPL2sev,nanoTabPFN-ACB0-s92,ACB0,92,1,4.0,3.9999999999999996,1.1614900055184356,200,1000,54,0.9116569555530224,0.7359194922904676,1169.1323512042122,3062.3467602590695,20276.664018136245,3645251.8280770383,463.41177909340183,556.807347606276,2514.92087562229,3612.629936524051,0.1,
freMTPL2sev,nanoTabPFN-ACB0-s92,ACB0,92,1,20.0,19.999999999999996,1.1614900055184356,200,1000,17,0.964378803168335,0.7543044699578794,1211.6215651850025,2675.9731744976084,19401.471104874236,35103.84107811998,472.1083033523703,542.021568322807,242.20134901734545,323.77115870365,0.1,
freMTPL2sev,nanoTabPFN-ACB0-s92,ACB0,92,1,50.0,49.99999999999999,1.1614900055184356,200,1000,7,0.41888701564357445,0.42891001923732286,507.5584604899186,2703.623708674515,9973.276734900925,41591.847512423126,611.0633387130817,535.3069502399643,217.61836923421336,54.10890929216657,0.1,
freMTPL2sev,nanoTabPFN-ACB0-s92,ACB0,92,2,1.0,1.0,1.1331926067717273,200,1000,76,2.4403290566553757,2.1767034526030185,1151.019026100313,2414.494340482715,371563.3344095714,539968.4510459108,667.0838441624327,903.9316210519426,3646.2118109118187,537.4536311743749,0.1,
freMTPL2sev,nanoTabPFN-ACB0-s92,ACB0,92,2,4.0,3.999999999999999,1.1331926067717273,200,1000,55,0.9194392379445708,0.5921785879132214,1076.248540332018,1916.3244271594772,9324.173679269312,1811879.1585555354,678.4222274445716,924.2273745072954,902.9147785262975,1817.8788279610053,0.1,
freMTPL2sev,nanoTabPFN-ACB0-s92,ACB0,92,2,20.0,20.0,1.1331926067717273,200,1000,16,0.6921463503895522,0.5213698521730521,1034.1815038313525,2378.106301163639,10329.39361993263,18168.225730355844,686.3585179246473,903.5087162404932,619.2732962703475,431.8505499124431,0.1,
freMTPL2sev,nanoTabPFN-ACB0-s92,ACB0,92,2,50.0,50.00000000000001,1.1331926067717273,200,1000,6,0.5383639316816083,0.436996506162106,683.8838698942359,1830.296149938244,7006.410662821344,18282.26895702099,763.8322537190044,926.3498499221529,659.8236186646313,467.421200738398,0.1,
freMTPL2sev,nanoTabPFN-ACB0-s92,ACB0,92,3,1.0,1.0,1.150142410703785,200,1000,76,2.3817131841580013,2.1833533367464595,1153.686701987158,3030.0425556490854,465862.8010859358,618002.7959799465,799.3240821693022,1113.805846951724,4625.286271222962,615.5969328766125,0.1,
freMTPL2sev,nanoTabPFN-ACB0-s92,ACB0,92,3,4.0,4.0,1.150142410703785,200,1000,55,0.8328984171982148,0.6457501160028045,1157.3918629242603,2605.9453826415215,14213.225888870931,2176507.833822877,799.1750995024114,1119.2108785524742,1601.2516420341972,2156.989620179506,0.1,
freMTPL2sev,nanoTabPFN-ACB0-s92,ACB0,92,3,20.0,20.0,1.150142410703785,200,1000,16,0.6960592215910705,0.5291565245041171,1145.636544284158,2685.0507780227495,11790.368969204224,20891.519998680447,799.629313736868,1116.4906112723854,794.5327527123659,664.6555387064154,0.1,
freMTPL2sev,nanoTabPFN-ACB0-s92,ACB0,92,3,50.0,49.999999999999986,1.150142410703785,200,1000,7,0.5124063639553359,0.40881384217606526,727.9582146763432,2014.3579951093534,7162.9821603559485,21788.178096277134,888.6588747170102,1144.358147549131,846.321167789554,625.9410890006369,0.1,
freMTPL2sev,nanoTabPFN-ACB0-s92,ACB0,92,4,1.0,1.0,1.1160776215424169,200,1000,76,2.2534074903338452,2.114128271778594,1146.848754498743,3982.382819503598,524857.1260078443,674199.5623287726,923.8502096278136,1369.6487300274061,5518.8627487700405,776.6102748584907,0.1,
freMTPL2sev,nanoTabPFN-ACB0-s92,ACB0,92,4,4.0,4.0,1.1160776215424169,200,1000,54,0.41696845495201323,0.348414401513029,1130.7117130430875,3511.3414539046826,11259.255278836474,2185273.667336667,923.7634334048735,1351.8553668624706,1515.118025016839,2153.1304751944444,0.1,
freMTPL2sev,nanoTabPFN-ACB0-s92,ACB0,92,4,20.0,19.999999999999996,1.1160776215424169,200,1000,15,0.5068096755593374,0.4210085859028797,1071.1349033870997,3241.0344182932304,12110.673186814907,20764.35319409876,934.1702652239604,1346.3001670213778,1090.4911330800583,950.1643289674182,0.1,
freMTPL2sev,nanoTabPFN-ACB0-s92,ACB0,92,4,50.0,50.0,1.1160776215424169,200,1000,6,0.5114834576535662,0.4125237396652461,801.7635014542038,2227.3667107840747,7987.77538728163,21282.688187475804,990.7102996416156,1347.514740504822,1119.1805841823307,914.2819084283734,0.1,
freMTPL2sev,nanoTabPFN-ACB0-s92,ACB0,92,5,1.0,1.0,1.1035653784113189,200,1000,80,2.1987771008853865,2.038656595427822,1157.9332702480867,3597.267557607467,397706.82021409716,491243.9441065851,797.0288343334558,1132.9056813406173,3926.1207871044094,488.6382020680093,0.1,
freMTPL2sev,nanoTabPFN-ACB0-s92,ACB0,92,5,4.0,3.9999999999999996,1.1035653784113189,200,1000,54,0.4009720751723243,0.2589776125976442,1102.2978540735762,2634.619752986244,7273.296777271084,1404602.731315494,803.778511132015,1125.6239723283024,1040.5850465377682,1387.618405518414,0.1,
freMTPL2sev,nanoTabPFN-ACB0-s92,ACB0,92,5,20.0,20.0,1.1035653784113189,200,1000,14,0.5428230519153749,0.39564806368019106,1048.337869699247,2528.8250648368003,9058.603417816135,14436.37369225316,813.9979152677392,1126.2356338290456,825.1981931144082,667.7632484443693,0.1,
freMTPL2sev,nanoTabPFN-ACB0-s92,ACB0,92,5,50.0,50.00000000000001,1.1035653784113189,200,1000,6,0.39702210783731007,0.28767020438415775,867.8828625843939,2291.5124696483026,6875.666335022354,12872.987780366891,853.4550101122036,1131.9812649914647,864.7927273527068,682.776707380518,0.1,
freMTPL2sev,nanoTabPFN-ACB0-s92,ACB0,92,6,1.0,1.0,1.1854456215092428,200,1000,76,2.25563751420022,2.118173354521934,1148.4502482117173,4075.8778251722592,546083.4044495133,701266.749762189,755.8596644180379,1026.8844276206903,5437.390219332626,699.0316934731356,0.1,
freMTPL2sev,nanoTabPFN-ACB0-s92,ACB0,92,6,4.0,4.0,1.1854456215092428,200,1000,56,0.45746651719359954,0.3695460147544694,1150.5785879825446,3400.9120452329944,11305.639965561744,2248521.170899364,755.1889092192724,1003.2263118899855,931.4221174467928,2255.3241702851233,0.1,
freMTPL2sev,nanoTabPFN-ACB0-s92,ACB0,92,6,20.0,19.999999999999996,1.1854456215092428,200,1000,18,0.4226788889507379,0.36992323241313335,1125.3187895466363,3763.345812681283,12638.45850043066,23266.355185644647,761.4713703251298,1007.8048352484943,654.6004093277725,490.45562694856454,0.1,
freMTPL2sev,nanoTabPFN-ACB0-s92,ACB0,92,6,50.0,50.0,1.1854456215092428,200,1000,7,0.48341670763418426,0.39861384565379676,870.1632421689592,2580.4366983557834,9387.046804773296,20405.73298784436,810.7280614989737,1006.9644855668693,691.7125524667214,480.2946939341333,0.1,
freMTPL2sev,nanoTabPFN-ACB0-s92,ACB0,92,7,1.0,1.0,1.19414259733653,200,1000,76,2.2795893112715433,2.118104068664967,1193.2327620001513,3730.594990677457,508963.8588832172,669040.2477715134,1086.2305431699265,1689.2261080131163,4982.606323625806,665.3836217383379,0.1,
freMTPL2sev,nanoTabPFN-ACB0-s92,ACB0,92,7,4.0,4.0,1.19414259733653,200,1000,56,0.4917288003675628,0.38053365245933296,1208.5251135294297,3251.1314136503815,11102.936807613218,2180961.873903952,1088.2622183609856,1652.8171572202752,1499.2055603719725,2168.6336872985325,0.1,
freMTPL2sev,nanoTabPFN-ACB0-s92,ACB0,92,7,20.0,20.0,1.19414259733653,200,1000,18,0.5926389155853355,0.47168046393869706,1207.428190754705,3133.9193649545314,12651.658408630577,23101.06249327798,1088.1326090344335,1647.6684465556762,1359.2874463814583,1157.600651894574,0.1,
freMTPL2sev,nanoTabPFN-ACB0-s92,ACB0,92,7,50.0,50.0,1.19414259733653,200,1000,7,0.5013668433929237,0.3945525648872006,819.0379575869711,2226.5821915700208,7747.388383071585,23444.27692529612,1149.1778262414916,1649.3487856104034,1420.4232956851072,1125.1181654315521,0.1,
freMTPL2sev,nanoTabPFN-ACB0-s92,ACB0,92,8,1.0,1.0,1.136106439030618,200,1000,85,2.1413365899530494,1.9428702082091478,1179.0898933711123,3114.117256318963,282374.35461250274,398438.85897454235,614.8835453129072,788.8674274464545,2803.2174605746204,396.4703711061648,0.1,
freMTPL2sev,nanoTabPFN-ACB0-s92,ACB0,92,8,4.0,4.0,1.136106439030618,200,1000,58,0.18081092200619506,0.07930977201296789,1156.0034004665686,2846.9607037180126,6298.3454180445515,1232139.8744658306,615.3430404742269,789.4589241062052,564.0327557427405,1230.1463288657967,0.1,
freMTPL2sev,nanoTabPFN-ACB0-s92,ACB0,92,8,20.0,19.999999999999996,1.136106439030618,200,1000,17,0.3392881994535919,0.22892526593420226,1146.461777337352,2862.5409016012472,7784.037790395373,13081.803598158625,617.9701244128627,790.0002160076084,460.16603883860563,278.9581343429242,0.1,
freMTPL2sev,nanoTabPFN-ACB0-s92,ACB0,92,8,50.0,49.999999999999986,1.136106439030618,200,1000,6,0.10728820773416119,0.06053850690575129,1049.7076126896236,2997.041959649421,6376.140939822261,11013.21697764927,631.5546649445262,789.7865479849368,503.0973395942824,313.3487652626061,0.1,
freMTPL2sev,nanoTabPFN-ACB0-s92,ACB0,92,9,1.0,1.0,1.1234946508703478,200,1000,81,2.227607117544861,2.0297708247583195,1159.4269978512837,3046.318651985915,329651.94542981015,456867.3612901957,616.6233261996508,774.23104943231,3286.788212755772,455.02699900113805,0.1,
freMTPL2sev,nanoTabPFN-ACB0-s92,ACB0,92,9,4.0,4.0,1.1234946508703478,200,1000,56,0.35799165073707906,0.2384929508023178,1138.6481500942489,2795.2440305222144,7662.012901332582,1477665.4582000542,617.9203513003251,774.1934267365924,760.090774961781,1474.8992010807585,0.1,
freMTPL2sev,nanoTabPFN-ACB0-s92,ACB0,92,9,20.0,20.0,1.1234946508703478,200,1000,15,0.4830125640998562,0.3519439702316488,1080.683206407978,2664.420773285916,8659.231415119644,14945.343865408555,627.3028439572663,776.3001460951552,500.79711977023396,379.9470200583965,0.1,
freMTPL2sev,nanoTabPFN-ACB0-s92,ACB0,92,9,50.0,50.0,1.1234946508703478,200,1000,6,0.35626474724762985,0.26449109591955683,873.8446878011796,2368.8894309030125,6697.21441342028,12514.042844863794,667.0625678731571,784.0385309177731,525.0048593591333,394.7623301901417,0.1,
freMTPL2sev,nanoTabPFN-ACB0-s92,ACB0,92,10,1.0,1.0,1.147356649420444,200,1000,76,2.288965874204433,2.137107968823629,1140.5904664811085,3770.1476995746775,527021.3814729443,723777.8802658203,559.9252351142023,1137.8491199615112,5278.252143013364,722.1781023596791,0.1,
freMTPL2sev,nanoTabPFN-ACB0-s92,ACB0,92,10,4.0,4.000000000000001,1.147356649420444,200,1000,55,0.4488793348470289,0.35668444431095536,1148.1954233457705,3331.424968617862,10881.363897122641,2095359.8851135694,560.1130045408984,1343.0065764272144,2634.216273790243,2143.1345586491743,0.1,
freMTPL2sev,nanoTabPFN-ACB0-s92,ACB0,92,10,20.0,20.0,1.147356649420444,200,1000,16,0.38677002806859884,0.3280382816759635,1106.3782528587667,3488.541275656336,10850.52560251057,18183.902615846695,574.5131858410782,726.1298101033186,452.15625347269497,363.32634898628316,0.1,
freMTPL2sev,nanoTabPFN-ACB0-s92,ACB0,92,10,50.0,49.999999999999986,1.147356649420444,200,1000,7,0.45268419632949547,0.36934115516408395,840.1119717846559,2386.1823282510695,8209.84175108501,16883.539563541613,626.2163123108512,703.9823212764218,401.53722531056,268.9935495436292,0.1,
freMTPL2sev,nanoTabPFN-ACB0-s92,ACB0,92,11,1.0,1.0,1.164783103496827,200,1000,81,2.1364033369600297,2.0057468330389994,1194.2861487628015,4285.326941308014,439165.7034588739,518513.71553338843,714.5905384152458,988.9018856582856,4369.564439504647,516.373507543847,0.1,
freMTPL2sev,nanoTabPFN-ACB0-s92,ACB0,92,11,4.0,3.999999999999999,1.164783103496827,200,1000,58,0.4638369755119116,0.3380728333943469,1188.4437437957436,2995.9461237247924,9538.692597953359,1739172.1783960846,714.1657273198792,942.5842982547082,898.7345965120951,1727.9319825957868,0.1,
freMTPL2sev,nanoTabPFN-ACB0-s92,ACB0,92,11,20.0,20.000000000000004,1.164783103496827,200,1000,17,0.4063279239836131,0.31093473724151205,1196.6656474044637,3265.270309079579,10020.850343555076,17231.149148867273,716.5871507408522,944.6401047781934,566.4979211869205,376.9109154881925,0.1,
freMTPL2sev,nanoTabPFN-ACB0-s92,ACB0,92,11,50.0,49.99999999999999,1.164783103496827,200,1000,7,0.28608101584101203,0.22828101604050746,1016.6480748584577,3064.952101848333,8177.116875353109,16006.652405911895,734.9902426429375,943.9091163283873,599.0714163548545,386.83716920388383,0.1,
freMTPL2sev,nanoTabPFN-ACB0-s92,ACB0,92,12,1.0,1.0,1.175978266476459,200,1000,73,2.2762183789070862,2.1495055042810263,1138.6679285191303,4121.060161465603,589683.0965657346,836865.410430337,1213.289583732665,1945.5884575639982,6419.221148549613,1281.8976606305355,0.1,
freMTPL2sev,nanoTabPFN-ACB0-s92,ACB0,92,12,4.0,4.0,1.175978266476459,200,1000,55,0.5617038765195278,0.4643053218018458,1164.0974713122491,3435.5600692860216,13381.3138678438,2812057.6944361418,1212.4673061733324,1890.2290821667243,2428.245568940037,2786.9493686442893,0.1,
freMTPL2sev,nanoTabPFN-ACB0-s92,ACB0,92,12,20.0,20.000000000000004,1.175978266476459,200,1000,17,0.564885092725494,0.46520587405122366,1233.5044185853653,3494.3909108131115,13702.525083707631,29011.349882049482,1226.2324831262752,1892.5006041554338,1653.6375878720341,1502.050843701705,0.1,
freMTPL2sev,nanoTabPFN-ACB0-s92,ACB0,92,12,50.0,50.00000000000001,1.175978266476459,200,1000,7,0.4509226507870256,0.40461370397282675,722.7501807548197,2489.9242823460017,8822.687014690066,27465.96150809856,1288.4179183632205,1875.5396884397007,1694.0437724171636,1394.1857488268251,0.1,
freMTPL2sev,nanoTabPFN-ACB0-s92,ACB0,92,13,1.0,1.0,1.1786751521777412,200,1000,75,2.240802180615765,2.082391867189785,1130.407460344423,3260.5047127127045,436361.53813466115,672365.4539799736,859.4747318983243,1593.1741152226984,4112.083470003052,667.6682783224005,0.1,
freMTPL2sev,nanoTabPFN-ACB0-s92,ACB0,92,13,4.0,4.0,1.1786751521777412,200,1000,56,0.5027353694358211,0.3554416281522382,1126.5604911821533,2715.3575646156587,8775.731511691221,2031382.6067603736,858.733488262577,1183.0742573037612,2114.486092844309,1942.9648488295431,0.1,
freMTPL2sev,nanoTabPFN-ACB0-s92,ACB0,92,13,20.0,19.999999999999996,1.1786751521777412,200,1000,17,0.6197160893362614,0.46772393947206475,1115.7820228578587,2822.532367175213,12080.787438139298,23728.997141255757,866.5255618539653,1169.3259566552874,726.7706624625874,830.072219654506,0.1,
freMTPL2sev,nanoTabPFN-ACB0-s92,ACB0,92,13,50.0,50.0,1.1786751521777412,200,1000,7,0.3940814766180092,0.34240709039347644,709.0613762199418,2120.1209958560316,6809.94483296481,20236.730169950548,940.7343615227738,1203.3533938196524,832.5959365207726,537.6913173480104,0.1,
freMTPL2sev,nanoTabPFN-ACB0-s92,ACB0,92,14,1.0,1.0,1.1965429575690185,200,1000,80,2.2624167766592795,2.0435160246939623,1155.8524374974795,2789.9915758187053,311784.6200372017,474180.52660448395,585.3951831542656,727.481252072864,3095.5239055760017,472.2815109710624,0.1,
freMTPL2sev,nanoTabPFN-ACB0-s92,ACB0,92,14,4.0,3.9999999999999996,1.1965429575690185,200,1000,57,0.3498738815073081,0.20679402453715992,1141.3582284848699,2602.1061937295435,6759.138333279857,1439055.182881236,585.9795902900485,729.0313142685632,900.9169958238597,1428.8396720509247,0.1,
freMTPL2sev,nanoTabPFN-ACB0-s92,ACB0,92,14,20.0,19.999999999999996,1.1965429575690185,200,1000,18,0.5059421900370504,0.3700361238452857,1105.3145727429426,2690.8847582140393,9015.911647168126,16347.149693244362,590.163727588551,727.832115061155,429.5787244927719,360.37157615840016,0.1,
freMTPL2sev,nanoTabPFN-ACB0-s92,ACB0,92,14,50.0,50.00000000000001,1.1965429575690185,200,1000,7,0.44212496850169736,0.3202433676445267,838.3747851839717,2139.906324205554,6636.983167294175,15062.299551180908,641.3743958247746,744.3975245322417,468.1337407185376,292.15888476325324,0.1,
freMTPL2sev,nanoTabPFN-ACB0-s92,ACB0,92,15,1.0,1.0,1.1573767754633546,200,1000,81,2.26835980705277,1.9686196363524486,1155.9854568542823,2327.9172221254967,216110.85293178048,389077.8167853416,651.801645659224,856.2985931250521,2098.3141153248584,386.65331557032664,0.1,
freMTPL2sev,nanoTabPFN-ACB0-s92,ACB0,92,15,4.0,4.000000000000001,1.1573767754633546,200,1000,57,0.4370865593685829,0.17482825825549997,1127.9602212997993,2099.26364964427,5060.7915212273365,1037208.3520977113,653.6113845797968,865.3418320471734,727.0942483448213,991.6525598536522,0.1,
freMTPL2sev,nanoTabPFN-ACB0-s92,ACB0,92,15,20.0,20.000000000000004,1.1573767754633546,200,1000,17,0.6429401808347293,0.43848479721395284,1045.2443415481014,2096.6470664009476,7906.0180641848965,13782.621636126203,668.5180676687711,866.8899210766629,526.192633099648,351.137439969033,0.1,
freMTPL2sev,nanoTabPFN-ACB0-s92,ACB0,92,15,50.0,49.99999999999999,1.1573767754633546,200,1000,7,0.4220752554465359,0.26781936506520615,767.9044063039105,1627.8320347545655,4811.5922835728215,11417.606499536683,727.0065306620884,896.0501698801748,611.1805644867213,390.1795534383826,0.1,
freMTPL2sev,nanoTabPFN-ACB0-s92,ACB0,92,16,1.0,1.0,1.137168524824101,200,1000,73,2.463170827277515,2.260234341476507,1093.9142496120212,2772.2364812209207,537572.1877074165,754274.7636706559,1808.0453366138236,2938.2739111453184,6707.884442080282,1933.6333109591017,0.1,
freMTPL2sev,nanoTabPFN-ACB0-s92,ACB0,92,16,4.0,4.0,1.137168524824101,200,1000,54,0.9276590704939597,0.6908261760745039,1075.7061284063427,2218.144158104607,13331.689080775901,2607189.277904637,1810.1981718582892,2951.6170120014663,4121.43516371558,2558.3133574654507,0.1,
freMTPL2sev,nanoTabPFN-ACB0-s92,ACB0,92,16,20.0,20.000000000000004,1.137168524824101,200,1000,16,0.8997406432107318,0.6799714183200237,1133.4756258259686,2423.73293502683,14237.533673469494,25829.69117484457,1803.0915572431627,2946.1823896437186,2845.143435102807,3020.1006290713362,0.1,
freMTPL2sev,nanoTabPFN-ACB0-s92,ACB0,92,16,50.0,50.0,1.137168524824101,200,1000,6,0.49092080284219203,0.4388410424629379,659.9483520830017,2251.0555610765296,8536.3904139394,23250.451229738643,1907.5663310842692,2938.975273436121,2857.642926822747,2709.7570790300965,0.1,
freMTPL2sev,nanoTabPFN-ACB0-s92,ACB0,92,17,1.0,1.0,1.079374777864354,200,1000,79,2.353618293195518,2.1360572437391068,1139.5328983319057,2801.404574668635,387643.98281973286,505283.29455318826,523.638349170082,617.3538043912062,3853.116772444945,503.50163711697365,0.1,
freMTPL2sev,nanoTabPFN-ACB0-s92,ACB0,92,17,4.0,3.9999999999999996,1.079374777864354,200,1000,51,0.7775086026858967,0.5410137361860498,1079.2766960752338,2259.2256052037214,9758.532808901931,1662846.0000436488,532.7286888340271,684.5569003766946,547.5914991889433,1655.046073116301,0.1,
freMTPL2sev,nanoTabPFN-ACB0-s92,ACB0,92,17,20.0,20.0,1.079374777864354,200,1000,13,0.6253892424180426,0.4646295037767693,1023.739220325376,2361.864657384515,9300.864386364934,15541.870343216513,541.7691678896861,621.5834636082582,314.1004788292429,180.13369064337604,0.1,
freMTPL2sev,nanoTabPFN-ACB0-s92,ACB0,92,17,50.0,50.000000000000014,1.079374777864354,200,1000,5,0.6192140565872117,0.47230875300175856,758.5612477528416,1821.981036653745,7288.14211329777,16820.38315449331,597.3930354458445,650.3230640826024,339.70920538074154,164.08523171125506,0.1,
freMTPL2sev,nanoTabPFN-ACB0-s92,ACB0,92,18,1.0,1.0,1.1977691152122871,200,1000,78,2.220368804305035,2.0520541016399463,1154.6239411311644,3563.3819743047497,426706.69028985105,553151.4551308595,943.1646811567624,1351.3396436350133,4140.855465019329,549.5510633414254,0.1,
freMTPL2sev,nanoTabPFN-ACB0-s92,ACB0,92,18,4.0,4.0,1.1977691152122871,200,1000,57,0.3869113644624338,0.2708650905757812,1123.0238305280889,2949.599549445106,8661.393882439777,1664028.4560513394,945.4494691839856,1350.8106910529275,1397.7334752759402,1603.0073976313076,0.1,
freMTPL2sev,nanoTabPFN-ACB0-s92,ACB0,92,18,20.0,20.0,1.1977691152122871,200,1000,18,0.4684399933223675,0.3724754363106159,1081.3156186057852,3040.9234980544693,10139.175904101276,18952.12723663787,955.396690939465,1343.653976172115,1003.7092934522575,833.3175469329188,0.1,
freMTPL2sev,nanoTabPFN-ACB0-s92,ACB0,92,18,50.0,49.99999999999999,1.1977691152122871,200,1000,7,0.41637506019576276,0.33218346918260466,835.03589315615,2506.0043787096142,7981.733372561412,17445.306447110495,1006.9911737155885,1359.4857385747523,1049.0295731960293,820.2758956304856,0.1,
freMTPL2sev,nanoTabPFN-ACB0-s92,ACB0,92,19,1.0,1.0,1.1486175839016612,200,1000,82,2.330625430240993,2.0221024466198174,1159.0760073168308,2187.189899225949,230509.48100352735,396599.52903313516,1127.8236164430632,1684.9361147379118,2410.707379019335,393.9803299139752,0.1,
freMTPL2sev,nanoTabPFN-ACB0-s92,ACB0,92,19,4.0,4.0,1.1486175839016612,200,1000,57,0.6218591760103538,0.2945082624741654,1114.0095245632224,1896.6080177291071,5647.3243297482095,1156419.1473982027,1132.2655945201147,1711.8554436972213,1676.1755696547011,1133.7292386476868,0.1,
freMTPL2sev,nanoTabPFN-ACB0-s92,ACB0,92,19,20.0,20.0,1.1486175839016612,200,1000,17,0.6827291598738329,0.47750581510202783,1050.4354619352614,2103.850744589554,8427.17225229986,14871.525645005153,1142.6475904796023,1692.0924743505861,1342.7946183811698,1132.3290174595304,0.1,
freMTPL2sev,nanoTabPFN-ACB0-s92,ACB0,92,19,50.0,49.99999999999999,1.1486175839016612,200,1000,7,0.47712921301805183,0.3111016349245101,773.0693318277822,1643.5557882212252,5356.6678936813305,12521.810764269976,1209.1972554066488,1736.570452510336,1463.949930048034,1184.3584418295316,0.1,
freMTPL2sev,nanoTabPFN-A0B0-s93,A0B0,93,0,1.0,1.0,1.1348193864384903,200,1000,76,2.384439334433441,2.1787564076525103,1145.1646473161131,2983.9031095615555,455877.5852285423,610087.5680185439,950.9601724045639,1379.5231243849312,4516.704230428532,607.306105283269,0.1,
freMTPL2sev,nanoTabPFN-A0B0-s93,A0B0,93,0,4.0,4.0,1.1348193864384903,200,1000,55,2.9056577762408353,2.6774536929652197,1051.9264801499926,2437.838494766038,1193210.7462212162,2373490.1407387145,967.0960414835384,2551.993748649399,12116.07352190008,2372.9760377070725,0.1,
freMTPL2sev,nanoTabPFN-A0B0-s93,A0B0,93,0,20.0,19.999999999999996,1.1348193864384903,200,1000,16,2.900075276751762,2.6165860282064264,1312.1907247095821,2676.7859315174182,1206378.6980227302,11385862.390813012,972.6695379725345,4211.132412959192,23811.066808513624,11385.86419304302,0.1,
freMTPL2sev,nanoTabPFN-A0B0-s93,A0B0,93,0,50.0,49.99999999999999,1.1348193864384903,200,1000,6,-0.03184032005974564,-0.048591058718619115,1381.354533957469,4169.5288221835635,7911.166166048222,26019103.84066724,989.6229332108198,4677.726650116549,18288.91331285895,25992.15309587602,0.1,
freMTPL2sev,nanoTabPFN-A0B0-s93,A0B0,93,1,1.0,1.0,1.1614900055184356,200,1000,70,2.6104272514342406,2.3835403312293812,1086.3297015831965,2905.9157389697966,751350.3875620615,1076146.4508177629,469.4356110327107,1178.0227194551915,7307.916435334298,1072.627196309406,0.1,
freMTPL2sev,nanoTabPFN-A0B0-s93,A0B0,93,1,4.0,3.9999999999999996,1.1614900055184356,200,1000,54,3.0058234159652484,2.7772249636053523,1096.6856516579367,2365.74712817073,1714167.3453670866,4170745.4797781897,468.39879305655904,564.86008261997,17228.597709226662,4167.2742127971005,0.1,
freMTPL2sev,nanoTabPFN-A0B0-s93,A0B0,93,1,20.0,19.999999999999996,1.1614900055184356,200,1000,17,1.5022499519980517,1.2979852904724316,1548.287790544765,3757.56343459222,78813.33626103066,19731310.35101661,556.0494003944003,589.5227141174033,28417.037423418147,19687.39487300063,0.1,
freMTPL2sev,nanoTabPFN-A0B0-s93,A0B0,93,1,50.0,49.99999999999999,1.1614900055184356,200,1000,7,-0.01647322240535607,0.023953847807927198,1504.6902089673704,6460.395965118223,13338.823297078245,46270092.203392126,546.6776032308636,716.6338797585498,31499.48986581383,46096.304103308365,0.1,
freMTPL2sev,nanoTabPFN-A0B0-s93,A0B0,93,2,1.0,1.0,1.1331926067717273,200,1000,76,2.4423664582051763,2.20084372527506,1125.2635279102046,2602.0891470435886,424401.00633727893,545250.9607397908,669.7609294656364,903.7957704599311,4171.762426286738,542.7090656491956,0.1,
freMTPL2sev,nanoTabPFN-A0B0-s93,A0B0,93,2,4.0,3.999999999999999,1.1331926067717273,200,1000,55,2.873660908500797,2.6465068640323337,962.0753112184517,2223.4971569891886,1016656.4666830956,2109458.8667546753,700.824947658234,962.2845892668965,10194.720889432192,2107.92311679144,0.1,
freMTPL2sev,nanoTabPFN-A0B0-s93,A0B0,93,2,20.0,20.0,1.1331926067717273,200,1000,16,3.1156700347211315,2.8671081097460274,1170.5036796173645,2403.8867368493784,1791867.1554889656,10213074.287775459,667.1852702541045,1109.410530700063,24191.198314279816,10162.961119784735,0.1,
freMTPL2sev,nanoTabPFN-A0B0-s93,A0B0,93,2,50.0,50.00000000000001,1.1331926067717273,200,1000,6,0.753807621657803,0.6456825316631539,1284.823317993525,3772.919639637485,20388.108097855224,23915856.945914276,692.1772568366385,1352.8886512533272,21259.451603581816,23695.360211574265,0.1,
freMTPL2sev,nanoTabPFN-A0B0-s93,A0B0,93,3,1.0,1.0,1.150142410703785,200,1000,76,2.4098412730031895,2.2022683644494863,1137.5993577687627,2902.6829128479017,470354.23522405105,618452.2954127702,800.5206117607266,1112.9492754434486,4691.863892091546,616.2627211831633,0.1,
freMTPL2sev,nanoTabPFN-A0B0-s93,A0B0,93,3,4.0,4.0,1.150142410703785,200,1000,55,2.9055945884746572,2.677595971405238,1057.4038222589986,2512.1009440841085,1215300.8630863773,2403380.317310412,814.5880609887885,1147.076982685458,11798.273177615614,2397.7587192505866,0.1,
freMTPL2sev,nanoTabPFN-A0B0-s93,A0B0,93,3,20.0,20.0,1.150142410703785,200,1000,16,2.858394410468618,2.5651839905568066,1325.2825120656498,2676.0173886302287,996723.585361547,11503169.006451797,825.712190680422,1294.3220730194948,22315.784397198287,11452.141633543542,0.1,
freMTPL2sev,nanoTabPFN-A0B0-s93,A0B0,93,3,50.0,49.999999999999986,1.150142410703785,200,1000,7,0.10307452929044632,0.07022438435760948,1367.9094554595322,4196.170862797462,9148.932798946827,26784292.3883353,836.085390009074,1495.9070666632417,18097.203246831617,26531.669003333533,0.1,
freMTPL2sev,nanoTabPFN-A0B0-s93,A0B0,93,4,1.0,1.0,1.1160776215424169,200,1000,76,2.1862082039463515,2.065514624655765,1130.8645428653958,4347.44788032048,517437.5258601069,673456.9382686396,924.806078125961,1382.860832149413,5435.031873380651,775.011769965492,0.1,
freMTPL2sev,nanoTabPFN-A0B0-s93,A0B0,93,4,4.0,4.0,1.1160776215424169,200,1000,54,2.7511210342665877,2.587814732099855,1060.3565687724285,3097.2065570902037,1219532.6253617096,2604675.5631480417,936.4889608328457,1353.4125511827244,11560.5563554599,2595.0781661208252,0.1,
freMTPL2sev,nanoTabPFN-A0B0-s93,A0B0,93,4,20.0,19.999999999999996,1.1160776215424169,200,1000,15,3.273385842697295,3.020609016609085,1367.4216317361074,3080.4341447292672,3354867.296924456,12742963.837874655,962.8583159959812,1382.7708796257693,35276.18304233309,12715.014192781575,0.1,
freMTPL2sev,nanoTabPFN-A0B0-s93,A0B0,93,4,50.0,50.0,1.1160776215424169,200,1000,6,0.05764164969281868,0.03011068686530974,1501.9781867613956,4576.239740341811,9479.57053528836,29151104.69168394,996.7300816143212,1406.7171019312684,19219.02063738627,28858.792465317703,0.1,
freMTPL2sev,nanoTabPFN-A0B0-s93,A0B0,93,5,1.0,1.0,1.1035653784113189,200,1000,80,2.2040663965746985,2.0362349753175595,1144.7864184327918,3409.8248066339747,374308.6692668771,488904.79171815445,797.7969780170781,1129.9094862547688,3673.427022461187,486.11130426428264,0.1,
freMTPL2sev,nanoTabPFN-A0B0-s93,A0B0,93,5,4.0,3.9999999999999996,1.1035653784113189,200,1000,54,2.6942607028094825,2.5018070597407203,1021.7347053207386,2432.6051008558607,832537.2847369323,1885459.6186256004,819.9328710922955,1146.7809400414865,8107.7880463756865,1879.3422210742688,0.1,
freMTPL2sev,nanoTabPFN-A0B0-s93,A0B0,93,5,20.0,20.0,1.1035653784113189,200,1000,14,3.212717657489487,2.9349978351053716,1208.8908696268497,2491.5124789886568,2288405.791089545,9234440.951393157,800.0846245369843,1164.0382617466696,25885.80452161526,9216.853360809293,0.1,
freMTPL2sev,nanoTabPFN-A0B0-s93,A0B0,93,5,50.0,50.00000000000001,1.1035653784113189,200,1000,6,0.0002186917551064567,-0.049301156950537155,1354.354620357648,3586.1385184579644,6776.990553661257,21100994.911324646,830.9866067304246,1132.1063631641316,16492.434516487676,20889.055215387805,0.1,
freMTPL2sev,nanoTabPFN-A0B0-s93,A0B0,93,6,1.0,1.0,1.1854456215092428,200,1000,76,2.2112661783086773,2.089194779232321,1139.7927673263343,4381.1809730652985,548262.2017197115,701483.1656124908,755.9992852931153,1028.8079851706416,5437.918036487131,699.0369313506586,0.1,
freMTPL2sev,nanoTabPFN-A0B0-s93,A0B0,93,6,4.0,4.0,1.1854456215092428,200,1000,56,2.7449976564456233,2.5770743367929114,1070.887681870468,3167.158636517414,1211076.2290992239,2703440.326979636,767.0462763533646,1005.1234212739517,12017.421579920388,2700.457695213905,0.1,
freMTPL2sev,nanoTabPFN-A0B0-s93,A0B0,93,6,20.0,19.999999999999996,1.1854456215092428,200,1000,18,3.233040112768035,3.004600390972087,1412.8382383175915,3204.3905618962567,3357809.020853826,13241051.824953511,800.6863567061704,1019.9225403114847,36976.72354274378,13211.697013655044,0.1,
freMTPL2sev,nanoTabPFN-A0B0-s93,A0B0,93,6,50.0,50.0,1.1854456215092428,200,1000,7,0.11205174367405814,0.07931416088071983,1552.9837820217163,4752.605382298869,10468.112325844597,30503860.113871254,834.5168470135646,1039.8091472030599,27095.879899347754,30169.16909089911,0.1,
freMTPL2sev,nanoTabPFN-A0B0-s93,A0B0,93,7,1.0,1.0,1.19414259733653,200,1000,76,2.260499613685071,2.112004158726493,1183.3321855872177,3891.809406151985,505327.0153761698,668678.2671395598,1085.644527041316,1666.9495870341611,5009.7457424642525,665.6548884614175,0.1,
freMTPL2sev,nanoTabPFN-A0B0-s93,A0B0,93,7,4.0,4.0,1.19414259733653,200,1000,56,2.8025900178525185,2.6150651626002395,1111.2956061341065,2941.4795622330175,1251192.1503589978,2593534.237692124,1089.816705181864,1798.2821060554609,12560.814431543635,2591.4250201715167,0.1,
freMTPL2sev,nanoTabPFN-A0B0-s93,A0B0,93,7,20.0,20.0,1.19414259733653,200,1000,18,3.02873733411218,2.799324423140905,1424.5340300546195,2957.9714330561583,1932695.5766319842,12529173.18940047,1139.0750041172228,2270.0916823297657,30592.502026935643,12526.921286906298,0.1,
freMTPL2sev,nanoTabPFN-A0B0-s93,A0B0,93,7,50.0,50.0,1.19414259733653,200,1000,7,0.8072465849502535,0.704141183189322,1468.163207197922,4534.720930363825,27510.91310978752,29364824.26857888,1152.994833592007,3294.8793791334065,33587.95513888238,29286.004766478396,0.1,
freMTPL2sev,nanoTabPFN-A0B0-s93,A0B0,93,8,1.0,1.0,1.136106439030618,200,1000,85,2.088715297148594,1.9042875895524038,1178.0684397211778,3214.8396573102104,265749.71926718694,396775.2709196091,614.6238426170629,788.5793626512265,2636.192578718127,394.80014361947764,0.1,
freMTPL2sev,nanoTabPFN-A0B0-s93,A0B0,93,8,4.0,4.0,1.136106439030618,200,1000,58,2.6563734866635107,2.44518344091802,1091.4263523025902,2772.8952904300263,768871.0383376658,1553964.111665261,622.9980315063586,786.6044753157084,7757.4812935723185,1552.882708827538,0.1,
freMTPL2sev,nanoTabPFN-A0B0-s93,A0B0,93,8,20.0,19.999999999999996,1.136106439030618,200,1000,17,3.1918721595344755,2.9275195951505584,1259.2559991032454,2726.549692059102,2287188.54454242,7608743.568591004,628.3492590329531,786.9849519500743,23637.94993937988,7602.556660059838,0.1,
freMTPL2sev,nanoTabPFN-A0B0-s93,A0B0,93,8,50.0,49.999999999999986,1.136106439030618,200,1000,6,0.6876575767368481,0.5091593051233972,1442.2782845844813,3262.8105062334625,13763.533734018916,17663342.083336692,673.1917111664264,790.1267113055736,14224.36949667649,17567.514847835166,0.1,
freMTPL2sev,nanoTabPFN-A0B0-s93,A0B0,93,9,1.0,1.0,1.1234946508703478,200,1000,81,2.1819209006529205,2.0049936874325427,1156.472285617705,3293.9057146184214,336557.66626111796,457557.4280969135,616.7088117099426,775.252167237196,3359.020775382866,455.74938087397487,0.1,
freMTPL2sev,nanoTabPFN-A0B0-s93,A0B0,93,9,4.0,4.0,1.1234946508703478,200,1000,56,2.7338614452658194,2.533775282487877,1037.4017920220087,2604.9745527494324,920621.1135585703,1784070.5460534943,634.6099674629946,824.0351205680068,9136.96736200597,1781.6360651670332,0.1,
freMTPL2sev,nanoTabPFN-A0B0-s93,A0B0,93,9,20.0,20.0,1.1234946508703478,200,1000,15,3.2018285288455375,2.9352281959879383,1218.4431010951878,2588.298176887156,2439158.152915517,8698683.427383654,620.8744229197356,824.0593827300828,25386.60024352605,8681.839815555482,0.1,
freMTPL2sev,nanoTabPFN-A0B0-s93,A0B0,93,9,50.0,50.0,1.1234946508703478,200,1000,6,0.03578541128418332,-0.032111689057185734,1346.7099555047957,3437.7187025084563,6625.899439631304,19864822.655091085,648.0446502051481,781.7326836215485,14351.414531259328,19651.003594391008,0.1,
freMTPL2sev,nanoTabPFN-A0B0-s93,A0B0,93,10,1.0,1.0,1.147356649420444,200,1000,76,2.243661349076316,2.109746781685659,1145.6932861958746,4018.185640535704,523435.0567626367,723421.5952855225,559.4582636503613,1355.040055752554,5276.448329143005,722.1601064439513,0.1,
freMTPL2sev,nanoTabPFN-A0B0-s93,A0B0,93,10,4.0,4.000000000000001,1.147356649420444,200,1000,55,2.4623998082254017,2.3051824454256713,1048.7252624453392,2971.4844277379375,659004.7474615063,2745798.5486040046,577.437743110914,1020.3486576351515,8759.299762405217,2757.7612087756297,0.1,
freMTPL2sev,nanoTabPFN-A0B0-s93,A0B0,93,10,20.0,20.0,1.147356649420444,200,1000,16,3.1551204834379294,2.952729438186509,1435.7987779761413,3228.3449388348067,2958371.648802962,13688806.51109475,617.3724056345812,1589.0633801484114,36673.572983854116,13673.41169663294,0.1,
freMTPL2sev,nanoTabPFN-A0B0-s93,A0B0,93,10,50.0,49.999999999999986,1.147356649420444,200,1000,7,-0.02382196119088159,-0.03793563141889843,1615.5710825533251,4919.086830431392,9429.043662811655,31277857.86723224,667.3692807660198,2831.3067192020653,25001.521556613156,31014.979988952273,0.1,
freMTPL2sev,nanoTabPFN-A0B0-s93,A0B0,93,11,1.0,1.0,1.164783103496827,200,1000,81,2.224438428317715,2.0593453391227747,1192.8321079000727,3594.5309927977714,414907.9975733942,516088.05611421296,714.3603623408081,948.3798745287289,4114.66145199097,513.8244742688976,0.1,
freMTPL2sev,nanoTabPFN-A0B0-s93,A0B0,93,11,4.0,3.999999999999999,1.164783103496827,200,1000,58,2.6735159831457334,2.472261065822262,1111.9424278118418,2829.718300110366,872235.7845083585,1981574.724886185,718.290107925688,942.9156474771275,8522.805965821315,1977.4362533522965,0.1,
freMTPL2sev,nanoTabPFN-A0B0-s93,A0B0,93,11,20.0,20.000000000000004,1.164783103496827,200,1000,17,3.197823575747887,2.9346871509997836,1360.3355465240513,2894.3564846111253,2584136.993311136,9724315.812889317,751.274708511082,1137.7094676149404,28309.321866559283,9714.886865269527,0.1,
freMTPL2sev,nanoTabPFN-A0B0-s93,A0B0,93,11,50.0,49.99999999999999,1.164783103496827,200,1000,7,0.09894037230377102,0.023651062056197884,1511.2632147385016,3867.6758144530727,7957.261146909337,22397909.141011223,789.500945813877,1116.9510391368367,18204.861489572948,22255.383545776713,0.1,
freMTPL2sev,nanoTabPFN-A0B0-s93,A0B0,93,12,1.0,1.0,1.175978266476459,200,1000,73,2.2983198410992562,2.1746432255118053,1101.8197179453405,4188.677163338267,638135.3519424653,841709.9364258072,1216.1769698958374,1929.6497508944165,6962.0841266383995,1287.8003317082057,0.1,
freMTPL2sev,nanoTabPFN-A0B0-s93,A0B0,93,12,4.0,4.0,1.175978266476459,200,1000,55,2.7960629579898924,2.639297097117879,1076.4274450092562,3212.0258156184536,1452713.1039160145,3252465.675039456,1219.8547563721017,1894.674037817129,14114.584844210614,3243.8778967295984,0.1,
freMTPL2sev,nanoTabPFN-A0B0-s93,A0B0,93,12,20.0,20.000000000000004,1.175978266476459,200,1000,17,2.666222856024678,2.426619726866734,1445.2702537176606,3349.3201005872443,896936.280054007,15618934.232626883,1277.7573609155716,1890.7077717345512,27899.472478563563,15584.382910866778,0.1,
freMTPL2sev,nanoTabPFN-A0B0-s93,A0B0,93,12,50.0,50.00000000000001,1.175978266476459,200,1000,7,0.09252723141041751,0.09957751304119988,1433.1952491936,5297.787198216733,11913.217923908222,36168715.87747581,1276.611918916018,1972.7252479520291,22739.082935207298,35934.48967454554,0.1,
freMTPL2sev,nanoTabPFN-A0B0-s93,A0B0,93,13,1.0,1.0,1.1786751521777412,200,1000,75,2.2766976866113438,2.1149882311362673,1099.2428073974065,3316.442681023874,485725.39955675986,677299.7002485928,863.5830136301403,2006.1131136623833,4694.24298627925,673.4921795176286,0.1,
freMTPL2sev,nanoTabPFN-A0B0-s93,A0B0,93,13,4.0,4.0,1.1786751521777412,200,1000,56,2.781347332216025,2.591606488114796,1034.8616497327882,2671.469341010247,1275531.0923088873,2638528.011469298,873.2355308459084,1374.6781931137261,11875.11223421314,2622.468332780829,0.1,
freMTPL2sev,nanoTabPFN-A0B0-s93,A0B0,93,13,20.0,19.999999999999996,1.1786751521777412,200,1000,17,2.8674469771180062,2.62409007206249,1320.30478314948,2836.666861857564,1201476.7843247475,12669100.565858332,885.6283413370313,1209.235065760777,27983.932762685537,12613.861932774334,0.1,
freMTPL2sev,nanoTabPFN-A0B0-s93,A0B0,93,13,50.0,50.0,1.1786751521777412,200,1000,7,0.8088710065637341,0.721768991242583,1308.3062336533194,4435.765866061838,27761.958495310602,29844372.880281527,884.2986513759229,1187.8343840154907,28707.169476756728,29538.79595199463,0.1,
freMTPL2sev,nanoTabPFN-A0B0-s93,A0B0,93,14,1.0,1.0,1.1965429575690185,200,1000,80,2.2580999803706834,2.048339180677363,1143.9160587481113,2876.517556545353,328949.7738385409,475897.7763573127,585.4818862685979,731.2323211039474,3271.4121379328076,474.04042621922525,0.1,
freMTPL2sev,nanoTabPFN-A0B0-s93,A0B0,93,14,4.0,3.9999999999999996,1.1965429575690185,200,1000,57,2.791795264534731,2.556486821876088,1039.8682813573296,2328.039730059297,877069.0915178431,1856136.9807245648,600.909800845494,947.8902041298937,8868.876441081527,1855.3919225734671,0.1,
freMTPL2sev,nanoTabPFN-A0B0-s93,A0B0,93,14,20.0,19.999999999999996,1.1965429575690185,200,1000,18,3.229151791380963,2.940352634348904,1223.2421795629843,2411.241649757434,2247632.8958030213,9061729.814463254,590.837019813197,797.4506005122762,26314.939254739413,9058.287403545753,0.1,
freMTPL2sev,nanoTabPFN-A0B0-s93,A0B0,93,14,50.0,50.00000000000001,1.1965429575690185,200,1000,7,0.026472012100965822,-0.02468670387899835,1287.4231492176505,3466.756274961882,6743.276155682943,20736718.372962825,606.5447958412664,732.8750509808897,20138.83302795056,20611.47890365319,0.1,
freMTPL2sev,nanoTabPFN-A0B0-s93,A0B0,93,15,1.0,1.0,1.1573767754633546,200,1000,81,2.299118815905479,2.043476523435653,1148.754169554399,2521.234314033379,286420.13282081124,396106.97871885344,651.9518645028064,847.6967502716866,2810.5072227837936,393.7751416131023,0.1,
freMTPL2sev,nanoTabPFN-A0B0-s93,A0B0,93,15,4.0,4.000000000000001,1.1573767754633546,200,1000,57,2.8736590843918215,2.5914922749278366,1027.2693493914176,1964.9967021568355,838086.1238444166,1550471.2791262034,672.9288492879728,1011.0575284470187,8119.791043176968,1546.00382186855,0.1,
freMTPL2sev,nanoTabPFN-A0B0-s93,A0B0,93,15,20.0,20.000000000000004,1.1573767754633546,200,1000,17,3.241209060567051,2.9147068151945534,1119.469907754213,2079.6306704891394,1770055.023443265,7505754.165722512,654.5066697994035,969.725094833897,20852.49205835958,7499.3173870000755,0.1,
freMTPL2sev,nanoTabPFN-A0B0-s93,A0B0,93,15,50.0,49.99999999999999,1.1573767754633546,200,1000,7,0.11199981892052156,0.0439528131579069,1130.0371817980968,2954.2581437553085,6195.752270007735,17296556.92109681,655.0122432268138,1037.052530086779,15864.010163954612,17175.52048757946,0.1,
freMTPL2sev,nanoTabPFN-A0B0-s93,A0B0,93,16,1.0,1.0,1.137168524824101,200,1000,73,2.492846776012544,2.2970707203944545,1059.574819662219,2904.980369962528,595209.7981183603,760039.2087078901,1814.5075156386285,3114.2635634204207,7272.618780120039,1930.280855439493,0.1,
freMTPL2sev,nanoTabPFN-A0B0-s93,A0B0,93,16,4.0,4.0,1.137168524824101,200,1000,54,2.719773236003013,2.508423465324738,992.1045140768238,2216.665050371408,867618.3181305807,2884802.25240043,1826.7996690705372,2985.6787270871505,9313.549660292854,2871.6025180853994,0.1,
freMTPL2sev,nanoTabPFN-A0B0-s93,A0B0,93,16,20.0,20.000000000000004,1.137168524824101,200,1000,16,2.664691174930007,2.4327051400185975,1295.6879799923363,2965.7604534030925,1171378.5045360306,14101355.73669853,1824.3861489896788,5025.8493117373255,28726.576872099547,14029.618404491488,0.1,
freMTPL2sev,nanoTabPFN-A0B0-s93,A0B0,93,16,50.0,50.0,1.137168524824101,200,1000,6,0.7000673607485056,0.6357810221961424,1439.9105494488467,4943.165937413925,26725.77983823402,33269056.418278642,1865.0143795188299,6794.072437236054,28813.744967777955,32934.7909605774,0.1,
freMTPL2sev,nanoTabPFN-A0B0-s93,A0B0,93,17,1.0,1.0,1.079374777864354,200,1000,79,2.3379551942564567,2.122878760250909,1134.842336749266,2825.9652313628085,382342.0651269546,504752.16189345915,524.1453546999929,624.2176935409499,3815.5953123567724,503.12650547772375,0.1,
freMTPL2sev,nanoTabPFN-A0B0-s93,A0B0,93,17,4.0,3.9999999999999996,1.079374777864354,200,1000,51,2.8548851864750437,2.6220831899063017,994.8603444009487,2258.553604975497,1004178.8919592213,1962934.8859130372,547.9239114485868,746.5931036469685,10051.601023291885,1961.4794609533276,0.1,
freMTPL2sev,nanoTabPFN-A0B0-s93,A0B0,93,17,20.0,20.0,1.079374777864354,200,1000,13,3.2252969608265887,2.9401009477683715,1218.4083617004965,2408.56889619669,2108136.5559505634,9518220.597211517,528.9638947988186,1175.7096569148543,23812.715407720727,9495.782594633152,0.1,
freMTPL2sev,nanoTabPFN-A0B0-s93,A0B0,93,17,50.0,50.000000000000014,1.079374777864354,200,1000,5,0.05038998134497644,-0.006852653676957581,1357.3498933941678,3653.591752603573,7274.826977977244,21884281.665894903,563.3861002722705,2112.6091509575695,12042.02700279583,21747.69976679791,0.1,
freMTPL2sev,nanoTabPFN-A0B0-s93,A0B0,93,18,1.0,1.0,1.1977691152122871,200,1000,78,2.167489574507868,2.0254606845467196,1144.115683646387,3911.8593419368663,426982.9721368395,553178.953093927,943.7644437303421,1347.5139057142733,4161.168815716522,549.7541403412946,0.1,
freMTPL2sev,nanoTabPFN-A0B0-s93,A0B0,93,18,4.0,4.0,1.1977691152122871,200,1000,57,2.706725057788101,2.5404336137202694,1032.128186088883,2842.024258038652,1029338.6423250013,2141118.9351678444,963.8147041302636,1357.6837724629006,10099.415903843836,2136.4869840477095,0.1,
freMTPL2sev,nanoTabPFN-A0B0-s93,A0B0,93,18,20.0,20.0,1.1977691152122871,200,1000,18,3.2587533857782733,2.991126333990026,1264.153588616685,2704.0191638628494,2853814.46666508,10470747.995084036,956.3883463538813,1381.788739110125,31356.381132367555,10454.940881970628,0.1,
freMTPL2sev,nanoTabPFN-A0B0-s93,A0B0,93,18,50.0,49.99999999999999,1.1977691152122871,200,1000,7,0.41088238971058855,0.32750618881496063,1356.5059073430693,3885.719761898613,12119.810285316024,24181220.6133223,977.1060871631689,1366.3648227514327,23316.606777506448,23986.800644191422,0.1,
freMTPL2sev,nanoTabPFN-A0B0-s93,A0B0,93,19,1.0,1.0,1.1486175839016612,200,1000,82,2.385663014837719,2.072030264889562,1138.772302814931,2199.8870050680334,275414.47068469005,401089.29038067197,1128.5444929767293,1682.2692061944647,2741.8751823159027,397.9561096661759,0.1,
freMTPL2sev,nanoTabPFN-A0B0-s93,A0B0,93,19,4.0,4.0,1.1486175839016612,200,1000,57,2.938541944837742,2.6278288139925228,1014.3407500896096,1907.1856938915546,877216.0148779303,1578677.639378732,1152.5116418482892,1708.5356411573277,8752.245062529206,1575.788328196334,0.1,
freMTPL2sev,nanoTabPFN-A0B0-s93,A0B0,93,19,20.0,20.0,1.1486175839016612,200,1000,17,3.041290517012718,2.7243088475326114,1128.9429462812807,2068.3572862536303,1169860.419028063,7567040.5801910125,1130.1434661083183,1727.7367620268783,17815.710012229007,7558.327917967953,0.1,
freMTPL2sev,nanoTabPFN-A0B0-s93,A0B0,93,19,50.0,49.99999999999999,1.1486175839016612,200,1000,7,0.11338843503168723,0.03873582889614502,1162.0110842114668,3019.129551758813,6322.130800386523,17546765.45841182,1130.6982237961947,1664.7870967444717,15004.597861987806,17484.085144123157,0.1,
freMTPL2sev,nanoTabPFN-A1B0-s93,A1B0,93,0,1.0,1.0,1.1348193864384903,200,1000,76,2.085037379710967,1.990886428239185,1177.3799943108959,5417.313362774925,536217.1662715223,618119.4410574035,949.778933305878,1446.4391508309636,5319.288102643661,615.3318666854997,0.1,
freMTPL2sev,nanoTabPFN-A1B0-s93,A1B0,93,0,4.0,4.0,1.1348193864384903,200,1000,55,0.4297083470466274,0.28368919615645594,1103.7994886421798,2582.929034696409,7525.675166202713,1644355.5222461163,957.1405180446143,1383.0629460775313,1123.630675277506,1591.8662011082242,0.1,
freMTPL2sev,nanoTabPFN-A1B0-s93,A1B0,93,0,20.0,19.999999999999996,1.1348193864384903,200,1000,16,0.6684681804897525,0.5524905962394557,1234.681289644963,3415.8299516986,15681.700095023249,67812.47249575413,956.7954410136455,1385.2612922529465,1079.8254957420222,663.2511456721321,0.1,
freMTPL2sev,nanoTabPFN-A1B0-s93,A1B0,93,0,50.0,49.99999999999999,1.1348193864384903,200,1000,6,0.5588463643904246,0.4927032955676533,894.2185491808104,3238.8848884963336,13317.400504089153,58268.21642862112,996.9988243168505,1381.7240016816634,1073.3654072133563,733.8955198666735,0.1,
freMTPL2sev,nanoTabPFN-A1B0-s93,A1B0,93,1,1.0,1.0,1.1614900055184356,200,1000,70,2.329498240574916,2.227632318363682,1058.1857897503191,4873.336658976565,834314.595172619,1084443.4391980502,478.1646725541337,623.5070183965029,8091.462103854334,1080.4628215195676,0.1,
freMTPL2sev,nanoTabPFN-A1B0-s93,A1B0,93,1,4.0,3.9999999999999996,1.1614900055184356,200,1000,54,0.42672804737375924,0.34099577768035977,1188.207188291357,3362.150642675676,10790.497497931166,2322109.304778533,462.2266613224152,547.3837648710253,270.10874547787813,1976.2284229512545,0.1,
freMTPL2sev,nanoTabPFN-A1B0-s93,A1B0,93,1,20.0,19.999999999999996,1.1614900055184356,200,1000,17,0.7381997588734039,0.595513373977572,1506.8025708612463,3860.9270661532237,19259.79733982213,84011.47285681523,541.6564411707831,563.1972804402671,253.88155998296088,126.15994936349178,0.1,
freMTPL2sev,nanoTabPFN-A1B0-s93,A1B0,93,1,50.0,49.99999999999999,1.1614900055184356,200,1000,7,0.6050889962478929,0.5906227774608431,682.95871922478,3016.817571372615,16397.06997068339,93489.39096261382,553.6338164865609,552.8152214656022,244.75755895951588,94.25630264707475,0.1,
freMTPL2sev,nanoTabPFN-A1B0-s93,A1B0,93,2,1.0,1.0,1.1331926067717273,200,1000,76,2.2227568569868046,2.0760696218648333,1157.808234106274,3835.561842425883,461049.71511322714,548915.6973648351,666.7857288141619,927.6260639289395,4581.888507898141,546.8102882838841,0.1,
freMTPL2sev,nanoTabPFN-A1B0-s93,A1B0,93,2,4.0,3.999999999999999,1.1331926067717273,200,1000,55,0.5967013755593479,0.3840634432325137,973.9485306309307,1981.5845609712896,6756.241637015944,1444651.947408449,698.8327670803761,917.8649574460306,650.5699320134642,1390.1570739946724,0.1,
freMTPL2sev,nanoTabPFN-A1B0-s93,A1B0,93,2,20.0,20.0,1.1331926067717273,200,1000,16,0.6393108179463445,0.5309940455258556,1082.141957924782,3071.72699569008,13516.966449101308,61032.9368222824,676.0079208835156,902.2530798809554,584.7058504789453,431.3662173098889,0.1,
freMTPL2sev,nanoTabPFN-A1B0-s93,A1B0,93,2,50.0,50.00000000000001,1.1331926067717273,200,1000,6,0.5368829788607634,0.47397597925231255,827.852489414734,3034.904930413834,12089.729686388164,51958.15344598035,726.1019907168617,902.4763362281583,606.4722772056831,278.4581153594453,0.1,
freMTPL2sev,nanoTabPFN-A1B0-s93,A1B0,93,3,1.0,1.0,1.150142410703785,200,1000,76,2.1240854436008187,2.021144599563402,1170.8310438717767,5089.814854819782,540633.3376150781,625479.1952360098,798.3343284555577,1176.9451676032998,5386.000418979425,623.2039897538878,0.1,
freMTPL2sev,nanoTabPFN-A1B0-s93,A1B0,93,3,4.0,4.0,1.150142410703785,200,1000,55,0.3640069505201016,0.21086425416583868,1127.4532633572267,2527.563820045765,6623.497530973681,1282277.1027802485,801.5096521254225,1118.0133642434864,867.0303703389583,1329.5571592696244,0.1,
freMTPL2sev,nanoTabPFN-A1B0-s93,A1B0,93,3,20.0,20.0,1.150142410703785,200,1000,16,0.6318518728985903,0.519078920925257,1273.8878764085205,3554.6184149953106,15375.279652764386,72730.43481013169,814.0215729109298,1116.9034328921555,789.1200013288413,492.367901501099,0.1,
freMTPL2sev,nanoTabPFN-A1B0-s93,A1B0,93,3,50.0,49.999999999999986,1.150142410703785,200,1000,7,0.5115686158571796,0.4651026726990685,900.7893445613363,3382.281948077811,13224.285183711952,59088.57157193798,845.8913489015907,1106.9755335772625,781.6798218456175,508.441438562059,0.1,
freMTPL2sev,nanoTabPFN-A1B0-s93,A1B0,93,4,1.0,1.0,1.1160776215424169,200,1000,76,1.9961605552644048,1.9320709140845376,1142.5935430459176,6968.59011672579,602811.495098837,681994.4218873235,924.3447669975609,1689.5220799566273,6186.251229659168,773.1229973436948,0.1,
freMTPL2sev,nanoTabPFN-A1B0-s93,A1B0,93,4,4.0,4.0,1.1160776215424169,200,1000,54,0.376700875716161,0.27076800791382877,1099.198341493674,2882.4932976529863,8267.891107242986,1668914.5400795168,928.6098434239431,1342.3970226183633,1112.5169665263704,1627.6930517483238,0.1,
freMTPL2sev,nanoTabPFN-A1B0-s93,A1B0,93,4,20.0,19.999999999999996,1.1160776215424169,200,1000,15,0.64751803799874,0.5568940021392225,1150.8910427957192,3617.308484934537,16423.46202651342,66632.85568545002,924.3799257832267,1354.0059384303493,1089.2658703060865,1057.854036770898,0.1,
freMTPL2sev,nanoTabPFN-A1B0-s93,A1B0,93,4,50.0,50.0,1.1160776215424169,200,1000,6,0.525239707085288,0.47022167437004947,969.0832233686515,3616.9667959382564,13879.719971717306,62084.50866332867,948.8803680948974,1355.6126239116647,1087.7424594211816,789.7707803814315,0.1,
freMTPL2sev,nanoTabPFN-A1B0-s93,A1B0,93,5,1.0,1.0,1.1035653784113189,200,1000,80,1.9855011713146098,1.895035198208447,1170.956583716098,5486.999126977211,436540.1905795585,495127.5368540437,796.3811976515635,1671.8713769703625,4315.407896445157,492.5310126181766,0.1,
freMTPL2sev,nanoTabPFN-A1B0-s93,A1B0,93,5,4.0,3.9999999999999996,1.1035653784113189,200,1000,54,0.4288832529397328,0.23903246099442588,1058.211283407908,2343.4390107344307,6391.151386888014,1259608.7984894966,813.1985949422682,1134.366230806626,837.3186730112092,1076.24567060408,0.1,
freMTPL2sev,nanoTabPFN-A1B0-s93,A1B0,93,5,20.0,20.0,1.1035653784113189,200,1000,14,0.5590869370592702,0.44302107938028595,1150.1314632600008,3087.269201945156,11645.772359915423,38855.720580113004,803.3213502299478,1127.7200403127665,751.6961284479601,1010.6670315242418,0.1,
freMTPL2sev,nanoTabPFN-A1B0-s93,A1B0,93,5,50.0,50.00000000000001,1.1035653784113189,200,1000,6,0.485727903789717,0.40328802814293213,1005.0157085857718,3228.003051547132,11343.701129325962,46038.27390660056,823.3824710920474,1127.8181251274339,744.8949049981195,406.332843335849,0.1,
freMTPL2sev,nanoTabPFN-A1B0-s93,A1B0,93,6,1.0,1.0,1.1854456215092428,200,1000,76,2.0041067302320634,1.9429533651270408,1119.7237061142114,7073.454915854457,626822.7669867029,709338.8307488225,758.4508146230536,1285.664926320796,6237.663331549037,707.0342796465632,0.1,
freMTPL2sev,nanoTabPFN-A1B0-s93,A1B0,93,6,4.0,4.0,1.1854456215092428,200,1000,56,0.3227613129132823,0.22213917454228288,1188.7640027482485,3081.2898106547677,8200.005812980493,1650716.8473631572,755.409793838189,1002.5174920212351,697.8204260267681,1587.0016565176616,0.1,
freMTPL2sev,nanoTabPFN-A1B0-s93,A1B0,93,6,20.0,19.999999999999996,1.1854456215092428,200,1000,18,0.6152943051431341,0.536376958577774,1207.1746290060678,3885.62033008434,17189.343624791698,71519.99942151357,757.7380232799969,1010.7271417345802,639.0454510857112,338.20884982606015,0.1,
freMTPL2sev,nanoTabPFN-A1B0-s93,A1B0,93,6,50.0,50.0,1.1854456215092428,200,1000,7,0.4763278170350535,0.43978232066237855,1045.6207383919718,4104.038987440351,15285.400976600067,67323.90056971103,773.690736997063,1018.3554113632273,637.0553399308704,270.6615021416616,0.1,
freMTPL2sev,nanoTabPFN-A1B0-s93,A1B0,93,7,1.0,1.0,1.19414259733653,200,1000,76,2.0161097281190408,1.9428420381850204,1218.7032047400464,6741.625386056197,597286.3444910416,677873.690219171,1089.2316818403938,1868.3970798534476,5943.613519212574,674.9935847148912,0.1,
freMTPL2sev,nanoTabPFN-A1B0-s93,A1B0,93,7,4.0,4.0,1.19414259733653,200,1000,56,0.3137157326228056,0.19787305167661962,1197.788998505257,2923.8238060396952,7545.944562441422,1510606.6977546457,1087.4353091582711,1642.9750543577843,1445.0909180916778,1459.126786316893,0.1,
freMTPL2sev,nanoTabPFN-A1B0-s93,A1B0,93,7,20.0,20.0,1.19414259733653,200,1000,18,0.6204353167902991,0.5184786965322734,1308.6233737622852,3827.6570772393907,16409.224522894492,69407.83066552895,1110.577733233591,1660.5169854290907,1328.3276324459544,857.232411819817,0.1,
freMTPL2sev,nanoTabPFN-A1B0-s93,A1B0,93,7,50.0,50.0,1.19414259733653,200,1000,7,0.49114819904533724,0.4391313267502002,978.1605303489796,3561.898071537178,13290.189565958077,59763.38740927265,1112.5063308340996,1652.1279690340455,1350.1923009130853,761.763432448577,0.1,
freMTPL2sev,nanoTabPFN-A1B0-s93,A1B0,93,8,1.0,1.0,1.136106439030618,200,1000,85,2.014700980403239,1.8843882391499756,1200.3299367136042,4273.440021654102,331915.6220281649,403391.8831375684,615.3158497660023,811.0356222837095,3280.3032649109214,401.24115915718386,0.1,
freMTPL2sev,nanoTabPFN-A1B0-s93,A1B0,93,8,4.0,4.0,1.136106439030618,200,1000,58,0.33128029391407104,0.1986398578112494,1156.5428549586422,2687.8436558528792,6972.862035933309,1222170.8898445342,616.3025494129216,790.7564466688247,469.2633446507023,1188.0155026110342,0.1,
freMTPL2sev,nanoTabPFN-A1B0-s93,A1B0,93,8,20.0,19.999999999999996,1.136106439030618,200,1000,17,0.3511792508051164,0.23527670393448066,1267.9584954255533,3139.116992315856,8536.438814823461,22325.559450925488,630.239414863671,791.0580983092646,437.58543969792,164.93330580673137,0.1,
freMTPL2sev,nanoTabPFN-A1B0-s93,A1B0,93,8,50.0,49.999999999999986,1.136106439030618,200,1000,6,0.3571968461083135,0.269341166636072,1203.0662366941365,3311.647947507417,9529.196038537202,35266.43947001151,622.0194719810565,793.861455952011,407.5990450556008,84.88481763893299,0.1,
freMTPL2sev,nanoTabPFN-A1B0-s93,A1B0,93,9,1.0,1.0,1.1234946508703478,200,1000,81,1.9857638455828008,1.888499658209318,1175.36996076895,5216.1159995263515,409051.4454816078,464806.68661284493,616.0668773020558,858.3678532036915,4060.4410294777877,462.76346916715084,0.1,
freMTPL2sev,nanoTabPFN-A1B0-s93,A1B0,93,9,4.0,4.0,1.1234946508703478,200,1000,56,0.4013302532819313,0.26883019434480177,1104.1114424741045,2639.7234343361188,7557.4484252240545,1383085.6329636856,622.1645376263708,776.6773517222243,510.143042575308,1353.9840121228722,0.1,
freMTPL2sev,nanoTabPFN-A1B0-s93,A1B0,93,9,20.0,20.0,1.1234946508703478,200,1000,15,0.5108420320679145,0.3991935817013992,1199.3659783358416,3173.5128187077235,11173.021093619696,42880.850261732296,619.4579018597489,777.2707498681073,502.8426827795078,623.897631396418,0.1,
freMTPL2sev,nanoTabPFN-A1B0-s93,A1B0,93,9,50.0,50.0,1.1234946508703478,200,1000,6,0.42169258700795376,0.35653046769411423,1034.9961301718872,3263.990067081746,10741.879919216357,42890.58004043365,634.1529825725888,781.4105992510249,502.91644528614387,245.19194896586885,0.1,
freMTPL2sev,nanoTabPFN-A1B0-s93,A1B0,93,10,1.0,1.0,1.147356649420444,200,1000,76,2.043765938848435,1.9761762592838281,1146.3551668328755,6672.727078809464,637952.0461075394,734870.7794780317,562.2784661124949,2136.7596270659824,6370.481925611643,733.100280497483,0.1,
freMTPL2sev,nanoTabPFN-A1B0-s93,A1B0,93,10,4.0,4.000000000000001,1.147356649420444,200,1000,55,0.32002085402634833,0.21463826971036984,1188.9053180232668,3038.344016739177,8041.058813090039,1320543.43887612,559.1419101397628,713.4127267483757,724.8075834323568,1341.7373332787454,0.1,
freMTPL2sev,nanoTabPFN-A1B0-s93,A1B0,93,10,20.0,20.0,1.147356649420444,200,1000,16,0.6086842666235479,0.5128378102399079,1192.3069407478483,3590.0177420193536,15272.297700900066,56318.75914172386,565.9688277147595,734.6694667044048,376.4862662695255,1259.2013038430318,0.1,
freMTPL2sev,nanoTabPFN-A1B0-s93,A1B0,93,10,50.0,49.999999999999986,1.147356649420444,200,1000,7,0.52106780434786,0.4578172336475841,992.6055949206329,3599.641162883201,13602.12612840231,60588.924624018604,594.6919392097243,741.4332405827166,380.19007154614104,158.40210779768233,0.1,
freMTPL2sev,nanoTabPFN-A1B0-s93,A1B0,93,11,1.0,1.0,1.164783103496827,200,1000,81,1.9656948321474674,1.8787360416598224,1242.5169265929474,6015.799595549812,460874.1126964958,520684.923738242,723.115571304208,1064.256892063479,4580.549954600433,518.4833366333268,0.1,
freMTPL2sev,nanoTabPFN-A1B0-s93,A1B0,93,11,4.0,3.999999999999999,1.164783103496827,200,1000,58,0.3013985602019574,0.17320250810327245,1179.0104060736924,2763.3950055152873,6888.792428366129,1350847.0477847636,713.9696257844921,948.4789288760668,632.0343478534913,1331.499116462641,0.1,
freMTPL2sev,nanoTabPFN-A1B0-s93,A1B0,93,11,20.0,20.000000000000004,1.164783103496827,200,1000,17,0.5630717076200702,0.44852722055945077,1307.5359766625136,3511.1473621714817,13474.611287206562,49402.874252555484,739.8466850306685,950.5382574117677,532.0533436307113,282.34700948701845,0.1,
freMTPL2sev,nanoTabPFN-A1B0-s93,A1B0,93,11,50.0,49.99999999999999,1.164783103496827,200,1000,7,0.43385269815616195,0.3729676063736608,1186.769952294453,3799.2134266753933,12713.76178916603,50917.48900972887,719.2313395235799,959.3407142843693,540.5663515081962,139.35058899386812,0.1,
freMTPL2sev,nanoTabPFN-A1B0-s93,A1B0,93,12,1.0,1.0,1.175978266476459,200,1000,73,2.1812538640431423,2.099792858668241,1069.5336646286773,5626.603801219397,714955.4519612506,849391.9256492045,1223.5763479199945,2000.1175426657628,7684.6890713266275,1296.3928245613076,0.1,
freMTPL2sev,nanoTabPFN-A1B0-s93,A1B0,93,12,4.0,4.0,1.175978266476459,200,1000,55,0.30160673174218444,0.21026861990681067,1202.385402742466,3229.8825055773386,8475.950203581884,1467415.0346951152,1215.241209797636,1880.0255607867596,1700.9532613925696,1402.8286160075568,0.1,
freMTPL2sev,nanoTabPFN-A1B0-s93,A1B0,93,12,20.0,20.000000000000004,1.175978266476459,200,1000,17,0.6464417428710459,0.5479508306650575,1335.6628805232876,4032.6398501276353,18204.75107348946,78155.23020061909,1249.1882098857454,1907.4970058187764,1628.2039776383904,1313.3289989404138,0.1,
freMTPL2sev,nanoTabPFN-A1B0-s93,A1B0,93,12,50.0,50.00000000000001,1.175978266476459,200,1000,7,0.4818601625125144,0.4636314832043729,922.4531039386347,4227.891691919331,16204.422456765722,81377.7644770122,1241.8371871845093,1914.7250102200398,1634.516462186481,1283.109025042874,0.1,
freMTPL2sev,nanoTabPFN-A1B0-s93,A1B0,93,13,1.0,1.0,1.1786751521777412,200,1000,75,2.153255392227239,2.058370374791138,1119.2511960896325,5064.829199644968,583434.7701782255,687072.6727092463,863.8868254834656,1708.3749777279995,5746.712686299661,684.0167372236289,0.1,
freMTPL2sev,nanoTabPFN-A1B0-s93,A1B0,93,13,4.0,4.0,1.1786751521777412,200,1000,56,0.32861519039159665,0.207386840898896,1105.0566453319188,2686.9946209972704,7034.224032839714,1319747.6785429334,860.990430014293,1178.870386855228,1192.3624143520155,1375.4434681880125,0.1,
freMTPL2sev,nanoTabPFN-A1B0-s93,A1B0,93,13,20.0,19.999999999999996,1.1786751521777412,200,1000,17,0.6101682336772175,0.5072998366210638,1158.6983655903134,3397.643989626894,14303.468518711867,58520.659907751644,871.6155274308913,1158.733590441403,704.5986824855023,2470.4520061876356,0.1,
freMTPL2sev,nanoTabPFN-A1B0-s93,A1B0,93,13,50.0,50.0,1.1786751521777412,200,1000,7,0.5163756159374846,0.45408739105040474,849.8615814912691,3150.614647835138,12024.974280298458,62549.99936813764,908.3226519819186,1165.4143995987665,702.3233583811997,371.3606055494739,0.1,
freMTPL2sev,nanoTabPFN-A1B0-s93,A1B0,93,14,1.0,1.0,1.1965429575690185,200,1000,80,2.0352192714759054,1.9295908198069716,1164.736238472988,4874.076100493766,419522.71712140983,484954.6542345365,585.3309270476659,818.2012786548864,4175.033157064313,483.07652967820536,0.1,
freMTPL2sev,nanoTabPFN-A1B0-s93,A1B0,93,14,4.0,3.9999999999999996,1.1965429575690185,200,1000,57,0.3056003770138131,0.18030949797997742,1095.186015381335,2601.1602460371932,6531.912188579836,1280247.4831407676,592.6978797904759,728.5148872823116,462.0676070042356,1253.0369805568741,0.1,
freMTPL2sev,nanoTabPFN-A1B0-s93,A1B0,93,14,20.0,19.999999999999996,1.1965429575690185,200,1000,18,0.5149284106054491,0.3887772099833257,1219.5115786264005,3103.3368879664404,10706.737404399219,39894.286625951034,590.6415788762406,721.7614527678988,414.7939316547292,544.587919342929,0.1,
freMTPL2sev,nanoTabPFN-A1B0-s93,A1B0,93,14,50.0,50.00000000000001,1.1965429575690185,200,1000,7,0.41200177556750256,0.3526711828717552,988.107500136673,3202.0448072703803,10502.363312309708,43338.395700463225,608.1021880974702,722.1265011467573,419.45860815818105,184.67044342241672,0.1,
freMTPL2sev,nanoTabPFN-A1B0-s93,A1B0,93,15,1.0,1.0,1.1573767754633546,200,1000,81,2.268194984018605,2.04659447768658,1156.2993700763145,2811.208398527737,316429.70648915006,399108.2269782163,651.8972165500453,840.4721170287291,3124.48492053237,396.91489167158954,0.1,
freMTPL2sev,nanoTabPFN-A1B0-s93,A1B0,93,15,4.0,4.000000000000001,1.1573767754633546,200,1000,57,0.43511627222773086,0.18685791927182954,1082.0726814597638,2064.69765514362,4927.1256236806585,783204.8245987094,661.325115804981,872.3951064886809,609.4972052519324,798.1476335916188,0.1,
freMTPL2sev,nanoTabPFN-A1B0-s93,A1B0,93,15,20.0,20.000000000000004,1.1573767754633546,200,1000,17,0.38958002211308224,0.24336105517823173,1099.011356401329,2524.8544535983356,6944.198144864001,19379.481481140756,659.0795416491611,847.2251863417408,532.782333013215,484.5809423404804,0.1,
freMTPL2sev,nanoTabPFN-A1B0-s93,A1B0,93,15,50.0,49.99999999999999,1.1573767754633546,200,1000,7,0.375553528779794,0.30499525807121575,910.9148307796522,2715.985724328134,8192.56822067782,34573.946248413595,694.9197854630843,841.1302894490003,507.6873809753178,173.81989688911506,0.1,
freMTPL2sev,nanoTabPFN-A1B0-s93,A1B0,93,16,1.0,1.0,1.137168524824101,200,1000,73,2.2140480844348773,2.124499010754676,979.7627295876813,4700.2869021992565,631515.2945079786,763671.4984829284,1833.5483732469463,2979.6561088622443,7624.593796159555,1931.9601766498033,0.1,
freMTPL2sev,nanoTabPFN-A1B0-s93,A1B0,93,16,4.0,4.0,1.137168524824101,200,1000,54,0.4997812464303675,0.3849428961959809,1018.0939147777896,2738.1365790345203,9382.514109270678,2077278.1877835703,1820.9352593902317,2921.7821634325023,3036.782367135751,1871.7033052796144,0.1,
freMTPL2sev,nanoTabPFN-A1B0-s93,A1B0,93,16,20.0,20.000000000000004,1.137168524824101,200,1000,16,0.7308394267859716,0.5919483556629159,1210.6589281310594,3154.630875493347,15516.522006138006,62476.062585913096,1809.6265132273597,2926.174232150724,2863.6058085684635,2863.892864672596,0.1,
freMTPL2sev,nanoTabPFN-A1B0-s93,A1B0,93,16,50.0,50.0,1.137168524824101,200,1000,6,0.5847412179733595,0.5444885457145573,796.3186011519429,3269.9640161289344,14656.903542088043,67229.16956412289,1865.4636200712193,2946.245461124685,2877.3331260098425,2629.414582921989,0.1,
freMTPL2sev,nanoTabPFN-A1B0-s93,A1B0,93,17,1.0,1.0,1.079374777864354,200,1000,79,2.061001286203192,1.9552185545993759,1148.6133046286113,4832.468059862552,440994.0902904931,510617.28554105456,523.3269990035092,697.6430908917711,4399.231466051843,508.9627395821322,0.1,
freMTPL2sev,nanoTabPFN-A1B0-s93,A1B0,93,17,4.0,3.9999999999999996,1.079374777864354,200,1000,51,0.5439889218611487,0.3501943160736194,1002.0285450136814,2142.9382310230317,6775.91406751663,1366128.337866476,547.3226885874699,630.9902270690999,365.0156891635935,1345.295299827964,0.1,
freMTPL2sev,nanoTabPFN-A1B0-s93,A1B0,93,17,20.0,20.0,1.079374777864354,200,1000,13,0.6246453319954548,0.5083777986696411,1113.5507610918417,3077.7390701746526,13038.718744904812,49841.13654881237,526.9820721767812,618.0729510263209,300.8819110075701,274.01907314497254,0.1,
freMTPL2sev,nanoTabPFN-A1B0-s93,A1B0,93,17,50.0,50.000000000000014,1.079374777864354,200,1000,5,0.5684179485975027,0.46847731007667887,881.9428029363876,2763.6907245007797,10736.771999855273,43045.16098294972,568.4593611683771,626.0564250867051,307.76528075759893,77.08618202895944,0.1,
freMTPL2sev,nanoTabPFN-A1B0-s93,A1B0,93,18,1.0,1.0,1.1977691152122871,200,1000,78,1.9755389296704835,1.8989676029702847,1172.8714276158144,6219.246702325264,499003.4535198348,560381.4509511159,942.5828364474124,2476.318621931388,4929.289060350908,557.4352958472831,0.1,
freMTPL2sev,nanoTabPFN-A1B0-s93,A1B0,93,18,4.0,4.0,1.1977691152122871,200,1000,57,0.35542150212122675,0.20964214057711894,1061.486361584141,2628.7867547101,6738.462488264236,1284779.897051861,958.3506916809013,1359.5210854527731,1052.9952897481946,1140.2161008315254,0.1,
freMTPL2sev,nanoTabPFN-A1B0-s93,A1B0,93,18,20.0,20.0,1.1977691152122871,200,1000,18,0.5580564039859246,0.460816430552069,1161.8537570263475,3372.3385380062073,13111.901739495886,48048.831777101426,959.8675081362102,1350.5313922047005,957.0227286512621,1496.4269160243743,0.1,
freMTPL2sev,nanoTabPFN-A1B0-s93,A1B0,93,18,50.0,49.99999999999999,1.1977691152122871,200,1000,7,0.49256304727854144,0.4243296208772819,979.6669113470703,3489.8277505397286,12539.014145244782,53577.996335398704,973.962430146242,1353.7412663918656,951.5301459173331,444.8400478181709,0.1,
freMTPL2sev,nanoTabPFN-A1B0-s93,A1B0,93,19,1.0,1.0,1.1486175839016612,200,1000,82,2.320781848845247,2.082376652927992,1154.3791575725747,2662.794450124135,326592.6686603955,406208.0670914267,1128.112937547235,1651.1073931961557,3220.729729070889,403.06512156520296,0.1,
freMTPL2sev,nanoTabPFN-A1B0-s93,A1B0,93,19,4.0,4.0,1.1486175839016612,200,1000,57,0.404256948820212,0.14837819567360713,1065.775618477062,2063.2389656932446,4799.844457312084,727013.7994107793,1142.2831785516908,1703.6251222525686,1465.6950141994898,693.6855679178467,0.1,
freMTPL2sev,nanoTabPFN-A1B0-s93,A1B0,93,19,20.0,20.0,1.1486175839016612,200,1000,17,0.4368443850711576,0.2965094252991185,1077.1773130873132,2551.568090081373,7612.418778931083,21468.021114637417,1138.578534655035,1653.0045443621957,1302.1127772207717,967.8839616597023,0.1,
freMTPL2sev,nanoTabPFN-A1B0-s93,A1B0,93,19,50.0,49.99999999999999,1.1486175839016612,200,1000,7,0.4216606245555775,0.3384870334875182,911.0783570229187,2736.938998748743,8796.702999697174,35841.52241716006,1168.667938920379,1651.6571298018005,1269.7786484913063,753.7803239502688,0.1,
freMTPL2sev,nanoTabPFN-ATB0-s93,ATB0,93,0,1.0,1.0,1.1348193864384903,200,1000,76,2.1039380126793867,2.0047485180096913,1175.1707454052435,5195.452246949619,529723.619343332,617470.0059765193,949.7686065009059,1439.8836911497528,5268.707168064481,614.8260308819861,0.1,
freMTPL2sev,nanoTabPFN-ATB0-s93,ATB0,93,0,4.0,4.0,1.1348193864384903,200,1000,55,2.699499228748674,2.568104386485343,1168.4087238619902,4269.413790552324,1658712.584215294,2420040.6795809716,954.3594973354311,1416.8418495365368,16338.555854209431,2415.2000404641767,0.1,
freMTPL2sev,nanoTabPFN-ATB0-s93,ATB0,93,0,20.0,19.999999999999996,1.1348193864384903,200,1000,16,1.1004230087054288,0.986062480879235,1133.7982439421728,3608.8100049845957,38686.598550937866,6202686.622435799,956.5978036162247,1388.6058483753686,1121.7586824497666,6240.237314873702,0.1,
freMTPL2sev,nanoTabPFN-ATB0-s93,ATB0,93,0,50.0,49.99999999999999,1.1348193864384903,200,1000,6,0.734181093558987,0.5912408833627902,1977.964980564131,5158.521533127124,25531.84546575988,7994621.734628625,1158.9584721573397,1437.9612510042466,1038.9084088432712,8642.860227704414,0.1,
freMTPL2sev,nanoTabPFN-ATB0-s93,ATB0,93,1,1.0,1.0,1.1614900055184356,200,1000,70,2.314343357778033,2.226711532123552,1020.0216502067587,5164.594768117672,877304.5007134897,1088743.0211459966,481.5989346867096,655.0942029829058,8536.03312440649,1084.9084826245396,0.1,
freMTPL2sev,nanoTabPFN-ATB0-s93,ATB0,93,1,4.0,3.9999999999999996,1.1614900055184356,200,1000,54,0.7701422724816229,0.726543441764513,1182.2119476201813,5189.840478306862,33559.3721532575,3626778.935673885,472.51842834445716,636.5795104553346,803.8430667344317,3591.6884612572626,0.1,
freMTPL2sev,nanoTabPFN-ATB0-s93,ATB0,93,1,20.0,19.999999999999996,1.1614900055184356,200,1000,17,1.1904441896086606,1.082345860292461,1437.0368681840318,5014.8483755177895,64349.99023872444,12063076.035846768,523.7386223889092,617.5418838296247,655.8723620504072,12096.50797152837,0.1,
freMTPL2sev,nanoTabPFN-ATB0-s93,ATB0,93,1,50.0,49.99999999999999,1.1614900055184356,200,1000,7,0.7508183861863145,0.6692768665090162,2485.843500515155,8451.48270715025,47107.93472336067,15852445.781961739,889.6813463227423,853.8101428847161,492.27234414047587,16417.826369939427,0.1,
freMTPL2sev,nanoTabPFN-ATB0-s93,ATB0,93,2,1.0,1.0,1.1331926067717273,200,1000,76,2.2054731023488334,2.068095023509789,1101.4125775413013,3841.914248920314,453469.12992568454,548158.6323149554,673.0446861690514,927.3529455151374,4511.692146455453,546.108362546577,0.1,
freMTPL2sev,nanoTabPFN-ATB0-s93,ATB0,93,2,4.0,3.999999999999999,1.1331926067717273,200,1000,55,2.582711200390453,2.480544585299394,995.8935371760975,4494.75352633802,1450046.1474634567,2152803.163100672,693.3837254604422,964.1277265764086,14220.67644097405,2148.185668488929,0.1,
freMTPL2sev,nanoTabPFN-ATB0-s93,ATB0,93,2,20.0,20.0,1.1331926067717273,200,1000,16,1.0534906237826167,0.950907616238469,1019.8992853652135,3377.828999790864,33937.51558896267,5488667.647190696,688.2156677424099,913.2686565496095,621.6048956212092,5314.243012277417,0.1,
freMTPL2sev,nanoTabPFN-ATB0-s93,ATB0,93,2,50.0,50.00000000000001,1.1331926067717273,200,1000,6,0.7041903216501532,0.5554461895582289,1803.3418203119372,4554.209169273486,21386.85752864207,6456956.857520164,849.3904686187809,965.5229448926954,584.2534201798085,6660.465957454246,0.1,
freMTPL2sev,nanoTabPFN-ATB0-s93,ATB0,93,3,1.0,1.0,1.150142410703785,200,1000,76,2.10710801340415,2.0101974362614246,1152.3550577717672,5218.269640181354,539870.7787975322,625403.8548317151,799.6692374044025,1180.8372545855073,5379.932899185366,623.1433328621057,0.1,
freMTPL2sev,nanoTabPFN-ATB0-s93,ATB0,93,3,4.0,4.0,1.150142410703785,200,1000,55,2.6840039829175657,2.5521701922794913,1193.7226655413806,4368.738969885226,1626193.0014591417,2444466.4321256923,802.8388097806962,1139.5493680468946,15933.361533804458,2439.1137111817397,0.1,
freMTPL2sev,nanoTabPFN-ATB0-s93,ATB0,93,3,20.0,20.0,1.150142410703785,200,1000,16,1.132182849110008,1.0096224855010028,1155.7156767851277,3609.2506491315103,41377.00979866022,6646526.174203539,802.0932995357707,1116.5705598671304,900.4394753927593,6427.338183122474,0.1,
freMTPL2sev,nanoTabPFN-ATB0-s93,ATB0,93,3,50.0,49.999999999999986,1.150142410703785,200,1000,7,0.7464379412364709,0.6239993348028583,1910.2422781709665,5327.732701880901,27432.4517352645,9132256.316762496,1004.6234356608979,1186.234938523617,823.7638180515244,9166.470263074521,0.1,
freMTPL2sev,nanoTabPFN-ATB0-s93,ATB0,93,4,1.0,1.0,1.1160776215424169,200,1000,76,2.045279586395477,1.9705000549400373,1137.3416150723697,6256.73695014252,591103.8958263384,680824.0050501758,925.9450008527436,1494.815169312439,6084.257336905974,773.3730689312398,0.1,
freMTPL2sev,nanoTabPFN-ATB0-s93,ATB0,93,4,4.0,4.0,1.1160776215424169,200,1000,54,2.5217825918473826,2.428022202755035,1221.2123409704245,5958.976468059138,1696701.4659268702,2652389.872216408,928.4280078598331,1494.791576526844,16564.022455102207,2645.9945309459204,0.1,
freMTPL2sev,nanoTabPFN-ATB0-s93,ATB0,93,4,20.0,19.999999999999996,1.1160776215424169,200,1000,15,1.0229595046044593,0.892971411095296,1356.8032353238732,4012.8305566519844,35443.836265324295,6202950.647559343,957.1563033221421,1370.7329278483032,1145.5054713589607,5659.267569673227,0.1,
freMTPL2sev,nanoTabPFN-ATB0-s93,ATB0,93,4,50.0,50.0,1.1160776215424169,200,1000,6,0.7276422000001123,0.5875728289531306,2146.883019921489,5624.760452496764,27587.12868750015,8712696.07354324,1196.8180456001055,1452.0068954602552,1109.739462546225,9517.848481673367,0.1,
freMTPL2sev,nanoTabPFN-ATB0-s93,ATB0,93,5,1.0,1.0,1.1035653784113189,200,1000,80,2.065857291719844,1.9538249687789313,1155.2278340468972,4641.089689565066,420993.7168324032,493572.73417845985,797.2672613041341,1154.0778833475126,4163.6934516306155,491.0138359691994,0.1,
freMTPL2sev,nanoTabPFN-ATB0-s93,ATB0,93,5,4.0,3.9999999999999996,1.1035653784113189,200,1000,54,2.592608764442814,2.4823624763289005,1028.7763946126765,4575.294731192157,1459456.2937340657,1948150.475273908,820.011197304154,1194.853749909205,14039.74523827789,1940.5050502381205,0.1,
freMTPL2sev,nanoTabPFN-ATB0-s93,ATB0,93,5,20.0,20.0,1.1035653784113189,200,1000,14,0.9005547448468371,0.784126705486253,1168.250412274124,3512.779979523031,24869.94979842219,3495856.688977713,809.1341710254619,1130.3019351036878,722.485027615666,3386.7360684752293,0.1,
freMTPL2sev,nanoTabPFN-ATB0-s93,ATB0,93,5,50.0,50.00000000000001,1.1035653784113189,200,1000,6,0.7081953334582723,0.5398632935020733,1827.6925032322024,4328.528974909653,19579.940906183456,6156832.865110893,966.5226442657923,1151.4002208803706,724.8791092286375,6638.729773772343,0.1,
freMTPL2sev,nanoTabPFN-ATB0-s93,ATB0,93,6,1.0,1.0,1.1854456215092428,200,1000,76,2.0517052576104153,1.9810218015846264,1115.8576545275573,6384.259826490594,616953.6861962726,708352.4502793436,759.9562510432252,1137.131646245814,6136.826723652251,706.0259531517427,0.1,
freMTPL2sev,nanoTabPFN-ATB0-s93,ATB0,93,6,4.0,4.0,1.1854456215092428,200,1000,56,2.5498190484054652,2.4520473446120254,1281.8945452841376,6029.139630129141,1808684.1692176026,2763204.2750979504,772.856920716442,1127.6291619387134,17888.107286114424,2759.2160009160275,0.1,
freMTPL2sev,nanoTabPFN-ATB0-s93,ATB0,93,6,20.0,19.999999999999996,1.1854456215092428,200,1000,18,0.9876118219840834,0.8779578772622034,1376.9483086567125,4361.222977127875,37453.651481496534,6197686.488277547,792.124711323224,1025.4626511525496,718.0718124943182,6285.702933630977,0.1,
freMTPL2sev,nanoTabPFN-ATB0-s93,ATB0,93,6,50.0,50.0,1.1854456215092428,200,1000,7,0.808809443814876,0.6969286728831381,1903.2252188308785,5750.13308353849,34391.78978265935,12454032.064954828,934.8913271009825,1089.0434223984346,740.6882438523782,12900.229131681472,0.1,
freMTPL2sev,nanoTabPFN-ATB0-s93,ATB0,93,7,1.0,1.0,1.19414259733653,200,1000,76,2.0471993022375217,1.9671424881480535,1212.8837082744808,6303.707972561754,590818.3752337738,677226.5705221845,1088.2745940700277,1789.9073348779912,5876.940057932442,674.3268443398892,0.1,
freMTPL2sev,nanoTabPFN-ATB0-s93,ATB0,93,7,4.0,4.0,1.19414259733653,200,1000,56,2.6719019846389687,2.543221643595175,1297.323817220407,4944.516664433837,1791591.26530061,2647571.1929319296,1108.1503264320702,1723.4860165383825,17471.72336875565,2640.544511986523,0.1,
freMTPL2sev,nanoTabPFN-ATB0-s93,ATB0,93,7,20.0,20.0,1.19414259733653,200,1000,18,1.0697924965649461,0.9404533220302462,1332.6403614748542,3982.3187753504644,38939.43131981074,6597071.406863518,1117.4277650345439,1665.1984036544657,1214.763969110887,6250.916517442698,0.1,
freMTPL2sev,nanoTabPFN-ATB0-s93,ATB0,93,7,50.0,50.0,1.19414259733653,200,1000,7,0.804438309472852,0.6848735252283643,1865.1905877953777,5428.952063502877,31796.782391379104,11377360.76555372,1279.4123626266794,1736.1714263315123,1190.5753533320344,11608.688219190593,0.1,
freMTPL2sev,nanoTabPFN-ATB0-s93,ATB0,93,8,1.0,1.0,1.136106439030618,200,1000,85,2.074423083071973,1.9110500079948232,1184.6603727447086,3570.197446677457,295229.5098039078,399723.335546541,614.9622611862454,794.6581987476663,2906.1605044441344,397.4997817006404,0.1,
freMTPL2sev,nanoTabPFN-ATB0-s93,ATB0,93,8,4.0,4.0,1.136106439030618,200,1000,58,2.45539413604712,2.36304978985623,1152.3121569632117,5655.225668701612,1311994.306414874,1608266.5559820975,618.4788184250262,868.9556559680661,13018.60578437777,1605.493351274461,0.1,
freMTPL2sev,nanoTabPFN-ATB0-s93,ATB0,93,8,20.0,19.999999999999996,1.136106439030618,200,1000,17,0.7440930964191415,0.6347730473984012,1177.9498834596773,3463.72041047741,18718.987332729906,2312790.8661756776,622.9784920102236,793.8258879140582,364.60058580127554,2207.455582773882,0.1,
freMTPL2sev,nanoTabPFN-ATB0-s93,ATB0,93,8,50.0,49.999999999999986,1.136106439030618,200,1000,6,0.7207436971680209,0.5289949992371067,1670.0802785731466,3718.760813452456,16795.057830915648,4759621.89972122,742.2140181608274,799.6650206817334,368.5513743260987,4957.360523293796,0.1,
freMTPL2sev,nanoTabPFN-ATB0-s93,ATB0,93,9,1.0,1.0,1.1234946508703478,200,1000,81,2.1044265850320376,1.9704373771161707,1155.0301818004123,4065.344942743942,383504.8585730555,462252.7028807803,616.8195690898955,799.425063558465,3800.575552752056,460.1648556515649,0.1,
freMTPL2sev,nanoTabPFN-ATB0-s93,ATB0,93,9,4.0,4.0,1.1234946508703478,200,1000,56,2.513853662712916,2.4234305874164446,1097.683010708687,5535.569714914876,1470129.1410308615,1839022.112990323,627.9066933305264,878.4099740383646,14204.381530690473,1832.3096926925357,0.1,
freMTPL2sev,nanoTabPFN-ATB0-s93,ATB0,93,9,20.0,20.0,1.1234946508703478,200,1000,15,0.91114985791308,0.8014863086140525,1095.082706992769,3409.945375845049,25353.792977308392,3624920.486392118,626.2418241367768,778.842381550388,519.1080651124186,3357.294797378003,0.1,
freMTPL2sev,nanoTabPFN-ATB0-s93,ATB0,93,9,50.0,50.0,1.1234946508703478,200,1000,6,0.7228437951460861,0.5601389163514963,1696.4662072637598,4137.40688229019,19401.97191158905,5862838.684385205,743.4981881769187,800.794399012839,472.4883382125563,6141.870400484433,0.1,
freMTPL2sev,nanoTabPFN-ATB0-s93,ATB0,93,10,1.0,1.0,1.147356649420444,200,1000,76,2.0695819687882078,1.9951721943155085,1142.3701165158361,6287.62765775105,628429.9945110434,733918.0446894295,563.2299984982378,1274.4495646772934,6283.608638698975,732.2315462146851,0.1,
freMTPL2sev,nanoTabPFN-ATB0-s93,ATB0,93,10,4.0,4.000000000000001,1.147356649420444,200,1000,55,2.53659484771641,2.4317510499680353,1272.8906599889037,5491.060747417164,1711109.405730933,2851015.4714430636,581.5312572678856,915.988221502337,17041.885636349452,2848.64406964944,0.1,
freMTPL2sev,nanoTabPFN-ATB0-s93,ATB0,93,10,20.0,20.0,1.147356649420444,200,1000,16,0.9312252602918679,0.8335537656650589,1361.3968578453937,4336.789138499653,34711.69550993689,5584266.349284997,604.2307947502478,769.4232634108993,496.71672267857303,5481.175292281923,0.1,
freMTPL2sev,nanoTabPFN-ATB0-s93,ATB0,93,10,50.0,49.999999999999986,1.147356649420444,200,1000,7,0.5993115156699982,0.4803754228508159,2087.8721374904217,5636.971406483265,23270.286316252135,8091416.015603097,832.4016243811866,835.6093986211672,423.2882660107671,8996.630982669893,0.1,
freMTPL2sev,nanoTabPFN-ATB0-s93,ATB0,93,11,1.0,1.0,1.164783103496827,200,1000,81,2.018002614806665,1.9180008371333739,1215.367363861687,5297.69261277367,444061.8137038827,519004.2116912474,717.2955510015327,993.1248614947876,4411.73025974383,516.7951377934742,0.1,
freMTPL2sev,nanoTabPFN-ATB0-s93,ATB0,93,11,4.0,3.999999999999999,1.164783103496827,200,1000,58,2.580017640121979,2.473202624810465,1201.761639557813,5258.132259654663,1569444.9548846316,2051290.8405927047,717.5615256263548,998.4652180337403,15621.540907783821,2048.640073604294,0.1,
freMTPL2sev,nanoTabPFN-ATB0-s93,ATB0,93,11,20.0,20.000000000000004,1.164783103496827,200,1000,17,0.9083561740991228,0.7985112138319554,1249.4797838776783,3884.04207405193,28542.79043179665,4229742.290125545,727.0889738304566,956.4083870663808,488.6434905317818,4189.0391587866525,0.1,
freMTPL2sev,nanoTabPFN-ATB0-s93,ATB0,93,11,50.0,49.99999999999999,1.164783103496827,200,1000,7,0.8010102937161837,0.6468604700652237,1760.1086959325849,4445.832877165974,24100.051150906762,9774958.476162206,863.3392157289654,967.1686379731507,494.5744450482687,9837.8161379682,0.1,
freMTPL2sev,nanoTabPFN-ATB0-s93,ATB0,93,12,1.0,1.0,1.175978266476459,200,1000,73,2.1526434310873235,2.081516518226217,1004.4550374221873,5830.270975481051,709879.592207633,848884.6074853791,1232.8742906990396,2012.978114296885,7649.3469613063935,1295.3043759573254,0.1,
freMTPL2sev,nanoTabPFN-ATB0-s93,ATB0,93,12,4.0,4.0,1.175978266476459,200,1000,55,2.4319324926909687,2.334166044499363,1396.715523341969,5750.984748615054,1376025.490297007,3244801.7434597174,1266.0691711582797,2033.7883137216832,13427.427037946265,3238.6504081409958,0.1,
freMTPL2sev,nanoTabPFN-ATB0-s93,ATB0,93,12,20.0,20.000000000000004,1.175978266476459,200,1000,17,1.0545958168702825,0.9486200615499136,1413.168171991183,4736.199878100688,46980.20706575939,7956101.589943392,1271.3945588050094,1943.901408657204,1724.8579124552878,7735.606545256612,0.1,
freMTPL2sev,nanoTabPFN-ATB0-s93,ATB0,93,12,50.0,50.00000000000001,1.175978266476459,200,1000,7,0.8823241579425168,0.8087542814799298,1797.000129068604,6817.387696710513,50370.19405761954,15342530.123730952,1390.244810902083,2068.3703167129843,1742.5914752639624,15448.141370784833,0.1,
freMTPL2sev,nanoTabPFN-ATB0-s93,ATB0,93,13,1.0,1.0,1.1786751521777412,200,1000,75,2.1471799189282574,2.057694436608968,1045.609033560619,4983.852993363441,575254.5390258305,686254.7074284281,873.0631556763551,1447.8470770785077,5638.533022032201,682.9350144448387,0.1,
freMTPL2sev,nanoTabPFN-ATB0-s93,ATB0,93,13,4.0,4.0,1.1786751521777412,200,1000,56,2.2257673422956348,2.1772507249525677,1248.9421647296813,5122.273590388824,1670746.289649811,2678055.516058377,890.2147530940726,1329.2584692796313,13037.466726364493,2591.148324295187,0.1,
freMTPL2sev,nanoTabPFN-ATB0-s93,ATB0,93,13,20.0,19.999999999999996,1.1786751521777412,200,1000,17,1.0448682256271333,0.9266579693507089,1281.3147699122605,3859.0092034786376,37570.834070494224,6995378.190925771,880.8186809650915,1170.5661536924517,725.2450653150125,6139.073259473428,0.1,
freMTPL2sev,nanoTabPFN-ATB0-s93,ATB0,93,13,50.0,50.0,1.1786751521777412,200,1000,7,0.843057519762168,0.7570318011114662,1615.6447715968152,5755.304805708135,39228.538611786425,11892701.471578717,965.5706761517256,1216.6460017689944,749.1855509940862,11997.740305542646,0.1,
freMTPL2sev,nanoTabPFN-ATB0-s93,ATB0,93,14,1.0,1.0,1.1965429575690185,200,1000,80,2.1141866625919925,1.984743950117395,1145.361914006168,4147.436734361723,404455.87236426806,483447.1539351309,585.8793347797023,749.1681966837707,4024.4747306088643,481.57095214780907,0.1,
freMTPL2sev,nanoTabPFN-ATB0-s93,ATB0,93,14,4.0,3.9999999999999996,1.1965429575690185,200,1000,57,2.5740012442711078,2.472507239917467,1080.4708800717635,4902.829897445157,1473088.8724468234,1915743.756483934,595.3172561073757,799.1668091709043,14641.732772081823,1913.1757939010536,0.1,
freMTPL2sev,nanoTabPFN-ATB0-s93,ATB0,93,14,20.0,19.999999999999996,1.1965429575690185,200,1000,18,0.9174459069456474,0.7946414104002255,1117.1427035091385,3308.958473357,23840.011448083606,3531034.8196362727,588.4910674074358,721.2913537686117,446.9683925587409,3441.226271592898,0.1,
freMTPL2sev,nanoTabPFN-ATB0-s93,ATB0,93,14,50.0,50.00000000000001,1.1965429575690185,200,1000,7,0.7988384432442583,0.655483321803416,1511.6139325899717,3943.203464686697,21785.500833071572,7774833.835034734,666.070978306666,741.9348488395547,434.14650787815555,7962.699754933616,0.1,
freMTPL2sev,nanoTabPFN-ATB0-s93,ATB0,93,15,1.0,1.0,1.1573767754633546,200,1000,81,2.2376578520206816,2.030538152174679,1146.0181734299053,2917.4389012055703,318463.0561614891,399311.8299587915,652.2327704642508,838.3205549882655,3140.5265368059745,397.07530192713716,0.1,
freMTPL2sev,nanoTabPFN-ATB0-s93,ATB0,93,15,4.0,4.000000000000001,1.1573767754633546,200,1000,57,2.6713557877218688,2.5189406444254896,997.4195961921398,3304.1891989314317,1157975.5715605782,1582454.7634666185,679.5428142657048,867.1949824873867,11247.86645063305,1577.3422812903248,0.1,
freMTPL2sev,nanoTabPFN-ATB0-s93,ATB0,93,15,20.0,20.000000000000004,1.1573767754633546,200,1000,17,0.8762464119281405,0.7382772463841384,974.7813886135148,2664.0019089431635,17173.991533059852,2059477.5965268214,681.7295176766803,843.5258680994008,460.44555369606866,2289.04917861424,0.1,
freMTPL2sev,nanoTabPFN-ATB0-s93,ATB0,93,15,50.0,49.99999999999999,1.1573767754633546,200,1000,7,0.7301641383103594,0.5891393383719481,1400.3955478926819,3647.654626042991,17718.61018664611,4646050.641714165,705.7442451930074,847.0898617970515,463.64897570197644,5211.189367728958,0.1,
freMTPL2sev,nanoTabPFN-ATB0-s93,ATB0,93,16,1.0,1.0,1.137168524824101,200,1000,73,2.176339732454262,2.0981059673040225,906.7662983567343,4920.873708248253,625149.7228935461,763033.5317488927,1848.4994985594606,2982.8108739211075,7567.238649543,1931.5960701613847,0.1,
freMTPL2sev,nanoTabPFN-ATB0-s93,ATB0,93,16,4.0,4.0,1.137168524824101,200,1000,54,2.445154906902851,2.3493501994534354,1203.2931944385687,5047.175989852157,1331331.6340065468,2931187.6712217927,1815.0238157908507,3028.747545739237,12510.796598904213,2917.989100475683,0.1,
freMTPL2sev,nanoTabPFN-ATB0-s93,ATB0,93,16,20.0,20.000000000000004,1.137168524824101,200,1000,16,1.092475833213496,1.000181411641848,1165.2593980291808,4270.402381220177,50151.069765302746,8398110.456139982,1823.3007349434401,2970.740824717635,3045.8488924637695,8394.801116013836,0.1,
freMTPL2sev,nanoTabPFN-ATB0-s93,ATB0,93,16,50.0,50.0,1.137168524824101,200,1000,6,0.7280845163831419,0.6289681093916359,1965.8187922321158,6178.758559116179,33056.64537620894,9796568.016979791,2042.502749620643,3075.0348878162363,2952.22741903218,10304.970726263698,0.1,
freMTPL2sev,nanoTabPFN-ATB0-s93,ATB0,93,17,1.0,1.0,1.079374777864354,200,1000,79,2.1387391521869414,2.0098432483490676,1132.274170100965,4123.6182302365205,425988.132889285,509115.8457668525,523.7980767212896,653.2511986353394,4253.6641333730295,507.5070716377909,0.1,
freMTPL2sev,nanoTabPFN-ATB0-s93,ATB0,93,17,4.0,3.9999999999999996,1.079374777864354,200,1000,51,2.6572951686571105,2.5354492845364116,1005.927775903818,4037.733858627644,1421781.2570364901,2004683.2230726252,546.0095899271897,665.4465342275067,14076.217962207851,2001.7249553837878,0.1,
freMTPL2sev,nanoTabPFN-ATB0-s93,ATB0,93,17,20.0,20.0,1.079374777864354,200,1000,13,1.0312090323325256,0.9102925836466512,1048.815896647961,3196.035661935818,29509.96198949655,4514624.402840186,538.5107764295095,624.3546939650637,373.86959989290614,4425.102974395583,0.1,
freMTPL2sev,nanoTabPFN-ATB0-s93,ATB0,93,17,50.0,50.000000000000014,1.079374777864354,200,1000,5,0.09878837147966277,-0.030855776556455956,1852.6911349526758,4000.178643680595,7738.0246077907705,4596553.439080358,711.3837001290668,648.7741087720964,334.9815275946243,5505.432470741998,0.1,
freMTPL2sev,nanoTabPFN-ATB0-s93,ATB0,93,18,1.0,1.0,1.1977691152122871,200,1000,78,2.060608548440757,1.9632866537920324,1159.9299875865095,5199.866260112898,482561.1555263316,558737.357430217,943.0606038990528,1468.7555656642046,4763.363099900074,555.7760227239523,0.1,
freMTPL2sev,nanoTabPFN-ATB0-s93,ATB0,93,18,4.0,4.0,1.1977691152122871,200,1000,57,2.5002292761535463,2.414728354872034,1068.2933969680453,5625.624672716337,1663042.4786388967,2204483.3831897727,961.2667516580333,1485.0893512640885,15446.703105299785,2190.065797704836,0.1,
freMTPL2sev,nanoTabPFN-ATB0-s93,ATB0,93,18,20.0,20.0,1.1977691152122871,200,1000,18,0.9261486400560711,0.8171162296861891,1211.970359112895,3783.6888884360883,28872.595972505776,4424151.419215044,956.1572921107131,1354.1391141678705,908.6334082997856,4261.5859683141525,0.1,
freMTPL2sev,nanoTabPFN-ATB0-s93,ATB0,93,18,50.0,49.99999999999999,1.1977691152122871,200,1000,7,0.7729384469673662,0.6240092648257052,1700.7662433099567,4340.17317894606,23145.69138793265,8272865.875011974,1072.7001727941338,1374.8806006728641,932.653698757678,8567.033790838059,0.1,
freMTPL2sev,nanoTabPFN-ATB0-s93,ATB0,93,19,1.0,1.0,1.1486175839016612,200,1000,82,2.2653717137808678,2.053223294985303,1145.700161054821,2855.838524360182,325808.2878093581,406129.32111064566,1128.5211196761973,1643.945999702706,3219.582323267743,403.05369850267,0.1,
freMTPL2sev,nanoTabPFN-ATB0-s93,ATB0,93,19,4.0,4.0,1.1486175839016612,200,1000,57,2.696437729593213,2.5263921271125587,1013.0453789773459,3275.831215308611,1184673.6495420546,1609422.078245767,1150.965954173578,1654.4206155469838,11456.748202315499,1602.8330415660268,0.1,
freMTPL2sev,nanoTabPFN-ATB0-s93,ATB0,93,19,20.0,20.0,1.1486175839016612,200,1000,17,0.9565862022598294,0.8338480543146667,978.6723046588534,2815.1715093592948,22682.638111671717,3437828.176758309,1156.7856088744866,1655.0290825700908,1178.8138383770051,3281.5693000318884,0.1,
freMTPL2sev,nanoTabPFN-ATB0-s93,ATB0,93,19,50.0,49.99999999999999,1.1486175839016612,200,1000,7,0.7204015505745139,0.5634835046804546,1479.100287809817,3673.4511971461416,17238.362025797804,4265155.491286862,1185.5509455203362,1651.2923481234989,1228.4566863873242,4855.665906427565,0.1,
freMTPL2sev,nanoTabPFN-ACB0-s93,ACB0,93,0,1.0,1.0,1.1348193864384903,200,1000,76,2.3255272222223073,2.135845115314879,1159.5866770315517,3171.562531695732,438640.9437860637,608361.8372311225,950.356849390352,1380.7361406633877,4354.177269618105,605.6809193993346,0.1,
freMTPL2sev,nanoTabPFN-ACB0-s93,ACB0,93,0,4.0,4.0,1.1348193864384903,200,1000,55,0.8077617079548157,0.6061856252612925,1103.5987826682149,2524.9422788779816,12604.244404474923,2083759.2322096135,957.526763705793,1383.0487647298803,1599.1135963355493,2075.277325479213,0.1,
freMTPL2sev,nanoTabPFN-ACB0-s93,ACB0,93,0,20.0,19.999999999999996,1.1348193864384903,200,1000,16,0.6367579228938361,0.5018157572535068,1249.8413615620698,3197.4395032052794,13223.100651225635,24887.54537532049,959.3380307072431,1379.769144062841,1076.583748702147,1040.4183110755935,0.1,
freMTPL2sev,nanoTabPFN-ACB0-s93,ACB0,93,0,50.0,49.99999999999999,1.1348193864384903,200,1000,6,0.8370543168794911,0.724212548746821,792.8176290756874,2133.1613001569667,15088.261923830763,29591.440254371253,1023.9198005393728,1384.0670961054718,1070.6227263072806,855.2706638145456,0.1,
freMTPL2sev,nanoTabPFN-ACB0-s93,ACB0,93,1,1.0,1.0,1.1614900055184356,200,1000,70,2.456543045846237,2.2534330645497826,1119.3012094096148,3107.8329944890124,641198.7046666704,1065130.714908992,464.4342237826219,573.9256103673507,6019.283751559062,1059.6562405026812,0.1,
freMTPL2sev,nanoTabPFN-ACB0-s93,ACB0,93,1,4.0,3.9999999999999996,1.1614900055184356,200,1000,54,0.9511449892928381,0.7471563457265621,1083.561594458212,2578.930752977789,18484.86332184365,3297757.4195949445,469.74986693021106,542.621861829486,967.8721480567633,3184.842135736098,0.1,
freMTPL2sev,nanoTabPFN-ACB0-s93,ACB0,93,1,20.0,19.999999999999996,1.1614900055184356,200,1000,17,0.7567945930798978,0.6468878327565236,1448.1738301724263,4322.043291390674,23860.757119266294,43505.19604996544,526.9122494059596,656.1390947271391,280.5716139829962,348.7743383889309,0.1,
freMTPL2sev,nanoTabPFN-ACB0-s93,ACB0,93,1,50.0,49.99999999999999,1.1614900055184356,200,1000,7,0.892061788573312,0.8586338309587181,608.7016647890723,2882.5159672823493,28808.101770927333,56838.59225428827,576.503429184031,549.1057113286971,298.6185536658148,57.63685299939976,0.1,
freMTPL2sev,nanoTabPFN-ACB0-s93,ACB0,93,2,1.0,1.0,1.1331926067717273,200,1000,76,2.4106674632346268,2.159482018319717,1147.8435657871337,2551.5953876001763,378092.0359460793,540620.94827581,667.1146425818325,901.2583979687432,3743.4560907100754,538.4261351706368,0.1,
freMTPL2sev,nanoTabPFN-ACB0-s93,ACB0,93,2,4.0,3.999999999999999,1.1331926067717273,200,1000,55,0.8675080800918755,0.5713451010263747,1043.2824344953342,1929.985152654475,8866.266561565008,1711413.8606669176,684.4805077134163,923.1515833955349,616.1328086536162,1718.8146744465985,0.1,
freMTPL2sev,nanoTabPFN-ACB0-s93,ACB0,93,2,20.0,20.0,1.1331926067717273,200,1000,16,0.7206301426868189,0.5382432209016911,1134.8373190907853,2645.221180359516,12036.17612121496,22998.134523827495,668.3225802038479,897.6571945879583,646.7227429848218,272.9874847526543,0.1,
freMTPL2sev,nanoTabPFN-ACB0-s93,ACB0,93,2,50.0,50.00000000000001,1.1331926067717273,200,1000,6,0.8043026418462041,0.6957105763940884,729.4481003262545,2072.3610632833006,13925.907354939065,26677.674797537653,750.9215508913364,911.9311039256116,629.7417428930991,402.21779304938235,0.1,
freMTPL2sev,nanoTabPFN-ACB0-s93,ACB0,93,3,1.0,1.0,1.150142410703785,200,1000,76,2.3607735635045244,2.1504630267442835,1152.5110809847001,2907.9598881022966,413100.10534740915,612725.610928634,799.2931054461449,1111.535433891175,4141.349292612351,610.75763961425,0.1,
freMTPL2sev,nanoTabPFN-ACB0-s93,ACB0,93,3,4.0,4.0,1.150142410703785,200,1000,55,0.7345973250215533,0.5586360027968945,1100.1554362392178,2547.8847948279786,11793.02247360161,2091892.7339868215,806.1008203791858,1118.320106338423,1149.9164077779105,2071.8938937679945,0.1,
freMTPL2sev,nanoTabPFN-ACB0-s93,ACB0,93,3,20.0,20.0,1.150142410703785,200,1000,16,0.6645202654235062,0.5123632280669594,1268.1698560682037,3145.1626800199156,13161.843217128797,26385.139248203566,812.5839985339186,1112.3720505022854,786.3998907337121,772.8827386235096,0.1,
freMTPL2sev,nanoTabPFN-ACB0-s93,ACB0,93,3,50.0,49.999999999999986,1.150142410703785,200,1000,7,0.8638962121984443,0.7515065931428175,793.2254815624383,2336.3397568951737,16793.56439596534,30693.844119115533,871.6551139937758,1120.7385132032884,775.3379748485861,587.6605948645522,0.1,
freMTPL2sev,nanoTabPFN-ACB0-s93,ACB0,93,4,1.0,1.0,1.1160776215424169,200,1000,76,2.2053231466944885,2.076067909670805,1134.7066534006735,4139.316278820621,499528.2409659117,671666.7826542355,924.2846657193154,1375.7015885868998,5282.857233061146,775.8181229752354,0.1,
freMTPL2sev,nanoTabPFN-ACB0-s93,ACB0,93,4,4.0,4.0,1.1160776215424169,200,1000,54,0.5335556711817165,0.43653850323528914,1093.522971810542,3237.260626283455,12032.993622917455,2049450.6419749018,929.9207459851024,1343.9303859806075,1245.0695007524353,1985.10160452927,0.1,
freMTPL2sev,nanoTabPFN-ACB0-s93,ACB0,93,4,20.0,19.999999999999996,1.1160776215424169,200,1000,15,0.2847281869386523,0.2692110115625949,1291.527693546778,4884.304283925958,13984.558242256084,26286.185202673507,942.3882082891262,1416.2359718818668,1082.969179447088,919.0625467663116,0.1,
freMTPL2sev,nanoTabPFN-ACB0-s93,ACB0,93,4,50.0,50.0,1.1160776215424169,200,1000,6,0.6404904573284884,0.551189872703278,857.5011661051876,2551.2230278702937,11907.954939211362,30653.091579163087,974.3256920405308,1333.507603764913,1085.4100919492953,844.8912416931081,0.1,
freMTPL2sev,nanoTabPFN-ACB0-s93,ACB0,93,5,1.0,1.0,1.1035653784113189,200,1000,80,2.1704716720354766,2.012670623715105,1146.0485125462772,3566.8393396669107,368936.30348886526,488366.86164164834,797.7268771367042,1131.0962465917628,3672.1889690267053,486.0989257140403,0.1,
freMTPL2sev,nanoTabPFN-ACB0-s93,ACB0,93,5,4.0,3.9999999999999996,1.1035653784113189,200,1000,54,0.4386903192052358,0.29773769451977833,1089.8026078359137,2652.427120976983,7658.610484666746,1320433.015586548,806.4804962123102,1125.762072576407,924.6965420320649,1276.8141315558423,0.1,
freMTPL2sev,nanoTabPFN-ACB0-s93,ACB0,93,5,20.0,20.0,1.1035653784113189,200,1000,14,0.26410073892538033,0.22462505516821937,1182.4776055297461,3860.1626522223187,10310.66022572889,18238.48636658898,798.8825469298292,1136.4769467223705,802.8237879297903,628.0182727387764,0.1,
freMTPL2sev,nanoTabPFN-ACB0-s93,ACB0,93,5,50.0,50.00000000000001,1.1035653784113189,200,1000,6,0.49867190254273314,0.4010422377838628,897.9675845109755,2542.4015770333745,9088.639274056153,19779.17456170946,844.6564047126644,1131.0283387253437,799.2749723668192,589.387894754815,0.1,
freMTPL2sev,nanoTabPFN-ACB0-s93,ACB0,93,6,1.0,1.0,1.1854456215092428,200,1000,76,2.2232314836313702,2.0893618445788302,1137.5185003046208,4048.8952425288917,506290.95682277216,697287.7294734021,755.8477972058596,1016.2101864852228,5024.915893254442,694.9069292345976,0.1,
freMTPL2sev,nanoTabPFN-ACB0-s93,ACB0,93,6,4.0,4.0,1.1854456215092428,200,1000,56,0.4692892913541524,0.3734352290971701,1096.562386178306,3203.247466502131,10753.839805437572,1998138.3758060944,762.4986712053241,1001.5534419326483,697.1259581706755,1979.9203078948162,0.1,
freMTPL2sev,nanoTabPFN-ACB0-s93,ACB0,93,6,20.0,19.999999999999996,1.1854456215092428,200,1000,18,0.313868350502351,0.289203209291889,1347.9691160377663,4962.809287872939,14382.260132292336,30252.989113759966,784.6994881865525,1049.8185291540426,644.1785743851292,607.9751698341773,0.1,
freMTPL2sev,nanoTabPFN-ACB0-s93,ACB0,93,6,50.0,50.0,1.1854456215092428,200,1000,7,0.5603891566346628,0.4962120559432204,925.1132974810262,3243.577282116275,13130.212405431523,31362.33138141225,797.3126325318791,1002.9270366005322,643.3190965864601,419.8457631477774,0.1,
freMTPL2sev,nanoTabPFN-ACB0-s93,ACB0,93,7,1.0,1.0,1.19414259733653,200,1000,76,2.242077210091403,2.086639871317341,1176.5265769320465,3708.269572606204,455176.9444124028,663665.1893350303,1085.5219585701177,1657.6732985652025,4469.53032578781,660.2529134693808,0.1,
freMTPL2sev,nanoTabPFN-ACB0-s93,ACB0,93,7,4.0,4.0,1.19414259733653,200,1000,56,0.5720805423351621,0.43560565450396144,1164.0217269932368,2906.9314126724344,10961.986618471261,2071290.04559226,1085.962741428305,1642.161772079009,1310.1000750981877,2054.8135077526535,0.1,
freMTPL2sev,nanoTabPFN-ACB0-s93,ACB0,93,7,20.0,20.0,1.19414259733653,200,1000,18,0.47059737278695235,0.3891476934893961,1360.214300456284,4099.931927388209,14114.858605303,29454.381716730757,1122.7688992979931,1675.8281205409255,1370.0829614870481,990.0765921520901,0.1,
freMTPL2sev,nanoTabPFN-ACB0-s93,ACB0,93,7,50.0,50.0,1.19414259733653,200,1000,7,0.7253082338945803,0.6204049637891965,883.0952274861638,2630.550292494987,13684.571194291608,34351.85935133101,1132.7369818743896,1641.7708467799025,1343.2664811158513,994.1578796790898,0.1,
freMTPL2sev,nanoTabPFN-ACB0-s93,ACB0,93,8,1.0,1.0,1.136106439030618,200,1000,85,2.09921925666461,1.9052675544907494,1174.4329903996932,3071.219888568764,255161.04865905148,395716.90523033077,614.8987845927682,788.2735455056064,2531.1610193874294,393.74981510241423,0.1,
freMTPL2sev,nanoTabPFN-ACB0-s93,ACB0,93,8,4.0,4.0,1.136106439030618,200,1000,58,0.27905842070314085,0.15341557046253285,1140.689458225983,2722.9162973688763,6658.935519463072,1188815.1134180278,616.2197291600334,788.1277478618827,478.2956099121786,1189.3117898180137,0.1,
freMTPL2sev,nanoTabPFN-ACB0-s93,ACB0,93,8,20.0,19.999999999999996,1.136106439030618,200,1000,17,0.2719430216539977,0.18738858594398863,1211.824030055658,3286.4555674236335,8279.308054021236,16773.8934810957,619.8179138278023,791.581727200547,443.3700843375846,200.12577251273427,0.1,
freMTPL2sev,nanoTabPFN-ACB0-s93,ACB0,93,8,50.0,49.999999999999986,1.136106439030618,200,1000,6,0.2168353550070662,0.1489002718100673,1078.7668236757454,2998.4489317889875,7309.545789562148,15137.783124634989,626.6158839661058,789.9211245213236,471.4241974920896,246.3765744992189,0.1,
freMTPL2sev,nanoTabPFN-ACB0-s93,ACB0,93,9,1.0,1.0,1.1234946508703478,200,1000,81,2.184515274900034,1.9924560594812852,1148.3087760949877,3089.5069903875183,307162.51963253145,454619.20804774994,617.1272354542391,775.5024707628232,3051.7975569418986,452.67717298305405,0.1,
freMTPL2sev,nanoTabPFN-ACB0-s93,ACB0,93,9,4.0,4.0,1.1234946508703478,200,1000,56,0.4243266575427335,0.29025414035250063,1111.8173367954523,2669.711351087547,7890.822013852465,1445731.8853090862,621.0831788210152,775.2729889952328,617.3357268752989,1435.527503451615,0.1,
freMTPL2sev,nanoTabPFN-ACB0-s93,ACB0,93,9,20.0,20.0,1.1234946508703478,200,1000,15,0.4044015112564221,0.2977726978828254,1186.0410948267609,3090.6093026409644,9263.502528149244,18699.159165819947,616.5850552016509,774.760391529335,497.6983075744164,396.03566158600154,0.1,
freMTPL2sev,nanoTabPFN-ACB0-s93,ACB0,93,9,50.0,50.0,1.1234946508703478,200,1000,6,0.4137339162453074,0.3351616473531811,918.3446361407814,2721.7980359511735,8568.320205420161,18500.465765945184,657.1991984881716,773.6024712378746,502.0021406481892,341.51303138579595,0.1,
freMTPL2sev,nanoTabPFN-ACB0-s93,ACB0,93,10,1.0,1.0,1.147356649420444,200,1000,76,2.2450960076229713,2.0982776937690675,1138.7813001477039,3785.457986473967,484689.35386277095,719544.4724229153,559.8855470351016,735.7489173529765,4889.995512079611,718.2955841310933,0.1,
freMTPL2sev,nanoTabPFN-ACB0-s93,ACB0,93,10,4.0,4.000000000000001,1.147356649420444,200,1000,55,0.5491288811157602,0.4259286870200144,1096.478770148704,2943.4275143664563,10688.853770329968,1672502.9641349902,566.7604594431779,730.2763207852224,1640.501944854842,1664.9794224088212,0.1,
freMTPL2sev,nanoTabPFN-ACB0-s93,ACB0,93,10,20.0,20.0,1.147356649420444,200,1000,16,0.25545389496345416,0.23309038528275972,1349.889922925212,4808.851980634436,12988.472111728923,25405.01565438162,596.8637406270092,780.0965934112016,388.08040992800426,379.40372167204094,0.1,
freMTPL2sev,nanoTabPFN-ACB0-s93,ACB0,93,10,50.0,49.999999999999986,1.147356649420444,200,1000,7,0.5587574636456653,0.4821192391041723,880.7012361406487,2440.02896993378,11002.54835546383,27186.342916209047,617.2322121292555,718.660951092132,382.12091743871804,193.921784599273,0.1,
freMTPL2sev,nanoTabPFN-ACB0-s93,ACB0,93,11,1.0,1.0,1.164783103496827,200,1000,81,2.2309154430337808,2.062061388396995,1179.333472387501,3486.4549476868806,406209.0645373696,515219.24636019033,713.898598678335,949.3208153264749,4028.161136843675,512.9594820429816,0.1,
freMTPL2sev,nanoTabPFN-ACB0-s93,ACB0,93,11,4.0,3.999999999999999,1.164783103496827,200,1000,58,0.4074359885308265,0.2856251340298514,1162.5367775705708,2926.5615320070056,8575.554390322202,1548896.1020584987,713.914736725423,944.0083684519029,660.4939621373098,1518.470843220486,0.1,
freMTPL2sev,nanoTabPFN-ACB0-s93,ACB0,93,11,20.0,20.000000000000004,1.164783103496827,200,1000,17,0.3329894402900352,0.26781470518057354,1307.1694752158853,3956.1130306756577,11187.373190191094,22149.751924307373,737.7491431771565,954.0804139051957,548.4000247654297,412.52710000496825,0.1,
freMTPL2sev,nanoTabPFN-ACB0-s93,ACB0,93,11,50.0,49.99999999999999,1.164783103496827,200,1000,7,0.43362408882810166,0.3647905109480273,1058.6425169563931,3329.901247093094,11096.262210554625,23484.28543299849,726.3856526480246,946.1929685877499,550.4279270809747,289.85280357510385,0.1,
freMTPL2sev,nanoTabPFN-ACB0-s93,ACB0,93,12,1.0,1.0,1.175978266476459,200,1000,73,2.2848519129748732,2.1543221362928624,1122.2995987321765,3944.215264919283,561337.9928170706,834031.7796778444,1213.8974579947699,1908.9254428968247,6251.172041413255,1283.4612533515024,0.1,
freMTPL2sev,nanoTabPFN-ACB0-s93,ACB0,93,12,4.0,4.0,1.175978266476459,200,1000,55,0.5288644550769754,0.4306213642967772,1086.6094950289173,3126.3122699020787,11569.04243555888,2345428.7064236477,1219.8301928898973,1879.4836554473075,1806.812892889397,2265.6041554359867,0.1,
freMTPL2sev,nanoTabPFN-ACB0-s93,ACB0,93,12,20.0,20.000000000000004,1.175978266476459,200,1000,17,0.5089516631186998,0.44492265089354244,1389.7412683065877,4633.5368972256265,17446.713935024884,40596.35822597268,1263.3307853591864,1948.1763299174122,1632.6257478670248,748.186668977482,0.1,
freMTPL2sev,nanoTabPFN-ACB0-s93,ACB0,93,12,50.0,50.00000000000001,1.175978266476459,200,1000,7,0.7443900575811636,0.6957979981957576,818.5321230459331,3304.955714992522,19914.407618369296,45754.28035335262,1265.3514826759476,1886.7534821416878,1616.3625834278587,1300.9885039784538,0.1,
freMTPL2sev,nanoTabPFN-ACB0-s93,ACB0,93,13,1.0,1.0,1.1786751521777412,200,1000,75,2.1865276346861116,2.0266301054444265,1140.8846292671396,3299.20691573995,374318.8977033772,666160.790692775,858.2829465277313,1187.4844264548046,3482.207324726049,661.0842341411517,0.1,
freMTPL2sev,nanoTabPFN-ACB0-s93,ACB0,93,13,4.0,4.0,1.1786751521777412,200,1000,56,0.5453466071334676,0.4046336687429126,1076.0376251906173,2701.992485492866,9543.619025660364,2005807.5751988506,866.3615182829816,1181.735888657946,1427.3329813455618,1871.0252317555346,0.1,
freMTPL2sev,nanoTabPFN-ACB0-s93,ACB0,93,13,20.0,19.999999999999996,1.1786751521777412,200,1000,17,0.579814769737024,0.4355324863596019,1237.1670197714118,3377.421324894787,13483.140575613104,31142.914362474257,868.598670427678,1163.4367830407907,701.9788659328498,1276.0121570139684,0.1,
freMTPL2sev,nanoTabPFN-ACB0-s93,ACB0,93,13,50.0,50.0,1.1786751521777412,200,1000,7,0.5998514531766507,0.5294957774195718,760.0839833745058,2205.520620896348,11736.19845978913,32830.48713772892,924.3245081037744,1177.8950789487435,717.1991006969539,414.7221941246578,0.1,
freMTPL2sev,nanoTabPFN-ACB0-s93,ACB0,93,14,1.0,1.0,1.1965429575690185,200,1000,80,2.2166615836559944,1.9980478395049037,1155.4689809645197,2829.3925203782205,283078.66139471607,471309.8256421753,585.5522836883015,726.0891478335399,2844.3267244659583,469.7696187270758,0.1,
freMTPL2sev,nanoTabPFN-ACB0-s93,ACB0,93,14,4.0,3.9999999999999996,1.1965429575690185,200,1000,57,0.4064083490562046,0.2583165774577117,1100.8494111688556,2538.701937323227,7153.981267123834,1377453.3555858126,591.3459002095533,731.8967318158685,844.1580499657731,1356.9752109261094,0.1,
freMTPL2sev,nanoTabPFN-ACB0-s93,ACB0,93,14,20.0,19.999999999999996,1.1965429575690185,200,1000,18,0.48888414540502195,0.36297545319854163,1176.5555928085817,2986.9892924426854,9846.405842503213,21660.30800769257,584.7444117417721,724.6639260660179,421.67388279510095,545.8197478599445,0.1,
freMTPL2sev,nanoTabPFN-ACB0-s93,ACB0,93,14,50.0,50.00000000000001,1.1965429575690185,200,1000,7,0.474180476127974,0.3816306785922053,883.805522267875,2620.2003473525447,8874.425038775189,21210.61123886519,631.1845850179865,725.2484664564573,434.62725872243954,244.4119898643849,0.1,
freMTPL2sev,nanoTabPFN-ACB0-s93,ACB0,93,15,1.0,1.0,1.1573767754633546,200,1000,81,2.2498775388246766,1.9372132402215896,1154.8856035311965,2298.600241302279,190570.1511479824,386523.43174576,651.8185451375542,858.0497888013879,1882.8955841915513,384.4991996093522,0.1,
freMTPL2sev,nanoTabPFN-ACB0-s93,ACB0,93,15,4.0,4.000000000000001,1.1573767754633546,200,1000,57,0.4746438137957667,0.21934542328094267,1130.0329195661075,2146.1923795309012,5410.461998109786,1094731.8376459947,653.3079981829844,864.8918221349837,675.2566848903596,1026.8503139594231,0.1,
freMTPL2sev,nanoTabPFN-ACB0-s93,ACB0,93,15,20.0,20.000000000000004,1.1573767754633546,200,1000,17,0.5915088961889333,0.3980189528985424,1088.8241594340316,2320.9059989586985,8207.64463495332,17499.366454840958,660.2389128998194,854.1269075206244,516.2663068406491,386.4108512437394,0.1,
freMTPL2sev,nanoTabPFN-ACB0-s93,ACB0,93,15,50.0,49.99999999999999,1.1573767754633546,200,1000,7,0.45036746189145044,0.315601530212375,801.3668214910531,1965.0266584665146,6082.645923355468,17234.892816370873,718.291167130529,867.2490334271812,546.9754576149387,305.4574064486354,0.1,
freMTPL2sev,nanoTabPFN-ACB0-s93,ACB0,93,16,1.0,1.0,1.137168524824101,200,1000,73,2.473104687536938,2.2607982001545235,1093.1906750242902,2790.099976296965,536699.4169489333,754190.0645741799,1807.4882318178848,2921.6096521952213,6788.332879680021,1934.6755379566528,0.1,
freMTPL2sev,nanoTabPFN-ACB0-s93,ACB0,93,16,4.0,4.0,1.137168524824101,200,1000,54,0.8750961401951942,0.6383589278468422,1007.6413883351036,2092.1871803370323,11166.71828161813,2211364.703283306,1824.5211535458254,2943.143242834271,3347.214480278923,2118.2291734398927,0.1,
freMTPL2sev,nanoTabPFN-ACB0-s93,ACB0,93,16,20.0,20.000000000000004,1.137168524824101,200,1000,16,0.810894200776671,0.647296081982015,1275.9497600396294,3208.6428840924873,18278.308684658783,32860.54663516461,1817.6498720726554,2953.583733621727,2856.4726281080834,3028.281503171109,0.1,
freMTPL2sev,nanoTabPFN-ACB0-s93,ACB0,93,16,50.0,50.0,1.137168524824101,200,1000,6,0.8036445272558714,0.728465522912244,712.8433098059804,2334.85620211879,19070.686980560524,37193.26424588774,1887.842777867485,2948.820642438463,2858.6868545189004,2677.3414193261174,0.1,
freMTPL2sev,nanoTabPFN-ACB0-s93,ACB0,93,17,1.0,1.0,1.079374777864354,200,1000,79,2.3076955893709767,2.1032805312627425,1149.8852471256932,2970.343433394957,384617.52566355036,504980.5215406266,523.2905939783922,616.6114033311318,3845.206903178107,503.42251553576136,0.1,
freMTPL2sev,nanoTabPFN-ACB0-s93,ACB0,93,17,4.0,3.9999999999999996,1.079374777864354,200,1000,51,0.9730792772215082,0.6320432975418682,1052.982357987462,1822.0710126460488,9723.716838257651,1626382.4677944002,537.8602586270149,647.311962958019,343.8889428969753,1617.1873386449627,0.1,
freMTPL2sev,nanoTabPFN-ACB0-s93,ACB0,93,17,20.0,20.0,1.079374777864354,200,1000,13,0.5485777719913819,0.4169928579585534,1156.3866037618543,2923.899823831539,10559.86498204234,18554.464134933027,523.1858177515435,617.3258753688929,309.4618908953958,150.44163148672604,0.1,
freMTPL2sev,nanoTabPFN-ACB0-s93,ACB0,93,17,50.0,50.000000000000014,1.079374777864354,200,1000,5,0.7669275636679039,0.619967408499499,798.1664006481078,1881.821661806503,11096.183788216102,22646.936115542117,587.1849783192271,634.9611569800719,304.13223705101746,120.18616870598545,0.1,
freMTPL2sev,nanoTabPFN-ACB0-s93,ACB0,93,18,1.0,1.0,1.1977691152122871,200,1000,78,2.184763996231787,2.0219012644898506,1141.56584520966,3541.0035620514345,396531.870171064,550133.4325477905,943.6275759035424,1344.8170223009972,3835.9714939408755,546.5022369829006,0.1,
freMTPL2sev,nanoTabPFN-ACB0-s93,ACB0,93,18,4.0,4.0,1.1977691152122871,200,1000,57,0.4303333528138655,0.31070207334408534,1090.4750993333168,2873.978523324523,8864.39324019991,1597835.9929583524,951.256306955714,1351.4351226673275,1107.9425693856554,1513.4592951318655,0.1,
freMTPL2sev,nanoTabPFN-ACB0-s93,ACB0,93,18,20.0,20.0,1.1977691152122871,200,1000,18,0.3936150330193025,0.33599254598787004,1180.5640103433595,3736.588108079871,11516.741594049567,24438.874568203417,947.8848817514503,1345.4359083751644,980.559079631509,981.5935020496655,0.1,
freMTPL2sev,nanoTabPFN-ACB0-s93,ACB0,93,18,50.0,49.99999999999999,1.1977691152122871,200,1000,7,0.5028989692825698,0.42587555929478677,882.5290643380672,2940.6221798213537,10668.805978667242,25448.311508849125,992.7900030152534,1348.5008373724586,985.9669277747951,706.7852800057395,0.1,
freMTPL2sev,nanoTabPFN-ACB0-s93,ACB0,93,19,1.0,1.0,1.1486175839016612,200,1000,82,2.2802207460243737,1.9605113989397616,1155.852172838891,2183.2154370817348,195837.88039946146,393133.17747576616,1128.0351357180718,1689.8995532420356,2070.5456471371826,390.569796254479,0.1,
freMTPL2sev,nanoTabPFN-ACB0-s93,ACB0,93,19,4.0,4.0,1.1486175839016612,200,1000,57,0.541223779163538,0.27160723304117196,1109.015151197613,2006.6808011589883,5737.739001030024,1140408.019194616,1133.4362223101539,1705.2409615084064,1524.1543475188798,1123.4368850505714,0.1,
freMTPL2sev,nanoTabPFN-ACB0-s93,ACB0,93,19,20.0,20.0,1.1486175839016612,200,1000,17,0.6746219186092705,0.4647357578711359,1104.6838320774934,2266.04425586852,8912.484973350543,19008.350961164015,1132.9760343247876,1670.0096686138124,1312.7935085390016,781.1248148335084,0.1,
freMTPL2sev,nanoTabPFN-ACB0-s93,ACB0,93,19,50.0,49.99999999999999,1.1486175839016612,200,1000,7,0.6087429095117063,0.47435932448409895,805.8648754694714,2013.7013940583952,7942.09496019173,18974.637152509855,1198.3345358556871,1696.279747082609,1332.2942607751388,1043.0999663288942,0.1,
beMTPL97,nanoTabPFN-A0B0-s92,A0B0,92,0,1.0,1.0,1.1514043419106743,200,1000,72,2.100541623991083,2.0759204180982698,183.63280841178113,2368.549874531476,284442.56212890754,501526.1631423397,612.3346121523005,625.4478293069867,2929.1710770387976,501.15662778831893,0.4,
beMTPL97,nanoTabPFN-A0B0-s92,A0B0,92,0,4.0,3.9999999999999996,1.1514043419106743,200,1000,54,2.6497525576689456,2.531628909914509,605.5157236200765,2379.0936043695638,844600.0373753348,1974272.667237133,601.5791736012646,692.1182031664358,8707.716132847534,1973.815988137648,0.1,
beMTPL97,nanoTabPFN-A0B0-s92,A0B0,92,0,20.0,20.0,1.1514043419106743,200,1000,16,0.9735818983976452,0.8813339403476095,587.7201874799182,2058.3292240779915,17811.08708539252,9209690.988224111,601.4045361939321,627.549900145482,12098.156815770857,9218.761204837047,0.1,
beMTPL97,nanoTabPFN-A0B0-s92,A0B0,92,0,50.0,50.0,1.1514043419106743,200,1000,7,-0.11627657819688948,-0.012099506847436124,450.45287164639467,3026.9871074852845,5985.50019080522,21128667.076436095,602.1440523672827,634.1205529521454,18261.030249545252,21101.48147022013,0.1,
beMTPL97,nanoTabPFN-A0B0-s92,A0B0,92,1,1.0,1.0,1.152550504974234,200,1000,73,1.8151074077854936,1.7956984391545,157.10369830552588,1970.0815247704995,124853.56128191232,439991.52666642144,551.8510546148566,552.373778897137,1403.5959812506298,439.57066379646193,0.1,
beMTPL97,nanoTabPFN-A0B0-s92,A0B0,92,1,4.0,4.0,1.152550504974234,200,1000,54,2.563105300523199,2.454325991382703,508.3078273304812,2214.357765335792,698637.3378361408,1777449.1999526888,540.8469173429862,1155.0542713274867,7459.161803280951,1779.5381902653457,0.1,
beMTPL97,nanoTabPFN-A0B0-s92,A0B0,92,1,20.0,20.0,1.152550504974234,200,1000,16,1.0192564363240855,0.9161208962877533,587.1891408668062,1955.2700541789827,18022.20741729746,8362892.1351156235,542.6979387268839,540.859479798203,10536.006005123247,8361.295603537805,0.1,
beMTPL97,nanoTabPFN-A0B0-s92,A0B0,92,1,50.0,50.0,1.152550504974234,200,1000,7,-0.19257536031698425,-0.0846110479840043,483.215081461115,2847.4772350618005,5172.272851677426,18448579.76497548,540.844967375316,528.5543554630477,10033.28332549224,18398.82890020825,0.1,
beMTPL97,nanoTabPFN-A0B0-s92,A0B0,92,2,1.0,1.0,1.090320717148085,200,1000,76,1.9549503472736476,1.8838611189202568,258.5997270077003,2171.6694537022636,166289.7475700441,415679.89518476266,688.0333063620234,746.5122611351735,1698.612400648932,412.1150548641257,0.1,
beMTPL97,nanoTabPFN-A0B0-s92,A0B0,92,2,4.0,3.9999999999999996,1.090320717148085,200,1000,52,2.610023663964347,2.4688754022031145,641.2174816010089,2253.7840150872926,681366.7029649925,1661735.92110177,675.0518090733669,747.9813382494382,6746.9104237832025,1657.7208227234457,0.1,
beMTPL97,nanoTabPFN-A0B0-s92,A0B0,92,2,20.0,19.999999999999996,1.090320717148085,200,1000,14,0.9895858771226923,0.8970454603730369,655.4367126530356,2316.9470476563097,20322.711875022163,7855097.436526426,674.138538968651,740.984140078674,8644.694347637042,7840.051649507308,0.1,
beMTPL97,nanoTabPFN-A0B0-s92,A0B0,92,2,50.0,50.0,1.090320717148085,200,1000,5,-0.20543017662704527,-0.1163464275294408,587.6510040459152,2832.676307169765,4966.061890453405,17238935.49066019,674.0133836743415,736.5060259814798,7875.004945661841,17112.319180726205,0.1,
beMTPL97,nanoTabPFN-A0B0-s92,A0B0,92,3,1.0,1.0,1.1660149508271862,200,1000,67,2.2326737031784707,2.1959808571939563,251.1351827429471,2456.323451906443,395839.16880095133,819780.0844066918,555.692756885589,588.1722009467965,3913.8606051961942,817.9436248289454,0.1,
beMTPL97,nanoTabPFN-A0B0-s92,A0B0,92,3,4.0,4.0,1.1660149508271862,200,1000,53,2.7277126752512815,2.611777565007694,683.8863672403894,2765.8859235829204,1222336.8906804777,3240279.021948085,554.3538813259883,1501.0084462234295,12995.592294840288,3232.728648145129,0.1,
beMTPL97,nanoTabPFN-A0B0-s92,A0B0,92,3,20.0,20.0,1.1660149508271862,200,1000,16,0.9171745017707257,0.8288923347936715,684.6260282629769,2425.273027507626,19001.827962209434,14633161.010968205,554.2215477801932,1285.3495721154452,15603.426447056643,14599.60111046821,0.1,
beMTPL97,nanoTabPFN-A0B0-s92,A0B0,92,3,50.0,49.99999999999999,1.1660149508271862,200,1000,7,-0.12473576486199171,0.028867593497864295,220.98326841209928,4285.618342202777,8841.702706695152,35394676.108160704,560.7469295284103,1270.095155257836,25484.169525758294,35289.05761028093,0.1,
beMTPL97,nanoTabPFN-A0B0-s92,A0B0,92,4,1.0,1.0,1.1947500975366478,200,1000,71,2.146833858241934,2.1258644549485806,190.0522552351648,2953.8912759065233,404954.392530381,605747.8355071545,658.7851845712814,808.5738585576943,4124.365699948823,605.1901847702446,0.1,
beMTPL97,nanoTabPFN-A0B0-s92,A0B0,92,4,4.0,4.0,1.1947500975366478,200,1000,54,2.746412583227941,2.6449727136592647,602.8188265264733,2761.51412888373,1235546.050403109,2381773.787437184,642.8950570630906,749.5454674233864,12512.78385638974,2382.0427645307527,0.1,
beMTPL97,nanoTabPFN-A0B0-s92,A0B0,92,4,20.0,20.000000000000004,1.1947500975366478,200,1000,18,1.0936093514857443,1.000529132238274,644.9124702377123,2346.7809050456062,25656.810307388776,11072527.84316757,644.819921763726,798.880247741627,14621.603070593834,11081.623541639394,0.1,
beMTPL97,nanoTabPFN-A0B0-s92,A0B0,92,4,50.0,49.99999999999999,1.1947500975366478,200,1000,7,-0.11110820445425591,-0.006016980910338212,524.1166221035974,3612.3436209302563,7145.58398311514,25363443.60680971,644.5060624012068,1019.824049391807,17266.717545856787,25374.84474661735,0.1,
beMTPL97,nanoTabPFN-A0B0-s92,A0B0,92,5,1.0,1.0,1.17920926398348,200,1000,71,2.235988565952221,2.1630856088232973,641.3764986239669,3724.654398357333,555774.2621621932,768516.7562450123,554.6612767764462,903.5281973656508,5487.6018027716,766.6526756273557,0.1,
beMTPL97,nanoTabPFN-A0B0-s92,A0B0,92,5,4.0,3.9999999999999996,1.17920926398348,200,1000,54,2.7330215368263797,2.5925518152233296,924.2128640192034,3182.7485696991835,1373874.7849539137,2985752.8284207913,569.8950354920846,1176.113949272259,12789.691589974624,2967.2864159338524,0.1,
beMTPL97,nanoTabPFN-A0B0-s92,A0B0,92,5,20.0,20.0,1.17920926398348,200,1000,17,0.9908557981952985,0.8887451204040584,812.8442614851547,2764.405686436074,24252.632207435163,13806444.349227613,562.0766339278377,651.3796963820637,17113.091981733847,13725.776174374985,0.1,
beMTPL97,nanoTabPFN-A0B0-s92,A0B0,92,5,50.0,50.0,1.17920926398348,200,1000,7,-0.13763107778367495,-0.022787528018659207,574.5064274140304,4395.9602563269455,8623.110808036197,32103097.238227177,557.3326385777049,622.7229341225116,22430.03998126933,31969.49802585871,0.1,
beMTPL97,nanoTabPFN-A0B0-s92,A0B0,92,6,1.0,1.0,1.1962916839464397,200,1000,69,2.1769879677824986,2.1367570771114726,283.51051249790913,2914.61311420772,407319.85779413604,673283.300715608,627.3643922167029,774.6614982331307,3971.658414246312,671.0031612537173,0.1,
beMTPL97,nanoTabPFN-A0B0-s92,A0B0,92,6,4.0,4.000000000000001,1.1962916839464397,200,1000,54,2.770716131787978,2.6232197216581326,752.9523277967703,2534.08172011859,1121698.8181708958,2639542.2749409424,628.4214576172631,850.236662788986,11207.430115579702,2631.358166901974,0.1,
beMTPL97,nanoTabPFN-A0B0-s92,A0B0,92,6,20.0,20.000000000000004,1.1962916839464397,200,1000,18,1.0181100820206748,0.9023489961147734,715.7329052372768,2247.1178315511534,20083.41639168222,12149167.714609629,626.627039218327,671.5001418220601,14533.393321981392,12088.485154548493,0.1,
beMTPL97,nanoTabPFN-A0B0-s92,A0B0,92,6,50.0,50.0,1.1962916839464397,200,1000,7,-0.05756224463063522,0.05586491047028552,429.9863259887343,3833.759045651619,8168.544144693078,28797965.661480233,623.3349316796156,721.9013556615391,21829.721207026956,28609.399727607102,0.1,
beMTPL97,nanoTabPFN-A0B0-s92,A0B0,92,7,1.0,1.0,1.178082984774905,200,1000,69,2.2605762544623347,2.194547413369214,652.8110803032135,4058.634441782474,648477.4485717333,825576.8972255841,510.09569826854903,616.2753123452661,6382.5432277702,823.4884337311814,0.1,
beMTPL97,nanoTabPFN-A0B0-s92,A0B0,92,7,4.0,3.9999999999999996,1.178082984774905,200,1000,54,2.8444948780468406,2.7246610714478376,842.0939211526802,3250.3680625846996,1769393.659460012,3216472.291843229,521.3948316716264,658.087137828134,16183.483808637686,3199.078946245441,0.1,
beMTPL97,nanoTabPFN-A0B0-s92,A0B0,92,7,20.0,20.0,1.178082984774905,200,1000,17,1.0962313868449707,0.9998445575738616,787.960876570628,2791.3803354593883,30517.922325698422,14832352.246536175,518.29404619468,489.8301424086166,17912.869750548965,14715.517364227844,0.1,
beMTPL97,nanoTabPFN-A0B0-s92,A0B0,92,7,50.0,50.0,1.178082984774905,200,1000,7,-0.02436810770466522,0.08604767224091964,506.9588645294525,4643.402199261642,10324.109612716267,34755402.88261693,512.381068252047,590.955855266762,23464.501936765126,34331.6693495176,0.1,
beMTPL97,nanoTabPFN-A0B0-s92,A0B0,92,8,1.0,1.0,1.0548697235269866,200,1000,79,1.83551749166186,1.7442850446725042,372.6181356739794,1927.9408115658612,108536.35575356675,307225.0930624878,540.7796983293636,516.2716409179365,1103.25365386463,304.57885575577563,0.1,
beMTPL97,nanoTabPFN-A0B0-s92,A0B0,92,8,4.0,4.0,1.0548697235269866,200,1000,48,2.607709010984231,2.5028720753423186,483.0588092345895,2113.2546158253035,699607.5453577368,1253145.9476143932,531.8188498754274,521.0126407465872,7170.890085609557,1253.780381943815,0.1,
beMTPL97,nanoTabPFN-A0B0-s92,A0B0,92,8,20.0,20.0,1.0548697235269866,200,1000,11,1.3883842071954102,1.2763806364354027,694.58866672836,2501.8680983696845,50561.330951319585,5882213.431563022,534.4739180895174,512.8596215520049,9386.05737326774,5888.579168368736,0.1,
beMTPL97,nanoTabPFN-A0B0-s92,A0B0,92,8,50.0,49.99999999999999,1.0548697235269866,200,1000,4,-0.13492463963086626,-0.09009522231989621,619.0796806591238,2374.836307931323,4305.828518211674,13064885.741772207,532.7144764130339,512.0652525355002,10050.500337123525,13005.728073220234,0.1,
beMTPL97,nanoTabPFN-A0B0-s92,A0B0,92,9,1.0,1.0,1.1134333759127413,200,1000,80,1.7775327917641348,1.6976450068683375,402.6854021762004,1992.1638856364048,101083.30570704726,291803.57457395375,585.6999258080297,619.0005005704573,1092.1735120424423,290.02022175303733,0.1,
beMTPL97,nanoTabPFN-A0B0-s92,A0B0,92,9,4.0,4.0,1.1134333759127413,200,1000,54,2.6233365907416886,2.4649108286317074,670.095953709176,2041.2999921693581,616143.7419887283,1186090.8974037876,592.9013189523666,931.1134679630619,6325.580791734625,1186.5405936532893,0.1,
beMTPL97,nanoTabPFN-A0B0-s92,A0B0,92,9,20.0,20.000000000000004,1.1134333759127413,200,1000,15,1.5048612214781312,1.3714082953300555,735.6973393799103,2393.3950051903535,58469.07255178344,5613243.777100202,597.5399097857149,681.0901401283552,9899.62253011245,5604.125415787972,0.1,
beMTPL97,nanoTabPFN-A0B0-s92,A0B0,92,9,50.0,50.00000000000001,1.1134333759127413,200,1000,6,-0.10256480223606874,-0.06716391744285014,598.3261071220836,2241.791170908004,4177.082835730791,12633457.796001595,595.5489134112726,850.8198642427889,10565.69256132827,12516.38650086387,0.1,
beMTPL97,nanoTabPFN-A0B0-s92,A0B0,92,10,1.0,1.0,1.1662472339322185,200,1000,75,1.7844205963670903,1.763561306301475,225.86288557374843,2677.4124420507305,156990.73981329318,468471.1806605507,583.0786402534295,556.5105752147637,1619.4281556719575,466.9579442719039,0.1,
beMTPL97,nanoTabPFN-A0B0-s92,A0B0,92,10,4.0,3.9999999999999996,1.1662472339322185,200,1000,56,2.642212250345296,2.5166962813589233,697.8660129842308,2576.5864207622717,906448.8727932042,1898907.0078682522,564.8414493111114,578.9307358003186,9295.556780928146,1899.8293720508173,0.1,
beMTPL97,nanoTabPFN-A0B0-s92,A0B0,92,10,20.0,20.0,1.1662472339322185,200,1000,17,2.07261386357115,1.9562531013888491,687.3325394139729,2623.751064320403,239998.36185782007,9061083.091164473,564.9991173523514,560.4135136208635,17948.124049557533,9045.004776119382,0.1,
beMTPL97,nanoTabPFN-A0B0-s92,A0B0,92,10,50.0,50.0,1.1662472339322185,200,1000,7,-0.07826868116874226,-0.005847741424579568,627.2206046625179,3181.7842099283375,6335.997818695906,20510705.72459344,565.7638151757797,564.3311860613022,19721.432844381987,20340.71262923614,0.1,
beMTPL97,nanoTabPFN-A0B0-s92,A0B0,92,11,1.0,1.0,1.0574236675112725,200,1000,77,2.0378705245570736,1.960582758224737,425.9395075865448,2216.3290654549646,205490.80219743066,348538.0076103086,474.03184623486885,432.8652507994267,2015.8760773158426,347.1704158731037,0.1,
beMTPL97,nanoTabPFN-A0B0-s92,A0B0,92,11,4.0,4.0,1.0574236675112725,200,1000,47,2.6422339051646,2.536564654448557,492.25949257948315,2146.832629654863,754330.5711138858,1385050.5117617263,475.9315721209169,577.2731767527646,7698.250854870391,1385.6254390741685,0.1,
beMTPL97,nanoTabPFN-A0B0-s92,A0B0,92,11,20.0,19.999999999999996,1.0574236675112725,200,1000,11,2.235101219165247,2.1048880856201166,678.1271037143172,2499.7855279571113,322340.20766771224,6576900.879971541,482.6187533324056,439.68478581823484,12359.796588626908,6579.711189912008,0.1,
beMTPL97,nanoTabPFN-A0B0-s92,A0B0,92,11,50.0,50.0,1.0574236675112725,200,1000,5,-0.09137339458546903,-0.03713386192822354,592.2951592261757,2527.048635389774,4840.389730187695,14664418.917505186,478.93115983529015,437.8341731412467,12811.599548781622,14587.791372722508,0.1,
beMTPL97,nanoTabPFN-A0B0-s92,A0B0,92,12,1.0,1.0,1.1358884885893301,200,1000,76,1.9864218912005762,1.9431388903601678,236.26075926108535,2000.5441604355356,176179.35314841502,343990.96979715506,628.1348402239495,665.6553739999957,1687.5932681663376,341.8995942429963,0.1,
beMTPL97,nanoTabPFN-A0B0-s92,A0B0,92,12,4.0,4.0,1.1358884885893301,200,1000,55,2.67608948351672,2.5729459550969116,451.6910104277492,2034.9387993985729,767066.004603903,1379977.897918576,624.7105637644984,855.7014065203902,7422.666958960289,1376.2333227821532,0.1,
beMTPL97,nanoTabPFN-A0B0-s92,A0B0,92,12,20.0,20.0,1.1358884885893301,200,1000,16,1.9536514535108307,1.8319965075136624,574.9705254444871,2147.7271752886945,156954.83727254445,6528778.558005679,624.5343654440622,1176.4077999862704,10875.409046754818,6505.008303404047,0.1,
beMTPL97,nanoTabPFN-A0B0-s92,A0B0,92,12,50.0,49.99999999999999,1.1358884885893301,200,1000,6,-0.13139800443370714,-0.06376020814182302,519.4693910168626,2373.787741217163,4431.262368331434,14608182.540053172,625.1582275686586,1588.7945723810599,6858.992588652911,14388.174749715794,0.1,
beMTPL97,nanoTabPFN-A0B0-s92,A0B0,92,13,1.0,1.0,1.1732770051831836,200,1000,68,2.2030576662308876,2.1676341593884993,246.99108607670343,2414.9295647215768,374291.8605215863,709424.1400124151,570.1733693663462,583.668295913022,3552.305944579915,706.2891733018881,0.1,
beMTPL97,nanoTabPFN-A0B0-s92,A0B0,92,13,4.0,4.0,1.1732770051831836,200,1000,53,2.8034559221662696,2.681190270140926,667.2954008476273,2643.5945026675154,1326261.3201131304,2817935.933539308,573.6319206789259,1088.3889939343578,13080.124138381203,2812.42682384682,0.1,
beMTPL97,nanoTabPFN-A0B0-s92,A0B0,92,13,20.0,20.000000000000004,1.1732770051831836,200,1000,17,1.058489588494886,0.9538760713889564,681.4179171214591,2282.458158184064,22948.557012114114,13023830.12870448,574.7895013197337,585.3729647857485,14974.369963011317,12933.470631769773,0.1,
beMTPL97,nanoTabPFN-A0B0-s92,A0B0,92,13,50.0,50.0,1.1732770051831836,200,1000,7,-0.08978061356641029,0.039409652394394354,355.6044717083805,3919.3887000954455,8168.641489559233,30772868.626070775,568.8831036610479,625.4078888454095,19736.656348859175,30437.535831708483,0.1,
beMTPL97,nanoTabPFN-A0B0-s92,A0B0,92,14,1.0,1.0,1.19885585689078,200,1000,71,2.1472651886437166,2.1203553024404767,214.139656265486,2602.7250509506625,343944.3346787676,560365.913237818,593.8434729999716,563.8055995448931,3428.65560377419,559.0619920640055,0.1,
beMTPL97,nanoTabPFN-A0B0-s92,A0B0,92,14,4.0,4.000000000000001,1.19885585689078,200,1000,55,2.696663524901617,2.5723218068067384,644.4369776510039,2474.994763870088,947652.9199638976,2196110.371114993,577.1347261934005,628.8721185269787,9280.831522123597,2190.668012533156,0.1,
beMTPL97,nanoTabPFN-A0B0-s92,A0B0,92,14,20.0,20.000000000000004,1.19885585689078,200,1000,18,1.0102046566517537,0.901632436177836,640.8457049943247,2068.732311947428,18543.576878100564,10204903.05433743,578.1875857140632,575.5278164145024,11395.61238802241,10149.542345700334,0.1,
beMTPL97,nanoTabPFN-A0B0-s92,A0B0,92,14,50.0,49.99999999999999,1.19885585689078,200,1000,7,-0.040973289504153465,0.05286930272287278,462.0247544304448,3290.726229357469,7033.008976540881,24018884.934790276,582.3611378431863,734.7572840307353,16107.416817853718,23859.352862959022,0.1,
beMTPL97,nanoTabPFN-A0B0-s92,A0B0,92,15,1.0,1.0,1.1867769048311116,200,1000,77,1.8514877883119565,1.7596098387601613,575.0895026155267,2520.529905508133,145860.26623295486,355605.43100858293,550.1146841959951,510.01332910874686,1408.0004145654566,353.35220468611385,0.1,
beMTPL97,nanoTabPFN-A0B0-s92,A0B0,92,15,4.0,3.999999999999999,1.1867769048311116,200,1000,56,2.5626254215676645,2.458025580536067,566.7954171247686,2497.8292471034447,705834.1204461362,1432182.3370872242,545.8889681306256,527.8216626290505,7308.808149836607,1433.5159159682087,0.1,
beMTPL97,nanoTabPFN-A0B0-s92,A0B0,92,15,20.0,19.999999999999996,1.1867769048311116,200,1000,18,1.6194584181458167,1.492621653838737,697.9962150516915,2457.7656318773097,75624.62783161676,6810045.607200498,548.701049840561,518.765602492642,13627.306331779342,6807.862532874506,0.1,
beMTPL97,nanoTabPFN-A0B0-s92,A0B0,92,15,50.0,50.0,1.1867769048311116,200,1000,7,-0.1793832581995188,-0.12028437279147133,638.9983182385763,2542.5967528993324,4457.161797077635,15289207.988580965,546.0281271621352,515.4246224025176,15094.713308576016,15190.516458054963,0.1,
beMTPL97,nanoTabPFN-A0B0-s92,A0B0,92,16,1.0,1.0,1.112564209416503,200,1000,75,2.0275068401529515,1.9974750177188265,196.97793982753745,2100.4247863495666,209640.79320367269,403944.0068248521,646.7081305234631,713.7924192785929,2117.021859970298,402.8728561876339,0.1,
beMTPL97,nanoTabPFN-A0B0-s92,A0B0,92,16,4.0,3.9999999999999996,1.112564209416503,200,1000,52,2.673015604661311,2.580701181214828,454.54872952532384,2254.0066428729156,860979.1770999138,1615641.3095600638,638.8492434617334,711.6574281187276,8806.920521489325,1616.3433826366925,0.1,
beMTPL97,nanoTabPFN-A0B0-s92,A0B0,92,16,20.0,20.000000000000004,1.112564209416503,200,1000,15,1.6338309046842951,1.5214517122290356,618.2679918229092,2360.199191619495,80546.82368746366,7640387.039643974,642.9846981217299,709.3126126028869,12687.20759878491,7643.219441488738,0.1,
beMTPL97,nanoTabPFN-A0B0-s92,A0B0,92,16,50.0,50.0,1.112564209416503,200,1000,6,-0.0753841455831453,-0.0036556301416334138,525.4637823152189,2706.79483942388,5402.178628060017,17136917.541935027,639.9128757674222,709.5311549513731,13017.687621016521,17106.282596538455,0.1,
beMTPL97,nanoTabPFN-A0B0-s92,A0B0,92,17,1.0,1.0,1.1863077029870688,200,1000,65,2.6069234733148594,2.525569535996936,421.990450819286,2336.176674344416,814220.8915618885,1180850.4712435827,546.7618558732075,600.5933383077454,8176.701421065953,1180.073028801628,0.1,
beMTPL97,nanoTabPFN-A0B0-s92,A0B0,92,17,4.0,4.0,1.1863077029870688,200,1000,52,2.9743833308386356,2.8495535731180848,796.0316774452024,2975.370844560961,2177142.1959651485,4612050.596422823,555.5602383918537,1319.3731083488337,21774.20589161842,4609.924154996746,0.1,
beMTPL97,nanoTabPFN-A0B0-s92,A0B0,92,17,20.0,19.999999999999996,1.1863077029870688,200,1000,17,1.0203627265204827,0.9548080149306063,728.9140391110977,3131.395042588018,31238.167880640773,20844012.690690484,552.267788583377,682.4797976209542,19924.729570744403,20825.132625063434,0.1,
beMTPL97,nanoTabPFN-A0B0-s92,A0B0,92,17,50.0,49.99999999999999,1.1863077029870688,200,1000,7,0.032887334061080575,0.17537194785747584,136.79730862297401,5969.577477225145,14869.85692626601,50306594.99440391,571.5681215669172,731.156626627069,36095.141591590014,50225.92146100141,0.1,
beMTPL97,nanoTabPFN-A0B0-s92,A0B0,92,18,1.0,1.0,1.1410922063033329,200,1000,76,1.8639087015713072,1.811372808008369,255.3322590103018,2042.3651594200683,133261.48217588695,355781.0116189087,572.5378016040588,622.8714687440101,1438.5173728297325,355.0091156757501,0.1,
beMTPL97,nanoTabPFN-A0B0-s92,A0B0,92,18,4.0,4.0,1.1410922063033329,200,1000,55,2.438108619275981,2.319257541995718,517.8577484415572,2055.715922746108,550694.9029844179,1422591.1803341005,557.9580122498875,3992.5517218451446,6035.102885634385,1424.07601023668,0.1,
beMTPL97,nanoTabPFN-A0B0-s92,A0B0,92,18,20.0,20.0,1.1410922063033329,200,1000,16,1.1702791545514255,1.0649428184620335,597.0114285397447,2079.563737436799,26516.05507363488,6769367.500084724,556.2804835180303,684.1907539715965,12764.436052781768,6783.390188415076,0.1,
beMTPL97,nanoTabPFN-A0B0-s92,A0B0,92,18,50.0,49.99999999999999,1.1410922063033329,200,1000,6,-0.1961661527522799,-0.11131923944837034,515.4122060965051,2418.0718689633914,4271.844264814121,14928287.302270744,559.0552118605397,705.0137774651477,15632.939423263388,14917.516299252857,0.1,
beMTPL97,nanoTabPFN-A0B0-s92,A0B0,92,19,1.0,1.0,1.199144405855362,200,1000,72,2.0965399501663455,2.0808224662909067,168.31045971348487,2822.0426421366037,351167.39509596676,553074.2009618495,680.4249893062475,793.6506758747853,3534.7560203873395,551.9661457296405,0.1,
beMTPL97,nanoTabPFN-A0B0-s92,A0B0,92,19,4.0,4.0,1.199144405855362,200,1000,55,2.538741744613349,2.410487084657599,703.8078312466644,2602.1942615984544,767728.7061901292,2145885.6598146334,669.1860093094197,3410.7645796272577,8199.930050773408,2144.949185355779,0.1,
beMTPL97,nanoTabPFN-A0B0-s92,A0B0,92,19,20.0,19.999999999999996,1.199144405855362,200,1000,18,0.930297340467057,0.8450000263854913,637.315243342237,2263.111284008411,18265.404624772353,10096448.593635304,666.298232513385,742.7401846515606,14030.990277297851,10111.26490728952,0.1,
beMTPL97,nanoTabPFN-A0B0-s92,A0B0,92,19,50.0,50.0,1.199144405855362,200,1000,7,-0.17360879954223798,-0.0660854588076365,531.8062169203727,3296.929122695389,6126.840071154997,22692467.132983424,665.5726326763964,740.4875808249866,20226.018928384663,22730.896707666314,0.1,
beMTPL97,nanoTabPFN-A1B0-s92,A1B0,92,0,1.0,1.0,1.1514043419106743,200,1000,72,2.210282023360195,2.108981711454797,556.4676943896523,2363.364016689222,308296.3628846662,503911.99256897054,601.5142668268047,623.9222411231108,3009.4282946638764,501.9593016681599,0.1,
beMTPL97,nanoTabPFN-A1B0-s92,A1B0,92,0,4.0,3.9999999999999996,1.1514043419106743,200,1000,54,0.6127800858869891,0.589917496315173,507.1532831780755,2349.708705520782,11475.684258213896,1619286.0640419908,601.5712587161717,626.9081460524021,479.902191855714,1593.8129816472353,0.1,
beMTPL97,nanoTabPFN-A1B0-s92,A1B0,92,0,20.0,20.0,1.1514043419106743,200,1000,16,0.6047363123688223,0.5771177063692632,597.2295590467279,2710.672716930256,12993.443574090154,66666.42161172732,601.5482981759491,627.4770382511628,386.39128574115085,1011.6297221505889,0.1,
beMTPL97,nanoTabPFN-A1B0-s92,A1B0,92,0,50.0,50.0,1.1514043419106743,200,1000,7,0.5387272748055218,0.5306923167578022,559.2749488779705,3037.4572758086874,13018.49859527401,51149.93251967283,601.8375125402671,636.9217271981497,380.4568823342025,111.82478009033134,0.1,
beMTPL97,nanoTabPFN-A1B0-s92,A1B0,92,1,1.0,1.0,1.152550504974234,200,1000,73,2.2092028142407174,2.0881959628614153,557.5135482099281,2146.7406264571655,269231.1264922052,454427.09455763316,542.1658536719652,530.4381156047148,2549.439866909249,451.89386654753775,0.1,
beMTPL97,nanoTabPFN-A1B0-s92,A1B0,92,1,4.0,4.0,1.152550504974234,200,1000,54,0.5680625531299911,0.5375506043596093,512.1398640643922,2180.8531411598874,9730.039649837705,1411414.1803215048,540.6751034146,527.2492623993201,290.72222605386145,1412.8745491975717,0.1,
beMTPL97,nanoTabPFN-A1B0-s92,A1B0,92,1,20.0,20.0,1.152550504974234,200,1000,16,0.609008686586993,0.5894879847366902,547.7006267892764,2622.906493071403,12798.41825772663,71327.80247822392,541.5186329898319,526.5749432292687,271.8094710785026,1006.6877262794499,0.1,
beMTPL97,nanoTabPFN-A1B0-s92,A1B0,92,1,50.0,50.0,1.152550504974234,200,1000,7,0.5055509122729592,0.4915763226625782,579.3982370476383,2889.8182177660683,11539.592005556462,42742.17227620407,542.6793224842224,547.8449078810895,263.96357448330525,120.07271392819099,0.1,
beMTPL97,nanoTabPFN-A1B0-s92,A1B0,92,2,1.0,1.0,1.090320717148085,200,1000,76,2.211484961012542,2.087516912935244,685.2990613132445,2558.3880445776576,323729.3646299826,431422.6598709015,678.3731280122695,745.7206279949348,3179.142313334737,429.4703578646257,0.1,
beMTPL97,nanoTabPFN-A1B0-s92,A1B0,92,2,4.0,3.9999999999999996,1.090320717148085,200,1000,52,0.5818020617216793,0.5553958459602627,531.1684270718558,2422.575690653828,11591.477674322461,1425147.1345853156,674.2666002464449,750.2451417782263,850.6751667436764,1386.9221898064707,0.1,
beMTPL97,nanoTabPFN-A1B0-s92,A1B0,92,2,20.0,19.999999999999996,1.090320717148085,200,1000,14,0.5089642151813143,0.4970447213562514,618.8069505015685,2891.211686487867,11950.324111551445,64575.767585304464,675.2359938090267,743.3246848982019,358.5381047000818,1386.69232798138,0.1,
beMTPL97,nanoTabPFN-A1B0-s92,A1B0,92,2,50.0,50.0,1.090320717148085,200,1000,5,0.4854740998048713,0.45883061666415176,722.0900923600329,3138.6777544777983,12091.180442686684,42693.778696824265,676.292383013699,747.2548154587282,370.17017600303774,82.69108122870439,0.1,
beMTPL97,nanoTabPFN-A1B0-s92,A1B0,92,3,1.0,1.0,1.1660149508271862,200,1000,67,0.5345701038256652,0.49936695405035925,524.2184017488694,2127.045304354346,8880.101852547832,762154.425523507,550.1264648560365,548.9342852930989,772.7814399686663,757.595912226395,0.1,
beMTPL97,nanoTabPFN-A1B0-s92,A1B0,92,3,4.0,4.0,1.1660149508271862,200,1000,53,0.6935480238504993,0.65797519727884,509.9245257232918,2275.2111371154333,12630.78152997783,2097738.8957666806,549.8896994222272,550.9577484821758,276.3955350998031,2025.1851536065944,0.1,
beMTPL97,nanoTabPFN-A1B0-s92,A1B0,92,3,20.0,20.0,1.1660149508271862,200,1000,16,0.7641419515765487,0.6808349381268868,890.2054874832215,2944.289355759667,17222.079946373316,69821.7193608864,568.044607739276,564.5038874619878,266.852158162554,372.8107910991191,0.1,
beMTPL97,nanoTabPFN-A1B0-s92,A1B0,92,3,50.0,49.99999999999999,1.1660149508271862,200,1000,7,0.5974313812420141,0.6426807080011573,187.01317902435403,2125.861914271941,12587.445956506723,76608.54255009658,560.8954362910116,572.6319708406395,298.02223313893484,157.9271183609698,0.1,
beMTPL97,nanoTabPFN-A1B0-s92,A1B0,92,4,1.0,1.0,1.1947500975366478,200,1000,71,2.237432188899927,2.1257475457523163,612.5272133244348,2501.096290482183,337339.4313737168,598987.1129564162,643.0555598048063,709.0724024290631,3358.6106805367235,597.5328438850062,0.1,
beMTPL97,nanoTabPFN-A1B0-s92,A1B0,92,4,4.0,4.0,1.1947500975366478,200,1000,54,0.606807946526996,0.5858988173046515,515.2621455662611,2505.6218710459816,12042.743923865222,1861065.2505222887,642.6027890715502,710.5140058355126,380.38242521360576,1850.7790354382812,0.1,
beMTPL97,nanoTabPFN-A1B0-s92,A1B0,92,4,20.0,20.000000000000004,1.1947500975366478,200,1000,18,0.6817175724779834,0.6463864208466373,672.8384534981019,2983.341222398073,16232.611027440977,81520.12622935293,644.9720815278206,708.3588030952825,365.7532351400641,332.4276615968118,0.1,
beMTPL97,nanoTabPFN-A1B0-s92,A1B0,92,4,50.0,49.99999999999999,1.1947500975366478,200,1000,7,0.5511121487478652,0.5600647073300404,592.8164679954416,3670.2491637671606,16841.140546620365,64768.53680829967,643.4298444697208,729.636637744464,362.00723992852903,70.4295376242341,0.1,
beMTPL97,nanoTabPFN-A1B0-s92,A1B0,92,5,1.0,1.0,1.17920926398348,200,1000,71,2.229487597803647,2.1496279327230394,708.507393146125,3954.8337292733386,575023.3978453232,770441.3036481168,557.5269176603349,599.8371599670637,5566.713949870057,767.4436634247571,0.1,
beMTPL97,nanoTabPFN-A1B0-s92,A1B0,92,5,4.0,3.9999999999999996,1.17920926398348,200,1000,54,0.7109283041190395,0.6980216827665575,664.435380720157,3679.8242350282926,22128.48949612843,2640768.0494972947,556.6781402628218,594.4187336722813,1809.46834941214,2536.697499231913,0.1,
beMTPL97,nanoTabPFN-A1B0-s92,A1B0,92,5,20.0,20.0,1.17920926398348,200,1000,17,0.6631473478090094,0.6096913088606954,948.2241931166777,3662.812353333511,18314.535353516214,90142.21592954527,571.4311831082215,577.3348632307693,300.71847493112926,1664.798397213465,0.1,
beMTPL97,nanoTabPFN-A1B0-s92,A1B0,92,5,50.0,50.0,1.17920926398348,200,1000,7,0.5606358434964193,0.5585989968974914,600.0190505452456,3662.2399409591258,16386.496794334897,73477.30319366117,553.8179889610365,590.8913776869524,299.96627288658,144.9027725979832,0.1,
beMTPL97,nanoTabPFN-A1B0-s92,A1B0,92,6,1.0,1.0,1.1962916839464397,200,1000,69,2.187097393343799,2.074046608838426,588.52528285282,2287.1455944921363,272311.561818531,659783.8721750677,624.248592142231,666.4228819463849,2589.4799873615875,651.7590188049048,0.1,
beMTPL97,nanoTabPFN-A1B0-s92,A1B0,92,6,4.0,4.000000000000001,1.1962916839464397,200,1000,54,0.6769682975495812,0.6652672136351301,512.0914034755422,2770.6861036586943,15699.797701663032,2211691.92889408,624.1212357614411,674.9424962154934,960.4296037229816,1903.4004850642223,0.1,
beMTPL97,nanoTabPFN-A1B0-s92,A1B0,92,6,20.0,20.000000000000004,1.1962916839464397,200,1000,18,0.6881924721458096,0.6190559136950055,843.6737911811138,2966.142800788158,15323.599691709309,76805.30736534877,634.4806096553865,675.7516234834607,320.1538065316852,1088.2223756651406,0.1,
beMTPL97,nanoTabPFN-A1B0-s92,A1B0,92,6,50.0,50.0,1.1962916839464397,200,1000,7,0.6297791856130248,0.6312545373263897,424.3548699347066,2736.2904174069,14214.339552761478,64995.067865284815,624.8153233788353,673.4279443786376,309.56083628560197,122.47187961463275,0.1,
beMTPL97,nanoTabPFN-A1B0-s92,A1B0,92,7,1.0,1.0,1.178082984774905,200,1000,69,2.2694284251826238,2.187645485640585,664.2004437348537,3549.231348825368,565819.3286829983,817312.3320295645,513.2226298100763,519.9563927466819,5529.990080167634,814.962890487419,0.1,
beMTPL97,nanoTabPFN-A1B0-s92,A1B0,92,7,4.0,3.9999999999999996,1.178082984774905,200,1000,54,0.7374836138576902,0.7175854564295785,602.676282372307,3239.0441307518695,20026.90252646877,2698261.878156929,511.9067263487095,504.899224340151,321.2031077305285,2670.9795401270603,0.1,
beMTPL97,nanoTabPFN-A1B0-s92,A1B0,92,7,20.0,20.0,1.178082984774905,200,1000,17,0.7356342573235884,0.658056586267453,969.5895613537114,3424.1085281945047,18793.85617761006,82369.2954475376,532.3606754346553,514.5416738302939,260.2717758634777,899.3387685355701,0.1,
beMTPL97,nanoTabPFN-A1B0-s92,A1B0,92,7,50.0,50.0,1.178082984774905,200,1000,7,0.6497247646354504,0.6486055518404467,534.3908186426697,3726.1858331186113,19216.195639182733,80295.66125096576,513.9378621224627,533.0517206377538,273.68227882797555,156.22754734235647,0.1,
beMTPL97,nanoTabPFN-A1B0-s92,A1B0,92,8,1.0,1.0,1.0548697235269866,200,1000,79,2.0839552247765254,2.0004777252610553,486.59765997900195,2363.858222375651,240884.92668183218,320458.6141072372,532.3710590430122,513.0738858347753,2373.2533637386787,318.992041258882,0.1,
beMTPL97,nanoTabPFN-A1B0-s92,A1B0,92,8,4.0,4.0,1.0548697235269866,200,1000,48,0.4701424769045106,0.42484083646248555,488.08588823195873,1766.2823540778973,6470.260315811947,964678.1041670186,532.5052207872328,520.1562128833465,276.4661188188186,957.3933441470218,0.1,
beMTPL97,nanoTabPFN-A1B0-s92,A1B0,92,8,20.0,20.0,1.0548697235269866,200,1000,11,0.5724590520262207,0.5648753634515175,579.1907248276118,3011.6880853618227,14046.380389585243,1302067.495723348,531.7242836992612,521.5575735790717,240.24343941802098,1628.0936328074365,0.1,
beMTPL97,nanoTabPFN-A1B0-s92,A1B0,92,8,50.0,49.99999999999999,1.0548697235269866,200,1000,4,0.29173990252409504,0.27901795467822854,765.4510303706743,3065.1732986403313,8664.448346589725,31304.343494331795,537.5237634698173,521.0450696284954,246.96440984328873,45.11925780407939,0.1,
beMTPL97,nanoTabPFN-A1B0-s92,A1B0,92,9,1.0,1.0,1.1134333759127413,200,1000,80,2.049004201885153,1.9666336690001496,477.7660480964304,2543.704948645506,237991.40107159753,305495.70310297474,585.1614475391824,617.7416886553463,2343.661328538916,303.9435572323946,0.1,
beMTPL97,nanoTabPFN-A1B0-s92,A1B0,92,9,4.0,4.0,1.1134333759127413,200,1000,54,0.5218299280433739,0.4632764466162116,508.7379482869641,1784.8975704425325,6974.004266154234,955664.7908165273,587.6720377762426,628.6236640991556,591.6060062778454,946.0896380333668,0.1,
beMTPL97,nanoTabPFN-A1B0-s92,A1B0,92,9,20.0,20.000000000000004,1.1134333759127413,200,1000,15,0.47690548558321105,0.4634419191622383,662.3544526158871,2980.3341026183057,11678.577590692455,479889.51539909217,592.9045961070744,630.6960408483807,577.3245367953945,1395.8238293623763,0.1,
beMTPL97,nanoTabPFN-A1B0-s92,A1B0,92,9,50.0,50.00000000000001,1.1134333759127413,200,1000,6,0.31783212025606283,0.2894426952138905,786.0010664120741,2936.585502961721,8455.548611727185,29520.004767409904,601.2202396864683,624.0890220490401,318.2940962542225,188.404615306467,0.1,
beMTPL97,nanoTabPFN-A1B0-s92,A1B0,92,10,1.0,1.0,1.1662472339322185,200,1000,75,2.182682808734146,2.0761128339683275,680.9777627795078,2849.750119449143,347557.273904411,487528.671080637,564.5718591762319,559.3785578026467,3417.4894090418675,485.76796477962137,0.1,
beMTPL97,nanoTabPFN-A1B0-s92,A1B0,92,10,4.0,3.9999999999999996,1.1662472339322185,200,1000,56,0.6039379148890908,0.5835921283102994,567.198670586864,2719.9829535156887,13222.869609248235,1627484.2131844019,565.4617036356555,564.5484423670325,509.72627021663413,1583.586896529037,0.1,
beMTPL97,nanoTabPFN-A1B0-s92,A1B0,92,10,20.0,20.0,1.1662472339322185,200,1000,17,0.538200761835455,0.5266579653170301,665.0578601434695,3226.904081760409,14089.601448047395,77852.16745546338,564.4809881394212,567.5182622877682,243.36345928438917,1431.4833600663792,0.1,
beMTPL97,nanoTabPFN-A1B0-s92,A1B0,92,10,50.0,50.0,1.1662472339322185,200,1000,7,0.4756060472935735,0.4616604742768122,784.2454494153726,3543.060417925066,13880.88929270795,50128.87732919271,566.6915995868433,581.8504166383783,242.236703819627,57.47906880360913,0.1,
beMTPL97,nanoTabPFN-A1B0-s92,A1B0,92,11,1.0,1.0,1.0574236675112725,200,1000,77,2.1330913703457637,2.0228839247256256,653.3472763707775,2698.3380589393805,287256.10151456494,356713.69982278283,481.03513681922806,437.33187470216643,2845.1406212867882,355.462910743969,0.1,
beMTPL97,nanoTabPFN-A1B0-s92,A1B0,92,11,4.0,4.0,1.0574236675112725,200,1000,47,0.5859636264509259,0.5469348415275341,505.5000311920217,2030.2066839823335,9098.475886304946,1165127.6949218682,477.9160389338033,439.57552253231967,217.24896856417757,1157.3326384840984,0.1,
beMTPL97,nanoTabPFN-A1B0-s92,A1B0,92,11,20.0,19.999999999999996,1.0574236675112725,200,1000,11,0.5958894064384106,0.5788744182709677,590.6363137015906,2857.2380170710476,13728.319719152365,1202728.266779034,478.65969595850294,444.39142286965716,289.0323196660421,1586.5234499298524,0.1,
beMTPL97,nanoTabPFN-A1B0-s92,A1B0,92,11,50.0,50.0,1.0574236675112725,200,1000,5,0.3936996527811487,0.37650798973303373,714.1930802406046,2948.735164336541,10274.57536545556,36285.24594409766,487.9922171540548,453.00862568146107,179.28294989704423,46.41402304753656,0.1,
beMTPL97,nanoTabPFN-A1B0-s92,A1B0,92,12,1.0,1.0,1.1358884885893301,200,1000,76,2.1530927796931123,2.0337949251559593,607.3061999478791,2307.003731200742,256737.479737406,352045.8713141035,624.9909629259682,651.1400327971431,2525.9949831502304,350.36799029680833,0.1,
beMTPL97,nanoTabPFN-A1B0-s92,A1B0,92,12,4.0,4.0,1.1358884885893301,200,1000,55,0.5263277116976041,0.4922628460617407,461.7282881779853,1880.2136662683502,7773.867806488348,1120709.761285447,625.1089972712972,665.4024305898365,379.18473072011966,1085.254124429089,0.1,
beMTPL97,nanoTabPFN-A1B0-s92,A1B0,92,12,20.0,20.0,1.1358884885893301,200,1000,16,0.5989642804373625,0.5864102071803128,507.2509174352674,2568.0394930495368,12495.137463637839,743363.2230794791,624.6442067704902,643.4005834333208,402.27066004173014,1501.7291375161396,0.1,
beMTPL97,nanoTabPFN-A1B0-s92,A1B0,92,12,50.0,49.99999999999999,1.1358884885893301,200,1000,6,0.45410472208582475,0.436936490666937,667.5731160823011,2927.6645166205826,10981.22605230852,38053.956539321494,626.3354330798855,653.133986299646,358.2751863147871,123.16067386428062,0.1,
beMTPL97,nanoTabPFN-A1B0-s92,A1B0,92,13,1.0,1.0,1.1732770051831836,200,1000,68,1.9452736917711566,1.8411228848680872,558.7117638080817,2307.7318467939767,162685.02159891737,688263.3009679872,569.6727912733487,570.3280041643325,1716.2124542564795,681.6010798076412,0.1,
beMTPL97,nanoTabPFN-A1B0-s92,A1B0,92,13,4.0,4.0,1.1732770051831836,200,1000,53,0.6760104396752552,0.6497009652865984,471.6500283424365,2253.9157679908853,12327.12876653219,2017607.5143418498,567.4031410634003,572.0396184052164,261.3983548284045,1991.0929551155052,0.1,
beMTPL97,nanoTabPFN-A1B0-s92,A1B0,92,13,20.0,20.000000000000004,1.1732770051831836,200,1000,17,0.7334521682600618,0.6552382410009691,850.7018997625055,2887.650325370167,16000.288726510238,75440.30134795974,586.9646639051999,573.686943444279,266.9888800199096,555.5731797250677,0.1,
beMTPL97,nanoTabPFN-A1B0-s92,A1B0,92,13,50.0,50.0,1.1732770051831836,200,1000,7,0.615468680609127,0.6365277309950026,314.31669358533236,2561.8223131875193,13511.897629187893,67479.26578128939,568.0309579777311,583.3857087300678,264.8145715497461,120.66908631327824,0.1,
beMTPL97,nanoTabPFN-A1B0-s92,A1B0,92,14,1.0,1.0,1.19885585689078,200,1000,71,2.2508469203408166,2.1309242685310354,590.7712611238402,2281.381585304249,310231.35362024256,556995.1226071387,577.7816649811483,563.7361072158614,2940.112022414678,554.1766986479438,0.1,
beMTPL97,nanoTabPFN-A1B0-s92,A1B0,92,14,4.0,4.000000000000001,1.19885585689078,200,1000,55,0.6133425068792723,0.5901302101456954,489.30991684466846,2312.674423896039,11235.051189037582,1732855.786109133,579.6093646951603,563.6807998059794,239.16431412297993,1678.0993359406557,0.1,
beMTPL97,nanoTabPFN-A1B0-s92,A1B0,92,14,20.0,20.000000000000004,1.19885585689078,200,1000,18,0.6098964845102048,0.5677776729294773,690.4542902264991,2752.4148892558446,12926.023497525504,61492.30404520148,578.540962343957,557.9923315809402,223.8868712524425,665.1681716197457,0.1,
beMTPL97,nanoTabPFN-A1B0-s92,A1B0,92,14,50.0,49.99999999999999,1.19885585689078,200,1000,7,0.5498492157723195,0.5505495535656365,472.4665202879014,2866.7955294161648,12351.879144284689,54010.07770147114,579.6020004546091,560.6908518137152,221.80282506133653,69.66590732944842,0.1,
beMTPL97,nanoTabPFN-A1B0-s92,A1B0,92,15,1.0,1.0,1.1867769048311116,200,1000,77,2.1266883656272415,2.0055343641696806,692.2484694755302,2663.009106844149,277284.26684621,368748.8729815292,549.2223334560797,510.251323156696,2704.496902658982,366.9394732319216,0.1,
beMTPL97,nanoTabPFN-A1B0-s92,A1B0,92,15,4.0,3.999999999999999,1.1867769048311116,200,1000,56,0.5741548701910917,0.5466568776489056,533.8277508697574,2339.946758568667,10591.573668671366,1244450.0132705765,545.1826173351877,516.801540547959,622.904255500345,1206.7718927270053,0.1,
beMTPL97,nanoTabPFN-A1B0-s92,A1B0,92,15,20.0,19.999999999999996,1.1867769048311116,200,1000,18,0.506503554771377,0.4883530951193375,649.6691189788964,2872.4147182859006,11757.888809046352,70846.30890313012,547.8062701401863,518.0621803136826,285.0146863322436,1452.0449466088799,0.1,
beMTPL97,nanoTabPFN-A1B0-s92,A1B0,92,15,50.0,50.0,1.1867769048311116,200,1000,7,0.4221574329602637,0.3971772729847661,766.4126322546972,3030.8329869311565,10641.248802133136,39015.37477816381,554.488105370983,525.7939269526967,272.45779634016606,98.34531825756751,0.1,
beMTPL97,nanoTabPFN-A1B0-s92,A1B0,92,16,1.0,1.0,1.112564209416503,200,1000,75,2.1890532466983648,2.0827692486957234,564.5846649498544,2412.8559254874426,296100.68336039723,412589.48671332473,641.0990514761226,711.1839561555894,2923.912838271859,410.94170001878933,0.1,
beMTPL97,nanoTabPFN-A1B0-s92,A1B0,92,16,4.0,3.9999999999999996,1.112564209416503,200,1000,52,0.5292820975902062,0.5036540198083183,482.8390554538097,2084.1382150240943,8666.389161643296,1276868.0325195035,640.1293016642782,715.3754348604206,435.55036879713265,1259.2738739450226,0.1,
beMTPL97,nanoTabPFN-A1B0-s92,A1B0,92,16,20.0,20.000000000000004,1.112564209416503,200,1000,15,0.6083936667661782,0.5966024216682753,507.33806483256626,2645.292271340601,13057.285745392528,78468.16101881217,640.2635228642372,710.2478135417954,399.542071826135,714.8175929692071,0.1,
beMTPL97,nanoTabPFN-A1B0-s92,A1B0,92,16,50.0,50.0,1.112564209416503,200,1000,6,0.5018935370113151,0.48922704587492444,639.8864572260995,2984.920790416825,12510.233920817527,43477.39788250944,646.1106647019628,721.7326317976892,396.8149439990804,73.44359339958454,0.1,
beMTPL97,nanoTabPFN-A1B0-s92,A1B0,92,17,1.0,1.0,1.1863077029870688,200,1000,65,0.5831783669674506,0.5580306379487425,600.5074653426661,2742.489922619676,12648.458777958676,1084902.039427127,546.6439638798325,540.3878662800845,1236.3094331810066,1062.810605060697,0.1,
beMTPL97,nanoTabPFN-A1B0-s92,A1B0,92,17,4.0,4.0,1.1863077029870688,200,1000,52,0.7510981469681814,0.715713695106662,604.7017352438506,2796.235236948304,17328.876833427883,2815714.7157598417,546.7694088315064,543.4173620670491,238.4712121582043,2562.361899288225,0.1,
beMTPL97,nanoTabPFN-A1B0-s92,A1B0,92,17,20.0,19.999999999999996,1.1863077029870688,200,1000,17,0.8781739551465295,0.7384737983169067,1028.7362943694875,2849.2435902217876,18389.12650476842,85563.14267058863,578.255945989936,537.7169937108198,217.74733084340502,100.94773502609034,0.1,
beMTPL97,nanoTabPFN-A1B0-s92,A1B0,92,17,50.0,49.99999999999999,1.1863077029870688,200,1000,7,0.6318717264476179,0.6984579039789512,78.2026573385192,2613.6669132042125,17842.690237293988,111946.52949570992,590.6962588132969,568.4086519301525,235.0808506949148,137.07237359532277,0.1,
beMTPL97,nanoTabPFN-A1B0-s92,A1B0,92,18,1.0,1.0,1.1410922063033329,200,1000,76,2.1808200386663117,2.0437217412242337,662.352050981433,2238.8454781409287,253371.88714380038,367793.5883235864,558.0765892521307,533.8473209281603,2505.412029229027,366.3522901394331,0.1,
beMTPL97,nanoTabPFN-A1B0-s92,A1B0,92,18,4.0,4.0,1.1410922063033329,200,1000,55,0.5352779430361386,0.4999737320174398,500.0660393519442,2073.799056519066,8652.13029898421,1173507.695038564,558.2070220111286,539.7755969902447,585.0581658697089,1158.8112523746108,0.1,
beMTPL97,nanoTabPFN-A1B0-s92,A1B0,92,18,20.0,20.0,1.1410922063033329,200,1000,16,0.4809093599557319,0.4650940698407808,591.368671971858,2626.140233705621,10284.646756149628,56669.96986202969,556.2883315947203,544.5943407470056,2555.485312605244,1485.489971897187,0.1,
beMTPL97,nanoTabPFN-A1B0-s92,A1B0,92,18,50.0,49.99999999999999,1.1410922063033329,200,1000,6,0.44086605614763985,0.4169539306599615,643.8252999599708,2636.0392411683315,9496.451568935765,32566.403704755965,556.7797416100175,530.8244068659411,256.2913721061861,237.18177591349402,0.1,
beMTPL97,nanoTabPFN-A1B0-s92,A1B0,92,19,1.0,1.0,1.199144405855362,200,1000,72,2.158463886267838,2.032400119188771,620.2415033015457,2292.80702067615,249352.10103682877,542894.3227708297,667.1145748783515,727.225328357283,2445.349718706319,541.0724031230859,0.1,
beMTPL97,nanoTabPFN-A1B0-s92,A1B0,92,19,4.0,4.0,1.199144405855362,200,1000,55,0.6248096483079334,0.6008522381976916,550.4597950876099,2585.2350845853243,12858.095025585846,1790654.3697692314,667.3628659380774,731.9391029017312,630.7179906394988,1758.3279067407707,0.1,
beMTPL97,nanoTabPFN-A1B0-s92,A1B0,92,19,20.0,19.999999999999996,1.199144405855362,200,1000,18,0.5787686320229373,0.5543557016507314,647.0972588804036,2909.982287865953,13279.10023901103,64886.023146386266,667.3456019869778,728.8887888679055,364.1447898157481,932.2201186330968,0.1,
beMTPL97,nanoTabPFN-A1B0-s92,A1B0,92,19,50.0,50.0,1.199144405855362,200,1000,7,0.4881545234105182,0.49052323999785563,593.5190346228364,3236.8186649891045,13137.460828549752,52528.84676801831,667.1583026114965,738.566186730029,354.4516432704853,73.64243042888009,0.1,
beMTPL97,nanoTabPFN-ATB0-s92,ATB0,92,0,1.0,1.0,1.1514043419106743,200,1000,72,2.1820768458270545,2.0500394262389463,579.8660653447951,2084.880126503337,236737.7971459251,496756.0770177705,601.836362801224,627.0603018731293,2258.810791339837,494.44680560932807,0.1,
beMTPL97,nanoTabPFN-ATB0-s92,ATB0,92,0,4.0,3.9999999999999996,1.1514043419106743,200,1000,54,0.5170753761993695,0.5034865567282025,450.06787265251353,2141.9697601918074,8941.605706435415,1475240.5203153794,601.6725075612284,626.1349476786105,394.59327623109937,1441.6495591918851,0.1,
beMTPL97,nanoTabPFN-ATB0-s92,ATB0,92,0,20.0,20.0,1.1514043419106743,200,1000,16,0.6998216809160778,0.5890535411744874,1140.383810845835,3276.530274519393,15838.608711849078,702198.4930322316,647.8282418332086,642.3547781221681,384.02811873585057,1682.310182862298,0.1,
beMTPL97,nanoTabPFN-ATB0-s92,ATB0,92,0,50.0,50.0,1.1514043419106743,200,1000,7,0.5402630489715847,0.35973494848202436,2572.9826998900485,5615.945261992198,18580.081899713172,191544.9060345383,1113.4139556865275,812.681264480547,383.9133917226334,1470.5562953116387,0.1,
beMTPL97,nanoTabPFN-ATB0-s92,ATB0,92,1,1.0,1.0,1.152550504974234,200,1000,73,2.2130188972570917,2.076969696110463,554.8177817390956,1979.398218588333,239676.66876146485,451470.47770901036,541.5976322437243,532.3192225284939,2254.366781714465,448.94319008430966,0.1,
beMTPL97,nanoTabPFN-ATB0-s92,ATB0,92,1,4.0,4.0,1.152550504974234,200,1000,54,0.5011712358084921,0.4860503092349736,437.3533455052336,2001.940490458821,8156.330602128558,1335770.3445479302,540.2665206823725,530.1561646870074,266.56150129703315,1334.5149765337603,0.1,
beMTPL97,nanoTabPFN-ATB0-s92,ATB0,92,1,20.0,20.0,1.152550504974234,200,1000,16,0.6961247381190345,0.5989136812784466,998.1911878200981,3061.938098970849,15168.677695020499,538561.1386229903,574.1088321762569,534.7484455696231,261.7148668420188,1455.960664239564,0.1,
beMTPL97,nanoTabPFN-ATB0-s92,ATB0,92,1,50.0,50.0,1.152550504974234,200,1000,7,0.11216335669880427,-0.029453106711812928,2383.3297153865306,5024.553336827957,9704.828788312207,171760.9104906466,985.6292258030868,646.4375694314216,270.615260519582,1091.268614514354,0.1,
beMTPL97,nanoTabPFN-ATB0-s92,ATB0,92,2,1.0,1.0,1.090320717148085,200,1000,76,2.2058870611486086,2.0959989421964895,605.8768475855557,2496.9381023657975,323846.6039040078,431434.9260684263,675.4052443076911,743.9023645309535,3184.825170009807,429.5271998975539,0.1,
beMTPL97,nanoTabPFN-ATB0-s92,ATB0,92,2,4.0,3.9999999999999996,1.090320717148085,200,1000,52,0.5107494962075018,0.4978789611318135,464.7780743657554,2123.9029996371355,9008.299529778025,1331264.2057251541,674.6376725686,748.6880306864676,472.8135705407759,1281.9620690561478,0.1,
beMTPL97,nanoTabPFN-ATB0-s92,ATB0,92,2,20.0,19.999999999999996,1.090320717148085,200,1000,14,0.5987333514624102,0.5231478412206696,963.267404979508,3111.4073843786964,13355.12878655317,75743.73221028026,692.5772959747086,737.9778027057741,378.0950743749057,891.6827442166414,0.1,
beMTPL97,nanoTabPFN-ATB0-s92,ATB0,92,2,50.0,50.0,1.090320717148085,200,1000,5,-0.030479686223116694,-0.1633977443925827,2299.517419586116,4718.876135125605,7975.381174737827,116114.69673590385,1056.0675891225596,814.2111885705702,461.1033644940187,530.1273380215104,0.1,
beMTPL97,nanoTabPFN-ATB0-s92,ATB0,92,3,1.0,1.0,1.1660149508271862,200,1000,67,0.48519244033624737,0.4393129784843282,533.9017859287119,1940.019815714406,7298.698120155053,722358.0217510308,549.9378226580878,550.3938672665784,390.85207576373205,716.456176034651,0.1,
beMTPL97,nanoTabPFN-ATB0-s92,ATB0,92,3,4.0,4.0,1.1660149508271862,200,1000,53,0.5685150178715854,0.5684447958962704,463.31309166729534,2550.5917926965567,11979.896152351492,1499259.776236121,550.2641995087099,551.0424398429416,280.0398323666966,1464.220864281848,0.1,
beMTPL97,nanoTabPFN-ATB0-s92,ATB0,92,3,20.0,20.0,1.1660149508271862,200,1000,16,0.8475656926958535,0.686170346223719,1657.6215320823942,4134.710289985074,24262.18591325068,5031745.489048544,727.2580920777654,623.7573738741996,301.9069282579294,5243.778805582306,0.1,
beMTPL97,nanoTabPFN-ATB0-s92,ATB0,92,3,50.0,49.99999999999999,1.1660149508271862,200,1000,7,0.6506091980566282,0.48799620399640353,3666.4471612446914,8645.059686840625,35256.42032391814,407794.80138985754,1564.3444536882214,962.0279531456216,361.7146889927853,3922.5498023940786,0.1,
beMTPL97,nanoTabPFN-ATB0-s92,ATB0,92,4,1.0,1.0,1.1947500975366478,200,1000,71,1.8363750973219597,1.6970642250784065,646.0267841753621,2128.564631182082,107937.13681384508,576045.7948881792,644.0908552952495,714.6323259225038,1143.448390359225,575.1765615950573,0.1,
beMTPL97,nanoTabPFN-ATB0-s92,ATB0,92,4,4.0,4.0,1.1947500975366478,200,1000,54,0.5378263316572681,0.52638308268363,488.2112427593595,2348.9317859256416,10285.215836384665,1683260.7720788405,643.070200583148,711.2259726088583,393.3635939061529,1664.0849104368542,0.1,
beMTPL97,nanoTabPFN-ATB0-s92,ATB0,92,4,20.0,20.000000000000004,1.1947500975366478,200,1000,18,0.743893217697872,0.625947758753907,1371.0086822002904,3875.87392016544,20136.626092883744,2199556.1329635773,734.61872420687,736.7295827991273,359.9044256810267,2591.322363464673,0.1,
beMTPL97,nanoTabPFN-ATB0-s92,ATB0,92,4,50.0,49.99999999999999,1.1947500975366478,200,1000,7,0.5705336961651825,0.39366580264271267,2973.988554567147,6605.141877133844,23001.336928548786,244052.33008968085,1317.7783278544716,904.0387134417904,362.47213018513196,1648.1001766500035,0.1,
beMTPL97,nanoTabPFN-ATB0-s92,ATB0,92,5,1.0,1.0,1.17920926398348,200,1000,71,2.2229412033703952,2.129502570448493,673.3210811295799,3000.4683628272737,410564.37943561905,753993.9667781792,557.549857713023,549.4732368344493,3840.655335107673,749.9995517090464,0.1,
beMTPL97,nanoTabPFN-ATB0-s92,ATB0,92,5,4.0,3.9999999999999996,1.17920926398348,200,1000,54,0.5641877288874197,0.5588168292222612,611.4440301192903,3264.896105453404,14979.754129598272,2301196.5216185823,556.300438713737,564.4383521146333,427.0386301454542,2058.707667502835,0.1,
beMTPL97,nanoTabPFN-ATB0-s92,ATB0,92,5,20.0,20.0,1.17920926398348,200,1000,17,0.7530450299532037,0.6152490252400715,1731.725928462622,4568.495799294824,23274.973069755513,2248530.4722400717,726.7990599615476,632.336114254067,317.90102325348744,3446.1966413771415,0.1,
beMTPL97,nanoTabPFN-ATB0-s92,ATB0,92,5,50.0,50.0,1.17920926398348,200,1000,7,0.5434685089040686,0.3684504472959348,3735.074390062704,8255.982595479192,27559.61504666757,318390.4738359683,1556.2995211065709,910.5057049336592,333.83823267182515,2576.0170702453192,0.1,
beMTPL97,nanoTabPFN-ATB0-s92,ATB0,92,6,1.0,1.0,1.1962916839464397,200,1000,69,1.6599126034593514,1.5328273665875765,606.6457577459105,2075.2933835137874,74296.69635123071,639978.6728741868,624.25309862839,666.8878170109213,1613.4025899506796,622.4144793819888,0.1,
beMTPL97,nanoTabPFN-ATB0-s92,ATB0,92,6,4.0,4.000000000000001,1.1962916839464397,200,1000,54,0.5625817847485937,0.5577512455767271,491.4019786464095,2608.652652369252,12013.334214679682,1908107.4767846544,622.8921298422424,673.3720473170399,399.00925935392644,1592.9566875734665,0.1,
beMTPL97,nanoTabPFN-ATB0-s92,ATB0,92,6,20.0,20.000000000000004,1.1962916839464397,200,1000,18,0.813472111606625,0.6636647854362911,1434.063869272899,3693.830822003147,20798.425887906793,3026798.814439146,718.3643653511688,711.0856390060419,342.9285615080287,3507.9662513635267,0.1,
beMTPL97,nanoTabPFN-ATB0-s92,ATB0,92,6,50.0,50.0,1.1962916839464397,200,1000,7,0.618106574386195,0.4410031887906447,3221.99731214197,7251.102831613731,27351.593911467666,305013.2985713717,1415.1171234334456,941.7547204326561,360.8731193867031,2919.3689309270803,0.1,
beMTPL97,nanoTabPFN-ATB0-s92,ATB0,92,7,1.0,1.0,1.178082984774905,200,1000,69,1.9494244526824018,1.8256468678407367,656.161694930346,2441.808305593331,166139.25195205124,777346.2064038347,512.428395329618,482.2823646790837,1705.3541279950057,774.1188683793554,0.1,
beMTPL97,nanoTabPFN-ATB0-s92,ATB0,92,7,4.0,3.9999999999999996,1.178082984774905,200,1000,54,0.589984095109616,0.5830376565102807,573.8020318009827,3116.3533580857247,14977.207547218639,2265528.1650235974,510.77944298311263,499.4288995091625,241.0794900096961,2259.890093959652,0.1,
beMTPL97,nanoTabPFN-ATB0-s92,ATB0,92,7,20.0,20.0,1.178082984774905,200,1000,17,0.83604971894582,0.6900047860983363,1778.8127422388823,4686.82453054292,27841.879094021097,5160649.692766583,725.472255880291,591.6326286565426,344.31158166457783,5206.100576633844,0.1,
beMTPL97,nanoTabPFN-ATB0-s92,ATB0,92,7,50.0,50.0,1.178082984774905,200,1000,7,0.5881558421111535,0.4124694338657286,3895.189543743996,8725.415187065999,31285.42665073827,370771.86072907597,1625.4781586221436,906.498792421663,324.7905155658207,3599.5909596864694,0.1,
beMTPL97,nanoTabPFN-ATB0-s92,ATB0,92,8,1.0,1.0,1.0548697235269866,200,1000,79,2.1027833636894973,2.010173475406362,495.9380307305531,2353.5100300990234,246068.76685170183,320976.71948788175,532.4604530536819,512.6363786070871,2437.617997396943,319.63570435935213,0.1,
beMTPL97,nanoTabPFN-ATB0-s92,ATB0,92,8,4.0,4.0,1.0548697235269866,200,1000,48,0.5412759958930741,0.5110501111169061,452.98533076146737,1883.5052189765722,8024.441389433398,1018303.6963946254,533.2712880854617,517.2006578606722,264.8706977686108,1012.3597507433656,0.1,
beMTPL97,nanoTabPFN-ATB0-s92,ATB0,92,8,20.0,20.0,1.0548697235269866,200,1000,11,0.4567002658364516,0.42785950889140334,729.7587176071436,2944.6057875493407,10815.802135286849,56969.96088094632,536.1705771195391,515.8892868824522,245.2348101144833,449.13370521903073,0.1,
beMTPL97,nanoTabPFN-ATB0-s92,ATB0,92,8,50.0,49.99999999999999,1.0548697235269866,200,1000,4,-0.11501020303094046,-0.24802664157630205,1773.8791622281321,3523.0469628881688,5521.796694807733,91299.13167868886,733.812215301165,540.983920044926,293.29491388137114,758.3551038331368,0.1,
beMTPL97,nanoTabPFN-ATB0-s92,ATB0,92,9,1.0,1.0,1.1134333759127413,200,1000,80,2.0677660877028567,1.984649932902231,485.9945785726869,2430.5233106865126,239065.9498157942,305603.9289907816,585.2861724150503,618.3574990204785,2373.8570950185276,304.24550809422965,0.1,
beMTPL97,nanoTabPFN-ATB0-s92,ATB0,92,9,4.0,4.0,1.1134333759127413,200,1000,54,0.5776404672598338,0.5457648886540124,501.26176879067765,2085.872993838857,9510.230706251388,1041571.2481548112,587.1793113663332,620.0605056764031,401.4878925074419,1036.8886846880932,0.1,
beMTPL97,nanoTabPFN-ATB0-s92,ATB0,92,9,20.0,20.000000000000004,1.1134333759127413,200,1000,15,0.42326831538973614,0.3907916346934141,740.5036319037395,2755.4608505383335,9504.209841387421,47715.41840034956,597.812139727738,622.1224925292697,316.76090700786176,483.00014683209,0.1,
beMTPL97,nanoTabPFN-ATB0-s92,ATB0,92,9,50.0,50.00000000000001,1.1134333759127413,200,1000,6,-0.037830803180086,-0.1787705592189543,1763.9290301577048,3524.220360156689,5861.600382052321,62427.872871815416,807.0797735595814,647.0884876761368,373.34134888284393,578.5073744907687,0.1,
beMTPL97,nanoTabPFN-ATB0-s92,ATB0,92,10,1.0,1.0,1.1662472339322185,200,1000,75,2.202372625642171,2.095991848321227,635.2879048335992,2669.3653011515325,341700.41388523526,486943.4888975244,564.4415635078536,557.8010306667616,3388.6708594707047,485.47979401960214,0.1,
beMTPL97,nanoTabPFN-ATB0-s92,ATB0,92,10,4.0,3.9999999999999996,1.1662472339322185,200,1000,56,0.5556505366926819,0.5421154756621931,498.66274610064306,2393.1249855859924,10813.694459192346,1565589.8121878626,567.9960831704745,562.8497297768976,324.7690162079459,1466.4798760171443,0.1,
beMTPL97,nanoTabPFN-ATB0-s92,ATB0,92,10,20.0,20.0,1.1662472339322185,200,1000,17,0.5984446776196821,0.522978929251475,1074.4099830300336,3508.931845196264,15192.096456628267,92570.26054513216,591.0860354528406,575.1372923823028,252.7082460749061,1209.2278867625628,0.1,
beMTPL97,nanoTabPFN-ATB0-s92,ATB0,92,10,50.0,50.0,1.1662472339322185,200,1000,7,0.23356818567043894,0.07664649641081656,2575.4337214836833,5453.687432498904,11960.220550300266,168468.7043877621,1062.5059215352414,690.1913400025749,257.78379515936194,1495.1839074850216,0.1,
beMTPL97,nanoTabPFN-ATB0-s92,ATB0,92,11,1.0,1.0,1.0574236675112725,200,1000,77,2.1504501586979523,2.0503047618550068,546.3125821107329,2417.2173817071985,275419.1092056774,355529.2173584591,477.0846641187829,433.52111538162467,2737.0596544330047,354.38214726187977,0.1,
beMTPL97,nanoTabPFN-ATB0-s92,ATB0,92,11,4.0,4.0,1.0574236675112725,200,1000,47,0.5621588849740384,0.5351437747692147,412.345102930592,1797.5860310646783,8040.706814471378,1129323.1465398856,474.94011948874004,437.83598644649715,188.41766043627374,1124.0877058362687,0.1,
beMTPL97,nanoTabPFN-ATB0-s92,ATB0,92,11,20.0,19.999999999999996,1.0574236675112725,200,1000,11,0.5515141817566312,0.49885289230251584,766.0561956816481,2808.309105235414,11699.239918785659,68943.7889835248,495.01736443116204,443.05581673312946,178.22317984393274,558.7318624774827,0.1,
beMTPL97,nanoTabPFN-ATB0-s92,ATB0,92,11,50.0,50.0,1.0574236675112725,200,1000,5,-0.07162016027487675,-0.2048425081738153,1922.4417074409014,3867.9923954766664,6294.435472316959,109189.23859103894,770.0026596477672,492.7894502328301,207.07962897636398,886.1988739313643,0.1,
beMTPL97,nanoTabPFN-ATB0-s92,ATB0,92,12,1.0,1.0,1.1358884885893301,200,1000,76,2.153188930062753,2.053459188631976,475.8147918552786,2094.5295026110434,242296.97396481884,350602.83935675136,624.5986611087474,656.2420545854638,2393.100860205685,349.03900925985175,0.1,
beMTPL97,nanoTabPFN-ATB0-s92,ATB0,92,12,4.0,4.0,1.1358884885893301,200,1000,55,0.5259873913492769,0.5002505418792493,397.14560840705497,1696.2626368354054,7032.930636609835,1085784.2774991398,626.348414802947,678.5975372966614,382.9634880162324,1023.4925806090754,0.1,
beMTPL97,nanoTabPFN-ATB0-s92,ATB0,92,12,20.0,20.0,1.1358884885893301,200,1000,16,0.5756718176116313,0.5134702642729949,763.9707543881084,2658.7893461380554,11329.017731610606,68327.60141977045,630.3921921689315,647.6801812159815,325.645060647324,739.6598074842974,0.1,
beMTPL97,nanoTabPFN-ATB0-s92,ATB0,92,12,50.0,49.99999999999999,1.1358884885893301,200,1000,6,-0.011948986758561058,-0.13952040276607566,1897.5867032510994,3933.340981321201,6775.001837716894,109476.63045727529,861.820226846593,689.4346953146744,356.2463090839598,493.0299726551359,0.1,
beMTPL97,nanoTabPFN-ATB0-s92,ATB0,92,13,1.0,1.0,1.1732770051831836,200,1000,68,0.5412706531816864,0.4908456143894883,559.6831407440301,2081.6809010605366,8399.599392550888,671643.6010427943,569.2033243997189,572.9523892136092,982.5374931758795,666.8247862287716,0.1,
beMTPL97,nanoTabPFN-ATB0-s92,ATB0,92,13,4.0,4.0,1.1732770051831836,200,1000,53,0.5777028737976981,0.5738429574054535,437.83033566540564,2382.7349024105006,11411.937956409058,1645602.421408555,567.3379669456061,571.1631931169259,262.76828791103395,1624.6635130333768,0.1,
beMTPL97,nanoTabPFN-ATB0-s92,ATB0,92,13,20.0,20.000000000000004,1.1732770051831836,200,1000,17,0.8412155986765674,0.6902501491148101,1460.6590082181408,3764.869747918722,22263.710340034977,3763592.476091224,683.0459393024656,609.0156668559841,294.26384371410614,4036.878358512453,0.1,
beMTPL97,nanoTabPFN-ATB0-s92,ATB0,92,13,50.0,50.0,1.1732770051831836,200,1000,7,0.5327834769437595,0.3715133919884867,3281.538128415688,7510.508153157567,25236.960880673025,317701.91682602314,1385.6382691661945,860.925380591251,298.82098288777604,2445.121404370859,0.1,
beMTPL97,nanoTabPFN-ATB0-s92,ATB0,92,14,1.0,1.0,1.19885585689078,200,1000,71,2.0224535261524803,1.8788553571474675,603.5639965983112,1977.244516758668,150528.38577875285,541022.6460219389,577.4331200093033,573.0810275118163,1477.1163554495745,534.9797770912262,0.1,
beMTPL97,nanoTabPFN-ATB0-s92,ATB0,92,14,4.0,4.000000000000001,1.19885585689078,200,1000,55,0.5400986671093556,0.5277409915111222,443.9298827276799,2142.5196221577453,9288.912863349777,1544141.1508404473,581.0796381012516,568.5917589646311,257.61374855266547,1382.654489642894,0.1,
beMTPL97,nanoTabPFN-ATB0-s92,ATB0,92,14,20.0,20.000000000000004,1.19885585689078,200,1000,18,0.7468014315386268,0.6123809767591266,1255.7800557609485,3354.304752234749,17004.01891899704,1599020.7025588993,633.530272469322,573.6385477324245,234.23049424369486,2125.5700310277775,0.1,
beMTPL97,nanoTabPFN-ATB0-s92,ATB0,92,14,50.0,49.99999999999999,1.19885585689078,200,1000,7,0.6530676110652657,0.4749780426951745,2731.867603585871,6155.819208194864,24614.42654124368,250861.46659666585,1125.4154532798805,743.4172532133229,258.36327420949164,1865.7914523469483,0.1,
beMTPL97,nanoTabPFN-ATB0-s92,ATB0,92,15,1.0,1.0,1.1867769048311116,200,1000,77,2.125056800299626,2.0180031994230796,613.7390379526809,2600.4478618198273,277078.7067875236,368727.50873548095,546.489117623069,511.5302837114817,2724.97918043358,367.14421319489037,0.1,
beMTPL97,nanoTabPFN-ATB0-s92,ATB0,92,15,4.0,3.999999999999999,1.1867769048311116,200,1000,56,0.5570245601771907,0.5300596753439195,464.7709110271639,2006.4378153259208,8845.740119739501,1184215.56928546,545.6764288522699,519.9580485202752,353.3318866263601,1160.1145438636925,0.1,
beMTPL97,nanoTabPFN-ATB0-s92,ATB0,92,15,20.0,19.999999999999996,1.1867769048311116,200,1000,18,0.523558838459196,0.46421647215933715,848.718456210006,2845.4878964392756,11071.721057114128,62315.5017710283,561.0615176422026,515.4671756250812,269.3449300674918,823.6806322744058,0.1,
beMTPL97,nanoTabPFN-ATB0-s92,ATB0,92,15,50.0,50.0,1.1867769048311116,200,1000,7,0.17324814224430574,0.01737863205954749,1998.8307327102855,4182.822636892601,8554.545372242581,133574.79281011922,820.4331044975318,576.2022301727985,277.76893919179804,1231.1401909244837,0.1,
beMTPL97,nanoTabPFN-ATB0-s92,ATB0,92,16,1.0,1.0,1.112564209416503,200,1000,75,2.2140974020214563,2.093859590775132,547.5520011056188,2079.4634644510725,260415.95792548248,409019.61861581233,640.2063717072776,714.3599312494435,2580.119813749872,407.50378432687955,0.1,
beMTPL97,nanoTabPFN-ATB0-s92,ATB0,92,16,4.0,3.9999999999999996,1.112564209416503,200,1000,52,0.500317138082148,0.48189658877566127,416.30158608164646,1858.5096292152984,7505.786849464937,1225369.550846024,639.3048953533771,717.7622473071153,453.91950696162985,1208.6912004672256,0.1,
beMTPL97,nanoTabPFN-ATB0-s92,ATB0,92,16,20.0,20.000000000000004,1.112564209416503,200,1000,15,0.6336055943117247,0.554244205874098,915.3981615969767,2976.084614898652,13605.402570025744,352059.13641302654,669.532859839601,713.2530001184331,393.61980844905685,973.9402148799912,0.1,
beMTPL97,nanoTabPFN-ATB0-s92,ATB0,92,16,50.0,50.0,1.112564209416503,200,1000,6,0.0017608951778195574,-0.11530416313576292,2171.626274569674,4549.475175347017,7932.069456890336,134446.5657123931,1016.5062564340893,795.9542732670615,439.35117621021516,816.152950439741,0.1,
beMTPL97,nanoTabPFN-ATB0-s92,ATB0,92,17,1.0,1.0,1.1863077029870688,200,1000,65,0.5226236792905299,0.4808516700448412,601.1254153801842,2302.869913607854,9269.513585899134,995573.704831759,546.6655406344072,532.7492442937859,273.6324518282276,973.7084997390343,0.1,
beMTPL97,nanoTabPFN-ATB0-s92,ATB0,92,17,4.0,4.0,1.1863077029870688,200,1000,52,0.6488012877216668,0.6439221040647554,590.0185890347218,3395.2107737245387,18375.20829291585,2041295.880596308,546.6939386654863,557.2690436599571,227.55088094126654,1942.2411575326748,0.1,
beMTPL97,nanoTabPFN-ATB0-s92,ATB0,92,17,20.0,19.999999999999996,1.1863077029870688,200,1000,17,0.9154194097288186,0.7509215861323617,2339.065651845009,5878.393476273173,39611.584733579955,9630572.951879509,971.4151695373799,720.0375266946694,391.99395544571223,9855.74843923384,0.1,
beMTPL97,nanoTabPFN-ATB0-s92,ATB0,92,17,50.0,49.99999999999999,1.1863077029870688,200,1000,7,0.6819053592896064,0.5199741740088036,5071.720946141823,12187.6550908279,52864.07181933228,575208.0014330805,2192.6961228052173,1216.8130092040162,521.2551533150895,5028.753358611822,0.1,
beMTPL97,nanoTabPFN-ATB0-s92,ATB0,92,18,1.0,1.0,1.1410922063033329,200,1000,76,2.162022568435001,2.0532593232031515,516.2182576706057,2132.683969051592,244230.9320551887,366879.09758663806,558.0251396147864,537.8086278057357,2436.4645292550817,365.66281500558017,0.1,
beMTPL97,nanoTabPFN-ATB0-s92,ATB0,92,18,4.0,4.0,1.1410922063033329,200,1000,55,0.5166712101896207,0.4920717186068457,433.390111735603,1846.8741406443107,7550.32100017202,1140481.0200996043,559.7335878331377,544.0253067545124,594.9651978165397,1094.3034291754252,0.1,
beMTPL97,nanoTabPFN-ATB0-s92,ATB0,92,18,20.0,20.0,1.1410922063033329,200,1000,16,0.5840296477977207,0.5057142939860082,824.6724268875354,2673.7476188169485,11247.750367536039,61922.93252144021,563.5558329281355,532.124897165465,256.44387935762757,926.4837587096613,0.1,
beMTPL97,nanoTabPFN-ATB0-s92,ATB0,92,18,50.0,49.99999999999999,1.1410922063033329,200,1000,6,-0.011855120026803289,-0.14407058711699022,1981.5715788994644,4101.248410456273,7054.636150127243,108617.34690162766,823.2373851160542,588.159138047291,271.9376940041403,1216.8326604066826,0.1,
beMTPL97,nanoTabPFN-ATB0-s92,ATB0,92,19,1.0,1.0,1.199144405855362,200,1000,72,2.1859795196627254,2.0441324316780007,661.025539468854,2257.9098036692894,252331.40621177992,543185.9451554478,667.9789019848786,727.5707678214119,2493.7516650840134,541.5563636923783,0.1,
beMTPL97,nanoTabPFN-ATB0-s92,ATB0,92,19,4.0,4.0,1.199144405855362,200,1000,55,0.5320448318811158,0.5212354827343707,489.369379199474,2401.227074121829,10411.072033199938,1687803.4168674364,667.3829549503183,730.7837599964816,398.9669498266963,1601.4314901372077,0.1,
beMTPL97,nanoTabPFN-ATB0-s92,ATB0,92,19,20.0,19.999999999999996,1.199144405855362,200,1000,18,0.6601418807246092,0.5414662445584242,1303.0967601244733,3581.4254203325127,15954.062375283927,111642.39808102296,727.9295602354447,750.6506626345779,339.20889973408714,1481.9739924296598,0.1,
beMTPL97,nanoTabPFN-ATB0-s92,ATB0,92,19,50.0,50.0,1.199144405855362,200,1000,7,0.1897261516770129,0.04978033741707283,2737.10323839427,5953.85857207343,12607.702747254942,227810.92192145632,1226.2023161661148,894.753699604681,349.6620425080691,2371.512145951496,0.1,
beMTPL97,nanoTabPFN-ACB0-s92,ACB0,92,0,1.0,1.0,1.1514043419106743,200,1000,72,2.15409988041196,2.072319962256543,370.4417057225127,2076.034844065792,246598.1039373246,497743.83489002817,603.5560495167967,627.9452865329163,2583.0594201857884,497.69561817446737,0.1,
beMTPL97,nanoTabPFN-ACB0-s92,ACB0,92,0,4.0,3.9999999999999996,1.1514043419106743,200,1000,54,0.3972250241471321,0.38564866696550926,529.7873043665081,2293.541814774715,7848.168780662683,1586891.7965506455,601.9112651902539,626.2270546026875,1339.1004614737794,1612.0832679671844,0.1,
beMTPL97,nanoTabPFN-ACB0-s92,ACB0,92,0,20.0,20.0,1.1514043419106743,200,1000,16,0.3438044954677955,0.3233880510972629,653.9299377969953,2547.3025060200794,7894.883879968066,16745.166972827,602.8044437034406,626.1622436340422,401.15055524327573,330.34145648791116,0.1,
beMTPL97,nanoTabPFN-ACB0-s92,ACB0,92,0,50.0,50.0,1.1514043419106743,200,1000,7,0.47262126282331174,0.4374675703120694,378.6145787941364,1464.1373312446262,5468.013295591034,16340.441553795426,603.6865464293103,650.487254955542,415.2971499146969,244.47135576032,0.1,
beMTPL97,nanoTabPFN-ACB0-s92,ACB0,92,1,1.0,1.0,1.152550504974234,200,1000,73,1.9007962739795323,1.819752493959416,285.9196297238328,1897.217597445543,131526.90294287133,440655.2207287802,541.3606532547708,533.5902433684071,1402.1138032693677,439.9158250050526,0.1,
beMTPL97,nanoTabPFN-ACB0-s92,ACB0,92,1,4.0,4.0,1.152550504974234,200,1000,54,0.5334066481543499,0.5286343787589313,470.6298663564121,2385.6150404796263,10308.731911719753,1559591.6257415533,540.9851048017151,530.8661969794097,989.2371174799246,1573.857463404802,0.1,
beMTPL97,nanoTabPFN-ACB0-s92,ACB0,92,1,20.0,20.0,1.152550504974234,200,1000,16,0.2669173235856419,0.27049790062136614,583.5112380470546,2522.012155101531,7205.909056621301,14053.630833392217,542.9880133766427,524.7122088556661,277.3210462451722,244.61795611214637,0.1,
beMTPL97,nanoTabPFN-ACB0-s92,ACB0,92,1,50.0,50.0,1.152550504974234,200,1000,7,0.5234341838419958,0.47930094423812936,390.26018884348514,1377.5703037418443,5806.215403204784,13783.155471746311,539.8347957067906,562.7987614233227,289.7053018742616,146.78961813113386,0.1,
beMTPL97,nanoTabPFN-ACB0-s92,ACB0,92,2,1.0,1.0,1.090320717148085,200,1000,76,1.9237654273925764,1.8184735230483304,595.9410176162313,2025.135716117573,130349.58754320917,412084.17067599535,686.8337071792071,748.5441624632316,1494.5196736914193,407.30237653229176,0.1,
beMTPL97,nanoTabPFN-ACB0-s92,ACB0,92,2,4.0,3.9999999999999996,1.090320717148085,200,1000,52,0.3680851657107372,0.3336074672732053,564.5905948014267,2223.674566351554,7353.714617034106,1254324.1884840955,680.6489733053248,744.2387739413512,584.4895454887716,1258.3928396537447,0.1,
beMTPL97,nanoTabPFN-ACB0-s92,ACB0,92,2,20.0,19.999999999999996,1.090320717148085,200,1000,14,0.2578899597042911,0.23395601465034854,705.4878949324054,2560.9120766624687,6966.542864885674,11873.961955526045,678.2427689938451,737.2953918852938,468.6605056708896,307.19184534044075,0.1,
beMTPL97,nanoTabPFN-ACB0-s92,ACB0,92,2,50.0,50.0,1.090320717148085,200,1000,5,0.3479284211212423,0.3275606711008188,531.0317906750097,2064.5357604590718,6359.1184147101885,11944.75643631368,673.6317919995648,746.0335740323886,480.11730502730586,309.18127344075543,0.1,
beMTPL97,nanoTabPFN-ACB0-s92,ACB0,92,3,1.0,1.0,1.1660149508271862,200,1000,67,2.0424243766520207,1.9924378904978288,348.31167143940144,2606.797712914251,260860.80912613898,806282.4871108104,551.2289888235725,596.7241349971081,2879.2404213707014,806.8134020472127,0.1,
beMTPL97,nanoTabPFN-ACB0-s92,ACB0,92,3,4.0,4.0,1.1660149508271862,200,1000,53,0.4877583109165557,0.4723265790087052,520.3810315488804,2323.159193038892,9209.133097854741,2551105.642849557,549.5185158409354,679.6991034760724,1373.226557360004,2561.3173079828,0.1,
beMTPL97,nanoTabPFN-ACB0-s92,ACB0,92,3,20.0,20.0,1.1660149508271862,200,1000,16,0.769709920372426,0.6944958838874646,666.8851875488849,2348.8290120735137,14039.260431720957,29396.408749677074,552.2922457566185,548.9982343032707,314.75304969545965,500.21116852560067,0.1,
beMTPL97,nanoTabPFN-ACB0-s92,ACB0,92,3,50.0,49.99999999999999,1.1660149508271862,200,1000,7,0.19146120309595432,0.31114687401738084,32.4653386327027,1726.9532273735585,5266.603956358889,29349.398659111434,604.8989996044082,555.9776856207195,322.35096331505235,77.42994168819443,0.1,
beMTPL97,nanoTabPFN-ACB0-s92,ACB0,92,4,1.0,1.0,1.1947500975366478,200,1000,71,2.186816730592099,2.151064568893015,273.60753877269343,2740.2591186567333,393671.68795963004,604622.2901464859,650.8985027175625,799.5119838261461,4051.2486580625346,604.4591722223915,0.1,
beMTPL97,nanoTabPFN-ACB0-s92,ACB0,92,4,4.0,4.0,1.1947500975366478,200,1000,54,0.6342171851701599,0.6196540675227712,516.3746031863521,2699.8856678340653,13960.515986273927,2125698.739414721,642.802577934569,706.7889082243338,948.301047843534,2131.9273408646154,0.1,
beMTPL97,nanoTabPFN-ACB0-s92,ACB0,92,4,20.0,20.000000000000004,1.1947500975366478,200,1000,18,0.41973030532548794,0.4144967568564473,647.6742780283378,2974.777020961417,10698.453907376042,21391.15802744907,644.3783950032822,707.2881398143601,386.95283295540605,316.6642862906906,0.1,
beMTPL97,nanoTabPFN-ACB0-s92,ACB0,92,4,50.0,49.99999999999999,1.1947500975366478,200,1000,7,0.5602827926589954,0.5348647454069765,387.5092253636776,1692.1475535494724,7524.757228911358,21211.09056250782,645.8820388279202,728.6320245043239,425.1745052968051,174.54965596354148,0.1,
beMTPL97,nanoTabPFN-ACB0-s92,ACB0,92,5,1.0,1.0,1.17920926398348,200,1000,71,2.272463975839759,2.1767804860346094,711.5837249196339,3339.7598494191884,519019.7414816641,764841.6004956252,557.7653532135049,791.6801165719842,5091.822564964168,762.6948648045028,0.1,
beMTPL97,nanoTabPFN-ACB0-s92,ACB0,92,5,4.0,3.9999999999999996,1.17920926398348,200,1000,54,0.538132810560568,0.4684682130384963,846.1960034779815,2773.1969775468892,11055.70932685592,2420739.035975689,563.1812899792476,651.9195855796283,1515.7975919164621,2401.1563589718826,0.1,
beMTPL97,nanoTabPFN-ACB0-s92,ACB0,92,5,20.0,20.0,1.17920926398348,200,1000,17,0.5839501689157494,0.5252223333158687,869.8270176133951,3025.0285024154027,13206.932695756806,26029.230560836062,565.3195015134662,550.631472829075,307.74351565721196,324.5609077527446,0.1,
beMTPL97,nanoTabPFN-ACB0-s92,ACB0,92,5,50.0,50.0,1.17920926398348,200,1000,7,0.41217128461003977,0.41790991460495786,397.35199758774615,1997.0125353362437,7204.6489053463265,24879.82022812246,559.998901542275,540.524346520792,265.6245868724346,114.09065321133104,0.1,
beMTPL97,nanoTabPFN-ACB0-s92,ACB0,92,6,1.0,1.0,1.1962916839464397,200,1000,69,2.2285024745988036,2.1648550654822047,362.6018671631599,2365.2202848548395,364183.17145733366,668970.148557371,624.7205933309791,812.8897037189607,3531.745134255585,666.5819990180339,0.1,
beMTPL97,nanoTabPFN-ACB0-s92,ACB0,92,6,4.0,4.000000000000001,1.1962916839464397,200,1000,54,0.6663630912951156,0.5880607367113327,672.6341741424159,2268.2331605301933,11063.454430891987,2211344.3358754334,624.5822490733912,817.2923092143724,1778.6373932626132,2190.123644021186,0.1,
beMTPL97,nanoTabPFN-ACB0-s92,ACB0,92,6,20.0,20.000000000000004,1.1962916839464397,200,1000,18,0.6636376374306459,0.5891387665299299,734.5484426605881,2463.3667527543375,12063.734746156322,24340.10169608493,627.4660790652247,667.5744308471789,338.31789384821025,309.7473046830299,0.1,
beMTPL97,nanoTabPFN-ACB0-s92,ACB0,92,6,50.0,50.0,1.1962916839464397,200,1000,7,0.3284717430259833,0.3656721728157129,259.9623878572929,1649.2644216023773,5478.37117733807,24208.903509275882,630.1212499236594,679.6842268572815,389.507238824133,126.54461028279069,0.1,
beMTPL97,nanoTabPFN-ACB0-s92,ACB0,92,7,1.0,1.0,1.178082984774905,200,1000,69,2.331229766694514,2.240340737588649,685.1803415740668,3341.45089164241,601653.9848364925,820893.2927657927,511.95033293604143,612.0521915189267,5968.977502251699,819.3529372987224,0.1,
beMTPL97,nanoTabPFN-ACB0-s92,ACB0,92,7,4.0,3.9999999999999996,1.178082984774905,200,1000,54,0.7244776406442568,0.6446666983923601,784.1615514193724,2664.165185294751,14426.54688097222,2728526.854281637,516.5651467399174,567.7159306352887,1280.2514188952014,2712.3003433170056,0.1,
beMTPL97,nanoTabPFN-ACB0-s92,ACB0,92,7,20.0,20.0,1.178082984774905,200,1000,17,0.6375097247018952,0.5936834369102058,790.9145525513318,3039.535107043306,15163.368208187934,29048.387024045813,516.8939841181889,494.6383649921221,237.53941213951188,198.65068978514108,0.1,
beMTPL97,nanoTabPFN-ACB0-s92,ACB0,92,7,50.0,50.0,1.178082984774905,200,1000,7,0.47409242115403455,0.4927193541117271,323.5529230654447,2024.3693695610182,8325.72502054183,29487.555336297875,516.5258552181131,481.78959319011506,222.20108065477032,63.72562945569531,0.1,
beMTPL97,nanoTabPFN-ACB0-s92,ACB0,92,8,1.0,1.0,1.0548697235269866,200,1000,79,1.9814376891804235,1.8798487743924024,410.906581004458,1893.7910010793435,144442.57750794385,310816.37271421606,540.7394589065333,516.1448876563479,1388.5622967711902,308.9203411872357,0.1,
beMTPL97,nanoTabPFN-ACB0-s92,ACB0,92,8,4.0,4.0,1.0548697235269866,200,1000,48,0.26387531003579123,0.29517914895166425,452.29558121580817,2397.1158585202156,7058.808231483181,1094100.6238375874,533.1446777268385,511.02362505493113,560.2886294318089,1096.6499111440774,0.1,
beMTPL97,nanoTabPFN-ACB0-s92,ACB0,92,8,20.0,20.0,1.0548697235269866,200,1000,11,-0.0900148330263044,-0.033641160282234475,575.0073006145182,2491.8024768810337,4790.147924165632,7179.956795533416,531.7274481122943,510.90302208501424,303.2864169795867,215.26741745829136,0.1,
beMTPL97,nanoTabPFN-ACB0-s92,ACB0,92,8,50.0,49.99999999999999,1.0548697235269866,200,1000,4,-0.03273010894588749,0.011200133887362221,599.3816556066786,2529.6192270000765,5142.599204255984,7742.041590779849,531.9426049110142,510.70554071592073,296.1213734273651,206.35903851974757,0.1,
beMTPL97,nanoTabPFN-ACB0-s92,ACB0,92,9,1.0,1.0,1.1134333759127413,200,1000,80,1.9917738796673465,1.8798992167994837,569.0597460432234,1961.8171435525437,151790.1747607405,296874.98822000227,589.3089043861706,619.4342250169483,1485.0322798610664,295.35062325653087,0.1,
beMTPL97,nanoTabPFN-ACB0-s92,ACB0,92,9,4.0,4.0,1.1134333759127413,200,1000,54,0.11882892765035509,0.11558151988173869,625.4041794550321,2212.783295172908,5082.32740659781,910741.2173758035,592.0798646788916,619.7499528789725,698.7664297339595,926.6455901937264,0.1,
beMTPL97,nanoTabPFN-ACB0-s92,ACB0,92,9,20.0,20.000000000000004,1.1134333759127413,200,1000,15,-0.012452497773737215,-0.01162718701394665,724.4392319576247,2395.648441709157,4726.084855973678,7457.866538993871,596.7315340822951,621.5314422718752,405.4078494231055,333.13178608917633,0.1,
beMTPL97,nanoTabPFN-ACB0-s92,ACB0,92,9,50.0,50.00000000000001,1.1134333759127413,200,1000,6,-0.03940565466673938,-0.013671800136376302,630.3869553913587,2349.7219843798594,4608.675646770593,6998.691409791086,590.9299646361203,618.6945278207922,406.7291707381563,298.0253266470898,0.1,
beMTPL97,nanoTabPFN-ACB0-s92,ACB0,92,10,1.0,1.0,1.1662472339322185,200,1000,75,1.8855180094391526,1.844405558644507,314.2781001287909,2714.981790483976,190211.9875320952,471795.0949968259,568.3596981632394,557.3259357536436,1925.6465166256212,470.6835608381589,0.1,
beMTPL97,nanoTabPFN-ACB0-s92,ACB0,92,10,4.0,3.9999999999999996,1.1662472339322185,200,1000,56,0.29292415170088504,0.2907794010632381,643.6722660839343,2678.5257967176412,7925.484301102431,1465771.2001342457,563.5891624518412,557.5582883254639,867.4319708580337,1481.5627218652655,0.1,
beMTPL97,nanoTabPFN-ACB0-s92,ACB0,92,10,20.0,20.0,1.1662472339322185,200,1000,17,0.21628004205763116,0.21998030208215316,723.0348716089968,2939.060941099871,7806.844576559508,15022.947180209554,564.084322192003,557.4724225870401,268.4608971924107,140.6871518289163,0.1,
beMTPL97,nanoTabPFN-ACB0-s92,ACB0,92,10,50.0,50.0,1.1662472339322185,200,1000,7,0.30249804710369355,0.2984448529311477,572.7563734225246,2401.111477987353,7125.000472156824,13908.447115241739,565.4204146121887,553.5784481690821,277.7625072721547,126.9500327243831,0.1,
beMTPL97,nanoTabPFN-ACB0-s92,ACB0,92,11,1.0,1.0,1.0574236675112725,200,1000,77,2.1202158680751264,1.965368264273242,739.6455917937222,2140.968805625091,203520.0214716125,348340.2241411549,490.8177965878624,432.1041704897217,1993.0055541094973,346.94169945077493,0.1,
beMTPL97,nanoTabPFN-ACB0-s92,ACB0,92,11,4.0,4.0,1.0574236675112725,200,1000,47,0.4119629370675955,0.40894498792256645,507.94889727855974,2379.8254734280517,8526.778874393583,1212050.6331948962,477.3480824164488,435.4232568452279,854.4447674777031,1221.190436141823,0.1,
beMTPL97,nanoTabPFN-ACB0-s92,ACB0,92,11,20.0,19.999999999999996,1.0574236675112725,200,1000,11,0.08044127958646655,0.0941732807865604,636.1315435111112,2491.4750715844284,5583.327987696197,8946.158070531073,480.42492267391793,434.2135275758408,211.97444515232084,173.05563257701442,0.1,
beMTPL97,nanoTabPFN-ACB0-s92,ACB0,92,11,50.0,50.0,1.0574236675112725,200,1000,5,0.15717374480412857,0.17706927030530406,543.7931000961808,2395.7561542709745,6056.402795038854,9828.457991975425,476.8058445751203,433.8096189160491,207.39931924027158,101.13293186158235,0.1,
beMTPL97,nanoTabPFN-ACB0-s92,ACB0,92,12,1.0,1.0,1.1358884885893301,200,1000,76,1.886576671911393,1.806733030747599,326.32169607611,1924.7627457517412,123512.6275634447,338723.7753411964,626.529820105681,659.7904647273062,1266.219353447155,336.62006912195324,0.1,
beMTPL97,nanoTabPFN-ACB0-s92,ACB0,92,12,4.0,4.0,1.1358884885893301,200,1000,55,0.41607964213304216,0.4221191099303552,430.11047369227947,2258.6532441837726,8293.89394040548,1219072.5506385323,624.5669282963353,696.4850544189825,503.19189234075907,1219.5917961913433,0.1,
beMTPL97,nanoTabPFN-ACB0-s92,ACB0,92,12,20.0,20.0,1.1358884885893301,200,1000,16,0.08027282757855114,0.11986207481552978,512.5316099805852,2400.708984095446,5570.396555203326,9244.688566263965,623.8344144704353,649.7947744249703,419.83056178909936,263.5733735792362,0.1,
beMTPL97,nanoTabPFN-ACB0-s92,ACB0,92,12,50.0,49.99999999999999,1.1358884885893301,200,1000,6,0.18176811954617617,0.19738854638289313,493.7625727354175,2122.3625675211715,5418.5724704839595,9315.732859834943,624.6751576256236,653.4943373164658,403.89737511164833,278.6431429276267,0.1,
beMTPL97,nanoTabPFN-ACB0-s92,ACB0,92,13,1.0,1.0,1.1732770051831836,200,1000,68,2.1867156975078523,2.1153361974434026,373.0025235456345,2270.30189464846,301133.6954385827,702109.3791374669,566.7764756679935,583.3274769001521,2967.414652371078,699.7045735824101,0.1,
beMTPL97,nanoTabPFN-ACB0-s92,ACB0,92,13,4.0,4.0,1.1732770051831836,200,1000,53,0.700894531822876,0.6612074072014417,527.3413500146058,2319.2039890846327,12943.977174831434,2373010.9149686187,567.4619917750017,570.0924646496841,1406.4753729302706,2374.0409661017557,0.1,
beMTPL97,nanoTabPFN-ACB0-s92,ACB0,92,13,20.0,20.000000000000004,1.1732770051831836,200,1000,17,0.6895850295589238,0.6298649048100337,634.34123666715,2431.234955290998,12916.760310557918,26739.070081786835,572.2354452902425,568.5252570688683,259.06872781281896,527.2368931024665,0.1,
beMTPL97,nanoTabPFN-ACB0-s92,ACB0,92,13,50.0,50.0,1.1732770051831836,200,1000,7,0.3665002659576564,0.429717846165596,157.05209820570872,1632.965934460015,6017.82803849952,28987.611669446836,577.9971926849145,590.3300110001713,304.08385840736304,78.34813335671338,0.1,
beMTPL97,nanoTabPFN-ACB0-s92,ACB0,92,14,1.0,1.0,1.19885585689078,200,1000,71,2.1823736447208155,2.1232831430124244,314.3287352257753,2205.333929850489,294893.533293712,555459.5808067318,581.1351967943285,589.6507045793869,2935.2942081753604,554.1246875330772,0.1,
beMTPL97,nanoTabPFN-ACB0-s92,ACB0,92,14,4.0,4.000000000000001,1.19885585689078,200,1000,55,0.42446660496484157,0.4129649036797044,528.146347784048,2326.3506173609076,8338.70334146039,1802250.4153451584,576.2490720131527,561.7748102170652,621.4283499468952,1804.109891779555,0.1,
beMTPL97,nanoTabPFN-ACB0-s92,ACB0,92,14,20.0,20.000000000000004,1.19885585689078,200,1000,18,0.45470643516818854,0.41543303006939325,695.0475845629485,2556.70140772005,9183.429290966213,20543.04127266722,578.086840043175,558.5483316500778,249.30793466780526,132.383803117486,0.1,
beMTPL97,nanoTabPFN-ACB0-s92,ACB0,92,14,50.0,49.99999999999999,1.19885585689078,200,1000,7,0.4366135523614557,0.4326402174488015,310.9570935458264,1493.6594798311148,5553.601674819101,20193.37121212269,588.1480017990428,603.6045238648036,286.4800989549672,60.154330806132194,0.1,
beMTPL97,nanoTabPFN-ACB0-s92,ACB0,92,15,1.0,1.0,1.1867769048311116,200,1000,77,1.6643523815785146,1.5301110549202726,738.9096365950066,2301.013138773368,81272.36970623655,349142.76681029436,558.0597650662561,513.9308284122401,951.5822532782147,346.0893634903221,0.1,
beMTPL97,nanoTabPFN-ACB0-s92,ACB0,92,15,4.0,3.999999999999999,1.1867769048311116,200,1000,56,-0.02417063241488991,0.025065052739260383,632.6145792056944,2797.0895672985107,5718.564618558536,916750.0839820489,551.491544117596,514.9993710837177,364.07610573526125,944.5607779538163,0.1,
beMTPL97,nanoTabPFN-ACB0-s92,ACB0,92,15,20.0,19.999999999999996,1.1867769048311116,200,1000,18,0.04359173877370667,0.06365140664827763,661.5602885388118,2616.4749728254583,5650.925521885838,10033.015961763707,549.7330053713903,513.9524556315341,281.824081091343,186.8646985183407,0.1,
beMTPL97,nanoTabPFN-ACB0-s92,ACB0,92,15,50.0,50.0,1.1867769048311116,200,1000,7,0.10681655862263185,0.12157440730607012,601.2737989005818,2405.8092831308354,5521.117155063857,9665.409912376985,545.9446950551588,512.814751667013,283.7236565641283,182.4251480319657,0.1,
beMTPL97,nanoTabPFN-ACB0-s92,ACB0,92,16,1.0,1.0,1.112564209416503,200,1000,75,2.007846551356567,1.9398665192172586,335.133406371499,2038.9263064857475,181263.384090757,401104.9180902146,639.1946832353917,714.3801016428251,1824.6082154546561,399.9489109953146,0.1,
beMTPL97,nanoTabPFN-ACB0-s92,ACB0,92,16,4.0,3.9999999999999996,1.112564209416503,200,1000,52,0.51032462291047,0.5195584417283152,432.22470778178825,2459.4341122642722,10584.870539694284,1449830.0630227881,638.5327129845251,710.8777876216789,915.1004508779739,1456.6382942977282,0.1,
beMTPL97,nanoTabPFN-ACB0-s92,ACB0,92,16,20.0,20.000000000000004,1.112564209416503,200,1000,15,0.1919543349225966,0.21563366689518496,546.0499461762984,2539.327041586317,6713.894187167313,12109.714066147048,640.0722922651646,709.8303485097927,465.5389801877803,304.18728880672705,0.1,
beMTPL97,nanoTabPFN-ACB0-s92,ACB0,92,16,50.0,50.0,1.112564209416503,200,1000,6,0.31966868981352703,0.3144972168369911,465.9357470699438,1964.32801761082,6010.005529056643,11984.061357057646,639.6679703901768,716.0779141808503,480.0254449666365,309.7974194210893,0.1,
beMTPL97,nanoTabPFN-ACB0-s92,ACB0,92,17,1.0,1.0,1.1863077029870688,200,1000,65,2.313880255172172,2.2230743849797574,509.37067827556825,2402.3619107714094,403018.34196542145,1139727.9465549788,547.2153953850525,572.4346673086824,4208.60362667753,1139.1946618288,0.1,
beMTPL97,nanoTabPFN-ACB0-s92,ACB0,92,17,4.0,4.0,1.1863077029870688,200,1000,52,0.68820045318781,0.6250828842039177,642.4434167256543,2373.3741284647213,12418.67659712509,3323123.753369987,548.6137542812686,655.6492921388873,1790.05128616197,3332.481290195208,0.1,
beMTPL97,nanoTabPFN-ACB0-s92,ACB0,92,17,20.0,19.999999999999996,1.1863077029870688,200,1000,17,1.1521461709339165,0.9701467443008346,813.0936899591416,1952.5520794056056,20633.652063969625,40439.99483070111,555.9048945491484,539.025902414741,222.50603462746858,313.03586926539066,0.1,
beMTPL97,nanoTabPFN-ACB0-s92,ACB0,92,17,50.0,49.99999999999999,1.1863077029870688,200,1000,7,0.20156708908203408,0.3505303435583514,-117.25955083648114,2277.2047227041567,7386.669317500564,45310.830510188985,679.7128440638319,531.5353082916473,274.87960624208137,44.79592142326725,0.1,
beMTPL97,nanoTabPFN-ACB0-s92,ACB0,92,18,1.0,1.0,1.1410922063033329,200,1000,76,1.0876946077976937,0.970640739728446,567.6471220077169,1895.9076020580014,20554.905792580863,344508.8424109466,571.3855532123027,564.7225776991326,1006.0995958388901,344.0626792533818,0.1,
beMTPL97,nanoTabPFN-ACB0-s92,ACB0,92,18,4.0,4.0,1.1410922063033329,200,1000,55,0.24420791208005774,0.2584836641841226,507.974907590048,2338.6213057338036,6567.93001979852,1119754.746125401,560.8823049051347,600.2434987281229,1265.0559542584567,1146.1886624119854,0.1,
beMTPL97,nanoTabPFN-ACB0-s92,ACB0,92,18,20.0,20.0,1.1410922063033329,200,1000,16,0.12088040877433613,0.12582722331037682,617.1038765685296,2339.0685775839856,5460.704450217147,9422.322785003162,557.1760014730085,538.5471593873904,321.9613094694413,534.6988259740167,0.1,
beMTPL97,nanoTabPFN-ACB0-s92,ACB0,92,18,50.0,49.99999999999999,1.1410922063033329,200,1000,6,0.28537461121722424,0.2737616633030361,486.73358441686514,1849.0600153685364,5252.393241906754,9762.571432887695,557.620497865285,549.4528139347043,295.4426004753683,186.40362118405264,0.1,
beMTPL97,nanoTabPFN-ACB0-s92,ACB0,92,19,1.0,1.0,1.199144405855362,200,1000,72,2.149785315821433,2.1135051367375235,267.86785841762355,2581.168102134466,343668.48106484546,552325.7117076976,673.827947561636,750.6998135061413,3486.7148805686943,551.4858125443071,0.1,
beMTPL97,nanoTabPFN-ACB0-s92,ACB0,92,19,4.0,4.0,1.199144405855362,200,1000,55,0.25505735759841364,0.2493889817788104,628.9293571977138,2489.3625041296273,6909.164220345685,1528977.4092473756,667.7171586023385,727.9776279780299,1501.215142829023,1557.8530054771747,0.1,
beMTPL97,nanoTabPFN-ACB0-s92,ACB0,92,19,20.0,19.999999999999996,1.199144405855362,200,1000,18,0.3245351722627589,0.31278251895870757,678.9941695225536,2720.6823906166637,8320.408393327229,16234.856803106355,667.6312430788848,725.0439816953206,416.44514608665764,475.15647407301145,0.1,
beMTPL97,nanoTabPFN-ACB0-s92,ACB0,92,19,50.0,50.0,1.199144405855362,200,1000,7,0.4339056988325856,0.4046170682103263,413.421127870256,1606.7822069924541,5705.743505033278,15565.186737251544,668.9355559762017,748.188577320954,481.5675747884394,201.38587248877624,0.1,
beMTPL97,nanoTabPFN-A0B0-s93,A0B0,93,0,1.0,1.0,1.1514043419106743,200,1000,72,2.1668170864877796,2.09862836777774,399.94109235706236,2546.338427894396,323745.1644940318,505458.93974476017,601.0259335212754,625.3876428504833,3286.846993855853,504.73345274990925,0.1,
beMTPL97,nanoTabPFN-A0B0-s93,A0B0,93,0,4.0,3.9999999999999996,1.1514043419106743,200,1000,54,2.529515720892602,2.4433715177705166,450.98910759304204,2262.4738451956464,651476.4232181583,1954970.1352528736,601.2099308060994,634.8746962319208,7017.824943896744,1953.2156915956893,0.1,
beMTPL97,nanoTabPFN-A0B0-s93,A0B0,93,0,20.0,20.0,1.1514043419106743,200,1000,16,2.9456089556696137,2.7495619764197956,823.1745641581672,2043.4910061597525,1149495.1967702184,9560207.671505239,611.0707097648741,650.9796124325856,21809.07170124387,9546.384884439796,0.1,
beMTPL97,nanoTabPFN-A0B0-s93,A0B0,93,0,50.0,50.0,1.1514043419106743,200,1000,7,0.07582990748176087,0.08291961983898016,869.0868216076697,3209.9601639745956,7097.736339626297,22009735.888327517,614.8036369368941,641.903290511707,25101.917870060905,21851.503849755354,0.1,
beMTPL97,nanoTabPFN-A0B0-s93,A0B0,93,1,1.0,1.0,1.152550504974234,200,1000,73,2.0381176079714223,1.9890557425147108,241.36735878068447,2329.8834944170076,222277.40427995962,449730.9420422998,543.4672322012674,598.1761670106151,2316.6828285901156,449.5664591769844,0.1,
beMTPL97,nanoTabPFN-A0B0-s93,A0B0,93,1,4.0,4.0,1.152550504974234,200,1000,54,2.1731854791598155,2.1046117591580678,363.51769938240227,2170.4710078033186,303341.24888594553,1737914.2851240542,539.5424694194567,814.1778184893274,4816.034840673983,1742.3067169757244,0.1,
beMTPL97,nanoTabPFN-A0B0-s93,A0B0,93,1,20.0,20.0,1.152550504974234,200,1000,16,2.949882267435534,2.7781461037262587,791.9494790228594,1923.0923074147545,1202595.7489510323,8654475.136715706,553.2196882037363,1384.1552390949414,20272.083786846946,8648.704109720547,0.1,
beMTPL97,nanoTabPFN-A0B0-s93,A0B0,93,1,50.0,50.0,1.152550504974234,200,1000,7,-0.16397616565628143,-0.14128434707595475,906.5329113725538,2986.974312710228,5148.789809542332,19209326.56110555,563.7910612347293,1801.487087618312,14479.157452259553,19099.004064081946,0.1,
beMTPL97,nanoTabPFN-A0B0-s93,A0B0,93,2,1.0,1.0,1.090320717148085,200,1000,76,2.1606441157675866,2.0153098981633346,672.6798156360205,2352.8200864159744,281591.2939052002,427211.21013426036,690.7775694991259,755.9351437246036,2660.5947812733557,424.27430630161217,0.1,
beMTPL97,nanoTabPFN-A0B0-s93,A0B0,93,2,4.0,3.9999999999999996,1.090320717148085,200,1000,52,2.4533524378693534,2.349862822966206,466.87686586259827,2206.0916607787203,503550.4067391155,1643947.5048995167,674.4299123513921,743.06272931269,5131.485835877543,1637.9144321653,0.1,
beMTPL97,nanoTabPFN-A0B0-s93,A0B0,93,2,20.0,19.999999999999996,1.090320717148085,200,1000,14,3.097660647064382,2.9010450162514867,811.2514003719455,2086.7397865339103,1683055.6428744085,8132396.702778254,680.6365343632343,751.9441133126115,20308.74821155905,8121.293448267405,0.1,
beMTPL97,nanoTabPFN-A0B0-s93,A0B0,93,2,50.0,50.0,1.090320717148085,200,1000,5,-0.16632054586734576,-0.1601994502934576,981.3351258878288,2928.954117936364,4948.897488668741,18055707.220474042,693.6872870388269,735.3749879127931,11499.906676970777,17893.747302284628,0.1,
beMTPL97,nanoTabPFN-A0B0-s93,A0B0,93,3,1.0,1.0,1.1660149508271862,200,1000,67,2.1655003022526835,2.12756488216397,251.9464290310409,2448.358393720642,331838.3597693794,813380.673174334,554.3733806941941,600.8640783413125,3383.0997739388495,811.9678235696895,0.1,
beMTPL97,nanoTabPFN-A0B0-s93,A0B0,93,3,4.0,4.0,1.1660149508271862,200,1000,53,2.667192787472455,2.577201540448111,511.4619143943585,2470.0506952884225,1053320.6745530479,3223394.260071771,549.9713823374215,1412.8008701492836,11699.103206765994,3208.8356595774862,0.1,
beMTPL97,nanoTabPFN-A0B0-s93,A0B0,93,3,20.0,20.0,1.1660149508271862,200,1000,16,1.0842562109010654,0.9324836143238603,930.384418548434,2571.6276090962892,24577.764694626603,14949337.144553866,572.989175129102,1873.5883813482187,19466.79569677715,14869.791147869752,0.1,
beMTPL97,nanoTabPFN-A0B0-s93,A0B0,93,3,50.0,49.99999999999999,1.1660149508271862,200,1000,7,-0.13678502946285875,-0.03739434980855805,751.5871489710635,4582.3480460355295,8780.761136838164,35561386.13664666,556.5647413304364,3838.029386979454,32761.3960337064,35283.17877590198,0.1,
beMTPL97,nanoTabPFN-A0B0-s93,A0B0,93,4,1.0,1.0,1.1947500975366478,200,1000,71,2.209417765424174,2.170735988559885,276.7697449848357,2843.557723825123,423731.1289995737,607626.3397715129,650.4907390569583,734.7323932694688,4329.373714270362,607.240341850449,0.1,
beMTPL97,nanoTabPFN-A0B0-s93,A0B0,93,4,4.0,4.0,1.1947500975366478,200,1000,54,2.6803189471755946,2.5997179803804173,461.2996921148615,2574.6103679657363,1029586.711096922,2361158.2209761404,643.0818430745954,710.665873709515,10568.755134819958,2362.592020732765,0.1,
beMTPL97,nanoTabPFN-A0B0-s93,A0B0,93,4,20.0,20.000000000000004,1.1947500975366478,200,1000,18,3.0091693371180384,2.8481275142950184,915.895564399889,2378.7361223667403,1749490.5248394993,11461810.04640039,662.9625327684926,1352.734292513845,27254.119030021542,11456.068673780128,0.1,
beMTPL97,nanoTabPFN-A0B0-s93,A0B0,93,4,50.0,49.99999999999999,1.1947500975366478,200,1000,7,0.12168111034590809,0.12444909466675688,1004.3076396052288,3793.894302244477,8842.303380921318,26425100.376431473,673.7445224003554,2142.5815542597893,25983.5303005464,26329.13593593324,0.1,
beMTPL97,nanoTabPFN-A0B0-s93,A0B0,93,5,1.0,1.0,1.17920926398348,200,1000,71,2.296747161551085,2.1916470193621502,729.1610687223167,3223.4311271294487,531594.8918550797,766098.7536008821,557.4954668696951,677.6626855072982,5233.98145958972,764.1163962871611,0.1,
beMTPL97,nanoTabPFN-A0B0-s93,A0B0,93,5,4.0,3.9999999999999996,1.17920926398348,200,1000,54,2.638530659003299,2.522700943181131,728.1554164023369,2972.0630924975703,1121273.7302341042,2960495.7876921296,558.3006610863712,1619.4299178643162,10886.315887373343,2938.4368067219807,0.1,
beMTPL97,nanoTabPFN-A0B0-s93,A0B0,93,5,20.0,20.0,1.17920926398348,200,1000,17,2.8599877014381514,2.645673166943343,1132.766034389179,2871.283595318396,1295613.0385941355,14366191.778187156,589.818349899482,1533.90434910574,31486.506891997175,14298.81002418898,0.1,
beMTPL97,nanoTabPFN-A0B0-s93,A0B0,93,5,50.0,50.0,1.17920926398348,200,1000,7,-0.05291299535119452,-0.00562632343227601,1156.7908539025457,4661.1720683871745,9180.929898553102,32924328.863484286,591.1397725071793,2291.494801006005,31826.031339694906,32465.462018978335,0.1,
beMTPL97,nanoTabPFN-A0B0-s93,A0B0,93,6,1.0,1.0,1.1962916839464397,200,1000,69,2.2456813226836587,2.173545398407991,361.33529183834185,2249.641223989667,338349.18248099426,666385.5927547446,624.6035914279963,717.8105371063326,3339.8219412387666,664.6586637373057,0.1,
beMTPL97,nanoTabPFN-A0B0-s93,A0B0,93,6,4.0,4.000000000000001,1.1962916839464397,200,1000,54,2.6551193906122705,2.544107449564881,588.4916189922167,2398.706248433282,902888.2241435377,2617656.9110039584,622.2333548381904,979.0993446533922,9894.578810109213,2612.2109697864857,0.1,
beMTPL97,nanoTabPFN-A0B0-s93,A0B0,93,6,20.0,20.000000000000004,1.1962916839464397,200,1000,18,1.795025143143655,1.5885353912843743,946.0338728244219,2350.3545899551928,95476.00751709743,12521637.260198284,642.1690527036378,1891.7533590299083,23289.62932498438,12454.750651549797,0.1,
beMTPL97,nanoTabPFN-A0B0-s93,A0B0,93,6,50.0,50.0,1.1962916839464397,200,1000,7,-0.0022711041636011313,0.04784236380437962,931.5541006961976,4037.34062958034,8529.61466777905,29327873.171599068,637.9268373476939,3848.504983497904,31166.0335143907,29080.550380915305,0.1,
beMTPL97,nanoTabPFN-A0B0-s93,A0B0,93,7,1.0,1.0,1.178082984774905,200,1000,69,2.3417004299225943,2.2488986480539044,631.8960754769101,3127.5634328624897,585574.4678239701,819285.4268944832,510.4883408238869,535.179721798412,5713.920485968724,816.8022698002202,0.1,
beMTPL97,nanoTabPFN-A0B0-s93,A0B0,93,7,4.0,3.9999999999999996,1.178082984774905,200,1000,54,2.784164944263697,2.6846273477476705,661.8135031008359,2924.3423842244665,1461180.5612084118,3185658.64337404,512.0189539741998,896.3164525303717,13553.307096318727,3166.0698070277203,0.1,
beMTPL97,nanoTabPFN-A0B0-s93,A0B0,93,7,20.0,20.0,1.178082984774905,200,1000,17,2.5911632093501185,2.385634422061173,1112.0283853201645,2906.4062847669074,794654.9843083562,15271837.168233953,549.2862093625658,2607.7845366414876,31656.80321088831,15163.27245678895,0.1,
beMTPL97,nanoTabPFN-A0B0-s93,A0B0,93,7,50.0,50.0,1.178082984774905,200,1000,7,0.6989608545043691,0.6557124186688457,1132.1280642200209,4902.008210645077,27481.548129921786,35810175.322751574,549.7073049124574,6040.34668004222,36481.03422341642,35224.052858473704,0.1,
beMTPL97,nanoTabPFN-A0B0-s93,A0B0,93,8,1.0,1.0,1.0548697235269866,200,1000,79,2.055589010608433,1.9319058505061315,625.756996927295,1920.2188093918999,165143.17456804734,312884.31144390395,538.2304365543448,516.7603692557548,1533.622370868725,310.3866225547489,0.1,
beMTPL97,nanoTabPFN-A0B0-s93,A0B0,93,8,4.0,4.0,1.0548697235269866,200,1000,48,2.445516432470969,2.3762369613922663,354.37761777658574,2110.778501136453,499641.4087749684,1233144.995370015,536.2411350780645,512.7199034547718,5195.765940274535,1234.0181297060974,0.1,
beMTPL97,nanoTabPFN-A0B0-s93,A0B0,93,8,20.0,20.0,1.0548697235269866,200,1000,11,2.9455810065906185,2.786038327579172,714.755145679141,2279.805950593998,1375305.3956995523,6050091.399403862,535.5336571973846,532.7127241863425,17062.61081725009,6054.5160035656545,0.1,
beMTPL97,nanoTabPFN-A0B0-s93,A0B0,93,8,50.0,49.99999999999999,1.0548697235269866,200,1000,4,-0.027853829575641295,-0.0908461786944323,955.9087631490102,2387.9963646280894,4326.985901620664,13702882.474987013,552.5747134018184,512.1376118219762,13052.581086416132,13659.165044177253,0.1,
beMTPL97,nanoTabPFN-A0B0-s93,A0B0,93,9,1.0,1.0,1.1134333759127413,200,1000,80,1.9293589712430739,1.8243589487382177,492.0978526487678,1832.3903780422197,123084.72820800898,294005.66565853776,589.7625271287661,619.924593938404,1277.7464523182973,292.7728488905799,0.1,
beMTPL97,nanoTabPFN-A0B0-s93,A0B0,93,9,4.0,4.0,1.1134333759127413,200,1000,54,2.450521527614105,2.3599286231291345,425.41976327433025,2050.0667467392395,481070.4674324753,1172584.6491863467,585.6661958223207,779.4562563166379,5189.437200616053,1175.179535614341,0.1,
beMTPL97,nanoTabPFN-A0B0-s93,A0B0,93,9,20.0,20.000000000000004,1.1134333759127413,200,1000,15,2.975810162463537,2.788579531513654,735.0441717389406,2074.7547539002044,1399586.4543077862,5758921.886630507,597.2758214987314,5830.394069288976,16879.27940394824,5755.858354588857,0.1,
beMTPL97,nanoTabPFN-A0B0-s93,A0B0,93,9,50.0,50.00000000000001,1.1134333759127413,200,1000,6,0.031916493882360716,-0.04043280663895469,917.937952415863,2296.1638897055423,4384.9791130675985,13235122.642324734,613.3674078475822,9602.167478232439,15766.638395554704,13125.145985025865,0.1,
beMTPL97,nanoTabPFN-A0B0-s93,A0B0,93,10,1.0,1.0,1.1662472339322185,200,1000,75,2.094706444688434,2.0012832408706185,660.6317225977889,2866.5013599766926,286930.6477880151,481465.1647404388,561.7782325425313,557.044047326051,2831.1215138986668,479.90439109944924,0.1,
beMTPL97,nanoTabPFN-A0B0-s93,A0B0,93,10,4.0,3.9999999999999996,1.1662472339322185,200,1000,56,2.5131379577297186,2.4225596181643847,522.3227785646193,2550.662144682245,679268.7697559125,1876187.777666506,565.2372505524596,562.6393514293002,7293.470388137291,1878.1956436480436,0.1,
beMTPL97,nanoTabPFN-A0B0-s93,A0B0,93,10,20.0,20.0,1.1662472339322185,200,1000,17,3.17856180783507,3.020021557496576,888.4868989519164,2461.63613883138,2920451.272408711,9329176.907760873,573.753189398752,597.3424048969796,31482.808483645127,9313.299260028223,0.1,
beMTPL97,nanoTabPFN-A0B0-s93,A0B0,93,10,50.0,50.0,1.1662472339322185,200,1000,7,0.19905756946581057,0.16511564604979106,1054.278457145438,3295.006886824601,8050.7263517512065,21452958.714936256,587.9181949808251,569.811575524994,27890.628878679327,21216.010258041333,0.1,
beMTPL97,nanoTabPFN-A0B0-s93,A0B0,93,11,1.0,1.0,1.0574236675112725,200,1000,77,2.138972237287703,2.02534740547457,580.1323000645758,2192.4077982919544,239232.7515474473,351910.40645969403,478.41602251772264,432.07998916389,2367.2054235156406,350.6835564583945,0.1,
beMTPL97,nanoTabPFN-A0B0-s93,A0B0,93,11,4.0,4.0,1.0574236675112725,200,1000,47,2.460621703124407,2.386418819084996,363.9645863672408,2164.978311572595,541517.4401511233,1363774.9273869644,474.07336211248486,441.22446574541107,5691.045492367094,1365.5447820223524,0.1,
beMTPL97,nanoTabPFN-A0B0-s93,A0B0,93,11,20.0,19.999999999999996,1.0574236675112725,200,1000,11,3.1460647031409925,2.9734259103819984,750.5451712317991,2242.9495258003117,2301986.057189489,6774836.3810568955,488.079922459062,3162.9399959449042,24277.995736616886,6775.327715814602,0.1,
beMTPL97,nanoTabPFN-A0B0-s93,A0B0,93,11,50.0,50.0,1.0574236675112725,200,1000,5,0.0477163244794448,-0.016328463948837003,984.6036754147026,2569.972867456031,5055.344955612955,15413894.37948823,512.6103127772227,2154.8091296614325,18497.621909489328,15346.904141874142,0.1,
beMTPL97,nanoTabPFN-A0B0-s93,A0B0,93,12,1.0,1.0,1.1358884885893301,200,1000,76,2.0438862294213265,1.978466016597665,253.13861090308728,1939.7912019360274,191161.8673478951,345490.1807725474,628.2751424543305,683.8248837990715,1798.2227740864378,343.0433802852232,0.1,
beMTPL97,nanoTabPFN-A0B0-s93,A0B0,93,12,4.0,4.0,1.1358884885893301,200,1000,55,2.525009586832625,2.4474352507885637,346.71087666697525,2026.1966420604417,573227.4994547865,1360590.8211687757,627.095522229371,845.8327774508007,5576.590604407431,1357.2798416991216,0.1,
beMTPL97,nanoTabPFN-A0B0-s93,A0B0,93,12,20.0,20.0,1.1358884885893301,200,1000,16,3.1953626550909418,3.018291207303407,671.7405141243416,1983.3499589081437,2109586.966719363,6723995.591106357,626.2463678480866,1588.3212328765924,21468.52234455307,6704.460370503158,0.1,
beMTPL97,nanoTabPFN-A0B0-s93,A0B0,93,12,50.0,49.99999999999999,1.1358884885893301,200,1000,6,0.023544293120130236,-0.009352793705722354,850.3861400549704,2455.9252416608842,4865.742157660405,15322790.178979632,633.557023796025,2498.3638652354607,12114.44921430593,15123.156429901823,0.1,
beMTPL97,nanoTabPFN-A0B0-s93,A0B0,93,13,1.0,1.0,1.1732770051831836,200,1000,68,2.172202214480543,2.1221815653547056,280.9121470708144,2234.234084000132,311003.78745981544,703097.4838834659,568.2721355154096,576.7120009974677,3031.652904777635,701.0951847004238,0.1,
beMTPL97,nanoTabPFN-A0B0-s93,A0B0,93,13,4.0,4.0,1.1732770051831836,200,1000,53,2.7398435404325685,2.6440380720059573,517.3164506539533,2487.0417399961498,1130807.960037921,2798387.684099975,567.5448878248844,943.327912755851,11609.43604756619,2795.469731492109,0.1,
beMTPL97,nanoTabPFN-A0B0-s93,A0B0,93,13,20.0,20.000000000000004,1.1732770051831836,200,1000,17,1.9668995466625618,1.7720063835355069,928.3343032268608,2417.9392462151945,145548.2339843199,13424072.202761337,594.6869582795268,777.046166840866,25093.357309300794,13319.11525026758,0.1,
beMTPL97,nanoTabPFN-A0B0-s93,A0B0,93,13,50.0,50.0,1.1732770051831836,200,1000,7,0.08011326966356708,0.12343337172725578,873.5174289901497,4171.7255808078025,9686.21933094673,31363183.789756015,587.0219194455542,958.1925211436336,28099.63264244797,30857.55954703428,0.1,
beMTPL97,nanoTabPFN-A0B0-s93,A0B0,93,14,1.0,1.0,1.19885585689078,200,1000,71,2.2235967360056446,2.1794767063624865,266.38120609295567,2443.397120924816,365481.0501239569,562520.6684370142,584.6622535410835,555.2161969202406,3603.3479017143295,560.8089835603623,0.1,
beMTPL97,nanoTabPFN-A0B0-s93,A0B0,93,14,4.0,4.000000000000001,1.19885585689078,200,1000,55,2.5915569893492867,2.5030021620988023,479.1193084118113,2367.243394949149,769027.764349361,2178269.703257732,578.4842646451336,680.5681703611552,7850.804061714697,2169.936679556006,0.1,
beMTPL97,nanoTabPFN-A0B0-s93,A0B0,93,14,20.0,20.000000000000004,1.19885585689078,200,1000,18,1.9404323370245051,1.725786531043729,870.8692181376719,2116.7106840616866,114010.12390551539,10506225.866055936,587.4960625572697,895.6840618056133,20619.18295103852,10473.04822699394,0.1,
beMTPL97,nanoTabPFN-A0B0-s93,A0B0,93,14,50.0,49.99999999999999,1.19885585689078,200,1000,7,0.7738453965141973,0.7163382962220457,841.5063770070474,3457.2179005913126,21539.779184950894,24688925.697817124,583.5836464137834,1579.6233578821823,27612.054399535606,24488.318566472426,0.1,
beMTPL97,nanoTabPFN-A0B0-s93,A0B0,93,15,1.0,1.0,1.1867769048311116,200,1000,77,1.9987678421201813,1.9081092338294525,578.6385733449796,2514.5263481589673,198727.1147595668,360891.018313566,555.4107648169736,511.5516979752731,1936.6181824861299,359.2481030119967,0.1,
beMTPL97,nanoTabPFN-A0B0-s93,A0B0,93,15,4.0,3.999999999999999,1.1867769048311116,200,1000,56,2.373556477372064,2.296532454806833,445.1746982436591,2536.8753927627963,500148.4069416934,1411624.76737672,545.8572436151816,517.780650731682,5396.214425359554,1412.9098882215944,0.1,
beMTPL97,nanoTabPFN-A0B0-s93,A0B0,93,15,20.0,19.999999999999996,1.1867769048311116,200,1000,18,3.0964420656346108,2.928783941689485,788.8893022441409,2222.5562729024246,1890514.0145346015,6993414.09553499,554.1060740514616,531.6986395658155,22023.221252270872,6991.836490940019,0.1,
beMTPL97,nanoTabPFN-A0B0-s93,A0B0,93,15,50.0,50.0,1.1867769048311116,200,1000,7,-0.0478244363808852,-0.08731002572773731,960.6237081964127,2614.7377497008674,4762.677060151014,15886299.33755466,567.384536076741,516.123829401127,19714.761749457444,15730.505923225975,0.1,
beMTPL97,nanoTabPFN-A0B0-s93,A0B0,93,16,1.0,1.0,1.112564209416503,200,1000,75,2.110599116007275,2.061989749922461,243.17698930013353,2230.1259260125953,261932.96378533693,409171.83401122084,642.2515579927042,711.4408125363709,2608.0777522809944,407.7833748925332,0.1,
beMTPL97,nanoTabPFN-A0B0-s93,A0B0,93,16,4.0,3.9999999999999996,1.112564209416503,200,1000,52,2.5460969812316345,2.4756147782590907,364.38984325550155,2224.8124996126717,658218.5313703093,1595373.300006039,639.6194409758018,712.0274086201633,6743.342191509152,1595.6725516771833,0.1,
beMTPL97,nanoTabPFN-A0B0-s93,A0B0,93,16,20.0,20.000000000000004,1.112564209416503,200,1000,15,3.1652380013044144,2.9884793708471857,748.5101335483903,2182.384950916836,2151419.393094559,7859355.819920493,650.7018656486196,707.6983082840701,23911.03431343898,7861.777490803933,0.1,
beMTPL97,nanoTabPFN-A0B0-s93,A0B0,93,16,50.0,50.0,1.112564209416503,200,1000,6,0.043902269243059754,0.015372487620872627,938.8004010636296,2812.991711212242,5723.032185502749,17874025.64255193,668.6952514503267,710.5981037094134,18367.000246497853,17814.698349229224,0.1,
beMTPL97,nanoTabPFN-A0B0-s93,A0B0,93,17,1.0,1.0,1.1863077029870688,200,1000,65,2.5805158070970746,2.5028657101839267,389.55611077204605,2349.891810081116,780808.2932313904,1177509.5608508182,547.9273973639172,562.3506509474253,7791.687338592522,1176.2227116761053,0.1,
beMTPL97,nanoTabPFN-A0B0-s93,A0B0,93,17,4.0,4.0,1.1863077029870688,200,1000,52,2.849051665973275,2.69981604319797,573.1781301796973,1901.4057134750574,1025295.6995906751,4496855.878458895,546.7618194882416,1264.5230487762808,13106.870986252197,4494.762718746526,0.1,
beMTPL97,nanoTabPFN-A0B0-s93,A0B0,93,17,20.0,19.999999999999996,1.1863077029870688,200,1000,17,1.2099139021655054,1.0904527742244576,1025.8966172659684,3348.359895568803,44523.872757637684,21239977.143539336,579.0902409549765,724.2660241301267,25994.926049225836,21169.955512887827,0.1,
beMTPL97,nanoTabPFN-A0B0-s93,A0B0,93,17,50.0,49.99999999999999,1.1863077029870688,200,1000,7,0.7760931123319919,0.7767774180045154,916.1386209696102,6381.231791568042,44381.76591498114,51273831.98096797,567.7265341169397,884.4887206618421,49571.952775198624,51023.725008230474,0.1,
beMTPL97,nanoTabPFN-A0B0-s93,A0B0,93,18,1.0,1.0,1.1410922063033329,200,1000,76,1.9777647452457003,1.8933032572287696,278.89727332625824,2029.7486505124962,162401.04959451372,358695.9254426688,574.069186969799,668.7778410021807,1709.8979389845704,358.2823573245764,0.1,
beMTPL97,nanoTabPFN-A0B0-s93,A0B0,93,18,4.0,4.0,1.1410922063033329,200,1000,55,2.1578166530063445,2.080398773765841,391.4938546851173,2036.557656919244,332159.9418979022,1400739.9123086387,562.3209487276575,2513.7340184152104,4440.648812501646,1403.9858960551567,0.1,
beMTPL97,nanoTabPFN-A0B0-s93,A0B0,93,18,20.0,20.0,1.1410922063033329,200,1000,16,3.066722030292527,2.855619052700803,727.0381134509171,1857.549886077104,1749929.9045183454,7009105.390516035,557.9809029734394,7279.1189370332695,21496.00127382088,7009.771623345559,0.1,
beMTPL97,nanoTabPFN-A0B0-s93,A0B0,93,18,50.0,49.99999999999999,1.1410922063033329,200,1000,6,-0.15826413104257425,-0.154280852179242,848.3623271361671,2523.1201138550314,4282.6261570645,15730314.954777889,563.3865934673266,8050.281734219856,20571.510200965717,15581.802565761083,0.1,
beMTPL97,nanoTabPFN-A0B0-s93,A0B0,93,19,1.0,1.0,1.199144405855362,200,1000,72,2.1560696789162304,2.111809986352977,329.28559466698886,2757.0341633032785,366258.1155268229,554583.5405201972,674.5903449930299,752.2435810351633,3690.908284514843,553.527697563903,0.1,
beMTPL97,nanoTabPFN-A0B0-s93,A0B0,93,19,4.0,4.0,1.199144405855362,200,1000,55,2.293778060108647,2.2068459513046457,520.4848756616487,2456.7498201404514,518280.4995350218,2120921.9395858455,666.7941065510248,3512.2430290986017,6549.182560686773,2117.138981869187,0.1,
beMTPL97,nanoTabPFN-A0B0-s93,A0B0,93,19,20.0,19.999999999999996,1.199144405855362,200,1000,18,2.898534176708964,2.8120801039410983,905.5864151664139,2255.973368905261,1571442.0500561246,10498489.795590684,677.5066318975045,1295.074301508327,26026.50432849586,10492.008495951855,0.1,
beMTPL97,nanoTabPFN-A0B0-s93,A0B0,93,19,50.0,50.0,1.199144405855362,200,1000,7,-0.16773149930964143,-0.1253166637368429,941.8354638414953,3462.135290945179,6066.440501762823,23277765.529579222,682.6296631661952,1588.9786741566757,25334.843969183694,23049.272099731632,0.1,
beMTPL97,nanoTabPFN-A1B0-s93,A1B0,93,0,1.0,1.0,1.1514043419106743,200,1000,72,2.197101406984032,2.093360234203171,529.9908134325028,2282.985907903056,285885.79346431035,501672.0056441347,601.2427804934294,625.0592920049485,2864.984650366266,500.5148412452839,0.1,
beMTPL97,nanoTabPFN-A1B0-s93,A1B0,93,0,4.0,3.9999999999999996,1.1514043419106743,200,1000,54,0.6544155495442572,0.6301202853791151,474.1648993981821,2276.173642716569,12055.266591434785,1658648.8929236773,602.032180140177,625.8941204455637,390.59176439555205,1641.7374223712338,0.1,
beMTPL97,nanoTabPFN-A1B0-s93,A1B0,93,0,20.0,20.0,1.1514043419106743,200,1000,16,0.6045142304509785,0.5777989224458056,594.308155478255,2688.9021992280786,12807.749597134909,65872.50852555831,601.319437840911,626.752704182161,384.4063712334572,391.4600896686541,0.1,
beMTPL97,nanoTabPFN-A1B0-s93,A1B0,93,0,50.0,50.0,1.1514043419106743,200,1000,7,0.4783299509798823,0.47083864343871934,535.7116706823494,2765.115310986762,10889.410727511593,49863.468652641735,601.9954305817453,630.9113623401249,378.6359715265593,127.2495835499915,0.1,
beMTPL97,nanoTabPFN-A1B0-s93,A1B0,93,1,1.0,1.0,1.152550504974234,200,1000,73,2.1853783436780923,2.0859480208012817,490.19865984022874,2212.109289638776,280083.0382639887,455510.65028911014,540.6644097652154,529.6399099811625,2674.236424201455,453.14183915452577,0.1,
beMTPL97,nanoTabPFN-A1B0-s93,A1B0,93,1,4.0,4.0,1.152550504974234,200,1000,54,0.5956708909881525,0.5677628621322327,472.2031226171631,2102.00573913093,9919.26376027425,1415780.930698926,540.4482949396566,527.257973374409,257.2106193561342,1415.124823201005,0.1,
beMTPL97,nanoTabPFN-A1B0-s93,A1B0,93,1,20.0,20.0,1.152550504974234,200,1000,16,0.6044402391000239,0.5840896885202933,525.4179923395075,2548.98521837304,12316.37707919725,63378.21749336309,541.5623361965837,524.0545833849789,261.4748080087298,329.8719335473059,0.1,
beMTPL97,nanoTabPFN-A1B0-s93,A1B0,93,1,50.0,50.0,1.152550504974234,200,1000,7,0.5078272479201986,0.4789876260758431,533.9042617545815,2514.075449767961,10059.311700741473,40431.118847225094,541.8309908966576,539.6401279673844,261.09439011764346,69.82964073131453,0.1,
beMTPL97,nanoTabPFN-A1B0-s93,A1B0,93,2,1.0,1.0,1.090320717148085,200,1000,76,2.196249789056143,2.0891027152375323,597.0829030371239,2465.796558952369,315368.21054288896,430587.6349224161,677.3328541242695,743.3313154675232,3122.2916481885536,428.9019120083934,0.1,
beMTPL97,nanoTabPFN-A1B0-s93,A1B0,93,2,4.0,3.9999999999999996,1.090320717148085,200,1000,52,0.585010633009117,0.5581246155448728,522.3158096368146,2321.0372865185604,11235.773862447588,1403381.0154794154,674.4188371374142,751.5489946833262,609.6229705203161,1394.0699464346455,0.1,
beMTPL97,nanoTabPFN-A1B0-s93,A1B0,93,2,20.0,19.999999999999996,1.090320717148085,200,1000,14,0.5858578791839127,0.5622492111762245,625.9427490923013,2843.7595392824123,13178.678140747546,69762.8146840978,674.3849344585959,742.8041875830673,352.64196365426795,812.1932242690772,0.1,
beMTPL97,nanoTabPFN-A1B0-s93,A1B0,93,2,50.0,50.0,1.090320717148085,200,1000,5,0.4800285798758965,0.45332886249314164,678.1162943169493,2797.569504300946,10682.950258304383,40997.65061598938,675.327954281277,744.3978132482262,383.85372333124224,86.55543079084626,0.1,
beMTPL97,nanoTabPFN-A1B0-s93,A1B0,93,3,1.0,1.0,1.1660149508271862,200,1000,67,0.5259276844334668,0.48730674838818056,552.6651318750553,2153.7724412677417,8787.89793022044,760131.8806779222,550.1177551497382,548.2137108104093,568.5661167770572,756.9073664428972,0.1,
beMTPL97,nanoTabPFN-A1B0-s93,A1B0,93,3,4.0,4.0,1.1660149508271862,200,1000,53,0.7245077207708659,0.682517897733505,481.14526150527877,2073.934934913612,12070.430196921378,2016159.6455440512,550.0879708923424,549.4951224345227,277.19920238548514,1980.7795285535656,0.1,
beMTPL97,nanoTabPFN-A1B0-s93,A1B0,93,3,20.0,20.0,1.1660149508271862,200,1000,16,0.7157151473288967,0.6322913254624848,879.0932494099193,2910.9958622103777,15392.725462407821,69508.51749010819,567.5119364691444,560.2590457797965,264.5631007146277,125.55791143245276,0.1,
beMTPL97,nanoTabPFN-A1B0-s93,A1B0,93,3,50.0,49.99999999999999,1.1660149508271862,200,1000,7,0.5645477711797653,0.6132281443281482,186.0062052848425,2088.570508690561,11442.242513338386,73593.19476149569,559.7888918206594,563.3629615820151,284.9009759369652,114.0182201298518,0.1,
beMTPL97,nanoTabPFN-A1B0-s93,A1B0,93,4,1.0,1.0,1.1947500975366478,200,1000,71,2.1769098645023246,2.0673128093017437,582.4899905144207,2401.542870653494,283448.66987444996,593594.912342506,642.6618447148,709.7304246032041,2845.747398200874,592.4042450683003,0.1,
beMTPL97,nanoTabPFN-A1B0-s93,A1B0,93,4,4.0,4.0,1.1947500975366478,200,1000,54,0.6631448199657618,0.6418190737104019,491.7298520867288,2432.455136159936,13116.622363176044,1929388.2015144038,643.3615177146476,711.073013888431,375.76327889321277,1921.4500409621485,0.1,
beMTPL97,nanoTabPFN-A1B0-s93,A1B0,93,4,20.0,20.000000000000004,1.1947500975366478,200,1000,18,0.6402946713380527,0.6084419145051467,653.6352535830777,2915.216957962525,14722.624817704731,72495.71952009054,644.5626023551397,707.0408045791877,368.64245953603216,97.22990648867166,0.1,
beMTPL97,nanoTabPFN-A1B0-s93,A1B0,93,4,50.0,49.99999999999999,1.1947500975366478,200,1000,7,0.4807137392686177,0.4930630497794426,560.2877175505919,3272.5404027868976,13391.357242433918,60349.57224199253,643.1275583002822,717.2343407947321,374.44202344615024,63.44908838641009,0.1,
beMTPL97,nanoTabPFN-A1B0-s93,A1B0,93,5,1.0,1.0,1.17920926398348,200,1000,71,2.235954305794483,2.1466292682694053,714.556874300589,3409.7670358119835,502488.0807856887,763188.9466340072,558.1541717604076,569.4377121963287,4883.473083044914,760.6113265206534,0.1,
beMTPL97,nanoTabPFN-A1B0-s93,A1B0,93,5,4.0,3.9999999999999996,1.17920926398348,200,1000,54,0.7124925920557653,0.6979669010405133,630.4411758628497,3442.081125831136,20670.55175814526,2604662.7486947263,556.2566587999974,578.4169056685615,1426.0238976022354,2533.973981216856,0.1,
beMTPL97,nanoTabPFN-A1B0-s93,A1B0,93,5,20.0,20.0,1.17920926398348,200,1000,17,0.661022754834803,0.6077225566672009,927.8769292576185,3568.9305714704915,17971.394112017493,87561.44158874912,570.3069293580652,571.4784632566345,296.8846554939983,537.8091632349269,0.1,
beMTPL97,nanoTabPFN-A1B0-s93,A1B0,93,5,50.0,50.0,1.17920926398348,200,1000,7,0.5283049682322414,0.5235333116106424,601.5413438582818,3545.3225438485993,14935.911195653327,74872.79040383999,554.1217415391233,587.076785023812,296.27753610029714,95.20193243954915,0.1,
beMTPL97,nanoTabPFN-A1B0-s93,A1B0,93,6,1.0,1.0,1.1962916839464397,200,1000,69,2.025593992559926,1.9062738321347388,586.3836337943617,2193.805203230066,178169.93931238848,650365.5762428164,623.69009142077,666.3958296699954,1929.6243567947922,642.4451195000906,0.1,
beMTPL97,nanoTabPFN-A1B0-s93,A1B0,93,6,4.0,4.000000000000001,1.1962916839464397,200,1000,54,0.6942111248458428,0.6733481503762148,498.72219291748627,2536.356219459222,14350.121035669825,2164452.0318821985,623.8686882369909,669.9450297879437,697.7325913198389,1878.9112102217343,0.1,
beMTPL97,nanoTabPFN-A1B0-s93,A1B0,93,6,20.0,20.000000000000004,1.1962916839464397,200,1000,18,0.6799606719058889,0.6122931031004429,821.5789691381624,2938.9145594576567,14848.169814536774,79532.3633895238,633.1142292534073,674.3524292799485,310.3349164223426,364.12244770606304,0.1,
beMTPL97,nanoTabPFN-A1B0-s93,A1B0,93,6,50.0,50.0,1.1962916839464397,200,1000,7,0.5778629506145649,0.5813641860507083,413.2194244267994,2514.3004555546236,11828.988631131106,64434.11578583566,625.9785207965314,670.5212586872549,305.6921903448685,78.01651740140981,0.1,
beMTPL97,nanoTabPFN-A1B0-s93,A1B0,93,7,1.0,1.0,1.178082984774905,200,1000,69,2.2654756365939126,2.15911329929528,700.2465051783553,2991.0973529393445,433636.06691353134,804088.7837782009,514.0617551439548,492.29197519275016,4280.293897467807,802.4660537914425,0.1,
beMTPL97,nanoTabPFN-A1B0-s93,A1B0,93,7,4.0,3.9999999999999996,1.178082984774905,200,1000,54,0.7385505240233597,0.7158840365795839,581.4791630618323,3060.4371021552724,19032.9745675113,2667332.3155402066,511.5460756590059,496.1471742865898,266.43004586904704,2647.60134459762,0.1,
beMTPL97,nanoTabPFN-A1B0-s93,A1B0,93,7,20.0,20.0,1.178082984774905,200,1000,17,0.6988145038024642,0.6325212146352863,928.5782192251072,3394.0656665625347,17919.292813808028,83290.50884906758,528.3523864123335,511.47595236523836,251.17744472296053,147.76371621397715,0.1,
beMTPL97,nanoTabPFN-A1B0-s93,A1B0,93,7,50.0,50.0,1.178082984774905,200,1000,7,0.5634865580830288,0.5673475421233181,520.8675661315119,3418.183059448307,15175.394410491364,79160.28152651576,514.2941229964007,528.2653370938907,256.357221615161,81.8916316805434,0.1,
beMTPL97,nanoTabPFN-A1B0-s93,A1B0,93,8,1.0,1.0,1.0548697235269866,200,1000,79,2.095125078389374,2.004179681096799,526.7046819549598,2516.635965494938,256435.64732055285,322012.80719211116,531.6177971704731,511.9740695114778,2541.314492560831,320.6726427746151,0.1,
beMTPL97,nanoTabPFN-A1B0-s93,A1B0,93,8,4.0,4.0,1.0548697235269866,200,1000,48,0.5420313436517393,0.48783904377495046,517.0921072657223,1840.5319407411043,7499.004750324817,994710.085461641,532.2846786594603,518.3905528215045,267.91043184051966,984.2262907782662,0.1,
beMTPL97,nanoTabPFN-A1B0-s93,A1B0,93,8,20.0,20.0,1.0548697235269866,200,1000,11,0.5733106922129354,0.566449831246995,503.12969153181893,2651.001088961916,12426.397710597157,63519.0691261232,532.2872460523394,512.2673358040422,235.7430235555923,583.6648034240404,0.1,
beMTPL97,nanoTabPFN-A1B0-s93,A1B0,93,8,50.0,49.99999999999999,1.0548697235269866,200,1000,4,0.3496453818639637,0.3182503222895196,720.6627175276903,2536.9695326128017,8007.45108892393,30317.592889581363,535.6594572870329,511.8693420582874,257.69883708970883,49.02478691577328,0.1,
beMTPL97,nanoTabPFN-A1B0-s93,A1B0,93,9,1.0,1.0,1.1134333759127413,200,1000,80,2.0629209564697124,1.969903018329201,566.8869310699571,2623.606157638399,247647.17845519906,306461.5665256019,587.5703359877912,620.4352693263667,2449.3852677132427,305.00082545318884,0.1,
beMTPL97,nanoTabPFN-A1B0-s93,A1B0,93,9,4.0,4.0,1.1134333759127413,200,1000,54,0.5826959312298686,0.5279400863467298,546.9912042987503,1989.7595100680282,8755.623577353332,1014877.5112332525,587.9313535270022,624.319660453743,332.88192104209554,1003.7360549941291,0.1,
beMTPL97,nanoTabPFN-A1B0-s93,A1B0,93,9,20.0,20.000000000000004,1.1134333759127413,200,1000,15,0.5433142337781798,0.52937143945863,575.7032445766378,2746.9250805023735,12027.527202501262,62045.63615297906,588.9002137380138,621.7947465416414,290.1446716735633,975.418315763941,0.1,
beMTPL97,nanoTabPFN-A1B0-s93,A1B0,93,9,50.0,50.00000000000001,1.1134333759127413,200,1000,6,0.34077886568138543,0.2987610153501736,751.1846289193757,2464.571953503899,7543.658531342431,29418.942839256935,598.508522580664,619.8401669607671,338.3572829576711,62.80573126868912,0.1,
beMTPL97,nanoTabPFN-A1B0-s93,A1B0,93,10,1.0,1.0,1.1662472339322185,200,1000,75,2.186920134307479,2.0866026644186912,638.9576737755615,2904.2867207225436,361811.47675498435,488955.4053251376,563.974289294345,559.3959898238785,3593.355227037536,487.52659776326374,0.1,
beMTPL97,nanoTabPFN-A1B0-s93,A1B0,93,10,4.0,3.9999999999999996,1.1662472339322185,200,1000,56,0.6241744488610315,0.6052465987429564,537.3119878589256,2562.7741384768206,12912.00973515838,1625627.1737181027,567.0268792473261,561.022059783896,369.79812457762426,1553.9521527084341,0.1,
beMTPL97,nanoTabPFN-A1B0-s93,A1B0,93,10,20.0,20.0,1.1662472339322185,200,1000,17,0.5765195284704414,0.5591555389388326,631.6440700218686,3025.5068032492995,14023.834498092649,70958.83049769251,565.3461740412423,561.1745658875676,237.3817455956394,593.2624095679685,0.1,
beMTPL97,nanoTabPFN-A1B0-s93,A1B0,93,10,50.0,50.0,1.1662472339322185,200,1000,7,0.4380656953104758,0.4225396543497371,710.8734890257997,3055.305786445439,11099.449173792424,46220.948032643355,565.4738215539348,565.4082805208712,238.20889159938676,60.34116591730254,0.1,
beMTPL97,nanoTabPFN-A1B0-s93,A1B0,93,11,1.0,1.0,1.0574236675112725,200,1000,77,2.130205591492434,2.0423285598234426,521.560535655415,2531.228698904817,281919.82023135416,356180.0697485402,475.7408106684207,434.16272513098676,2801.8029699175313,355.0295556431975,0.1,
beMTPL97,nanoTabPFN-A1B0-s93,A1B0,93,11,4.0,4.0,1.0574236675112725,200,1000,47,0.5910639835487184,0.5574870131085873,514.251324031492,2157.881449462446,9935.87817511079,1172256.0224946523,477.8800695098152,442.2758186520566,180.2918209815214,1169.616516607722,0.1,
beMTPL97,nanoTabPFN-A1B0-s93,A1B0,93,11,20.0,19.999999999999996,1.0574236675112725,200,1000,11,0.6112826297279838,0.5996803367537955,536.9070310657223,2711.2445696211025,13507.887186081069,70066.13387189916,476.98807302754904,437.3733098564851,176.91577095226518,670.4001380603795,0.1,
beMTPL97,nanoTabPFN-A1B0-s93,A1B0,93,11,50.0,50.0,1.0574236675112725,200,1000,5,0.41195211879245963,0.3838288560028343,662.2296423535709,2511.743103580796,8632.547236997154,31167.376543069644,484.2217697144966,441.1469441450705,188.69504993990182,31.262159449673053,0.1,
beMTPL97,nanoTabPFN-A1B0-s93,A1B0,93,12,1.0,1.0,1.1358884885893301,200,1000,76,2.1393475108160165,2.04763051513524,485.11112821356176,2256.9290495421455,256592.3360834209,352031.77330475044,624.4942646029338,651.1192818092306,2534.112730804257,350.44910826735526,0.1,
beMTPL97,nanoTabPFN-A1B0-s93,A1B0,93,12,4.0,4.0,1.1358884885893301,200,1000,55,0.568009811236131,0.5273371706526878,472.2253749011191,1865.0146479526977,8182.014780922786,1100445.171884128,625.0139814311032,666.5957210172054,350.45679672232944,1070.825663187759,0.1,
beMTPL97,nanoTabPFN-A1B0-s93,A1B0,93,12,20.0,20.0,1.1358884885893301,200,1000,16,0.5724815590042455,0.5653962410016276,454.2201769292692,2376.957119855831,11119.548401036678,60307.22578445976,625.225976474351,647.931279682151,331.4442093289439,489.3747162817053,0.1,
beMTPL97,nanoTabPFN-A1B0-s93,A1B0,93,12,50.0,49.99999999999999,1.1358884885893301,200,1000,6,0.4363931398463591,0.41062966190963973,615.6474564898313,2456.762656980498,8788.890356693855,33885.37895981428,625.2252250214012,645.7841549254676,392.64555324170226,114.37791480288084,0.1,
beMTPL97,nanoTabPFN-A1B0-s93,A1B0,93,13,1.0,1.0,1.1732770051831836,200,1000,68,1.159400680481334,1.071502696110519,539.7662304081714,2111.629773642172,26741.809458957705,674669.2976662568,568.9963473010397,572.8446002725022,1089.7253350360702,668.2422306685646,0.1,
beMTPL97,nanoTabPFN-A1B0-s93,A1B0,93,13,4.0,4.0,1.1732770051831836,200,1000,53,0.713444554381501,0.678626457451085,468.2105948749272,2125.4431375514496,12407.676862337557,2002887.4998857582,567.5770814425341,574.0895196216024,261.09606706040137,1963.686583982531,0.1,
beMTPL97,nanoTabPFN-A1B0-s93,A1B0,93,13,20.0,20.000000000000004,1.1732770051831836,200,1000,17,0.6834490361149138,0.6123440822850492,824.5729156387731,2897.769699242702,14685.723052872712,75656.40477847322,584.739336753652,572.860385595741,259.0359720078685,187.58191068416002,0.1,
beMTPL97,nanoTabPFN-A1B0-s93,A1B0,93,13,50.0,50.0,1.1732770051831836,200,1000,7,0.5683880526815588,0.5935099762241098,303.2176922968147,2331.153623626455,11743.700592269017,65880.23594926557,568.2438059648531,579.1166703412244,254.96331938355272,76.90442922055391,0.1,
beMTPL97,nanoTabPFN-A1B0-s93,A1B0,93,14,1.0,1.0,1.19885585689078,200,1000,71,2.172555628716099,2.0600797889422564,543.6170279165121,2189.30399682861,253834.15425533132,551353.341540714,578.0177857285463,567.2102829983128,2379.978097339479,548.5434512840285,0.1,
beMTPL97,nanoTabPFN-A1B0-s93,A1B0,93,14,4.0,4.000000000000001,1.19885585689078,200,1000,55,0.6545678066147059,0.6288008809211975,470.1117366877796,2249.995893568064,11778.99238887927,1766340.3595255646,580.2949433768654,567.1279339817531,239.7904733243925,1728.412957745642,0.1,
beMTPL97,nanoTabPFN-A1B0-s93,A1B0,93,14,20.0,20.000000000000004,1.19885585689078,200,1000,18,0.6074958065543382,0.567837435856482,672.6701609842003,2713.82179327989,12730.747723103636,62740.62857074687,578.571159217056,560.2954939966171,226.56902308261405,168.92758098271563,0.1,
beMTPL97,nanoTabPFN-A1B0-s93,A1B0,93,14,50.0,49.99999999999999,1.19885585689078,200,1000,7,0.4913690176305355,0.4957044518063378,454.1359623945855,2590.3498641125957,10250.677713656438,52124.532129932086,581.0732611478813,560.6924117174611,230.25485605757655,52.460224819137615,0.1,
beMTPL97,nanoTabPFN-A1B0-s93,A1B0,93,15,1.0,1.0,1.1867769048311116,200,1000,77,2.1104403037075774,2.015827631855549,562.774809031588,2620.351108161397,278604.7128016562,368880.33592738264,545.4721069829633,512.1843297117357,2743.024583517522,367.32468183677,0.1,
beMTPL97,nanoTabPFN-A1B0-s93,A1B0,93,15,4.0,3.999999999999999,1.1867769048311116,200,1000,56,0.5738962791017483,0.544520258829889,522.9735999582665,2247.1785858174608,10257.501970581277,1213998.7767958404,544.5880998279412,517.2759459382762,365.2915474363083,1189.610422446066,0.1,
beMTPL97,nanoTabPFN-A1B0-s93,A1B0,93,15,20.0,19.999999999999996,1.1867769048311116,200,1000,18,0.5153423164380202,0.5005389979664379,597.0205027005968,2754.565198629375,11479.522728368482,61667.37193187481,546.0977428688848,515.7880962823546,277.4354274429169,860.9582248043457,0.1,
beMTPL97,nanoTabPFN-A1B0-s93,A1B0,93,15,50.0,50.0,1.1867769048311116,200,1000,7,0.3925690227345329,0.35892927456391194,720.2990965349645,2645.0268923509066,8625.311043534686,35614.51608952932,551.6974438157163,520.2711767342859,268.9094360361591,93.81507072728175,0.1,
beMTPL97,nanoTabPFN-A1B0-s93,A1B0,93,16,1.0,1.0,1.112564209416503,200,1000,75,2.192953090620875,2.0936358219799636,516.3371962054439,2320.2130026280684,291988.6629817622,412177.68463269004,639.899883745319,711.1628971210164,2897.238485553257,410.674900001213,0.1,
beMTPL97,nanoTabPFN-A1B0-s93,A1B0,93,16,4.0,3.9999999999999996,1.112564209416503,200,1000,52,0.5942685339806836,0.5646264125470396,468.87774118698695,2055.291304532466,9488.904839415305,1297226.5019362965,639.9819773083944,715.8440119480354,431.27476910048154,1284.6047653726187,0.1,
beMTPL97,nanoTabPFN-A1B0-s93,A1B0,93,16,20.0,20.000000000000004,1.112564209416503,200,1000,15,0.598406129121266,0.5902962026110984,483.71507202554403,2536.9521627753406,12386.415789024533,67518.98048412622,639.9665655806169,709.8318843361814,401.75673790378664,122.17018500623625,0.1,
beMTPL97,nanoTabPFN-A1B0-s93,A1B0,93,16,50.0,50.0,1.112564209416503,200,1000,6,0.4670451190585098,0.4501500317938112,610.1614211650754,2694.360414891301,10260.609387352903,40010.045408907565,645.09233390383,715.0956827892816,417.00424414039156,87.0042258279513,0.1,
beMTPL97,nanoTabPFN-A1B0-s93,A1B0,93,17,1.0,1.0,1.1863077029870688,200,1000,65,0.578945819398445,0.5384262932639925,629.3405624947547,2513.0500744410037,11179.601234113492,1049148.4197898398,547.3521806091568,533.6003153169893,411.15158065610984,1039.402777918822,0.1,
beMTPL97,nanoTabPFN-A1B0-s93,A1B0,93,17,4.0,4.0,1.1863077029870688,200,1000,52,0.6919170142100095,0.6520068999297195,572.67818882441,2462.433071079847,13601.855489556552,2095335.7859934736,546.5568627886266,533.817210712683,232.96572774453904,1878.3550122402632,0.1,
beMTPL97,nanoTabPFN-A1B0-s93,A1B0,93,17,20.0,19.999999999999996,1.1863077029870688,200,1000,17,0.7487936086489668,0.643508976186088,1060.473130353596,3179.5885472849172,17183.210613728792,77206.09797216272,582.1587772256289,546.7204542486327,221.2355523965904,84.44658719044901,0.1,
beMTPL97,nanoTabPFN-A1B0-s93,A1B0,93,17,50.0,49.99999999999999,1.1863077029870688,200,1000,7,0.5989931648601927,0.6675387729141197,80.07632119556911,2643.2708021456037,16517.60936356546,113868.7906120855,589.5085631945916,564.6996546473575,230.38103388940985,114.02787185446144,0.1,
beMTPL97,nanoTabPFN-A1B0-s93,A1B0,93,18,1.0,1.0,1.1410922063033329,200,1000,76,2.152983241796322,2.048464951216437,517.0693450656363,2237.543000296721,258293.5537998295,368285.0529259291,558.1331108740126,537.6491651506442,2558.6771550601193,366.88491548134795,0.1,
beMTPL97,nanoTabPFN-A1B0-s93,A1B0,93,18,4.0,4.0,1.1410922063033329,200,1000,55,0.5548157819670609,0.5164113397438135,497.44738438033875,1956.159170803431,8481.242007913655,1139691.9149231974,558.049295563691,539.0677328368572,255.66651051654125,1132.7443315539701,0.1,
beMTPL97,nanoTabPFN-A1B0-s93,A1B0,93,18,20.0,20.0,1.1410922063033329,200,1000,16,0.540983034045724,0.5219101320010067,547.5784719790072,2514.7115176277807,10848.026667997128,56124.94418868233,556.7341395446521,536.9333367332539,652.6035618467193,1011.5246516769145,0.1,
beMTPL97,nanoTabPFN-A1B0-s93,A1B0,93,18,50.0,49.99999999999999,1.1410922063033329,200,1000,6,0.40759278987899805,0.3824767322700845,600.8540001523356,2366.2729720026673,8184.609141299159,31911.610977759192,556.0596210659104,525.4680540485309,255.20447182740608,144.73832063129043,0.1,
beMTPL97,nanoTabPFN-A1B0-s93,A1B0,93,19,1.0,1.0,1.199144405855362,200,1000,72,2.176301731540056,2.0682420912467467,593.9482675337147,2483.463833972345,293573.5423267834,547314.8126100432,666.6275674249099,725.899806578244,2925.968027725363,545.8783426659978,0.1,
beMTPL97,nanoTabPFN-A1B0-s93,A1B0,93,19,4.0,4.0,1.199144405855362,200,1000,55,0.6584238489908213,0.6362071416991952,513.1688955357257,2518.306748371537,13404.847011078004,1824823.5748331088,667.5211409349316,730.8599190505821,406.4395796966642,1789.640160651743,0.1,
beMTPL97,nanoTabPFN-A1B0-s93,A1B0,93,19,20.0,19.999999999999996,1.199144405855362,200,1000,18,0.5803905543677236,0.5544928593782928,637.3724463554527,2848.2023204320867,13064.114499762545,59754.82938357616,666.8024169778482,727.2626919260831,358.15956212627793,460.43700417172033,0.1,
beMTPL97,nanoTabPFN-A1B0-s93,A1B0,93,19,50.0,50.0,1.199144405855362,200,1000,7,0.4314507265189611,0.4351907097832797,567.7487768908895,2920.202238927467,10916.903383141758,50937.54001549502,667.0223593123529,729.8329720635456,368.3420340199006,53.93266749491978,0.1,
beMTPL97,nanoTabPFN-ATB0-s93,ATB0,93,0,1.0,1.0,1.1514043419106743,200,1000,72,2.2309851632445934,2.104678191419798,572.474015594772,2129.4610499054925,273294.14841163065,500411.54785036156,601.2802126823531,625.9532310322478,2729.5826737338202,499.1607484650299,0.1,
beMTPL97,nanoTabPFN-ATB0-s93,ATB0,93,0,4.0,3.9999999999999996,1.1514043419106743,200,1000,54,0.5831952040439099,0.5694195766893408,465.0253382492866,2297.8885407563876,10910.119396354838,1520079.2973784143,601.900427939334,627.0458231925373,394.7465201787253,1489.1244797947493,0.1,
beMTPL97,nanoTabPFN-ATB0-s93,ATB0,93,0,20.0,20.0,1.1514043419106743,200,1000,16,1.0408183237279853,0.9410881344466261,806.8173644840149,2812.769319712691,27386.756302429516,4890543.038690157,611.0282045840297,629.7169714608013,425.337238247111,4842.827934230765,0.1,
beMTPL97,nanoTabPFN-ATB0-s93,ATB0,93,0,50.0,50.0,1.1514043419106743,200,1000,7,0.7893306849791806,0.7102479481454285,1226.6615308899768,4283.232637790321,25859.139973012025,8732348.398793321,660.7896827015628,707.2159945196698,406.35249361842625,9306.431550651138,0.1,
beMTPL97,nanoTabPFN-ATB0-s93,ATB0,93,1,1.0,1.0,1.152550504974234,200,1000,73,2.2545620571424845,2.1288164580368663,560.2794687909682,2139.739637793226,294649.2388079636,456968.72181742726,541.9025853650018,532.9071037674207,2621.429529178926,452.613823139326,0.1,
beMTPL97,nanoTabPFN-ATB0-s93,ATB0,93,1,4.0,4.0,1.152550504974234,200,1000,54,0.5382022639155005,0.5203736884627072,461.57308641860004,2122.4439209282527,9129.89115413338,1282773.9893996844,540.7330909931372,527.8353502000896,260.0788067753946,1275.2530356572047,0.1,
beMTPL97,nanoTabPFN-ATB0-s93,ATB0,93,1,20.0,20.0,1.152550504974234,200,1000,16,0.995738467465892,0.914950233440869,703.6980249222786,2670.5013173314537,25024.967591803023,4092145.1534935464,548.2171403648551,530.1239710635039,309.412050890433,4146.118529225786,0.1,
beMTPL97,nanoTabPFN-ATB0-s93,ATB0,93,1,50.0,50.0,1.152550504974234,200,1000,7,0.760834718451213,0.6383153308060637,1257.9796087163195,3601.579268591908,19544.57772479824,7842489.811330181,617.4218769554221,557.5950351137316,284.35167420985863,8141.026638489498,0.1,
beMTPL97,nanoTabPFN-ATB0-s93,ATB0,93,2,1.0,1.0,1.090320717148085,200,1000,76,2.220301785901957,2.1049107249175902,607.0138998981843,2376.906448010004,316844.6889501569,430734.00049558317,676.71246013323,749.6004523049081,3129.7231312997014,428.9761802350582,0.1,
beMTPL97,nanoTabPFN-ATB0-s93,ATB0,93,2,4.0,3.9999999999999996,1.090320717148085,200,1000,52,0.5215191654941526,0.5015030552732074,531.3341381765979,2295.271059701663,9907.219790250281,1263003.1488212373,673.5255816050808,746.0996875430492,413.1318984948176,1263.0472417455946,0.1,
beMTPL97,nanoTabPFN-ATB0-s93,ATB0,93,2,20.0,19.999999999999996,1.090320717148085,200,1000,14,0.9039108472365046,0.8234741254179436,782.2757754119352,2862.8665690411444,21822.79465409265,3450977.8198052812,678.7036640233752,736.3487833530207,340.997261677411,3466.065736477276,0.1,
beMTPL97,nanoTabPFN-ATB0-s93,ATB0,93,2,50.0,50.0,1.090320717148085,200,1000,5,0.2846798100376155,0.17174651638849514,1439.0111715345383,3486.8463880429904,8420.858977605967,6413943.698786432,761.5563971214699,747.3477235649829,394.7416035331625,6739.511422858024,0.1,
beMTPL97,nanoTabPFN-ATB0-s93,ATB0,93,3,1.0,1.0,1.1660149508271862,200,1000,67,0.5310909419363644,0.4727968502088433,507.7239883427854,1771.1168223965742,7019.547389894658,708937.3323230575,550.0747367700427,554.7777276889167,344.43159059310784,702.1346405814734,0.1,
beMTPL97,nanoTabPFN-ATB0-s93,ATB0,93,3,4.0,4.0,1.1660149508271862,200,1000,53,0.5925790608654149,0.5805971138050601,513.7652367089083,2602.70655321091,12547.183067953238,1607035.5718444446,550.4824681764975,552.077678367777,277.57349372612396,1595.3033271320812,0.1,
beMTPL97,nanoTabPFN-ATB0-s93,ATB0,93,3,20.0,20.0,1.1660149508271862,200,1000,16,1.2275880417084661,1.1337468900118486,856.7789376285764,3252.6294668090177,47887.41095676973,9409093.821447354,566.4450184514735,573.47237093065,494.64353157751145,9518.00414561373,0.1,
beMTPL97,nanoTabPFN-ATB0-s93,ATB0,93,3,50.0,49.99999999999999,1.1660149508271862,200,1000,7,0.9031657158068567,0.8744172118554338,1088.0600697262307,6258.313840840798,53848.71616918563,17453372.293746673,602.7697330480986,775.443482196085,554.0691610731997,18245.942511568013,0.1,
beMTPL97,nanoTabPFN-ATB0-s93,ATB0,93,4,1.0,1.0,1.1947500975366478,200,1000,71,2.07300444099214,1.939200372169833,616.4541617764266,2154.99110649708,189542.06584319382,584206.0155331756,643.3406452557789,713.8312578174693,1918.890665797856,583.1357091894326,0.1,
beMTPL97,nanoTabPFN-ATB0-s93,ATB0,93,4,4.0,4.0,1.1947500975366478,200,1000,54,0.5816632376869559,0.5676653710119831,514.5809193085657,2533.186004065311,11815.78159444097,1745324.469652957,643.0269248791537,709.0514680571421,382.434032102268,1727.7368230732577,0.1,
beMTPL97,nanoTabPFN-ATB0-s93,ATB0,93,4,20.0,20.000000000000004,1.1947500975366478,200,1000,18,1.0862752895172436,0.9925529849108204,904.5963063961638,3316.178593987328,35865.26533537657,6531371.529654516,662.6358803852421,715.4715719480876,411.56470713950046,6647.83613287404,0.1,
beMTPL97,nanoTabPFN-ATB0-s93,ATB0,93,4,50.0,49.99999999999999,1.1947500975366478,200,1000,7,0.8568624161605533,0.7762897249364153,1309.704195990069,4797.465634629747,33795.506432203845,12610193.79272513,729.6167836836956,786.3219046834572,417.16094029355133,12917.506713632827,0.1,
beMTPL97,nanoTabPFN-ATB0-s93,ATB0,93,5,1.0,1.0,1.17920926398348,200,1000,71,2.234588140771531,2.132539103680782,679.5151664543778,2937.251288897033,403901.48491025274,753328.6043797542,557.6546947030376,545.6875679597322,3782.61320450629,749.5226013330431,0.1,
beMTPL97,nanoTabPFN-ATB0-s93,ATB0,93,5,4.0,3.9999999999999996,1.17920926398348,200,1000,54,0.6350228647013264,0.6282432102349402,625.1601719051961,3461.428202678426,18044.26396835041,2413955.0319176717,556.8276947205095,569.4470390671156,337.81185595405856,2330.5869018463577,0.1,
beMTPL97,nanoTabPFN-ATB0-s93,ATB0,93,5,20.0,20.0,1.17920926398348,200,1000,17,1.10818230625754,1.0146388917425893,1090.4309850111053,3987.870186789107,45266.65599036026,8231701.650272213,584.5115832700232,597.3446554317267,482.1166290127601,8100.304900027596,0.1,
beMTPL97,nanoTabPFN-ATB0-s93,ATB0,93,5,50.0,50.0,1.17920926398348,200,1000,7,0.8449465155240197,0.7765050186556899,1579.2546350813482,6277.831289765105,44680.80401614652,14810239.671423702,694.3676747259428,752.798073935979,455.0397305146184,15522.672846299032,0.1,
beMTPL97,nanoTabPFN-ATB0-s93,ATB0,93,6,1.0,1.0,1.1962916839464397,200,1000,69,0.637485251056303,0.5557110650580122,544.1853158436504,1817.451253561312,8025.366735907103,632263.3185537201,623.2356396224025,670.2878991356984,1508.8231603162358,605.8907717154708,0.1,
beMTPL97,nanoTabPFN-ATB0-s93,ATB0,93,6,4.0,4.000000000000001,1.1962916839464397,200,1000,54,0.6391132840508983,0.6330615632923582,507.3068024999619,2810.0464325861512,15028.231317078868,2102307.2530785035,623.186540098812,672.7232547090659,355.1692552797252,1764.795337119673,0.1,
beMTPL97,nanoTabPFN-ATB0-s93,ATB0,93,6,20.0,20.000000000000004,1.1962916839464397,200,1000,18,1.1876076622263874,1.0944649129330655,855.3304742107794,3261.827302408361,43256.5325098148,7826077.768200636,635.1313498073783,685.1489527603329,456.11331588209123,7825.8446074410895,0.1,
beMTPL97,nanoTabPFN-ATB0-s93,ATB0,93,6,50.0,50.0,1.1962916839464397,200,1000,7,0.8623079285089282,0.7882871815293455,1428.49135311986,5377.308503938585,38704.96603946293,14415577.70224927,722.4188323060632,806.2222783923174,420.13835011504426,14767.489560265558,0.1,
beMTPL97,nanoTabPFN-ATB0-s93,ATB0,93,7,1.0,1.0,1.178082984774905,200,1000,69,2.000516877590796,1.8795859796388126,640.5153322058759,2404.910561955925,186621.94667296403,779390.4949476563,511.938824907556,481.68959448859766,1821.596275885221,776.6314609924357,0.1,
beMTPL97,nanoTabPFN-ATB0-s93,ATB0,93,7,4.0,3.9999999999999996,1.178082984774905,200,1000,54,0.6562784671211264,0.6468296541006352,610.1534874208565,3382.298099588428,18411.878467366754,2484634.9049847806,511.8562276260508,508.31121299942123,256.8074720343578,2430.6640111782717,0.1,
beMTPL97,nanoTabPFN-ATB0-s93,ATB0,93,7,20.0,20.0,1.178082984774905,200,1000,17,1.1673072366625612,1.075623423926559,1088.6105057596174,4127.422044343994,53290.359608376,9505261.9169651,547.6315826242429,551.7583761365308,527.3246796209519,9314.108214134812,0.1,
beMTPL97,nanoTabPFN-ATB0-s93,ATB0,93,7,50.0,50.0,1.178082984774905,200,1000,7,0.8195249009159908,0.7432761351457062,1781.3522649012175,6528.427192588619,43113.47185438778,15969389.881017163,730.4991770369536,721.9033027767794,462.26800426846853,16390.140772494025,0.1,
beMTPL97,nanoTabPFN-ATB0-s93,ATB0,93,8,1.0,1.0,1.0548697235269866,200,1000,79,2.1223603414249634,2.0259941347375157,474.632043340505,2292.148918262535,249069.25834943203,321276.94355447544,533.77689623964,513.2257490612982,2455.0711629511798,319.8101950157982,0.1,
beMTPL97,nanoTabPFN-ATB0-s93,ATB0,93,8,4.0,4.0,1.0548697235269866,200,1000,48,0.49522762159779987,0.469864464338869,490.1297635345622,2061.1095982420284,8114.179353818089,981160.7584165039,532.8836126501212,513.6677679561194,263.52533714786887,974.8143358445286,0.1,
beMTPL97,nanoTabPFN-ATB0-s93,ATB0,93,8,20.0,20.0,1.0548697235269866,200,1000,11,0.6670348749353595,0.6205176479194153,639.5475868883606,2574.602675780132,13362.12336395404,1380400.641412925,532.6663274723463,511.59275248870796,238.8103677139996,1530.123193651447,0.1,
beMTPL97,nanoTabPFN-ATB0-s93,ATB0,93,8,50.0,49.99999999999999,1.0548697235269866,200,1000,4,0.05653337964803036,-0.058730173358913534,1113.411633276556,2485.2593466848152,4666.370182315268,4696315.252447439,570.500394245036,511.17270659678223,299.0344996266267,5042.600553005575,0.1,
beMTPL97,nanoTabPFN-ATB0-s93,ATB0,93,9,1.0,1.0,1.1134333759127413,200,1000,80,2.073063363932463,1.9898522214573637,492.950072911338,2499.6315461034783,245992.56534891552,306296.5713314091,586.5474130028229,618.283720796509,2449.1187702355264,304.99811636441706,0.1,
beMTPL97,nanoTabPFN-ATB0-s93,ATB0,93,9,4.0,4.0,1.1134333759127413,200,1000,54,0.5381229632718446,0.5069156247770573,515.701872067222,2150.837323131903,9115.797916268024,1018440.7013024623,586.9114033237697,620.2514465622996,337.2443678151377,1015.5110626239672,0.1,
beMTPL97,nanoTabPFN-ATB0-s93,ATB0,93,9,20.0,20.000000000000004,1.1134333759127413,200,1000,15,0.655091049647594,0.5915426774722535,687.259007936581,2472.4843276585407,12304.328016209529,1291993.424030113,593.4208807911696,620.5045218363572,296.4307185358684,1468.3780068485453,0.1,
beMTPL97,nanoTabPFN-ATB0-s93,ATB0,93,9,50.0,50.00000000000001,1.1134333759127413,200,1000,6,0.23306869835725805,0.10548957972476772,1099.151185496249,2492.1013340004924,5773.018599474684,3860340.617935096,636.1519880692987,622.1739447470736,357.1021806843436,4326.547383362508,0.1,
beMTPL97,nanoTabPFN-ATB0-s93,ATB0,93,10,1.0,1.0,1.1662472339322185,200,1000,75,2.2169204582004496,2.1038104151606123,658.98824991183,2684.9883024428336,354209.06595156016,488195.80778934865,563.8421970899673,558.8010098512513,3471.503041995753,486.30810626020366,0.1,
beMTPL97,nanoTabPFN-ATB0-s93,ATB0,93,10,4.0,3.9999999999999996,1.1662472339322185,200,1000,56,0.5463187466569007,0.533390216068287,538.0833982800063,2554.0763928263004,11422.173594840788,1492115.730787333,567.1321848837582,561.5718106202748,257.8354959058911,1405.3680500242474,0.1,
beMTPL97,nanoTabPFN-ATB0-s93,ATB0,93,10,20.0,20.0,1.1662472339322185,200,1000,17,0.8680000604325018,0.7877167148611826,861.4883214211598,3165.7227932292435,22423.31054906652,3675254.0347972605,571.9119634937737,561.1912149485952,274.06515309831843,3671.4419575427146,0.1,
beMTPL97,nanoTabPFN-ATB0-s93,ATB0,93,10,50.0,50.0,1.1662472339322185,200,1000,7,0.7424003666284473,0.6012927411424002,1372.4006310838167,3715.844655662313,19343.35372821374,8014247.777636737,639.8114327112679,586.3418494279508,260.7445352577625,8351.7934137334,0.1,
beMTPL97,nanoTabPFN-ATB0-s93,ATB0,93,11,1.0,1.0,1.0574236675112725,200,1000,77,2.147957076567096,2.0555679498219925,513.5252097594934,2433.3388098902087,279787.352881648,355966.44647774426,475.8321198995106,433.38785226544286,2781.4839679564293,354.8263596710123,0.1,
beMTPL97,nanoTabPFN-ATB0-s93,ATB0,93,11,4.0,4.0,1.0574236675112725,200,1000,47,0.5302842981925058,0.505259969265831,491.1422739141842,2121.9031394487965,8942.36202249425,1082046.3273923397,477.4844596920461,444.20193079450854,190.3208780348931,1040.8581060127349,0.1,
beMTPL97,nanoTabPFN-ATB0-s93,ATB0,93,11,20.0,19.999999999999996,1.0574236675112725,200,1000,11,0.8340007483187255,0.7666413372701744,659.3235412993929,2561.5692622336146,17731.13830604333,2841734.9509747736,483.77688042385284,439.82003709254036,210.326243306701,2757.016764576445,0.1,
beMTPL97,nanoTabPFN-ATB0-s93,ATB0,93,11,50.0,50.0,1.0574236675112725,200,1000,5,0.10935917652067728,-0.01677455254104674,1224.621265281231,2722.3061940050493,5347.835617467756,6065391.443568026,553.9683864686066,438.15775325848307,228.64429279167913,6362.175779320364,0.1,
beMTPL97,nanoTabPFN-ATB0-s93,ATB0,93,12,1.0,1.0,1.1358884885893301,200,1000,76,2.178487146746478,2.0706972480035115,487.8239291607039,2007.479771632388,242293.66248185266,350602.72316436656,624.8117950105693,657.1912170689965,2392.6623902319056,349.0346124625502,0.1,
beMTPL97,nanoTabPFN-ATB0-s93,ATB0,93,12,4.0,4.0,1.1358884885893301,200,1000,55,0.5351278101948498,0.5086334223914553,445.5029355377408,1894.1255636452688,8033.979968578031,1037669.0314528078,625.7019036238947,669.3851786735299,359.8348102731301,966.3034289326239,0.1,
beMTPL97,nanoTabPFN-ATB0-s93,ATB0,93,12,20.0,20.0,1.1358884885893301,200,1000,16,0.8273075084531063,0.7557700243832441,646.7431999615321,2434.597273222431,16336.170648927779,2447183.012777008,626.5762395433476,648.8369889932626,300.7950940256566,2399.233797560688,0.1,
beMTPL97,nanoTabPFN-ATB0-s93,ATB0,93,12,50.0,49.99999999999999,1.1358884885893301,200,1000,6,0.739369213068641,0.6018620976038089,1074.6997416129739,2837.549527174462,14474.058283640834,5672983.166265255,657.6879213427878,649.7451157306152,334.59720110794154,5961.877267086519,0.1,
beMTPL97,nanoTabPFN-ATB0-s93,ATB0,93,13,1.0,1.0,1.1732770051831836,200,1000,68,0.5625191128383175,0.5046440986928077,518.5997387240222,1844.7104711177935,7783.795913563032,659151.9264059193,568.2447317022682,579.8831444687165,669.8347201930816,650.397857844774,0.1,
beMTPL97,nanoTabPFN-ATB0-s93,ATB0,93,13,4.0,4.0,1.1732770051831836,200,1000,53,0.6244739070728177,0.6079399432469034,500.46678114974384,2516.148697925376,12732.155341668516,1827948.371490739,568.6283959586699,570.196517727492,259.02725439614085,1819.542592515754,0.1,
beMTPL97,nanoTabPFN-ATB0-s93,ATB0,93,13,20.0,20.000000000000004,1.1732770051831836,200,1000,17,1.2162393980108195,1.124562595413537,822.3790335124252,3189.665638204021,45029.58424178172,8325553.76020279,584.5989990599409,580.531559979214,476.9248089771638,8426.546072486506,0.1,
beMTPL97,nanoTabPFN-ATB0-s93,ATB0,93,13,50.0,50.0,1.1732770051831836,200,1000,7,0.8844462480516372,0.8280025067408647,1266.35201769974,5540.345660992665,42940.79455777264,15098423.885821775,648.6303061401951,721.2720633195132,459.1776163981429,15661.151832724063,0.1,
beMTPL97,nanoTabPFN-ATB0-s93,ATB0,93,14,1.0,1.0,1.19885585689078,200,1000,71,2.1195432642767025,1.983807319816983,572.3031599735866,1976.9026724549299,192018.40044163447,545173.0434353184,577.3447383921341,572.2556082437243,1817.168465991166,542.1058296320266,0.1,
beMTPL97,nanoTabPFN-ATB0-s93,ATB0,93,14,4.0,4.000000000000001,1.19885585689078,200,1000,55,0.6049921971969272,0.5906289151260234,470.3127724163983,2391.213306949796,11740.768763147847,1687995.354206201,580.3381170061207,569.8114061471404,259.39254804338725,1487.3817354968498,0.1,
beMTPL97,nanoTabPFN-ATB0-s93,ATB0,93,14,20.0,20.000000000000004,1.19885585689078,200,1000,18,1.1056336461393874,1.0089019848556695,797.4423821121584,2900.9986518536743,32827.45755698487,6178302.780410556,584.710471995445,560.713769884898,324.60125460910587,6066.484770120889,0.1,
beMTPL97,nanoTabPFN-ATB0-s93,ATB0,93,14,50.0,49.99999999999999,1.19885585689078,200,1000,7,0.9128111846920471,0.8474017105309797,1008.726352927491,4221.461497676705,34882.749525264226,11990293.495247679,604.9138992035407,619.3738288051198,350.1492510533585,12126.353699394249,0.1,
beMTPL97,nanoTabPFN-ATB0-s93,ATB0,93,15,1.0,1.0,1.1867769048311116,200,1000,77,2.1278933230018464,2.0336989118976505,563.0985887577788,2647.056810864107,288444.0709436501,369864.3253545101,545.8062813292099,512.194673611646,2845.2507565160513,368.3469867848447,0.1,
beMTPL97,nanoTabPFN-ATB0-s93,ATB0,93,15,4.0,3.999999999999999,1.1867769048311116,200,1000,56,0.522045432615523,0.5005186469995924,503.6229256259199,2214.121737025555,9326.833319573889,1135354.9354652483,545.3388396927272,516.8560773568175,267.1443741602815,1089.493378051213,0.1,
beMTPL97,nanoTabPFN-ATB0-s93,ATB0,93,15,20.0,19.999999999999996,1.1867769048311116,200,1000,18,0.7511257159305634,0.6712666693538224,768.806042960992,2644.0414204357503,14941.401120299073,1827799.811427258,553.1031937497214,514.1478370896591,289.74390178922494,1942.0799383755289,0.1,
beMTPL97,nanoTabPFN-ATB0-s93,ATB0,93,15,50.0,50.0,1.1867769048311116,200,1000,7,0.7996870708508592,0.6615467566193234,1076.7511660879914,2876.088122400568,16353.989417488683,7002195.89770538,580.2536437595566,517.2351883892786,316.61478009567156,7288.451973905645,0.1,
beMTPL97,nanoTabPFN-ATB0-s93,ATB0,93,16,1.0,1.0,1.112564209416503,200,1000,75,2.236880585100945,2.1175866004295743,550.0981698131116,2147.511239275381,285530.589012166,411532.456822498,640.6200685984525,713.3574064511407,2824.911337782173,409.95160258074395,0.1,
beMTPL97,nanoTabPFN-ATB0-s93,ATB0,93,16,4.0,3.9999999999999996,1.112564209416503,200,1000,52,0.5375867694572609,0.5133825803772687,466.8760255129385,2041.428628876211,8681.890427935594,1168204.7815575027,639.7063080978545,715.2804966803501,443.5984115743337,1136.4992684137374,0.1,
beMTPL97,nanoTabPFN-ATB0-s93,ATB0,93,16,20.0,20.000000000000004,1.112564209416503,200,1000,15,0.9350353509084234,0.8511104440268342,726.761918023461,2651.2848887732544,21734.983328410373,3668043.9962243135,650.6583243504618,710.16049558634,364.5962110450773,3649.9697581206824,0.1,
beMTPL97,nanoTabPFN-ATB0-s93,ATB0,93,16,50.0,50.0,1.112564209416503,200,1000,6,0.724599158224383,0.5854768962843276,1283.9001430188441,3391.412468904993,16921.39464665865,6314298.992135274,720.9381268083476,727.9269027710952,385.3900498593142,6667.095039673777,0.1,
beMTPL97,nanoTabPFN-ATB0-s93,ATB0,93,17,1.0,1.0,1.1863077029870688,200,1000,65,0.5351601529448731,0.4839807421920485,603.7822242094283,2189.590448405519,8899.201540397993,968991.1291573894,546.9480810610173,533.9267873930726,282.9614156022072,932.1673075092556,0.1,
beMTPL97,nanoTabPFN-ATB0-s93,ATB0,93,17,4.0,4.0,1.1863077029870688,200,1000,52,0.5842578447948521,0.5794338053532487,590.8794219679903,3151.4643914679045,15087.75416671154,1573859.8299652678,546.7015271277421,546.9579470052294,217.8369500970572,1496.14851184121,0.1,
beMTPL97,nanoTabPFN-ATB0-s93,ATB0,93,17,20.0,19.999999999999996,1.1863077029870688,200,1000,17,1.2381947302655834,1.1628237726440287,1116.7120679222926,4922.399228695322,77296.59258778242,14416548.51542439,592.1647130391067,645.6581560517044,783.3478162151362,14671.76615455392,0.1,
beMTPL97,nanoTabPFN-ATB0-s93,ATB0,93,17,50.0,49.99999999999999,1.1863077029870688,200,1000,7,0.9183438568804914,0.8943723039569157,1518.0670878629035,8979.968878582547,79256.10544707024,26202946.287275843,696.7157947930225,950.0053688408486,833.1112913438245,27375.726557515613,0.1,
beMTPL97,nanoTabPFN-ATB0-s93,ATB0,93,18,1.0,1.0,1.1410922063033329,200,1000,76,2.182744095646474,2.0680808535907724,534.4642585439832,2162.6941809562436,259878.63179146696,368443.1848012053,559.3066025757804,537.8394628442251,2570.385491482582,367.00203341025,0.1,
beMTPL97,nanoTabPFN-ATB0-s93,ATB0,93,18,4.0,4.0,1.1410922063033329,200,1000,55,0.5339329735631493,0.5059745683208491,488.2412139429709,2024.908249881561,8719.519210998795,1101657.3867956542,558.7177124086919,539.9260865342034,255.1494569728846,1064.01817178108,0.1,
beMTPL97,nanoTabPFN-ATB0-s93,ATB0,93,18,20.0,20.0,1.1410922063033329,200,1000,16,0.8548111141552329,0.7683349581178366,677.3531418092534,2374.8158502141014,16261.138362912863,2432064.5326620014,557.8013435843797,534.5573774864397,266.05906254138006,2571.126954063124,0.1,
beMTPL97,nanoTabPFN-ATB0-s93,ATB0,93,18,50.0,49.99999999999999,1.1410922063033329,200,1000,6,0.6934022123013707,0.5437394416447031,1117.480699263072,2903.5531255482183,13739.027478022583,5843021.556398341,590.4357187618382,537.2326477108777,293.7550290868478,6396.294579464818,0.1,
beMTPL97,nanoTabPFN-ATB0-s93,ATB0,93,19,1.0,1.0,1.199144405855362,200,1000,72,2.2182446603994346,2.0847308326071547,639.0392489741673,2264.093451624445,277132.6231696748,545670.6699586791,666.928173370871,727.8245887658005,2737.1189416063403,543.9900628190015,0.1,
beMTPL97,nanoTabPFN-ATB0-s93,ATB0,93,19,4.0,4.0,1.199144405855362,200,1000,55,0.5791426330888179,0.5685529985290109,507.6472583272408,2572.784676098904,12214.490561511866,1686048.9691631123,667.4133315574943,732.1026927504782,377.3743293803075,1592.0048243572678,0.1,
beMTPL97,nanoTabPFN-ATB0-s93,ATB0,93,19,20.0,19.999999999999996,1.199144405855362,200,1000,18,0.9686629758659749,0.870381843657725,901.9698635067305,3081.558784853916,25873.32430732168,4797523.628185499,676.5210739664722,731.5719131935699,333.2146004668562,4995.154770623962,0.1,
beMTPL97,nanoTabPFN-ATB0-s93,ATB0,93,19,50.0,50.0,1.199144405855362,200,1000,7,0.8001855281671254,0.7088357840618074,1274.0885062256516,4217.222572349229,25512.9889191256,10384942.537030412,723.2924498982765,787.9904923245884,356.6327651741572,11066.200412392729,0.1,
beMTPL97,nanoTabPFN-ACB0-s93,ACB0,93,0,1.0,1.0,1.1514043419106743,200,1000,72,1.9587081869091028,1.8718500027030995,435.30181700562434,1967.8498476048153,147276.65006633615,487811.0702410067,601.4158382025147,629.8473838652008,1578.985953877749,487.6243269643464,0.1,
beMTPL97,nanoTabPFN-ACB0-s93,ACB0,93,0,4.0,3.9999999999999996,1.1514043419106743,200,1000,54,0.45943332615950083,0.4441525778327942,462.85957222417017,2045.9687967762807,7696.556163219488,1498245.3217004654,601.3530369476127,628.1696927523145,483.8379167461559,1491.1780932566685,0.1,
beMTPL97,nanoTabPFN-ACB0-s93,ACB0,93,0,20.0,20.0,1.1514043419106743,200,1000,16,0.3477006869854537,0.32459156115350385,737.6882675386419,2797.916908907232,8701.456884408057,29279.863113981755,605.7704633134477,628.7999727219192,398.1577035368781,1051.7158011930296,0.1,
beMTPL97,nanoTabPFN-ACB0-s93,ACB0,93,0,50.0,50.0,1.1514043419106743,200,1000,7,0.6509993354895826,0.6127013466143636,430.25920428377594,1891.5694999889083,9425.752863123818,24782.749349299913,602.3149295820464,628.6461454824312,383.5365148393939,174.16082326762518,0.1,
beMTPL97,nanoTabPFN-ACB0-s93,ACB0,93,1,1.0,1.0,1.152550504974234,200,1000,73,1.629742190039832,1.5506423763658113,329.03685138329405,1917.9896074828812,69825.43492924736,434488.0298464424,541.8664480691504,534.0146834102306,856.1685264517754,434.39396889239623,0.1,
beMTPL97,nanoTabPFN-ACB0-s93,ACB0,93,1,4.0,4.0,1.152550504974234,200,1000,54,0.4722583145204972,0.47205361866487405,407.20197649484953,2082.4477809292184,8107.708935006509,1386078.8167497837,540.4566391804144,526.8836968714104,357.9122122463217,1371.4344019550915,0.1,
beMTPL97,nanoTabPFN-ACB0-s93,ACB0,93,1,20.0,20.0,1.152550504974234,200,1000,16,0.2549586791012211,0.252027403473149,656.2560026313852,2635.4551805514375,7386.324909471114,18380.76800189865,545.1330511763963,525.6148213729698,298.8835383250838,462.4958014907696,0.1,
beMTPL97,nanoTabPFN-ACB0-s93,ACB0,93,1,50.0,50.0,1.152550504974234,200,1000,7,0.631118149446797,0.5843430543518953,432.5695765733881,1617.640070130909,8284.350877928282,19245.493502370657,539.390661229477,551.0785942824104,265.3219288196659,122.15957016539221,0.1,
beMTPL97,nanoTabPFN-ACB0-s93,ACB0,93,2,1.0,1.0,1.090320717148085,200,1000,76,1.9300311827225023,1.783619069132581,636.8464340944344,1973.4747837584446,119868.92687551814,411041.8754052432,690.069608972331,750.9954930315297,1427.080138027906,408.88615977758576,0.1,
beMTPL97,nanoTabPFN-ACB0-s93,ACB0,93,2,4.0,3.9999999999999996,1.090320717148085,200,1000,52,0.35169194304620965,0.3006856893790652,555.7335374372603,2068.557248125285,6497.044907113323,865466.5763256829,676.2265565021895,748.4731006496795,479.08663421669667,840.7971554635097,0.1,
beMTPL97,nanoTabPFN-ACB0-s93,ACB0,93,2,20.0,19.999999999999996,1.090320717148085,200,1000,14,0.19715933526385038,0.20037887093813847,691.5762326302734,2723.581020591393,7214.022779970954,16051.122662708622,678.3526453938803,736.8359860923977,466.10030900649343,244.9846204840426,0.1,
beMTPL97,nanoTabPFN-ACB0-s93,ACB0,93,2,50.0,50.0,1.090320717148085,200,1000,5,0.40132759684476527,0.385301825330689,569.784914243598,2364.6201928458418,8051.218112584807,16696.062762742436,673.0626763157713,743.9403138664486,446.2883986902066,231.61578456709015,0.1,
beMTPL97,nanoTabPFN-ACB0-s93,ACB0,93,3,1.0,1.0,1.1660149508271862,200,1000,67,0.5185479102690831,0.5243189992241171,357.5789326627097,2229.2850108181915,9630.56472615165,780772.4323412739,550.7570498551719,547.5733638587941,1258.869401791048,779.6959165767797,0.1,
beMTPL97,nanoTabPFN-ACB0-s93,ACB0,93,3,4.0,4.0,1.1660149508271862,200,1000,53,0.752748410326335,0.7171499417258135,452.83495287777487,2134.1369433734,13269.182062495098,2665472.95586248,549.0467929892244,550.6146203836757,787.8374370282258,2628.200146925553,0.1,
beMTPL97,nanoTabPFN-ACB0-s93,ACB0,93,3,20.0,20.0,1.1660149508271862,200,1000,16,0.6873877948583413,0.6147466725454092,789.9192756185116,2908.9092768503697,15479.561446833695,33333.800981168286,560.1439915527831,585.0780369905099,362.96936152934563,710.0390740812935,0.1,
beMTPL97,nanoTabPFN-ACB0-s93,ACB0,93,3,50.0,49.99999999999999,1.1660149508271862,200,1000,7,0.5227745451271002,0.5884737195134407,98.35932414088074,1843.1970312884787,9119.657441726271,44370.634680454605,577.1622541901886,558.8545240801664,317.50927454928296,97.68708347767574,0.1,
beMTPL97,nanoTabPFN-ACB0-s93,ACB0,93,4,1.0,1.0,1.1947500975366478,200,1000,71,2.190470942821709,2.135917728681877,320.3776193760943,2332.2123368211032,320009.49624244217,597255.535687973,647.6409647322163,710.5129423999849,3286.7803600394363,596.8145082037305,0.1,
beMTPL97,nanoTabPFN-ACB0-s93,ACB0,93,4,4.0,4.0,1.1947500975366478,200,1000,54,0.5975250694811726,0.59053858837194,450.0379267907565,2408.074636350402,11732.474433420997,2057980.134760879,644.1945037518822,709.7511379404754,412.2098838906566,2048.551005210989,0.1,
beMTPL97,nanoTabPFN-ACB0-s93,ACB0,93,4,20.0,20.000000000000004,1.1947500975366478,200,1000,18,0.39772787302328616,0.3841550581950946,788.3214782251587,3362.5244947823458,11460.243871360077,35954.08627998131,651.1044624555587,717.7409648161374,378.8164326795621,847.3836380834646,0.1,
beMTPL97,nanoTabPFN-ACB0-s93,ACB0,93,4,50.0,49.99999999999999,1.1947500975366478,200,1000,7,0.732112376269498,0.7150492677422117,447.6208223943222,2434.929482747053,15095.958931275974,31136.380734717557,643.8915194358592,710.3343498913254,365.64462995709965,112.13821007642052,0.1,
beMTPL97,nanoTabPFN-ACB0-s93,ACB0,93,5,1.0,1.0,1.17920926398348,200,1000,71,2.2089237322784188,2.0844550517413665,721.5751372537308,2640.4598278195094,325566.9575735701,745497.4523488696,557.5531018817176,583.8526387623684,3150.5758666039033,742.9877102909395,0.1,
beMTPL97,nanoTabPFN-ACB0-s93,ACB0,93,5,4.0,3.9999999999999996,1.17920926398348,200,1000,54,0.5708823330674958,0.5069945924199032,752.7627865772778,2583.6848951130914,10945.13159414016,2316740.2732384047,559.0195170808928,540.1824641970559,709.7070640959394,2221.2983341896215,0.1,
beMTPL97,nanoTabPFN-ACB0-s93,ACB0,93,5,20.0,20.0,1.17920926398348,200,1000,17,0.5114938199299427,0.45529569207055354,1028.300955240698,3707.7971541983197,14201.682030353653,36831.43879203512,579.0501737270972,583.2619242566828,349.51742679244285,1198.0677771027638,0.1,
beMTPL97,nanoTabPFN-ACB0-s93,ACB0,93,5,50.0,50.0,1.17920926398348,200,1000,7,0.7305349848538671,0.7148910180834961,472.0161957142245,2115.928652927024,15130.966394496427,37736.120524435595,555.5372103685005,553.1390413874965,271.74433571753616,101.42196490359878,0.1,
beMTPL97,nanoTabPFN-ACB0-s93,ACB0,93,6,1.0,1.0,1.1962916839464397,200,1000,69,0.5341018518090934,0.49230544657873915,490.30229121611154,1893.4972188464849,7847.004582713736,631989.4551024216,623.1860125576461,728.2643799022474,1404.830861653549,627.8202622343056,0.1,
beMTPL97,nanoTabPFN-ACB0-s93,ACB0,93,6,4.0,4.000000000000001,1.1962916839464397,200,1000,54,0.6670846190945007,0.5993467964085952,587.0869553991007,2055.6518890004027,10201.06038523887,2068819.3288337584,623.1554493588267,669.259602942484,653.1648317264184,2004.2781295075852,0.1,
beMTPL97,nanoTabPFN-ACB0-s93,ACB0,93,6,20.0,20.000000000000004,1.1962916839464397,200,1000,18,0.6578728319816605,0.574600293760975,857.1680107098939,2650.5006518370574,12858.612796576755,55185.70428361319,634.641321704812,668.9423453419763,372.53461445528404,1808.7968168695036,0.1,
beMTPL97,nanoTabPFN-ACB0-s93,ACB0,93,6,50.0,50.0,1.1962916839464397,200,1000,7,0.8069902851525524,0.798247506822179,319.87444100463017,1753.463323581048,15596.340914057428,36647.820177733665,625.9200882813934,665.8136890916783,313.29937107795433,71.48579104990876,0.1,
beMTPL97,nanoTabPFN-ACB0-s93,ACB0,93,7,1.0,1.0,1.178082984774905,200,1000,69,2.349948249256377,2.2253800336218874,715.8139904676914,2628.8969793268197,439754.3188678858,804701.7450910376,512.3999820919385,483.5866931588454,4382.4792707714905,803.4880260420784,0.1,
beMTPL97,nanoTabPFN-ACB0-s93,ACB0,93,7,4.0,3.9999999999999996,1.178082984774905,200,1000,54,0.7400784354774219,0.6646485653393183,686.7355494885834,2430.03091760627,13740.983488458602,2613759.3804510767,512.6997241295985,481.6515300331933,484.1399996673955,2564.512892521797,0.1,
beMTPL97,nanoTabPFN-ACB0-s93,ACB0,93,7,20.0,20.0,1.178082984774905,200,1000,17,0.4957296560195132,0.4727180163836494,997.0763275408017,4242.599912427684,16744.73072797995,39287.582400670915,535.2022879226699,575.4581450716371,246.18959155759586,776.3465114994,0.1,
beMTPL97,nanoTabPFN-ACB0-s93,ACB0,93,7,50.0,50.0,1.178082984774905,200,1000,7,0.8448654846847541,0.8388520040953595,402.27442058788256,2155.74850662219,22810.683766372807,46519.45111323657,513.0266430007513,484.59674422217876,264.0310057002347,65.62631188131543,0.1,
beMTPL97,nanoTabPFN-ACB0-s93,ACB0,93,8,1.0,1.0,1.0548697235269866,200,1000,79,1.9108844733169972,1.7980985973105938,556.9915514203799,1999.9242129188951,126530.13698899775,309023.4137742961,537.9759470284267,513.1495241673302,1235.317450640493,307.58296251170464,0.1,
beMTPL97,nanoTabPFN-ACB0-s93,ACB0,93,8,4.0,4.0,1.0548697235269866,200,1000,48,0.16064503415187167,0.19173027561193132,462.9510426001195,2156.502520062113,5501.883678958035,972039.9886382397,533.3385435719897,511.2855973985698,293.31737078133517,947.6056551404081,0.1,
beMTPL97,nanoTabPFN-ACB0-s93,ACB0,93,8,20.0,20.0,1.0548697235269866,200,1000,11,-0.1167524618363717,-0.06444573431965456,635.4357504995836,2578.371147854109,4802.158627184224,7591.308502708493,532.5859701559516,511.24628271066643,303.54419073669857,207.03208751014864,0.1,
beMTPL97,nanoTabPFN-ACB0-s93,ACB0,93,8,50.0,49.99999999999999,1.0548697235269866,200,1000,4,0.11482719928726741,0.12620282965382235,617.6035036702929,2420.2654991835448,5665.810565833838,9133.836577615684,532.1004709500537,510.62053553633154,288.0470610645827,182.3761584336693,0.1,
beMTPL97,nanoTabPFN-ACB0-s93,ACB0,93,9,1.0,1.0,1.1134333759127413,200,1000,80,1.8576001552788803,1.7411069480023615,566.8141982676112,1985.0803828708345,110676.70033901696,292765.0775525059,588.1715274593823,619.9633739638268,1177.6063547357903,292.28095250720855,0.1,
beMTPL97,nanoTabPFN-ACB0-s93,ACB0,93,9,4.0,4.0,1.1134333759127413,200,1000,54,0.12085446825378486,0.11233984862103003,547.9978998431109,1922.9235989315546,4413.752220492545,733784.513177433,589.2523138380992,622.5556076726317,546.761309475664,752.6626662685429,0.1,
beMTPL97,nanoTabPFN-ACB0-s93,ACB0,93,9,20.0,20.000000000000004,1.1134333759127413,200,1000,15,-0.07443330117188121,-0.05730876719919448,730.7000807704674,2528.8618806265663,4750.137691132093,9140.919092579357,596.5065791366717,621.9997914293446,404.7555789323662,366.50937132724385,0.1,
beMTPL97,nanoTabPFN-ACB0-s93,ACB0,93,9,50.0,50.00000000000001,1.1134333759127413,200,1000,6,0.09083620731522048,0.08873878880042985,640.8280934213208,2270.774414309703,5098.038094961785,8759.244033358194,591.4096340632015,619.1776167572777,394.2277387322024,258.08876332941554,0.1,
beMTPL97,nanoTabPFN-ACB0-s93,ACB0,93,10,1.0,1.0,1.1662472339322185,200,1000,75,2.0114451714839476,1.8996878787875775,679.132893774398,2604.6570180559725,209016.33251425775,473676.52907155117,559.8789474541065,555.5564890999032,2039.7821852385975,471.98475370094394,0.1,
beMTPL97,nanoTabPFN-ACB0-s93,ACB0,93,10,4.0,3.9999999999999996,1.1662472339322185,200,1000,56,0.2833046037579385,0.28766877618712644,570.6265898932221,2484.6020650650717,7327.625743026269,1295125.4704175857,564.0791478836627,555.009063109897,288.3361318431253,1276.6514647776019,0.1,
beMTPL97,nanoTabPFN-ACB0-s93,ACB0,93,10,20.0,20.0,1.1662472339322185,200,1000,17,0.18091545439517234,0.18760796949631806,802.6308188787107,3237.023136286027,8210.334368601338,20625.92794158304,567.3117410312839,564.3076877462419,265.45863870723707,554.8897035928441,0.1,
beMTPL97,nanoTabPFN-ACB0-s93,ACB0,93,10,50.0,50.0,1.1662472339322185,200,1000,7,0.4131801589799472,0.3956563010487915,606.6708928236717,2582.886276154645,8871.105396907042,19706.23124653588,564.4136153963276,554.741935456551,258.94356471086905,85.25932608442062,0.1,
beMTPL97,nanoTabPFN-ACB0-s93,ACB0,93,11,1.0,1.0,1.0574236675112725,200,1000,77,2.02384723273516,1.9083462618442162,557.8917276485702,2115.2935486025267,173228.32729330368,345311.2415317955,478.41980166919393,432.1635329135595,1742.1874216359606,344.43349348094284,0.1,
beMTPL97,nanoTabPFN-ACB0-s93,ACB0,93,11,4.0,4.0,1.0574236675112725,200,1000,47,0.35295524429418734,0.3539296847272129,447.83682461345484,2067.4125435153223,6695.520509044731,1093556.6599081813,475.5260622139303,432.13120896281276,403.8677588854658,1098.0621561432717,0.1,
beMTPL97,nanoTabPFN-ACB0-s93,ACB0,93,11,20.0,19.999999999999996,1.0574236675112725,200,1000,11,0.04502233526911411,0.0663465383168135,661.8601437884593,2603.2574504829627,5648.894748614374,9901.414044556317,482.18793598728945,435.7128718064392,211.4839616067948,141.57538985580294,0.1,
beMTPL97,nanoTabPFN-ACB0-s93,ACB0,93,11,50.0,50.0,1.0574236675112725,200,1000,5,0.258890355927385,0.258836449355587,566.6695071751101,2350.6432628671278,6643.825813614518,12443.54603292213,477.69133692951124,436.1419736938734,201.55747612919546,76.18105200874686,0.1,
beMTPL97,nanoTabPFN-ACB0-s93,ACB0,93,12,1.0,1.0,1.1358884885893301,200,1000,76,1.5366643024558118,1.487933097383719,272.50291149786165,1894.69384347888,59751.74899086525,332347.19536077545,627.0148280788882,654.0678606172814,834.327229917105,331.17939207667,0.1,
beMTPL97,nanoTabPFN-ACB0-s93,ACB0,93,12,4.0,4.0,1.1358884885893301,200,1000,55,0.31676626547143083,0.33599229797321783,387.9395950811294,2003.4717834959831,6348.117620610019,1122976.9174880318,626.5352467530237,648.6834712403396,399.16527296841923,1109.6360650049107,0.1,
beMTPL97,nanoTabPFN-ACB0-s93,ACB0,93,12,20.0,20.0,1.1358884885893301,200,1000,16,0.02926197775378405,0.07003090783907666,584.4521707429233,2585.1944393381573,5630.945949669984,13151.3915654292,624.7308012979598,646.314454292262,471.13039629946184,191.81942449714668,0.1,
beMTPL97,nanoTabPFN-ACB0-s93,ACB0,93,12,50.0,49.99999999999999,1.1358884885893301,200,1000,6,0.28428542155882564,0.28175386814009923,524.2875135417362,2208.5709583584185,6411.58923743428,12433.57228397721,624.3315083842759,647.5904090164863,459.4927420155714,244.54468102512112,0.1,
beMTPL97,nanoTabPFN-ACB0-s93,ACB0,93,13,1.0,1.0,1.1732770051831836,200,1000,68,0.4421646796739932,0.44754710417499527,374.71781861248394,1936.3689058162367,7278.234343288765,665988.6789383993,566.507292609255,575.4236507500088,889.7838165226028,663.7571431659642,0.1,
beMTPL97,nanoTabPFN-ACB0-s93,ACB0,93,13,4.0,4.0,1.1732770051831836,200,1000,53,0.77072159985509,0.7294844526541031,463.4089200132064,2100.2056494534136,13288.166217672688,2337281.385424263,566.6203874259475,572.9369254631707,645.9710128656411,2330.013126287114,0.1,
beMTPL97,nanoTabPFN-ACB0-s93,ACB0,93,13,20.0,20.000000000000004,1.1732770051831836,200,1000,17,0.640633477704423,0.5841120458460972,793.7241033839214,2996.1424539867876,14364.557261500984,37835.06174909761,581.8224297355688,578.7660821093306,259.9285121620546,1121.4774239365306,0.1,
beMTPL97,nanoTabPFN-ACB0-s93,ACB0,93,13,50.0,50.0,1.1732770051831836,200,1000,7,0.8548303882724215,0.8608676486754584,223.01569123804438,1748.5773645264235,15512.999525271658,37411.7780065776,571.2079747711168,585.3563009226118,272.29420852051123,80.20442917747849,0.1,
beMTPL97,nanoTabPFN-ACB0-s93,ACB0,93,14,1.0,1.0,1.19885585689078,200,1000,71,2.000258936427936,1.9164046654869884,391.81985867313233,1953.9854108140482,162725.3719937679,542246.5512222591,577.5076820909527,574.5018912830496,1648.3171840870068,540.7522177748294,0.1,
beMTPL97,nanoTabPFN-ACB0-s93,ACB0,93,14,4.0,4.000000000000001,1.19885585689078,200,1000,55,0.5125988695812159,0.4958075152103385,445.7244437736201,2017.2328721620393,8355.776739869052,1754311.2559328512,579.1088589225626,568.3730449507498,308.2341568828207,1733.4458103730226,0.1,
beMTPL97,nanoTabPFN-ACB0-s93,ACB0,93,14,20.0,20.000000000000004,1.19885585689078,200,1000,18,0.4798927177918875,0.42879146567214804,770.7758710223504,2684.018292257585,9827.656090536948,83221.19709834401,581.5255176095798,557.6942080244356,281.0011778041653,1631.2580023226064,0.1,
beMTPL97,nanoTabPFN-ACB0-s93,ACB0,93,14,50.0,49.99999999999999,1.19885585689078,200,1000,7,0.7422876421638207,0.7149506964414699,359.9065639896494,1574.486242187113,10340.608379897829,30125.6973762887,584.1275443500195,569.3881468895835,221.63434737672102,68.39771909948196,0.1,
beMTPL97,nanoTabPFN-ACB0-s93,ACB0,93,15,1.0,1.0,1.1867769048311116,200,1000,77,1.5104812318335972,1.419310412002715,572.1237214184348,2271.4742251666303,59521.705950151445,346971.5241491774,550.389278788669,513.4059832784127,770.7370423152519,345.6529572906357,0.1,
beMTPL97,nanoTabPFN-ACB0-s93,ACB0,93,15,4.0,3.999999999999999,1.1867769048311116,200,1000,56,0.03648401926005528,0.0730497515393043,546.5900603497839,2412.7544807760246,5295.360487010443,723135.5041538205,544.8799058933429,515.2313578147433,289.2966571217791,709.5979040869132,0.1,
beMTPL97,nanoTabPFN-ACB0-s93,ACB0,93,15,20.0,19.999999999999996,1.1867769048311116,200,1000,18,-0.005269458278372403,0.023199685709699956,704.4739018863488,2782.283329652829,5743.086012654227,14115.707941372093,549.6931727876765,514.7806403957538,280.1340222859244,391.4373812556068,0.1,
beMTPL97,nanoTabPFN-ACB0-s93,ACB0,93,15,50.0,50.0,1.1867769048311116,200,1000,7,0.20243897844605066,0.19821294123869224,629.4685892463044,2411.482099545705,6223.6911647509805,12635.328294343668,547.1614619711937,513.9869923707396,277.682777257103,158.25908036594709,0.1,
beMTPL97,nanoTabPFN-ACB0-s93,ACB0,93,16,1.0,1.0,1.112564209416503,200,1000,75,1.9539972384522553,1.8897536626318356,321.17409281097883,2060.677324233631,161681.57920358033,399148.00587371783,640.2581151941919,713.6290174235238,1613.2686707178939,397.83542880028625,0.1,
beMTPL97,nanoTabPFN-ACB0-s93,ACB0,93,16,4.0,3.9999999999999996,1.112564209416503,200,1000,52,0.42886977862184084,0.4370009149342099,392.57828997100194,2057.028755738147,7639.400527263203,1357216.7554911948,639.1926717142254,714.72983532198,470.6697245939673,1349.579703477305,0.1,
beMTPL97,nanoTabPFN-ACB0-s93,ACB0,93,16,20.0,20.000000000000004,1.112564209416503,200,1000,15,0.13989485476302285,0.1607193627706169,656.5090979798397,2808.7106213394327,6889.283358564364,16923.901522930228,644.7583925124886,710.6103976352056,464.27504740321734,231.4574405316052,0.1,
beMTPL97,nanoTabPFN-ACB0-s93,ACB0,93,16,50.0,50.0,1.112564209416503,200,1000,6,0.3813233954754053,0.376122354146854,506.42552056184377,2256.601778429892,7610.543016655413,16554.846999799793,640.3681321892929,712.3102664825814,453.4501724550548,235.81781569348988,0.1,
beMTPL97,nanoTabPFN-ACB0-s93,ACB0,93,17,1.0,1.0,1.1863077029870688,200,1000,65,0.6367607426764288,0.5800100578308177,603.6609049514432,2284.022341785908,11004.465212538986,1087453.9332501045,547.7767351729143,531.6050911411061,913.9476890065587,1087.493043207115,0.1,
beMTPL97,nanoTabPFN-ACB0-s93,ACB0,93,17,4.0,4.0,1.1863077029870688,200,1000,52,0.7715717873028287,0.7304874858570036,528.572875148895,2368.229414272993,15078.657504766443,3493775.5843079714,546.3456662842322,539.2524731502342,1203.3605384923565,3442.0141574258028,0.1,
beMTPL97,nanoTabPFN-ACB0-s93,ACB0,93,17,20.0,19.999999999999996,1.1863077029870688,200,1000,17,1.0951171556235144,0.9514847654922504,936.7609261900843,2652.8029308615073,26559.01275431225,50908.51422457965,567.6270140515348,583.4101516753684,268.52474045755514,469.02015665232227,0.1,
beMTPL97,nanoTabPFN-ACB0-s93,ACB0,93,17,50.0,49.99999999999999,1.1863077029870688,200,1000,7,0.9009385363802327,0.9532495596318975,-8.503330231837026,2474.515081015602,26109.24185490937,71626.71524956136,623.0721888747519,546.3221190100544,275.5509960098553,90.09798846836918,0.1,
beMTPL97,nanoTabPFN-ACB0-s93,ACB0,93,18,1.0,1.0,1.1410922063033329,200,1000,76,0.16768528830722232,0.21949197757236513,450.8618538370188,1983.3319723824966,4639.663978341549,342336.4493857562,571.7641234758252,547.5037294008886,847.0473070441498,342.1437283625319,0.1,
beMTPL97,nanoTabPFN-ACB0-s93,ACB0,93,18,4.0,4.0,1.1410922063033329,200,1000,55,0.3079787394294251,0.30400848626406096,432.64132928964375,1958.1533443107248,5958.128453794536,933635.9773758117,561.2073619395753,542.8795382875684,825.5093727189153,941.7612829785578,0.1,
beMTPL97,nanoTabPFN-ACB0-s93,ACB0,93,18,20.0,20.0,1.1410922063033329,200,1000,16,0.032985076763336535,0.056254251733717536,638.740462669934,2503.356687942435,5349.430961538562,11405.120490290628,556.7917740305365,535.996258376948,458.9251879704733,677.3706894404708,0.1,
beMTPL97,nanoTabPFN-ACB0-s93,ACB0,93,18,50.0,49.99999999999999,1.1410922063033329,200,1000,6,0.37196990458516255,0.3431177219700573,509.73120078306965,1916.6514026490067,6025.835958844502,13300.812443613733,557.3129079821032,542.7677308833187,274.69654891504746,190.2752044066473,0.1,
beMTPL97,nanoTabPFN-ACB0-s93,ACB0,93,19,1.0,1.0,1.199144405855362,200,1000,72,2.1511098880416473,2.080582930320218,384.1680526945277,2238.256944836636,268333.185229082,544792.8816611574,669.4996778820024,728.8427156767128,2782.590803503333,544.4446417258196,0.1,
beMTPL97,nanoTabPFN-ACB0-s93,ACB0,93,19,4.0,4.0,1.199144405855362,200,1000,55,0.42039879805363056,0.40159178734749645,531.2347181389101,2182.725376438785,7656.328178766249,1493286.7685844593,666.2368026289729,729.0492997981082,1024.5588993289375,1479.9631881509051,0.1,
beMTPL97,nanoTabPFN-ACB0-s93,ACB0,93,19,20.0,19.999999999999996,1.199144405855362,200,1000,18,0.28054479687449485,0.2660094379844826,814.9106308710145,3106.66227465492,8848.810042541023,23159.006798234677,672.0544013601798,733.683118213644,431.24204888414664,900.4008886288702,0.1,
beMTPL97,nanoTabPFN-ACB0-s93,ACB0,93,19,50.0,50.0,1.199144405855362,200,1000,7,0.48968818878885767,0.4718534412939015,473.76242450782456,2177.536719461471,8478.235099156853,25197.8055711772,667.5360117950268,725.1808111198495,391.9179858511401,118.4663894214069,0.1,
ausprivauto0405,nanoTabPFN-A0B0-s92,A0B0,92,0,1.0,1.0,1.0933856100915766,200,1000,72,2.1203311029756455,2.0855448594795276,508.5598394035694,4899.072651253033,624491.23688908,801814.4581381836,788.4812104056355,1293.7240673983629,6226.425173048284,799.9048420077526,0.1,
ausprivauto0405,nanoTabPFN-A0B0-s92,A0B0,92,0,4.0,4.0,1.0933856100915766,200,1000,50,2.621052757227204,2.5359662481899865,844.0885513050129,4209.208426026848,1597551.0389648764,3112931.5749074174,779.3573853801097,1620.7754756467216,15205.54039903189,3102.3287693418674,0.1,
ausprivauto0405,nanoTabPFN-A0B0-s92,A0B0,92,0,20.0,20.0,1.0933856100915766,200,1000,14,1.5522322541250495,1.4872307742140733,795.6836852750871,3591.8895448343596,116928.10307611075,14680463.84510463,778.5719043880214,837.6664373675834,22374.140220654524,14622.487984898833,0.0,
ausprivauto0405,nanoTabPFN-A0B0-s92,A0B0,92,0,50.0,50.0,1.0933856100915766,200,1000,6,-0.19487201075976734,-0.06871354241623855,652.6874223312552,4961.518992245855,9161.33259815551,32635822.60107769,778.5887926874915,786.8584853216196,16420.956856246965,32231.68407563104,0.0,
ausprivauto0405,nanoTabPFN-A0B0-s92,A0B0,92,1,1.0,1.0,1.1285042000554817,200,1000,69,2.207382915855739,2.168139213528554,620.3925983882109,6411.914741026334,984171.5405699614,1282797.932564198,836.7284196125021,1777.713650246833,9413.622944712895,1276.6935007830236,0.0,
ausprivauto0405,nanoTabPFN-A0B0-s92,A0B0,92,1,4.0,4.0,1.1285042000554817,200,1000,52,2.5081389870735906,2.451130356507211,971.9889996310894,5700.994411146503,1909417.2153726239,4922822.199229243,841.1168781145885,2394.591040320533,18839.224722805804,4901.708007917183,0.0,
ausprivauto0405,nanoTabPFN-A0B0-s92,A0B0,92,1,20.0,20.0,1.1285042000554817,200,1000,15,0.8941748644693138,0.8698408761758973,767.3081639715219,4615.933928409141,38967.701629219315,23050063.136250846,836.618147308579,853.0472737659463,24693.62921709713,22938.349823138797,0.0,
ausprivauto0405,nanoTabPFN-A0B0-s92,A0B0,92,1,50.0,50.0,1.1285042000554817,200,1000,6,-0.1833879156565975,-0.032936437547877236,609.993044360066,7259.891853512965,13787.797982324457,50689255.26985882,840.9094188436337,881.07991367171,14562.047299849051,49966.25468257892,0.1,
ausprivauto0405,nanoTabPFN-A0B0-s92,A0B0,92,2,1.0,1.0,1.0727387885167678,200,1000,73,2.0065158568695898,1.9791288314525481,515.375635890892,5622.823173301253,567813.1480946629,757566.2766838958,923.4883924022964,918.8989448019084,5474.154086763303,753.5628247872015,0.1,
ausprivauto0405,nanoTabPFN-A0B0-s92,A0B0,92,2,4.0,4.000000000000001,1.0727387885167678,200,1000,49,2.570589057085189,2.5046785889417884,795.4857218970013,4818.380800589801,1569039.450746016,2955589.30851929,913.5154580261637,993.9705838073947,15015.567592616339,2946.8715616865343,0.0,
ausprivauto0405,nanoTabPFN-A0B0-s92,A0B0,92,2,20.0,20.0,1.0727387885167678,200,1000,12,1.561644545116926,1.4869844992902224,935.557366679609,4568.224399507518,141887.99164591354,13967109.125014534,921.5870151788129,922.8012012776205,22205.838186543016,13942.053971147254,0.1,
ausprivauto0405,nanoTabPFN-A0B0-s92,A0B0,92,2,50.0,50.0,1.0727387885167678,200,1000,5,-0.13717593495416008,-0.03742778484677264,804.9353722177893,5077.403983019096,9789.674695406677,31094190.980908267,914.5285942009264,920.8275711259386,13871.71242944739,30764.792860915528,0.0,
ausprivauto0405,nanoTabPFN-A0B0-s92,A0B0,92,3,1.0,1.0,1.116166568061844,200,1000,73,2.051501964668159,1.9997593565223497,560.427156137029,5052.475484543564,565149.541459298,844856.994393274,769.7887869599199,718.4915971981052,5188.863553442955,838.4635081939848,0.1,
ausprivauto0405,nanoTabPFN-A0B0-s92,A0B0,92,3,4.0,4.0,1.116166568061844,200,1000,53,2.6066509604272943,2.506153316479357,1049.4234178699585,4758.618949179845,1542452.8985874457,3302662.784208185,779.5500703218378,708.153659085397,14774.210439620585,3289.880002791484,0.1,
ausprivauto0405,nanoTabPFN-A0B0-s92,A0B0,92,3,20.0,19.999999999999996,1.116166568061844,200,1000,15,1.2778743509167971,1.1904780066259817,1129.1414955743417,4628.307135246206,77713.29567530111,15607929.813977286,790.5006236174485,719.0843551227616,23046.79267960469,15610.379205250558,0.1,
ausprivauto0405,nanoTabPFN-A0B0-s92,A0B0,92,3,50.0,50.0,1.116166568061844,200,1000,6,-0.1598399943042672,-0.0554893379376372,887.013082224782,5489.1184590689645,10338.150470135872,34503750.39829889,772.772124679728,731.0476692330003,15319.502749421232,34311.0646164823,0.0,
ausprivauto0405,nanoTabPFN-A0B0-s92,A0B0,92,4,1.0,1.0,1.119143963135271,200,1000,70,2.061872443369452,2.0425045057472513,632.396839945722,9017.37318303347,1023439.8340769908,1286066.2852738956,785.5654687254109,962.3463650766338,10155.101107116358,1283.5430540763707,0.1,
ausprivauto0405,nanoTabPFN-A0B0-s92,A0B0,92,4,4.0,4.0,1.119143963135271,200,1000,52,2.519003695440807,2.468335729511535,887.8788614428358,6752.821495542257,2143863.0249659773,4943374.046430188,785.4018948173921,1073.86663762334,20112.713848569234,4916.325839051346,0.1,
ausprivauto0405,nanoTabPFN-A0B0-s92,A0B0,92,4,20.0,20.0,1.119143963135271,200,1000,15,1.1854325090064104,1.147966149479594,882.6782453826281,5513.206678585995,84980.88154388209,23402050.254891627,786.258646230442,768.5566220183466,29400.792049852604,23292.297635881336,0.1,
ausprivauto0405,nanoTabPFN-A0B0-s92,A0B0,92,4,50.0,50.0,1.119143963135271,200,1000,6,-0.17327114360901297,-0.03333454669402736,708.3752609211297,7611.637039897897,14642.010242454446,52043578.270401105,785.2137190159171,841.1693164143707,16721.58676859518,51385.612777940674,0.1,
ausprivauto0405,nanoTabPFN-A0B0-s92,A0B0,92,5,1.0,1.0,1.1804704388704697,200,1000,73,2.1026322744834585,2.0358165067579272,733.1192906885733,4510.2786503610805,534413.0280516918,748307.3783525047,852.7815024520776,1447.6307620002508,5111.029681672847,744.0505061562301,0.0,
ausprivauto0405,nanoTabPFN-A0B0-s92,A0B0,92,5,4.0,4.000000000000001,1.1804704388704697,200,1000,55,2.601561566076109,2.4889944468924194,1040.2902849942016,4144.339818166238,1415968.7548543066,2916618.130536276,859.1254261067048,1741.3721016196855,13466.41512006972,2901.4163162511477,0.0,
ausprivauto0405,nanoTabPFN-A0B0-s92,A0B0,92,5,20.0,20.0,1.1804704388704697,200,1000,17,0.9815357692173675,0.9043894591775428,969.883844040909,3948.5506604041216,36138.198384532065,13700798.471784137,856.6798206781971,864.1824498361897,18000.75075089015,13639.716279074251,0.0,
ausprivauto0405,nanoTabPFN-A0B0-s92,A0B0,92,5,50.0,50.0,1.1804704388704697,200,1000,7,-0.19348684584208928,-0.09689518122044774,884.4800594496946,4749.682075297276,8534.432056869553,30099028.213441685,853.3468114633622,861.3017438319674,8895.855876255784,29705.266536995605,0.1,
ausprivauto0405,nanoTabPFN-A0B0-s92,A0B0,92,6,1.0,1.0,1.128687181260936,200,1000,72,2.1173278841537804,2.0793978558544097,469.9831988359964,4358.499324521701,535139.6849648709,740216.9970920781,919.4947541405116,925.0041921590151,5331.06895498161,738.0593918674281,0.0,
ausprivauto0405,nanoTabPFN-A0B0-s92,A0B0,92,6,4.0,3.999999999999999,1.128687181260936,200,1000,52,2.689707898049239,2.6016830818654255,787.1834168983237,4052.6160587027025,1627805.0076446575,2905464.058739309,902.4594646440603,940.5530371724204,15909.481025909487,2899.819456388159,0.0,
ausprivauto0405,nanoTabPFN-A0B0-s92,A0B0,92,6,20.0,20.000000000000004,1.128687181260936,200,1000,15,2.3403755035190836,2.235104381449107,889.5643545802936,3863.757198208656,636822.7882183171,13770816.359429862,905.5896893514325,941.9716991994353,21897.496494187057,13723.575223158366,0.0,
ausprivauto0405,nanoTabPFN-A0B0-s92,A0B0,92,6,50.0,50.00000000000001,1.128687181260936,200,1000,6,-0.10165125121249977,0.0021194050123708144,687.678462226384,4657.687981199295,9378.656247290557,30859588.857328493,904.729432073217,927.3065012572708,10783.730138004064,30463.713731285057,0.1,
ausprivauto0405,nanoTabPFN-A0B0-s92,A0B0,92,7,1.0,1.0,1.0574938383692571,200,1000,72,2.0969788013228254,2.0603960508753834,500.44878068923526,4667.1915480884345,570024.3783164702,752164.3553219612,879.6913757006403,1008.5168578956956,5655.885826571348,749.819335288963,0.0,
ausprivauto0405,nanoTabPFN-A0B0-s92,A0B0,92,7,4.0,3.999999999999999,1.0574938383692571,200,1000,45,2.600304589356881,2.528364163128025,724.7727231704607,4099.265593035307,1470187.0990594488,2923497.8886976005,865.848530392293,1212.0587284421563,13831.678704232843,2912.074646999834,0.0,
ausprivauto0405,nanoTabPFN-A0B0-s92,A0B0,92,7,20.0,20.0,1.0574938383692571,200,1000,11,1.5910860038885757,1.5188163891722315,736.7005403313506,3600.6007765870945,120239.32833330946,13814441.442190317,865.2342123890419,877.0675267210528,18274.55006564046,13754.459047646971,0.0,
ausprivauto0405,nanoTabPFN-A0B0-s92,A0B0,92,7,50.0,50.0,1.0574938383692571,200,1000,5,-0.18724595041896103,-0.07390794886386645,688.2543483054214,4886.129141517838,9037.111906387909,30515311.22197584,868.3656707670427,843.730755399945,9201.859205983756,29949.804001974768,0.0,
ausprivauto0405,nanoTabPFN-A0B0-s92,A0B0,92,8,1.0,1.0,1.1433043969274483,200,1000,71,2.142205057470213,2.10349043307967,522.1255263107736,4866.116507812678,627046.1374109723,779592.2352132344,884.1254926810251,948.8624959113247,6209.193553295266,777.091001587464,0.0,
ausprivauto0405,nanoTabPFN-A0B0-s92,A0B0,92,8,4.0,4.0,1.1433043969274483,200,1000,53,2.630663574057073,2.537859381496307,868.2043037197526,4117.63123213417,1471218.0203487005,3010590.9008891135,883.8960630748339,2246.717671195926,14230.110813956206,3002.770049784488,0.0,
ausprivauto0405,nanoTabPFN-A0B0-s92,A0B0,92,8,20.0,20.000000000000004,1.1433043969274483,200,1000,16,0.965373144665255,0.9116755516459324,745.6484203728232,3546.580240989217,31409.976290888782,14100998.58969086,878.3113790227724,940.9736221650957,15678.896434186785,14031.248200523622,0.0,
ausprivauto0405,nanoTabPFN-A0B0-s92,A0B0,92,8,50.0,50.0,1.1433043969274483,200,1000,7,-0.17873147588189986,-0.06377864087912855,681.110630837813,4620.093195280656,8596.309682933785,31008277.787443943,877.7788897621392,908.1717936201669,8908.482200844113,30535.463570889544,0.0,
ausprivauto0405,nanoTabPFN-A0B0-s92,A0B0,92,9,1.0,1.0,1.0641253219377038,200,1000,75,1.9956528696961076,1.941734389152986,774.2903771561062,5583.5540621615855,498065.6613010185,685166.0039251992,767.6156563531742,727.154592020462,4930.26759031404,682.970867966607,0.0,
ausprivauto0405,nanoTabPFN-A0B0-s92,A0B0,92,9,4.0,4.0,1.0641253219377038,200,1000,48,2.4978152192768714,2.4104931181298546,926.1536114165052,4726.436060048741,1214791.1796163938,2658344.1066978276,768.4414935141799,736.3178248306215,11810.496908285946,2653.01213404916,0.0,
ausprivauto0405,nanoTabPFN-A0B0-s92,A0B0,92,9,20.0,20.000000000000004,1.0641253219377038,200,1000,12,1.3190200134233978,1.2368789937362923,1121.4957664059148,4800.364156270021,94024.53263860798,12600884.218038417,784.7381228117873,718.842135054307,16228.581015075046,12556.199213962487,0.0,
ausprivauto0405,nanoTabPFN-A0B0-s92,A0B0,92,9,50.0,50.0,1.0641253219377038,200,1000,5,-0.16107014587329885,-0.07555356765919251,960.2625557648435,4880.302399553817,9001.260593517636,27959833.09677972,771.307704208368,730.1293908684021,7800.203855495382,27587.896691192625,0.0,
ausprivauto0405,nanoTabPFN-A0B0-s92,A0B0,92,10,1.0,1.0,1.1399570541412825,200,1000,71,2.1270125687873382,2.085963880323728,712.8168032672361,6408.968552918133,823449.4112907982,1033332.3182907465,918.5151168773375,1918.7318695362023,7984.888155856656,1028.8438063638819,0.1,
ausprivauto0405,nanoTabPFN-A0B0-s92,A0B0,92,10,4.0,4.000000000000001,1.1399570541412825,200,1000,53,2.591425409948685,2.508771658485226,990.0375902686637,5097.879528863736,1766539.6570648914,3975476.4886180046,924.1393350267716,2470.341801661032,17388.094951156392,3964.936417508866,0.0,
ausprivauto0405,nanoTabPFN-A0B0-s92,A0B0,92,10,20.0,20.0,1.1399570541412825,200,1000,16,1.0090352656836887,0.9567536683901111,852.6804521529893,4190.289319866278,41572.44234223929,18681841.23498395,918.0655000549066,966.3826472125496,23425.623030123785,18605.035271878103,0.1,
ausprivauto0405,nanoTabPFN-A0B0-s92,A0B0,92,10,50.0,50.0,1.1399570541412825,200,1000,6,-0.17874708512194762,-0.04756694607874821,712.3198121513224,6054.879090026183,11406.863649701798,41583714.7246121,920.4040296659383,964.4882099961466,16322.36823505001,41073.79494820275,0.0,
ausprivauto0405,nanoTabPFN-A0B0-s92,A0B0,92,11,1.0,1.0,1.1704428842189083,200,1000,71,2.1263243257946463,2.087641329016987,684.2390757958116,6411.129645597711,802617.8502394719,1024296.1101858215,836.7131350002458,884.9282288392957,7929.070229477258,1021.5072797135691,0.0,
ausprivauto0405,nanoTabPFN-A0B0-s92,A0B0,92,11,4.0,3.9999999999999996,1.1704428842189083,200,1000,54,2.6661824175994386,2.5772907816333483,1048.7961889827297,5233.621806900019,2069732.8330264888,3977919.7976436783,841.9316215364975,1021.6148608819715,19160.340479240618,3957.9267600511407,0.0,
ausprivauto0405,nanoTabPFN-A0B0-s92,A0B0,92,11,20.0,20.000000000000004,1.1704428842189083,200,1000,17,1.5642568396307037,1.487374315907994,946.8219543445334,4423.494000147324,145838.3975450545,18747016.97926874,837.5021204605458,808.3156465646031,28619.12334062436,18667.595023709393,0.0,
ausprivauto0405,nanoTabPFN-A0B0-s92,A0B0,92,11,50.0,50.0,1.1704428842189083,200,1000,7,-0.1900162597854934,-0.06526193312783174,816.7333911281321,6181.66456071185,11414.435290982758,41738207.24793371,829.0667700862624,821.8327306553958,16638.698735244725,41157.027195105446,0.0,
ausprivauto0405,nanoTabPFN-A0B0-s92,A0B0,92,12,1.0,1.0,1.0926200145428704,200,1000,69,2.232336831436402,2.1873313467204176,631.2888834855233,5337.664627511338,829704.4628762042,1037798.4128999526,797.4543918200908,1875.431411845645,8146.066770941947,1034.5440761170742,0.0,
ausprivauto0405,nanoTabPFN-A0B0-s92,A0B0,92,12,4.0,4.000000000000001,1.0926200145428704,200,1000,50,2.7066672025006455,2.618367655487061,925.8231659833236,4567.085478665254,2097019.1729769902,4024303.42890123,802.1825661259022,1214.150145105697,19913.171797987125,4010.9521529313633,0.1,
ausprivauto0405,nanoTabPFN-A0B0-s92,A0B0,92,12,20.0,20.0,1.0926200145428704,200,1000,14,1.140823031350377,1.0813479455505475,807.1340605656551,3800.4780818261625,50317.390882434695,18790165.183733933,796.8883684945288,820.0003400228854,22799.981277004412,18700.561349976208,0.0,
ausprivauto0405,nanoTabPFN-A0B0-s92,A0B0,92,12,50.0,50.00000000000001,1.0926200145428704,200,1000,5,-0.10610061760731568,0.03177477822583279,472.29825759672804,6117.394868525072,12645.216793613912,42608557.63903858,805.0898966048837,841.6935508507215,16285.983620213427,42038.441967809245,0.0,
ausprivauto0405,nanoTabPFN-A0B0-s92,A0B0,92,13,1.0,1.0,1.0522211476404697,200,1000,74,2.0234217699442123,1.969647743830073,594.8711020817912,4185.975633803675,449778.263837314,720215.8710071936,835.8569057114852,1680.0951015117018,4459.804117450831,718.0215040090712,0.0,
ausprivauto0405,nanoTabPFN-A0B0-s92,A0B0,92,13,4.0,3.999999999999999,1.0522211476404697,200,1000,45,2.4396663870323705,2.35842097912004,857.3971749079855,3892.1865080457883,1050866.2967401408,2801618.3653976154,830.6317141581696,1160.9270235847268,10948.72806598512,2794.536083008891,0.0,
ausprivauto0405,nanoTabPFN-A0B0-s92,A0B0,92,13,20.0,20.0,1.0522211476404697,200,1000,11,1.4770557414343692,1.39353684256271,888.3775282479191,4030.7135514776937,109047.55746003904,13407652.216379974,832.1647480142881,938.2286981208146,20126.966910976465,13352.105496405393,0.0,
ausprivauto0405,nanoTabPFN-A0B0-s92,A0B0,92,13,50.0,50.00000000000001,1.0522211476404697,200,1000,4,-0.13646006275398515,-0.038351735538162186,804.4910564512238,4971.803042747599,9613.318666214243,29834853.04429615,829.3749975669601,876.9149859421437,14783.447985217477,29512.06444200479,0.0,
ausprivauto0405,nanoTabPFN-A0B0-s92,A0B0,92,14,1.0,1.0,1.1232339121343675,200,1000,72,2.1551327677377685,2.1091172355736947,709.13430216136,6060.814941589428,806079.1314495943,1040989.0394302742,730.5188970609546,2522.744431712839,8106.053130216854,1039.827183301531,0.0,
ausprivauto0405,nanoTabPFN-A0B0-s92,A0B0,92,14,4.0,4.0,1.1232339121343675,200,1000,52,2.6483570384973314,2.5676569018758464,1061.813711151637,5365.744033449821,2240529.3817491657,4060137.6402878836,737.9285261151492,711.4126993584309,21692.62607214044,4051.054453202249,0.0,
ausprivauto0405,nanoTabPFN-A0B0-s92,A0B0,92,14,20.0,19.999999999999996,1.1232339121343675,200,1000,15,1.7654057127932559,1.6793702528361314,1034.5585715183388,4828.5900773801495,236707.14709296508,19195853.829850927,735.8375103870484,687.2247975111632,31305.803929118527,19119.20733142192,0.0,
ausprivauto0405,nanoTabPFN-A0B0-s92,A0B0,92,14,50.0,50.00000000000001,1.1232339121343675,200,1000,6,-0.09202623471629999,0.013944554880616718,861.7913651050985,6509.27555258665,13257.785493625224,43340334.46836386,722.9749140486838,731.672362793508,17012.779480292527,42785.95871241609,0.0,
ausprivauto0405,nanoTabPFN-A0B0-s92,A0B0,92,15,1.0,1.0,1.133350288602216,200,1000,71,2.1020279614146564,2.067984683385394,644.200330556678,6527.713172378306,786477.4795723496,982404.3442963071,804.4006087917409,925.0458065713636,7831.839676420451,980.290833401332,0.0,
ausprivauto0405,nanoTabPFN-A0B0-s92,A0B0,92,15,4.0,3.9999999999999996,1.133350288602216,200,1000,53,2.6231687331437397,2.5470060127475387,937.1763289255541,4991.579354998872,1948300.287037642,3804967.695174357,806.7935626282264,1258.401748882964,18649.341922033054,3793.3978863070693,0.0,
ausprivauto0405,nanoTabPFN-A0B0-s92,A0B0,92,15,20.0,19.999999999999993,1.133350288602216,200,1000,16,1.7299519257325227,1.6503741760603334,845.0448385442182,4157.272347459355,192899.45322687514,18043268.79594981,805.6962784574085,761.1887189024569,29579.485284769926,17931.520372763287,0.1,
ausprivauto0405,nanoTabPFN-A0B0-s92,A0B0,92,15,50.0,49.99999999999999,1.133350288602216,200,1000,6,-0.13702085738772496,-0.016819410294390522,693.8177732530903,5919.120465091421,11709.461428662027,40443302.584603205,806.4084231063605,770.2945314089533,20660.458295100918,39632.28225643213,0.0,
ausprivauto0405,nanoTabPFN-A0B0-s92,A0B0,92,16,1.0,1.0,1.120389421822627,200,1000,70,2.0684375558976598,2.046230050368188,579.311022225766,7290.373729942823,818290.192050373,954048.5226603679,873.3943161055993,1310.6197627240601,8107.244809242064,951.3997155850329,0.0,
ausprivauto0405,nanoTabPFN-A0B0-s92,A0B0,92,16,4.0,3.999999999999999,1.120389421822627,200,1000,52,2.568160473040884,2.5090538440378687,798.8854560010006,5231.515311145465,1780101.8821030383,3662360.430144067,865.4061687681402,1736.6593245194322,17304.777487599098,3653.6323376940295,0.0,
ausprivauto0405,nanoTabPFN-A0B0-s92,A0B0,92,16,20.0,20.0,1.120389421822627,200,1000,15,1.600538402562208,1.5386993413726084,712.8686463057097,4052.0292707274216,143247.4979372198,17326545.779759362,865.2555471751723,880.9776169697788,26628.80796308045,17257.14600828223,0.0,
ausprivauto0405,nanoTabPFN-A0B0-s92,A0B0,92,16,50.0,50.000000000000014,1.120389421822627,200,1000,6,-0.18880966013009354,-0.05823880927061256,675.7135373197198,5565.890544815175,10374.945093498936,38473097.47161101,866.7352581144683,880.6618738520676,15992.531520052888,37842.16156970644,0.1,
ausprivauto0405,nanoTabPFN-A0B0-s92,A0B0,92,17,1.0,1.0,1.1371650845547003,200,1000,72,2.1191662475440003,2.0773718172086117,692.2029921368658,6146.415431647154,769256.2129221666,997110.7140762447,799.4803552060621,887.2075018491728,7554.242084787862,993.9632509898373,0.1,
ausprivauto0405,nanoTabPFN-A0B0-s92,A0B0,92,17,4.0,4.000000000000001,1.1371650845547003,200,1000,54,2.6863375654773067,2.5911042753379943,1132.6666174040224,5254.335001110423,2115559.1636851355,3886868.9784590043,809.9296915476139,853.7709090248283,19962.26659176484,3872.8140680442725,0.1,
ausprivauto0405,nanoTabPFN-A0B0-s92,A0B0,92,17,20.0,19.999999999999996,1.1371650845547003,200,1000,16,2.1889534100238066,2.0771582704592495,1088.1896746345692,4666.3808502981165,534140.494168727,18421839.685795896,807.2682015625411,782.0306682910792,29540.4890061323,18290.534900547533,0.1,
ausprivauto0405,nanoTabPFN-A0B0-s92,A0B0,92,17,50.0,49.99999999999999,1.1371650845547003,200,1000,6,-0.08103706776109039,0.019498286055463377,904.1900000302339,6264.148466981097,12785.165687884908,41766301.05065082,798.8824949556373,812.2535335193514,17518.96532894872,40975.05125024438,0.0,
ausprivauto0405,nanoTabPFN-A0B0-s92,A0B0,92,18,1.0,1.0,1.1921620989345798,200,1000,71,2.150712570678448,2.118405854827553,583.4094059914503,5948.595082040412,828679.3161079732,1125707.496909763,776.020646140196,1802.3499361869629,8317.4663071355,1124.3081174531355,0.0,
ausprivauto0405,nanoTabPFN-A0B0-s92,A0B0,92,18,4.0,4.0,1.1921620989345798,200,1000,54,2.5429263722659807,2.4542978225135252,1072.4768886078416,5321.731372498883,1624561.428732974,4328335.1153781805,791.7265437988568,3195.911606872073,16370.191353953574,4314.3404981286785,0.0,
ausprivauto0405,nanoTabPFN-A0B0-s92,A0B0,92,18,20.0,20.000000000000004,1.1921620989345798,200,1000,18,0.9414115397711857,0.8884042618592483,969.2692663746184,4474.447359294849,39389.40476729172,20393404.28700018,781.0371507211819,1353.289772351337,22541.523115329233,20349.333083665002,0.0,
ausprivauto0405,nanoTabPFN-A0B0-s92,A0B0,92,18,50.0,50.0,1.1921620989345798,200,1000,7,-0.1852407632544896,-0.059951232162490986,881.3623231117681,6610.794090043748,12295.333654861151,45185357.24756503,778.2798783141508,846.6897135530465,11521.24752482783,44697.470085162415,0.0,
ausprivauto0405,nanoTabPFN-A0B0-s92,A0B0,92,19,1.0,1.0,1.134543515882247,200,1000,70,2.122232549522718,2.0794923484937384,523.5460308873364,4497.220502841497,619788.6264304632,817179.3006553176,755.844769272265,731.2137216593118,5871.964258397346,812.245198154201,0.0,
ausprivauto0405,nanoTabPFN-A0B0-s92,A0B0,92,19,4.0,4.0,1.134543515882247,200,1000,53,2.608867134317585,2.520463785306971,803.7407400376806,4074.1158042546203,1414351.896526114,3158155.4987198384,745.1998250211908,1359.0134325111,13639.544355322198,3146.783734731607,0.0,
ausprivauto0405,nanoTabPFN-A0B0-s92,A0B0,92,19,20.0,20.000000000000004,1.134543515882247,200,1000,16,1.4954178382846297,1.4104625275570013,776.7330376061368,3411.957605419596,90962.87821370777,14972499.036044016,746.7233537977581,751.7478376582587,19797.777726836382,14888.979260135626,0.0,
ausprivauto0405,nanoTabPFN-A0B0-s92,A0B0,92,19,50.0,50.00000000000001,1.134543515882247,200,1000,6,-0.16910938244088275,-0.03563024799693538,557.5704384043866,4806.909614665958,9072.737143256847,33228838.8126219,753.5574339886657,735.7215589685528,9338.046339423016,32735.375098891607,0.0,
ausprivauto0405,nanoTabPFN-A1B0-s92,A1B0,92,0,1.0,1.0,1.0933856100915766,200,1000,72,2.170826992202629,2.070590180294741,904.1853378686542,3746.262063801602,445319.1748853673,783899.7621728324,782.2687374126466,775.3321215393939,4259.875393882687,780.2396977235366,0.1,
ausprivauto0405,nanoTabPFN-A1B0-s92,A1B0,92,0,4.0,4.0,1.0933856100915766,200,1000,50,0.599578521050656,0.5654056264307381,858.4562409458741,3666.534941858006,17209.113846895965,2481731.8288817536,778.0792278976799,774.8448195640892,349.40158057964777,2209.5496678892255,0.0,
ausprivauto0405,nanoTabPFN-A1B0-s92,A1B0,92,0,20.0,20.0,1.0933856100915766,200,1000,14,0.6554372664943018,0.6428481900243467,645.7200085988825,3417.772902206921,18407.73443523235,84515.35568555453,780.4694054067267,786.2105006322423,287.88376001873985,1271.7069754352126,0.0,
ausprivauto0405,nanoTabPFN-A1B0-s92,A1B0,92,0,50.0,50.0,1.0933856100915766,200,1000,6,0.4901293272537969,0.4717050910478583,1003.0186223824694,4960.411161236483,18929.42011758855,72663.64227147277,788.909352347913,764.645096795948,284.8909677630889,173.94756956668755,0.0,
ausprivauto0405,nanoTabPFN-A1B0-s92,A1B0,92,1,1.0,1.0,1.1285042000554817,200,1000,69,1.895620416731036,1.7744169768950662,1112.7405963135884,4108.4042783868135,249660.0918812172,1209353.7101560067,850.8850515571651,844.2959231235956,3140.7465014971804,1195.9892343808729,0.0,
ausprivauto0405,nanoTabPFN-A1B0-s92,A1B0,92,1,4.0,4.0,1.1285042000554817,200,1000,52,0.6467199874108743,0.598783826854216,1009.9900867506051,3992.7270235029523,19892.74807682853,3047155.7409787076,843.2632081854861,848.1873444954872,275.7201592006646,2817.338139668895,0.0,
ausprivauto0405,nanoTabPFN-A1B0-s92,A1B0,92,1,20.0,20.0,1.1285042000554817,200,1000,15,0.6120495968883637,0.5790402178099538,957.2981478409993,4081.4847525388527,19393.518504143103,95320.46961069161,842.446416928694,837.8102174877075,240.4823788597385,1205.238488052986,0.0,
ausprivauto0405,nanoTabPFN-A1B0-s92,A1B0,92,1,50.0,50.0,1.1285042000554817,200,1000,6,0.501688061412274,0.5060845775697342,961.3670563345095,5750.703551037064,23580.457017073928,102295.23382988974,861.4445783298295,863.2079721714588,288.7277305601885,285.44278980621067,0.0,
ausprivauto0405,nanoTabPFN-A1B0-s92,A1B0,92,2,1.0,1.0,1.0727387885167678,200,1000,73,2.1550532309421446,2.0626036868541466,918.5412530104734,4286.557023301371,507282.36092716473,751512.7093133999,917.0531931182687,942.4524379338759,4900.968163638152,747.8310959194123,0.0,
ausprivauto0405,nanoTabPFN-A1B0-s92,A1B0,92,2,4.0,4.000000000000001,1.0727387885167678,200,1000,49,0.5814332919095357,0.5562503200275337,887.8143772538953,3948.6913633801682,18176.27933051774,2430639.101803866,916.2809680146268,964.1089890149947,285.2633369048715,2341.2517244420724,0.0,
ausprivauto0405,nanoTabPFN-A1B0-s92,A1B0,92,2,20.0,20.0,1.0727387885167678,200,1000,12,0.6426606012874032,0.6377788293282142,637.4632197127344,3617.5812742501594,19424.061196795123,86979.33560424256,917.1599281155034,971.9786992848685,279.8790642558082,532.0865212524394,0.1,
ausprivauto0405,nanoTabPFN-A1B0-s92,A1B0,92,2,50.0,50.0,1.0727387885167678,200,1000,5,0.41699978332204063,0.411782483541317,1208.3026868353672,5561.313938069844,20079.00373716238,74376.20723652643,950.0450453419169,956.2015909434139,286.2269560864405,86.2224941321381,0.0,
ausprivauto0405,nanoTabPFN-A1B0-s92,A1B0,92,3,1.0,1.0,1.116166568061844,200,1000,73,2.159948045428173,2.0641545077966597,1111.5291269476902,5241.775817664367,630142.0206437154,851355.5709518297,787.5924583122722,720.1134557419056,5960.30823276854,846.2393653221687,0.0,
ausprivauto0405,nanoTabPFN-A1B0-s92,A1B0,92,3,4.0,4.0,1.116166568061844,200,1000,53,0.5574191156489955,0.5356303327653801,1030.6342201264374,4657.164298976266,20756.805350271832,2751784.6842036517,779.9088955995874,709.7468700268778,274.1272895013243,2627.172862522322,0.0,
ausprivauto0405,nanoTabPFN-A1B0-s92,A1B0,92,3,20.0,19.999999999999996,1.116166568061844,200,1000,15,0.6145043776703529,0.6048002486131143,936.2588359440333,4718.922499786231,22922.65476454467,111961.46538044838,771.618250091633,708.0656053764814,242.26867462994204,1170.9987587971104,0.1,
ausprivauto0405,nanoTabPFN-A1B0-s92,A1B0,92,3,50.0,50.0,1.116166568061844,200,1000,6,0.45126695180135895,0.43736582166520577,1338.5799305892397,6070.374627366338,22289.823347323556,83007.91020248027,820.9567750768161,744.298684041627,236.06014523084463,108.79933092670743,0.0,
ausprivauto0405,nanoTabPFN-A1B0-s92,A1B0,92,4,1.0,1.0,1.119143963135271,200,1000,70,1.964631573355317,1.8429097383958557,1189.5208680576652,4385.329161374717,310169.1173389094,1214747.583828274,808.860781292347,764.0758045176239,3208.292434410001,1207.8743359762948,0.0,
ausprivauto0405,nanoTabPFN-A1B0-s92,A1B0,92,4,4.0,4.0,1.119143963135271,200,1000,52,0.6323247663601087,0.5953111767877908,1009.3392107731477,4229.483784827355,20759.54654079004,3230064.7116217,792.2443392194929,758.9592659992072,259.5843707726403,3012.3458524943976,0.0,
ausprivauto0405,nanoTabPFN-A1B0-s92,A1B0,92,4,20.0,20.0,1.119143963135271,200,1000,15,0.650440055187791,0.6557404623087927,719.7174334831425,4464.005372440863,24320.210836901504,104200.10682723556,796.6784250371973,764.1287944435247,273.5863981627665,624.531556480159,0.0,
ausprivauto0405,nanoTabPFN-A1B0-s92,A1B0,92,4,50.0,50.0,1.119143963135271,200,1000,6,0.4930541506374369,0.5020517675748298,1205.9317936163116,7188.956468910586,28696.777603059694,112796.00547617968,836.891563922335,871.5115201968612,331.753414152193,138.46030608526732,0.0,
ausprivauto0405,nanoTabPFN-A1B0-s92,A1B0,92,5,1.0,1.0,1.1804704388704697,200,1000,73,2.1583392008737756,2.0610844530667025,1000.5418108513611,4650.478583946582,568282.1658918348,751694.2570863343,856.633568506208,830.4125286725823,5392.616355276261,746.9122909799371,0.0,
ausprivauto0405,nanoTabPFN-A1B0-s92,A1B0,92,5,4.0,4.000000000000001,1.1804704388704697,200,1000,55,0.5567694820259474,0.5354775037871622,987.7185644126065,4482.603295864386,20136.29071084552,2502107.7864898234,855.9617610508599,819.1798458427717,2374.797561129005,2261.525017438187,0.0,
ausprivauto0405,nanoTabPFN-A1B0-s92,A1B0,92,5,20.0,20.0,1.1804704388704697,200,1000,17,0.5550418735382142,0.5318699174216815,852.2034338847625,3875.5176032557956,16970.43746828877,74068.1240982229,851.5897912315511,832.2818236478687,441.921777808203,1680.057442093723,0.0,
ausprivauto0405,nanoTabPFN-A1B0-s92,A1B0,92,5,50.0,50.0,1.1804704388704697,200,1000,7,0.415132785634478,0.3828688645672877,1166.7958220730525,5015.724309830835,17050.827361026604,65884.86787002816,876.661754913705,806.4065373061077,253.17826626314113,336.08156714611437,0.0,
ausprivauto0405,nanoTabPFN-A1B0-s92,A1B0,92,6,1.0,1.0,1.128687181260936,200,1000,72,2.171297344222305,2.0637878163238446,883.6146095814718,3629.1396447950237,424902.91299570707,729193.4706935663,906.2997620809989,964.7248376267112,4124.080933086595,725.9896974616607,0.0,
ausprivauto0405,nanoTabPFN-A1B0-s92,A1B0,92,6,4.0,3.999999999999999,1.128687181260936,200,1000,52,0.5101341946044481,0.48128424720587265,824.0162468941138,3507.456272612513,14136.07755391996,2157293.158773337,903.0450065337641,969.91246572195,241.6847268734664,2109.737102188535,0.0,
ausprivauto0405,nanoTabPFN-A1B0-s92,A1B0,92,6,20.0,20.000000000000004,1.128687181260936,200,1000,15,0.6205731591916579,0.6121337012420012,662.9928625367461,3618.408727566647,18268.494481975475,85415.42367693201,904.7252497900354,965.6311975230366,224.85339435156953,296.8707032744221,0.0,
ausprivauto0405,nanoTabPFN-A1B0-s92,A1B0,92,6,50.0,50.00000000000001,1.128687181260936,200,1000,6,0.4624027592043908,0.45682518517923115,1059.4484197109332,5065.777977727827,19575.314175970772,72040.73145944861,919.675469209309,921.2299438974163,231.02881181279693,74.89672822522269,0.0,
ausprivauto0405,nanoTabPFN-A1B0-s92,A1B0,92,7,1.0,1.0,1.0574938383692571,200,1000,72,2.113577116100226,1.9943889581636283,893.6245118469735,3365.4939894407953,337726.62016372936,728937.7069246611,867.8320795710408,886.8858719428263,3291.0054503526826,726.1435606243795,0.0,
ausprivauto0405,nanoTabPFN-A1B0-s92,A1B0,92,7,4.0,3.999999999999999,1.0574938383692571,200,1000,45,0.5579102072111533,0.515451221930662,827.1899172503464,3339.5827023009615,14254.610273628288,2118702.0031948145,866.0528681795862,885.3954898566802,475.95527532613613,2056.9152253869606,0.0,
ausprivauto0405,nanoTabPFN-A1B0-s92,A1B0,92,7,20.0,20.0,1.0574938383692571,200,1000,11,0.6535697520570783,0.6450827132744262,549.3431504884438,3194.44427392984,17375.27345970506,75419.77997605564,876.0545020522558,898.6597365958053,322.1168223022592,541.3737431355215,0.0,
ausprivauto0405,nanoTabPFN-A1B0-s92,A1B0,92,7,50.0,50.0,1.0574938383692571,200,1000,5,0.41800601499538625,0.4156080816105799,1037.2974221175464,5010.553476748249,18031.602628164663,68330.96265428189,875.294860125065,832.4612636756066,251.89428768254933,143.29283575770444,0.0,
ausprivauto0405,nanoTabPFN-A1B0-s92,A1B0,92,8,1.0,1.0,1.1433043969274483,200,1000,71,2.196849968336966,2.0957803953029295,873.1182059606344,3774.689757734569,482403.67978268827,765129.100068039,883.2185127902916,929.2505646972241,4671.409313715877,761.7134516266544,0.1,
ausprivauto0405,nanoTabPFN-A1B0-s92,A1B0,92,8,4.0,4.0,1.1433043969274483,200,1000,53,0.5892259968572919,0.5537700168619817,839.9367322438859,3585.326189865821,16343.166240441902,2388099.3711746773,881.6117152449993,931.0167546648453,401.4974495568423,2269.2937595047165,0.0,
ausprivauto0405,nanoTabPFN-A1B0-s92,A1B0,92,8,20.0,20.000000000000004,1.1433043969274483,200,1000,16,0.6406586311257795,0.6147206052486008,748.1298508290079,3348.428471903116,17437.394813635277,78774.98312254564,879.8549245830394,946.2570870293199,267.1636109645253,803.796484338278,0.1,
ausprivauto0405,nanoTabPFN-A1B0-s92,A1B0,92,8,50.0,50.0,1.1433043969274483,200,1000,7,0.4355933757134438,0.43321703714709986,999.3297254835197,4964.330378102495,18199.757726985517,73560.23953778451,894.0154042241564,893.8396670269325,281.8790983285338,177.21708606590937,0.0,
ausprivauto0405,nanoTabPFN-A1B0-s92,A1B0,92,9,1.0,1.0,1.0641253219377038,200,1000,75,2.097528844910559,2.0197455285556205,962.2165266590449,5164.694617162834,546914.7621055659,690052.6649093381,770.8658791832516,723.8126546170329,5419.798086694769,687.8661694059904,0.0,
ausprivauto0405,nanoTabPFN-A1B0-s92,A1B0,92,9,4.0,4.0,1.0641253219377038,200,1000,48,0.5511850055112398,0.5387213279750697,915.6808168972811,4414.949988894296,19904.550634673633,2331780.565015139,767.9269939560195,712.8705577389726,431.83398082891847,2265.004843385303,0.0,
ausprivauto0405,nanoTabPFN-A1B0-s92,A1B0,92,9,20.0,20.000000000000004,1.0641253219377038,200,1000,12,0.5764253114358622,0.5685199218048765,805.8207394100255,4333.618941338387,20550.27367877711,96989.19639816694,762.7417362083818,712.3939184889716,215.41975796025898,974.3960852550061,0.0,
ausprivauto0405,nanoTabPFN-A1B0-s92,A1B0,92,9,50.0,50.0,1.0641253219377038,200,1000,5,0.32706137702440247,0.3165555749615641,1366.9200449633536,5479.592206132521,17146.130595409268,61830.593227204066,810.6022875278995,724.4715564525084,192.88692291213795,77.6560131840526,0.0,
ausprivauto0405,nanoTabPFN-A1B0-s92,A1B0,92,10,1.0,1.0,1.1399570541412825,200,1000,71,2.163690395690239,2.058559591524869,1045.7169078376437,4331.805404123398,500819.9581909512,1001070.2113153497,929.166044576886,932.2455885797767,4676.811108131522,995.1497788061278,0.1,
ausprivauto0405,nanoTabPFN-A1B0-s92,A1B0,92,10,4.0,4.000000000000001,1.1399570541412825,200,1000,53,0.6115958220714992,0.5784335235571918,1047.841290101463,4731.469971749284,22364.849308276385,3175416.9924319433,926.567941675948,904.1238205880213,1839.5345807963754,2839.829252387868,0.0,
ausprivauto0405,nanoTabPFN-A1B0-s92,A1B0,92,10,20.0,20.0,1.1399570541412825,200,1000,16,0.6682443387429272,0.6410768865481862,859.9586737448212,4205.463353395211,22967.366285857195,98532.00739717207,920.739882577394,937.2838499749367,286.6264822851001,1489.687720610119,0.0,
ausprivauto0405,nanoTabPFN-A1B0-s92,A1B0,92,10,50.0,50.0,1.1399570541412825,200,1000,6,0.4981449129193228,0.4922399433109923,1218.4386146174393,6585.275974013186,26124.695381135778,99609.48888474346,945.7266326910158,915.5206493372407,297.3121162498916,350.0033923795767,0.0,
ausprivauto0405,nanoTabPFN-A1B0-s92,A1B0,92,11,1.0,1.0,1.1704428842189083,200,1000,71,2.1862006431753747,2.091483965846532,1055.9500313628341,4709.822871788241,601144.8995723019,1004150.3141581612,842.0139373982482,798.157003194321,5841.154802316865,1000.6282387342935,0.0,
ausprivauto0405,nanoTabPFN-A1B0-s92,A1B0,92,11,4.0,3.9999999999999996,1.1704428842189083,200,1000,54,0.6040463841339224,0.5717519705492861,1021.840091128824,4457.727697035723,21294.67296588567,3130980.2664108654,839.9525464962726,792.0571241162517,566.4099025489708,2962.1740100106626,0.0,
ausprivauto0405,nanoTabPFN-A1B0-s92,A1B0,92,11,20.0,20.000000000000004,1.1704428842189083,200,1000,17,0.6479302383583879,0.6269071498364663,835.5241283993041,4233.126573683245,22427.455864694115,95957.441353248,834.8574762005808,803.1843196485489,237.3687413440348,985.4233523760142,0.0,
ausprivauto0405,nanoTabPFN-A1B0-s92,A1B0,92,11,50.0,50.0,1.1704428842189083,200,1000,7,0.5039217983606552,0.49897026921669296,1243.4578284340023,6540.978026384399,26406.98189250216,96685.4253586598,868.721251863476,812.9423493327796,278.8172355838501,122.58936965771188,0.0,
ausprivauto0405,nanoTabPFN-A1B0-s92,A1B0,92,12,1.0,1.0,1.0926200145428704,200,1000,69,2.0950756289660797,1.9707485822805648,966.9903961087551,3551.771300112916,332774.60419123096,988099.7636939785,804.8296654292499,808.6602967190128,3321.745398892384,983.7273138529425,0.0,
ausprivauto0405,nanoTabPFN-A1B0-s92,A1B0,92,12,4.0,4.000000000000001,1.0926200145428704,200,1000,50,0.6582306975401562,0.6081126893651758,895.895946929299,3532.6911689908657,17946.536855445403,2788235.554362083,800.8966827778553,811.9084300665536,283.7792350210326,2665.256933909878,0.1,
ausprivauto0405,nanoTabPFN-A1B0-s92,A1B0,92,12,20.0,20.0,1.0926200145428704,200,1000,14,0.7202760020609368,0.6731673176155268,950.8496058367496,3718.07880161149,21095.919989495924,88152.35438517487,807.2367372607728,803.6727400824763,259.7787536092716,925.0571838553005,0.0,
ausprivauto0405,nanoTabPFN-A1B0-s92,A1B0,92,12,50.0,50.00000000000001,1.0926200145428704,200,1000,5,0.5444857620873371,0.5443764697325628,930.081417130049,5619.1523798373455,24166.41948799426,97242.6209129011,823.0514696239565,808.8252641737046,291.15103824551136,115.57918523707643,0.0,
ausprivauto0405,nanoTabPFN-A1B0-s92,A1B0,92,13,1.0,1.0,1.0522211476404697,200,1000,74,2.156738822713438,2.046763757531248,940.7923711296229,3837.5709484813306,457084.86346782837,720946.6892427397,835.1455059903664,1025.5258371134198,4633.039267390099,719.7538756396235,0.0,
ausprivauto0405,nanoTabPFN-A1B0-s92,A1B0,92,13,4.0,3.999999999999999,1.0522211476404697,200,1000,45,0.5429724072090508,0.5177297124982946,891.5612713695261,3851.222507926402,16676.12762497779,2285558.715294008,832.9248377912528,857.0907857345366,1702.0529069657873,2155.956660409673,0.0,
ausprivauto0405,nanoTabPFN-A1B0-s92,A1B0,92,13,20.0,20.0,1.0522211476404697,200,1000,11,0.568474828833015,0.5554272571735513,646.5646117913125,3255.0885353671965,15397.334858555152,63833.91885076054,830.6263965955826,873.5505160778854,408.41132613440743,1353.570905415072,0.0,
ausprivauto0405,nanoTabPFN-A1B0-s92,A1B0,92,13,50.0,50.00000000000001,1.0522211476404697,200,1000,4,0.4015078381747936,0.3685503898494525,1043.8356916168796,4264.150406325451,13811.317318525207,52854.44712459945,860.4647355559403,868.455060182223,276.72697883339714,310.47900217086453,0.1,
ausprivauto0405,nanoTabPFN-A1B0-s92,A1B0,92,14,1.0,1.0,1.1232339121343675,200,1000,72,2.1710289228659576,2.0776755079784985,1086.840281456491,4971.758378516737,631155.0729535329,1023496.6820357938,740.8433455842685,676.4134094576995,6124.273502184071,1020.0095343126716,0.0,
ausprivauto0405,nanoTabPFN-A1B0-s92,A1B0,92,14,4.0,4.0,1.1232339121343675,200,1000,52,0.6199200686107069,0.5919397616092977,1085.8317661076658,4909.819288071527,24201.163760474497,3317923.159469889,739.515578587648,682.4904295559242,837.6252379407485,3124.0210519060656,0.0,
ausprivauto0405,nanoTabPFN-A1B0-s92,A1B0,92,14,20.0,19.999999999999996,1.1232339121343675,200,1000,15,0.6132077178878685,0.6019810775756422,810.7272472764312,4183.987973590061,20859.028465494805,93118.05563730004,726.4055097680886,678.5097451224441,249.01623949423416,1788.6555637849033,0.0,
ausprivauto0405,nanoTabPFN-A1B0-s92,A1B0,92,14,50.0,50.00000000000001,1.1232339121343675,200,1000,6,0.5128017364802271,0.49032188676239863,1234.3968263990691,6155.975145321297,23956.020940009545,93255.63590187498,792.1874604348496,743.6899562535372,276.98979751930494,110.87762844222505,0.0,
ausprivauto0405,nanoTabPFN-A1B0-s92,A1B0,92,15,1.0,1.0,1.133350288602216,200,1000,71,2.1996485050271968,2.09882718951769,982.948836472512,4060.291290635352,516617.7684545468,955419.9183002063,809.6290345106379,749.3216162015501,5047.80885201132,952.4510443482988,0.0,
ausprivauto0405,nanoTabPFN-A1B0-s92,A1B0,92,15,4.0,3.9999999999999996,1.133350288602216,200,1000,53,0.6311227259561172,0.5836267455410117,966.8858193970038,3949.1280187965685,18958.56636707094,2859443.0772663523,808.4024906686489,755.7674859409418,243.01531881111592,2735.9398781588197,0.0,
ausprivauto0405,nanoTabPFN-A1B0-s92,A1B0,92,15,20.0,19.999999999999993,1.133350288602216,200,1000,16,0.657106360721796,0.6392103208394916,758.3495460241438,3677.2772263132374,19742.60885936558,83196.55086866426,803.0166026592136,759.5539254994735,235.28178268962222,1037.6956850725646,0.0,
ausprivauto0405,nanoTabPFN-A1B0-s92,A1B0,92,15,50.0,49.99999999999999,1.133350288602216,200,1000,6,0.49784072607138447,0.4968728745078002,1108.7010491942829,6080.3587775223805,24429.998660667457,92307.68238133956,821.2211989468808,771.4295361496012,284.41925904754225,129.36400111850875,0.0,
ausprivauto0405,nanoTabPFN-A1B0-s92,A1B0,92,16,1.0,1.0,1.120389421822627,200,1000,70,2.1676749105706343,2.04609686792691,948.0056834129063,3587.945455903273,404352.9437281202,912657.5396146801,870.2397650792241,908.6250217317315,3870.4197702978095,909.0165081083528,0.0,
ausprivauto0405,nanoTabPFN-A1B0-s92,A1B0,92,16,4.0,3.999999999999999,1.120389421822627,200,1000,52,0.6456635509839281,0.6058138271165098,860.3478386919895,3684.1450963247653,18488.60606080361,2821488.5704163015,866.2771483912395,897.6977277138958,273.707005924091,2719.707163600868,0.0,
ausprivauto0405,nanoTabPFN-A1B0-s92,A1B0,92,16,20.0,20.0,1.120389421822627,200,1000,15,0.7179809778518393,0.6902455792531806,731.7531850960154,3624.533595772473,21459.446171326726,91833.6639961205,864.9767030903897,901.5375199870483,256.2622514048398,460.3672319624969,0.0,
ausprivauto0405,nanoTabPFN-A1B0-s92,A1B0,92,16,50.0,50.000000000000014,1.120389421822627,200,1000,6,0.4582387327442797,0.4708127550671744,1090.171164072167,6204.770519121015,24479.834029959162,98513.40878208747,877.3650278294261,871.5278379424215,274.2029891984462,110.35964615918158,0.1,
ausprivauto0405,nanoTabPFN-A1B0-s92,A1B0,92,17,1.0,1.0,1.1371650845547003,200,1000,72,2.178189338003587,2.086982749452417,1114.0594181953309,5373.228873387842,668350.048542679,987021.0042594012,806.6105665091346,789.2899734435953,6563.865196880415,984.059726849307,0.0,
ausprivauto0405,nanoTabPFN-A1B0-s92,A1B0,92,17,4.0,4.000000000000001,1.1371650845547003,200,1000,54,0.6046992001494276,0.5722838578238187,1116.9671382689362,4810.801781491501,22806.165788274353,3155273.9966007215,807.1705438297323,779.4556690791441,247.01643213299536,3109.9948367800575,0.0,
ausprivauto0405,nanoTabPFN-A1B0-s92,A1B0,92,17,20.0,19.999999999999996,1.1371650845547003,200,1000,16,0.6440579170479634,0.6264784179758749,919.9542640162658,4623.489638200377,24187.726538092502,114505.54953535934,798.6698677002445,782.9897302826303,263.491896645502,668.0565475113192,0.0,
ausprivauto0405,nanoTabPFN-A1B0-s92,A1B0,92,17,50.0,49.99999999999999,1.1371650845547003,200,1000,6,0.4726826935759073,0.46757746170478853,1404.9423745253716,6846.317395387767,26761.579773071928,100225.8875682598,849.2240210600244,870.8282887172769,295.3586412251219,106.11171797918311,0.1,
ausprivauto0405,nanoTabPFN-A1B0-s92,A1B0,92,18,1.0,1.0,1.1921620989345798,200,1000,71,2.162906368363917,2.050973235428316,1133.1283526964353,4503.583082859472,510239.7302578114,1093864.259565359,794.6913292467281,760.0556175921455,5041.560316116153,1091.48678485124,0.0,
ausprivauto0405,nanoTabPFN-A1B0-s92,A1B0,92,18,4.0,4.0,1.1921620989345798,200,1000,54,0.6019041399486548,0.5700134457947491,1038.3483709994132,4503.398917992623,21255.74748634828,3237592.3657215023,785.8614547608374,751.0760536303889,288.7017321566391,3180.4535426234734,0.0,
ausprivauto0405,nanoTabPFN-A1B0-s92,A1B0,92,18,20.0,20.000000000000004,1.1921620989345798,200,1000,18,0.5890520139667164,0.574589530233028,914.5200278928069,4508.962289838277,21427.103318511436,90759.56778154754,776.3138987405645,758.2981255044192,239.02103906622395,769.3923574920034,0.0,
ausprivauto0405,nanoTabPFN-A1B0-s92,A1B0,92,18,50.0,50.0,1.1921620989345798,200,1000,7,0.4593625073763425,0.46499439839612994,1198.2236504041139,6614.530352170633,25778.556380221686,101112.77714880864,809.8135495834879,812.9748446881728,271.8052191328173,235.61092906783108,0.0,
ausprivauto0405,nanoTabPFN-A1B0-s92,A1B0,92,19,1.0,1.0,1.134543515882247,200,1000,70,2.1671230652740308,2.075343773471883,844.7141993948169,3291.9397437900284,406587.9032204881,795856.2649896597,745.946918081268,747.5740448725489,3507.4838354291032,785.3522510778596,0.0,
ausprivauto0405,nanoTabPFN-A1B0-s92,A1B0,92,19,4.0,4.0,1.134543515882247,200,1000,53,0.60873723617085,0.5678267199309341,788.5524225587934,3294.7598239596828,15764.644025169506,2392565.8328100946,745.4125208784984,750.7440723868737,467.86319103937166,2084.449517476285,0.1,
ausprivauto0405,nanoTabPFN-A1B0-s92,A1B0,92,19,20.0,20.000000000000004,1.134543515882247,200,1000,16,0.6064962457222445,0.5753702134550972,724.3625785586742,3246.3182211848643,15572.155618943816,69278.33324564411,747.8039122773132,746.341120863138,195.74832058173203,1023.6660674036208,0.0,
ausprivauto0405,nanoTabPFN-A1B0-s92,A1B0,92,19,50.0,50.00000000000001,1.134543515882247,200,1000,6,0.4803327885487545,0.46072439132186926,858.0574503726311,4477.547259048451,16727.333017547204,70500.20497459082,758.8864848440024,730.1629706328025,213.25777558476338,143.9819736421811,0.0,
ausprivauto0405,nanoTabPFN-ATB0-s92,ATB0,92,0,1.0,1.0,1.0933856100915766,200,1000,72,2.075066784078585,1.9461906297153984,907.5413577952656,3229.780676984315,290165.1907641654,768381.8140289872,783.0205559559575,800.63182044226,2730.929423472176,762.4785545897765,0.1,
ausprivauto0405,nanoTabPFN-ATB0-s92,ATB0,92,0,4.0,4.0,1.0933856100915766,200,1000,50,0.5192486997772361,0.4868641207721591,840.5215497354919,3397.7891529392964,13916.101471174445,2140633.860220406,779.1786929458843,795.9933223788403,222.28716462031932,1737.367630534891,0.0,
ausprivauto0405,nanoTabPFN-ATB0-s92,ATB0,92,0,20.0,20.0,1.0933856100915766,200,1000,14,0.6139392496119296,0.563107409225165,1388.3214193695271,5171.265287714692,23860.086529754608,135928.38972075167,840.664284871424,773.2108427604836,270.4969436194977,2559.04678418347,0.0,
ausprivauto0405,nanoTabPFN-ATB0-s92,ATB0,92,0,50.0,50.0,1.0933856100915766,200,1000,6,-0.09627615709272917,-0.16636733261408057,3397.9497157804008,8019.1841393959785,13498.063108154649,185905.29878331628,1401.1383895284807,870.1805273470131,217.9905890062676,1283.4010673201649,0.0,
ausprivauto0405,nanoTabPFN-ATB0-s92,ATB0,92,1,1.0,1.0,1.1285042000554817,200,1000,69,0.45783700288030976,0.3840394732326173,1141.9204162978267,3454.989540384468,11860.275742433518,1097155.9441957525,853.662409050633,871.0017172580133,756.9072083772617,1054.4448288603455,0.0,
ausprivauto0405,nanoTabPFN-ATB0-s92,ATB0,92,1,4.0,4.0,1.1285042000554817,200,1000,52,0.5298419834715544,0.5026335079923389,959.469528870955,4047.931601045214,17080.481934550793,2072434.6875377544,839.890659901195,849.2905892088492,200.99360553786235,1877.1303922901045,0.0,
ausprivauto0405,nanoTabPFN-ATB0-s92,ATB0,92,1,20.0,20.0,1.1285042000554817,200,1000,15,0.6650589770278772,0.6209332583784496,1750.7316767806155,7171.108674478575,37525.5829256898,222829.2334938161,993.4311172245548,881.8961565726847,455.8520280085907,3636.156074801164,0.0,
ausprivauto0405,nanoTabPFN-ATB0-s92,ATB0,92,1,50.0,50.0,1.1285042000554817,200,1000,6,-0.10381305669489528,-0.15146691493244138,4935.918910165983,12428.822795340417,21170.952857448938,247475.93783067528,1999.4744563805527,1176.2950625474634,236.65422410863087,964.4507399766457,0.0,
ausprivauto0405,nanoTabPFN-ATB0-s92,ATB0,92,2,1.0,1.0,1.0727387885167678,200,1000,73,2.155478808035064,2.056148575745388,902.1290339289416,3880.9762821521313,445703.65060251177,745356.2543371097,916.5098496982946,955.8407477292426,4322.010488387352,742.0414431594133,0.1,
ausprivauto0405,nanoTabPFN-ATB0-s92,ATB0,92,2,4.0,4.000000000000001,1.0727387885167678,200,1000,49,0.5055011304961697,0.4752045762384526,848.0609100220553,3428.260469902294,13712.374641392153,2069284.797322018,914.7484061089269,987.984326745486,320.2077285643036,1976.1072527106417,0.0,
ausprivauto0405,nanoTabPFN-ATB0-s92,ATB0,92,2,20.0,20.0,1.0727387885167678,200,1000,12,0.5589297010937305,0.5255773399416866,1363.0976518941293,5517.167238513744,24026.198422035915,136087.61422359885,977.5935568320162,943.4860090762322,287.5762595591891,1173.9112004188778,0.0,
ausprivauto0405,nanoTabPFN-ATB0-s92,ATB0,92,2,50.0,50.0,1.0727387885167678,200,1000,5,-0.149573934404996,-0.22180539595318133,3336.7947578539047,7620.037694730055,12187.965625608816,242901.96672971713,1456.030067120514,972.6141534286713,333.4409575763577,1798.7508353655107,0.1,
ausprivauto0405,nanoTabPFN-ATB0-s92,ATB0,92,3,1.0,1.0,1.116166568061844,200,1000,73,2.1666037426545963,2.0644152052000986,1119.5510515446076,4826.175886011413,593865.9430197512,847728.3093959249,788.9564786981044,713.8702551076301,5641.070330543975,843.0469985364513,0.1,
ausprivauto0405,nanoTabPFN-ATB0-s92,ATB0,92,3,4.0,4.0,1.116166568061844,200,1000,53,0.48049542020058006,0.452954498693905,999.9976860767208,4076.977334139561,15560.444639380696,2396521.5672895955,777.6083652041577,720.9318471246646,207.53118638831683,2232.989054607863,0.1,
ausprivauto0405,nanoTabPFN-ATB0-s92,ATB0,92,3,20.0,19.999999999999996,1.116166568061844,200,1000,15,0.6120878532531497,0.5639460791166644,1561.0948966646529,5945.541727684364,27155.52904110377,148433.2858842135,858.7029067061962,733.8549174342717,275.3286219443931,1805.4177327503737,0.1,
ausprivauto0405,nanoTabPFN-ATB0-s92,ATB0,92,3,50.0,50.0,1.116166568061844,200,1000,6,-0.05219759612584708,-0.13842426893459672,3849.2737664977976,8942.710029356693,15498.203499755267,168872.4934319668,1525.292986725917,880.6591765289195,178.83890531193657,703.6194005956634,0.1,
ausprivauto0405,nanoTabPFN-ATB0-s92,ATB0,92,4,1.0,1.0,1.119143963135271,200,1000,70,0.42674633369016957,0.3547640248147958,1229.6255348093828,3748.1769191589356,12161.375906151068,1101765.5972017152,813.6095709016747,776.7495451336138,498.29340630671396,1089.8256456463662,0.1,
ausprivauto0405,nanoTabPFN-ATB0-s92,ATB0,92,4,4.0,4.0,1.119143963135271,200,1000,52,0.5510947974473193,0.5211471072314011,955.2072177736504,4060.47163426962,17693.021914586127,2300409.6356196245,789.8967366056701,771.4178859200106,214.0620277308387,2218.8972827312114,0.0,
ausprivauto0405,nanoTabPFN-ATB0-s92,ATB0,92,4,20.0,20.0,1.119143963135271,200,1000,15,0.6251361852568087,0.578947777947411,2030.0933895376866,7999.178385177942,38101.39103575799,225235.23512528327,1003.4503735642436,867.0503847839914,388.38633172386585,2780.5017499815913,0.1,
ausprivauto0405,nanoTabPFN-ATB0-s92,ATB0,92,4,50.0,50.0,1.119143963135271,200,1000,6,-0.06959584037065998,-0.1306585283409737,5162.390238359068,12748.549278543938,22203.392214850595,244956.73664675147,2052.582562473423,1193.7982167712773,238.58576763331087,642.5035492901644,0.0,
ausprivauto0405,nanoTabPFN-ATB0-s92,ATB0,92,5,1.0,1.0,1.1804704388704697,200,1000,73,2.1634962350881657,2.0622582864821783,1008.2247436947191,4379.003386173041,534322.1449844323,748297.8529493571,856.8996772394497,834.2934443074292,5063.291996155927,743.6190870399639,0.0,
ausprivauto0405,nanoTabPFN-ATB0-s92,ATB0,92,5,4.0,4.000000000000001,1.1804704388704697,200,1000,55,0.4839509063490546,0.45212525312920354,932.6003412158711,3665.3599031443746,14078.71580951956,2143918.344218445,854.0708335119905,850.5568567515313,956.662855623922,1952.05369258187,0.1,
ausprivauto0405,nanoTabPFN-ATB0-s92,ATB0,92,5,20.0,20.0,1.1804704388704697,200,1000,17,0.5319291467738348,0.48955010294300466,1400.486330194508,5192.839844696053,20889.652295345615,106967.5139898553,916.5621327494944,824.705590048878,254.65073007579838,1909.5049336866705,0.0,
ausprivauto0405,nanoTabPFN-ATB0-s92,ATB0,92,5,50.0,50.0,1.1804704388704697,200,1000,7,-0.04045181413465091,-0.11816457624087923,3274.663432223617,7867.145550992474,13930.578685847868,154555.66906707158,1393.705685910083,897.5956274864734,229.92620814686327,792.7478044142877,0.0,
ausprivauto0405,nanoTabPFN-ATB0-s92,ATB0,92,6,1.0,1.0,1.128687181260936,200,1000,72,2.1066895579479343,1.9805431563603904,884.2934571290187,3254.5805750996988,314817.4285070081,718185.4316987658,905.9208420490613,993.2746177860596,3090.915143630653,715.6546279741102,0.1,
ausprivauto0405,nanoTabPFN-ATB0-s92,ATB0,92,6,4.0,3.999999999999999,1.128687181260936,200,1000,52,0.47652740852699466,0.4425990822948602,811.1843737168125,3162.1271881299417,11987.260901014535,1861585.9930906924,903.9252498918066,1005.2866390687306,281.9138951624651,1824.392174520033,0.1,
ausprivauto0405,nanoTabPFN-ATB0-s92,ATB0,92,6,20.0,20.000000000000004,1.128687181260936,200,1000,15,0.5961127830471814,0.5539985785019796,1321.4816778026052,5111.674789896258,23099.72275284941,135731.53215317213,961.8330327222992,932.1191776764716,250.49008171926934,1855.6803924631995,0.0,
ausprivauto0405,nanoTabPFN-ATB0-s92,ATB0,92,6,50.0,50.00000000000001,1.128687181260936,200,1000,6,-0.03401511837827683,-0.11364261791035724,3243.889267789535,7723.318254446724,13728.785019337927,167140.87214244163,1443.5408121262574,956.5605405985564,245.67723545476653,922.8052160705817,0.1,
ausprivauto0405,nanoTabPFN-ATB0-s92,ATB0,92,7,1.0,1.0,1.0574938383692571,200,1000,72,1.8829797987428742,1.7481396326125531,902.4717872472768,3088.7022764882086,177963.3806510882,712960.7269582811,868.9863720979713,912.7371102100834,2031.1014098608548,711.2539939960003,0.0,
ausprivauto0405,nanoTabPFN-ATB0-s92,ATB0,92,7,4.0,3.999999999999999,1.0574938383692571,200,1000,45,0.4925807336379592,0.4574020992867088,790.2670456941361,3080.879060612854,12012.405582605768,1762140.8727166387,866.106839260136,918.1817710100951,287.34059449628313,1749.6462032679153,0.1,
ausprivauto0405,nanoTabPFN-ATB0-s92,ATB0,92,7,20.0,20.0,1.0574938383692571,200,1000,11,0.6390547183140713,0.5935028884817841,1301.7611159710855,5260.602729507445,25910.41796837892,898781.3090766054,905.6939553562612,841.3029088023112,285.4128188579313,2166.480904460783,0.0,
ausprivauto0405,nanoTabPFN-ATB0-s92,ATB0,92,7,50.0,50.0,1.0574938383692571,200,1000,5,-0.20374081246193165,-0.25665405028467264,3211.226632904948,7344.130689105577,11154.069463360604,321597.2322605909,1355.8160374483582,894.1711614672182,309.1643505572442,2957.5609885882923,0.0,
ausprivauto0405,nanoTabPFN-ATB0-s92,ATB0,92,8,1.0,1.0,1.1433043969274483,200,1000,71,2.106292162806149,1.9766941297090017,864.059489871805,3095.2724625619067,296078.7211293015,746499.1913886042,882.9241387457889,973.6572746118117,2769.6509115268605,742.1381580270034,0.1,
ausprivauto0405,nanoTabPFN-ATB0-s92,ATB0,92,8,4.0,4.0,1.1433043969274483,200,1000,53,0.5084772360527567,0.4774942486303055,814.054641748808,3325.3952795504674,13354.676424420475,2036551.6685042684,881.3012636933087,956.9088900196774,284.89664865174007,1805.0648372696066,0.0,
ausprivauto0405,nanoTabPFN-ATB0-s92,ATB0,92,8,20.0,20.000000000000004,1.1433043969274483,200,1000,16,0.5847886154116902,0.5327648678224801,1451.785447187554,5249.425401448968,22998.789301511813,136445.4664219924,961.7858597343678,890.9599069214423,275.43849750567193,1956.4902834135733,0.1,
ausprivauto0405,nanoTabPFN-ATB0-s92,ATB0,92,8,50.0,50.0,1.1433043969274483,200,1000,7,-0.03683848814724831,-0.10217961616498612,3256.6128158099255,7981.799704263789,14288.172472484439,156813.94962374418,1439.9179973430157,971.799738486594,278.20112219988357,623.6127545459245,0.0,
ausprivauto0405,nanoTabPFN-ATB0-s92,ATB0,92,9,1.0,1.0,1.0641253219377038,200,1000,75,2.111652326640102,2.0240811909995613,984.1474743479712,4833.4925560338925,517234.9280097129,687083.479049214,773.3435781791245,720.0521287685905,5126.571632977439,684.9338779701116,0.0,
ausprivauto0405,nanoTabPFN-ATB0-s92,ATB0,92,9,4.0,4.0,1.0641253219377038,200,1000,48,0.50951995164797,0.47761729890989596,893.6825961671577,3673.8849464534896,14701.500405452844,2081321.315188052,766.8845073855891,729.5536196970206,179.29112004198197,2028.0713660039041,0.0,
ausprivauto0405,nanoTabPFN-ATB0-s92,ATB0,92,9,20.0,20.000000000000004,1.0641253219377038,200,1000,12,0.48821587050909737,0.4674068164981425,1296.3783598041875,5488.973984506363,21472.721525131255,107659.43629341666,799.5899250873734,725.793754422554,212.14644226262345,631.6744281715353,0.1,
ausprivauto0405,nanoTabPFN-ATB0-s92,ATB0,92,9,50.0,50.0,1.0641253219377038,200,1000,5,-0.2273669103731979,-0.28502648515465207,3125.848607557563,6991.217682742521,10407.357405573584,144349.21894837802,1247.8676274944623,781.2874635961825,219.17633428159894,754.8313842947073,0.0,
ausprivauto0405,nanoTabPFN-ATB0-s92,ATB0,92,10,1.0,1.0,1.1399570541412825,200,1000,71,1.8466577442014485,1.7178862972994275,1062.3624230221653,3834.3735363533465,201877.7688337947,971181.3533458492,931.0328091191467,961.754431826867,2673.6940951688366,961.1234518457306,0.0,
ausprivauto0405,nanoTabPFN-ATB0-s92,ATB0,92,10,4.0,4.000000000000001,1.1399570541412825,200,1000,53,0.5361102959007823,0.5074351677425689,972.9415428140521,4156.2861002357295,17521.207723925818,2529803.1040511215,922.7107958287505,948.0244727036422,255.95303087982967,2096.998852790303,0.0,
ausprivauto0405,nanoTabPFN-ATB0-s92,ATB0,92,10,20.0,20.0,1.1399570541412825,200,1000,16,0.6252196040137659,0.5649533582045208,1794.7277635131436,6492.817699221181,30073.532527511932,175397.58237954872,1048.056513338531,945.4224698982808,344.2717062640098,3060.5256148374556,0.0,
ausprivauto0405,nanoTabPFN-ATB0-s92,ATB0,92,10,50.0,50.0,1.1399570541412825,200,1000,6,-0.02761165371831842,-0.09602691340602626,4322.821744884765,10579.876272626869,19053.465960691014,233941.61587929164,1821.314629446683,1134.7363789261217,265.16732563280436,1184.600909865504,0.0,
ausprivauto0405,nanoTabPFN-ATB0-s92,ATB0,92,11,1.0,1.0,1.1704428842189083,200,1000,71,2.0470749218183912,1.921637962271627,1049.7891515834513,3836.3361189083535,328668.94127914717,976901.5947500387,841.6872823370586,819.6796996702675,3165.995402801197,972.0386949598152,0.0,
ausprivauto0405,nanoTabPFN-ATB0-s92,ATB0,92,11,4.0,3.9999999999999996,1.1704428842189083,200,1000,54,0.5105557183134284,0.4789584780914962,1000.668180321722,4061.8175344594392,16349.847986661809,2443384.969930347,837.3597473481547,810.7709510537047,216.66979233005947,2372.9791838728966,0.0,
ausprivauto0405,nanoTabPFN-ATB0-s92,ATB0,92,11,20.0,20.000000000000004,1.1704428842189083,200,1000,17,0.6163100498018733,0.5698762349778531,1677.956090210946,6463.238205950645,30080.20139933991,167112.52542690173,937.0655674876724,807.8169272376801,325.82156298386445,2636.4520426431395,0.0,
ausprivauto0405,nanoTabPFN-ATB0-s92,ATB0,92,11,50.0,50.0,1.1704428842189083,200,1000,7,-0.019972851596633496,-0.07802203444864848,4255.487479373852,10567.341156807977,19210.147966299664,205461.0806647921,1713.1779884231778,1043.2007146423764,242.99787786327377,742.2980638917377,0.0,
ausprivauto0405,nanoTabPFN-ATB0-s92,ATB0,92,12,1.0,1.0,1.0926200145428704,200,1000,69,0.4696756103994905,0.39600031397705454,983.8551921435859,3036.2095952564327,10563.977508604465,918841.993354958,806.3405779289812,846.5985219048047,965.1231121367127,905.8054675707002,0.1,
ausprivauto0405,nanoTabPFN-ATB0-s92,ATB0,92,12,4.0,4.000000000000001,1.0926200145428704,200,1000,50,0.5679884911998148,0.532152002911772,853.9700713268383,3429.8367469903037,15060.854640919306,2042680.157484,798.0558752668635,824.9785281349654,227.53106171198783,1774.726988825229,0.0,
ausprivauto0405,nanoTabPFN-ATB0-s92,ATB0,92,12,20.0,20.0,1.0926200145428704,200,1000,14,0.7310155349977363,0.6678147514856926,1506.2965128327555,5732.875888521818,32802.39494576685,1623362.6779001323,922.6091572611728,822.9329287833754,356.6654726731242,4140.345097004671,0.0,
ausprivauto0405,nanoTabPFN-ATB0-s92,ATB0,92,12,50.0,50.00000000000001,1.0926200145428704,200,1000,5,-0.046662420942965833,-0.11975239427953362,4211.575802819631,10250.809972196552,18124.788892341407,320584.6088872206,1739.7570918001788,1057.1823353455998,232.98898028165314,1599.5301252869513,0.0,
ausprivauto0405,nanoTabPFN-ATB0-s92,ATB0,92,13,1.0,1.0,1.0522211476404697,200,1000,74,2.1310791448698474,2.024739925080137,942.3941914525271,3724.1513793394674,423502.6055473396,717589.0684923793,835.3439468901984,993.9160920339898,4314.200238884222,716.5655530065399,0.0,
ausprivauto0405,nanoTabPFN-ATB0-s92,ATB0,92,13,4.0,3.999999999999999,1.0522211476404697,200,1000,45,0.47630412082773055,0.4411969350660584,879.0971551791972,3385.6871264957854,12747.509072919187,1883629.577271672,832.0655122463863,859.3682747423184,674.097831435352,1773.5571130195842,0.1,
ausprivauto0405,nanoTabPFN-ATB0-s92,ATB0,92,13,20.0,20.0,1.0522211476404697,200,1000,11,0.564510017820123,0.5364730707710053,1188.5953485986934,4965.40140487915,21689.152908038715,113587.36378035237,876.3622112350764,858.4837368601675,287.9343204395631,1425.9511740815406,0.0,
ausprivauto0405,nanoTabPFN-ATB0-s92,ATB0,92,13,50.0,50.00000000000001,1.0522211476404697,200,1000,4,-0.2251314067984459,-0.2707912229847971,3128.5328931112253,7183.468968403191,10832.182040066744,190690.28835107305,1335.3978459281268,895.1476820653562,312.21160737223596,1425.0355920474342,0.0,
ausprivauto0405,nanoTabPFN-ATB0-s92,ATB0,92,14,1.0,1.0,1.1232339121343675,200,1000,72,2.1400257170847397,2.0330084491716836,1087.6185473775645,4380.164270558647,478343.19755108946,1008219.5789776184,739.9782501197916,678.1138725065617,4548.630184485651,1003.9762135985048,0.0,
ausprivauto0405,nanoTabPFN-ATB0-s92,ATB0,92,14,4.0,4.0,1.1232339121343675,200,1000,52,0.5266563986155164,0.4973758289460759,1067.9860955307763,4444.385120458985,18467.568016467834,2768201.6131841606,736.5965219975144,677.58589932107,193.98656159801908,2536.3300541613753,0.0,
ausprivauto0405,nanoTabPFN-ATB0-s92,ATB0,92,14,20.0,19.999999999999996,1.1232339121343675,200,1000,15,0.6545058016996502,0.5971310309927007,1809.8974168675027,6891.771216765574,33898.54674965536,670861.0004989733,900.2610704538408,745.5168812283866,359.71195123356324,3889.9929694765406,0.0,
ausprivauto0405,nanoTabPFN-ATB0-s92,ATB0,92,14,50.0,50.00000000000001,1.1232339121343675,200,1000,6,-0.041414019722970305,-0.12131789649940962,4510.301140583872,10673.870641034868,18786.840733482306,240556.65311340793,1769.2316089678775,985.4193724683072,191.25916852444357,1473.7889280089853,0.0,
ausprivauto0405,nanoTabPFN-ATB0-s92,ATB0,92,15,1.0,1.0,1.133350288602216,200,1000,71,1.7081912615878097,1.5762096363122842,1011.1350216230956,3456.399200967987,132613.11265278832,917015.8534857198,812.7510045766821,783.1106772299514,1980.514504937608,915.2965557332949,0.0,
ausprivauto0405,nanoTabPFN-ATB0-s92,ATB0,92,15,4.0,3.9999999999999996,1.133350288602216,200,1000,53,0.5444522126095002,0.5091552902365619,925.7187712756217,3678.1187701416575,15600.258090077932,2208286.4634660566,807.2103298916442,773.4460457070533,213.9814065742329,2049.7094027907765,0.1,
ausprivauto0405,nanoTabPFN-ATB0-s92,ATB0,92,15,20.0,19.999999999999993,1.133350288602216,200,1000,16,0.6723636129061011,0.612128308140299,1650.4185650645586,6159.4149588284445,31149.181975698582,201753.09346927423,896.5320738734302,765.2631293443249,327.56678776533573,3580.8192340989413,0.0,
ausprivauto0405,nanoTabPFN-ATB0-s92,ATB0,92,15,50.0,49.99999999999999,1.133350288602216,200,1000,6,-0.06401895142836843,-0.13055633939692504,4013.30442479077,9799.60991175986,17146.87910495398,197696.31368091778,1582.5160448480242,969.3879604588842,206.2782680298495,1242.8323770335867,0.0,
ausprivauto0405,nanoTabPFN-ATB0-s92,ATB0,92,16,1.0,1.0,1.120389421822627,200,1000,70,0.4524485640045219,0.37901051413250075,986.3278299658823,3029.1755813459436,10283.063509435528,851525.0203507585,872.7791867453533,952.1700375084292,447.55247007858236,846.9738952893714,0.0,
ausprivauto0405,nanoTabPFN-ATB0-s92,ATB0,92,16,4.0,3.999999999999999,1.120389421822627,200,1000,52,0.5504037638466509,0.5205078102530925,792.1343319880002,3246.3690007625387,14044.58834231953,2093523.9848171696,865.7781188773657,933.4855692721142,295.8751474162992,1973.9972042126951,0.0,
ausprivauto0405,nanoTabPFN-ATB0-s92,ATB0,92,16,20.0,20.0,1.120389421822627,200,1000,15,0.631326911087483,0.5807232077123397,1650.606143081066,6349.120864902181,30533.07972121804,1365421.7011398873,965.2077877429745,886.8806960581209,331.75763500438353,3392.9516646890993,0.0,
ausprivauto0405,nanoTabPFN-ATB0-s92,ATB0,92,16,50.0,50.000000000000014,1.120389421822627,200,1000,6,-0.03154967452741855,-0.10276659269726894,3912.047832858003,9548.126924640708,17171.04999986603,264825.39950638404,1640.633404545187,1046.723810271127,268.1296764774596,1666.2428413190557,0.0,
ausprivauto0405,nanoTabPFN-ATB0-s92,ATB0,92,17,1.0,1.0,1.1371650845547003,200,1000,72,2.191209136461667,2.088171350471217,1087.7882923964667,4672.0168858526995,573696.0197661102,977558.6653241537,804.3237049762919,779.3329771974261,5635.788642792188,974.7788249711799,0.1,
ausprivauto0405,nanoTabPFN-ATB0-s92,ATB0,92,17,4.0,4.000000000000001,1.1371650845547003,200,1000,54,0.5136312060065076,0.4850269827945351,1059.729822822729,4438.329830954867,18036.727645030798,2755122.876797953,804.2611403845161,783.5974902972854,228.6402695924243,2694.369492099121,0.0,
ausprivauto0405,nanoTabPFN-ATB0-s92,ATB0,92,17,20.0,19.999999999999996,1.1371650845547003,200,1000,16,0.6528997930580027,0.5995578565202635,1745.9543076951086,6707.2986707376895,32873.11365193725,204667.21296747518,924.7319167407015,846.533658098468,326.9307135941964,2212.243239625862,0.0,
ausprivauto0405,nanoTabPFN-ATB0-s92,ATB0,92,17,50.0,49.99999999999999,1.1371650845547003,200,1000,6,-0.004205540239495394,-0.07980163938081503,4427.9845360215895,10466.588457698725,18910.46382902579,274350.94693573285,1793.3928838578463,1058.78796059972,246.99389415412415,1414.8062125679269,0.0,
ausprivauto0405,nanoTabPFN-ATB0-s92,ATB0,92,18,1.0,1.0,1.1921620989345798,200,1000,71,0.4922854025663021,0.4300616909630052,1130.5581591523337,3697.955517437616,13460.21884100122,1041408.6465254335,794.8651640625802,767.6959685676703,1603.3979194185695,1039.47239221066,0.0,
ausprivauto0405,nanoTabPFN-ATB0-s92,ATB0,92,18,4.0,4.0,1.1921620989345798,200,1000,54,0.5134828355555427,0.4857769962133274,1003.28748066411,4187.725516501574,16995.18500562107,2496019.0665153647,782.1871774713987,758.289429137955,183.70211826961275,2404.27453035976,0.0,
ausprivauto0405,nanoTabPFN-ATB0-s92,ATB0,92,18,20.0,20.000000000000004,1.1921620989345798,200,1000,18,0.6244049895024986,0.5711741928581785,1863.0197438018808,6972.6285598781615,32705.266887536156,182777.92424733995,942.4367216009011,830.8177965056366,374.54137664610477,2757.037577063286,0.0,
ausprivauto0405,nanoTabPFN-ATB0-s92,ATB0,92,18,50.0,50.0,1.1921620989345798,200,1000,7,-0.04176002008110459,-0.09216792518472146,4382.665404364706,11336.992999345293,20464.518329502804,227752.43275973527,1779.7145254969298,1105.1094166859782,228.94056808366912,1239.551964287706,0.0,
ausprivauto0405,nanoTabPFN-ATB0-s92,ATB0,92,19,1.0,1.0,1.134543515882247,200,1000,70,1.418244605628662,1.2840270561462204,862.0626616434458,2709.780934453065,55147.63353680963,760711.6697853829,746.1989562978536,780.3595415861726,1853.2059316658801,738.6500289366413,0.0,
ausprivauto0405,nanoTabPFN-ATB0-s92,ATB0,92,19,4.0,4.0,1.134543515882247,200,1000,53,0.5141032190341288,0.4778665316443445,765.5492953618807,2969.188057333154,12188.1799095856,1765612.8775071714,745.4495251081458,765.7718943454898,193.76260240771063,1495.8039970360746,0.0,
ausprivauto0405,nanoTabPFN-ATB0-s92,ATB0,92,19,20.0,20.000000000000004,1.134543515882247,200,1000,16,0.6499376875326859,0.5854043491476819,1314.1554206152796,4682.110556300662,23115.560255312776,130929.77172546001,823.3390497387776,716.3184954326919,257.0354505415572,2539.240893220935,0.0,
ausprivauto0405,nanoTabPFN-ATB0-s92,ATB0,92,19,50.0,50.00000000000001,1.134543515882247,200,1000,6,-0.07813193553150295,-0.13120217855311056,3257.701417885496,8157.2297188848415,14213.9183518256,155730.29232217246,1335.9089367519923,852.2644908009179,196.91113733518117,642.2114201055854,0.0,
ausprivauto0405,nanoTabPFN-ACB0-s92,ACB0,92,0,1.0,1.0,1.0933856100915766,200,1000,72,2.1439352828816984,2.0860155340565707,716.0291815502952,4674.65696845962,598787.4835282695,799243.4420777792,779.4054681904123,928.82832665009,5936.881184721813,797.0093248820987,0.1,
ausprivauto0405,nanoTabPFN-ACB0-s92,ACB0,92,0,4.0,4.0,1.0933856100915766,200,1000,50,0.3828104018069097,0.4053240261084933,790.5442715453873,4600.145146774672,16254.571335767694,2662672.134712062,776.9384002822266,950.8250403968098,955.3484817181171,2664.006834101626,0.1,
ausprivauto0405,nanoTabPFN-ACB0-s92,ACB0,92,0,20.0,20.0,1.0933856100915766,200,1000,14,0.1956345190564949,0.24102021199442264,782.91577218158,4510.357467667701,12347.347041269337,20623.87001423377,784.8691215546821,779.6361999033808,262.8405638591644,63.89963122514714,0.0,
ausprivauto0405,nanoTabPFN-ACB0-s92,ACB0,92,0,50.0,50.0,1.0933856100915766,200,1000,6,0.29162319746731896,0.29878542008821607,810.9165468845231,3609.995427955285,10852.32842222869,19908.953796322872,778.1004625749348,788.3151522073161,237.1932248761367,62.82286918904047,0.0,
ausprivauto0405,nanoTabPFN-ACB0-s92,ACB0,92,1,1.0,1.0,1.1285042000554817,200,1000,69,2.306030456883557,2.2380707207213413,777.671660535755,4595.87633674373,880338.6035959646,1272419.1114356818,836.0669645905451,973.8860265124596,8323.372899300013,1265.7913000657286,0.0,
ausprivauto0405,nanoTabPFN-ACB0-s92,ACB0,92,1,4.0,4.0,1.1285042000554817,200,1000,52,0.47220428450988733,0.4888082206885867,906.0086101611116,5925.581569464863,22981.594381972827,3998036.7531630066,839.0262753166429,878.6318391966867,2003.2714215773447,4022.5184223756232,0.0,
ausprivauto0405,nanoTabPFN-ACB0-s92,ACB0,92,1,20.0,20.0,1.1285042000554817,200,1000,15,0.43877628314025985,0.43920246583577804,1028.3259644479404,5100.027811215241,19153.254091252726,32529.466513610805,847.4766424792233,821.8788929726011,214.1824938026629,147.4279174008951,0.0,
ausprivauto0405,nanoTabPFN-ACB0-s92,ACB0,92,1,50.0,50.0,1.1285042000554817,200,1000,6,0.40543782445300813,0.4152930417859149,773.6749161070984,3956.8442003645187,14889.83604143709,28881.475553606826,834.7587586858646,839.227145974589,203.09783622141174,40.93342574561414,0.0,
ausprivauto0405,nanoTabPFN-ACB0-s92,ACB0,92,2,1.0,1.0,1.0727387885167678,200,1000,73,2.01425724531174,1.9703964968534347,680.0136504454379,5377.081023796291,523309.57998899824,753113.8300987978,917.6222842220842,916.4912201021109,5095.227841203667,749.7735297435988,0.1,
ausprivauto0405,nanoTabPFN-ACB0-s92,ACB0,92,2,4.0,4.000000000000001,1.0727387885167678,200,1000,49,0.1866886473258204,0.2474792363346242,786.6682149760636,5440.1049136175425,14197.752498902511,2412402.439258131,915.1152111071551,925.6178955178631,483.9547857793458,2416.509738997231,0.0,
ausprivauto0405,nanoTabPFN-ACB0-s92,ACB0,92,2,20.0,20.0,1.0727387885167678,200,1000,12,-0.023553945730493662,0.08698256396548876,574.1871681538441,5252.255401438202,11651.563922626883,18286.51613726798,918.829865049228,918.9214943967327,332.3789712810748,114.50272882424937,0.0,
ausprivauto0405,nanoTabPFN-ACB0-s92,ACB0,92,2,50.0,50.0,1.0727387885167678,200,1000,5,0.09914917117835029,0.1402437744105076,1023.3759335723526,4972.931284529313,11921.671928386437,19260.344310495188,923.6766793262282,923.8687576792058,324.0724621656954,100.30369265121206,0.1,
ausprivauto0405,nanoTabPFN-ACB0-s92,ACB0,92,3,1.0,1.0,1.116166568061844,200,1000,73,2.0731618773967315,1.982249363099189,1005.4863471637507,5026.161945367694,525324.6835483413,840874.590475335,784.0794044218401,719.3930583132701,4943.326667767197,836.0283070294338,0.0,
ausprivauto0405,nanoTabPFN-ACB0-s92,ACB0,92,3,4.0,4.0,1.116166568061844,200,1000,53,0.2951969073574469,0.3167404880658975,979.879710917849,5030.0704849071335,15440.669363197172,2654980.009332584,778.8989594541913,715.447831914644,397.6593839167255,2652.2045882818,0.0,
ausprivauto0405,nanoTabPFN-ACB0-s92,ACB0,92,3,20.0,19.999999999999996,1.116166568061844,200,1000,15,0.19646186030586582,0.22123709310517164,1128.8045497127614,5383.269289111511,14098.79695160862,25098.39848634407,786.9537261189724,718.2771304218802,178.98663580294,47.6549689446183,0.0,
ausprivauto0405,nanoTabPFN-ACB0-s92,ACB0,92,3,50.0,50.0,1.116166568061844,200,1000,6,0.20222221055439601,0.21690786302285028,1059.7212511666185,4664.5528274824,12265.564035425183,22329.70345996765,783.136823639017,709.570894550948,184.3441848060786,20.88397465582376,0.0,
ausprivauto0405,nanoTabPFN-ACB0-s92,ACB0,92,4,1.0,1.0,1.119143963135271,200,1000,70,2.150916585517524,2.1112673291709827,777.2220119978583,6951.26547111604,935063.4017401504,1277233.0590749853,781.8244227621963,821.5864637297171,9238.345272130202,1274.3754512469338,0.0,
ausprivauto0405,nanoTabPFN-ACB0-s92,ACB0,92,4,4.0,4.0,1.119143963135271,200,1000,52,0.23712500706834122,0.3079653599221985,911.8366984743677,8329.357146486884,24277.660218718178,4171061.2699056235,786.780654429884,875.4639557053273,1003.9343943189564,4135.3796456636,0.1,
ausprivauto0405,nanoTabPFN-ACB0-s92,ACB0,92,4,20.0,20.0,1.119143963135271,200,1000,15,0.14082106677461392,0.23675220591012572,704.6378362751338,7200.206247026717,19424.50725442019,32936.042883512746,794.19150381759,835.8308260016788,219.22564935058472,51.2314759010858,0.0,
ausprivauto0405,nanoTabPFN-ACB0-s92,ACB0,92,4,50.0,50.0,1.119143963135271,200,1000,6,0.17811765920435124,0.22907596215479373,1017.7979990073345,6218.276458560883,16964.514511888978,29319.575794286255,794.5346299979676,789.343007686751,206.0554682561573,40.25710086660435,0.0,
ausprivauto0405,nanoTabPFN-ACB0-s92,ACB0,92,5,1.0,1.0,1.1804704388704697,200,1000,73,2.0981324064347615,2.0081063013689495,1001.3040235085186,4702.160371285329,531237.5637851215,747989.7824432339,857.2908421564724,1118.8556815248608,4930.875116795325,742.2207661874938,0.0,
ausprivauto0405,nanoTabPFN-ACB0-s92,ACB0,92,5,4.0,4.000000000000001,1.1804704388704697,200,1000,55,0.21614073496365407,0.22774511528465008,981.7518121671875,4313.300214331681,11686.382146466869,2068276.8675312232,857.4992643220005,914.9912855397442,1280.7641553573683,2025.3146823095744,0.1,
ausprivauto0405,nanoTabPFN-ACB0-s92,ACB0,92,5,20.0,20.0,1.1804704388704697,200,1000,17,0.1367675880998075,0.1623172027719193,1047.8570470006957,4721.918748905813,11554.784300283834,21632.7375276075,863.7911963132948,838.8056771166874,244.81559031215423,81.8837405595023,0.0,
ausprivauto0405,nanoTabPFN-ACB0-s92,ACB0,92,5,50.0,50.0,1.1804704388704697,200,1000,7,0.17382814368964616,0.18302074269528368,955.2062319943761,3830.6588633955816,9608.405065810408,17572.162895494475,856.3791436990939,850.9140760280475,290.25226453856527,51.975990262601556,0.0,
ausprivauto0405,nanoTabPFN-ACB0-s92,ACB0,92,6,1.0,1.0,1.128687181260936,200,1000,72,2.1194975280026878,2.057459311749758,678.9850193820786,4341.340115440519,505263.3012721585,737228.5802769887,904.8579649933994,926.7135359390318,5015.158981208108,734.9003720080156,0.0,
ausprivauto0405,nanoTabPFN-ACB0-s92,ACB0,92,6,4.0,3.999999999999999,1.128687181260936,200,1000,52,0.4145656593626315,0.4420143171743199,727.3377994220367,4611.681100396338,17517.643654894608,2594868.4673892,902.8320312952092,925.173980181409,710.7829887536075,2587.828963812294,0.0,
ausprivauto0405,nanoTabPFN-ACB0-s92,ACB0,92,6,20.0,20.000000000000004,1.128687181260936,200,1000,15,0.16741430456013134,0.21266016328876453,827.3599942473284,4586.365081251794,12030.410463897282,23380.924351727193,908.2171839752849,929.5055009367824,282.23076589287456,62.93027970275369,0.0,
ausprivauto0405,nanoTabPFN-ACB0-s92,ACB0,92,6,50.0,50.00000000000001,1.128687181260936,200,1000,6,0.22645556237980635,0.24046306739274417,846.8380832158755,3794.8542203849906,10477.72480016438,19309.383222186818,906.4147190432886,966.1494649818954,328.7474346457117,70.34168300087674,0.1,
ausprivauto0405,nanoTabPFN-ACB0-s92,ACB0,92,7,1.0,1.0,1.0574938383692571,200,1000,72,2.1126676339451067,2.0558752728997605,653.8994096677293,4337.618733927127,523138.9986098163,747476.4052893713,868.0939818394522,898.1387646725897,5214.677133624367,745.407339376433,0.0,
ausprivauto0405,nanoTabPFN-ACB0-s92,ACB0,92,7,4.0,3.999999999999999,1.0574938383692571,200,1000,45,0.3712775348731654,0.41005119761190356,678.1877548654485,4763.241161919672,16915.789743163277,2577793.7964490755,867.63817071456,870.3517572770896,976.7871683632172,2561.1286292533846,0.1,
ausprivauto0405,nanoTabPFN-ACB0-s92,ACB0,92,7,20.0,20.0,1.0574938383692571,200,1000,11,0.055112990186947895,0.1485481063639647,555.4799191923498,4685.9258532237545,11293.559399673508,18043.150596842323,875.8630605355834,839.9223625332468,304.5024493616974,137.6819449549307,0.1,
ausprivauto0405,nanoTabPFN-ACB0-s92,ACB0,92,7,50.0,50.0,1.0574938383692571,200,1000,5,0.16626004643795927,0.20103662127977953,865.1649077926486,4310.906041045237,11092.127877042272,18525.867905340267,865.4549768353639,852.7618321276027,305.30272205417253,103.58465744794414,0.0,
ausprivauto0405,nanoTabPFN-ACB0-s92,ACB0,92,8,1.0,1.0,1.1433043969274483,200,1000,71,2.183118063269837,2.114464759960239,741.3643825210341,4278.473020331798,580032.8845093378,774891.1737479493,879.4584364121483,959.4144284220151,5739.547953516684,772.3946755234308,0.0,
ausprivauto0405,nanoTabPFN-ACB0-s92,ACB0,92,8,4.0,4.0,1.1433043969274483,200,1000,53,0.2818252485150528,0.3046036844150028,784.4384586339049,4117.712180413977,12514.6516907872,2387396.159007011,880.476024512023,917.9701413586903,862.3164276491739,2383.0678055588037,0.0,
ausprivauto0405,nanoTabPFN-ACB0-s92,ACB0,92,8,20.0,20.000000000000004,1.1433043969274483,200,1000,16,0.2077503684467815,0.2365921078437241,881.756636574617,4335.448393996381,11826.830063414458,22222.849343004986,885.3910674312651,916.9656355039535,334.6254092271775,143.09354249568048,0.0,
ausprivauto0405,nanoTabPFN-ACB0-s92,ACB0,92,8,50.0,50.0,1.1433043969274483,200,1000,7,0.1893220710525491,0.2089953940554005,786.0384880138627,3525.4736656776895,8964.326072238764,17038.380279845245,879.7828338593613,944.959444318831,389.7642889840775,126.34235107433105,0.0,
ausprivauto0405,nanoTabPFN-ACB0-s92,ACB0,92,9,1.0,1.0,1.0641253219377038,200,1000,75,1.9980120747157062,1.9346539894764876,865.2447672022719,5391.301857427292,473461.43124026136,682705.3528681593,767.5324659460447,725.5985534171684,4667.831987118518,680.3465815599304,0.0,
ausprivauto0405,nanoTabPFN-ACB0-s92,ACB0,92,9,4.0,4.0,1.0641253219377038,200,1000,48,0.08098469907498926,0.14324279211900554,885.2701562795759,5131.911584032081,11885.368587499763,2033699.2903724671,767.4123888630627,724.3308284036387,243.16905241441103,2027.2300109477048,0.1,
ausprivauto0405,nanoTabPFN-ACB0-s92,ACB0,92,9,20.0,20.000000000000004,1.0641253219377038,200,1000,12,-0.08682012650548895,0.01053186431946608,772.5485078576903,5129.763707304164,10379.67272653641,15716.437365166446,761.3547022236537,729.5614200200853,224.82440014474338,64.71145765383376,0.0,
ausprivauto0405,nanoTabPFN-ACB0-s92,ACB0,92,9,50.0,50.0,1.0641253219377038,200,1000,5,-0.03242989996069864,0.011067465824087122,1208.801207584339,5135.160715823455,10381.16906947254,15650.827908607447,792.6912190835054,730.6811359617135,224.03544146771347,66.25398599873475,0.0,
ausprivauto0405,nanoTabPFN-ACB0-s92,ACB0,92,10,1.0,1.0,1.1399570541412825,200,1000,71,2.1437159653000384,2.082351346052547,850.7571450859091,5340.852532143619,698738.6733257354,1020861.4561948937,916.6531440117967,1225.2917604179838,6762.174079269832,1016.6168593252816,0.0,
ausprivauto0405,nanoTabPFN-ACB0-s92,ACB0,92,10,4.0,4.000000000000001,1.1399570541412825,200,1000,53,0.357640977087583,0.37433481140709157,955.7387642808026,5697.189199913705,18028.844990991664,3242836.993091624,920.2547422179886,931.9280292550267,1289.9105599726936,3233.5545122443145,0.0,
ausprivauto0405,nanoTabPFN-ACB0-s92,ACB0,92,10,20.0,20.0,1.1399570541412825,200,1000,16,0.21940544459618733,0.2720219419028683,903.5502704337873,5743.964149292813,16461.285610500425,30650.746990874075,923.9925419006707,935.6301048857118,253.1283403823783,211.53453295785428,0.0,
ausprivauto0405,nanoTabPFN-ACB0-s92,ACB0,92,10,50.0,50.0,1.1399570541412825,200,1000,6,0.29609947661351177,0.3114474781075069,908.2755365649309,4309.42764228955,13405.094198657052,26923.086988329764,920.671435570948,952.4377792542396,284.99285741998074,52.06998252662153,0.1,
ausprivauto0405,nanoTabPFN-ACB0-s92,ACB0,92,11,1.0,1.0,1.1704428842189083,200,1000,71,2.1548731877580503,2.0883879270190864,942.0158940275466,5618.383592385131,724345.736043402,1016467.9881350119,836.8147080213053,812.2889998693047,7111.6059046925975,1013.3326984110598,0.0,
ausprivauto0405,nanoTabPFN-ACB0-s92,ACB0,92,11,4.0,3.9999999999999996,1.1704428842189083,200,1000,54,0.37261100432340516,0.3880768825962996,995.6805667181261,5320.8776825885625,18084.97713928578,3238429.2583082174,839.0734226280088,797.000152716899,1105.5976594925187,3210.8594583241047,0.0,
ausprivauto0405,nanoTabPFN-ACB0-s92,ACB0,92,11,20.0,20.000000000000004,1.1704428842189083,200,1000,17,0.2115050125679801,0.2523583362839375,1037.5547669466164,5789.1793836337365,15896.5378550017,31733.26203521107,844.1227470010007,808.9914220686402,210.89079938878365,92.50700817605114,0.0,
ausprivauto0405,nanoTabPFN-ACB0-s92,ACB0,92,11,50.0,50.0,1.1704428842189083,200,1000,7,0.25173203641982306,0.2749778131582879,969.6363913909036,4808.540578936078,13894.390660311703,26479.972052273362,837.171357170305,795.608721983946,215.7777000099502,28.727445047345526,0.0,
ausprivauto0405,nanoTabPFN-ACB0-s92,ACB0,92,12,1.0,1.0,1.0926200145428704,200,1000,69,2.313507933215563,2.2295901227506123,776.4348259410156,3854.9264596856683,718109.6734250586,1026639.4838484668,796.640170350363,1107.6003382842239,6999.978177140821,1023.0834062589139,0.0,
ausprivauto0405,nanoTabPFN-ACB0-s92,ACB0,92,12,4.0,4.000000000000001,1.0926200145428704,200,1000,50,0.6816737274445673,0.6540012620785443,859.8491561619269,4182.760929431873,22835.672292846983,3537996.8479554374,798.7403126187884,783.313139451009,2768.6881203095845,3552.8912972275625,0.0,
ausprivauto0405,nanoTabPFN-ACB0-s92,ACB0,92,12,20.0,20.0,1.0926200145428704,200,1000,14,0.45663192739741976,0.4497366118154671,952.5691091605822,4406.108494029711,17042.697453959656,30062.027038151813,808.3643059705994,782.7806389460392,236.15755471538733,102.20065937025998,0.0,
ausprivauto0405,nanoTabPFN-ACB0-s92,ACB0,92,12,50.0,50.00000000000001,1.0926200145428704,200,1000,5,0.49405749945300587,0.4840911449250841,666.190803193168,2897.5854501500107,13455.382396070723,27637.72702774213,794.7105584724001,826.0398252837421,254.01095166013943,53.11558840562439,0.1,
ausprivauto0405,nanoTabPFN-ACB0-s92,ACB0,92,13,1.0,1.0,1.0522211476404697,200,1000,74,1.9854905886298264,1.916824228405027,720.9444491746125,4117.156993839357,381822.8863852781,713419.4898098349,833.6286452639462,1470.5633247028604,3785.756508143045,711.1191349745142,0.0,
ausprivauto0405,nanoTabPFN-ACB0-s92,ACB0,92,13,4.0,3.999999999999999,1.0522211476404697,200,1000,45,0.253505853300705,0.27435175645704796,823.8506965804961,4219.897256860715,12046.04293821091,1943063.0811258287,830.8662799762354,857.2012917839523,926.9588328667402,1955.174515873754,0.1,
ausprivauto0405,nanoTabPFN-ACB0-s92,ACB0,92,13,20.0,20.0,1.0522211476404697,200,1000,11,0.026747943528866294,0.11007125219544947,631.3348701513873,4354.03257519776,10088.70587137539,15836.045641332053,834.5118164104216,845.1365726305701,323.61268031314484,142.97813712340164,0.0,
ausprivauto0405,nanoTabPFN-ACB0-s92,ACB0,92,13,50.0,50.00000000000001,1.0522211476404697,200,1000,4,0.24335687736992492,0.236711962937003,911.3475238468391,3646.256899262925,10043.31729253225,16477.121518701795,834.2849376174987,866.9457663796869,327.2222394061791,127.01101778606142,0.1,
ausprivauto0405,nanoTabPFN-ACB0-s92,ACB0,92,14,1.0,1.0,1.1232339121343675,200,1000,72,2.181959179378727,2.109014821637562,997.0236065487945,5619.829874886321,772386.0307914834,1037621.6362161757,739.711610257417,1588.9319184824492,7681.168332437647,1035.5781757866625,0.1,
ausprivauto0405,nanoTabPFN-ACB0-s92,ACB0,92,14,4.0,4.0,1.1232339121343675,200,1000,52,0.4125854723645503,0.4200575824049391,1041.0120031046702,5417.096917607965,19574.840197993894,3422805.6473395266,737.2882750580821,694.0915164310986,1561.2061434505008,3435.1599256287905,0.0,
ausprivauto0405,nanoTabPFN-ACB0-s92,ACB0,92,14,20.0,19.999999999999996,1.1232339121343675,200,1000,15,0.21139363298913924,0.2559167152856942,1044.248640486865,5827.346485229295,16213.743342212161,29338.937445713746,746.9639399845628,703.8926689612143,173.30439457615682,38.259085577709484,0.1,
ausprivauto0405,nanoTabPFN-ACB0-s92,ACB0,92,14,50.0,50.00000000000001,1.1232339121343675,200,1000,6,0.3076904193333823,0.31506012384181,1013.8338441509304,4733.003561909636,14558.881680594168,26980.560820779378,735.4932585754433,691.728734331496,168.95143433330446,25.869231531390646,0.1,
ausprivauto0405,nanoTabPFN-ACB0-s92,ACB0,92,15,1.0,1.0,1.133350288602216,200,1000,71,2.1810378122867555,2.1159966558676064,821.4330815113523,5168.49506130762,699763.7903663192,973730.0219514624,802.7685611773732,756.6937099008315,7012.666276551047,972.0992923221335,0.0,
ausprivauto0405,nanoTabPFN-ACB0-s92,ACB0,92,15,4.0,3.9999999999999996,1.133350288602216,200,1000,53,0.3937135684331902,0.41701355956424613,901.1295291425868,5377.676886080047,18896.752453230816,3202933.879468496,804.1206395185959,746.7070970626748,1232.108196567622,3201.8963081757174,0.0,
ausprivauto0405,nanoTabPFN-ACB0-s92,ACB0,92,15,20.0,19.999999999999993,1.133350288602216,200,1000,16,0.24995768848946695,0.29811538881001126,839.6490094602823,5235.628449337337,15616.362980772035,28555.442194716466,802.6551126482765,746.6610590474495,206.05261115555072,103.20032876772852,0.1,
ausprivauto0405,nanoTabPFN-ACB0-s92,ACB0,92,15,50.0,49.99999999999999,1.133350288602216,200,1000,6,0.281940247495942,0.3078131549387048,876.5295102681312,4606.718246516496,13926.645891090786,25315.842750757336,804.0632714173959,749.812670748733,215.2520600872403,36.96799399909671,0.0,
ausprivauto0405,nanoTabPFN-ACB0-s92,ACB0,92,16,1.0,1.0,1.120389421822627,200,1000,70,2.2044249809861,2.1525101477844877,688.9207413407374,5276.780894720512,765140.7506384323,948734.1170381538,866.9660753786741,915.0839523257148,7564.840881377727,945.9757795518698,0.1,
ausprivauto0405,nanoTabPFN-ACB0-s92,ACB0,92,16,4.0,3.999999999999999,1.120389421822627,200,1000,52,0.32856972436979814,0.36763104710242206,772.4287966470497,5496.576242100531,17435.289533304134,3137342.8844125085,865.4631770265981,857.364914646056,1512.1521801508213,3142.4942685045876,0.0,
ausprivauto0405,nanoTabPFN-ACB0-s92,ACB0,92,16,20.0,20.0,1.120389421822627,200,1000,15,0.1720616064337607,0.2377949225198388,762.253338424749,5318.798479454301,14474.466327298689,25250.766878810562,869.865518396358,871.3522043633919,283.5318642396904,127.82341044557613,0.1,
ausprivauto0405,nanoTabPFN-ACB0-s92,ACB0,92,16,50.0,50.000000000000014,1.120389421822627,200,1000,6,0.15382212653496813,0.2015555648186016,850.0830205952379,4761.7657994512165,12362.096426021333,21829.85730644431,867.0553464601305,876.9466262659543,314.84593299471067,89.78571923663178,0.0,
ausprivauto0405,nanoTabPFN-ACB0-s92,ACB0,92,17,1.0,1.0,1.1371650845547003,200,1000,72,2.1347141469883293,2.061789904011108,1043.7502538627823,5741.6679694605145,694249.1277272154,989612.5752268096,803.8153110859255,851.6296610441548,6763.956322948357,986.0605580324044,0.0,
ausprivauto0405,nanoTabPFN-ACB0-s92,ACB0,92,17,4.0,4.000000000000001,1.1371650845547003,200,1000,54,0.3749073594320393,0.3854125216664167,1080.2471597532417,5417.500866038333,18553.909948241082,3234485.3662457466,806.441526100904,789.3072147750913,730.2660190431232,3236.179626834831,0.0,
ausprivauto0405,nanoTabPFN-ACB0-s92,ACB0,92,17,20.0,19.999999999999996,1.1371650845547003,200,1000,16,0.2535660063648672,0.2769667594000261,1181.0824552042777,5797.3742611477865,16839.604305514833,31575.85589229845,819.196037184058,799.1373416886146,230.46472611361696,68.63619860048126,0.0,
ausprivauto0405,nanoTabPFN-ACB0-s92,ACB0,92,17,50.0,49.99999999999999,1.1371650845547003,200,1000,6,0.23134206172511532,0.2495336216415534,1111.7851786369793,5193.505215889477,14353.12953915554,26600.977401890297,811.1783382561041,789.5347924823026,245.14637087642294,34.467566974634614,0.0,
ausprivauto0405,nanoTabPFN-ACB0-s92,ACB0,92,18,1.0,1.0,1.1921620989345798,200,1000,71,2.151957400661977,2.0912062829197637,826.0613228686371,5323.572040007111,686931.4222395576,1111529.1446562065,775.1641853121811,1104.2855304175914,6971.377879829465,1110.8471361236857,0.0,
ausprivauto0405,nanoTabPFN-ACB0-s92,ACB0,92,18,4.0,4.0,1.1921620989345798,200,1000,54,0.35655639768268527,0.38149506631701774,975.6314023886969,5538.075278029566,19027.76287045193,3520872.8214729144,780.9349746983047,1011.8233653632844,1194.3188841199558,3471.722375139544,0.1,
ausprivauto0405,nanoTabPFN-ACB0-s92,ACB0,92,18,20.0,20.000000000000004,1.1921620989345798,200,1000,18,0.24908574513645979,0.28062361488938986,1138.7640722730043,6004.227240197646,17198.460486898493,34993.49649330675,799.771632467628,789.8952607695641,299.1781635259603,292.87634365347213,0.1,
ausprivauto0405,nanoTabPFN-ACB0-s92,ACB0,92,18,50.0,50.0,1.1921620989345798,200,1000,7,0.26182129000857524,0.2841503490054902,946.0637426618168,4676.189451976558,13628.980197339395,27346.918155313033,778.8398580618071,779.0632391248678,214.01504802224122,30.151413651491712,0.0,
ausprivauto0405,nanoTabPFN-ACB0-s92,ACB0,92,19,1.0,1.0,1.134543515882247,200,1000,70,2.161181131464591,2.0978861154097777,695.7166253467489,4257.935885317855,579283.2241742401,813127.3639367123,746.4911309754117,809.8985122964466,5372.567859814952,807.2513461511992,0.0,
ausprivauto0405,nanoTabPFN-ACB0-s92,ACB0,92,19,4.0,4.0,1.134543515882247,200,1000,53,0.3211621848584426,0.35165677391925104,780.7332348451611,4695.4710613795,14978.739876845499,2566607.2103634197,745.3015755202364,872.3680376122893,847.3666578019703,2560.611351378712,0.0,
ausprivauto0405,nanoTabPFN-ACB0-s92,ACB0,92,19,20.0,20.000000000000004,1.134543515882247,200,1000,16,0.29404417767610364,0.3220117873216623,845.453121247132,4446.79619285815,13924.669027558277,26126.372628432608,749.7723605635621,727.0206827449505,195.7336725442485,88.85363001632759,0.0,
ausprivauto0405,nanoTabPFN-ACB0-s92,ACB0,92,19,50.0,50.00000000000001,1.134543515882247,200,1000,6,0.3612388634928912,0.35606167375103576,688.6908595780815,2989.375161644679,9761.835703949906,19731.054734257043,746.9658825477065,762.5679254618419,230.72636385225866,34.15670227244437,0.1,
ausprivauto0405,nanoTabPFN-A0B0-s93,A0B0,93,0,1.0,1.0,1.0933856100915766,200,1000,72,2.13823039407897,2.081599310485092,737.9057103812991,4947.686683581179,626033.3199025912,801969.9873848862,780.550862415263,1368.1743060772144,6216.9136441665705,799.8096747851571,0.1,
ausprivauto0405,nanoTabPFN-A0B0-s93,A0B0,93,0,4.0,4.0,1.0933856100915766,200,1000,50,2.4423208461945993,2.3635833155087624,716.4516765158975,3988.1485264944477,928461.0855035415,3046033.7701544436,782.0216952825526,1051.3434592953051,9500.364380739049,3041.803153923866,0.0,
ausprivauto0405,nanoTabPFN-A0B0-s93,A0B0,93,0,20.0,20.0,1.0933856100915766,200,1000,14,3.2896685662840413,3.1219737607424203,1255.8972575115295,3864.065945682659,5191153.304955559,15278640.106832158,815.1700122732497,1695.1703959942158,51672.91744346791,15257.34443321641,0.0,
ausprivauto0405,nanoTabPFN-A0B0-s93,A0B0,93,0,50.0,50.0,1.0933856100915766,200,1000,6,0.04633605485499954,0.04526366316221231,1569.606685268469,5264.613092323958,11050.240316031468,35148646.15841882,868.5978316536031,2489.378920395513,27361.434776537968,34829.233169492894,0.0,
ausprivauto0405,nanoTabPFN-A0B0-s93,A0B0,93,1,1.0,1.0,1.1285042000554817,200,1000,69,2.257612891676951,2.211136951241367,714.0044573342004,5925.143650488787,968088.1898981007,1281192.2381410617,835.4555644160575,1031.4460886893942,9515.786497460917,1277.7150533781066,0.1,
ausprivauto0405,nanoTabPFN-A0B0-s93,A0B0,93,1,4.0,4.0,1.1285042000554817,200,1000,52,2.105127385033076,2.0501095361508295,756.5420534926293,5250.201852203106,605735.4486964124,4792448.164694784,835.0060064354429,1714.437891140094,11104.24616231479,4798.841691310345,0.0,
ausprivauto0405,nanoTabPFN-A0B0-s93,A0B0,93,1,20.0,20.0,1.1285042000554817,200,1000,15,3.2434923320156983,3.078922299142859,1611.6929076191977,4993.861734981519,6294676.523443849,24280077.340025403,924.3592675804244,860.3245865150595,67208.26042461899,24236.2210176917,0.0,
ausprivauto0405,nanoTabPFN-A0B0-s93,A0B0,93,1,50.0,50.0,1.1285042000554817,200,1000,6,-0.07140161584350042,-0.03266654079371858,1948.4903995743734,7876.344980987318,15212.93178158468,55333028.22167979,1000.8319661460323,900.7102306257447,29004.84861230313,54760.14785591593,0.0,
ausprivauto0405,nanoTabPFN-A0B0-s93,A0B0,93,2,1.0,1.0,1.0727387885167678,200,1000,73,2.047250815459679,2.002165777584476,721.8276605343908,5758.24800322147,603578.0484789428,761143.0973433692,919.2058994575348,932.2668881478387,5898.667946950055,757.807869921044,0.1,
ausprivauto0405,nanoTabPFN-A0B0-s93,A0B0,93,2,4.0,4.000000000000001,1.0727387885167678,200,1000,49,2.369349000361324,2.302970507997051,739.4471136782751,4712.678421456096,938959.4702565614,2892589.2785458704,912.473447338552,928.9870718347803,9464.797214163389,2890.3458025107566,0.0,
ausprivauto0405,nanoTabPFN-A0B0-s93,A0B0,93,2,20.0,20.0,1.0727387885167678,200,1000,12,3.161434994514644,3.0246425894689417,1231.731159294594,4506.889516123196,4876003.635060741,14474443.480412768,942.7774948784386,1111.09335184862,49539.24013811353,14466.652544526778,0.0,
ausprivauto0405,nanoTabPFN-A0B0-s93,A0B0,93,2,50.0,50.0,1.0727387885167678,200,1000,5,0.06990351701174219,0.04004212179170708,1719.7409529950164,5256.399304473007,11045.642753085991,33466249.844773225,1015.3278264784628,951.4701781256006,25934.338770230905,33321.280114732406,0.0,
ausprivauto0405,nanoTabPFN-A0B0-s93,A0B0,93,3,1.0,1.0,1.116166568061844,200,1000,73,2.0924637084517923,2.0161710776468222,1030.2511952696711,5382.253158808807,631959.4409792129,851537.7972066212,786.8546193149327,754.9477420881328,5947.150936224498,846.1079039802512,0.1,
ausprivauto0405,nanoTabPFN-A0B0-s93,A0B0,93,3,4.0,4.0,1.116166568061844,200,1000,53,2.448735124739501,2.3663636096105694,880.6498628397653,4746.8169349475065,1099261.2624507379,3258340.4860614063,770.5957085336559,777.6293528327835,11102.767262929017,3253.747432911236,0.0,
ausprivauto0405,nanoTabPFN-A0B0-s93,A0B0,93,3,20.0,19.999999999999996,1.116166568061844,200,1000,15,3.223513243365583,3.048304005416028,1505.7119620387061,4551.499469456937,5074056.214262967,16242133.815783719,845.937895503231,1821.4460074928745,51430.34378646037,16221.572798811521,0.1,
ausprivauto0405,nanoTabPFN-A0B0-s93,A0B0,93,3,50.0,50.0,1.116166568061844,200,1000,6,0.06419747037661712,0.04234555432661341,1841.5116056255583,5815.005643253313,12203.956197334948,37417013.53929522,912.2074710724856,3735.7593294208987,26643.227829848787,37197.98096576041,0.0,
ausprivauto0405,nanoTabPFN-A0B0-s93,A0B0,93,4,1.0,1.0,1.119143963135271,200,1000,70,2.0932726049073422,2.06574345145804,705.9304239685031,8421.61073858777,1013640.8339424187,1285091.4453480071,782.6488295366531,897.0349304198706,10037.79052339686,1282.3697264527264,0.0,
ausprivauto0405,nanoTabPFN-A0B0-s93,A0B0,93,4,4.0,4.0,1.119143963135271,200,1000,52,2.29347243010331,2.246752359547498,758.562461988698,6516.872056512078,1160342.9007976162,4845035.566064495,782.0171753111032,799.6701278337815,13283.70489573162,4836.924986298058,0.0,
ausprivauto0405,nanoTabPFN-A0B0-s93,A0B0,93,4,20.0,20.0,1.119143963135271,200,1000,15,3.2158247954170074,3.0828896822587124,1617.1308784227208,6139.382285742426,7444450.453137286,24380176.84994529,877.5862264321837,778.0495138455259,73885.25304840184,24330.65103402967,0.0,
ausprivauto0405,nanoTabPFN-A0B0-s93,A0B0,93,4,50.0,50.0,1.119143963135271,200,1000,6,0.08714037175094637,0.09560630575191341,2149.5862139511537,8148.604908369056,18291.3688930476,56485218.4212656,998.829706135505,864.9095267572743,31744.413851745354,55881.31008922801,0.0,
ausprivauto0405,nanoTabPFN-A0B0-s93,A0B0,93,5,1.0,1.0,1.1804704388704697,200,1000,73,2.137119634230564,2.042611221191896,1038.9372667293158,4815.09590013687,582795.4371233197,753145.4584411727,859.941754224576,1904.0162030023098,5660.3571724293315,749.5895294884714,0.0,
ausprivauto0405,nanoTabPFN-A0B0-s93,A0B0,93,5,4.0,4.000000000000001,1.1804704388704697,200,1000,55,2.4576978566778793,2.364774611599372,876.5651225804443,3987.7790752356286,951769.9107315814,2870187.8549050074,851.7221157288435,1074.226592788821,10348.280984810093,2868.8223455578695,0.0,
ausprivauto0405,nanoTabPFN-A0B0-s93,A0B0,93,5,20.0,20.0,1.1804704388704697,200,1000,17,3.2246406885473644,3.0410037892576636,1339.4172608299627,3848.5488487463704,4249675.120645821,14293281.86260428,893.7516085958122,876.7540169948668,43169.078785154474,14265.279511885916,0.0,
ausprivauto0405,nanoTabPFN-A0B0-s93,A0B0,93,5,50.0,50.0,1.1804704388704697,200,1000,7,0.012986365151960895,0.008464326959087045,1551.5371604264674,5026.313931976001,10120.578875776442,32750822.9734473,927.2844007803665,857.7739750296904,21161.322579945936,32371.32140186809,0.0,
ausprivauto0405,nanoTabPFN-A0B0-s93,A0B0,93,6,1.0,1.0,1.128687181260936,200,1000,72,2.1457928253895844,2.087274028277302,675.935339759911,4526.206828053931,565170.8611820461,743221.71643739,905.7313095962712,921.1750666628739,5633.748492974811,741.0861511739364,0.0,
ausprivauto0405,nanoTabPFN-A0B0-s93,A0B0,93,6,4.0,3.999999999999999,1.128687181260936,200,1000,52,2.5948622639651693,2.514904323457813,689.617814015265,3871.6548223416657,1252829.491393887,2867961.371881404,904.1605178112069,949.3730523230864,12470.039750347234,2865.385082556889,0.0,
ausprivauto0405,nanoTabPFN-A0B0-s93,A0B0,93,6,20.0,20.000000000000004,1.128687181260936,200,1000,15,3.2675040271031244,3.1067845124231286,1226.441622097896,3939.735203505521,5009880.106390193,14208120.560356706,936.8266018163501,1261.211465987646,50518.62091787401,14202.990428127534,0.0,
ausprivauto0405,nanoTabPFN-A0B0-s93,A0B0,93,6,50.0,50.00000000000001,1.128687181260936,200,1000,6,0.6941143881856036,0.6082590310264586,1510.2549094775823,4981.281051651865,25401.756590830682,32921452.08505162,980.0034763768317,1810.3855040903707,23584.640113011526,32774.229344379295,0.0,
ausprivauto0405,nanoTabPFN-A0B0-s93,A0B0,93,7,1.0,1.0,1.0574938383692571,200,1000,72,2.125260502977383,2.0731410662469996,646.3714089665431,4801.112334370503,591655.4659236104,754326.6884170035,870.6402007915977,1159.2702003263196,5948.091731329752,752.7413257190161,0.1,
ausprivauto0405,nanoTabPFN-A0B0-s93,A0B0,93,7,4.0,3.999999999999999,1.0574938383692571,200,1000,45,2.314532967416987,2.2478656960159555,646.8445038440354,3956.342421622578,710089.0080360682,2847516.279640978,869.0427935760687,1071.3177332928788,7666.550357948549,2843.68988518471,0.0,
ausprivauto0405,nanoTabPFN-A0B0-s93,A0B0,93,7,20.0,20.0,1.0574938383692571,200,1000,11,3.222863657750588,3.0710338353480346,1194.8612321421424,4022.653256815549,4770098.850480059,14353136.992874559,886.6239830068464,2056.647013170341,47365.42450615569,14334.611679864254,0.0,
ausprivauto0405,nanoTabPFN-A0B0-s93,A0B0,93,7,50.0,50.0,1.0574938383692571,200,1000,5,0.03034294299134599,0.016893369423601548,1593.1905170717773,5076.773244223045,10367.646832388087,32912540.996972993,941.0975191155998,2524.279836541029,17000.630549523063,32617.013454069933,0.0,
ausprivauto0405,nanoTabPFN-A0B0-s93,A0B0,93,8,1.0,1.0,1.1433043969274483,200,1000,71,2.162392886665167,2.1027105156223933,743.8086522010007,4937.3771499777795,632917.6664595087,780178.6923863525,879.9548891324879,942.0617382522794,6276.76801000528,777.766692334289,0.0,
ausprivauto0405,nanoTabPFN-A0B0-s93,A0B0,93,8,4.0,4.0,1.1433043969274483,200,1000,53,2.3897092341296795,2.3058593105041423,734.9774805988619,3793.9756169416532,803108.4203181674,2943804.382678939,879.7741517590357,1680.192776315728,8811.740035027442,2939.053454631119,0.0,
ausprivauto0405,nanoTabPFN-A0B0-s93,A0B0,93,8,20.0,20.000000000000004,1.1433043969274483,200,1000,16,3.2113481834845286,3.036065322542455,1208.0904015026567,3634.883573750084,3995426.1361806113,14710747.707273636,914.8856162297598,1603.8659333220332,40750.65907768539,14676.68444287724,0.0,
ausprivauto0405,nanoTabPFN-A0B0-s93,A0B0,93,8,50.0,50.0,1.1433043969274483,200,1000,7,-0.07023518899435066,-0.049674112416586494,1363.1398844702035,4962.558076185787,9422.19679222611,33453842.138573468,939.3779193575795,2321.301675850623,15322.229720599846,33039.002882416265,0.0,
ausprivauto0405,nanoTabPFN-A0B0-s93,A0B0,93,9,1.0,1.0,1.0641253219377038,200,1000,75,2.033572823512285,1.9621304738582996,1042.528292967593,5877.43692585356,548514.8129039732,690211.9236405685,776.9164168702006,735.0995799911302,5447.549093251914,688.1436386749406,0.0,
ausprivauto0405,nanoTabPFN-A0B0-s93,A0B0,93,9,4.0,4.0,1.0641253219377038,200,1000,48,2.2300363014789095,2.154912042570062,824.7592943981864,4736.234560704204,666451.2620987891,2603532.3468100997,763.2458027331538,718.6082240383015,7114.016489108011,2604.765715458644,0.0,
ausprivauto0405,nanoTabPFN-A0B0-s93,A0B0,93,9,20.0,20.000000000000004,1.0641253219377038,200,1000,12,3.0694147691635254,2.9212741774920143,1306.3576734009457,4487.699626095855,3780861.452263315,13055714.307017066,804.2859162223851,1158.1196473815703,38300.03488073921,13039.24318939125,0.0,
ausprivauto0405,nanoTabPFN-A0B0-s93,A0B0,93,9,50.0,50.0,1.0641253219377038,200,1000,5,0.0673303891834076,0.012793616728042117,1804.4569022676542,4994.916803976994,10183.386624728822,30380283.002974615,893.7199834115471,1743.2534677630067,18159.15640536034,30149.49583893905,0.1,
ausprivauto0405,nanoTabPFN-A0B0-s93,A0B0,93,10,1.0,1.0,1.1399570541412825,200,1000,71,2.157446920470061,2.0996132126865716,849.9467836521421,6073.471311346342,808749.4542206995,1031864.6400002235,920.8680619100453,1688.8853782904557,7876.8280841411315,1027.7632191616963,0.1,
ausprivauto0405,nanoTabPFN-A0B0-s93,A0B0,93,10,4.0,4.000000000000001,1.1399570541412825,200,1000,53,2.454350838528559,2.379890276655914,852.4224186029071,4745.441874836468,1184263.4414254,3917270.036854777,917.8608109748103,1232.644497827757,12763.300396002252,3912.1634684453024,0.1,
ausprivauto0405,nanoTabPFN-A0B0-s93,A0B0,93,10,20.0,20.0,1.1399570541412825,200,1000,16,3.235841791846026,3.0643269550011865,1459.3407852063106,4289.204386792535,5110437.487947855,19497380.42817401,979.1946881367237,1485.6262901810414,55948.81991380931,19474.38483440143,0.1,
ausprivauto0405,nanoTabPFN-A0B0-s93,A0B0,93,10,50.0,50.0,1.1399570541412825,200,1000,6,0.007822657072236701,0.03261294919311036,1708.1005156827696,6494.306129008144,13455.60436462676,44733902.44550757,1024.9991626533103,1697.4510739294465,33165.84488563862,44404.93046251742,0.1,
ausprivauto0405,nanoTabPFN-A0B0-s93,A0B0,93,11,1.0,1.0,1.1704428842189083,200,1000,71,2.1518824226991353,2.0921073854638665,910.1348816901753,6241.93217913298,794671.4301905861,1023499.5740680315,837.775898362103,878.8288215102463,7937.186340186967,1021.5882655928073,0.1,
ausprivauto0405,nanoTabPFN-A0B0-s93,A0B0,93,11,4.0,3.9999999999999996,1.1704428842189083,200,1000,54,2.4842560692938727,2.402785273717689,890.8127345799651,4873.769808655712,1258536.558687983,3896794.9474549233,832.2200881208973,957.0249547285848,12938.269385665548,3891.308668403632,0.1,
ausprivauto0405,nanoTabPFN-A0B0-s93,A0B0,93,11,20.0,20.000000000000004,1.1704428842189083,200,1000,17,3.301527304732879,3.1330660632005314,1558.5431312694814,4775.349235026806,6522218.245709645,19498964.797736745,908.4879309864655,1705.8228141166358,64509.09542048954,19463.768227370805,0.1,
ausprivauto0405,nanoTabPFN-A0B0-s93,A0B0,93,11,50.0,50.0,1.1704428842189083,200,1000,7,0.6562397511750053,0.5915136300298364,1789.2783683859052,6570.1599986700685,33294.45920807248,45158105.825483546,953.0066493258837,3070.4805886762283,33533.56050128203,44746.61433754712,0.1,
ausprivauto0405,nanoTabPFN-A0B0-s93,A0B0,93,12,1.0,1.0,1.0926200145428704,200,1000,69,2.268846546210858,2.2090408676677713,716.6517201699918,4916.268884914496,806325.2817244909,1035459.494205137,797.601679519133,1254.7299840022847,8025.605144573679,1033.3393419437255,0.1,
ausprivauto0405,nanoTabPFN-A0B0-s93,A0B0,93,12,4.0,4.000000000000001,1.0926200145428704,200,1000,50,2.6715642691625923,2.593073510079917,751.6933935853726,4005.3443646292963,1628804.0930330753,3977444.9140951103,794.8503672417457,840.4831016017748,16276.913111700162,3974.962988389751,0.1,
ausprivauto0405,nanoTabPFN-A0B0-s93,A0B0,93,12,20.0,20.0,1.0926200145428704,200,1000,14,3.3178544349731753,3.146175298892431,1391.2890886538503,4074.475483450032,6467469.440790951,19712431.84811056,858.9167797696898,1292.707274151011,62119.82635466218,19632.406480402933,0.1,
ausprivauto0405,nanoTabPFN-A0B0-s93,A0B0,93,12,50.0,50.00000000000001,1.0926200145428704,200,1000,5,0.2804010391987022,0.26619462261556653,1673.995659581521,6504.122570359124,18481.844816308643,45868875.89287349,915.9541954079109,1594.4465695016238,33604.7198093637,45398.97851984547,0.1,
ausprivauto0405,nanoTabPFN-A0B0-s93,A0B0,93,13,1.0,1.0,1.0522211476404697,200,1000,74,2.0789376197762257,2.003950087298272,767.6664911683506,4210.075407164875,491010.07183944056,724338.2083552511,854.5538559623833,2420.078161802527,4866.20774021604,722.0854949031735,0.1,
ausprivauto0405,nanoTabPFN-A0B0-s93,A0B0,93,13,4.0,3.999999999999999,1.0522211476404697,200,1000,45,2.16045248404581,2.071272513309738,764.223703889864,3700.0648129785377,477679.1041357653,2744308.8919401206,828.8542416826928,947.2234742426605,6656.445908657482,2742.8586778128333,0.1,
ausprivauto0405,nanoTabPFN-A0B0-s93,A0B0,93,13,20.0,20.0,1.0522211476404697,200,1000,11,3.222788292703952,3.065872516188728,1246.6666745282905,3988.696031930996,4783580.336860085,13954397.113764284,865.6711325966737,1316.020662933134,46832.79997405824,13924.611086412922,0.1,
ausprivauto0405,nanoTabPFN-A0B0-s93,A0B0,93,13,50.0,50.00000000000001,1.0522211476404697,200,1000,4,0.05656865899423488,0.02567349089070487,1676.21244957222,5079.558752207529,10481.233259777686,32214411.189454623,938.1812438119667,1572.483814289985,24411.79673685211,31892.82994878798,0.1,
ausprivauto0405,nanoTabPFN-A0B0-s93,A0B0,93,14,1.0,1.0,1.1232339121343675,200,1000,72,2.164706578857104,2.105072405116293,975.5303290186293,6564.166498186622,844641.5446983208,1044845.2693539409,737.5230579114424,2065.2378702980495,8487.520742114799,1043.6415786658113,0.1,
ausprivauto0405,nanoTabPFN-A0B0-s93,A0B0,93,14,4.0,4.0,1.1232339121343675,200,1000,52,2.5712887314929045,2.4947847124718527,908.3183202049288,5107.975673304382,1638320.3032106536,3999909.0139140175,724.0525675212448,689.9484429007189,16241.155488446351,3995.3973457064567,0.1,
ausprivauto0405,nanoTabPFN-A0B0-s93,A0B0,93,14,20.0,19.999999999999996,1.1232339121343675,200,1000,15,3.2814961453346907,3.125638976494115,1632.9039774810185,5234.546015466367,7092731.61086121,19881335.93443928,831.7494871909479,702.5133102744996,68759.68841944441,19839.35163572273,0.1,
ausprivauto0405,nanoTabPFN-A0B0-s93,A0B0,93,14,50.0,50.00000000000001,1.1232339121343675,200,1000,6,0.7549016495850652,0.6683152340363927,2046.7114696353956,6908.172211548793,39190.641642491784,46311153.77359978,932.2031352297058,748.8196627840447,33234.26463502441,45927.18804124947,0.1,
ausprivauto0405,nanoTabPFN-A0B0-s93,A0B0,93,15,1.0,1.0,1.133350288602216,200,1000,71,2.137086998084771,2.0862656295864026,767.7857987563065,6003.088054960979,767830.4548631927,980538.5098135567,801.2938342565184,827.7025185490534,7651.621592925572,978.4887535032109,0.1,
ausprivauto0405,nanoTabPFN-A0B0-s93,A0B0,93,15,4.0,3.9999999999999996,1.133350288602216,200,1000,53,2.4737356278990665,2.3989919861707913,809.4597422068714,4698.389942887863,1192318.6489905224,3729396.6027455484,804.069585224575,931.7469283721451,12466.923630989451,3725.8793464254063,0.1,
ausprivauto0405,nanoTabPFN-A0B0-s93,A0B0,93,15,20.0,19.999999999999993,1.133350288602216,200,1000,16,3.2761203476214344,3.122369508236484,1412.9515273068614,4729.980873537421,6376647.43611763,18681000.882897653,858.4348122361517,1753.6392144068545,64261.82493211822,18664.93305322644,0.1,
ausprivauto0405,nanoTabPFN-A0B0-s93,A0B0,93,15,50.0,49.99999999999999,1.133350288602216,200,1000,6,0.09688078110761503,0.09473658856466717,1748.1112489416191,6320.145133745534,14229.123428710263,43125660.96022839,917.5362127833343,3474.176799044798,33500.59240857354,42786.45901052482,0.1,
ausprivauto0405,nanoTabPFN-A0B0-s93,A0B0,93,16,1.0,1.0,1.120389421822627,200,1000,70,2.0978417071830955,2.0644419245811054,670.2409147901691,6938.430823811811,813119.3742292599,953530.6123875182,867.5433683716568,890.7162268757821,8080.413537576229,951.1314724460624,0.0,
ausprivauto0405,nanoTabPFN-A0B0-s93,A0B0,93,16,4.0,3.999999999999999,1.120389421822627,200,1000,52,2.4344139181210283,2.378140614924379,653.6385448131132,4647.223959283845,1111264.284421547,3595463.953202051,868.2200600581,863.1752433882835,11567.679111079677,3587.7170172272204,0.1,
ausprivauto0405,nanoTabPFN-A0B0-s93,A0B0,93,16,20.0,20.0,1.120389421822627,200,1000,15,3.288166189868881,3.142702391136176,1287.063095774512,4505.276784857628,6370405.865060987,18051647.862077482,903.3574593525988,876.0081309253976,62201.066687986524,18008.46509132408,0.0,
ausprivauto0405,nanoTabPFN-A0B0-s93,A0B0,93,16,50.0,50.000000000000014,1.120389421822627,200,1000,6,0.09157499059430335,0.09253439990529612,1633.1749756162972,6012.873131152741,13503.827622424486,41631892.52138716,959.3359944166841,883.167105268891,31692.726216747054,41134.39339929422,0.1,
ausprivauto0405,nanoTabPFN-A0B0-s93,A0B0,93,17,1.0,1.0,1.1371650845547003,200,1000,72,2.1440294875140427,2.076858802375256,1028.1562364488466,6367.045056926003,788799.4139261233,999065.3017937136,803.9697838208787,982.4043245810739,7793.565672800695,996.3564869027351,0.1,
ausprivauto0405,nanoTabPFN-A0B0-s93,A0B0,93,17,4.0,4.000000000000001,1.1371650845547003,200,1000,54,2.544290780922556,2.4581432458267414,959.2421906808681,5018.165512838237,1428218.863254543,3818131.136285698,799.3233358071433,784.116283179757,14248.986598374462,3814.9134187714276,0.1,
ausprivauto0405,nanoTabPFN-A0B0-s93,A0B0,93,17,20.0,19.999999999999996,1.1371650845547003,200,1000,16,3.287779136615256,3.114223114960728,1640.5243338530122,4976.096698939227,6537384.371456392,19021968.386106253,884.6275538280777,791.0991578082317,63703.43618198698,18970.30387010932,0.1,
ausprivauto0405,nanoTabPFN-A0B0-s93,A0B0,93,17,50.0,49.99999999999999,1.1371650845547003,200,1000,6,0.7690097349107073,0.6800849410733052,1996.3349255961693,6654.695051157495,38590.418158793305,44365388.7880183,959.0867745909461,823.4131446334212,36251.18872563753,43892.19599996104,0.1,
ausprivauto0405,nanoTabPFN-A0B0-s93,A0B0,93,18,1.0,1.0,1.1921620989345798,200,1000,71,2.1917004634827566,2.1338879509296516,843.1902432845494,5903.193488516739,836203.6510555928,1126455.234601913,779.6884695854019,1700.5992960814601,8450.853899897744,1125.6418958925526,0.1,
ausprivauto0405,nanoTabPFN-A0B0-s93,A0B0,93,18,4.0,4.0,1.1921620989345798,200,1000,54,2.3936253168383,2.3138997212488617,903.7094446777958,4943.943761837329,1057441.423449141,4271599.137768479,774.6637068679379,1315.9540108762253,12284.648626826569,4269.90481251422,0.1,
ausprivauto0405,nanoTabPFN-A0B0-s93,A0B0,93,18,20.0,20.000000000000004,1.1921620989345798,200,1000,18,3.2540010699590316,3.078247025526151,1635.986803436032,4701.390671689774,5733897.2498320285,21394299.780759655,878.8652483048144,2339.4651202301793,60137.82423460954,21364.969748927197,0.0,
ausprivauto0405,nanoTabPFN-A0B0-s93,A0B0,93,18,50.0,50.0,1.1921620989345798,200,1000,7,-0.033821726059816176,-0.003033000332518548,1829.494005109811,7029.328752750546,14020.20865203689,48823947.43672225,923.6370012599752,3356.036547422794,24078.20343329737,48341.34128374513,0.1,
ausprivauto0405,nanoTabPFN-A0B0-s93,A0B0,93,19,1.0,1.0,1.134543515882247,200,1000,70,2.156494754997245,2.094209001054798,657.410655057673,4407.888837509539,603944.4384595796,815596.0855768999,747.2090062957765,737.9859134457465,5688.699646876558,810.4125915756596,0.1,
ausprivauto0405,nanoTabPFN-A0B0-s93,A0B0,93,19,4.0,4.0,1.134543515882247,200,1000,53,2.4504982157025736,2.374677975686,700.6227449141193,3983.8807616833246,961149.4573570286,3112870.2406617105,745.5652993442742,1060.3558709243682,10090.971290546948,3110.178734351816,0.1,
ausprivauto0405,nanoTabPFN-A0B0-s93,A0B0,93,19,20.0,20.000000000000004,1.134543515882247,200,1000,16,3.292503380415543,3.1136427500289248,1240.5600010665707,3646.706496004546,4798374.596709173,15557397.680036634,778.6471880261383,753.7266270410252,47582.33143649445,15521.584076020334,0.0,
ausprivauto0405,nanoTabPFN-A0B0-s93,A0B0,93,19,50.0,50.00000000000001,1.134543515882247,200,1000,6,0.1007150980671392,0.10080819155965547,1424.246657464877,5230.964731761471,11817.068229571674,35879862.67346886,807.0562376420787,741.8856317955098,22888.60215726433,35489.79680516728,0.0,
ausprivauto0405,nanoTabPFN-A1B0-s93,A1B0,93,0,1.0,1.0,1.0933856100915766,200,1000,72,2.175332020882333,2.066291036253681,908.3855055770308,3675.946100706264,433294.60057353275,782696.1220347645,783.1607491904344,781.8387538949556,4187.539397202023,779.5161239710776,0.2,
ausprivauto0405,nanoTabPFN-A1B0-s93,A1B0,93,0,4.0,4.0,1.0933856100915766,200,1000,50,0.6130956835759337,0.5783545162994502,793.6463697961585,3422.208705458973,16356.453046686762,2369732.773999984,777.6305091483865,790.44804647026,203.39445878444403,2155.934721574436,0.1,
ausprivauto0405,nanoTabPFN-A1B0-s93,A1B0,93,0,20.0,20.0,1.0933856100915766,200,1000,14,0.6403596787227392,0.6354072423856337,623.5558885883615,3480.312212632896,18726.114353292895,79610.7216704856,781.5451139159957,788.017921100124,206.0986376871884,408.12968239907747,0.1,
ausprivauto0405,nanoTabPFN-A1B0-s93,A1B0,93,0,50.0,50.0,1.0933856100915766,200,1000,6,0.4932979354096705,0.46781277182792824,966.535197304006,4500.585222713039,17380.285054194672,72900.13526408465,785.3689237421102,753.7300721499728,218.95524443848663,108.83223505855031,0.1,
ausprivauto0405,nanoTabPFN-A1B0-s93,A1B0,93,1,1.0,1.0,1.1285042000554817,200,1000,69,1.3421186025339933,1.2352987527509447,1088.158031915152,3941.937984639416,70956.1540168625,1191489.8762251711,848.8937932216418,852.1113133936772,2143.1234559779073,1171.7175046678638,0.1,
ausprivauto0405,nanoTabPFN-A1B0-s93,A1B0,93,1,4.0,4.0,1.1285042000554817,200,1000,52,0.6662882103945121,0.6153178106682259,939.2174640161336,3660.0897082479014,18872.31705734819,2570617.781466744,838.707693074042,860.1756126451802,209.09069375436158,2349.18373054564,0.1,
ausprivauto0405,nanoTabPFN-A1B0-s93,A1B0,93,1,20.0,20.0,1.1285042000554817,200,1000,15,0.6304426733594704,0.6048727933518664,917.7925431330318,4241.649295931535,21188.471579630597,90009.41264444453,839.6166093632202,840.8370093598402,235.33107274677215,292.3220347272295,0.1,
ausprivauto0405,nanoTabPFN-A1B0-s93,A1B0,93,1,50.0,50.0,1.1285042000554817,200,1000,6,0.5401442984577663,0.5382305798368573,901.2366567547797,4839.229292882409,21715.47733257294,93867.8785377841,848.1967568065562,852.3581831947004,269.8252536947634,139.15704648507142,0.1,
ausprivauto0405,nanoTabPFN-A1B0-s93,A1B0,93,2,1.0,1.0,1.0727387885167678,200,1000,73,2.1798083544080984,2.090815094293584,875.1791625111663,4318.622975978738,542833.9587527873,755068.569846228,915.3630307465812,935.3763304264678,5355.4566853765955,752.3758001654413,0.1,
ausprivauto0405,nanoTabPFN-A1B0-s93,A1B0,93,2,4.0,4.000000000000001,1.0727387885167678,200,1000,49,0.5908662037946086,0.562415104768612,844.6414324769448,3721.847337879518,17176.590736868344,2315436.3664140003,914.3431810526145,971.9996560259564,282.0762684590096,2264.2824781580675,0.1,
ausprivauto0405,nanoTabPFN-A1B0-s93,A1B0,93,2,20.0,20.0,1.0727387885167678,200,1000,12,0.5893576510632301,0.5925902719813908,653.0786632635786,3824.7569886478786,18706.62395870034,78789.58169775637,915.5950737791829,961.506813964033,280.44158951173506,85.50055406649405,0.1,
ausprivauto0405,nanoTabPFN-A1B0-s93,A1B0,93,2,50.0,50.0,1.0727387885167678,200,1000,5,0.3960695069254913,0.38736713020988456,1207.9194079055596,5229.640089494781,17868.74050251844,71727.50311160804,944.1893561510551,939.5046875882072,288.17728590771407,70.60022875648876,0.1,
ausprivauto0405,nanoTabPFN-A1B0-s93,A1B0,93,3,1.0,1.0,1.116166568061844,200,1000,73,2.191476055322341,2.0886188454253287,1088.0444606802803,4902.954266362386,626439.552745172,850984.6153743603,786.6216227757673,719.751484108161,6060.735678682886,847.2436470083727,0.1,
ausprivauto0405,nanoTabPFN-A1B0-s93,A1B0,93,3,4.0,4.0,1.116166568061844,200,1000,53,0.5845612124896741,0.561687320036423,986.567732191522,4451.467873777261,20947.05645130143,2725817.4633919597,776.4060962203075,717.1279181559704,218.10205333194452,2525.0295564124735,0.1,
ausprivauto0405,nanoTabPFN-A1B0-s93,A1B0,93,3,20.0,19.999999999999996,1.116166568061844,200,1000,15,0.5957507380471551,0.5877643059133315,899.063439393643,4678.831653204972,22435.46531438027,104086.34934231336,770.5063373582207,711.0242425434477,231.07672286943142,293.7811169155887,0.1,
ausprivauto0405,nanoTabPFN-A1B0-s93,A1B0,93,3,50.0,50.0,1.116166568061844,200,1000,6,0.42340807000873537,0.4015392678486698,1267.2142260118399,5452.1509292961555,18686.501459796054,75050.74750439439,807.577729919741,717.8301271130177,213.37339070170117,79.91884573362098,0.1,
ausprivauto0405,nanoTabPFN-A1B0-s93,A1B0,93,4,1.0,1.0,1.119143963135271,200,1000,70,1.8659672390735702,1.7585651656590762,1117.3858634683806,4454.188025554837,261105.54193764488,1209838.244701827,801.5465383366947,762.5999175789117,2838.102728151016,1204.3329397986777,0.0,
ausprivauto0405,nanoTabPFN-A1B0-s93,A1B0,93,4,4.0,4.0,1.119143963135271,200,1000,52,0.6714520899009014,0.63234100970184,957.9956941734395,3942.714766617982,21402.44744723673,3101823.455329199,788.8108273939912,763.6441852867123,234.3230771682513,2851.979282980257,0.1,
ausprivauto0405,nanoTabPFN-A1B0-s93,A1B0,93,4,20.0,20.0,1.119143963135271,200,1000,15,0.6035059414898616,0.6163110428072466,724.6012134636712,4665.1721886673695,23697.48839711045,100502.81634856405,788.2960565712708,764.3156512284766,263.1583376190408,120.78040019691785,0.0,
ausprivauto0405,nanoTabPFN-A1B0-s93,A1B0,93,4,50.0,50.0,1.119143963135271,200,1000,6,0.48303729474166573,0.4869394451967334,1210.1002672892664,6923.608112216609,27275.831231397373,114957.33891525798,822.1528505364838,837.1080641919198,309.47358281144534,119.87914632694249,0.1,
ausprivauto0405,nanoTabPFN-A1B0-s93,A1B0,93,5,1.0,1.0,1.1804704388704697,200,1000,73,2.196931337820696,2.0907653916552604,992.2295532295768,4337.837620714087,560183.6557652315,750883.6494020387,856.1489375339793,844.4063843671605,5440.299690011092,747.3890565407436,0.0,
ausprivauto0405,nanoTabPFN-A1B0-s93,A1B0,93,5,4.0,4.000000000000001,1.1804704388704697,200,1000,55,0.5681611837833228,0.5417038316620256,945.2998340799212,4152.031433516387,18713.0042595381,2387306.5886684395,853.883511310468,830.2330824799261,1263.3136369024674,2217.7812721801856,0.1,
ausprivauto0405,nanoTabPFN-A1B0-s93,A1B0,93,5,20.0,20.0,1.1804704388704697,200,1000,17,0.5656327472476526,0.5452228842578839,864.3564825145227,4055.0583597995983,18238.769972378443,78403.53614275766,851.7463372511636,832.9815524452679,251.91949037671154,976.271208769049,0.0,
ausprivauto0405,nanoTabPFN-A1B0-s93,A1B0,93,5,50.0,50.0,1.1804704388704697,200,1000,7,0.43167811112258797,0.391199417174445,1133.0890316305758,4685.853402146797,16160.814116474103,68622.69039684572,870.6213556240301,805.8513679148322,244.2912674578988,83.5961199870483,0.1,
ausprivauto0405,nanoTabPFN-A1B0-s93,A1B0,93,6,1.0,1.0,1.128687181260936,200,1000,72,2.207782141982584,2.099081059741008,877.1735579007102,3613.414071306164,462073.048709973,732909.5917014631,905.8668994051442,963.363972608434,4530.879361659439,730.0576549490862,0.1,
ausprivauto0405,nanoTabPFN-A1B0-s93,A1B0,93,6,4.0,3.999999999999999,1.128687181260936,200,1000,52,0.5745382001168075,0.5426972035202483,773.8323050717776,3307.7027841721147,14748.680136131728,2156010.247194175,903.7357292308524,990.5410843564598,242.69999924443272,2122.5587530633647,0.1,
ausprivauto0405,nanoTabPFN-A1B0-s93,A1B0,93,6,20.0,20.000000000000004,1.128687181260936,200,1000,15,0.5630553242236632,0.5554166302932069,728.5888311400895,3740.070908213589,17182.465812660776,77423.48196807892,903.4757635499071,965.4789837362132,226.86035319797475,91.1292817081279,0.0,
ausprivauto0405,nanoTabPFN-A1B0-s93,A1B0,93,6,50.0,50.00000000000001,1.128687181260936,200,1000,6,0.41326370642971005,0.4052192086804339,1030.8845229152612,4636.456101490505,16475.417699101847,69596.78944478408,918.3615076938341,941.1988121498748,237.43784500078525,67.98108556244397,0.0,
ausprivauto0405,nanoTabPFN-A1B0-s93,A1B0,93,7,1.0,1.0,1.0574938383692571,200,1000,72,2.1833510275709394,2.079448691387144,854.5140990667068,3547.3398678300264,436723.81899866194,738835.2008952296,866.824262177675,877.5888165037525,4322.915562489082,736.489842374935,0.1,
ausprivauto0405,nanoTabPFN-A1B0-s93,A1B0,93,7,4.0,3.999999999999999,1.0574938383692571,200,1000,45,0.5769035076817979,0.5389677503520349,778.82068878327,3204.508196569964,14431.858494399385,2019646.6092566466,866.7723236143348,903.4196507420689,281.37968547213586,1956.7671691846083,0.1,
ausprivauto0405,nanoTabPFN-A1B0-s93,A1B0,93,7,20.0,20.0,1.0574938383692571,200,1000,11,0.6130910277690395,0.6011490676656855,595.6017995121342,3281.3152491865717,16534.694895012624,70798.41238917959,872.6987199553216,896.1375163044298,256.7839168398051,114.54167383671532,0.1,
ausprivauto0405,nanoTabPFN-A1B0-s93,A1B0,93,7,50.0,50.0,1.0574938383692571,200,1000,5,0.433586632303386,0.4232834500374901,1003.3187571105145,4606.388120032777,16836.52499292277,65552.5145349685,872.0451641347369,840.1114450548936,259.732059901774,66.86758796475682,0.1,
ausprivauto0405,nanoTabPFN-A1B0-s93,A1B0,93,8,1.0,1.0,1.1433043969274483,200,1000,71,2.1934148329158543,2.084701419040185,871.1992755750259,3555.229412959293,435650.7837388193,760452.250918202,883.3413950978779,942.0000536589299,4295.8527936826595,757.9577180188174,0.0,
ausprivauto0405,nanoTabPFN-A1B0-s93,A1B0,93,8,4.0,4.0,1.1433043969274483,200,1000,53,0.6203051132043605,0.5861149130244161,790.5336812632836,3475.14610660974,16898.140998066498,2389111.595006484,880.5142463757094,943.6336096438711,254.2099342749372,2321.1787744913972,0.0,
ausprivauto0405,nanoTabPFN-A1B0-s93,A1B0,93,8,20.0,20.000000000000004,1.1433043969274483,200,1000,16,0.6210494902312095,0.5991518282909828,763.2264141310156,3522.689070942726,17513.287565864153,75362.56932601662,879.5540692528291,943.6304298992568,259.45746401564156,216.64393856254665,0.0,
ausprivauto0405,nanoTabPFN-A1B0-s93,A1B0,93,8,50.0,50.0,1.1433043969274483,200,1000,7,0.420450922874582,0.4183597033306544,982.6876442673938,4699.133861139602,17100.257095063876,75749.1134363083,891.0266705308821,898.7506419606691,265.53831764298917,81.3317723428784,0.0,
ausprivauto0405,nanoTabPFN-A1B0-s93,A1B0,93,9,1.0,1.0,1.0641253219377038,200,1000,75,2.1139449680920204,2.035926112237229,927.3711697762584,4918.75192982898,540895.347480668,689450.0826424859,769.3688373447168,720.5083759753089,5369.361022923752,687.361766434046,0.0,
ausprivauto0405,nanoTabPFN-A1B0-s93,A1B0,93,9,4.0,4.0,1.0641253219377038,200,1000,48,0.5679038882747753,0.5485414283721184,889.5811019599319,4216.459637742451,19367.65222554831,2286371.624636776,766.7300226401381,715.5920252274508,202.56392781572745,2236.8160904758574,0.1,
ausprivauto0405,nanoTabPFN-A1B0-s93,A1B0,93,9,20.0,20.000000000000004,1.0641253219377038,200,1000,12,0.5682163359816631,0.5618124335433804,797.2164802559332,4199.065373248291,19481.79950467649,86319.65148425513,762.5368381330983,719.1410840336225,200.7999703362218,168.2921883466029,0.1,
ausprivauto0405,nanoTabPFN-A1B0-s93,A1B0,93,9,50.0,50.0,1.0641253219377038,200,1000,5,0.3410547874033148,0.3191101231734258,1361.3474026279455,5143.374508105625,15793.189341717843,60616.59923717966,809.4816163130301,720.1953254587329,184.36707097852923,62.86436761409951,0.1,
ausprivauto0405,nanoTabPFN-A1B0-s93,A1B0,93,10,1.0,1.0,1.1399570541412825,200,1000,71,2.159459706527677,2.057836204161805,1029.8288840538949,4389.044078571807,501327.4187707462,1001120.0033090508,928.0015294131682,932.5206474831472,4750.5653368414605,996.1379749316745,0.0,
ausprivauto0405,nanoTabPFN-A1B0-s93,A1B0,93,10,4.0,4.000000000000001,1.1399570541412825,200,1000,53,0.6265650950937571,0.5905830928990673,1011.3154451814414,4438.657612751282,21299.97834142915,2985691.2060641423,925.0693513010913,927.2156503295543,355.08789187625825,2789.7598819914488,0.1,
ausprivauto0405,nanoTabPFN-A1B0-s93,A1B0,93,10,20.0,20.0,1.1399570541412825,200,1000,16,0.6702533969895115,0.6483684204757135,833.0165188967972,4236.253147089228,23337.36809353139,98310.45220149527,920.3039665762103,941.1769429347722,253.8574358901386,288.2405176572888,0.1,
ausprivauto0405,nanoTabPFN-A1B0-s93,A1B0,93,10,50.0,50.0,1.1399570541412825,200,1000,6,0.4991748968177898,0.4781621746167033,1132.792574803626,5834.392032081101,22939.439063912636,99234.24038453109,935.9916106442768,902.0186993991753,272.4616088746077,120.6257682563059,0.0,
ausprivauto0405,nanoTabPFN-A1B0-s93,A1B0,93,11,1.0,1.0,1.1704428842189083,200,1000,71,2.1819490767182925,2.0786447977495035,1064.0291470144734,4448.068061842643,542366.4573851274,998272.2878132032,842.359808937429,802.9880556547473,5323.532519484332,995.4518824788834,0.1,
ausprivauto0405,nanoTabPFN-A1B0-s93,A1B0,93,11,4.0,3.9999999999999996,1.1704428842189083,200,1000,54,0.6308860787738378,0.5988259360729096,941.816966587229,4166.499275089382,20509.896427322525,3018858.365866016,833.9680592655992,803.0387342825923,249.38921718028706,2923.979842679264,0.0,
ausprivauto0405,nanoTabPFN-A1B0-s93,A1B0,93,11,20.0,20.000000000000004,1.1704428842189083,200,1000,17,0.6180898318008761,0.6022124219777609,851.9875218215675,4318.5353522886235,21809.219980050933,93394.20854616203,832.3494913395706,800.7183173431582,228.6610017758937,234.50536637870718,0.1,
ausprivauto0405,nanoTabPFN-A1B0-s93,A1B0,93,11,50.0,50.0,1.1704428842189083,200,1000,7,0.4557348612552122,0.45167523647312996,1176.9884645093362,5909.560112661649,22589.167255017164,96791.44908694157,857.8018108044143,790.1638040047358,247.65655995157465,101.3348975101462,0.0,
ausprivauto0405,nanoTabPFN-A1B0-s93,A1B0,93,12,1.0,1.0,1.0926200145428704,200,1000,69,1.9244780454172776,1.8015510144812776,952.0720512354562,3448.575950271299,222634.14874952915,977098.9432333077,803.2069785857284,817.2889880272452,2517.212857423259,972.9907661477772,0.0,
ausprivauto0405,nanoTabPFN-A1B0-s93,A1B0,93,12,4.0,4.000000000000001,1.0926200145428704,200,1000,50,0.673258554439348,0.6229251493500833,848.3822944920723,3273.090524852374,17159.77628272218,2498933.8966481984,798.152627330017,827.0352424719911,221.11793976182742,2418.746117109599,0.1,
ausprivauto0405,nanoTabPFN-A1B0-s93,A1B0,93,12,20.0,20.0,1.0926200145428704,200,1000,14,0.703401173356477,0.6573874706606098,913.3629386383095,3778.6154496183985,21007.94131959245,89898.12968252214,802.1600488984117,806.3052685161055,258.79525701318846,230.7564830637892,0.0,
ausprivauto0405,nanoTabPFN-A1B0-s93,A1B0,93,12,50.0,50.00000000000001,1.0926200145428704,200,1000,5,0.582582198697679,0.5772572599083963,823.6802288804738,4381.5030476436505,21152.652558715396,89902.17139125113,808.3116440508155,813.2382357328618,274.634026290934,97.77830220316629,0.1,
ausprivauto0405,nanoTabPFN-A1B0-s93,A1B0,93,13,1.0,1.0,1.0522211476404697,200,1000,74,2.1987087214303576,2.0942163864834,915.2071105464563,4049.3385133301254,522320.8189439247,727470.6414043247,834.2150297054449,1058.6469100054735,5257.601708901668,725.9993880969836,0.1,
ausprivauto0405,nanoTabPFN-A1B0-s93,A1B0,93,13,4.0,3.999999999999999,1.0522211476404697,200,1000,45,0.5572403726896633,0.5266867825992482,861.3964323211154,3606.314027087774,15683.414628096736,2115134.145305369,831.4275294196157,852.5780478346284,623.3144509518065,2047.2222844717273,0.1,
ausprivauto0405,nanoTabPFN-A1B0-s93,A1B0,93,13,20.0,20.0,1.0522211476404697,200,1000,11,0.5717354098930569,0.5619964155203444,645.2649294343369,3295.344156755571,15471.956933993755,63076.71213164339,829.7350303001108,856.0602155758964,263.82512867882195,578.6640175666583,0.0,
ausprivauto0405,nanoTabPFN-A1B0-s93,A1B0,93,13,50.0,50.00000000000001,1.0522211476404697,200,1000,4,0.42561477966860956,0.3892706592040352,1041.2306531428285,4107.430391750781,13939.181616371394,54691.48543135226,849.3406487168423,858.3530573363472,282.0509417142969,116.66981270243528,0.0,
ausprivauto0405,nanoTabPFN-A1B0-s93,A1B0,93,14,1.0,1.0,1.1232339121343675,200,1000,72,2.193143426549737,2.096749860537002,1091.8248018982044,4877.298606979484,632400.2841757428,1023622.4373385701,739.89989302268,678.2884525084861,6263.816774192259,1021.4049519781735,0.0,
ausprivauto0405,nanoTabPFN-A1B0-s93,A1B0,93,14,4.0,4.0,1.1232339121343675,200,1000,52,0.6158204062036386,0.5886309311068599,1011.0920050129978,4631.869319716771,22681.076882396475,3148718.835394945,730.878949218539,678.2989974899141,356.16897009676705,2998.2501515069353,0.0,
ausprivauto0405,nanoTabPFN-A1B0-s93,A1B0,93,14,20.0,19.999999999999996,1.1232339121343675,200,1000,15,0.6088324308049144,0.5948961842424918,821.368147129871,4358.611016074929,21682.51036139593,92416.83678722338,721.1862659067065,680.2524008635478,244.933869374262,427.94590007260024,0.0,
ausprivauto0405,nanoTabPFN-A1B0-s93,A1B0,93,14,50.0,50.00000000000001,1.1232339121343675,200,1000,6,0.4963216282098901,0.47227955059218346,1206.933790901423,5735.392179924085,21770.693695029782,89862.90095658269,773.2428785520545,726.1306518299095,259.7929210469533,102.42729591398854,0.0,
ausprivauto0405,nanoTabPFN-A1B0-s93,A1B0,93,15,1.0,1.0,1.133350288602216,200,1000,71,2.173083989281633,2.0603501046885553,982.9513513092301,3959.727790385875,459539.9613056112,949706.0483273396,809.9126893243259,756.1235296948464,4580.762602504986,947.7805739331764,0.0,
ausprivauto0405,nanoTabPFN-A1B0-s93,A1B0,93,15,4.0,3.9999999999999996,1.133350288602216,200,1000,53,0.6461072677791597,0.6009322435778757,914.0617057399563,3765.373790208322,18748.031898443296,2692765.699542397,806.6670406422603,766.658274637062,219.43225639309532,2625.2254503326003,0.1,
ausprivauto0405,nanoTabPFN-A1B0-s93,A1B0,93,15,20.0,19.999999999999993,1.133350288602216,200,1000,16,0.6137611937000433,0.6013144142600673,762.4256262526142,3753.7482636072696,18656.884639969205,78770.93366265809,803.2476586895663,765.7337506086324,229.55251812443072,165.09126870848957,0.1,
ausprivauto0405,nanoTabPFN-A1B0-s93,A1B0,93,15,50.0,49.99999999999999,1.133350288602216,200,1000,6,0.47687427298563106,0.4682615692218594,1038.8497128882673,5300.123411346883,20433.00742108396,85759.7188335968,815.7041575694662,738.3913566242912,260.0724510038664,95.77158578307719,0.0,
ausprivauto0405,nanoTabPFN-A1B0-s93,A1B0,93,16,1.0,1.0,1.120389421822627,200,1000,70,2.1035721122878033,1.9848282363009329,921.9813451241082,3600.627573836148,350061.9456399904,907220.1031178118,869.2291956138333,905.5269344430525,3466.7382334840595,904.9796492373317,0.0,
ausprivauto0405,nanoTabPFN-A1B0-s93,A1B0,93,16,4.0,3.999999999999999,1.120389421822627,200,1000,52,0.6693489822486826,0.6267566361156576,823.1312499209284,3451.9296655519365,18152.425873835266,2680287.6556346808,865.7804784807137,912.2491933179314,267.4193113563776,2612.5361034700636,0.1,
ausprivauto0405,nanoTabPFN-A1B0-s93,A1B0,93,16,20.0,20.0,1.120389421822627,200,1000,15,0.6552625867046653,0.6304545811415154,764.5260466021446,3702.2477508145234,19571.945469493705,83939.36650573299,865.0666264304629,907.7713885852613,254.98750715956533,94.23785354701012,0.1,
ausprivauto0405,nanoTabPFN-A1B0-s93,A1B0,93,16,50.0,50.000000000000014,1.120389421822627,200,1000,6,0.43641138420093845,0.4466189270817798,1038.0599300702715,5643.39940015313,21267.987792104897,93158.20898242202,873.1057219487801,873.0205931126503,261.66514279642377,92.80004910333024,0.1,
ausprivauto0405,nanoTabPFN-A1B0-s93,A1B0,93,17,1.0,1.0,1.1371650845547003,200,1000,72,2.208441251487289,2.110566552731494,1110.1589270880252,5083.872393189422,669261.2027533232,987114.0148462697,807.8930819726113,783.5134952341263,6596.933695401806,984.3902206084683,0.1,
ausprivauto0405,nanoTabPFN-A1B0-s93,A1B0,93,17,4.0,4.000000000000001,1.1371650845547003,200,1000,54,0.6115283696130596,0.5849603138182723,1038.9030361852567,4726.895256140025,22986.984260270623,3109200.5248937216,801.50415164055,781.7164033498221,238.6512391736528,3054.230601420285,0.1,
ausprivauto0405,nanoTabPFN-A1B0-s93,A1B0,93,17,20.0,19.999999999999996,1.1371650845547003,200,1000,16,0.6036905671543542,0.5939509795516145,947.0260465496017,4856.126802335545,23887.76779551674,110532.151295994,799.3758160356409,786.2993117739277,251.875310913968,126.60767655577278,0.1,
ausprivauto0405,nanoTabPFN-A1B0-s93,A1B0,93,17,50.0,49.99999999999999,1.1371650845547003,200,1000,6,0.4252929090199337,0.4193094517290338,1333.8448109712954,6128.70121821013,22020.25137825749,93684.53837624013,837.2134667554652,825.2043583731922,250.5143681576821,91.98257297772983,0.1,
ausprivauto0405,nanoTabPFN-A1B0-s93,A1B0,93,18,1.0,1.0,1.1921620989345798,200,1000,71,2.115948440359786,1.9978616746424653,1132.8238253892832,4400.766816507306,442349.0728453569,1087074.011360964,795.2760473109192,758.4009973100009,4436.73108809602,1085.375403103895,0.1,
ausprivauto0405,nanoTabPFN-A1B0-s93,A1B0,93,18,4.0,4.0,1.1921620989345798,200,1000,54,0.6288943343309658,0.5940167066979938,965.4580080013197,4198.846337487503,20911.77050872779,3080731.6129179103,779.8167191221153,755.8785132178037,231.72736950770678,3064.623676646024,0.1,
ausprivauto0405,nanoTabPFN-A1B0-s93,A1B0,93,18,20.0,20.000000000000004,1.1921620989345798,200,1000,18,0.5759867565251366,0.5588222295926953,965.9504620144985,4603.459795277085,21326.13536883104,89677.13515985278,779.5787897845653,760.603902385993,219.47990512650603,294.3903510271392,0.2,
ausprivauto0405,nanoTabPFN-A1B0-s93,A1B0,93,18,50.0,50.0,1.1921620989345798,200,1000,7,0.44224840831408774,0.4425752109241491,1099.3245500761877,5635.141859958381,20726.862461049197,92007.0105955975,796.9362502101296,784.787253837271,227.27228560436407,136.58513223930308,0.2,
ausprivauto0405,nanoTabPFN-A1B0-s93,A1B0,93,19,1.0,1.0,1.134543515882247,200,1000,70,2.146786931080333,2.027707672722401,842.859919956876,3183.998825274611,343846.1633708845,789583.7026876122,745.6431779507908,753.7440252058087,3037.1425864429075,780.9504315378964,0.1,
ausprivauto0405,nanoTabPFN-A1B0-s93,A1B0,93,19,4.0,4.0,1.134543515882247,200,1000,53,0.6364849800975793,0.5962480623563345,720.3668921813403,2960.1743116282323,15094.503186919788,2253391.5127485115,745.5006126083648,763.865251769753,196.36403026577017,2011.618794899818,0.1,
ausprivauto0405,nanoTabPFN-A1B0-s93,A1B0,93,19,20.0,20.000000000000004,1.134543515882247,200,1000,16,0.5942371571180796,0.5747257879734987,670.0384389716842,3340.7831079915477,16096.698157777582,67372.95250484935,747.8462844492299,742.2913664334656,190.92835322494815,302.94457826061796,0.2,
ausprivauto0405,nanoTabPFN-A1B0-s93,A1B0,93,19,50.0,50.00000000000001,1.134543515882247,200,1000,6,0.47425971474381096,0.4500002351961168,811.7738280671738,3936.4995126023323,14990.870423984692,68601.84259855349,755.2054457694536,724.8012431633964,211.25455208634935,74.1826122672663,0.1,
ausprivauto0405,nanoTabPFN-ATB0-s93,ATB0,93,0,1.0,1.0,1.0933856100915766,200,1000,72,2.1537648738889463,2.0270388629100866,929.8795815063505,3385.648577074332,365297.64399037696,775891.9369176629,784.2086685124704,793.5945474681545,3374.6459488180635,771.0322428695958,0.4,
ausprivauto0405,nanoTabPFN-ATB0-s93,ATB0,93,0,4.0,4.0,1.0933856100915766,200,1000,50,0.5515836049509872,0.5114231307148827,869.3596980214882,3455.77761357598,14640.700606615232,1968664.1971746527,779.7527095453129,797.5025009213616,216.89882844679084,1576.5223947907418,0.1,
ausprivauto0405,nanoTabPFN-ATB0-s93,ATB0,93,0,20.0,20.0,1.0933856100915766,200,1000,14,0.8853978331774548,0.8382156077938164,1089.6551076979995,4962.085365079311,40780.91994251674,5590883.047991972,796.2347143173688,758.8735854093782,410.99800115423875,5099.355935871566,0.2,
ausprivauto0405,nanoTabPFN-ATB0-s93,ATB0,93,0,50.0,50.0,1.0933856100915766,200,1000,6,0.19908975507591084,0.13187031062701554,1968.2774592856822,5762.831428750768,13747.499724000781,6742315.845956388,970.6994362825382,794.0614027437616,245.81451320584532,8793.916517406687,0.2,
ausprivauto0405,nanoTabPFN-ATB0-s93,ATB0,93,1,1.0,1.0,1.1285042000554817,200,1000,69,0.4753696526399841,0.41704338270669444,1077.0520150823008,3568.3598739403506,12967.264560524003,1133373.5904173944,847.7846287682809,865.1649503269801,1039.957305666364,1110.385703154815,0.1,
ausprivauto0405,nanoTabPFN-ATB0-s93,ATB0,93,1,4.0,4.0,1.1285042000554817,200,1000,52,0.5738742740444587,0.532578372259532,1058.4022048365189,4140.16931795822,18321.07631695528,1927084.766787499,845.8847651240415,845.0590619488097,203.97751991071107,1809.803930917409,0.1,
ausprivauto0405,nanoTabPFN-ATB0-s93,ATB0,93,1,20.0,20.0,1.1285042000554817,200,1000,15,0.921647204609758,0.8785985820217782,1352.8177467611922,6750.618052967053,57344.083280229475,8407362.259749878,887.6847150432766,866.3396536309381,623.8725173755341,7941.17342311653,0.1,
ausprivauto0405,nanoTabPFN-ATB0-s93,ATB0,93,1,50.0,50.0,1.1285042000554817,200,1000,6,0.25063637626616614,0.22953085749117216,2364.203690154619,8773.847014082236,23759.85136474866,11682818.347064294,1137.7688445392428,950.617165502083,374.1246367671143,14408.85970219417,0.1,
ausprivauto0405,nanoTabPFN-ATB0-s93,ATB0,93,2,1.0,1.0,1.0727387885167678,200,1000,73,2.189113435551185,2.087114318093016,921.0618892103953,3972.1534991094445,489284.286941165,749714.1724145401,916.8337845612161,951.7271820438854,4811.1800126641265,746.9331693339632,0.1,
ausprivauto0405,nanoTabPFN-ATB0-s93,ATB0,93,2,4.0,4.000000000000001,1.0727387885167678,200,1000,49,0.5358336730912528,0.4965519071077576,911.7712699121568,3571.303862229327,14751.067973229685,1892036.1216702713,916.6211981957025,978.3050805954296,308.3342603644603,1781.2684518497888,0.1,
ausprivauto0405,nanoTabPFN-ATB0-s93,ATB0,93,2,20.0,20.0,1.0727387885167678,200,1000,12,0.7866055451035125,0.7406868751618516,1180.9265472228585,5137.109679271502,33340.698816188116,3332388.7235139553,945.3273442306937,947.0863272297589,376.3689933634962,3928.6389955695336,0.1,
ausprivauto0405,nanoTabPFN-ATB0-s93,ATB0,93,2,50.0,50.0,1.0727387885167678,200,1000,5,0.04532406151944996,-0.0038578513744291316,1968.5844174320382,5457.852740596806,10884.862572400863,8290049.290939227,1078.8861898532425,923.4605710127342,382.9135748837843,9775.536421339562,0.1,
ausprivauto0405,nanoTabPFN-ATB0-s93,ATB0,93,3,1.0,1.0,1.116166568061844,200,1000,73,2.195348343071244,2.0871317818465833,1123.4397066774095,4663.066556460095,605257.7038852458,848867.6562464873,788.9551778691654,715.012740581482,5736.011425808553,843.9964512198451,0.1,
ausprivauto0405,nanoTabPFN-ATB0-s93,ATB0,93,3,4.0,4.0,1.116166568061844,200,1000,53,0.5266532295094211,0.49150009909205145,1066.2379072705326,4293.2398333068395,17421.79077959516,2305735.1024176893,781.3369736486916,717.7839626785312,215.63781600078386,1973.46858763927,0.1,
ausprivauto0405,nanoTabPFN-ATB0-s93,ATB0,93,3,20.0,19.999999999999996,1.116166568061844,200,1000,15,0.8937528617757254,0.8411035596022266,1310.5332733543341,5657.187399897168,45964.27101521169,6142065.562990106,814.1959709384965,729.1784585155887,457.94590958830224,5803.846448517057,0.1,
ausprivauto0405,nanoTabPFN-ATB0-s93,ATB0,93,3,50.0,50.0,1.116166568061844,200,1000,6,0.7216183018885165,0.6104658477636532,2221.147936773459,6389.237346978756,34299.22547307787,9012892.9456988,1010.0997559237222,758.4910109305,309.2261142203077,10542.263894587397,0.1,
ausprivauto0405,nanoTabPFN-ATB0-s93,ATB0,93,4,1.0,1.0,1.119143963135271,200,1000,70,0.46108070676132307,0.4151125770531774,1118.8156703845664,4016.0455793487527,14260.004398963858,1161984.680310151,801.9914590736529,770.2419685274579,1082.5235234760687,1154.048517842807,0.1,
ausprivauto0405,nanoTabPFN-ATB0-s93,ATB0,93,4,4.0,4.0,1.119143963135271,200,1000,52,0.578376054004341,0.5401110848079274,1095.377193692672,4346.591231904712,19767.550625524753,2170270.307983288,797.9345253771761,764.2338570371755,224.49752383254662,2018.7595581587361,0.1,
ausprivauto0405,nanoTabPFN-ATB0-s93,ATB0,93,4,20.0,20.0,1.119143963135271,200,1000,15,0.8607608795452107,0.8170079978617265,1585.8296646295826,7371.9078995434065,55871.41980931301,6443066.721316178,881.5278290394759,837.2712234305543,588.2456479549294,6705.225783931609,0.1,
ausprivauto0405,nanoTabPFN-ATB0-s93,ATB0,93,4,50.0,50.0,1.119143963135271,200,1000,6,0.2510774908082596,0.21981906757637673,2682.176284284201,8978.895546739483,23861.404977457507,9246329.19921037,1175.1669083803213,927.285791241209,377.40988051347153,12592.094485630656,0.1,
ausprivauto0405,nanoTabPFN-ATB0-s93,ATB0,93,5,1.0,1.0,1.1804704388704697,200,1000,73,2.1904114679239473,2.082309427555926,1010.3684265239203,4246.112205379633,545595.8925822927,749423.664883259,856.5081217748022,835.4680455424136,5282.936445000089,745.8154815481953,0.1,
ausprivauto0405,nanoTabPFN-ATB0-s93,ATB0,93,5,4.0,4.000000000000001,1.1804704388704697,200,1000,55,0.5384324447995181,0.5054559862834636,971.7740706513353,3916.673069585518,16737.045800958134,2138475.8195646107,853.784772080325,849.3303485847227,343.0875207506351,1897.767705641358,0.1,
ausprivauto0405,nanoTabPFN-ATB0-s93,ATB0,93,5,20.0,20.0,1.1804704388704697,200,1000,17,0.7829271329423955,0.7304421216895907,1220.6131567638977,4924.748821801577,31648.17362848005,2480810.6928803446,878.8294619875998,814.2792265654039,350.50916005897267,3577.988443575029,0.1,
ausprivauto0405,nanoTabPFN-ATB0-s93,ATB0,93,5,50.0,50.0,1.1804704388704697,200,1000,7,0.7419985632363885,0.6558434078354909,1695.1086380013867,5589.661142130817,31532.584638881308,7228847.169071606,954.46456119164,846.0422419289926,327.5582834809218,9101.649984229292,0.1,
ausprivauto0405,nanoTabPFN-ATB0-s93,ATB0,93,6,1.0,1.0,1.128687181260936,200,1000,72,2.1603062047941015,2.0282756549091503,937.9226123907233,3341.0967815940967,359732.83519550296,722678.4090280911,908.7568014449724,988.0694937827463,3507.0183663798684,719.819309269985,0.1,
ausprivauto0405,nanoTabPFN-ATB0-s93,ATB0,93,6,4.0,3.999999999999999,1.128687181260936,200,1000,52,0.5145665009658121,0.472610138606801,842.325956478961,3264.344924138526,12954.477291864512,1645746.7775426214,904.213471346794,998.5281119213753,277.9699555652955,1564.9031335157692,0.1,
ausprivauto0405,nanoTabPFN-ATB0-s93,ATB0,93,6,20.0,20.000000000000004,1.128687181260936,200,1000,15,0.8795009488192832,0.8266898574510129,1061.3560895273677,4590.628322698506,35397.01574098145,4273098.093187088,919.8186577919422,931.7915825212483,354.86168855325525,4203.985661127997,0.5,
ausprivauto0405,nanoTabPFN-ATB0-s93,ATB0,93,6,50.0,50.00000000000001,1.128687181260936,200,1000,6,0.7252380307695661,0.6381543467485107,1686.596450203294,5507.110680530816,30597.57190510571,5464011.442372949,1023.6444817319383,925.0431374616848,294.9753158674672,7967.5170750776915,0.1,
ausprivauto0405,nanoTabPFN-ATB0-s93,ATB0,93,7,1.0,1.0,1.0574938383692571,200,1000,72,2.111935314543814,1.9783666127972608,904.88059275111,3231.4640929401994,314763.63620658027,726640.2512192605,868.5115999008565,899.8797661140054,3108.883391576787,724.3432441486805,0.1,
ausprivauto0405,nanoTabPFN-ATB0-s93,ATB0,93,7,4.0,3.999999999999999,1.0574938383692571,200,1000,45,0.5228465108390907,0.4784823422355927,829.5492955036693,3171.0823081253957,12787.353076085099,1494425.8532033584,867.0276213274527,915.8480261570678,291.0803090926325,1390.49792353045,0.1,
ausprivauto0405,nanoTabPFN-ATB0-s93,ATB0,93,7,20.0,20.0,1.0574938383692571,200,1000,11,0.8739388088999211,0.8326715251657392,977.1681156571372,4763.5454915159735,37291.06862444718,4192592.857947585,872.2408028307765,841.0064721844398,383.6747263998885,4288.397192348493,0.1,
ausprivauto0405,nanoTabPFN-ATB0-s93,ATB0,93,7,50.0,50.0,1.0574938383692571,200,1000,5,0.014743255734639518,-0.026512322812165968,1848.2002317479219,5266.028807820786,10270.251415648952,9387667.812855672,1004.8379227594465,843.6929955850555,357.22444979930367,9802.080504124075,0.1,
ausprivauto0405,nanoTabPFN-ATB0-s93,ATB0,93,8,1.0,1.0,1.1433043969274483,200,1000,71,2.1763421032770416,2.050217845047354,887.7682408862345,3330.1584677911164,380070.5625799714,754897.3755522774,884.095441428494,956.6751851876429,3620.104759998064,751.2005227261358,0.1,
ausprivauto0405,nanoTabPFN-ATB0-s93,ATB0,93,8,4.0,4.0,1.1433043969274483,200,1000,53,0.551665009552011,0.5134901233902429,854.250283001554,3448.423242734105,14774.15454251727,1966485.1672184528,882.628837807866,951.0770590583915,285.32713083245216,1761.7473028798843,0.1,
ausprivauto0405,nanoTabPFN-ATB0-s93,ATB0,93,8,20.0,20.000000000000004,1.1433043969274483,200,1000,16,0.8779783224760945,0.8158734874398393,1118.7900709988444,4612.646179090834,35435.68633535114,4510784.147443287,906.4123753310137,908.0521564127903,368.72687143376993,4435.63950118209,0.1,
ausprivauto0405,nanoTabPFN-ATB0-s93,ATB0,93,8,50.0,50.0,1.1433043969274483,200,1000,7,0.7285145356334212,0.6709656008170012,1479.9814335459077,5655.124007538116,33020.63769977933,6088311.751788415,969.8311575245671,911.9667924721772,356.02913223167616,8667.280803188714,0.1,
ausprivauto0405,nanoTabPFN-ATB0-s93,ATB0,93,9,1.0,1.0,1.0641253219377038,200,1000,75,2.133190392870561,2.0413213324285557,977.0077034086222,4678.279785802637,521857.37027750624,687545.9513269577,772.8891077652397,719.3989813324322,5166.830751681663,685.336478388506,0.1,
ausprivauto0405,nanoTabPFN-ATB0-s93,ATB0,93,9,4.0,4.0,1.0641253219377038,200,1000,48,0.501354284696705,0.4711081212404112,932.6306313472786,3789.1837123992163,15070.013081944273,1903968.410329559,769.609356303242,727.7980924767008,185.16381044675202,1793.5935137416636,0.1,
ausprivauto0405,nanoTabPFN-ATB0-s93,ATB0,93,9,20.0,20.000000000000004,1.0641253219377038,200,1000,12,0.7025183579244083,0.6616836572800058,1216.7792538720646,5227.945718797691,29382.2606955261,1655022.8519223216,791.9462641918506,720.1581827805006,292.278692864451,2584.612203408883,0.1,
ausprivauto0405,nanoTabPFN-ATB0-s93,ATB0,93,9,50.0,50.0,1.0641253219377038,200,1000,5,0.0040299125177462895,-0.05360278511188755,1961.3407489746978,5095.701061370582,9622.508410008699,6993055.137499187,931.3928729143731,735.9171536616358,272.931703285169,8433.182001759476,0.1,
ausprivauto0405,nanoTabPFN-ATB0-s93,ATB0,93,10,1.0,1.0,1.1399570541412825,200,1000,71,2.1032702775202283,1.9836163722122684,1043.4036371552254,4169.685374462197,402377.3195786001,991222.2920894977,929.6768965652988,949.1262554470422,3867.1137912579243,985.6974385099339,0.1,
ausprivauto0405,nanoTabPFN-ATB0-s93,ATB0,93,10,4.0,4.000000000000001,1.1399570541412825,200,1000,53,0.5695027547866939,0.5364220840483921,1045.0760951415837,4451.436399100923,19824.57554238851,2631827.430328727,927.612140984667,945.4118098303978,248.4069727259099,2121.4249998059277,0.1,
ausprivauto0405,nanoTabPFN-ATB0-s93,ATB0,93,10,20.0,20.0,1.1399570541412825,200,1000,16,0.9471859950133761,0.8916382985424426,1401.714823492101,6285.661758201183,57484.35478829229,8842404.639825825,976.2461078070838,923.106746859773,540.9710497841121,7443.972261863744,0.1,
ausprivauto0405,nanoTabPFN-ATB0-s93,ATB0,93,10,50.0,50.0,1.1399570541412825,200,1000,6,0.7670866422828546,0.6866842434548754,2171.978261025488,7469.744666279814,44655.457856651316,15363946.954060312,1149.8927475341752,989.0477691625422,482.6044529808258,15608.334656115052,0.1,
ausprivauto0405,nanoTabPFN-ATB0-s93,ATB0,93,11,1.0,1.0,1.1704428842189083,200,1000,71,2.1516299801049303,2.032248595841039,1070.1331670691252,4123.181116954405,448365.9770961905,988873.6771806385,843.0053816839724,810.993165417353,4305.997737032126,985.2732800201792,0.1,
ausprivauto0405,nanoTabPFN-ATB0-s93,ATB0,93,11,4.0,3.9999999999999996,1.1704428842189083,200,1000,54,0.5594245529448388,0.5228013345179934,1046.7444487015578,4300.752163055945,18570.035422551467,2415083.6904693036,840.4671723965488,808.8488963431822,222.96355221401774,2252.12689681726,0.1,
ausprivauto0405,nanoTabPFN-ATB0-s93,ATB0,93,11,20.0,20.000000000000004,1.1704428842189083,200,1000,17,0.8951206109912558,0.8459166054019726,1359.4569578301498,6169.802529668453,49576.187570519876,6747672.022377443,878.4399942870757,801.1484175873984,505.08299486612356,6282.89663807445,0.1,
ausprivauto0405,nanoTabPFN-ATB0-s93,ATB0,93,11,50.0,50.0,1.1704428842189083,200,1000,7,0.7589935562727739,0.6823727512148463,2065.608251101098,7331.033409982456,43291.4073521077,11801496.619406,1021.6515404579956,855.6478706142462,423.4281603331953,13273.897095700995,0.1,
ausprivauto0405,nanoTabPFN-ATB0-s93,ATB0,93,12,1.0,1.0,1.0926200145428704,200,1000,69,0.5101460965645013,0.4493852808064665,938.8973133854641,3208.9783807763506,12135.535942732622,951439.6026389766,802.6966653034342,836.1933335539127,1422.7079763969698,943.1536994122481,0.1,
ausprivauto0405,nanoTabPFN-ATB0-s93,ATB0,93,12,4.0,4.000000000000001,1.0926200145428704,200,1000,50,0.5999819453603079,0.5562639047917305,936.7184837924165,3717.270674768492,17197.990666314454,2236306.5084650354,802.4895419558183,814.8277212761328,227.7467257224567,1988.573436543052,0.1,
ausprivauto0405,nanoTabPFN-ATB0-s93,ATB0,93,12,20.0,20.0,1.0926200145428704,200,1000,14,1.0250958204331198,0.9779395863610608,1141.925399046966,5606.79708566951,64563.63868084602,10991568.047564786,825.2090751901795,812.7392598149803,626.9421092253062,9701.198823838618,0.1,
ausprivauto0405,nanoTabPFN-ATB0-s93,ATB0,93,12,50.0,50.00000000000001,1.0926200145428704,200,1000,5,0.23086383473527258,0.17891165928759808,2237.123310014331,7130.846516253763,18330.298015699176,14725146.657581367,1077.9680638297903,874.432442856381,396.795912253666,16110.339055519287,0.1,
ausprivauto0405,nanoTabPFN-ATB0-s93,ATB0,93,13,1.0,1.0,1.0522211476404697,200,1000,74,2.187330621901908,2.0712485242732095,952.2861441100786,3811.4665519243517,476287.8649020147,722865.6330509825,835.7598247553979,920.3001804289811,4810.666314924061,721.5301466108167,0.1,
ausprivauto0405,nanoTabPFN-ATB0-s93,ATB0,93,13,4.0,3.999999999999999,1.0522211476404697,200,1000,45,0.5229838935776793,0.4830421019155097,901.6354432877072,3413.7165187596224,14046.874325399813,1733381.893654348,832.699035002897,857.7033557502889,403.8682656456467,1536.1260355099848,0.1,
ausprivauto0405,nanoTabPFN-ATB0-s93,ATB0,93,13,20.0,20.0,1.0522211476404697,200,1000,11,0.767646335577919,0.7261758812357559,1075.6564147276772,4707.285476800715,30149.51884981869,1748898.252659672,854.135706104014,878.2185923369954,372.97661132678303,3290.4502443846277,0.1,
ausprivauto0405,nanoTabPFN-ATB0-s93,ATB0,93,13,50.0,50.00000000000001,1.0522211476404697,200,1000,4,0.0004627161143330562,-0.049644813884273775,1947.3413910013542,5257.173855706621,9969.371018170195,6120396.501554811,1014.229567752834,851.3762461833319,377.13871617352555,8549.348465988913,0.1,
ausprivauto0405,nanoTabPFN-ATB0-s93,ATB0,93,14,1.0,1.0,1.1232339121343675,200,1000,72,2.1811684157822953,2.0809113914017336,1102.6268322649657,4588.038652717747,560791.1331431253,1016457.4063999229,741.2502986843409,678.3459954409622,5385.947754061399,1012.6263160995144,0.1,
ausprivauto0405,nanoTabPFN-ATB0-s93,ATB0,93,14,4.0,4.0,1.1232339121343675,200,1000,52,0.563686395695526,0.5292276239823643,1093.8710746411653,4549.3345824512435,20059.240212943645,2651449.820096938,737.6976975613559,677.6358170676388,197.02815006835988,2383.8961436729282,0.1,
ausprivauto0405,nanoTabPFN-ATB0-s93,ATB0,93,14,20.0,19.999999999999996,1.1232339121343675,200,1000,15,0.9062152483011875,0.8608895400260468,1405.5610365985767,6313.899814818356,56029.523054030535,7909482.710761013,795.8138094303755,734.1660990194308,567.5439288008051,7012.952697801422,0.1,
ausprivauto0405,nanoTabPFN-ATB0-s93,ATB0,93,14,50.0,50.00000000000001,1.1232339121343675,200,1000,6,0.6683127989867561,0.5685214576972698,2445.9685870272697,7539.258376782152,37573.09766052014,10551484.9772094,1070.0851139227664,790.159006851675,352.26079580557996,12504.996716238893,0.1,
ausprivauto0405,nanoTabPFN-ATB0-s93,ATB0,93,15,1.0,1.0,1.133350288602216,200,1000,71,2.0940951991186,1.9706602243466047,1009.0277456306987,3765.106253336958,351909.1076381928,938947.590260159,811.697853463351,765.6047300158617,3544.3772651024105,937.2555916974001,0.1,
ausprivauto0405,nanoTabPFN-ATB0-s93,ATB0,93,15,4.0,3.9999999999999996,1.133350288602216,200,1000,53,0.5815120915119338,0.5389875112232819,1002.1512482220351,3950.167943172596,17614.712264705475,2241063.536892431,810.8650280361863,763.2682946730031,223.15213389942846,2007.636258134388,0.1,
ausprivauto0405,nanoTabPFN-ATB0-s93,ATB0,93,15,20.0,19.999999999999993,1.133350288602216,200,1000,16,0.9385621604581392,0.8851774039276822,1285.684566816024,5597.980324478056,50292.79035400263,7290611.1001964,837.7425463790261,746.6200242907491,498.4463718262634,6261.699955151277,0.2,
ausprivauto0405,nanoTabPFN-ATB0-s93,ATB0,93,15,50.0,49.99999999999999,1.133350288602216,200,1000,6,0.25899612072779316,0.22512363718966966,2073.1740628816606,6928.722117998555,18433.25980155301,6736194.480126655,996.8130375414663,797.0190022497376,324.11719802459373,10163.00246232944,0.1,
ausprivauto0405,nanoTabPFN-ATB0-s93,ATB0,93,16,1.0,1.0,1.120389421822627,200,1000,70,1.847749052551181,1.721540625489405,934.0272788541045,3346.2515882479343,177888.93571424292,890013.8003397895,869.5055888375792,924.136154027221,1752.2002066945602,886.2460719390713,0.1,
ausprivauto0405,nanoTabPFN-ATB0-s93,ATB0,93,16,4.0,3.999999999999999,1.120389421822627,200,1000,52,0.5761931960108387,0.5395114802862944,878.6143545800003,3596.199001240001,16190.431415876375,2166700.4466163935,867.1198414569653,911.6041130163464,282.3240360791684,2064.2802973097973,0.1,
ausprivauto0405,nanoTabPFN-ATB0-s93,ATB0,93,16,20.0,20.0,1.120389421822627,200,1000,15,0.899571804153369,0.8548256592033971,1172.5786765520952,5674.990874517171,46140.55384187238,6255754.01836758,889.1932257654308,867.1193972210889,455.0620878544218,6136.646302438268,0.1,
ausprivauto0405,nanoTabPFN-ATB0-s93,ATB0,93,16,50.0,50.000000000000014,1.120389421822627,200,1000,6,0.7422148430601192,0.6762874260763464,1797.4804752449982,6687.505783451718,39017.75680315778,10871428.229377523,1014.9224500214184,908.5840445984514,399.2240887544721,12152.273314910937,0.1,
ausprivauto0405,nanoTabPFN-ATB0-s93,ATB0,93,17,1.0,1.0,1.1371650845547003,200,1000,72,2.216171057263468,2.1135756904960363,1114.7817965513955,4776.13996020539,628512.2433321016,983038.5345158448,807.3011141472884,780.9711747428099,6176.888020410696,980.1898172836634,0.1,
ausprivauto0405,nanoTabPFN-ATB0-s93,ATB0,93,17,4.0,4.000000000000001,1.1371650845547003,200,1000,54,0.5506533758826584,0.5175564636889091,1112.0110361369982,4594.559744979375,19623.5439276741,2604175.4081556015,806.733779591794,786.0439611276627,230.73065651879227,2516.2611715242224,0.1,
ausprivauto0405,nanoTabPFN-ATB0-s93,ATB0,93,17,20.0,19.999999999999996,1.1371650845547003,200,1000,16,0.9448309573950492,0.8923484084377803,1355.3041869375616,6003.284920247108,55337.22738315302,8608931.44762174,844.6832991380381,830.9645920450271,518.0537355986932,6338.578080595916,0.1,
ausprivauto0405,nanoTabPFN-ATB0-s93,ATB0,93,17,50.0,49.99999999999999,1.1371650845547003,200,1000,6,0.754950180079468,0.659664053139518,2235.5884306090447,7284.499807159826,41781.50759167284,11284965.335567571,1055.618172189625,867.6080202495507,398.4819401998782,11837.835104665066,0.1,
ausprivauto0405,nanoTabPFN-ATB0-s93,ATB0,93,18,1.0,1.0,1.1921620989345798,200,1000,71,1.8426344047016594,1.7139082751318624,1153.3909963427627,4035.9817957052983,212585.30830475973,1064086.7420068434,796.3028154240611,763.9397648113074,2503.599906390873,1062.64632625002,0.1,
ausprivauto0405,nanoTabPFN-ATB0-s93,ATB0,93,18,4.0,4.0,1.1921620989345798,200,1000,54,0.5481289601005955,0.5132775435883249,1075.1737685585892,4363.891726759914,18545.518560234625,2303125.335513247,788.9702439991246,760.3342355763676,187.41587176604384,2313.0187187816628,0.0,
ausprivauto0405,nanoTabPFN-ATB0-s93,ATB0,93,18,20.0,20.000000000000004,1.1921620989345798,200,1000,18,0.9172235204633374,0.861317999856957,1419.7917438173713,6248.491195759472,51522.82775667228,7427106.358108623,844.5943507717825,796.0750913071563,536.4887277714109,7329.384396587191,0.0,
ausprivauto0405,nanoTabPFN-ATB0-s93,ATB0,93,18,50.0,50.0,1.1921620989345798,200,1000,7,0.8077003582523474,0.7533078086020679,1813.0020050299108,7911.793965292385,53900.92304077698,17681722.72313955,947.5316762623016,887.1628503446715,584.1061522859046,18085.907674731858,0.1,
ausprivauto0405,nanoTabPFN-ATB0-s93,ATB0,93,19,1.0,1.0,1.134543515882247,200,1000,70,1.9455818710910662,1.8147235016248873,846.4479511070965,2874.2842931452037,187094.72945165797,773905.2333784127,745.6082924436098,767.8408774988753,2207.8998344639867,760.2316355220289,0.0,
ausprivauto0405,nanoTabPFN-ATB0-s93,ATB0,93,19,4.0,4.0,1.134543515882247,200,1000,53,0.5468351750023587,0.5029430178627786,806.1418955081785,3035.312974628383,12923.820815707566,1652802.4014848224,745.3991359672707,760.005625453244,193.4100987518101,1429.385210744849,0.1,
ausprivauto0405,nanoTabPFN-ATB0-s93,ATB0,93,19,20.0,20.000000000000004,1.134543515882247,200,1000,16,0.9563785559570543,0.8885035142993465,1111.2180311582283,4446.9381493657,39328.8313000725,6732377.9863113705,770.3508710642792,711.2092552613647,413.6829696277721,5673.685434113882,0.1,
ausprivauto0405,nanoTabPFN-ATB0-s93,ATB0,93,19,50.0,50.00000000000001,1.134543515882247,200,1000,6,0.7054245259225528,0.6382569333854023,1634.2131377683781,5901.036386735087,33389.69507562785,5973976.981956396,855.4935199851601,755.1869271495469,294.13292849421526,8131.774000175116,0.1,
ausprivauto0405,nanoTabPFN-ACB0-s93,ACB0,93,0,1.0,1.0,1.0933856100915766,200,1000,72,2.168335231556813,2.1045442500641007,710.3435588861506,4340.739842828594,569716.3727665732,796338.5472056046,778.218092163461,809.5546600599818,5571.910419429573,793.3597035777502,0.1,
ausprivauto0405,nanoTabPFN-ACB0-s93,ACB0,93,0,4.0,4.0,1.0933856100915766,200,1000,50,0.3914113827190481,0.40173908351875787,725.0221314836494,3805.8607837641584,13524.082718808648,2144746.9078802513,776.808221245576,781.9145191868413,254.98463702596166,2117.1014441963157,0.1,
ausprivauto0405,nanoTabPFN-ACB0-s93,ACB0,93,0,20.0,20.0,1.0933856100915766,200,1000,14,0.1673453231277929,0.20178937828691593,1116.1151263692345,5437.264753918352,14158.285821629534,28633.906487840693,797.8488268329401,771.8349350608513,211.76541237871712,108.91158323380691,0.1,
ausprivauto0405,nanoTabPFN-ACB0-s93,ACB0,93,0,50.0,50.0,1.0933856100915766,200,1000,6,0.37680190644184597,0.37464968077609034,859.5903986792673,3943.6207720938974,13247.355406221726,29367.946821511476,779.9466991923498,772.2124579118225,199.2339750377559,55.38804325577221,0.0,
ausprivauto0405,nanoTabPFN-ACB0-s93,ACB0,93,1,1.0,1.0,1.1285042000554817,200,1000,69,2.3405764464777623,2.26376704964941,771.4834064713257,4320.01881950434,836577.2948479683,1268041.6198028964,835.3607136276153,837.3992051347948,8080.549141713002,1263.3630379184196,0.1,
ausprivauto0405,nanoTabPFN-ACB0-s93,ACB0,93,1,4.0,4.0,1.1285042000554817,200,1000,52,0.5517315771392618,0.5397864141175103,882.5303618449482,4573.8200045364865,20441.05395033899,2663928.6072930386,836.8074428828039,844.9308735803745,440.25964191464044,2609.2794303518954,0.1,
ausprivauto0405,nanoTabPFN-ACB0-s93,ACB0,93,1,20.0,20.0,1.1285042000554817,200,1000,15,0.26058747015864797,0.2873178828443103,1516.8883153108068,7868.936996991165,22980.54857347645,44286.42265256303,910.983450522618,905.4617913288788,245.34963659847182,128.44983261466388,0.1,
ausprivauto0405,nanoTabPFN-ACB0-s93,ACB0,93,1,50.0,50.0,1.1285042000554817,200,1000,6,0.43619014400631423,0.4499665486816904,799.7308216911133,4092.138672455577,17774.867881923365,44127.8612652412,841.5359074735109,848.7372159225763,209.2559139163098,66.70777087235521,0.1,
ausprivauto0405,nanoTabPFN-ACB0-s93,ACB0,93,2,1.0,1.0,1.0727387885167678,200,1000,73,2.0542782300415356,2.0069198323210484,697.7511072590191,5295.971974691678,561565.1173269586,756942.0059278022,916.4296844800017,915.1164817540715,5489.357974999615,753.7147540156639,0.1,
ausprivauto0405,nanoTabPFN-ACB0-s93,ACB0,93,2,4.0,4.000000000000001,1.0727387885167678,200,1000,49,0.15342406164926436,0.21575581682366296,748.9239212769882,4922.178542346009,12800.705977825051,1818963.2964291498,912.503253944785,931.8575725382306,308.0652240782684,1794.504456990546,0.1,
ausprivauto0405,nanoTabPFN-ACB0-s93,ACB0,93,2,20.0,20.0,1.0727387885167678,200,1000,12,-0.047069726927958744,0.04900488529757272,892.7533849837291,6083.622199887508,12876.176349873484,23921.412907020895,920.3559382414545,929.3046349621683,310.38197214448286,71.42004043003975,0.1,
ausprivauto0405,nanoTabPFN-ACB0-s93,ACB0,93,2,50.0,50.0,1.0727387885167678,200,1000,5,0.19454495555487622,0.21712708614082596,1069.49073450587,5003.958602292121,13394.692366978514,23607.929499688275,929.5142275336852,932.8879369405611,306.08921898183917,66.2806753887827,0.1,
ausprivauto0405,nanoTabPFN-ACB0-s93,ACB0,93,3,1.0,1.0,1.116166568061844,200,1000,73,2.1031251257448162,2.0111264889205516,980.3382668928974,4858.159049922046,517860.7990783312,840128.7961935294,777.5687047831483,714.0204851755789,4840.3632608138005,834.9935931844025,0.0,
ausprivauto0405,nanoTabPFN-ACB0-s93,ACB0,93,3,4.0,4.0,1.116166568061844,200,1000,53,0.3375307924304081,0.34128188424195743,919.0021144628691,4280.128778691313,13814.142735640144,2019371.3624207547,773.3079872329056,716.4691330794462,173.45142172183458,1978.4247629320319,0.1,
ausprivauto0405,nanoTabPFN-ACB0-s93,ACB0,93,3,20.0,19.999999999999996,1.116166568061844,200,1000,15,0.17588000161547918,0.19002068508978,1444.5602858246311,6186.933255152836,15705.94190495559,35495.37817280875,830.3129057154907,735.8647742643748,176.61165270373255,164.9290066966208,0.1,
ausprivauto0405,nanoTabPFN-ACB0-s93,ACB0,93,3,50.0,50.0,1.116166568061844,200,1000,6,0.27178821843020523,0.2755054515431504,1126.3440144212645,4912.715738915051,14423.67236776343,30874.68648861023,789.2384445333876,706.8617073824557,175.48796839853182,29.412204809899784,0.0,
ausprivauto0405,nanoTabPFN-ACB0-s93,ACB0,93,4,1.0,1.0,1.119143963135271,200,1000,70,2.168450578423523,2.1285646034890435,763.1277793713573,6879.599016030755,946027.9789903497,1278329.130265538,782.4907747697703,806.0753066661287,9343.21912272552,1275.4242062614226,0.0,
ausprivauto0405,nanoTabPFN-ACB0-s93,ACB0,93,4,4.0,4.0,1.119143963135271,200,1000,52,0.1558039107558965,0.23717492368373322,859.5687226793566,7666.1192358390845,20397.012489522487,3022502.795246851,784.8528740509544,830.7485073681593,224.1416220822209,2909.83340964049,0.1,
ausprivauto0405,nanoTabPFN-ACB0-s93,ACB0,93,4,20.0,20.0,1.119143963135271,200,1000,15,0.03757665232378754,0.130439413956471,1236.0049026839197,9819.412632536609,23061.66773627831,49003.17389549833,824.0012555488505,997.3416802445706,247.4817934808137,124.6777052752489,0.0,
ausprivauto0405,nanoTabPFN-ACB0-s93,ACB0,93,4,50.0,50.0,1.119143963135271,200,1000,6,0.2658577504707326,0.30501349887355067,1057.7240670746833,6255.172040262786,18718.12944128631,39277.80203282641,803.0548399620502,804.1899826263334,218.56429587933542,38.56038364773163,0.0,
ausprivauto0405,nanoTabPFN-ACB0-s93,ACB0,93,5,1.0,1.0,1.1804704388704697,200,1000,73,2.120319717824918,2.016251679900457,973.5875583725469,4197.492235304957,464284.371007537,741295.5270416711,855.246059381718,904.4803967121176,4334.33341337112,736.0785153207169,0.0,
ausprivauto0405,nanoTabPFN-ACB0-s93,ACB0,93,5,4.0,4.000000000000001,1.1804704388704697,200,1000,55,0.2636641593074907,0.25573061075044146,894.9457025905774,3689.5300135078805,10665.194248707707,1191856.0567008127,852.7051296720073,844.7217436949829,647.4613859097674,1197.1110186058156,0.1,
ausprivauto0405,nanoTabPFN-ACB0-s93,ACB0,93,5,20.0,20.0,1.1804704388704697,200,1000,17,0.12767946512715286,0.14220793745950583,1290.9121806560352,5224.874760413082,12416.721153501721,29897.614356118313,882.518704057739,828.0826546227091,232.88538741973431,575.3333220536697,0.0,
ausprivauto0405,nanoTabPFN-ACB0-s93,ACB0,93,5,50.0,50.0,1.1804704388704697,200,1000,7,0.18013939157964437,0.18736454076677397,1035.7770584945265,4178.325702067892,10450.353768134679,22065.645159652893,862.591390986123,823.1952890513322,264.43315771910744,38.341727936303606,0.1,
ausprivauto0405,nanoTabPFN-ACB0-s93,ACB0,93,6,1.0,1.0,1.128687181260936,200,1000,72,2.1239465672297313,2.0644887514499324,633.0573768109424,4181.218860615644,489500.6700942869,735653.1037562848,908.5857095268374,940.2327115149659,4880.28707637831,733.5516884625528,0.0,
ausprivauto0405,nanoTabPFN-ACB0-s93,ACB0,93,6,4.0,3.999999999999999,1.128687181260936,200,1000,52,0.34451338118104846,0.3671919702267807,684.1363159523668,3803.577445427235,12521.711658618115,2226672.9256813815,904.1761096251979,951.3224653898768,262.981819256561,2220.602455211301,0.1,
ausprivauto0405,nanoTabPFN-ACB0-s93,ACB0,93,6,20.0,20.000000000000004,1.128687181260936,200,1000,15,0.1636969176949372,0.19109522293380812,1086.4712641892843,5125.78917776111,12990.535501947734,31596.250121439964,920.5437933585364,920.6343609803359,264.32302240242063,97.55951878551781,0.0,
ausprivauto0405,nanoTabPFN-ACB0-s93,ACB0,93,6,50.0,50.00000000000001,1.128687181260936,200,1000,6,0.2845077244340072,0.29124076290511924,892.7739476206898,3956.149392407251,11766.767781412509,26696.18409597576,908.5042191331179,957.2156804455568,286.9869502421195,37.96689509969131,0.0,
ausprivauto0405,nanoTabPFN-ACB0-s93,ACB0,93,7,1.0,1.0,1.0574938383692571,200,1000,72,2.14087714265178,2.082058082350425,648.2858339750594,4292.639940054649,534643.7915026504,748624.8030715731,868.99998361045,869.2174234200133,5362.018006950455,746.8808190542219,0.1,
ausprivauto0405,nanoTabPFN-ACB0-s93,ACB0,93,7,4.0,3.999999999999999,1.0574938383692571,200,1000,45,0.304320141611567,0.3447507408285246,658.1692615956315,4172.800851349405,13215.446905134098,2051285.6990257544,868.9335675823157,850.4691614567691,290.30490026962053,2034.5806853923873,0.0,
ausprivauto0405,nanoTabPFN-ACB0-s93,ACB0,93,7,20.0,20.0,1.0574938383692571,200,1000,11,0.04098395449875906,0.1120508369724962,914.1714511464784,5500.976753458834,12589.223220846357,22420.621213945527,866.6842915692725,833.9013103198155,328.1776879326026,108.76191962894617,0.0,
ausprivauto0405,nanoTabPFN-ACB0-s93,ACB0,93,7,50.0,50.0,1.0574938383692571,200,1000,5,0.3053375641023782,0.31684713902143663,889.8831199273563,4258.653254538261,13074.002096933615,24460.420088208397,865.8697636941378,852.2607442544974,271.51340950965624,61.90172415500605,0.1,
ausprivauto0405,nanoTabPFN-ACB0-s93,ACB0,93,8,1.0,1.0,1.1433043969274483,200,1000,71,2.210017462716074,2.1340698330035472,694.9110414087783,3971.757899472306,554563.0392682464,772345.4764339321,878.9645644986413,922.7499729170877,5500.785532675122,770.0069104197644,0.1,
ausprivauto0405,nanoTabPFN-ACB0-s93,ACB0,93,8,4.0,4.0,1.1433043969274483,200,1000,53,0.3364708110098359,0.34647539578374775,719.0755484000609,3584.176873888978,11396.437804958994,1916461.3616115528,878.878394989407,934.4477248624859,671.7361004210762,1785.8926868137503,0.1,
ausprivauto0405,nanoTabPFN-ACB0-s93,ACB0,93,8,20.0,20.000000000000004,1.1433043969274483,200,1000,16,0.20306695904003896,0.22013582922011402,1145.5711528108104,5190.068039107469,13893.759616974916,30986.802120831213,907.1858621906664,901.3931368946143,297.7917960852032,286.26504558155835,0.0,
ausprivauto0405,nanoTabPFN-ACB0-s93,ACB0,93,8,50.0,50.0,1.1433043969274483,200,1000,7,0.17829288591816778,0.19923816835809152,864.7880122478637,3995.0887427391212,10310.622732795933,23391.89020169617,883.1428857469984,916.854098108777,341.22223385170764,73.06853883840701,0.0,
ausprivauto0405,nanoTabPFN-ACB0-s93,ACB0,93,9,1.0,1.0,1.0641253219377038,200,1000,75,2.0410675131892364,1.9666393144847234,985.3052879744024,5419.915421334979,513585.58486051834,686718.672895167,771.9125813057918,727.6402593411909,5102.085552540292,684.6890296388086,0.1,
ausprivauto0405,nanoTabPFN-ACB0-s93,ACB0,93,9,4.0,4.0,1.0641253219377038,200,1000,48,0.08518221173470607,0.14070573346147103,847.7564035597442,4574.123905860206,10759.584809304632,1482117.0187003294,764.5125042519355,720.3788952367396,215.28999247406173,1444.038380417867,0.1,
ausprivauto0405,nanoTabPFN-ACB0-s93,ACB0,93,9,20.0,20.000000000000004,1.0641253219377038,200,1000,12,-0.1061261845968079,-0.02832726830111721,1105.0470158315452,5704.532185123728,10974.693256866747,17954.674458008958,783.1980905476279,739.2430909740222,217.9857728006907,40.218452229909225,0.0,
ausprivauto0405,nanoTabPFN-ACB0-s93,ACB0,93,9,50.0,50.0,1.0641253219377038,200,1000,5,0.09540955785971086,0.11336669629726714,1238.07379945074,4988.752433622154,11530.962697492894,18338.735642106098,794.9698631114727,723.0205857302658,208.65323028594278,37.35573247053488,0.1,
ausprivauto0405,nanoTabPFN-ACB0-s93,ACB0,93,10,1.0,1.0,1.1399570541412825,200,1000,71,2.181515447685521,2.110135492048189,853.0500726586558,4904.2662438362095,668784.865595744,1017867.6137799766,917.3908751873998,1142.8681444037277,6482.273960616153,1013.8177272033018,0.1,
ausprivauto0405,nanoTabPFN-ACB0-s93,ACB0,93,10,4.0,4.000000000000001,1.1399570541412825,200,1000,53,0.3922385331528014,0.40120729047987747,903.8620573531559,4688.067966062069,16204.356588427076,2335692.51565226,918.4503599217303,942.5284350216498,344.32351904313157,2247.414727916265,0.1,
ausprivauto0405,nanoTabPFN-ACB0-s93,ACB0,93,10,20.0,20.0,1.1399570541412825,200,1000,16,0.1495513328615566,0.20525810785419943,1319.3375607857934,7697.366921643103,19608.399763005764,41141.3402998262,957.7757972617987,957.3760450321948,281.5440858409668,483.67487109189096,0.1,
ausprivauto0405,nanoTabPFN-ACB0-s93,ACB0,93,10,50.0,50.0,1.1399570541412825,200,1000,6,0.3727717651939266,0.3719069622711488,984.3586426348174,4862.9696926807,15984.650675533125,40409.476683565896,927.3855871792684,927.4539499803082,239.57445270704804,152.07254609583245,0.1,
ausprivauto0405,nanoTabPFN-ACB0-s93,ACB0,93,11,1.0,1.0,1.1704428842189083,200,1000,71,2.1835342993570057,2.1146824542853113,853.8729775875197,4990.122817516303,666404.9624849546,1010672.1707730845,833.5803103298031,807.4271978269396,6680.421916491597,1009.0207057839747,0.1,
ausprivauto0405,nanoTabPFN-ACB0-s93,ACB0,93,11,4.0,3.9999999999999996,1.1704428842189083,200,1000,54,0.42395053675144767,0.42584013129161635,893.0936621090179,4435.701423450704,15994.232121770881,2539080.633843951,832.5343071956175,806.2873528553584,265.9314925297886,2437.2304742272822,0.1,
ausprivauto0405,nanoTabPFN-ACB0-s93,ACB0,93,11,20.0,20.000000000000004,1.1704428842189083,200,1000,17,0.1894036174346732,0.21987887963486163,1400.0635422943847,6911.275914930327,18229.448696541032,41336.61268455438,886.2943063204214,830.9319789667359,213.30910366074815,387.3870377954278,0.1,
ausprivauto0405,nanoTabPFN-ACB0-s93,ACB0,93,11,50.0,50.0,1.1704428842189083,200,1000,7,0.33139260623369354,0.34442040931296136,1041.557024353181,5199.432618861077,16595.039141436868,38385.36235468647,845.5361762315459,791.3197651400084,196.69217248642087,37.75048544707704,0.1,
ausprivauto0405,nanoTabPFN-ACB0-s93,ACB0,93,12,1.0,1.0,1.0926200145428704,200,1000,69,2.3386551005939253,2.244699872087016,776.4566936906332,3594.0519019811463,656538.225526209,1020485.2104103656,796.8098574736334,859.4856081922694,6630.054888631867,1019.3839879136946,0.1,
ausprivauto0405,nanoTabPFN-ACB0-s93,ACB0,93,12,4.0,4.000000000000001,1.0926200145428704,200,1000,50,0.6721760827210004,0.6250097906880249,809.8176991153,3346.697086621784,17934.122772208553,2840214.9320925595,796.3285078155859,798.2923098697713,259.8786366596763,2822.8193535510586,0.1,
ausprivauto0405,nanoTabPFN-ACB0-s93,ACB0,93,12,20.0,20.0,1.0926200145428704,200,1000,14,0.3098582214224111,0.3267121724296324,1334.7467151097403,6769.819330040829,21101.45827386541,39421.211660864705,849.5986021076936,821.9865602740305,249.53652515243004,74.06866540532995,0.1,
ausprivauto0405,nanoTabPFN-ACB0-s93,ACB0,93,12,50.0,50.00000000000001,1.0926200145428704,200,1000,5,0.5734945572407939,0.5617079665564084,722.3217083388708,3549.2459310874337,18140.85629733352,41109.147030745706,798.4274338065179,819.2044442483605,230.5776552238766,45.98580354074805,0.1,
ausprivauto0405,nanoTabPFN-ACB0-s93,ACB0,93,13,1.0,1.0,1.0522211476404697,200,1000,74,2.035062078741378,1.9470254433652219,810.2972705648252,3806.8564272623607,401696.06164470856,715411.7598624467,837.8907902346001,1802.6553537035709,3964.0901057373417,712.7599746963587,0.1,
ausprivauto0405,nanoTabPFN-ACB0-s93,ACB0,93,13,4.0,3.999999999999999,1.0522211476404697,200,1000,45,0.3593153038757764,0.35013783515250724,779.0428609453734,3378.755669862352,11185.320539903827,1115960.5960362838,828.1928637695929,872.3305025450462,352.93669609102466,1095.537644518834,0.1,
ausprivauto0405,nanoTabPFN-ACB0-s93,ACB0,93,13,20.0,20.0,1.0522211476404697,200,1000,11,0.020640107425193104,0.09162406289064842,887.0162171174306,4937.668383430689,11105.367770513481,17974.61260266612,839.1468518262493,844.6792800879028,303.7596957659257,111.23601314511434,0.0,
ausprivauto0405,nanoTabPFN-ACB0-s93,ACB0,93,13,50.0,50.00000000000001,1.0522211476404697,200,1000,4,0.3423926108379666,0.31856183754135753,921.4282303714726,3527.0634274679483,10850.07052525478,21034.728772214898,837.8746657605069,869.2101967156525,302.0215924474352,80.37916445071968,0.1,
ausprivauto0405,nanoTabPFN-ACB0-s93,ACB0,93,14,1.0,1.0,1.1232339121343675,200,1000,72,2.222344887509695,2.138993371801569,966.4781722353515,5101.112966333216,732815.5229034564,1033661.6553174171,732.5713830463486,785.43325513829,7406.9279250677655,1032.8358907814593,0.0,
ausprivauto0405,nanoTabPFN-ACB0-s93,ACB0,93,14,4.0,4.0,1.1232339121343675,200,1000,52,0.41749410352229555,0.4166445313950671,951.7447930798437,4592.898558387384,16447.552518617966,2551957.5270468323,727.6024003196932,683.644346635218,167.46125376996721,2535.081369689892,0.0,
ausprivauto0405,nanoTabPFN-ACB0-s93,ACB0,93,14,20.0,19.999999999999996,1.1232339121343675,200,1000,15,0.19956939994485834,0.23056714495749864,1416.5320551374693,7037.580339680133,19052.572256521806,41272.78470747716,798.9105357026176,766.1452751354589,186.27461042667994,82.63809316522398,0.1,
ausprivauto0405,nanoTabPFN-ACB0-s93,ACB0,93,14,50.0,50.00000000000001,1.1232339121343675,200,1000,6,0.36964341632206127,0.37021803167997325,1067.8859078339783,4984.802215517949,16659.07993489226,37577.771790389845,748.6602057189126,709.6381550818718,167.9794299539606,36.87784758693869,0.1,
ausprivauto0405,nanoTabPFN-ACB0-s93,ACB0,93,15,1.0,1.0,1.133350288602216,200,1000,71,2.218522780457187,2.1507509696510665,795.5616463824014,4866.418952262427,708263.8579984154,974582.5180677113,803.2991866934251,744.1957300561345,7023.874858469091,972.2112436786948,0.1,
ausprivauto0405,nanoTabPFN-ACB0-s93,ACB0,93,15,4.0,3.9999999999999996,1.133350288602216,200,1000,53,0.4327391205788138,0.43896964764292895,843.6886521213614,4426.7951637363785,16522.131219139053,2539760.8151775133,803.7515552154689,745.9973226255146,256.08028704015067,2501.2653361593666,0.1,
ausprivauto0405,nanoTabPFN-ACB0-s93,ACB0,93,15,20.0,19.999999999999993,1.133350288602216,200,1000,16,0.11968043277189341,0.17632335295462345,1288.9184492337922,7262.366920575743,18203.213243116053,36978.77096174659,838.6887881176236,817.0991472941712,211.27668450466095,131.21246008966864,0.0,
ausprivauto0405,nanoTabPFN-ACB0-s93,ACB0,93,15,50.0,49.99999999999999,1.133350288602216,200,1000,6,0.38238660556350146,0.3906396397649722,903.4863891827026,4524.487388269803,15657.677806952819,35136.53918339402,804.7197233246515,733.3769561292809,203.7372445905131,34.14333485247144,0.0,
ausprivauto0405,nanoTabPFN-ACB0-s93,ACB0,93,16,1.0,1.0,1.120389421822627,200,1000,70,2.2278086721911365,2.1746441370327476,669.3237294255867,4988.91495099257,749975.3312331454,947214.8721465911,867.7403070658024,849.3520568227013,7456.4574387028015,944.8919180386514,0.0,
ausprivauto0405,nanoTabPFN-ACB0-s93,ACB0,93,16,4.0,3.999999999999999,1.120389421822627,200,1000,52,0.2594402429836345,0.3060944181828217,753.843813385555,5018.309242394367,14521.609789732323,2412900.9973985385,865.3407200190686,852.3781207214417,352.84012542448886,2359.102608374632,0.0,
ausprivauto0405,nanoTabPFN-ACB0-s93,ACB0,93,16,20.0,20.0,1.120389421822627,200,1000,15,0.10733108431758022,0.17125500978965988,1165.4862291394452,7146.309855577216,17762.234140266737,37772.61375289678,887.5880134142832,903.3525342288827,267.5644523962181,254.0381828262976,0.1,
ausprivauto0405,nanoTabPFN-ACB0-s93,ACB0,93,16,50.0,50.000000000000014,1.120389421822627,200,1000,6,0.248980713696521,0.28304708250735283,926.7714356132865,5089.983328678463,14745.908214365918,32870.47054481004,868.7880843736014,868.4678246961495,279.9462683019655,53.7823906492446,0.1,
ausprivauto0405,nanoTabPFN-ACB0-s93,ACB0,93,17,1.0,1.0,1.1371650845547003,200,1000,72,2.1747099261861784,2.0937115008845835,1022.8915254957482,5344.358700240262,677554.7650831768,987942.2077642225,801.8700515494967,820.9199954275803,6680.713229479008,985.2280951475092,0.0,
ausprivauto0405,nanoTabPFN-ACB0-s93,ACB0,93,17,4.0,4.000000000000001,1.1371650845547003,200,1000,54,0.39903781548274897,0.4046519058404576,947.7231093450728,4633.067619578609,16452.753904886995,2750907.905967493,798.635902699093,778.2635514706374,224.62376870057184,2697.935917116687,0.0,
ausprivauto0405,nanoTabPFN-ACB0-s93,ACB0,93,17,20.0,19.999999999999996,1.1371650845547003,200,1000,16,0.2271436297962616,0.24237428940704964,1524.0460134413493,6732.610231388917,18536.730608412196,42349.199702119644,862.6308416821834,833.1187328009864,222.94565737658726,140.5648548892985,0.0,
ausprivauto0405,nanoTabPFN-ACB0-s93,ACB0,93,17,50.0,49.99999999999999,1.1371650845547003,200,1000,6,0.35659745556399863,0.35982282334938104,1169.6556606112727,5450.512277804008,18104.951061334552,40012.31876161879,816.3747782236288,801.3420048105226,228.92410068553784,38.86745926265995,0.1,
ausprivauto0405,nanoTabPFN-ACB0-s93,ACB0,93,18,1.0,1.0,1.1921620989345798,200,1000,71,2.1828114628224036,2.115203779393901,840.2025262972894,4882.868609410245,650444.1382616939,1107877.9337048968,772.1591909532151,853.0537939597583,6653.116945433705,1107.6646712708434,0.0,
ausprivauto0405,nanoTabPFN-ACB0-s93,ACB0,93,18,4.0,4.0,1.1921620989345798,200,1000,54,0.4332744620710664,0.4355541725417561,906.5699221255556,4513.534042898992,16966.682041263564,2676758.8379033497,774.6766778814351,758.2260365554225,358.2471058915395,2584.582039963428,0.1,
ausprivauto0405,nanoTabPFN-ACB0-s93,ACB0,93,18,20.0,20.000000000000004,1.1921620989345798,200,1000,18,0.24652900890120352,0.26476751766530376,1476.2271368415586,6883.40470832551,19422.951153589267,44838.73824276949,850.7724379684812,824.7515032158507,346.13757563509046,580.0064696562577,0.1,
ausprivauto0405,nanoTabPFN-ACB0-s93,ACB0,93,18,50.0,50.0,1.1921620989345798,200,1000,7,0.35152349729593585,0.36532553376161514,1013.1570047748892,5179.902805010339,16560.827807704933,42339.061400562394,786.8237301935225,781.2834321028508,188.22243077589212,60.25035082342857,0.1,
ausprivauto0405,nanoTabPFN-ACB0-s93,ACB0,93,19,1.0,1.0,1.134543515882247,200,1000,70,2.1706263420606486,2.1004601218005488,655.6692855378144,3617.692781727997,498642.14286020014,805064.7800673122,747.6160143302543,740.3213786317948,4594.130945653109,799.4671525078963,0.1,
ausprivauto0405,nanoTabPFN-ACB0-s93,ACB0,93,19,4.0,4.0,1.134543515882247,200,1000,53,0.4480372405782182,0.44571168811923717,707.4207213725127,3679.729848971482,13824.60496971224,2094711.097004509,746.0746049774726,743.9835259889583,512.0644133769877,2074.7004045579133,0.1,
ausprivauto0405,nanoTabPFN-ACB0-s93,ACB0,93,19,20.0,20.000000000000004,1.134543515882247,200,1000,16,0.26013828738378664,0.27702716564167623,1139.8858030907863,5404.966254094287,15240.810961640469,32765.39282233031,767.6515612474315,733.9334797863557,192.03961025228588,246.29528170972256,0.1,
ausprivauto0405,nanoTabPFN-ACB0-s93,ACB0,93,19,50.0,50.00000000000001,1.134543515882247,200,1000,6,0.3502608382897473,0.34972470521929183,742.1713594116391,3469.4885971119684,11162.161951379954,28773.324722298566,748.0880053019938,735.6105439856169,200.35412435563345,27.523516750537766,0.1,
norauto,nanoTabPFN-A0B0-s92,A0B0,92,0,1.0,1.0,1.1605122572138429,200,1000,83,2.1365004059779924,1.9870693838863924,13772.360985569741,43977.76665417001,4342569.821042065,6026032.437291329,8285.780004755834,7622.887412194259,43532.69815769081,6004.696880959624,0.3,
norauto,nanoTabPFN-A0B0-s92,A0B0,92,0,4.0,3.999999999999999,1.1605122572138429,200,1000,59,2.574995785968396,2.3913915934322607,15892.514385199695,44734.803101333164,11265125.055245481,23440715.169134535,8207.354699805788,7955.4185816254485,105301.71727402277,23319.014538185715,0.1,
norauto,nanoTabPFN-A0B0-s92,A0B0,92,0,20.0,19.999999999999996,1.1605122572138429,200,1000,18,0.6152298386701399,0.5110718050841203,15222.706882270955,43243.14775101623,182577.86135313436,108312444.64283144,8220.610486487214,7630.918533957573,115808.8554970685,108024.94919555676,0.1,
norauto,nanoTabPFN-A0B0-s92,A0B0,92,0,50.0,49.99999999999999,1.1605122572138429,200,1000,7,-0.2243605141719229,-0.1796212540866571,13031.205311171048,45258.433588432374,75234.4984649181,227366218.00530538,8416.98627703917,7677.633821780782,76038.5738403124,224211.83941490765,0.1,
norauto,nanoTabPFN-A0B0-s92,A0B0,92,1,1.0,1.0,1.1650492676040347,200,1000,84,2.0805669919558247,1.9359117323990938,15894.459539430842,51464.64365727811,4505366.111854363,6508161.035082636,7508.93317791441,6163.959165261822,44555.151906565436,6481.524823017992,0.1,
norauto,nanoTabPFN-A0B0-s92,A0B0,92,1,4.0,4.0,1.1650492676040347,200,1000,59,2.616288894441423,2.4343592745051463,17038.879835048716,47619.39543292887,13216279.937843982,25494380.25629694,7505.002450929324,7543.055323757681,120556.40593371248,25342.48018501962,0.0,
norauto,nanoTabPFN-A0B0-s92,A0B0,92,1,20.0,19.999999999999996,1.1650492676040347,200,1000,18,0.8206626618631311,0.7008754276396736,18118.320450052346,52157.255872437825,322208.1662375077,119035634.32209566,7590.320405732026,11181.626385917321,201930.45855946286,118422.70172785585,0.1,
norauto,nanoTabPFN-A0B0-s92,A0B0,92,1,50.0,49.999999999999986,1.1650492676040347,200,1000,7,-0.1965076098107879,-0.1592264383044749,14479.487409721653,49647.59702303184,84671.55375977291,258952237.1963824,7653.870350560529,18866.086001577532,162802.16091928733,253834.22186012584,0.0,
norauto,nanoTabPFN-A0B0-s92,A0B0,92,2,1.0,1.0,1.075670017129351,200,1000,83,2.196479346199606,2.0052200464427625,15330.379350929928,41332.06194539656,4617502.973995913,6091117.032486495,7060.9082225770035,6517.8883222795275,44055.49994618265,6049.526198656807,0.0,
norauto,nanoTabPFN-A0B0-s92,A0B0,92,2,4.0,4.0,1.075670017129351,200,1000,53,2.533369425278408,2.330554382296206,16469.88047939476,41953.41650311598,9366810.331212707,23400998.439378694,7031.759702319793,13552.565998939957,96107.01581498975,23261.15422941369,0.0,
norauto,nanoTabPFN-A0B0-s92,A0B0,92,2,20.0,19.999999999999993,1.075670017129351,200,1000,14,0.7970241795389573,0.6679266365209579,15022.166502869179,41956.03583398425,235430.43816259166,109836824.96395165,7112.915559283437,11548.210708106248,187925.37043920314,109749.18143852022,0.1,
norauto,nanoTabPFN-A0B0-s92,A0B0,92,2,50.0,49.99999999999999,1.075670017129351,200,1000,5,-0.20530003843252428,-0.15273026148200103,12132.180700637124,46460.9311108402,79784.31180981563,233610490.39743203,7444.419260006302,13138.679644056376,147142.28551221217,229500.5331364533,0.1,
norauto,nanoTabPFN-A0B0-s92,A0B0,92,3,1.0,1.0,1.1198475962637136,200,1000,83,2.196693098864668,2.0415921363308054,16633.09369167025,50763.952194333455,5717576.237927597,7388147.04766628,7457.919909993281,6577.982275021,56666.23291648608,7361.951735264897,0.0,
norauto,nanoTabPFN-A0B0-s92,A0B0,92,3,4.0,4.0,1.1198475962637136,200,1000,56,2.554050249897142,2.389263185093708,17651.99352062182,53484.67667796537,13173022.01596251,28521185.051761862,7505.35857557169,10577.103528958158,130691.78545918842,28483.560114607848,0.0,
norauto,nanoTabPFN-A0B0-s92,A0B0,92,3,20.0,19.999999999999996,1.1198475962637136,200,1000,16,0.6800206431688874,0.588872974440528,16461.243457521752,49125.75476475623,250097.2176419655,132384418.21401209,7484.564964893061,18194.00685922432,167869.16308551928,132370.86173459425,0.1,
norauto,nanoTabPFN-A0B0-s92,A0B0,92,3,50.0,50.000000000000014,1.1198475962637136,200,1000,6,-0.19526708708931897,-0.14783950145242758,14530.354086836844,55530.67582564465,96119.16090320348,278985450.8591216,7740.65373138348,22786.554608518556,152078.23293469546,277749.966886201,0.1,
norauto,nanoTabPFN-A0B0-s92,A0B0,92,4,1.0,1.0,1.193062450590667,200,1000,84,2.1414517601142977,1.964122055702338,15737.273463773734,44201.99424286737,4187973.8243485517,6126949.394591823,8047.684417432828,7502.456487814469,41521.818907742454,6100.918434122056,0.1,
norauto,nanoTabPFN-A0B0-s92,A0B0,92,4,4.0,3.9999999999999996,1.193062450590667,200,1000,59,2.5658260179021486,2.361742466094806,17082.59147935634,44524.13548039411,10025404.202943435,23779416.929132544,7993.943020073793,11999.66693850765,95811.70061203181,23627.13251294141,0.1,
norauto,nanoTabPFN-A0B0-s92,A0B0,92,4,20.0,20.0,1.193062450590667,200,1000,19,0.6587172977971909,0.5287822772553936,16274.621226328083,43589.55818078185,192611.21950692357,110497887.62146434,8019.952663778864,29165.191542842025,182384.44420540213,110707.44241389343,0.1,
norauto,nanoTabPFN-A0B0-s92,A0B0,92,4,50.0,49.99999999999999,1.193062450590667,200,1000,7,-0.19329653506210343,-0.1673638376001415,14040.961084460345,45685.42036120542,76460.99483233827,233196977.2542077,8190.8576231347315,52251.77748896557,140298.15664514518,232770.91375190747,0.1,
norauto,nanoTabPFN-A0B0-s92,A0B0,92,5,1.0,1.0,1.1583542677580418,200,1000,78,2.2133809177965307,2.0610587885211653,14543.606698477226,44502.82082051864,5277927.566567233,8141408.712133109,7013.1052235805255,7378.684960626753,52882.76659212419,8122.3842516497725,0.1,
norauto,nanoTabPFN-A0B0-s92,A0B0,92,5,4.0,4.0,1.1583542677580418,200,1000,56,2.033819709260963,1.8371099344851602,17200.451560695008,43687.237280725574,4317102.687461302,30830388.884391,7049.2952461522,38656.97088183433,92007.1685169442,30554.550357290835,0.1,
norauto,nanoTabPFN-A0B0-s92,A0B0,92,5,20.0,20.0,1.1583542677580418,200,1000,17,0.7952081384475705,0.6599464107097958,13871.439368888885,38694.50864355621,216106.7195684353,146109532.467775,7070.8867083542655,15914.160145111147,164650.3990793623,144867.9588357169,0.1,
norauto,nanoTabPFN-A0B0-s92,A0B0,92,5,50.0,50.0,1.1583542677580418,200,1000,7,-0.1501464063364735,-0.0761747461172519,11267.58874404186,51382.85930400942,94466.7785474461,318640857.6907122,7410.101134515334,23269.51885307968,173990.49486876727,306461.276344068,0.1,
norauto,nanoTabPFN-A0B0-s92,A0B0,92,6,1.0,1.0,1.0498042690082219,200,1000,87,2.04787869341155,1.8874278910691893,15836.670774609864,46310.12659776289,3757963.967123615,5339345.31363283,7470.46622642061,6424.3366398474445,36395.41417767298,5306.047715346832,0.1,
norauto,nanoTabPFN-A0B0-s92,A0B0,92,6,4.0,4.0,1.0498042690082219,200,1000,50,2.5492635649863082,2.3457288508125345,16773.92479051709,43695.0988023698,9840573.055523705,20782396.257454712,7455.93951628525,8507.586803883318,92955.96083920878,20697.044803916273,0.1,
norauto,nanoTabPFN-A0B0-s92,A0B0,92,6,20.0,20.0,1.0498042690082219,200,1000,12,0.6373407157563905,0.5174899179143444,17579.27399282602,48381.984593050394,209754.85773053596,97042819.8186891,7509.611473897303,14348.57097900131,126207.68667796064,96662.79733113904,0.1,
norauto,nanoTabPFN-A0B0-s92,A0B0,92,6,50.0,49.99999999999999,1.0498042690082219,200,1000,5,-0.17944794097874575,-0.15720752039018068,14434.002066285371,46127.88148631363,78208.74188998411,208505353.3954326,7628.205598886127,21484.632513599805,94226.96204613936,203718.67531030352,0.1,
norauto,nanoTabPFN-A0B0-s92,A0B0,92,7,1.0,1.0,1.122376275664907,200,1000,81,2.1922819196643313,2.043753973645853,15206.068925349806,51453.869987341146,5915492.917563929,7629942.773732021,7392.27952174216,6466.6831126442175,58670.191006955996,7603.8007134563195,0.1,
norauto,nanoTabPFN-A0B0-s92,A0B0,92,7,4.0,4.0,1.122376275664907,200,1000,56,2.6312333276734705,2.4640835476092753,16053.871982603818,47578.42876897692,14190067.50322932,29513734.000113532,7365.937321209644,7514.095593965271,137288.18309853692,29438.393403474853,0.1,
norauto,nanoTabPFN-A0B0-s92,A0B0,92,7,20.0,19.999999999999993,1.122376275664907,200,1000,15,0.888886576077761,0.7560619821924428,15208.274371540036,45365.02307271993,303987.5198233812,137366596.11757597,7410.504165497864,6534.177204351458,154094.77178214418,136463.77741490345,0.1,
norauto,nanoTabPFN-A0B0-s92,A0B0,92,7,50.0,50.00000000000001,1.122376275664907,200,1000,6,-0.2198302578117452,-0.15048489926091824,13150.018090364298,54669.01564449114,92588.57381557801,291370840.09102464,7653.7111999316785,6715.568223020266,111604.21624172707,283504.23486777226,0.1,
norauto,nanoTabPFN-A0B0-s92,A0B0,92,8,1.0,1.0,1.1523631738420201,200,1000,79,2.2341108653611226,2.0780265241203653,15785.266924530144,49325.25144695495,6187780.397261578,8484462.215259321,6945.421078298332,5824.134745293666,59386.45561084546,8439.30595818669,0.1,
norauto,nanoTabPFN-A0B0-s92,A0B0,92,8,4.0,4.0,1.1523631738420201,200,1000,56,2.7137638318684245,2.509940857476359,17684.488991114966,45348.07520580993,14691043.49447233,32872669.942534816,7029.606309470453,6244.145602125168,132453.68959255895,32572.850221062152,0.1,
norauto,nanoTabPFN-A0B0-s92,A0B0,92,8,20.0,20.000000000000004,1.1523631738420201,200,1000,16,1.081648246684175,0.9205253840248897,16482.622358487395,44813.2962796136,428596.7400037197,154407049.4999337,6988.379050604043,5824.264928918062,247177.41531249238,153177.50502742175,0.1,
norauto,nanoTabPFN-A0B0-s92,A0B0,92,8,50.0,50.00000000000001,1.1523631738420201,200,1000,7,-0.10418279327855494,-0.04052824858398672,11728.794722947561,54919.83244929041,105762.44643033398,349492615.33262056,7283.939592361737,5927.902436941384,235627.90138041548,337234.0246782096,0.1,
norauto,nanoTabPFN-A0B0-s92,A0B0,92,9,1.0,1.0,1.117359364771561,200,1000,83,2.055113908544026,1.9242372614118903,17133.640504521518,60891.668874507755,5326893.422551176,7366664.986029455,7800.808031750923,6827.568188274661,51705.285474099284,7329.520605796724,0.1,
norauto,nanoTabPFN-A0B0-s92,A0B0,92,9,4.0,4.0,1.117359364771561,200,1000,57,2.538587454895821,2.377353954865548,18543.396696204305,56098.01288243602,13660505.707559945,28637390.77504465,7919.162857433695,11170.877428484295,133857.4363731561,28575.855114238184,0.1,
norauto,nanoTabPFN-A0B0-s92,A0B0,92,9,20.0,20.0,1.117359364771561,200,1000,16,0.5988037718326319,0.5174644212518136,18666.00850024925,58130.15736985227,247735.62978801367,132872314.36622694,7966.963103887714,25227.59805022355,197231.96787837805,133062.69144524564,0.1,
norauto,nanoTabPFN-A0B0-s92,A0B0,92,9,50.0,50.0,1.117359364771561,200,1000,6,-0.1805387467979716,-0.12668368618193615,15088.657182838448,56535.826615761296,98818.02478674507,286132486.0858195,8259.432177877938,32408.929337856265,223181.05778125237,284232.04664497817,0.1,
norauto,nanoTabPFN-A0B0-s92,A0B0,92,10,1.0,1.0,1.075560477315327,200,1000,86,2.0418634829146685,1.8439944940132926,15959.235610116826,39043.92244727096,2854715.45901551,5321090.507325837,7159.2537509463755,6219.222417320788,30156.16095296321,5316.635266432701,0.1,
norauto,nanoTabPFN-A0B0-s92,A0B0,92,10,4.0,4.000000000000001,1.075560477315327,200,1000,54,2.433582561042664,2.192102462757011,16571.94811642742,37941.5862687934,5964794.115954847,20684001.464067034,7150.7429062084375,10316.16155948345,70887.31153245749,20700.059704891548,0.1,
norauto,nanoTabPFN-A0B0-s92,A0B0,92,10,20.0,20.000000000000004,1.075560477315327,200,1000,14,0.48178404485459125,0.3703356376320368,16826.990371903714,43502.752494644155,148327.66664418142,96469188.4366024,7138.13983189344,15218.312730975744,89821.16438382455,96269.22247812561,0.1,
norauto,nanoTabPFN-A0B0-s92,A0B0,92,10,50.0,50.000000000000014,1.075560477315327,200,1000,6,-0.25131250152487244,-0.2177869953487996,13683.31470826854,44539.800407595976,70878.89792049387,201164068.42950845,7246.141873779701,17823.945365501157,58403.73636583351,195794.9433899105,0.1,
norauto,nanoTabPFN-A0B0-s92,A0B0,92,11,1.0,1.0,1.1029837127297135,200,1000,80,2.218048776113769,2.072371918043639,13938.05126765753,44877.10897652269,5592135.048682272,7508990.37243247,7304.56917566891,6357.761686844803,57116.946234597235,7500.459708399856,0.1,
norauto,nanoTabPFN-A0B0-s92,A0B0,92,11,4.0,4.0,1.1029837127297135,200,1000,54,2.5040468609584186,2.3277087509587195,15087.286116206147,43224.82169029678,9386536.016351338,28683032.810163114,7255.051861895001,7488.985479151361,110799.42262040896,28730.84767517802,0.1,
norauto,nanoTabPFN-A0B0-s92,A0B0,92,11,20.0,20.0,1.1029837127297135,200,1000,14,0.8280895485437123,0.7182506085982786,13772.5402225219,42514.562154039435,265797.5279905675,135142120.28437358,7355.646708867252,9777.194017346934,184446.39368305923,134758.23727855654,0.1,
norauto,nanoTabPFN-A0B0-s92,A0B0,92,11,50.0,49.999999999999986,1.1029837127297135,200,1000,6,-0.20167608590736638,-0.11579027414678292,10765.036862670167,51996.61425247261,91475.89847573114,289986395.8775246,7903.373432678717,11292.717867324334,153725.68928756428,283244.85577770235,0.1,
norauto,nanoTabPFN-A0B0-s92,A0B0,92,12,1.0,1.0,1.1367546728610305,200,1000,82,2.177007959083895,2.0168952037942165,14857.331852104364,45055.888100551405,4985821.43199031,6691445.184923239,7537.395140648171,6200.1699506522955,47996.39539906137,6651.601539319774,0.1,
norauto,nanoTabPFN-A0B0-s92,A0B0,92,12,4.0,3.9999999999999996,1.1367546728610305,200,1000,57,2.524125217465809,2.330670014474252,16094.259362429826,42551.37713104562,9274696.026218116,25644168.767387144,7508.697915208007,9280.878335920448,107629.39070658917,25752.349219343112,0.1,
norauto,nanoTabPFN-A0B0-s92,A0B0,92,12,20.0,20.000000000000004,1.1367546728610305,200,1000,17,0.723412559837902,0.6158966011014833,14797.149068371215,43442.89542859641,223967.3542319493,120116911.10577781,7550.512931563728,20808.046083628717,170442.62057829832,120142.03993291064,0.1,
norauto,nanoTabPFN-A0B0-s92,A0B0,92,12,50.0,49.999999999999986,1.1367546728610305,200,1000,6,-0.21960090907090862,-0.151253789963439,12382.982394276609,48826.64506632904,82575.35809737549,253504606.0220737,7931.264521870257,50757.95251077388,153062.12347319,248732.89761288234,0.1,
norauto,nanoTabPFN-A0B0-s92,A0B0,92,13,1.0,1.0,1.0593766641320375,200,1000,84,2.0122661670020334,1.9003065695051387,15736.443848959083,62585.44541198404,5057237.058039589,7178813.8699093405,7672.8515169539305,7108.527179421328,49825.318327771056,7149.574624862564,0.1,
norauto,nanoTabPFN-A0B0-s92,A0B0,92,13,4.0,4.0,1.0593766641320375,200,1000,51,2.4747954701775607,2.3205788660516777,17422.359103206094,55002.87288385622,12271778.700202951,27856232.357021295,7712.949942983563,19703.314275639645,119451.09356288453,27780.421802256897,0.1,
norauto,nanoTabPFN-A0B0-s92,A0B0,92,13,20.0,19.999999999999996,1.0593766641320375,200,1000,12,0.5515798519764039,0.4908155206162365,17879.11280151617,57156.8647566895,236859.20411306748,130120104.9980052,7759.286101609777,12834.242509496697,164834.55365562034,129686.3167384337,0.1,
norauto,nanoTabPFN-A0B0-s92,A0B0,92,13,50.0,49.99999999999999,1.0593766641320375,200,1000,5,-0.18882393243682435,-0.12938432858343793,14552.760061190318,56714.6858451814,98603.62692491175,279717925.72915816,7775.717875647761,15111.9087063524,127855.55280170229,274488.0479133158,0.0,
norauto,nanoTabPFN-A0B0-s92,A0B0,92,14,1.0,1.0,1.0595858682066943,200,1000,86,1.9902147731015372,1.8474967046816466,15244.80174169819,49186.79958591005,3552589.2792506036,5522384.591170508,7482.594763920663,6436.876706055878,35136.34317396843,5497.483764081777,0.0,
norauto,nanoTabPFN-A0B0-s92,A0B0,92,14,4.0,4.0,1.0595858682066943,200,1000,52,2.44821282086657,2.2661682616543586,16331.7302876152,45860.371725793375,8592020.81756315,21472360.966760337,7480.787444331534,6446.479459268913,87468.85429221638,21460.110791866227,0.1,
norauto,nanoTabPFN-A0B0-s92,A0B0,92,14,20.0,20.000000000000004,1.0595858682066943,200,1000,12,0.3484986487740792,0.2707951943966385,17129.05509228556,48706.451577035674,139968.56836536946,99186069.10219899,7514.691489106835,6421.60094695951,96887.1848684476,98990.07334806323,0.1,
norauto,nanoTabPFN-A0B0-s92,A0B0,92,14,50.0,50.00000000000001,1.0595858682066943,200,1000,6,-0.2521372443784223,-0.21217175766805932,14007.320691519752,45975.91527090514,74227.56319241165,205589324.99987364,7543.165523677299,6424.169675037288,59157.04176208254,202984.4572309879,0.1,
norauto,nanoTabPFN-A0B0-s92,A0B0,92,15,1.0,1.0,1.1421448651878614,200,1000,77,2.235769518723959,2.1114330906447933,12646.692626674469,48261.23462039002,6364168.580492587,8187275.9420075,7873.038887305747,7024.1391171204805,63199.208620872734,8161.382010506341,0.1,
norauto,nanoTabPFN-A0B0-s92,A0B0,92,15,4.0,4.000000000000001,1.1421448651878614,200,1000,55,2.680471792959299,2.5468054828293205,13669.531324947418,43481.7231807513,16653322.261360865,31815742.888846416,7772.247613175653,11759.976062799551,138333.8051960181,31399.86332744039,0.1,
norauto,nanoTabPFN-A0B0-s92,A0B0,92,15,20.0,19.999999999999996,1.1421448651878614,200,1000,16,1.0212874723377696,0.8961444829909629,12275.502629987768,38133.91923961999,355961.12890027685,148091365.73754007,7972.92024278367,21955.117091764663,220700.3376138156,146567.35000042064,0.1,
norauto,nanoTabPFN-A0B0-s92,A0B0,92,15,50.0,50.0,1.1421448651878614,200,1000,7,-0.19102695552316365,-0.09542287050333258,10073.515087880369,52694.74869664156,94935.53901731098,318038030.17315805,8389.485868644382,25393.61589618042,146341.5132007434,307946.76745684654,0.1,
norauto,nanoTabPFN-A0B0-s92,A0B0,92,16,1.0,1.0,1.1306930573478338,200,1000,80,2.145487330014103,2.0193029566536937,14784.712155621892,53673.62436019913,5964760.89272773,7935037.119071242,8062.8352648573045,7285.792811457366,58126.96393760703,7898.4034692815,0.0,
norauto,nanoTabPFN-A0B0-s92,A0B0,92,16,4.0,4.000000000000001,1.1306930573478338,200,1000,55,2.523965794663331,2.368474626460262,16273.227003395477,50749.33152624688,12266248.1529971,30521421.968650892,8059.76690626625,10790.23997824333,121328.3863347283,30356.07775193325,0.0,
norauto,nanoTabPFN-A0B0-s92,A0B0,92,16,20.0,20.0,1.1306930573478338,200,1000,16,0.7710011895336635,0.6789421924383262,15168.82163813039,48527.34180624888,285590.09792277997,143073235.0828162,8066.691786817401,10862.053382660597,160174.41472361772,141559.48998247823,0.0,
norauto,nanoTabPFN-A0B0-s92,A0B0,92,16,50.0,49.99999999999999,1.1306930573478338,200,1000,6,-0.20411541925260165,-0.12809426259599738,12314.425424823348,54701.89149763701,95195.95332376656,306037074.77281326,8424.986016671222,14464.390565721862,132851.12180193007,294195.41870359343,0.0,
norauto,nanoTabPFN-A0B0-s92,A0B0,92,17,1.0,1.0,1.1221039458175108,200,1000,80,2.182708800960524,2.0469922142768637,14319.460254432588,50213.807870011515,5742448.321500523,7493459.04441111,7640.362003429111,6538.531174022712,57364.401832790216,7471.322715157961,0.0,
norauto,nanoTabPFN-A0B0-s92,A0B0,92,17,4.0,4.0,1.1221039458175108,200,1000,55,2.645089639472675,2.478305163141159,15448.563076911192,45772.75891357213,14119934.87652225,29033156.502048828,7574.421710877377,10304.134786406792,139966.2579513868,28993.699786107114,0.0,
norauto,nanoTabPFN-A0B0-s92,A0B0,92,17,20.0,19.999999999999996,1.1221039458175108,200,1000,15,0.8279090924774904,0.7249689072196529,14457.973485867264,45379.40973547123,293073.1512707447,134967426.178756,7653.120867010604,16374.395670581553,161809.713130791,134363.15749978638,0.0,
norauto,nanoTabPFN-A0B0-s92,A0B0,92,17,50.0,50.0,1.1221039458175108,200,1000,6,-0.2091778180313787,-0.12704719327700278,11504.445706860373,52030.47003616416,90135.09174996425,289512545.14528835,8239.265474341582,21475.312848887294,159399.08920431905,283712.23640229116,0.0,
norauto,nanoTabPFN-A0B0-s92,A0B0,92,18,1.0,1.0,1.0941230659771382,200,1000,81,2.159035306461789,2.0057513943544554,13045.862622743945,41172.76503616876,4324455.4439252075,6142351.363185871,7868.774059507568,6742.085177001746,42698.729386618914,6115.301140487104,0.0,
norauto,nanoTabPFN-A0B0-s92,A0B0,92,18,4.0,3.9999999999999996,1.0941230659771382,200,1000,54,2.6554926591523262,2.4749612095626543,13417.814938235453,38016.475193217106,11543862.060008712,23945707.420736093,7844.074232473066,8025.454507790102,115563.71638959392,23925.387547268063,0.0,
norauto,nanoTabPFN-A0B0-s92,A0B0,92,18,20.0,20.0,1.0941230659771382,200,1000,14,0.8248379435099257,0.7124322204330035,13492.711045780652,40642.25575818052,249660.1098267929,111242033.03324485,7847.772631114744,14174.76830188952,132398.8925025579,111215.78062709662,0.0,
norauto,nanoTabPFN-A0B0-s92,A0B0,92,18,50.0,50.00000000000001,1.0941230659771382,200,1000,6,-0.19035965420726744,-0.12122467093905048,10639.053913615979,45046.79081294372,79316.30421083733,235884002.71584892,8301.71651932541,22673.75285580457,110188.75890448084,233294.16823571466,0.0,
norauto,nanoTabPFN-A0B0-s92,A0B0,92,19,1.0,1.0,1.10746322198339,200,1000,79,2.1897396909667117,2.0667922305585376,13687.959113259356,53100.360284369075,6221232.668019032,8077186.285823889,7417.743821660468,6193.150801225524,61528.00571353242,8049.204967222636,0.0,
norauto,nanoTabPFN-A0B0-s92,A0B0,92,19,4.0,3.9999999999999996,1.10746322198339,200,1000,54,2.541633193012917,2.4249220136728065,14501.542663889102,49419.64528974693,14422091.934114365,31205561.785589814,7350.780492051693,11207.606999476973,125411.40843765577,30924.445027763748,0.0,
norauto,nanoTabPFN-A0B0-s92,A0B0,92,19,20.0,20.0,1.10746322198339,200,1000,14,0.901481900305774,0.814370561664534,13126.269604213718,44358.10586149304,345455.8109717786,145977704.34040657,7481.098938390769,6554.356525159309,225978.25585116362,144556.97691524925,0.0,
norauto,nanoTabPFN-A0B0-s92,A0B0,92,19,50.0,50.0,1.10746322198339,200,1000,6,-0.2225248224401494,-0.12587034572770098,11109.937709506725,55584.29945553256,97099.18034571438,309845576.885471,8215.303829260747,6165.546880891457,193654.5781815294,299290.30216969416,0.1,
norauto,nanoTabPFN-A1B0-s92,A1B0,92,0,1.0,1.0,1.1605122572138429,200,1000,83,2.0685505413330985,1.9537904703905082,13013.952316349449,51401.34705216004,4681571.006796235,6059927.450846562,8347.085452377712,7613.030069461124,46858.89352036133,6037.958931681162,0.1,
norauto,nanoTabPFN-A1B0-s92,A1B0,92,0,4.0,3.999999999999999,1.1605122572138429,200,1000,59,0.6775080148250733,0.5891932994614903,13478.881586497002,43132.73004238056,210273.18862215613,21917512.20993558,8302.535972853113,7666.445098990241,11224.772709403831,21907.991303298437,0.0,
norauto,nanoTabPFN-A1B0-s92,A1B0,92,0,20.0,19.999999999999996,1.1605122572138429,200,1000,18,0.3415014239023859,0.31038498480714793,14538.240148749923,51301.32304889545,157509.47158703546,659340.1722688125,8234.977234380112,7606.1373074720295,2438.353370587042,1352.169050582183,0.1,
norauto,nanoTabPFN-A1B0-s92,A1B0,92,0,50.0,49.99999999999999,1.1605122572138429,200,1000,7,0.36918120821510825,0.3211244135243707,17300.381918937303,57808.45925532555,185271.03590601927,644384.0728012673,8266.844275907386,7706.280556080388,2453.3499555862654,923.9831432250037,0.0,
norauto,nanoTabPFN-A1B0-s92,A1B0,92,1,1.0,1.0,1.1650492676040347,200,1000,84,2.0264294920944512,1.9201561149610882,14890.925113721576,61828.87743641464,5201460.640777869,6577767.884487202,7542.812677047593,6344.121050967358,51705.91227600581,6553.032352809252,0.0,
norauto,nanoTabPFN-A1B0-s92,A1B0,92,1,4.0,4.0,1.1650492676040347,200,1000,59,2.075734015555395,1.9415143790619334,15351.995840092397,53697.560065718986,4734187.931435244,24646234.149047207,7526.534620804593,7120.081746090874,58452.639207116306,24597.87060267488,0.0,
norauto,nanoTabPFN-A1B0-s92,A1B0,92,1,20.0,19.999999999999996,1.1650492676040347,200,1000,18,0.28825117554499696,0.26176854046454234,16527.154815539317,57229.78520130429,160154.12045084813,708630.9198610592,7488.178749199992,6232.2851005060675,5903.054819819663,3152.438057554484,0.0,
norauto,nanoTabPFN-A1B0-s92,A1B0,92,1,50.0,49.999999999999986,1.1650492676040347,200,1000,7,0.3404604850015055,0.28173959051710246,17892.401912095112,54518.79845614374,161836.6846957098,517947.5867478347,7589.061136066034,6248.100145808307,3482.8316614230716,2024.0239751701497,0.0,
norauto,nanoTabPFN-A1B0-s92,A1B0,92,2,1.0,1.0,1.075670017129351,200,1000,83,2.0510857296213536,1.9425909603799003,14423.288723969536,57640.79733570714,5121723.616706088,6141544.936951337,7084.445164032803,6512.004897586209,50099.09703298198,6109.962056825745,0.0,
norauto,nanoTabPFN-A1B0-s92,A1B0,92,2,4.0,4.0,1.075670017129351,200,1000,53,0.40481241443791144,0.3136827542957095,15060.089652494793,41724.85072983419,128144.0724900971,20862599.601918094,7022.6592106099815,5973.169693358962,22888.79208961695,19001.04512881457,0.0,
norauto,nanoTabPFN-A1B0-s92,A1B0,92,2,20.0,19.999999999999993,1.075670017129351,200,1000,14,0.36265519447608235,0.31662201706468474,15224.957528629337,51489.02971285513,158718.2024555879,617978.0559073251,7036.301982593817,6042.405744692352,2131.7983317595663,6054.165449266221,0.0,
norauto,nanoTabPFN-A1B0-s92,A1B0,92,2,50.0,49.99999999999999,1.075670017129351,200,1000,5,0.3517688699566004,0.29923536326871913,17085.227255606616,56289.43159989423,170451.49300114965,584827.961507702,7104.232042062824,6356.1633877485765,2009.0416584930597,2258.537607759105,0.0,
norauto,nanoTabPFN-A1B0-s92,A1B0,92,3,1.0,1.0,1.1198475962637136,200,1000,83,2.0492467319171497,1.9502186791054181,15546.622442900205,68844.60817345479,6205978.300497215,7436997.64052932,7457.744400793828,6893.851608823402,61518.171785349274,7410.471073798751,0.0,
norauto,nanoTabPFN-A1B0-s92,A1B0,92,3,4.0,4.0,1.1198475962637136,200,1000,56,0.39690167358742545,0.32204397654153855,16189.871868754914,47738.46904510844,146617.70474791148,24750811.72944496,7447.72702755402,6408.432785783132,3538.7145515439006,24724.091874590733,0.1,
norauto,nanoTabPFN-A1B0-s92,A1B0,92,3,20.0,19.999999999999996,1.1198475962637136,200,1000,16,0.3892620198657171,0.36160653947597227,15059.200589795855,55951.23128220056,183886.74286577196,661453.2525645371,7465.94451475952,6575.973914700948,2292.1525009296174,2979.39283766615,0.0,
norauto,nanoTabPFN-A1B0-s92,A1B0,92,3,50.0,50.000000000000014,1.1198475962637136,200,1000,6,0.3977731362669803,0.34998243246885796,18676.09112915209,60669.5603596318,200893.74594777558,712492.5750773118,7677.925251041146,6850.417092848256,2177.783797960444,1988.2305453639713,0.0,
norauto,nanoTabPFN-A1B0-s92,A1B0,92,4,1.0,1.0,1.193062450590667,200,1000,84,2.088347520918213,1.9556401064244522,15102.237340990223,53485.44301697084,4902106.981191734,6198381.235394368,8042.163043966051,7331.139160912883,48488.02483932038,6170.58207793603,0.0,
norauto,nanoTabPFN-A1B0-s92,A1B0,92,4,4.0,3.9999999999999996,1.193062450590667,200,1000,59,0.10406997713479656,0.021559271827259353,16209.557953608419,40327.40739258859,83204.95198117218,15733001.97282987,7985.27649729424,7460.7292330617265,3158.463073650437,14795.381633888843,0.0,
norauto,nanoTabPFN-A1B0-s92,A1B0,92,4,20.0,20.0,1.193062450590667,200,1000,19,0.24719838953044065,0.19734527810655528,15595.023480650776,48553.011597834746,124826.38457948457,418559.1933715435,8053.529455484556,9322.205309810126,3757.3541341802384,2696.2026455258565,0.0,
norauto,nanoTabPFN-A1B0-s92,A1B0,92,4,50.0,49.99999999999999,1.193062450590667,200,1000,7,0.3760431323489592,0.3127784513206697,17030.293899285243,50717.140599253784,159744.9180211855,566846.9779906562,8042.786186107263,7289.415965421413,4364.587505928375,1514.1067016354375,0.0,
norauto,nanoTabPFN-A1B0-s92,A1B0,92,5,1.0,1.0,1.1583542677580418,200,1000,78,2.1999531422608056,2.091918089594399,12561.564529772515,53105.471987344215,6577567.217062224,8271325.793482626,7125.312969768548,8880.909790110329,66557.21150774558,8259.126097450784,0.0,
norauto,nanoTabPFN-A1B0-s92,A1B0,92,5,4.0,4.0,1.1583542677580418,200,1000,56,0.1517399449861077,0.11110294855074933,14312.306591332026,42652.81576956929,98310.74003662019,17931523.565366335,7022.026071086505,7273.59347488017,33895.78311115232,15796.36701628148,0.0,
norauto,nanoTabPFN-A1B0-s92,A1B0,92,5,20.0,20.0,1.1583542677580418,200,1000,17,0.35420150697459185,0.3128858974076068,14224.309220542855,48199.88486158377,147779.9904408772,600538.1442096322,7024.527525035484,6144.663289054191,9840.645542298547,13061.036851432707,0.0,
norauto,nanoTabPFN-A1B0-s92,A1B0,92,5,50.0,50.0,1.1583542677580418,200,1000,7,0.4180485116423061,0.3764881949277796,14560.992173814098,52966.149996472814,179958.72533648825,722594.8942535215,7086.514016456861,6424.805374884797,3004.416638154774,4695.8158700539025,0.0,
norauto,nanoTabPFN-A1B0-s92,A1B0,92,6,1.0,1.0,1.0498042690082219,200,1000,87,2.017749899110671,1.8831113781572624,15398.878145589908,53356.89959506737,4128693.4334609727,5376396.67500778,7481.170814462744,6442.480710090751,40744.46136983721,5349.536337288285,0.0,
norauto,nanoTabPFN-A1B0-s92,A1B0,92,6,4.0,4.0,1.0498042690082219,200,1000,50,2.1526267151337617,2.005478595145565,14575.903460008594,47777.276098983064,4858382.658049479,20284175.894376904,7525.884888854466,6436.10059221033,51643.261506110066,20009.52431108299,0.0,
norauto,nanoTabPFN-A1B0-s92,A1B0,92,6,20.0,20.0,1.0498042690082219,200,1000,12,0.24290486600535682,0.20262497866360593,16441.69806840294,53066.98447063413,138306.92339576266,504353.2209437719,7453.067856731974,6424.861200214168,1861.1531801298154,1429.1739724496317,0.0,
norauto,nanoTabPFN-A1B0-s92,A1B0,92,6,50.0,49.99999999999999,1.0498042690082219,200,1000,5,0.18069850897470116,0.12793894042894202,18410.059925465677,53046.72149737878,124445.53458647092,398876.0142486079,7560.93228186113,6459.796498118371,1828.8454236963191,1335.4322781100907,0.0,
norauto,nanoTabPFN-A1B0-s92,A1B0,92,7,1.0,1.0,1.122376275664907,200,1000,81,2.07240131507942,1.9807962713823717,13913.09816965515,65683.57529059026,6374908.277886754,7675901.527705209,7475.866549136249,6889.077478627541,63409.21581399307,7651.189726927281,0.0,
norauto,nanoTabPFN-A1B0-s92,A1B0,92,7,4.0,4.0,1.122376275664907,200,1000,56,0.5549995208170335,0.49409545526120857,13777.065809476082,47384.88669508489,193883.13012681896,26847860.731996346,7477.482839281164,6349.44569282726,23208.719178480336,26217.24747372874,0.1,
norauto,nanoTabPFN-A1B0-s92,A1B0,92,7,20.0,19.999999999999993,1.122376275664907,200,1000,15,0.46835555081652597,0.43304575883467894,13559.86260320303,51730.842521824175,194168.42648908423,817464.8803729587,7490.512051956817,6478.977114852957,2356.4618205388615,9340.425758745003,0.1,
norauto,nanoTabPFN-A1B0-s92,A1B0,92,7,50.0,50.00000000000001,1.122376275664907,200,1000,6,0.45532752944880595,0.4118471063555454,17336.031789535205,60497.5918136204,216674.5922329202,767851.2321342246,7410.86312405836,6873.090640837671,2583.9581433173694,1624.9663006144972,0.1,
norauto,nanoTabPFN-A1B0-s92,A1B0,92,8,1.0,1.0,1.1523631738420201,200,1000,79,2.1832972169439753,2.0803797585811017,13582.363007423692,59083.373983469966,7157198.002313965,8581395.996907469,7014.380271753652,6282.043057575846,70633.76789788493,8551.77937216872,0.1,
norauto,nanoTabPFN-A1B0-s92,A1B0,92,8,4.0,4.0,1.1523631738420201,200,1000,56,0.08547728854418463,0.040406351446472005,15537.22387121645,44548.729061420614,92876.65616693327,17527207.11139692,6937.817860163746,5789.177410804218,1783.4512778109802,14924.971446138237,0.0,
norauto,nanoTabPFN-A1B0-s92,A1B0,92,8,20.0,20.000000000000004,1.1523631738420201,200,1000,16,0.4099496846272344,0.37259491407355144,14835.814386370505,52660.41910541142,175083.50840896406,719733.2408937684,7054.035521762426,5905.550569034406,2980.2895054563487,11976.269253253668,0.0,
norauto,nanoTabPFN-A1B0-s92,A1B0,92,8,50.0,50.00000000000001,1.1523631738420201,200,1000,7,0.522664710691243,0.4689570963473336,15760.840094576895,56624.586474762895,224468.2126269716,801626.6555832429,7072.347683914393,6310.6274349625255,2247.6258129492485,1275.2244485017136,0.1,
norauto,nanoTabPFN-A1B0-s92,A1B0,92,9,1.0,1.0,1.117359364771561,200,1000,83,2.046837260566745,1.939806067652886,16047.283973426576,67607.06745733196,5953369.40064114,7429302.941557979,7776.191473468086,7039.32737993828,59216.07133532471,7404.627644855653,0.1,
norauto,nanoTabPFN-A1B0-s92,A1B0,92,9,4.0,4.0,1.117359364771561,200,1000,57,0.6861731691737705,0.6192473629970144,15630.411364640553,55569.31619918854,287826.29028348374,26927016.63863912,7788.08204052039,6804.073335674536,72791.03690613955,27165.702810686962,0.1,
norauto,nanoTabPFN-A1B0-s92,A1B0,92,9,20.0,20.0,1.117359364771561,200,1000,16,0.36865427777577486,0.3402908137030542,16915.973403828273,64425.140912022616,205463.06365854436,876416.279737313,7804.60228750253,6935.018347168872,2743.606424924263,8499.484271568503,0.1,
norauto,nanoTabPFN-A1B0-s92,A1B0,92,9,50.0,50.0,1.117359364771561,200,1000,6,0.3300001106696061,0.28398148557411684,20624.73319281265,67152.71365188749,197529.31550332223,659612.1467789838,8200.268188553395,7100.528776292795,2043.4624867218886,1685.2728264594,0.0,
norauto,nanoTabPFN-A1B0-s92,A1B0,92,10,1.0,1.0,1.075560477315327,200,1000,86,2.0732591562771816,1.8952112498753484,15495.364298331242,44879.26014151354,3714747.4309303705,5407100.059947081,7148.061154815555,6151.241149458835,37785.33146510251,5392.926672930949,0.0,
norauto,nanoTabPFN-A1B0-s92,A1B0,92,10,4.0,4.000000000000001,1.075560477315327,200,1000,54,0.22664553405707344,0.12815244762452635,16277.391359232268,40522.38787546313,94744.13811329028,16744493.458013106,7131.400606428504,6213.129070998237,5045.805183076394,16186.465334700359,0.0,
norauto,nanoTabPFN-A1B0-s92,A1B0,92,10,20.0,20.000000000000004,1.075560477315327,200,1000,14,0.19138716071478434,0.13885843637423664,16104.97663148044,47947.92357250437,112580.27803186364,292300.13951698074,7139.36718129207,6197.414959793868,1614.5541698240042,3691.7878408567435,0.0,
norauto,nanoTabPFN-A1B0-s92,A1B0,92,10,50.0,50.000000000000014,1.075560477315327,200,1000,6,0.2626072051845385,0.19318167194201577,16902.94496159054,47578.71670366751,121735.36797710226,386355.8616336327,7215.229699595202,6214.35045387753,2185.929904887299,1365.3134795341578,0.1,
norauto,nanoTabPFN-A1B0-s92,A1B0,92,11,1.0,1.0,1.1029837127297135,200,1000,80,2.145796757893864,2.045425753289825,12567.587512626948,55105.23651481996,6173015.531707628,7567073.000041524,7398.45350152125,6468.5160435006155,62257.495144967485,7551.862707694537,0.0,
norauto,nanoTabPFN-A1B0-s92,A1B0,92,11,4.0,4.0,1.1029837127297135,200,1000,54,0.2656799630483552,0.2183902360477912,13104.778082328814,41249.94567007561,109415.7061711665,22090856.11188182,7355.01911076606,6221.609176089555,13173.251016532082,22273.567621621463,0.0,
norauto,nanoTabPFN-A1B0-s92,A1B0,92,11,20.0,20.0,1.1029837127297135,200,1000,14,0.45374221432488127,0.42620965692705476,11933.276860800885,47935.55621390093,175840.0067191815,647852.8387296223,7470.902737501479,6183.427249500587,1918.169007761589,10451.294731378432,0.0,
norauto,nanoTabPFN-A1B0-s92,A1B0,92,11,50.0,49.999999999999986,1.1029837127297135,200,1000,6,0.4711007430061261,0.4243416255883812,14908.883340605069,54025.32587870185,197070.58556243585,683432.1788981007,7321.694958484223,6533.749541643292,2159.613195752038,1135.3858138069745,0.0,
norauto,nanoTabPFN-A1B0-s92,A1B0,92,12,1.0,1.0,1.1367546728610305,200,1000,82,2.07285593842505,1.971736159705972,13690.586118988602,59549.95340995908,5639693.039042444,6756843.600388074,7600.158931448528,6294.883377463566,55690.18854756967,6728.539533633221,0.0,
norauto,nanoTabPFN-A1B0-s92,A1B0,92,12,4.0,3.9999999999999996,1.1367546728610305,200,1000,57,1.8107409761317785,1.675633442176057,13881.081665534857,47582.270255799805,2298990.216130714,24946518.99094809,7581.524150148578,6191.0394780901015,45541.33392514661,24497.47587277491,0.0,
norauto,nanoTabPFN-A1B0-s92,A1B0,92,12,20.0,20.000000000000004,1.1367546728610305,200,1000,17,0.39229160556484305,0.36136618760515854,14283.754974930347,53135.11575421288,180666.0670575646,734921.62489467,7563.538097556049,6127.884916721833,2005.5010207194243,5057.001977768486,0.0,
norauto,nanoTabPFN-A1B0-s92,A1B0,92,12,50.0,49.999999999999986,1.1367546728610305,200,1000,6,0.4202642452410215,0.3714724585935841,16919.406287364058,58172.842902622004,205801.1846174503,650694.4941978403,7533.447054590864,6298.743483648631,2114.254651345156,1998.0952795338703,0.0,
norauto,nanoTabPFN-A1B0-s92,A1B0,92,13,1.0,1.0,1.0593766641320375,200,1000,84,2.0163249679785893,1.9185686437390344,15305.767902461905,67772.29800301591,5679417.117510144,7241017.357581915,7677.368518820827,7338.538540577056,56485.21223414271,7216.171476894655,0.0,
norauto,nanoTabPFN-A1B0-s92,A1B0,92,13,4.0,4.0,1.0593766641320375,200,1000,51,2.396135591558796,2.2810975975682375,15260.428510733642,60920.265218605666,12014561.606947169,27830512.783872887,7677.41875234754,7187.585233718044,114696.6058654207,27752.85527450222,0.0,
norauto,nanoTabPFN-A1B0-s92,A1B0,92,13,20.0,19.999999999999996,1.0593766641320375,200,1000,12,0.3828041818078862,0.3681281984393828,15766.676726382051,65463.566583657695,223907.95009156142,966158.3731950675,7670.327498665161,7235.816029300248,3453.150873733905,6250.918611445393,0.0,
norauto,nanoTabPFN-A1B0-s92,A1B0,92,13,50.0,49.99999999999999,1.0593766641320375,200,1000,5,0.2867574476087811,0.2483991973390283,20153.667410101334,68548.88659689222,192334.32426349964,664293.3315449108,7944.855452557258,7335.523082801514,2539.8298945542274,2363.663522515443,0.0,
norauto,nanoTabPFN-A1B0-s92,A1B0,92,14,1.0,1.0,1.0595858682066943,200,1000,86,2.0037670865139767,1.8690215433686475,15381.802361897046,53261.11810970844,3993226.466029618,5566453.897853767,7481.283539438028,6454.646435119407,39550.599821422154,5541.625796281764,0.0,
norauto,nanoTabPFN-A1B0-s92,A1B0,92,14,4.0,4.0,1.0595858682066943,200,1000,52,1.2205985610650132,1.088348345699968,14773.790067144531,47908.68079603029,616346.9016478629,20674765.0786114,7486.039915272948,6400.518443724855,34748.383982073574,20623.90967912527,0.1,
norauto,nanoTabPFN-A1B0-s92,A1B0,92,14,20.0,20.000000000000004,1.0595858682066943,200,1000,12,0.22109984204222727,0.1983833102976639,15777.278833958237,54011.52887069091,138776.73958461906,488756.4960298802,7476.741517213598,6496.536502561822,1717.671433584124,1624.4820659284414,0.0,
norauto,nanoTabPFN-A1B0-s92,A1B0,92,14,50.0,50.00000000000001,1.0595858682066943,200,1000,6,0.18767491046993212,0.14122828476002408,17829.194383768627,53546.53554296571,129810.73195719506,392681.5871868751,7576.543105974922,6532.440373406217,1719.0254751125826,574.3972826861467,0.0,
norauto,nanoTabPFN-A1B0-s92,A1B0,92,15,1.0,1.0,1.1421448651878614,200,1000,77,2.14523156178269,2.0626414379959868,11280.59233871238,58636.25402165878,6826821.40151477,8233559.480015846,8056.705591658989,7204.837371006798,66182.32333470718,8191.212496220886,0.0,
norauto,nanoTabPFN-A1B0-s92,A1B0,92,15,4.0,4.000000000000001,1.1421448651878614,200,1000,55,0.2874640881975484,0.25471332358476517,11272.105996129842,38958.51891813926,110391.33380144043,22794148.834837098,8030.558391680237,6822.766992668047,9341.335733763619,20562.898866477168,0.0,
norauto,nanoTabPFN-A1B0-s92,A1B0,92,15,20.0,19.999999999999996,1.1421448651878614,200,1000,16,0.5335556326185708,0.5176006351623643,9540.180574957845,42895.56773301854,184647.28002671717,718855.9278383921,8306.492306665985,6827.822409579934,3490.0379968552825,6439.69235834844,0.0,
norauto,nanoTabPFN-A1B0-s92,A1B0,92,15,50.0,50.0,1.1421448651878614,200,1000,7,0.5109736591405226,0.4650231348958878,13491.9375914228,52928.92464335589,201506.7885390446,742923.3874668705,7899.288125662617,7011.037570113484,5519.414196298191,1898.2840997001992,0.0,
norauto,nanoTabPFN-A1B0-s92,A1B0,92,16,1.0,1.0,1.1306930573478338,200,1000,80,2.0558260017905177,1.975995486773905,13623.41618327424,71033.5456720255,6798875.189023105,8018407.461127612,8106.086564137729,7638.024215445479,67456.5448072227,7991.697699849237,0.0,
norauto,nanoTabPFN-A1B0-s92,A1B0,92,16,4.0,4.000000000000001,1.1306930573478338,200,1000,55,0.7520166824313699,0.689195103552668,13467.871929373241,50823.30605128639,300647.22252483404,28929087.7520629,8102.075307655787,7164.473612705247,45310.94330250399,28693.767805549367,0.0,
norauto,nanoTabPFN-A1B0-s92,A1B0,92,16,20.0,20.0,1.1306930573478338,200,1000,16,0.48643915604219684,0.45592556769889364,13750.235582829446,54588.49290653275,208825.08752187726,923750.4991251552,8086.063846020921,7208.8991657939305,2267.566055806226,13763.471262165509,0.0,
norauto,nanoTabPFN-A1B0-s92,A1B0,92,16,50.0,49.99999999999999,1.1306930573478338,200,1000,6,0.43948116189506964,0.3963126185685726,17614.56583024033,63262.90252052727,223090.48719039268,733004.0948957396,8185.901116663426,7594.6556260326115,2361.5765742485164,1404.6257169593591,0.1,
norauto,nanoTabPFN-A1B0-s92,A1B0,92,17,1.0,1.0,1.1221039458175108,200,1000,80,2.056966996664266,1.9755845009749635,12994.726516982155,67013.3160473271,6401855.235582214,7559380.345149492,7786.994730310095,6821.652437201255,63756.54172981025,7535.24395510415,0.0,
norauto,nanoTabPFN-A1B0-s92,A1B0,92,17,4.0,4.0,1.1221039458175108,200,1000,55,0.7282657017337253,0.6543410229618638,13577.903814493187,47593.815968658084,262842.14463130326,27131596.996933214,7711.189179834435,6425.107463128504,15229.370535854998,27132.308346259815,0.0,
norauto,nanoTabPFN-A1B0-s92,A1B0,92,17,20.0,19.999999999999996,1.1221039458175108,200,1000,15,0.4514983247777542,0.4252477748420563,12948.216068751208,52819.8720845537,193597.6737887459,863053.3540751946,7772.341082797925,6464.733625920672,2402.7548413598406,5045.004739355282,0.0,
norauto,nanoTabPFN-A1B0-s92,A1B0,92,17,50.0,50.0,1.1221039458175108,200,1000,6,0.4583634739548265,0.4187750551900769,16492.824920250954,60417.72458682076,228058.8631675835,791275.9370531016,7549.668028162972,6715.852064756008,3254.750237792981,2074.7851118791,0.0,
norauto,nanoTabPFN-A1B0-s92,A1B0,92,18,1.0,1.0,1.0941230659771382,200,1000,81,2.0790898413158,1.9808962236265413,12021.315229448566,53716.57338592593,5194749.24784115,6229374.767090686,8006.602992161127,6817.210264293559,51306.91070193871,6201.381930865325,0.0,
norauto,nanoTabPFN-A1B0-s92,A1B0,92,18,4.0,3.9999999999999996,1.0941230659771382,200,1000,54,0.708644835146264,0.6244869206739291,11990.986897564691,40458.29664451436,211284.0528090382,22355161.026061922,8004.93699685295,6744.5325472097,31509.31437346226,21917.137177559973,0.1,
norauto,nanoTabPFN-A1B0-s92,A1B0,92,18,20.0,20.0,1.0941230659771382,200,1000,14,0.4696867937776589,0.4349851917056895,11703.938995882323,45143.51473101666,165581.53908269928,773658.347041687,8043.615306381786,6704.18834180455,2513.5224617548847,4764.552922574057,0.0,
norauto,nanoTabPFN-A1B0-s92,A1B0,92,18,50.0,50.00000000000001,1.0941230659771382,200,1000,6,0.443437926191304,0.4064725397143656,14799.467328686136,54539.70515331243,199589.68239613448,687284.9429255772,7839.307183557425,7081.565034191142,2517.4841974519127,1700.1193229063083,0.0,
norauto,nanoTabPFN-A1B0-s92,A1B0,92,19,1.0,1.0,1.10746322198339,200,1000,79,2.1189573697651105,2.0314973696583363,12579.779847914324,61915.25770927294,6713158.360199612,8126357.230068492,7544.710360433835,6344.974797819329,66685.16878137423,8100.776069482224,0.0,
norauto,nanoTabPFN-A1B0-s92,A1B0,92,19,4.0,3.9999999999999996,1.10746322198339,200,1000,54,0.5315468925204139,0.4897204681443463,11913.791185324808,45659.89886775878,187201.851450392,28182045.32127663,7633.238533767051,6127.63766006279,28043.319471023708,27240.274550249487,0.0,
norauto,nanoTabPFN-A1B0-s92,A1B0,92,19,20.0,20.0,1.10746322198339,200,1000,14,0.5597931976877786,0.5342873095695357,11147.179308549217,48161.43175911467,213084.27710591175,932352.4204415933,7762.377829589337,6128.264853909777,2121.467907916564,11164.399570598798,0.0,
norauto,nanoTabPFN-A1B0-s92,A1B0,92,19,50.0,50.0,1.10746322198339,200,1000,6,0.48284436045995216,0.44861136806286245,16113.529726710258,62346.1326382913,242332.49473980613,835318.4173126984,7292.1834502521515,6435.850276739187,2412.344722312335,1590.7085837018617,0.0,
norauto,nanoTabPFN-ATB0-s92,ATB0,92,0,1.0,1.0,1.1605122572138429,200,1000,83,2.0517792020431695,1.941763320798587,13672.45479270914,55582.19594286522,4918309.8536607,6083612.755529459,8289.387414489096,7651.6239550847595,49018.82397988886,6059.558101689541,0.1,
norauto,nanoTabPFN-ATB0-s92,ATB0,92,0,4.0,3.999999999999999,1.1605122572138429,200,1000,59,2.4233295358599727,2.3427394776696,16990.232801323218,92461.49652606122,20461825.945132893,24360396.263613634,8239.223880683854,9369.195012765173,204215.25063396164,24333.956427037985,0.0,
norauto,nanoTabPFN-ATB0-s92,ATB0,92,0,20.0,19.999999999999996,1.1605122572138429,200,1000,18,0.42644310232705424,0.3932786609260267,14965.026297723754,57212.280054001996,199366.89279697248,1041217.8423937385,8349.929065361917,7661.716409830588,2514.324620809788,4558.407669933588,0.0,
norauto,nanoTabPFN-ATB0-s92,ATB0,92,0,50.0,49.99999999999999,1.1605122572138429,200,1000,7,0.4140571575331494,0.2438942296241653,33946.824219658985,72225.09971856387,199393.3559894719,1822472.9206456877,11671.03952520999,8151.899625349982,2391.1071563141754,14801.052554876305,0.0,
norauto,nanoTabPFN-ATB0-s92,ATB0,92,1,1.0,1.0,1.1650492676040347,200,1000,84,2.052105610329712,1.9367544462578574,15447.999258414908,60763.07743014544,5317971.567004994,6589418.9411997385,7521.151442224127,6313.724692460356,52841.09618424755,6564.383919369342,0.0,
norauto,nanoTabPFN-ATB0-s92,ATB0,92,1,4.0,4.0,1.1650492676040347,200,1000,59,2.410083215379469,2.3307269415732055,17690.123783336763,98453.54648287874,21198009.751937352,26292478.258195348,7567.307191865341,13056.229782136192,208705.66181680703,26238.112604845843,0.0,
norauto,nanoTabPFN-ATB0-s92,ATB0,92,1,20.0,19.999999999999996,1.1650492676040347,200,1000,18,0.43532521787902007,0.4071745591346433,16352.543765779825,60257.27461977229,210507.2768328305,1163238.1101277599,7642.8741730488855,6341.260550469216,2555.4107976762543,15593.228063868552,0.0,
norauto,nanoTabPFN-ATB0-s92,ATB0,92,1,50.0,49.999999999999986,1.1650492676040347,200,1000,7,0.3529530586742488,0.19373741978039824,36592.41221111176,77487.69815317748,198682.9669512692,2645902.4003176517,11422.224306324788,7064.294773916366,3069.1936930710217,33922.89935905558,0.1,
norauto,nanoTabPFN-ATB0-s92,ATB0,92,2,1.0,1.0,1.075670017129351,200,1000,83,2.0494571123389007,1.9371875297556833,15061.16466619877,59779.588425320384,5235333.240911014,6152912.623937862,7072.066515824377,8153.0135660326005,51200.59658086606,6120.975848089991,0.0,
norauto,nanoTabPFN-ATB0-s92,ATB0,92,2,4.0,4.0,1.075670017129351,200,1000,53,2.396217175956296,2.318581841225733,17468.855959006345,98677.00243772884,20623522.408958543,24526701.417410553,7138.691772160049,21770.517937049663,200137.57805428654,24445.298542303546,0.0,
norauto,nanoTabPFN-ATB0-s92,ATB0,92,2,20.0,19.999999999999993,1.075670017129351,200,1000,14,0.5246720490801305,0.4716159923565123,15025.62592711738,55270.22502364826,209687.04218245306,1162098.5671252669,7348.92633227204,6286.128212283417,2459.535457345239,22267.023671743656,0.0,
norauto,nanoTabPFN-ATB0-s92,ATB0,92,2,50.0,49.99999999999999,1.075670017129351,200,1000,5,-0.08287255304116171,-0.2201986924801441,33274.037286286795,67804.57047036423,110429.40988146566,2407621.638987316,10771.78564554802,6554.137727013473,3105.677629464117,41222.51437262541,0.0,
norauto,nanoTabPFN-ATB0-s92,ATB0,92,3,1.0,1.0,1.1198475962637136,200,1000,83,2.053046844323857,1.9506640562717568,16126.867021463757,68729.65803537933,6225661.525238959,7438947.250946629,7454.0791974717695,7023.094842481064,62101.59515590774,7416.3045239824205,0.0,
norauto,nanoTabPFN-ATB0-s92,ATB0,92,3,4.0,4.0,1.1198475962637136,200,1000,56,2.5305105003789983,2.431642137823359,18357.807246397657,85792.6610030992,23513078.391415928,29555154.31643319,7566.1291748482645,8201.765560169702,234449.95187842433,29527.25634418973,0.0,
norauto,nanoTabPFN-ATB0-s92,ATB0,92,3,20.0,19.999999999999996,1.1198475962637136,200,1000,16,0.49324029549786874,0.4521757443409929,16754.54711475382,64660.102694983114,252360.82914935966,1516350.4219903213,7657.690406231073,6954.55177620947,2568.52391914863,21083.878242288687,0.0,
norauto,nanoTabPFN-ATB0-s92,ATB0,92,3,50.0,50.000000000000014,1.1198475962637136,200,1000,6,-0.02899384579399123,-0.1477602003167648,39554.89683358557,83390.6246537916,143124.08898732287,2224367.7483025403,13177.171278792099,7632.735373530694,1966.679639296572,23209.389287317113,0.0,
norauto,nanoTabPFN-ATB0-s92,ATB0,92,4,1.0,1.0,1.193062450590667,200,1000,84,2.115526624138579,1.9636746097920068,15830.65903941746,50816.39325647219,4826497.768524131,6190830.431041487,8019.815009940313,7458.885178035404,47687.11573155825,6162.57222758233,0.0,
norauto,nanoTabPFN-ATB0-s92,ATB0,92,4,4.0,3.9999999999999996,1.193062450590667,200,1000,59,2.490335770943688,2.3945794896655985,17483.52786408314,83398.09137098635,20652774.716253433,24842158.71742086,8030.861307413119,15030.738462310352,205809.60649625747,24812.466162507793,0.0,
norauto,nanoTabPFN-ATB0-s92,ATB0,92,4,20.0,20.0,1.193062450590667,200,1000,19,0.46227418242072277,0.4069681738479212,15354.58555878478,52372.73152733364,186704.15178441443,984953.7965194269,8163.591379257865,7267.32798727142,2709.733934254073,13469.665480594467,0.0,
norauto,nanoTabPFN-ATB0-s92,ATB0,92,4,50.0,49.99999999999999,1.193062450590667,200,1000,7,0.40679802829052464,0.2430638918982597,33318.52865286279,72485.02445250226,198594.51249959387,2332076.981257408,11239.090418923139,7717.338046752727,3392.7458814240767,35493.66806572074,0.0,
norauto,nanoTabPFN-ATB0-s92,ATB0,92,5,1.0,1.0,1.1583542677580418,200,1000,78,2.1874550395725327,2.0710976434076804,13958.046085846221,56506.42808968486,6798806.338531108,8293469.534092223,7043.230653955495,11933.169610437279,68157.0909176183,8275.12437144758,0.0,
norauto,nanoTabPFN-ATB0-s92,ATB0,92,5,4.0,4.0,1.1583542677580418,200,1000,56,2.355527384670309,2.2771409719567375,16973.473071286266,69309.2569881448,17073193.116193615,32105813.73714996,7090.654853632507,9069.916808809292,142436.17800882857,31564.262433771244,0.0,
norauto,nanoTabPFN-ATB0-s92,ATB0,92,5,20.0,20.0,1.1583542677580418,200,1000,17,0.5592646500412245,0.47558551226538665,17478.233623712593,51732.19804348303,206115.09201617452,1072198.0469716545,7245.522579172908,6245.226630798901,3022.2427227238613,20594.602603962656,0.0,
norauto,nanoTabPFN-ATB0-s92,ATB0,92,5,50.0,50.0,1.1583542677580418,200,1000,7,0.477699309612183,0.33860804472483585,38324.65739492514,90512.04463279963,288173.5993235534,3004649.7136658616,12403.293633875266,8196.160511780918,3184.9922027070443,31593.495636527023,0.0,
norauto,nanoTabPFN-ATB0-s92,ATB0,92,6,1.0,1.0,1.0498042690082219,200,1000,87,2.03189829061404,1.8926435933962211,15702.26720346824,53588.29691437648,4243070.896626007,5387851.271941837,7474.713023516632,6468.997292443781,41741.3933680622,5359.506095445406,0.0,
norauto,nanoTabPFN-ATB0-s92,ATB0,92,6,4.0,4.0,1.0498042690082219,200,1000,50,2.4034711177344166,2.31245331888441,17916.44712174893,88486.67166491222,18277475.343951304,21626192.882060535,7500.924299283952,8283.496085312718,181106.60102353568,21588.037155114107,0.0,
norauto,nanoTabPFN-ATB0-s92,ATB0,92,6,20.0,20.0,1.0498042690082219,200,1000,12,0.3816604682993536,0.34984465575049334,14760.420884437215,54008.42038860151,173935.61249841965,861335.6300684443,7653.20656410731,6514.656680064587,1924.7051203474487,7924.170539751735,0.0,
norauto,nanoTabPFN-ATB0-s92,ATB0,92,6,50.0,49.99999999999999,1.0498042690082219,200,1000,5,-0.20785282828773444,-0.32326555314556726,31348.84164920042,60950.253357643,88600.30736468988,2202007.8323036754,10182.518053131604,6606.709246081565,2634.4452098103848,23155.48947670409,0.0,
norauto,nanoTabPFN-ATB0-s92,ATB0,92,7,1.0,1.0,1.122376275664907,200,1000,81,2.0603339868763584,1.9689744258950175,14715.497016153138,69711.05874032657,6547144.245273668,7693111.955327887,7411.418139163069,7335.707342413866,65168.45190948995,7668.782356106464,0.1,
norauto,nanoTabPFN-ATB0-s92,ATB0,92,7,4.0,4.0,1.122376275664907,200,1000,56,2.5296243579806497,2.427106017499162,17667.622887593905,80585.38037673684,22338218.230959512,30328470.93571692,7392.393198582234,7975.3615662294915,220862.19461278312,30281.925510606543,0.0,
norauto,nanoTabPFN-ATB0-s92,ATB0,92,7,20.0,19.999999999999993,1.122376275664907,200,1000,15,0.576269453559194,0.5079564746255216,18369.263748514095,60679.56743103391,260794.68643380044,1561320.1959448988,7497.0056986058835,6700.266933038141,2791.1972378988944,22430.454954783472,0.0,
norauto,nanoTabPFN-ATB0-s92,ATB0,92,7,50.0,50.00000000000001,1.122376275664907,200,1000,6,0.013260156008899291,-0.10547424717552713,39794.998863161265,84660.53389497279,150393.66890308604,3280937.754802604,12801.312019159428,7772.60440466606,4334.600357192805,33443.24647113085,0.0,
norauto,nanoTabPFN-ATB0-s92,ATB0,92,8,1.0,1.0,1.1523631738420201,200,1000,79,2.0761067438100063,1.9928436734990054,14768.527213109617,75339.75215318937,7498458.386055946,8615517.509263318,6982.61622376782,16812.173123630222,73698.59062360688,8582.426693242409,0.0,
norauto,nanoTabPFN-ATB0-s92,ATB0,92,8,4.0,4.0,1.1523631738420201,200,1000,56,2.45254591442604,2.3546206964542713,19071.310241148727,85440.47290408023,23769191.491040967,33780378.172122695,7297.2617842323025,8624.515593682487,204823.75305461025,33412.00916681248,0.0,
norauto,nanoTabPFN-ATB0-s92,ATB0,92,8,20.0,20.000000000000004,1.1523631738420201,200,1000,16,0.6076210882897286,0.5180695689165381,19177.35989495144,60120.51610802726,254863.8096417146,1537913.5431155306,7452.870388876329,6092.675618231697,2478.87215141699,23393.118741142334,0.0,
norauto,nanoTabPFN-ATB0-s92,ATB0,92,8,50.0,50.00000000000001,1.1523631738420201,200,1000,7,0.6315343715628317,0.4600869316838195,42084.86080163563,95851.78516636143,380051.84797539806,3968775.144713639,13371.015565680698,8211.117279944428,3384.6591061748436,57592.923318861845,0.1,
norauto,nanoTabPFN-ATB0-s92,ATB0,92,9,1.0,1.0,1.117359364771561,200,1000,83,2.058098093404828,1.950188386984923,16285.536671788559,67474.64594037099,6070030.865912994,7440961.998173052,7782.026019512574,7043.183927510023,60044.23276708515,7412.908028567084,0.0,
norauto,nanoTabPFN-ATB0-s92,ATB0,92,9,4.0,4.0,1.117359364771561,200,1000,57,2.4887101037825596,2.395752756519103,18195.884566814806,88377.55035093393,22014312.64983847,29472853.95430462,7941.613974016616,8716.636261824458,224336.83274889225,29493.23593231096,0.1,
norauto,nanoTabPFN-ATB0-s92,ATB0,92,9,20.0,20.0,1.117359364771561,200,1000,16,0.42401239127562906,0.38918444549066095,18173.000690748006,67979.54084607749,231994.69448467204,1367771.1791849956,8103.994614784478,7167.932708183201,2503.77431042387,18003.60250972334,0.0,
norauto,nanoTabPFN-ATB0-s92,ATB0,92,9,50.0,50.0,1.117359364771561,200,1000,6,-0.02950182170089141,-0.1521353186989394,39948.94075468715,84862.50149342456,145471.60036111966,2025533.9000552068,13736.295348859463,7875.156255199437,57504.3788402862,28328.72341057841,0.0,
norauto,nanoTabPFN-ATB0-s92,ATB0,92,10,1.0,1.0,1.075560477315327,200,1000,86,2.051116282905338,1.8822068941559973,15653.301588068787,42649.56936284888,3443008.947411011,5379919.408599912,7154.693068583315,6189.108744235843,35026.04676147224,5365.333601336129,0.0,
norauto,nanoTabPFN-ATB0-s92,ATB0,92,10,4.0,4.000000000000001,1.075560477315327,200,1000,54,2.495857265687926,2.388355147332048,16676.287844779425,72307.33887943986,17812946.59825383,21868703.211111054,7231.238417352881,24404.187008394965,182380.11223490632,21890.659958185584,0.0,
norauto,nanoTabPFN-ATB0-s92,ATB0,92,10,20.0,20.000000000000004,1.075560477315327,200,1000,14,0.3625814617061011,0.33064608110061955,13408.26808801826,48670.97353351854,153571.03461884247,618722.8105992788,7258.800269694483,6260.286049981136,1955.5417482213275,11227.801233469401,0.0,
norauto,nanoTabPFN-ATB0-s92,ATB0,92,10,50.0,50.000000000000014,1.075560477315327,200,1000,6,-0.19559735814651685,-0.3047268166522283,31152.176387161115,61715.06837704893,92268.86930684932,1528544.8064140906,10224.054720670014,6485.036896086948,1656.4517840604203,14782.930272555992,0.1,
norauto,nanoTabPFN-ATB0-s92,ATB0,92,11,1.0,1.0,1.1029837127297135,200,1000,80,2.138464152310844,2.0349486696753147,13308.227761196344,57418.3609436448,6283326.025744691,7578106.481543447,7323.770772501266,11777.795456931311,63760.268166183494,7566.890520556814,0.0,
norauto,nanoTabPFN-ATB0-s92,ATB0,92,11,4.0,4.0,1.1029837127297135,200,1000,54,2.5727480303767556,2.4590824968162517,15555.848842481044,64934.1906081249,19492023.467854165,29693755.674880356,7320.9509539601695,8334.533975949293,205494.4759083315,29778.897517696278,0.0,
norauto,nanoTabPFN-ATB0-s92,ATB0,92,11,20.0,20.0,1.1029837127297135,200,1000,14,0.5208822066896711,0.46609448365899336,15982.211264270849,53142.78374642549,206434.63968333116,946741.4779325974,7619.529667572391,6518.1843785828405,2758.8637423356327,26866.6862989228,0.0,
norauto,nanoTabPFN-ATB0-s92,ATB0,92,11,50.0,49.999999999999986,1.1029837127297135,200,1000,6,-0.05271886194999952,-0.14512676325703183,37859.34200760191,81341.77771048775,137809.22253048513,2679529.9391646134,12614.892272584531,7291.327812538589,2120.3226238365787,32819.68651499872,0.0,
norauto,nanoTabPFN-ATB0-s92,ATB0,92,12,1.0,1.0,1.1367546728610305,200,1000,82,2.033495115903158,1.9401818658092302,14434.90650191328,66274.68519383424,5847062.076886579,6777578.7966804085,7551.500312782181,6523.245523221074,58024.50455736597,6751.883141094109,0.0,
norauto,nanoTabPFN-ATB0-s92,ATB0,92,12,4.0,3.9999999999999996,1.1367546728610305,200,1000,57,2.514241309329738,2.4205412710938936,15925.622243010523,78024.35850360367,20349553.178595155,26751508.70501578,7522.712546247937,7651.545285453634,205719.37599954515,26752.569112781875,0.0,
norauto,nanoTabPFN-ATB0-s92,ATB0,92,12,20.0,20.000000000000004,1.1367546728610305,200,1000,17,0.4904923681164538,0.4498384491572438,14715.48337083073,55599.21362868273,212725.62308433792,1117646.313512784,7651.077746229652,6268.673012319737,2111.372676794557,16332.273206360636,0.0,
norauto,nanoTabPFN-ATB0-s92,ATB0,92,12,50.0,49.999999999999986,1.1367546728610305,200,1000,6,-0.018723175502694825,-0.12750190969374814,35576.81684703045,75781.1359878648,132324.98653570976,2379410.3960675974,11521.275588671791,6857.0980935024045,1587.0837443880628,28195.59258392854,0.0,
norauto,nanoTabPFN-ATB0-s92,ATB0,92,13,1.0,1.0,1.0593766641320375,200,1000,84,2.030348092113961,1.9283642569770292,15865.247330910861,68118.71721032207,5840553.349324331,7257134.224628477,7668.149832716216,7348.342412347406,57945.694678336426,7230.775843556013,0.0,
norauto,nanoTabPFN-ATB0-s92,ATB0,92,13,4.0,4.0,1.0593766641320375,200,1000,51,2.440591722672297,2.358302354398402,18744.231532748723,101785.05018589806,23425447.246720947,28971511.4701737,7799.756279381972,9577.906639640658,229361.7945952625,28900.856968272383,0.0,
norauto,nanoTabPFN-ATB0-s92,ATB0,92,13,20.0,19.999999999999996,1.0593766641320375,200,1000,12,0.43636838788305743,0.41285798209687213,16371.942377727642,68115.1523692093,244873.55396921394,1301461.5748263802,7718.24043206976,7350.013091984819,2989.2759566058267,13829.6840294655,0.1,
norauto,nanoTabPFN-ATB0-s92,ATB0,92,13,50.0,49.99999999999999,1.0593766641320375,200,1000,5,-0.2037646754136197,-0.3014988495474761,37934.1885718168,77714.73710568008,115320.81723311235,2841281.662904081,12387.486162663841,7872.01406980006,2409.9129331184217,33061.768168803916,0.0,
norauto,nanoTabPFN-ATB0-s92,ATB0,92,14,1.0,1.0,1.0595858682066943,200,1000,86,2.0220120541968405,1.8824512046397641,15563.595234580056,52592.69602717723,4085514.28819549,5575669.973099269,7475.808096608191,6446.946045237325,40125.856500090355,5547.377645017412,0.0,
norauto,nanoTabPFN-ATB0-s92,ATB0,92,14,4.0,4.0,1.0595858682066943,200,1000,52,2.3728921332062924,2.295385964566227,17159.307483036035,96294.89541515101,19154820.288745422,22528652.85522019,7509.783878894601,10052.101936040432,189829.76111162498,22490.43988394115,0.0,
norauto,nanoTabPFN-ATB0-s92,ATB0,92,14,20.0,20.000000000000004,1.0595858682066943,200,1000,12,0.35566287200744784,0.3325819056805405,14432.503940671406,56420.44135608783,177243.94647540664,863513.6393207038,7531.605895543142,6620.97397554396,2003.3913845160528,9790.211509261957,0.0,
norauto,nanoTabPFN-ATB0-s92,ATB0,92,14,50.0,50.00000000000001,1.0595858682066943,200,1000,6,-0.2191243229538614,-0.3262432939033822,31069.769142587065,61728.76702511763,90517.90950157362,2144695.1913017696,10190.894687800073,6703.042982810289,2063.3033197795926,20426.89253089557,0.0,
norauto,nanoTabPFN-ATB0-s92,ATB0,92,15,1.0,1.0,1.1421448651878614,200,1000,77,2.131653477713318,2.0465584167622404,12226.648849055018,61516.91595918918,6887959.871138511,8239684.504520745,7929.610844243428,7353.664693010925,66691.89396887625,8196.308116099022,0.0,
norauto,nanoTabPFN-ATB0-s92,ATB0,92,15,4.0,4.000000000000001,1.1421448651878614,200,1000,55,2.4207773931734367,2.337846923074913,14663.218918977322,63026.10593469008,14516126.686482612,31602000.483761676,7747.8191827168785,7355.120376421656,136700.98709437574,30629.50347992342,0.0,
norauto,nanoTabPFN-ATB0-s92,ATB0,92,15,20.0,19.999999999999996,1.1421448651878614,200,1000,16,0.6391182220738513,0.5719384548004068,16006.261810681703,53925.672354959446,254304.7748558059,1610743.827852609,8017.447318198641,6750.869610070894,3682.0792007629525,33104.65491056237,0.0,
norauto,nanoTabPFN-ATB0-s92,ATB0,92,15,50.0,50.0,1.1421448651878614,200,1000,7,-0.003483034738031945,-0.09737220984737727,37236.530400093994,86169.83292265356,154749.33063731616,3060183.943078106,12646.289064529437,8203.928477259024,3540.8383354416387,40323.06927336189,0.0,
norauto,nanoTabPFN-ATB0-s92,ATB0,92,16,1.0,1.0,1.1306930573478338,200,1000,80,2.0480531990570547,1.9671724839258296,14209.784685365696,73221.75851746317,6892825.5811703475,8027801.890992734,8078.890584455403,8165.468870395192,68446.97178767563,8001.602642810977,0.0,
norauto,nanoTabPFN-ATB0-s92,ATB0,92,16,4.0,4.000000000000001,1.1306930573478338,200,1000,55,2.4985519737691493,2.4006438238741454,17691.02927896673,80003.93544329423,21475118.67017822,31442384.926970582,8166.027830968326,8394.99462235115,212380.55511149633,31397.354843013905,0.0,
norauto,nanoTabPFN-ATB0-s92,ATB0,92,16,20.0,20.0,1.1306930573478338,200,1000,16,0.5313674389565376,0.4653361642304693,17889.400138277295,63876.28482977292,254810.83841053708,1369443.0170817007,8312.277363855934,7482.998948972745,2626.57497437596,20902.737824178934,0.0,
norauto,nanoTabPFN-ATB0-s92,ATB0,92,16,50.0,49.99999999999999,1.1306930573478338,200,1000,6,-0.018840352115437258,-0.1317123945810796,40557.82597746668,88255.79819764974,154005.32616081415,1932576.3360728617,13972.63143910328,8278.0143807654,2273.3980547018573,23515.54618811166,0.0,
norauto,nanoTabPFN-ATB0-s92,ATB0,92,17,1.0,1.0,1.1221039458175108,200,1000,80,2.0351964806679295,1.954888982321877,13973.50367776355,72058.3880789631,6569529.332518003,7576156.044610895,7681.314912488327,7117.142949677789,65426.48207732968,7551.943137546227,0.1,
norauto,nanoTabPFN-ATB0-s92,ATB0,92,17,4.0,4.0,1.1221039458175108,200,1000,55,2.5118970581447533,2.42277066155951,16478.10003202543,83710.02753086056,22357539.16609611,29856909.46210084,7554.623999494208,7879.992698756799,223260.49199925666,29832.35544319416,0.0,
norauto,nanoTabPFN-ATB0-s92,ATB0,92,17,20.0,19.999999999999996,1.1221039458175108,200,1000,15,0.5456645809572493,0.500132818841632,16075.2370848356,58617.64253980464,242639.08402305923,1366471.1698100609,7684.603151502645,6607.67070379146,2614.14226669497,14665.54744409044,0.0,
norauto,nanoTabPFN-ATB0-s92,ATB0,92,17,50.0,50.0,1.1221039458175108,200,1000,6,0.06421162922032432,-0.05309903106602351,37969.30427076764,83385.51006070746,157232.12249521038,2819813.050060114,12486.492680287485,7601.500323258877,2602.1720617826227,30370.115329092358,0.0,
norauto,nanoTabPFN-ATB0-s92,ATB0,92,18,1.0,1.0,1.0941230659771382,200,1000,81,2.0560047547304663,1.9622480515688119,12660.914654320033,57997.01908735829,5376581.911105368,6247560.894681317,7936.81621947935,7018.540858206654,53228.88086062056,6220.601282294356,0.0,
norauto,nanoTabPFN-ATB0-s92,ATB0,92,18,4.0,3.9999999999999996,1.0941230659771382,200,1000,54,2.4987810218353244,2.398401371409813,14491.071224087395,69814.41647976608,18437898.199409224,24635077.241705894,7799.681353159839,7756.024178556017,179442.02313719768,24564.161064979373,0.0,
norauto,nanoTabPFN-ATB0-s92,ATB0,92,18,20.0,20.0,1.0941230659771382,200,1000,14,0.5763487683956625,0.5153380448540024,14570.820256538904,50796.77595866883,223023.8679032419,1273024.0553738684,7923.198186756953,6772.35535175967,2543.5747985788694,13528.89900602659,0.0,
norauto,nanoTabPFN-ATB0-s92,ATB0,92,18,50.0,50.00000000000001,1.0941230659771382,200,1000,6,-0.021210677484906078,-0.14779468786460884,32999.56634816094,69046.24938367066,119107.92414699902,2300925.1969739655,10789.91491869064,7195.679650880143,2212.206912642003,19335.47992231344,0.0,
norauto,nanoTabPFN-ATB0-s92,ATB0,92,19,1.0,1.0,1.10746322198339,200,1000,79,2.1173047402237106,2.025137960976108,13435.525241234025,63348.95903847816,6794874.889494978,8134538.899473464,7449.243850879812,6499.886367995569,68028.58818689642,8114.210708507759,0.0,
norauto,nanoTabPFN-ATB0-s92,ATB0,92,19,4.0,3.9999999999999996,1.10746322198339,200,1000,54,2.526451565410281,2.4178809022660657,15926.401477837526,70261.49803989966,20507330.273849778,31814258.70563308,7293.868400904096,7505.613534005229,208591.9263391347,31828.30266138914,0.0,
norauto,nanoTabPFN-ATB0-s92,ATB0,92,19,20.0,20.0,1.10746322198339,200,1000,14,0.5964368306468081,0.5403411564207679,17556.318081302157,60536.0517569718,267239.2559075621,1625580.3852189993,7471.093740446314,6435.656078768464,4555.807309948799,33716.81604319277,0.0,
norauto,nanoTabPFN-ATB0-s92,ATB0,92,19,50.0,50.0,1.10746322198339,200,1000,6,-0.024497951819255737,-0.132755996468649,40332.80015174868,86965.36059287797,151151.51963911497,3452686.915450883,13049.877249061607,7460.952661465312,23419.694299125462,58117.420160119356,0.1,
norauto,nanoTabPFN-ACB0-s92,ACB0,92,0,1.0,1.0,1.1605122572138429,200,1000,83,2.15722312522835,1.9936614830321036,13960.412427242307,42236.82968407274,4275086.592384838,6019286.849257847,8268.433493212255,7642.155095749867,42482.10488365477,5994.190977490256,0.1,
norauto,nanoTabPFN-ACB0-s92,ACB0,92,0,4.0,3.999999999999999,1.1605122572138429,200,1000,59,0.23138557812477692,0.15437488940475264,14837.568625028855,40182.85345704439,97313.8854908314,17132890.525792595,8226.826467287672,7741.171837997336,3493.2810956746143,16609.904870537906,0.0,
norauto,nanoTabPFN-ACB0-s92,ACB0,92,0,20.0,19.999999999999996,1.1605122572138429,200,1000,18,0.17473832953080712,0.09902826078708807,16970.209820210504,45042.185915631475,101435.35094952691,186944.2992344335,8219.236791521544,7632.132866481466,2858.386995908248,988.6764605285582,0.0,
norauto,nanoTabPFN-ACB0-s92,ACB0,92,0,50.0,49.99999999999999,1.1605122572138429,200,1000,7,-0.004475170344355487,-0.023044817115320842,16205.005950580264,48938.799482912815,95378.35047494821,163002.64410546946,8215.229992543796,7610.351990037796,3039.94282870912,1098.8378753469965,0.0,
norauto,nanoTabPFN-ACB0-s92,ACB0,92,1,1.0,1.0,1.1650492676040347,200,1000,84,2.058137365712243,1.9139347498521495,15555.457655620823,49105.79114365962,4150137.440553298,6472636.174937744,7519.76275117082,6220.373680284597,40760.18673558175,6443.576741301064,0.0,
norauto,nanoTabPFN-ACB0-s92,ACB0,92,1,4.0,4.0,1.1650492676040347,200,1000,59,0.11207724572412234,0.05229569344983913,17031.688771853085,46102.26345273553,98678.14218998987,15284870.560920857,7526.169987168268,6985.470171115807,2994.221436907692,14433.019671192407,0.0,
norauto,nanoTabPFN-ACB0-s92,ACB0,92,1,20.0,19.999999999999996,1.1650492676040347,200,1000,18,0.11056574884241681,0.05524249542121613,18591.301357352942,51534.071308258644,109664.12310890852,203956.59910110387,7622.598771296017,6175.657508500603,1772.5271381719006,1338.5609442592506,0.1,
norauto,nanoTabPFN-ACB0-s92,ACB0,92,1,50.0,49.999999999999986,1.1650492676040347,200,1000,7,-0.020596864201329623,-0.03732747349380919,18201.150171824585,54314.21120030006,103417.13285417273,173666.25718364824,7591.087460145544,6225.166361557415,1774.124838139505,746.1478286533082,0.0,
norauto,nanoTabPFN-ACB0-s92,ACB0,92,2,1.0,1.0,1.075670017129351,200,1000,83,2.1860543091149203,1.992071767580508,15111.88244764123,41171.11702357891,4594528.819526755,6088815.328668684,7068.880102738633,6789.233085061939,43403.96598077349,6043.011575244086,0.0,
norauto,nanoTabPFN-ACB0-s92,ACB0,92,2,4.0,4.0,1.075670017129351,200,1000,53,0.3516727168667078,0.23381997487708212,15927.096000102722,39289.03606016636,106914.55543018409,17722774.443107866,7024.483781978008,6055.543246019587,5146.416038905098,17078.45996511956,0.0,
norauto,nanoTabPFN-ACB0-s92,ACB0,92,2,20.0,19.999999999999993,1.075670017129351,200,1000,14,0.2855438837926449,0.17204432533845387,17977.262750414957,43180.58117333463,109126.01478075168,179560.18578379636,7123.712042038752,5915.345896350985,1662.3211527744036,919.6279235295178,0.0,
norauto,nanoTabPFN-ACB0-s92,ACB0,92,2,50.0,49.99999999999999,1.075670017129351,200,1000,5,0.08762536001232198,0.06653064330489424,15036.182408980487,47568.29721233444,105133.97880870932,165891.2410121669,7062.2716944755975,6062.677337932633,1698.1393802901162,519.2112512069405,0.0,
norauto,nanoTabPFN-ACB0-s92,ACB0,92,3,1.0,1.0,1.1198475962637136,200,1000,83,2.1939689559300684,2.040368332905919,16758.197261317444,52995.25383487227,5892979.744974685,7405695.562162537,7462.100199609726,6724.831429365763,58703.69703487776,7382.3256685025935,0.0,
norauto,nanoTabPFN-ACB0-s92,ACB0,92,3,4.0,4.0,1.1198475962637136,200,1000,56,0.3431756784727636,0.2369659548869881,17264.66582620121,43770.207434641015,119397.4993124932,19644859.61314938,7475.609663408161,6453.533773813784,3297.7275168729693,19783.63357232637,0.1,
norauto,nanoTabPFN-ACB0-s92,ACB0,92,3,20.0,19.999999999999996,1.1198475962637136,200,1000,16,0.2132874354348344,0.1565812953500089,18240.78118782008,52596.65679020807,129995.36111033514,218387.77548058328,7550.209006379387,6476.173480311204,1613.7185924102953,565.0090205370227,0.0,
norauto,nanoTabPFN-ACB0-s92,ACB0,92,3,50.0,50.000000000000014,1.1198475962637136,200,1000,6,0.017610065187211397,0.010271252461076302,17596.46876740187,56410.30855432674,114404.5049137846,177777.91821064692,7503.173544794824,6523.67752283649,1706.3838752224922,294.7213233309221,0.0,
norauto,nanoTabPFN-ACB0-s92,ACB0,92,4,1.0,1.0,1.193062450590667,200,1000,84,2.1467912872552497,1.9611734173865243,15684.983885631817,43168.11791553153,4042509.5206670957,6112411.152495113,8039.843832556325,7679.661872236526,40432.30266907669,6090.024610957643,0.0,
norauto,nanoTabPFN-ACB0-s92,ACB0,92,4,4.0,3.9999999999999996,1.193062450590667,200,1000,59,0.14355644316784688,0.06240768696177333,16387.288354329663,41604.42182906369,89233.86947187288,13806053.751426809,7988.238075985213,8711.722949499706,3478.8707441176393,13043.047271498268,0.0,
norauto,nanoTabPFN-ACB0-s92,ACB0,92,4,20.0,20.0,1.193062450590667,200,1000,19,0.19619783426766643,0.1130753507354377,17525.601231709443,45560.64879566191,104881.24669609853,203846.73640838632,8012.248576896629,7321.54712041558,3100.85744391275,1059.8835166992726,0.0,
norauto,nanoTabPFN-ACB0-s92,ACB0,92,4,50.0,49.99999999999999,1.193062450590667,200,1000,7,0.01975690251630365,-0.012608993447156444,16662.08600385071,48272.83171499157,95262.6130744009,170063.2165320541,7978.831817534449,7290.90292326596,2516.526456230035,1244.5778453475816,0.0,
norauto,nanoTabPFN-ACB0-s92,ACB0,92,5,1.0,1.0,1.1583542677580418,200,1000,78,2.1579164825609927,1.98384852776089,14755.716766356209,42641.24444941104,4252814.111459015,8038879.299685878,7007.984915843185,7220.432227080962,43106.95961372968,8024.624126492099,0.0,
norauto,nanoTabPFN-ACB0-s92,ACB0,92,5,4.0,4.0,1.1583542677580418,200,1000,56,0.1785238653655794,0.10452251098478642,16068.700498238346,42786.30256042854,97157.33229881403,18079065.357242793,6996.869992878964,7885.88298821254,10351.689447748151,16465.61327250624,0.0,
norauto,nanoTabPFN-ACB0-s92,ACB0,92,5,20.0,20.0,1.1583542677580418,200,1000,17,0.3628433411089443,0.26642975429530324,17600.797023768955,46245.13988713161,131611.55038477923,274915.150435252,7060.9723227335135,6054.51279638667,2673.7080180578646,3838.9419606687693,0.0,
norauto,nanoTabPFN-ACB0-s92,ACB0,92,5,50.0,50.0,1.1583542677580418,200,1000,7,0.24276070556839527,0.1752265012226517,12612.755912688626,36609.235135436225,90362.82390274489,183665.64019797888,7112.294846428476,6190.415216220168,2057.3191478962244,1101.9494988974075,0.1,
norauto,nanoTabPFN-ACB0-s92,ACB0,92,6,1.0,1.0,1.0498042690082219,200,1000,87,2.0451473388057266,1.8864382422413264,15447.536991823721,45356.537964597854,3723695.1632231856,5335923.432553405,7484.266386377741,6444.27140693078,36311.50014021145,5305.208117005956,0.0,
norauto,nanoTabPFN-ACB0-s92,ACB0,92,6,4.0,4.0,1.0498042690082219,200,1000,50,0.21169091089463166,0.11406244684482338,16673.949592150504,41387.6000261373,95196.91246224254,14108859.35171978,7466.604928980646,6521.671955001217,2715.7152087168574,14041.90560180305,0.0,
norauto,nanoTabPFN-ACB0-s92,ACB0,92,6,20.0,20.0,1.0498042690082219,200,1000,12,0.027849847427541426,-0.03968740481549233,18410.825457693085,46356.51748231155,88861.15305141913,136101.48475249,7548.153565890182,6398.830843931299,2192.799197790457,830.8992231597542,0.1,
norauto,nanoTabPFN-ACB0-s92,ACB0,92,6,50.0,49.99999999999999,1.0498042690082219,200,1000,5,-0.08268222498748595,-0.10595895519105655,17619.09145398945,49487.580556422516,88493.94895670669,127385.54903076065,7507.810582366555,6416.361899580956,2189.7567411646705,827.5972541065174,0.0,
norauto,nanoTabPFN-ACB0-s92,ACB0,92,7,1.0,1.0,1.122376275664907,200,1000,81,2.1988912665302967,2.0498095836514745,15340.998639953861,50457.92460952126,5887832.765078676,7627192.077233345,7383.41533506721,6624.9119759905025,58806.40136526465,7605.162406730657,0.0,
norauto,nanoTabPFN-ACB0-s92,ACB0,92,7,4.0,4.0,1.122376275664907,200,1000,56,0.345132572899565,0.2671750009902432,15842.75674134597,44589.20332556202,128123.82913839827,23016158.353385154,7360.197085309031,6344.522414263251,3424.545799378075,22987.54388770212,0.0,
norauto,nanoTabPFN-ACB0-s92,ACB0,92,7,20.0,19.999999999999993,1.122376275664907,200,1000,15,0.27371949322615724,0.24319925159973063,15843.618231944343,50117.159688808366,139082.26565831318,244318.7659204927,7380.820742086582,6389.955687799805,1871.9527724879022,752.1791327222751,0.0,
norauto,nanoTabPFN-ACB0-s92,ACB0,92,7,50.0,50.00000000000001,1.122376275664907,200,1000,6,0.14857872156145485,0.12573663642016256,15460.516425961046,50657.80832926973,116976.40307684118,202124.16699403664,7376.658966170702,6406.376397717082,1866.4679687555222,522.965802749842,0.0,
norauto,nanoTabPFN-ACB0-s92,ACB0,92,8,1.0,1.0,1.1523631738420201,200,1000,79,2.2007013567837523,2.0281045379823546,16281.317223307582,47038.65164103654,5280432.70117223,8393722.079752343,6962.113042817928,6048.160532377393,47090.86969310597,8316.303063938374,0.0,
norauto,nanoTabPFN-ACB0-s92,ACB0,92,8,4.0,4.0,1.1523631738420201,200,1000,56,0.10321036648188123,0.03142906540020991,17264.967675536303,44391.38846216052,92389.09824714928,16775158.372059,7016.863860767621,5777.284519730443,2622.948116801162,15897.952011895333,0.0,
norauto,nanoTabPFN-ACB0-s92,ACB0,92,8,20.0,20.000000000000004,1.1523631738420201,200,1000,16,0.4924828550895106,0.3756531546500459,18952.54041712341,49984.24394488961,167885.62162653526,335248.26808248746,7172.209530940365,5784.271328367733,1498.2358701841165,1201.5902371645645,0.0,
norauto,nanoTabPFN-ACB0-s92,ACB0,92,8,50.0,50.00000000000001,1.1523631738420201,200,1000,7,0.2270114803289999,0.1828857305300155,14128.860379449296,44384.949353223565,101099.5978134771,305012.7455022921,6992.151499633722,5886.334783247346,1323.4093854710345,286.3494404416657,0.0,
norauto,nanoTabPFN-ACB0-s92,ACB0,92,9,1.0,1.0,1.117359364771561,200,1000,83,2.044617305883341,1.919852629024107,16763.573600308628,61056.343161300385,5357735.147945831,7369730.664026754,7790.656513042595,6830.677769895989,51217.11732995456,7324.63820790953,0.0,
norauto,nanoTabPFN-ACB0-s92,ACB0,92,9,4.0,4.0,1.117359364771561,200,1000,57,0.17429794049057373,0.1302734923938915,17404.46007302649,52419.78001474246,123707.20742878655,20737339.018103525,7834.239288835442,6978.452932329675,7356.0429999868775,20483.759733329392,0.1,
norauto,nanoTabPFN-ACB0-s92,ACB0,92,9,20.0,20.0,1.117359364771561,200,1000,16,0.14283492600572598,0.0990463833203442,18877.640918269615,56932.79567544935,127777.64224299934,211989.3253064698,7967.195893062897,6689.080155338131,1855.0987337138613,1356.3830873779004,0.0,
norauto,nanoTabPFN-ACB0-s92,ACB0,92,9,50.0,50.0,1.117359364771561,200,1000,6,-0.03708662681334729,-0.04351766121907604,19621.411401716934,61454.63893377524,116878.3968826371,178284.863510216,8058.3670896378435,6800.181918438081,1891.427283435398,589.435894279713,0.0,
norauto,nanoTabPFN-ACB0-s92,ACB0,92,10,1.0,1.0,1.075560477315327,200,1000,86,2.0466752147472733,1.8541526462600386,15503.304797538174,38344.127018503284,2859197.2305019824,5321545.233849281,7171.048878519257,6207.860740446891,29278.046655525286,5307.853675534794,0.0,
norauto,nanoTabPFN-ACB0-s92,ACB0,92,10,4.0,4.000000000000001,1.075560477315327,200,1000,54,0.20306819625046624,0.09423195345094079,16569.421267931328,39026.039012772315,89107.78808698073,13623452.528674502,7152.685862542802,6818.7391209829875,2601.714757270171,13241.35351707851,0.0,
norauto,nanoTabPFN-ACB0-s92,ACB0,92,10,20.0,20.000000000000004,1.075560477315327,200,1000,14,0.14280182517084494,0.044918050204712505,17280.22051047968,42054.26616934288,88823.08565503597,142344.91575948778,7206.217076161213,6172.573097178245,1724.812102049511,533.0943401856302,0.0,
norauto,nanoTabPFN-ACB0-s92,ACB0,92,10,50.0,50.000000000000014,1.075560477315327,200,1000,6,0.02185011089427397,-0.018400002024450027,16240.208138118658,45616.46091842132,88860.67513343494,134388.89617998165,7149.412154412231,6158.474985062491,1769.8205189375938,572.8298699782788,0.0,
norauto,nanoTabPFN-ACB0-s92,ACB0,92,11,1.0,1.0,1.1029837127297135,200,1000,80,2.210868055826015,2.0653790949833297,14059.634037755113,45310.6911894452,5590404.13674823,7508820.12555732,7291.294473109175,6375.303150812401,57169.36083670187,7500.98079080159,0.0,
norauto,nanoTabPFN-ACB0-s92,ACB0,92,11,4.0,4.0,1.1029837127297135,200,1000,54,0.3249603268217933,0.2523173320915392,14780.14416212451,42638.15819212298,118558.92857557556,21341822.095201813,7262.300611898918,6189.139668081747,2596.223275056725,21802.96416476211,0.0,
norauto,nanoTabPFN-ACB0-s92,ACB0,92,11,20.0,20.0,1.1029837127297135,200,1000,14,0.28701424721970653,0.24348429520054166,14797.43966914466,47369.29161609158,128641.41861447309,215127.38206906716,7288.817144738633,6153.696681998659,1406.7351226701765,408.9368091554975,0.0,
norauto,nanoTabPFN-ACB0-s92,ACB0,92,11,50.0,49.999999999999986,1.1029837127297135,200,1000,6,0.24734118122805585,0.2065520867219052,13295.393170460244,43364.43353952985,116227.38068023665,206969.5546436639,7330.352714548476,6204.49125419577,1403.737502865484,196.34044340360637,0.0,
norauto,nanoTabPFN-ACB0-s92,ACB0,92,12,1.0,1.0,1.1367546728610305,200,1000,82,2.173401022995536,2.014433318923918,14719.26618550715,44406.59143050243,4905124.438294806,6683392.064750979,7537.833161664992,6186.9511678153485,48239.23365946655,6654.031696393659,0.0,
norauto,nanoTabPFN-ACB0-s92,ACB0,92,12,4.0,3.9999999999999996,1.1367546728610305,200,1000,57,0.3505606558895834,0.25712026412058764,15492.471313421935,40901.374676249514,114191.51480047891,19761242.48412718,7512.138453600167,6286.758333722961,4676.768232183586,19982.99057483981,0.0,
norauto,nanoTabPFN-ACB0-s92,ACB0,92,12,20.0,20.000000000000004,1.1367546728610305,200,1000,17,0.28711522269805817,0.20712682940848734,16809.406701469452,46207.28906196848,121246.66277877227,213002.06867820772,7523.329762891125,6160.743156394646,1272.8122639999551,696.0527391780834,0.0,
norauto,nanoTabPFN-ACB0-s92,ACB0,92,12,50.0,49.999999999999986,1.1367546728610305,200,1000,6,0.07536996021583128,0.06133942521786796,15076.23993020544,49233.45178006141,104791.20288071346,172895.51419501827,7526.4794636170545,6133.929119944885,1383.3977448668206,479.2572638843983,0.0,
norauto,nanoTabPFN-ACB0-s92,ACB0,92,13,1.0,1.0,1.0593766641320375,200,1000,84,2.015590571379425,1.9043960998784215,15800.813525242846,63455.1372155041,5141681.988385608,7187245.150127386,7673.483248605999,7137.647760745877,51028.04916183983,7161.598172416331,0.0,
norauto,nanoTabPFN-ACB0-s92,ACB0,92,13,4.0,4.0,1.0593766641320375,200,1000,51,0.2014567933032618,0.15890908264789294,17051.674261858607,52280.111566733394,126858.9396779636,20398082.276509073,7678.3006982198085,6959.889061906901,4973.308564424968,20459.278911594145,0.0,
norauto,nanoTabPFN-ACB0-s92,ACB0,92,13,20.0,19.999999999999996,1.0593766641320375,200,1000,12,0.02790044207813682,0.02341961708285679,17042.700309877324,57069.684169923676,117612.39058462606,180612.86259455624,7671.944388765244,7017.457106938184,2341.917274721604,1227.2408435361467,0.0,
norauto,nanoTabPFN-ACB0-s92,ACB0,92,13,50.0,49.99999999999999,1.0593766641320375,200,1000,5,-0.05816136048210019,-0.05254740966400982,18838.13327968673,61409.617608761066,115320.46592630615,170280.1570115197,7809.411369850434,7161.231654583926,2343.870693343282,1027.3815095874984,0.0,
norauto,nanoTabPFN-ACB0-s92,ACB0,92,14,1.0,1.0,1.0595858682066943,200,1000,86,2.019281966799466,1.868272420102068,15232.62163627232,47898.686607116215,3615723.6354425233,5528710.825618407,7482.909720976133,6418.583631019816,35798.722578877,5504.105897651244,0.0,
norauto,nanoTabPFN-ACB0-s92,ACB0,92,14,4.0,4.0,1.0595858682066943,200,1000,52,0.14189253338801525,0.07587370633388658,15954.751557225332,43324.59481982494,94845.33327558528,13366428.848715337,7471.818368934633,6417.605780883455,1973.3232596720986,13719.916556761245,0.0,
norauto,nanoTabPFN-ACB0-s92,ACB0,92,14,20.0,20.000000000000004,1.0595858682066943,200,1000,12,-0.020567372836620457,-0.04751791478798381,16705.293847689394,47813.338360556096,90176.18482032907,135118.92926957473,7499.895849107206,6410.374716045967,2109.0771379000325,608.3003210547269,0.0,
norauto,nanoTabPFN-ACB0-s92,ACB0,92,14,50.0,50.00000000000001,1.0595858682066943,200,1000,6,-0.11201852965969941,-0.11016231351603151,17194.20884812632,52331.1995632247,91525.06027307565,132347.65781661903,7520.986597139622,6461.725827690532,2074.36837394087,649.3516702394888,0.0,
norauto,nanoTabPFN-ACB0-s92,ACB0,92,15,1.0,1.0,1.1421448651878614,200,1000,77,2.267040483563018,2.1164951648039865,12879.654928773743,42176.263909533154,5726406.451888902,8123507.501907164,7835.968614457154,7527.156125533106,57499.76844280369,8104.386809945759,0.0,
norauto,nanoTabPFN-ACB0-s92,ACB0,92,15,4.0,4.000000000000001,1.1421448651878614,200,1000,55,0.39737650538573044,0.3265771423814406,13820.341039311812,41060.217401769114,128571.17156663995,22630549.289115198,7769.19975318188,10154.453304686167,5326.763382137543,22682.016116611296,0.0,
norauto,nanoTabPFN-ACB0-s92,ACB0,92,15,20.0,19.999999999999996,1.1421448651878614,200,1000,16,0.3565420243025237,0.30774632266821556,13881.56523279209,46548.93890401773,141983.2733444475,254477.05056646,7806.558357926725,6657.631334709521,3466.1551698838193,1180.07930645531,0.0,
norauto,nanoTabPFN-ACB0-s92,ACB0,92,15,50.0,50.0,1.1421448651878614,200,1000,7,0.3362892704523588,0.28661065582929907,11717.211870479841,39382.13473412193,116717.36098509436,220333.59623393195,7991.494592665003,6921.1887368065345,3014.5171990769077,1387.2437574105782,0.0,
norauto,nanoTabPFN-ACB0-s92,ACB0,92,16,1.0,1.0,1.1306930573478338,200,1000,80,2.1452209081150606,2.011536452398165,15170.83603506184,54009.08967823839,5867583.776812647,7925274.467946582,8049.9097584350975,7311.6618985681625,58302.4920392738,7900.158882744657,0.1,
norauto,nanoTabPFN-ACB0-s92,ACB0,92,16,4.0,4.000000000000001,1.1306930573478338,200,1000,55,0.2622607125095044,0.21268331959862052,15764.761379860905,49135.40154963577,129439.31004404076,22517816.84078102,8052.207107606408,7157.98085244328,5897.97877761204,22824.514062337883,0.0,
norauto,nanoTabPFN-ACB0-s92,ACB0,92,16,20.0,20.0,1.1306930573478338,200,1000,16,0.24121570786489155,0.21254377271144229,16387.331340715908,53512.874239501005,140486.52529924424,245496.89145168266,8109.61513774475,7126.067630715789,1756.2289807428085,715.9372794372123,0.1,
norauto,nanoTabPFN-ACB0-s92,ACB0,92,16,50.0,49.99999999999999,1.1306930573478338,200,1000,6,0.11904598227551712,0.10994544499809907,15693.779501245968,54738.85697669083,122748.9123132948,213986.94300970674,8069.252856288779,7160.392198965412,1769.8525186795573,270.6862867930543,0.1,
norauto,nanoTabPFN-ACB0-s92,ACB0,92,17,1.0,1.0,1.1221039458175108,200,1000,80,2.184384218670001,2.0481866889400457,14279.813259957467,49467.116395138204,5686547.995792678,7487839.238441531,7637.4231242937585,6617.774013193099,56942.006213706976,7467.099533978343,0.0,
norauto,nanoTabPFN-ACB0-s92,ACB0,92,17,4.0,4.0,1.1221039458175108,200,1000,55,0.3486240050560421,0.27263948766594476,15125.279478322107,43614.25736471992,125440.38339508508,22871517.22404337,7589.321984807126,6788.613172653481,8558.0586533943,22947.128245273685,0.0,
norauto,nanoTabPFN-ACB0-s92,ACB0,92,17,20.0,19.999999999999996,1.1221039458175108,200,1000,15,0.3395960579152278,0.2733969733315338,15835.317415760699,47981.347483562145,137964.17147840234,245136.27482980432,7564.672466867454,6427.660482370429,1799.9528626375645,1609.2553026139153,0.0,
norauto,nanoTabPFN-ACB0-s92,ACB0,92,17,50.0,50.0,1.1221039458175108,200,1000,6,0.14628749913384595,0.12984240466623492,14308.01540581508,49415.39333382442,114988.03762766092,207644.94689727528,7647.290366275512,6469.01486130511,1817.291693724987,724.9597777078363,0.0,
norauto,nanoTabPFN-ACB0-s92,ACB0,92,18,1.0,1.0,1.0941230659771382,200,1000,81,2.141817369400365,1.9906665365475433,13111.479114461603,41833.261133843036,4226180.499455761,6132517.756807687,7867.684490558401,6706.649274899952,41444.215658724424,6102.7562035305145,0.0,
norauto,nanoTabPFN-ACB0-s92,ACB0,92,18,4.0,3.9999999999999996,1.0941230659771382,200,1000,54,0.35696135890677294,0.2709886744489008,13506.115950453104,37741.46421103819,107673.7409967502,18896115.300086472,7839.873858631733,6833.777806753653,3882.648949594461,18963.4757480634,0.0,
norauto,nanoTabPFN-ACB0-s92,ACB0,92,18,20.0,20.0,1.0941230659771382,200,1000,14,0.3204731006638392,0.26190157001008285,13773.781240005392,41891.580944443376,119663.95788961902,200102.8316472025,7822.037118578937,6672.493635111951,2103.119305807367,1224.2555275824172,0.0,
norauto,nanoTabPFN-ACB0-s92,ACB0,92,18,50.0,50.00000000000001,1.0941230659771382,200,1000,6,0.17171606374024323,0.14872095838528562,12784.301504110226,42969.888746883385,103410.06854847763,179301.83737450305,7921.675085983016,6695.9290813010875,2169.5406360271386,814.9716017785715,0.0,
norauto,nanoTabPFN-ACB0-s92,ACB0,92,19,1.0,1.0,1.10746322198339,200,1000,79,2.184306529260371,2.0632146570957333,14015.128305521734,54199.64531546054,6371580.848755107,8092209.230062379,7384.969404831445,6252.503001784372,62227.94509444873,8056.204918062813,0.0,
norauto,nanoTabPFN-ACB0-s92,ACB0,92,19,4.0,3.9999999999999996,1.10746322198339,200,1000,54,0.36628896183727233,0.3067801936451283,14561.224626535879,45230.484386940254,137517.72785481295,23823496.631785553,7342.792405888312,6207.614381741779,12403.481048959899,23473.35345713915,0.0,
norauto,nanoTabPFN-ACB0-s92,ACB0,92,19,20.0,20.0,1.10746322198339,200,1000,14,0.28973746588377464,0.265064088560563,14559.717649229653,51808.72506933204,148328.3284484169,254233.9880075907,7368.933829020743,6121.14051910265,1392.8575510504465,2826.9721650385595,0.0,
norauto,nanoTabPFN-ACB0-s92,ACB0,92,19,50.0,50.0,1.10746322198339,200,1000,6,0.1526786694146645,0.15243358231747856,14199.884327675238,53676.80803823183,129858.79783290828,217577.3204703022,7363.103217672652,6119.094720568444,1354.936269172622,198.4810319675617,0.0,
norauto,nanoTabPFN-A0B0-s93,A0B0,93,0,1.0,1.0,1.1605122572138429,200,1000,83,2.159211089786492,1.9974950572442582,14941.67722785443,46173.64400351254,4645886.418470804,6056379.461818976,8227.43982856302,7584.596230147707,45826.789552072056,6027.637921435009,0.1,
norauto,nanoTabPFN-A0B0-s93,A0B0,93,0,4.0,3.999999999999999,1.1605122572138429,200,1000,59,2.4864973415055713,2.3148890629931316,14273.342363972468,42767.48494269136,8783714.492523044,23192650.090524636,8253.45724724352,7651.950815577531,87632.05919740943,23161.842958470235,0.0,
norauto,nanoTabPFN-A0B0-s93,A0B0,93,0,20.0,19.999999999999996,1.1605122572138429,200,1000,18,2.969542369157835,2.7423190248986202,16965.133869274003,41666.23706785253,23290079.992934387,113823288.13849166,8219.825183269957,8793.001911175594,276481.4522201815,113555.91933308748,0.0,
norauto,nanoTabPFN-A0B0-s93,A0B0,93,0,50.0,49.99999999999999,1.1605122572138429,200,1000,7,0.027562756074816473,-0.045756513009781855,19338.782490250203,47785.71411222723,90571.62240811181,260797491.643256,8425.037883367035,7651.164394203729,167802.9324085691,257815.34791617547,0.0,
norauto,nanoTabPFN-A0B0-s93,A0B0,93,1,1.0,1.0,1.1650492676040347,200,1000,84,2.11014527686959,1.9577263566048189,16796.464253882954,51469.87307670718,4797976.05406604,6537419.569456724,7507.284979098262,6193.826952144637,47380.20844158591,6509.775898113149,0.0,
norauto,nanoTabPFN-A0B0-s93,A0B0,93,1,4.0,4.0,1.1650492676040347,200,1000,59,2.5269915332966675,2.357239806835545,15846.070906826546,47242.73605727477,10735654.638174918,25246400.605981003,7504.542864980588,6219.403933679477,101925.89210844383,25164.452903557387,0.0,
norauto,nanoTabPFN-A0B0-s93,A0B0,93,1,20.0,19.999999999999996,1.1650492676040347,200,1000,18,3.106256077777132,2.899814142550304,18587.577125853015,46906.541835937205,38781009.565334134,124658027.53197816,7609.578319318948,23652.560768628835,365979.21624564525,123699.55125833335,0.0,
norauto,nanoTabPFN-A0B0-s93,A0B0,93,1,50.0,49.999999999999986,1.1650492676040347,200,1000,7,0.15340063624987668,0.06757247598538287,21140.299118311654,51855.03486219926,111771.31155227729,289715418.4239421,7944.977990784537,59966.18741227451,294293.77707616973,281855.6125346502,0.1,
norauto,nanoTabPFN-A0B0-s93,A0B0,93,2,1.0,1.0,1.075670017129351,200,1000,83,2.2188319133326657,2.0219003427120725,16050.590619464434,44632.90625316536,4944184.2273634225,6123795.086152747,7056.965688544331,6311.135092366122,47867.17503473402,6087.642318434288,0.0,
norauto,nanoTabPFN-A0B0-s93,A0B0,93,2,4.0,4.0,1.075670017129351,200,1000,53,2.5423941703234743,2.359798684877961,14743.223989937775,40375.08800195683,10206267.295870539,23485028.100095842,7050.746511285392,9800.943349847897,88038.67452968183,23282.97489910469,0.0,
norauto,nanoTabPFN-A0B0-s93,A0B0,93,2,20.0,19.999999999999993,1.075670017129351,200,1000,14,3.1717079619926802,2.9576906524538837,17413.404299423884,41776.04637369988,41132846.01779437,116358454.51399791,7077.828431429978,30718.08735023906,375415.71734432795,115603.39588725507,0.0,
norauto,nanoTabPFN-A0B0-s93,A0B0,93,2,50.0,49.99999999999999,1.075670017129351,200,1000,5,0.049097058023581296,-0.03535860507090434,19970.485663236395,48489.14282557125,93630.003527175,266831817.4618762,7398.063581556742,58488.35424887729,241863.01141144682,259329.09670613596,0.0,
norauto,nanoTabPFN-A0B0-s93,A0B0,93,3,1.0,1.0,1.1198475962637136,200,1000,83,2.1834455800544923,2.0274340921496714,17627.494952216188,56023.32081794794,5998587.481985802,7416225.640815723,7526.401094132624,6782.530059417353,59961.79104802179,7394.907566626681,0.0,
norauto,nanoTabPFN-A0B0-s93,A0B0,93,3,4.0,4.0,1.1198475962637136,200,1000,56,2.448838134432149,2.2796466996182465,16006.15333461123,47109.348566117485,8813715.283370513,28085258.581590325,7452.023421855133,7433.9308167736735,92927.35075004351,28109.021532541305,0.0,
norauto,nanoTabPFN-A0B0-s93,A0B0,93,3,20.0,19.999999999999996,1.1198475962637136,200,1000,16,3.0360956550166414,2.8161851027822027,19488.401156082622,48273.48851919011,33497696.803247035,139279741.14188582,7698.845703991426,23521.034430829517,369975.4156308975,139036.19999044985,0.0,
norauto,nanoTabPFN-A0B0-s93,A0B0,93,3,50.0,50.000000000000014,1.1198475962637136,200,1000,6,-0.01301013627394109,-0.0764652408414336,22879.548796729985,57425.21968175472,105284.42535322825,316954689.8968507,8254.277227647492,46516.22023592096,229060.16998716025,312835.5767582341,0.0,
norauto,nanoTabPFN-A0B0-s93,A0B0,93,4,1.0,1.0,1.193062450590667,200,1000,84,2.162071536099465,1.980209672858602,16367.136404997982,45328.39438949112,4396011.747916687,6147759.108219303,8095.699506312445,7711.928267481974,43789.44793385836,6123.594742045519,0.0,
norauto,nanoTabPFN-A0B0-s93,A0B0,93,4,4.0,3.9999999999999996,1.193062450590667,200,1000,59,2.492925721114789,2.3130688757282076,15774.743865195065,43893.24056842929,9200228.268016547,23696991.164941035,8016.278169370287,10513.537621581841,84640.7902718577,23561.298458766392,0.0,
norauto,nanoTabPFN-A0B0-s93,A0B0,93,4,20.0,20.0,1.193062450590667,200,1000,19,3.0119561742625027,2.779528954191857,18051.82941060352,41802.179548243774,28337223.016919628,116637028.29352751,8049.18365132595,27909.734161136912,328396.7185225387,116176.48563945333,0.1,
norauto,nanoTabPFN-A0B0-s93,A0B0,93,4,50.0,49.99999999999999,1.193062450590667,200,1000,7,0.07190167853974423,-0.009177298577992226,19568.569150993535,48470.15674981439,96264.1625676715,267502571.9871999,8179.938281046167,49113.332226910534,266223.8273550141,261219.00235835547,0.0,
norauto,nanoTabPFN-A0B0-s93,A0B0,93,5,1.0,1.0,1.1583542677580418,200,1000,78,2.217190940433901,2.0461708224380626,16033.525985854261,46254.888444012875,5456772.847589282,8159276.4605681235,7000.14773037041,9197.698914271306,53085.942742876694,8124.415813607985,0.0,
norauto,nanoTabPFN-A0B0-s93,A0B0,93,5,4.0,4.0,1.1583542677580418,200,1000,56,2.23413068341968,2.0610370701549394,15073.641127007322,43277.20102224714,6001183.660800531,30998524.919647112,7001.95619514738,14760.543096879032,93005.07188368446,30943.367439253347,0.0,
norauto,nanoTabPFN-A0B0-s93,A0B0,93,5,20.0,20.0,1.1583542677580418,200,1000,17,3.027874735065766,2.7790681255185206,17990.898590249133,39151.04374550077,24418002.222864825,154351199.97928542,7119.443651564654,15310.668710330277,368069.017323405,153824.0284279379,0.1,
norauto,nanoTabPFN-A0B0-s93,A0B0,93,5,50.0,50.0,1.1583542677580418,200,1000,7,-0.15556729548215142,-0.13760312994890211,17374.34422541906,55360.55152640026,95389.38659393055,344773722.1965058,7123.176476507403,26094.561936881288,261687.48216970765,338857.9496887034,0.0,
norauto,nanoTabPFN-A0B0-s93,A0B0,93,6,1.0,1.0,1.0498042690082219,200,1000,87,2.090471065499387,1.9196504513904122,16068.706792610043,47562.224159823585,4067762.570842388,5370306.632443856,7477.96770472102,6422.903045540323,40046.35421209216,5342.555328760963,0.0,
norauto,nanoTabPFN-A0B0-s93,A0B0,93,6,4.0,4.0,1.0498042690082219,200,1000,50,2.4717001336176527,2.2877690919181792,15441.293183576148,43449.57219492219,8441800.486084105,20642477.30089991,7480.031615426342,7044.871211355484,84448.4849323321,20621.466713016456,0.0,
norauto,nanoTabPFN-A0B0-s93,A0B0,93,6,20.0,20.0,1.0498042690082219,200,1000,12,2.9765049104083503,2.7637305151218117,18227.872447152644,46535.84896002796,27762509.984373398,101689176.90108587,7529.881327618656,22986.707452259343,283730.5635115272,101332.05818063385,0.0,
norauto,nanoTabPFN-A0B0-s93,A0B0,93,6,50.0,49.99999999999999,1.0498042690082219,200,1000,5,0.05912084988966345,-0.06712029248478905,21620.41047834076,46724.06759985877,87162.63942373506,236164024.48597333,7943.875089292713,39298.28811648028,188501.71116730958,232079.1763327517,0.0,
norauto,nanoTabPFN-A0B0-s93,A0B0,93,7,1.0,1.0,1.122376275664907,200,1000,81,2.195994629903781,2.05192803772431,16190.935552793668,54378.48236354985,6191748.831384457,7657583.725604385,7363.810522783367,7064.754486173125,61919.36398340647,7636.291863696238,0.0,
norauto,nanoTabPFN-A0B0-s93,A0B0,93,7,4.0,4.0,1.122376275664907,200,1000,56,2.5577074664351245,2.385016925942876,14826.306838385493,44613.376621105315,10887624.237852171,29183467.55140706,7407.437782995392,6444.441551395441,111416.29426522857,29185.997947127853,0.0,
norauto,nanoTabPFN-A0B0-s93,A0B0,93,7,20.0,19.999999999999993,1.122376275664907,200,1000,15,3.1359678834985965,2.919859145788565,18312.9352089362,45118.52100292953,37195884.148340166,144106674.14337498,7432.8085503548555,17495.0886347472,394469.707273642,143678.5832493487,0.0,
norauto,nanoTabPFN-A0B0-s93,A0B0,93,7,50.0,50.00000000000001,1.122376275664907,200,1000,6,-0.15240169146200377,-0.17221398780066455,20895.55404206751,56426.118382351575,94439.39525529151,322529768.6897738,7729.476221864838,28478.75785163524,183884.27904543286,317690.7484061992,0.0,
norauto,nanoTabPFN-A0B0-s93,A0B0,93,8,1.0,1.0,1.1523631738420201,200,1000,79,2.2554845341714524,2.0873723292748867,16804.92197355932,50415.56128408344,6376917.104883223,8503356.70876848,6979.2073372579325,6016.842315677158,62551.14309304263,8470.954211484539,0.0,
norauto,nanoTabPFN-A0B0-s93,A0B0,93,8,4.0,4.0,1.1523631738420201,200,1000,56,2.6959752647181117,2.510219433046813,15771.712871716974,44929.12027337447,14522595.595944477,32855803.502720557,6945.947753660612,7795.981663783855,145637.4221825459,32838.39288509726,0.0,
norauto,nanoTabPFN-A0B0-s93,A0B0,93,8,20.0,20.000000000000004,1.1523631738420201,200,1000,16,3.2956668469794277,3.025883902667184,19349.806019215786,41396.381504619734,45733938.721015394,161503785.55684805,7192.31447033502,11183.588148875506,461189.9014896395,160273.43148775952,0.0,
norauto,nanoTabPFN-A0B0-s93,A0B0,93,8,50.0,50.00000000000001,1.1523631738420201,200,1000,7,0.773250927169367,0.6653077730646114,19083.34590786686,58822.4139347071,332032.44521480426,373881331.9282375,7223.26045457631,28726.05577275892,405684.33904594363,364216.0124098782,0.0,
norauto,nanoTabPFN-A0B0-s93,A0B0,93,9,1.0,1.0,1.117359364771561,200,1000,83,2.0853419613518653,1.946921673979455,17853.117822357126,61447.643007104976,5596280.710320274,7393595.713334125,7856.554814214481,6822.517945314827,55088.42699134243,7363.351820587984,0.0,
norauto,nanoTabPFN-A0B0-s93,A0B0,93,9,4.0,4.0,1.117359364771561,200,1000,57,2.4918617613899503,2.338494001915117,16988.032643766666,55540.816849572846,11967556.331623338,28468218.673707075,7801.460494374005,7838.541849599429,119029.27818752376,28439.22843681628,0.0,
norauto,nanoTabPFN-A0B0-s93,A0B0,93,9,20.0,20.0,1.117359364771561,200,1000,16,3.007178000000098,2.821970713760418,20296.232701202523,54640.21500173162,37731319.36508407,140037091.46784252,8127.335103590411,24215.65573949279,379335.1765523374,139386.03518524408,0.1,
norauto,nanoTabPFN-A0B0-s93,A0B0,93,9,50.0,50.0,1.117359364771561,200,1000,6,0.06419474506474436,-0.01806477969589869,24229.771941382256,59043.953056638464,115727.32551420966,324952723.4378667,8861.504820207747,51356.61020912146,297579.88371214934,318341.512806448,0.0,
norauto,nanoTabPFN-A0B0-s93,A0B0,93,10,1.0,1.0,1.075560477315327,200,1000,86,2.103840359103865,1.9066024279101548,15879.325067200774,38770.12951233976,3166134.6500565005,5352244.9433444105,7218.751767210406,6826.948021617672,33751.348974627115,5352.585534809415,0.0,
norauto,nanoTabPFN-A0B0-s93,A0B0,93,10,4.0,4.000000000000001,1.075560477315327,200,1000,54,2.4931562155088205,2.2754074703289824,15385.1300358642,36854.69816967952,6998125.740449448,20787263.673356652,7146.208975996059,8241.564506504536,71095.15929056954,20765.668009147623,0.0,
norauto,nanoTabPFN-A0B0-s93,A0B0,93,10,20.0,20.000000000000004,1.075560477315327,200,1000,14,2.9081723628666296,2.666657686568088,17389.12820514547,40958.90123945787,19942795.891906712,102352980.70796186,7177.52158290447,22758.6683836051,229476.03640903567,101965.208007202,0.0,
norauto,nanoTabPFN-A0B0-s93,A0B0,93,10,50.0,50.000000000000014,1.075560477315327,200,1000,6,-0.05265516929605613,-0.1526292368573135,20332.274210694923,46032.81580874287,78471.94771392219,231748251.9370786,7542.7354640455305,44476.725122902455,121769.2186272003,227434.08701734073,0.0,
norauto,nanoTabPFN-A0B0-s93,A0B0,93,11,1.0,1.0,1.1029837127297135,200,1000,80,2.2251239008728274,2.074721612843406,14588.792525628729,47649.07778251043,5869794.923232563,7536751.3308030525,7272.56034118898,6564.620209703895,59519.49002634619,7524.485047178427,0.0,
norauto,nanoTabPFN-A0B0-s93,A0B0,93,11,4.0,4.0,1.1029837127297135,200,1000,54,2.54932774375702,2.38708982503402,13413.217064101791,40961.385590057405,10153259.822559144,28759628.931030374,7323.923263119273,7181.317709376547,109422.35889605495,28801.268271311917,0.0,
norauto,nanoTabPFN-A0B0-s93,A0B0,93,11,20.0,20.0,1.1029837127297135,200,1000,14,3.1171644606613413,2.9352564489316677,16984.895790612187,43904.237052668235,40077737.95892372,142648763.54983145,7268.609958835511,12564.995658664637,420484.3873078531,142274.2462310626,0.0,
norauto,nanoTabPFN-A0B0-s93,A0B0,93,11,50.0,49.999999999999986,1.1029837127297135,200,1000,6,-0.015111346422300534,-0.05460534523801766,19551.976790235334,54972.27786584484,103814.2209631106,322285101.50157595,7545.955769869219,19017.645335196266,248014.07978960234,319152.15599638235,0.0,
norauto,nanoTabPFN-A0B0-s93,A0B0,93,12,1.0,1.0,1.1367546728610305,200,1000,82,2.2059322749081134,2.033299455351057,16202.191643735736,47371.34360793651,5212558.0200512875,6714129.125402074,7504.666454924162,6164.769817639311,51489.30950075425,6686.531599775288,0.0,
norauto,nanoTabPFN-A0B0-s93,A0B0,93,12,4.0,3.9999999999999996,1.1367546728610305,200,1000,57,2.52781419272027,2.344891730105609,14613.308200587135,40972.48629980207,9176300.913669556,25634111.948351312,7538.890799155923,6289.44130858382,98445.01704222974,25678.79306474217,0.0,
norauto,nanoTabPFN-A0B0-s93,A0B0,93,12,20.0,20.000000000000004,1.1367546728610305,200,1000,17,3.1135222600502597,2.926439818406278,17339.46276310308,44157.81094428985,38320187.677186124,127335142.6626196,7536.47247447638,24972.280526370156,368292.9809325052,126608.4473829051,0.0,
norauto,nanoTabPFN-A0B0-s93,A0B0,93,12,50.0,49.999999999999986,1.1367546728610305,200,1000,6,0.06595024616627967,-0.0082018672399148,19549.188591511534,51624.42763085114,103201.2606086494,291997743.6741264,7753.61350024414,50977.21035321422,259400.92247186022,285924.4945642001,0.0,
norauto,nanoTabPFN-A0B0-s93,A0B0,93,13,1.0,1.0,1.0593766641320375,200,1000,84,2.040483315875206,1.9201659803494122,16404.11727507571,63738.96150791962,5390909.334084958,7212171.089003133,7674.13983504628,7132.315582971547,53292.39088780639,7184.243291162383,0.0,
norauto,nanoTabPFN-A0B0-s93,A0B0,93,13,4.0,4.0,1.0593766641320375,200,1000,51,2.3202928159687843,2.1703467845650324,16011.684812023188,54966.029854184264,8333512.180985015,27462237.421808966,7669.182797791701,10240.363642544506,86121.60769238508,27441.435672995485,0.0,
norauto,nanoTabPFN-A0B0-s93,A0B0,93,13,20.0,19.999999999999996,1.0593766641320375,200,1000,12,3.0025738904444257,2.819483899576795,19409.88911109798,54169.45598223376,35874717.5175745,136640410.0059607,7868.027726254356,35002.01120952076,365933.7504144254,136012.74488551327,0.0,
norauto,nanoTabPFN-A0B0-s93,A0B0,93,13,50.0,49.99999999999999,1.0593766641320375,200,1000,5,0.021914276559191176,-0.05740927832395174,23902.76052738422,57858.80398448506,108554.18094373649,315048387.43677515,8512.32866315394,63180.52705643224,237344.2365865046,310196.44898918364,0.0,
norauto,nanoTabPFN-A0B0-s93,A0B0,93,14,1.0,1.0,1.0595858682066943,200,1000,86,2.040431795835204,1.8843163924563566,16123.962313486772,48657.75589640498,3809775.6182829556,5548113.911177138,7473.954854418112,6423.000201528929,37073.81495519228,5516.857873459745,0.0,
norauto,nanoTabPFN-A0B0-s93,A0B0,93,14,4.0,4.0,1.0595858682066943,200,1000,52,2.351469385193823,2.1807608998157972,15103.877741986631,44388.11876464048,6977845.982333165,21311009.55866102,7483.566358215371,6413.126189107889,72594.95592570577,21315.521705884785,0.0,
norauto,nanoTabPFN-A0B0-s93,A0B0,93,14,20.0,20.000000000000004,1.0595858682066943,200,1000,12,2.8210011809380937,2.620056894208228,17423.803141613793,46951.628314515074,19260245.32977008,104913357.00329801,7530.589291557348,6396.607991719497,244057.17320848873,104549.43889431388,0.0,
norauto,nanoTabPFN-A0B0-s93,A0B0,93,14,50.0,50.00000000000001,1.0595858682066943,200,1000,6,-0.027041841416246205,-0.1262842300106432,21011.11894184126,47156.0145599995,82355.21191011296,240697405.22036046,7920.8319619572685,6405.748463007579,149859.37662463967,235941.592145189,0.0,
norauto,nanoTabPFN-A0B0-s93,A0B0,93,15,1.0,1.0,1.1421448651878614,200,1000,77,2.232986436531753,2.1052495891366196,13741.567496787628,50610.71653926761,6476609.282318364,8198548.460043798,7798.217767845988,8019.26622314631,64267.1836048261,8172.06151040796,0.0,
norauto,nanoTabPFN-A0B0-s93,A0B0,93,15,4.0,4.000000000000001,1.1421448651878614,200,1000,55,2.543366086672077,2.4045448582210476,12190.131050023676,41159.64189768878,11089680.640993942,31259497.98230578,7919.855226904787,11315.705600210444,98787.3559137313,31040.936887389133,0.0,
norauto,nanoTabPFN-A0B0-s93,A0B0,93,15,20.0,19.999999999999996,1.1421448651878614,200,1000,16,3.2129954871138433,3.021963356179456,16597.0448253894,39011.011421915224,43636556.40435699,155036430.4103773,7694.378860641462,28170.4971625922,431962.8620081365,153944.3992683606,0.0,
norauto,nanoTabPFN-A0B0-s93,A0B0,93,15,50.0,50.0,1.1421448651878614,200,1000,7,0.0008419352382005354,-0.018617246374968546,18244.689679274685,56275.524585891035,111583.78690489443,353448355.852303,7758.2997254204965,59081.927366743555,272844.5484406295,344153.5712506572,0.0,
norauto,nanoTabPFN-A0B0-s93,A0B0,93,16,1.0,1.0,1.1306930573478338,200,1000,80,2.1603203331933694,2.0244754156895333,15678.547177630522,56605.515751239735,6219116.256500142,7960438.727733139,8059.922855092596,7325.287898287159,61850.63292807124,7935.639451557155,0.0,
norauto,nanoTabPFN-A0B0-s93,A0B0,93,16,4.0,4.000000000000001,1.1306930573478338,200,1000,55,2.4419663546060506,2.2957416935085044,14547.861741058625,48910.63358517248,9423120.254944071,30237219.643842615,8058.530565578318,7786.013770164288,105051.94652364794,30279.44698396492,0.0,
norauto,nanoTabPFN-A0B0-s93,A0B0,93,16,20.0,20.0,1.1306930573478338,200,1000,16,3.076353904815811,2.871326793763202,18309.25784819465,48090.26825130412,36519432.340688415,150040268.5384993,8211.48356446997,13934.109748065197,392733.8814706791,149588.77299051936,0.0,
norauto,nanoTabPFN-A0B0-s93,A0B0,93,16,50.0,49.99999999999999,1.1306930573478338,200,1000,6,-0.07063682110354051,-0.10093291235577664,21169.988754721147,58103.2654702779,103909.29718642571,338699252.3644122,8612.542492846116,20858.829131596736,221526.31557871282,334501.01617659035,0.0,
norauto,nanoTabPFN-A0B0-s93,A0B0,93,17,1.0,1.0,1.1221039458175108,200,1000,80,2.1846290837478457,2.0475418074557363,15256.052769426627,53242.75039996894,6025025.78221019,7521718.945000941,7583.07626466907,6548.15058293141,59892.126825186955,7496.600549879906,0.0,
norauto,nanoTabPFN-A0B0-s93,A0B0,93,17,4.0,4.0,1.1221039458175108,200,1000,55,2.606906122489616,2.446690195616189,14134.48410341946,44200.079992358296,12556431.16057988,28877113.832940646,7654.436683128303,9195.239603522497,125390.60412607306,28853.663849569013,0.0,
norauto,nanoTabPFN-A0B0-s93,A0B0,93,17,20.0,19.999999999999996,1.1221039458175108,200,1000,15,3.0912606628417,2.895059594529773,17245.696087113134,44968.4887910528,35879371.00723414,141613282.79946595,7564.981807531005,35741.23399834421,382343.5003814776,141316.2061355952,0.0,
norauto,nanoTabPFN-A0B0-s93,A0B0,93,17,50.0,50.0,1.1221039458175108,200,1000,6,-0.0057458264505349755,-0.04401577303866221,19855.942344054893,54911.54193169661,104152.22513656373,322351424.0509907,7829.580887045687,87483.57442288724,225228.66515111594,317887.04623772274,0.0,
norauto,nanoTabPFN-A0B0-s93,A0B0,93,18,1.0,1.0,1.0941230659771382,200,1000,81,2.1738669676300284,2.0154091812523727,13815.618353412885,43252.479661797945,4685252.056799296,6178411.757498902,7821.262818224058,6831.242870670418,45932.08044222552,6147.634106658024,0.0,
norauto,nanoTabPFN-A0B0-s93,A0B0,93,18,4.0,3.9999999999999996,1.0941230659771382,200,1000,54,2.6016499248039064,2.4315294686554276,12544.6462409066,37067.429447596965,10070327.380199168,23798386.323576342,7936.901820393145,7568.369132764284,102960.30497165295,23799.351305248932,0.0,
norauto,nanoTabPFN-A0B0-s93,A0B0,93,18,20.0,20.0,1.0941230659771382,200,1000,14,3.079147867230926,2.8653423091658556,15345.064480320787,38821.21436995406,30341618.23489925,116920721.58932815,7733.781372820606,20847.90313035927,317143.7453112303,116659.18464585149,0.0,
norauto,nanoTabPFN-A0B0-s93,A0B0,93,18,50.0,50.00000000000001,1.0941230659771382,200,1000,6,-0.07590523565420301,-0.12009400902455712,17834.942758609097,46588.510428888905,81563.28009473433,262449679.2225717,7779.446659765029,35295.0499715121,161027.71559060656,258967.0401062272,0.0,
norauto,nanoTabPFN-A0B0-s93,A0B0,93,19,1.0,1.0,1.10746322198339,200,1000,79,2.1658049882770314,2.0451564405262355,14797.875766533596,57322.8426097206,6474232.475052331,8102486.178081521,7335.016283322273,6423.147599481195,64358.08259093201,8077.506255438224,0.0,
norauto,nanoTabPFN-A0B0-s93,A0B0,93,19,4.0,3.9999999999999996,1.10746322198339,200,1000,54,2.481956467372209,2.353111334161063,13345.174515486688,48040.70165741188,11188666.377962552,30882303.871450737,7450.936878556494,6453.172725696208,103893.82587323406,30734.036168087936,0.0,
norauto,nanoTabPFN-A0B0-s93,A0B0,93,19,20.0,20.0,1.10746322198339,200,1000,14,3.0809335708409455,2.9366861168878295,17400.015582418335,47902.46357056806,48791945.7916447,153611870.19499275,7306.138343499841,15088.796836871694,454336.8667827742,152571.65201036452,0.0,
norauto,nanoTabPFN-A0B0-s93,A0B0,93,19,50.0,50.0,1.10746322198339,200,1000,6,-0.011517229562478791,-0.04293755192278624,20286.91182034986,58317.50946937708,111116.95138919182,348119941.610816,7566.540020278342,13901.46469798423,290543.15898871055,339209.36657176603,0.0,
norauto,nanoTabPFN-A1B0-s93,A1B0,93,0,1.0,1.0,1.1605122572138429,200,1000,83,2.038349531450772,1.926966838392287,13875.12664495337,55862.463156621634,4779243.965690388,6069685.663777988,8278.172584541051,7629.715885199893,47490.14693804936,6044.271783728422,0.1,
norauto,nanoTabPFN-A1B0-s93,A1B0,93,0,4.0,3.999999999999999,1.1605122572138429,200,1000,59,0.3316153497149143,0.26090134686053995,13984.150418448833,40756.17952555135,114789.02493549112,19610766.07197385,8266.43704190442,7745.90017482269,2672.0259233263973,19539.042914830858,0.0,
norauto,nanoTabPFN-A1B0-s93,A1B0,93,0,20.0,19.999999999999996,1.1605122572138429,200,1000,18,0.4144788551272277,0.3394415133354806,16294.376735380574,48963.68922149578,156618.5450812713,688471.1582842277,8212.529181933156,7603.15738985069,2476.0747717222857,1417.1699744129548,0.0,
norauto,nanoTabPFN-A1B0-s93,A1B0,93,0,50.0,49.99999999999999,1.1605122572138429,200,1000,7,0.29890875326227156,0.22924381090068002,18143.48183086481,51615.37220524982,141127.6627816005,579256.5631190999,8311.856396827754,7622.721875633996,2440.369383764686,738.5603732772778,0.1,
norauto,nanoTabPFN-A1B0-s93,A1B0,93,1,1.0,1.0,1.1650492676040347,200,1000,84,2.038322759491007,1.9224634896891455,15987.417800199433,62646.8902122523,5307551.870239053,6588368.209440119,7510.102881524225,6398.338846809331,52843.58322969419,6564.408907106444,0.1,
norauto,nanoTabPFN-A1B0-s93,A1B0,93,1,4.0,4.0,1.1650492676040347,200,1000,59,0.47196048721269723,0.3973128686239955,15755.677987019732,48979.04712690052,170865.06302826136,22727239.859583315,7509.867022255448,6184.369375154343,6443.604063265639,22673.941035399326,0.1,
norauto,nanoTabPFN-A1B0-s93,A1B0,93,1,20.0,19.999999999999996,1.1650492676040347,200,1000,18,0.3772448162808697,0.3217817015396383,17603.37004878642,56097.859945863005,173510.6488946145,823111.3273751852,7542.111622897152,6215.43987290065,2291.7267124800005,5153.465637582612,0.0,
norauto,nanoTabPFN-A1B0-s93,A1B0,93,1,50.0,49.999999999999986,1.1650492676040347,200,1000,7,0.2740891339925259,0.20467697039694224,19647.082174970565,55439.39288881213,144769.28481882665,601162.5763599218,7735.009493338442,6241.008713211689,2040.7565476881618,772.8844671811983,0.0,
norauto,nanoTabPFN-A1B0-s93,A1B0,93,2,1.0,1.0,1.075670017129351,200,1000,83,2.043491801146743,1.931412209067911,15048.448882578587,59862.885493365495,5171562.495908,6146525.454245377,7061.715335957535,7219.1111373951435,50105.51909032376,6110.026662051015,0.1,
norauto,nanoTabPFN-A1B0-s93,A1B0,93,2,4.0,4.0,1.075670017129351,200,1000,53,0.3228739461509419,0.20222225627418072,16300.52218994416,39784.380638364295,103345.82967071793,18143320.542351894,7007.945498710481,5997.24607977444,2905.756870276308,15659.899443052884,0.1,
norauto,nanoTabPFN-A1B0-s93,A1B0,93,2,20.0,19.999999999999993,1.075670017129351,200,1000,14,0.4313606634158855,0.35364926640784494,16465.12934639903,49745.8424550654,161812.7886201939,595274.7426427798,7043.920859542948,6052.076059981402,1930.9261595445928,9858.037163689685,0.0,
norauto,nanoTabPFN-A1B0-s93,A1B0,93,2,50.0,49.99999999999999,1.075670017129351,200,1000,5,0.3491224265216201,0.2767978294542142,16504.580086749687,48527.02661713526,139503.93667717272,503797.5886978957,7087.2780160129205,6175.865615028671,1946.546412325249,650.8826326097562,0.1,
norauto,nanoTabPFN-A1B0-s93,A1B0,93,3,1.0,1.0,1.1198475962637136,200,1000,83,2.0407813630291063,1.9388514096019573,16519.46256037052,70945.42839086759,6239292.228088163,7440320.950326486,7452.003679967642,7086.252852661059,62141.211615445165,7416.701516232682,0.0,
norauto,nanoTabPFN-A1B0-s93,A1B0,93,3,4.0,4.0,1.1198475962637136,200,1000,56,0.28515651820996296,0.1865675302060576,17138.196680215467,43959.71697551618,110929.29750011337,19998725.64640624,7477.423687541375,6465.549554349749,1769.6723878706498,20098.855266604976,0.0,
norauto,nanoTabPFN-A1B0-s93,A1B0,93,3,20.0,19.999999999999996,1.1198475962637136,200,1000,16,0.47387728469432433,0.40055788825402944,18135.28959174177,57452.19398148235,198946.11911750212,804470.4143944567,7576.644053859357,6583.598875957258,2106.289837928639,7334.417573996324,0.0,
norauto,nanoTabPFN-A1B0-s93,A1B0,93,3,50.0,50.000000000000014,1.1198475962637136,200,1000,6,0.3699486899443029,0.3071725756325861,19452.0635349266,59730.566654584516,184265.3933533347,737100.4859108668,7735.108431648895,6770.605110399462,2007.0986313548715,1098.5331497154161,0.0,
norauto,nanoTabPFN-A1B0-s93,A1B0,93,4,1.0,1.0,1.193062450590667,200,1000,84,2.069234598749782,1.9398953755405912,15606.003981707501,55923.24733229152,4931388.51052935,6201295.515636855,8044.9242801816345,7680.595482140168,48849.35569017531,6174.19475682741,0.0,
norauto,nanoTabPFN-A1B0-s93,A1B0,93,4,4.0,3.9999999999999996,1.193062450590667,200,1000,59,0.09857440279005514,-0.01215526287929208,17024.223415555076,38882.60831538917,77354.79647467149,10323624.087947909,7989.706673044816,7530.683342351886,3167.0877664429277,9359.773900448756,0.0,
norauto,nanoTabPFN-A1B0-s93,A1B0,93,4,20.0,20.0,1.193062450590667,200,1000,19,0.31691082976404317,0.23004303863533415,17278.234320237614,47426.673071042824,127465.78441983945,431319.2267643364,8027.771818593619,7292.3976496011555,2752.852819248504,4842.401124987012,0.0,
norauto,nanoTabPFN-A1B0-s93,A1B0,93,4,50.0,49.99999999999999,1.193062450590667,200,1000,7,0.243423255486819,0.1699694761234506,17998.919230348416,49743.37098078356,125293.35678673537,511542.2578320441,8056.840382751338,7264.609444383534,2473.660461692467,1162.625401685991,0.0,
norauto,nanoTabPFN-A1B0-s93,A1B0,93,5,1.0,1.0,1.1583542677580418,200,1000,78,2.1930055177338286,2.0796189915789753,13368.075923330452,54469.52215751942,6584916.846793374,8272072.861303136,7073.736278866091,8521.317117081237,66025.97640445366,8253.814393756196,0.0,
norauto,nanoTabPFN-A1B0-s93,A1B0,93,5,4.0,4.0,1.1583542677580418,200,1000,56,0.3102361415911669,0.23729957238216406,15092.821128043963,43930.35451215274,120080.7875236138,21995304.004142515,7009.615915768192,6041.465697149426,23430.26708671122,18901.150472378704,0.1,
norauto,nanoTabPFN-A1B0-s93,A1B0,93,5,20.0,20.0,1.1583542677580418,200,1000,17,0.41454022807308294,0.3368883246197946,16520.93173681469,49321.07069165992,154628.24412717315,652583.0443824977,7004.796989054144,6158.951251002035,4405.402154505761,18654.15796175473,0.1,
norauto,nanoTabPFN-A1B0-s93,A1B0,93,5,50.0,50.0,1.1583542677580418,200,1000,7,0.2807902902752226,0.2462237181130296,14382.210692805551,48608.791100310016,134225.5164849162,660392.0169379497,7077.462272197964,6331.4749192266945,2686.651249566203,1891.7762216634903,0.0,
norauto,nanoTabPFN-A1B0-s93,A1B0,93,6,1.0,1.0,1.0498042690082219,200,1000,87,2.021575524992835,1.8827359757126199,16201.931757893672,55120.339788700076,4260496.287861895,5389589.855728496,7464.576406783367,6498.378866587438,41565.63242233985,5357.748800121335,0.0,
norauto,nanoTabPFN-A1B0-s93,A1B0,93,6,4.0,4.0,1.0498042690082219,200,1000,50,0.42432419451561054,0.35070811066312974,14510.326236254516,43611.07881008048,141590.14414077386,18782471.746753983,7527.838610951287,6450.273450333378,4709.369589454992,18473.207039771594,0.0,
norauto,nanoTabPFN-A1B0-s93,A1B0,93,6,20.0,20.0,1.0498042690082219,200,1000,12,0.32139618844753637,0.2522491689648677,17174.479346687513,50065.45902633211,139929.1489715057,494453.0784654908,7460.623279772781,6413.114805522848,1852.154955515326,995.7430583147782,0.0,
norauto,nanoTabPFN-A1B0-s93,A1B0,93,6,50.0,49.99999999999999,1.0498042690082219,200,1000,5,0.1864436220703268,0.10606924607988674,18670.310593728747,48124.90456814706,110073.1404570026,360940.9165090739,7576.742916803846,6451.5056348149255,1884.6742916620863,486.4195848236851,0.1,
norauto,nanoTabPFN-A1B0-s93,A1B0,93,7,1.0,1.0,1.122376275664907,200,1000,81,2.0711679380333075,1.974806403470469,14776.341077878335,67572.57743590901,6438668.504435901,7682282.809658438,7405.2312694366765,6966.389951656041,64188.74669753909,7658.985373610047,0.1,
norauto,nanoTabPFN-A1B0-s93,A1B0,93,7,4.0,4.0,1.122376275664907,200,1000,56,0.39434507783356504,0.3303088575957022,14366.988950833,45225.485519406626,142682.5575276644,24634368.284101974,7437.424874261342,6352.639566056443,2627.80358296269,23991.187895931544,0.0,
norauto,nanoTabPFN-A1B0-s93,A1B0,93,7,20.0,19.999999999999993,1.122376275664907,200,1000,15,0.5650507146545848,0.5010408575298324,16392.298724524233,55628.71917143893,231891.94578167633,1069292.575328539,7350.216524236051,6519.404652218854,2596.3738499348697,14100.516740104295,0.0,
norauto,nanoTabPFN-A1B0-s93,A1B0,93,7,50.0,50.00000000000001,1.122376275664907,200,1000,6,0.4158857691209494,0.357801180525581,17299.09153409525,56646.67973097012,185820.9011584893,750006.8570557799,7388.049242752588,6651.556274407666,2343.3986462713788,854.3316441740204,0.1,
norauto,nanoTabPFN-A1B0-s93,A1B0,93,8,1.0,1.0,1.1523631738420201,200,1000,79,2.172128204603006,2.0655872393522774,14426.545990955527,61094.86580065805,7148935.452527326,8580567.31560969,6974.69468813759,6528.003291240552,70435.03683858037,8549.792437048554,0.0,
norauto,nanoTabPFN-A1B0-s93,A1B0,93,8,4.0,4.0,1.1523631738420201,200,1000,56,0.11878329263120357,0.06829627170230461,15441.234914702389,43776.618063332455,94659.0980929557,15078824.166497163,6947.160304563012,5787.642195984644,1536.2822601514672,14356.285787948013,0.1,
norauto,nanoTabPFN-A1B0-s93,A1B0,93,8,20.0,20.000000000000004,1.1523631738420201,200,1000,16,0.5168104815533218,0.441847087507925,17124.986506620357,54011.886519156804,204220.5355862866,994517.4083587353,7091.743183374069,5956.856220623661,2257.0183263422464,22846.86374812869,0.1,
norauto,nanoTabPFN-A1B0-s93,A1B0,93,8,50.0,50.00000000000001,1.1523631738420201,200,1000,7,0.4322098627331987,0.3554424557721084,15806.833094188303,53763.62824419864,170845.65786734177,817305.3986037124,7027.514694175908,6073.547589731853,1981.6124788382147,834.1483116505275,0.0,
norauto,nanoTabPFN-A1B0-s93,A1B0,93,9,1.0,1.0,1.117359364771561,200,1000,83,2.0458878362858233,1.936907185232139,17051.71601616611,70185.55613007865,6136277.991844444,7447585.191499317,7801.558642896596,7209.254165394352,61219.85576084895,7424.666104920404,0.0,
norauto,nanoTabPFN-A1B0-s93,A1B0,93,9,4.0,4.0,1.117359364771561,200,1000,57,0.527806112196352,0.46257836988517903,15998.534623740732,53741.5557476837,209923.63897096692,25948911.88266533,7781.125453213623,6684.0109047342185,23566.65640908268,25924.817701237258,0.0,
norauto,nanoTabPFN-A1B0-s93,A1B0,93,9,20.0,20.0,1.117359364771561,200,1000,16,0.41721755617982464,0.3729263870010604,18263.52650058179,62998.160440147025,211689.0681166658,936014.0955988946,7914.023546283275,6921.019682241194,2322.3121601436333,12977.599439182442,0.0,
norauto,nanoTabPFN-A1B0-s93,A1B0,93,9,50.0,50.0,1.117359364771561,200,1000,6,0.30493007076731043,0.2374204212868756,21205.17292712124,61991.659928330555,168782.36606708186,648339.4659066502,8278.127356925053,6921.163861206434,1917.5584410786332,1298.3972215178485,0.1,
norauto,nanoTabPFN-A1B0-s93,A1B0,93,10,1.0,1.0,1.075560477315327,200,1000,86,2.0797008722987607,1.8992901073147428,16034.657094621005,45137.29912135606,3749412.4213528642,5410563.321599055,7167.004926713113,6159.750871857755,38310.27389541269,5398.174280864161,0.0,
norauto,nanoTabPFN-A1B0-s93,A1B0,93,10,4.0,4.000000000000001,1.075560477315327,200,1000,54,0.09948488377795832,-0.020557937656696466,17604.74615630196,38949.762687597846,76153.34448399578,11648495.492841654,7191.213416632574,6262.808896961428,2322.31583624376,11769.173277966422,0.0,
norauto,nanoTabPFN-A1B0-s93,A1B0,93,10,20.0,20.000000000000004,1.075560477315327,200,1000,14,0.24962285711990617,0.1655155266410026,16910.42561551688,44885.74020874673,110032.76485688091,274614.9506727754,7152.494986054915,6167.492738300224,1586.0467566567556,4880.106465270625,0.0,
norauto,nanoTabPFN-A1B0-s93,A1B0,93,10,50.0,50.000000000000014,1.075560477315327,200,1000,6,0.19659204187548496,0.11280543000374454,17658.66118486671,45787.063985125846,105258.90422796238,332400.0849276758,7214.450409184056,6158.504167468492,1545.4895822479502,461.63104656817245,0.0,
norauto,nanoTabPFN-A1B0-s93,A1B0,93,11,1.0,1.0,1.1029837127297135,200,1000,80,2.112490700284457,2.0137073236437497,13507.939915239223,60026.01658868141,6261577.708829203,7575929.135309674,7327.043353638077,6664.606956646664,63212.7700078472,7561.4154428849615,0.0,
norauto,nanoTabPFN-A1B0-s93,A1B0,93,11,4.0,4.0,1.1029837127297135,200,1000,54,0.2669292776154031,0.20813115967649085,13701.233696763295,40755.844943571436,106300.80440095597,20045025.398775186,7300.3249858330455,6215.647044868928,7275.180292626831,21118.91876114819,0.0,
norauto,nanoTabPFN-A1B0-s93,A1B0,93,11,20.0,20.0,1.1029837127297135,200,1000,14,0.5134160966191523,0.4589577972572448,14336.234012418823,49328.08672711243,192601.75079337624,725463.2078778602,7272.4151654114985,6256.30581429755,2223.8263566545584,19084.450199195973,0.0,
norauto,nanoTabPFN-A1B0-s93,A1B0,93,11,50.0,49.999999999999986,1.1029837127297135,200,1000,6,0.3965130217547545,0.3374463495134228,14389.59926359111,46136.86796917332,145304.28116285702,564363.3863631476,7291.758421912381,6411.6962932235065,1980.266434684832,711.7117657100031,0.0,
norauto,nanoTabPFN-A1B0-s93,A1B0,93,12,1.0,1.0,1.1367546728610305,200,1000,82,2.0385466142462545,1.9424078758759664,14476.210339432144,64983.17484759532,5757820.462341665,6768657.976769557,7554.657021633567,6433.59594578503,57243.584020434915,6744.074197430091,0.0,
norauto,nanoTabPFN-A1B0-s93,A1B0,93,12,4.0,3.9999999999999996,1.1367546728610305,200,1000,57,0.4637863405596911,0.37895252288903375,14381.231170679212,43139.03594577543,146052.55153558898,22748676.61313748,7546.221599912006,6239.191466158724,3001.3808292375516,22369.22283298836,0.0,
norauto,nanoTabPFN-A1B0-s93,A1B0,93,12,20.0,20.000000000000004,1.1367546728610305,200,1000,17,0.45670557855842386,0.39502060235737235,15898.934938190097,51902.29528429873,178906.10565326695,840867.2005775131,7511.888224830108,6145.480324042819,1848.5829873181833,12132.236540629143,0.0,
norauto,nanoTabPFN-A1B0-s93,A1B0,93,12,50.0,49.999999999999986,1.1367546728610305,200,1000,6,0.40707380584313085,0.3423349330925494,16885.689692952692,52673.29969400858,171607.50398108395,653294.1413432232,7536.867195905551,6185.002389159648,1655.776856940202,832.24605320059,0.0,
norauto,nanoTabPFN-A1B0-s93,A1B0,93,13,1.0,1.0,1.0593766641320375,200,1000,84,2.019882274702612,1.9176772713516463,16272.67521665133,69766.8052987669,5843447.509980983,7257433.688764219,7660.890011972483,7436.942058637308,57767.09389196652,7228.989242895739,0.1,
norauto,nanoTabPFN-A1B0-s93,A1B0,93,13,4.0,4.0,1.0593766641320375,200,1000,51,0.6836241767146279,0.6137111176514832,15528.278147713962,54967.383508121246,280811.6646389412,26300760.708197944,7668.626809779931,6985.407878751714,16232.58488489586,26221.36077765532,0.0,
norauto,nanoTabPFN-A1B0-s93,A1B0,93,13,20.0,19.999999999999996,1.0593766641320375,200,1000,12,0.44845942892068974,0.4092583841419347,17689.89098791001,63663.488556890865,232387.7652889173,1058988.8696595856,7708.467609443782,7210.039306987888,2843.32350597249,4561.124230660924,0.0,
norauto,nanoTabPFN-A1B0-s93,A1B0,93,13,50.0,49.99999999999999,1.0593766641320375,200,1000,5,0.28312402506011425,0.22334180959773614,20513.690488269574,61090.74933823402,168380.00006598182,614303.5561167854,7991.3541244935695,7091.02190851861,2412.2407540721683,817.8470993241018,0.0,
norauto,nanoTabPFN-A1B0-s93,A1B0,93,14,1.0,1.0,1.0595858682066943,200,1000,86,2.0029185542170063,1.8658896243260767,15652.286878675339,53341.99707165694,3980286.0234879046,5565163.298260432,7471.563832143307,6464.929566095249,39783.67943185974,5543.954352101207,0.0,
norauto,nanoTabPFN-A1B0-s93,A1B0,93,14,4.0,4.0,1.0595858682066943,200,1000,52,0.3126003275986745,0.2491678714379572,14688.632657019658,44168.725317344506,122518.98584594522,18806827.548104756,7485.916094728957,6415.992081482357,1841.312424993258,18774.07710864872,0.0,
norauto,nanoTabPFN-A1B0-s93,A1B0,93,14,20.0,20.000000000000004,1.0595858682066943,200,1000,12,0.30054901180096394,0.2468467019765458,16562.014791815785,51577.081931936045,143211.57134895615,503167.5568432832,7481.486192379724,6468.812767759401,1765.5923451545132,2423.777159603775,0.0,
norauto,nanoTabPFN-A1B0-s93,A1B0,93,14,50.0,50.00000000000001,1.0595858682066943,200,1000,6,0.18506577990488973,0.11423932001931554,18675.491671455355,50040.46333213993,115945.86975001128,391667.3685201715,7629.709521414262,6479.874520349949,1751.9225327739034,394.6684971661228,0.0,
norauto,nanoTabPFN-A1B0-s93,A1B0,93,15,1.0,1.0,1.1421448651878614,200,1000,77,2.1692611016934995,2.0742153388927704,11749.056179854084,55932.20467597994,6706152.549998442,8221497.590038528,7979.578432895234,7326.07433888578,65440.419267365185,8183.793858655795,0.1,
norauto,nanoTabPFN-A1B0-s93,A1B0,93,15,4.0,4.000000000000001,1.1421448651878614,200,1000,55,0.43210822295145623,0.37886601105853374,12340.380774267604,41892.4996558662,138572.2801237256,25203814.994697824,7901.2758486427065,6721.009908299726,6146.325819827764,21871.280983900655,0.1,
norauto,nanoTabPFN-A1B0-s93,A1B0,93,15,20.0,19.999999999999996,1.1421448651878614,200,1000,16,0.604704805175123,0.5732130637142543,11713.786602470522,48449.24678439807,228355.38391367343,951555.3424771903,7982.123050438939,6671.218617445734,2799.0242504158673,7524.956423810421,0.1,
norauto,nanoTabPFN-A1B0-s93,A1B0,93,15,50.0,50.0,1.1421448651878614,200,1000,7,0.47406130587588424,0.40090523137966144,13074.799638210621,46554.38866755988,155142.8891237127,680454.0833213088,7858.120650699254,6870.5468308531335,2431.7157496398127,1399.670498643138,0.1,
norauto,nanoTabPFN-A1B0-s93,A1B0,93,16,1.0,1.0,1.1306930573478338,200,1000,80,2.0642424774178094,1.9755353906608333,14662.416761607936,70850.90401004664,6767858.423778094,8015311.965149074,8072.280346966754,7670.193763124602,67313.29097251725,7990.266031218165,0.1,
norauto,nanoTabPFN-A1B0-s93,A1B0,93,16,4.0,4.000000000000001,1.1306930573478338,200,1000,55,0.42402426571126833,0.3679014675912436,14391.955031488757,46954.25477304179,154851.3530775721,25937296.948914148,8084.646723978735,7168.863483168649,3616.231179600523,25714.151944266236,0.0,
norauto,nanoTabPFN-A1B0-s93,A1B0,93,16,20.0,20.0,1.1306930573478338,200,1000,16,0.541188276047651,0.486059773148327,15920.12593936684,57938.521124790044,236456.62133253424,1126639.345940818,8056.88167973028,7248.798386755893,2422.619736411933,14082.078227072918,0.1,
norauto,nanoTabPFN-A1B0-s93,A1B0,93,16,50.0,49.99999999999999,1.1306930573478338,200,1000,6,0.39210108102801755,0.33864904478816654,17604.18414916649,58799.11969336943,192086.7735018569,754379.115514204,8155.020251884235,7347.529184904223,2132.071815503306,778.4283482846419,0.1,
norauto,nanoTabPFN-A1B0-s93,A1B0,93,17,1.0,1.0,1.1221039458175108,200,1000,80,2.0270175264012886,1.947844836919185,13855.29048568105,72479.88987794078,6494594.140424369,7568677.196649042,7692.373417013543,7104.198734176143,64726.50288499716,7544.943775500714,0.1,
norauto,nanoTabPFN-A1B0-s93,A1B0,93,17,4.0,4.0,1.1221039458175108,200,1000,55,0.4868913760197041,0.41894157365911816,14317.824313569452,45607.19566644092,164692.05239630624,25447446.657264315,7647.178342842857,6450.309886221696,2289.1218891837084,25370.722954844055,0.1,
norauto,nanoTabPFN-A1B0-s93,A1B0,93,17,20.0,19.999999999999996,1.1221039458175108,200,1000,15,0.5459996385020104,0.48928757122126587,15575.630203043129,55196.98282841682,224796.66067830395,1124183.0344092657,7574.150041244398,6485.465436110707,2461.9377460541523,6039.3205764558,0.1,
norauto,nanoTabPFN-A1B0-s93,A1B0,93,17,50.0,50.0,1.1221039458175108,200,1000,6,0.3814575763189825,0.3330830051663587,16411.490445192074,55223.967808683534,173175.02215659845,704604.3855151578,7551.985985820206,6489.537690057052,2125.3141916727677,728.058343679747,0.0,
norauto,nanoTabPFN-A1B0-s93,A1B0,93,18,1.0,1.0,1.0941230659771382,200,1000,81,2.051356440916348,1.956993584184056,12534.89773754914,57892.10121645972,5303034.045791836,6240202.535802342,7948.078350576225,6924.472357573054,52093.17459381259,6209.244277901254,0.0,
norauto,nanoTabPFN-A1B0-s93,A1B0,93,18,4.0,3.9999999999999996,1.0941230659771382,200,1000,54,0.46486306346617456,0.4077757523764588,11641.524719656258,39490.776320363235,141178.4006847206,21154424.33118517,8054.75084720097,6813.732131698827,11864.132653844837,20326.89801313084,0.0,
norauto,nanoTabPFN-A1B0-s93,A1B0,93,18,20.0,20.0,1.0941230659771382,200,1000,14,0.5450692723097166,0.47880341489700146,13608.168068151841,47254.792715177005,189522.24509605538,966026.7824725645,7843.456896621742,6793.3232043474645,2668.9859633389096,19457.22331305145,0.0,
norauto,nanoTabPFN-A1B0-s93,A1B0,93,18,50.0,50.00000000000001,1.0941230659771382,200,1000,6,0.47296784341410797,0.41056268412537894,14445.480085986135,47341.208142252326,168216.6025164583,618432.8969345909,7844.675565576423,6955.9095298303555,2475.218781606773,575.180709401886,0.1,
norauto,nanoTabPFN-A1B0-s93,A1B0,93,19,1.0,1.0,1.10746322198339,200,1000,79,2.0794781651555154,1.996453736076114,13269.557404912095,68004.56617167548,6815344.762119016,8136592.608609008,7457.675961307991,6535.0704965602945,67310.4466191717,8107.029127348608,0.0,
norauto,nanoTabPFN-A1B0-s93,A1B0,93,19,4.0,3.9999999999999996,1.10746322198339,200,1000,54,0.46686888118913605,0.41719559036134624,12572.825191905307,44897.959921979986,163763.95122243874,26533567.225176632,7531.471999577528,6118.458211998451,6433.557013517849,26153.878518454767,0.1,
norauto,nanoTabPFN-A1B0-s93,A1B0,93,19,20.0,20.0,1.10746322198339,200,1000,14,0.5979995316488735,0.546676923461629,13648.19851191279,50627.53305418865,228754.60345078105,1009046.7697698507,7422.354121666777,6127.2379432639555,2264.3764261206265,9440.984329470179,0.0,
norauto,nanoTabPFN-A1B0-s93,A1B0,93,19,50.0,50.0,1.10746322198339,200,1000,6,0.4254890661105313,0.38172202049138915,15912.596824855842,56694.68019400957,189943.97212950385,774169.6261284088,7297.251341606891,6234.31336218407,1997.0424386662396,2568.7505687814996,0.0,
norauto,nanoTabPFN-ATB0-s93,ATB0,93,0,1.0,1.0,1.1605122572138429,200,1000,83,2.0612926283622324,1.9478671834180985,13520.772281924104,53800.23001464178,4817242.387839285,6073507.799019329,8301.3738482023,7592.18923345524,47937.68639549973,6048.746554694876,0.1,
norauto,nanoTabPFN-ATB0-s93,ATB0,93,0,4.0,3.999999999999999,1.1605122572138429,200,1000,59,2.3928791615012504,2.322393160330579,15431.542289366938,94549.05904182408,19928505.18628253,24307068.696001757,8225.005507645186,9408.63656718791,198987.84464523624,24281.68438937643,0.0,
norauto,nanoTabPFN-ATB0-s93,ATB0,93,0,20.0,19.999999999999996,1.1605122572138429,200,1000,18,0.6616858377088989,0.6113380655588023,13260.811380143194,50952.453798891336,262370.90365512145,22649722.05585923,8373.140634732687,7590.888452498216,2929.1734815569307,26724.111507024307,0.0,
norauto,nanoTabPFN-ATB0-s93,ATB0,93,0,50.0,49.99999999999999,1.1605122572138429,200,1000,7,0.7783390619079893,0.6445745674405746,18996.63733756049,50987.0856952795,277120.44093931146,107071302.34113525,8468.222088848821,7631.228363219167,3446.302917564001,103936.77437746846,0.0,
norauto,nanoTabPFN-ATB0-s93,ATB0,93,1,1.0,1.0,1.1650492676040347,200,1000,84,2.0672747162612803,1.942842539356641,15332.80123628949,57640.244331405076,5092058.672609297,6566820.6672308715,7522.78786334683,6231.486483049287,50666.905009408656,6542.6425663473865,0.0,
norauto,nanoTabPFN-ATB0-s93,ATB0,93,1,4.0,4.0,1.1650492676040347,200,1000,59,2.3273014628832978,2.26571390520755,17411.725906246113,117650.21627943144,21870765.56834176,26359788.887729786,7522.741132701836,10680.415068062155,217030.79227522635,26321.36435241243,0.0,
norauto,nanoTabPFN-ATB0-s93,ATB0,93,1,20.0,19.999999999999996,1.1650492676040347,200,1000,18,0.7062596390568397,0.6377682704437782,15428.76427354474,53582.297593277275,282977.68673396006,50521235.31287734,7604.828031553067,6281.13328840125,3143.6289839908127,39295.48912355177,0.1,
norauto,nanoTabPFN-ATB0-s93,ATB0,93,1,50.0,49.999999999999986,1.1650492676040347,200,1000,7,0.849567666882181,0.7072241667788581,20900.31500587435,55338.629106457,336776.3224886677,152457272.15818506,8015.28747858831,6206.947009339846,3507.8174877433426,116880.15871676103,0.0,
norauto,nanoTabPFN-ATB0-s93,ATB0,93,2,1.0,1.0,1.075670017129351,200,1000,83,2.056544253900717,1.9414481814032531,14827.543551144383,58801.33640539665,5207525.90889489,6150119.34266266,7070.467774875343,6690.09003352382,50871.336911960054,6117.684272800772,0.0,
norauto,nanoTabPFN-ATB0-s93,ATB0,93,2,4.0,4.0,1.075670017129351,200,1000,53,2.4115050439094166,2.338129769592277,15543.30750659705,90938.64941573303,19915267.93008661,24455885.78092634,7038.482796225736,8569.522856573145,196612.76908733873,24410.054941584534,0.0,
norauto,nanoTabPFN-ATB0-s93,ATB0,93,2,20.0,19.999999999999993,1.075670017129351,200,1000,14,0.7775441858560498,0.6989706386983856,13037.14137355973,50151.373177398804,301612.9620991134,42835291.295647934,7229.726935647742,6259.089877149139,3086.697065756241,39947.48495678543,0.0,
norauto,nanoTabPFN-ATB0-s93,ATB0,93,2,50.0,49.99999999999999,1.075670017129351,200,1000,5,0.07946798061695926,-0.03665345037921365,21589.2534161936,50174.08652907006,96749.73854912182,110611363.69658644,7865.241345831655,5941.66472492687,2373.96199592216,99418.85495265055,0.0,
norauto,nanoTabPFN-ATB0-s93,ATB0,93,3,1.0,1.0,1.1198475962637136,200,1000,83,2.05416348731539,1.9519626628160347,16011.256590648667,69930.80196508439,6330448.63954022,7449438.935530651,7457.564218184533,7048.460581473542,62967.07523294476,7424.9601726554965,0.0,
norauto,nanoTabPFN-ATB0-s93,ATB0,93,3,4.0,4.0,1.1198475962637136,200,1000,56,2.468726553333896,2.3898792436164293,16921.821493649677,94236.85735010485,23330174.565446958,29536882.201101907,7489.102937158448,8998.940759970625,233594.0544731496,29518.70423765891,0.0,
norauto,nanoTabPFN-ATB0-s93,ATB0,93,3,20.0,19.999999999999996,1.1198475962637136,200,1000,16,0.7410131686132791,0.6793234219759225,15500.046058618085,58337.670553468284,337950.1010477073,43430646.75525131,7482.704990717897,6842.38369591973,3649.2008277556124,45152.50602632087,0.0,
norauto,nanoTabPFN-ATB0-s93,ATB0,93,3,50.0,50.000000000000014,1.1198475962637136,200,1000,6,0.7530374308227564,0.6044296227570654,24366.289035279304,60764.79692462178,306266.8618093073,135057291.24822426,8500.53891008145,6585.248668291455,3723.693821312106,124496.48831223241,0.0,
norauto,nanoTabPFN-ATB0-s93,ATB0,93,4,1.0,1.0,1.193062450590667,200,1000,84,2.1139085562911792,1.9718472517700458,15367.649377022137,51967.19221034784,4892139.790869769,6197374.957739525,8063.288450897915,7371.94146361448,48670.923202984544,6172.410172468504,0.0,
norauto,nanoTabPFN-ATB0-s93,ATB0,93,4,4.0,3.9999999999999996,1.193062450590667,200,1000,59,2.4726370129822066,2.3839516000998002,15831.778998902384,80959.74259078981,19794622.11459297,24756258.733389616,8002.083173543144,9676.272643526529,197688.04459791456,24731.249261703713,0.0,
norauto,nanoTabPFN-ATB0-s93,ATB0,93,4,20.0,20.0,1.193062450590667,200,1000,19,0.7355791682914326,0.6451431356716769,14720.639181917308,47639.39358888082,257793.5034695844,44856215.494071096,8078.527489547314,7271.316531599521,3228.561975765338,34285.230156759855,0.0,
norauto,nanoTabPFN-ATB0-s93,ATB0,93,4,50.0,49.99999999999999,1.193062450590667,200,1000,7,0.925487956689488,0.7850998582095293,19064.99896636491,51995.02206809527,370690.5947492699,138386987.97635967,8161.986401096348,7248.870019516846,4790.309215261232,116081.25484318574,0.0,
norauto,nanoTabPFN-ATB0-s93,ATB0,93,5,1.0,1.0,1.1583542677580418,200,1000,78,2.1881734589951516,2.0767844776708064,13669.196088048095,57543.90074077619,6921625.146402264,8305755.954197112,7057.181909617319,11386.895983143806,69050.36337493596,8284.05613364022,0.0,
norauto,nanoTabPFN-ATB0-s93,ATB0,93,5,4.0,4.0,1.1583542677580418,200,1000,56,2.384363370788925,2.313417040186211,16706.43112188861,82751.52128196083,20773030.510547325,32475709.76270551,7064.705716620091,8597.825770215703,169526.12917181113,32061.887994677243,0.0,
norauto,nanoTabPFN-ATB0-s93,ATB0,93,5,20.0,20.0,1.1583542677580418,200,1000,17,0.879523964855329,0.7777584929763192,14993.350778527758,46817.58687557277,331488.7521407142,47061763.73724678,7062.889933630419,6169.501421592284,3920.3403037461294,51728.7631421577,0.0,
norauto,nanoTabPFN-ATB0-s93,ATB0,93,5,50.0,50.0,1.1583542677580418,200,1000,7,0.8190623109272624,0.7507091847758203,17195.684041905814,64037.6533113805,446841.27052798745,124494890.6025571,7269.652803391358,6645.204196276899,5197.252813801845,137192.80078632353,0.0,
norauto,nanoTabPFN-ATB0-s93,ATB0,93,6,1.0,1.0,1.0498042690082219,200,1000,87,2.0357000807552676,1.8864363871661458,15609.71419174866,50623.303659415826,3983926.337357927,5361947.196936488,7475.283373147097,6425.725178483206,39522.011669471976,5337.313025180064,0.0,
norauto,nanoTabPFN-ATB0-s93,ATB0,93,6,4.0,4.0,1.0498042690082219,200,1000,50,2.343448284859368,2.270389315710114,16381.482089527552,96020.84415168855,18009062.183177058,21599319.276721686,7455.155055583309,8548.27286954714,179319.9611765557,21570.169778791373,0.0,
norauto,nanoTabPFN-ATB0-s93,ATB0,93,6,20.0,20.0,1.0498042690082219,200,1000,12,0.6154276726947097,0.5533155232343201,14289.25869223057,52040.40923624612,237903.05997628317,27464513.625775963,7588.841538564123,6449.655165062839,2353.8858974858376,27195.32012135312,0.0,
norauto,nanoTabPFN-ATB0-s93,ATB0,93,6,50.0,49.99999999999999,1.0498042690082219,200,1000,5,-0.0005672182159648365,-0.12077667850377845,21449.602355395386,46449.31787715125,81652.95431151765,88528184.41264611,8032.468917793104,6407.573099697608,2468.647279277009,97378.06344382442,0.0,
norauto,nanoTabPFN-ATB0-s93,ATB0,93,7,1.0,1.0,1.122376275664907,200,1000,81,2.071461120890671,1.9790130770747427,14656.63521878935,68369.89364734174,6575902.171930624,7695994.551689019,7411.36923489399,7353.231743071804,65562.10093401065,7672.717960827753,0.0,
norauto,nanoTabPFN-ATB0-s93,ATB0,93,7,4.0,4.0,1.122376275664907,200,1000,56,2.470405586437485,2.392649182802921,16056.247572217104,92012.79632406388,23077306.532214798,30402382.35371879,7356.778474093799,8898.320965089328,227583.96959095527,30349.142910607563,0.0,
norauto,nanoTabPFN-ATB0-s93,ATB0,93,7,20.0,19.999999999999993,1.122376275664907,200,1000,15,0.8295410402217893,0.7438812127839538,15779.838460703642,53522.30071628532,358053.0779531513,54080650.31900683,7399.621390416719,6564.6117886035645,4098.334485571021,49669.629424417224,0.0,
norauto,nanoTabPFN-ATB0-s93,ATB0,93,7,50.0,50.00000000000001,1.122376275664907,200,1000,6,0.24960488828385236,0.1492285804744432,23086.12138007178,60717.05769259487,146857.9068776131,128972020.145523,8143.613412766501,6536.037899707789,4353.607963946701,129908.4955313172,0.0,
norauto,nanoTabPFN-ATB0-s93,ATB0,93,8,1.0,1.0,1.1523631738420201,200,1000,79,2.0857621908067565,2.0011893895924633,14841.466699985072,74140.40832496632,7481148.232268978,8613799.48868988,6970.190946516156,9208.667323505879,74460.10425063806,8590.042292099792,0.0,
norauto,nanoTabPFN-ATB0-s93,ATB0,93,8,4.0,4.0,1.1523631738420201,200,1000,56,2.4532165067210747,2.366654294160094,17824.111776907423,85542.54034098875,24610152.516127646,33864620.78514652,7102.646897620909,9189.393973901537,220894.28158477083,33592.19926722561,0.0,
norauto,nanoTabPFN-ATB0-s93,ATB0,93,8,20.0,20.000000000000004,1.1523631738420201,200,1000,16,0.9901890929378624,0.870054685774101,17301.27610780579,50717.964144783204,437178.75236226805,86283448.6979906,7093.927824473353,5976.239106629969,4149.172007188956,64636.92927688122,0.0,
norauto,nanoTabPFN-ATB0-s93,ATB0,93,8,50.0,50.00000000000001,1.1523631738420201,200,1000,7,0.834265645791994,0.7534347230355651,21667.309518356604,70924.02079586468,478778.9343563488,157684361.71435308,7666.961296921461,6649.755589764565,5772.028897369766,155972.26187824993,0.0,
norauto,nanoTabPFN-ATB0-s93,ATB0,93,9,1.0,1.0,1.117359364771561,200,1000,83,2.0577187283545757,1.9502410523316225,16209.88272009976,66898.0620029888,6032504.366241159,7437245.26367494,7779.448822435898,6998.913566898544,59941.90320262674,7411.886725511914,0.0,
norauto,nanoTabPFN-ATB0-s93,ATB0,93,9,4.0,4.0,1.117359364771561,200,1000,57,2.380408260140655,2.3156871271941086,17329.658478856498,113200.21878909966,23622121.753475934,29633539.33436103,7838.64135132737,10342.668198957697,238240.29893191246,29632.2693187832,0.0,
norauto,nanoTabPFN-ATB0-s93,ATB0,93,9,20.0,20.0,1.117359364771561,200,1000,16,0.6641871098308656,0.6036829395881633,16423.434424730647,62752.80685134453,313831.6486880482,33517590.135351676,7877.674623707773,6894.115349789774,3005.934763428035,32890.733835287814,0.0,
norauto,nanoTabPFN-ATB0-s93,ATB0,93,9,50.0,50.0,1.117359364771561,200,1000,6,0.7444921558752791,0.5876338650328761,24206.473839784485,61592.968630186064,305188.9330204596,98868340.2209925,9198.01028560334,6845.187000777828,2764.458162663868,108686.59488350761,0.0,
norauto,nanoTabPFN-ATB0-s93,ATB0,93,10,1.0,1.0,1.075560477315327,200,1000,86,2.0673022504100955,1.8908502239436553,15709.991758088414,43382.52892716154,3542273.8975414257,5389856.257294294,7163.174268972289,6170.485316362766,36683.67549149853,5381.910218730849,0.0,
norauto,nanoTabPFN-ATB0-s93,ATB0,93,10,4.0,4.000000000000001,1.075560477315327,200,1000,54,2.45309525058931,2.357529954900393,16196.894101480037,77240.34622136076,17630480.611903295,21850490.50767767,7164.581652929036,8925.36948186193,179791.85197083344,21864.778431956205,0.0,
norauto,nanoTabPFN-ATB0-s93,ATB0,93,10,20.0,20.000000000000004,1.075560477315327,200,1000,14,0.6253869896767749,0.5560725371448146,13494.86480605285,47024.78961369331,219453.0671043422,23253145.699806213,7241.290214221159,6230.143698786917,2391.708830219862,23781.061245599256,0.0,
norauto,nanoTabPFN-ATB0-s93,ATB0,93,10,50.0,50.000000000000014,1.075560477315327,200,1000,6,0.056815721951451174,-0.08096504562248066,21164.856512530707,46952.40968107477,87638.09964806754,84849550.97438547,7811.1173761155715,6212.703941264192,2218.9400950717272,89308.7192846424,0.0,
norauto,nanoTabPFN-ATB0-s93,ATB0,93,11,1.0,1.0,1.1029837127297135,200,1000,80,2.1051935361790695,2.0137092255196465,13238.74533661433,61849.154704759385,6433469.548036687,7593105.519798283,7332.993751984212,7212.712405101975,64663.59901735246,7575.923906318539,0.0,
norauto,nanoTabPFN-ATB0-s93,ATB0,93,11,4.0,4.0,1.1029837127297135,200,1000,54,2.5497068158988996,2.458819579534565,14272.212499115323,71645.45147165796,20983723.60568765,29842708.69874882,7267.084287271603,8116.378305657638,215251.0219439176,29876.01747796798,0.0,
norauto,nanoTabPFN-ATB0-s93,ATB0,93,11,20.0,20.0,1.1029837127297135,200,1000,14,0.855471921737827,0.7754676004541352,13772.069234812756,48494.84405467254,338891.6644299105,57967847.43170296,7365.2617803956155,6300.347193126405,3627.6283226098494,51062.03668632384,0.0,
norauto,nanoTabPFN-ATB0-s93,ATB0,93,11,50.0,49.999999999999986,1.1029837127297135,200,1000,6,0.6848451490684297,0.5161262579702917,21811.90765502376,58649.06908008934,283849.83447245206,108012136.13651918,8260.126931776489,6335.983988032916,2914.957537956588,123756.665521604,0.0,
norauto,nanoTabPFN-ATB0-s93,ATB0,93,12,1.0,1.0,1.1367546728610305,200,1000,82,2.0435148601233166,1.9454474302646794,14692.472946738097,65597.67548554028,5843973.903039116,6777267.408877477,7545.225463726917,6408.1257883752805,57973.844189038304,6751.375924880179,0.0,
norauto,nanoTabPFN-ATB0-s93,ATB0,93,12,4.0,3.9999999999999996,1.1367546728610305,200,1000,57,2.447497729688454,2.37450860333335,14735.038643252787,87957.8477773237,20906997.20853297,26807294.895142842,7525.571447434972,7963.164069876548,210001.9248457953,26795.391944199593,0.0,
norauto,nanoTabPFN-ATB0-s93,ATB0,93,12,20.0,20.000000000000004,1.1367546728610305,200,1000,17,0.7976704544075528,0.7352077119323707,13596.999673638653,51549.99161128103,328840.77627873234,54355787.09861323,7609.821462221513,6142.337415006211,3185.1320886058706,46028.24942719726,0.1,
norauto,nanoTabPFN-ATB0-s93,ATB0,93,12,50.0,49.999999999999986,1.1367546728610305,200,1000,6,0.7908968291076178,0.662320301364515,20237.80139835016,54559.5553388668,305305.520050549,135586961.57475767,7925.914654176368,6148.733436070474,3550.519130023254,127836.76170712631,0.0,
norauto,nanoTabPFN-ATB0-s93,ATB0,93,13,1.0,1.0,1.0593766641320375,200,1000,84,2.034169359603554,1.9315266025444338,15628.878010199824,67030.85569628485,5789863.407145402,7252067.069919476,7669.9453401864985,7268.407863052244,57170.68199348484,7223.026909579566,0.0,
norauto,nanoTabPFN-ATB0-s93,ATB0,93,13,4.0,4.0,1.0593766641320375,200,1000,51,2.331174689397884,2.2712588453941533,18069.577982362523,127146.8105674948,23908364.117004506,29019846.03898084,7727.639043274391,11132.827196891265,233949.26211411197,28946.73196483687,0.0,
norauto,nanoTabPFN-ATB0-s93,ATB0,93,13,20.0,19.999999999999996,1.0593766641320375,200,1000,12,0.7052477962892718,0.6547992814288192,15556.491433640436,64358.28728300199,353742.5085074543,55067410.97939472,7676.442268987844,7136.471828563388,3630.879759705173,42253.498914357195,0.0,
norauto,nanoTabPFN-ATB0-s93,ATB0,93,13,50.0,49.99999999999999,1.0593766641320375,200,1000,5,0.009547133809761292,-0.07596524475173316,24118.12729370741,58192.84001691308,107763.22876006068,117033219.31274253,8659.105607518715,7036.312779815974,3214.9268390818834,118827.67080331757,0.0,
norauto,nanoTabPFN-ATB0-s93,ATB0,93,14,1.0,1.0,1.0595858682066943,200,1000,86,2.011925811793524,1.8726159522892172,15225.95059605896,50948.10969040039,3834786.917875263,5550618.8685372975,7477.8394890782165,6408.657910662716,37974.3844019929,5525.862832944295,0.0,
norauto,nanoTabPFN-ATB0-s93,ATB0,93,14,4.0,4.0,1.0595858682066943,200,1000,52,2.2828436264247864,2.2244308712056093,16626.65834214331,114015.39189531593,19225962.51553919,22535757.647301562,7480.694920778853,10426.93784858019,190616.87752331037,22498.31191518312,0.0,
norauto,nanoTabPFN-ATB0-s93,ATB0,93,14,20.0,20.000000000000004,1.0595858682066943,200,1000,12,0.5565944023194507,0.5031842576884473,14038.308998667788,53561.414393893545,228197.6057591373,8049484.932177051,7509.176853169151,6565.951582006163,2450.7016048377473,29032.17216584225,0.0,
norauto,nanoTabPFN-ATB0-s93,ATB0,93,14,50.0,50.00000000000001,1.0595858682066943,200,1000,6,-0.04176407369538572,-0.1478287916456762,20814.18966506688,47156.603239795506,81473.31631419063,69543793.75027484,7989.650416298999,6422.780437278627,2939.9082778187435,91677.15672269822,0.0,
norauto,nanoTabPFN-ATB0-s93,ATB0,93,15,1.0,1.0,1.1421448651878614,200,1000,77,2.068571737093516,2.0009206593115265,11877.456957112565,70738.70354041836,7168015.103084211,8267685.256539848,7974.856599670705,7347.475193757714,70532.7672704845,8234.715694221844,0.0,
norauto,nanoTabPFN-ATB0-s93,ATB0,93,15,4.0,4.000000000000001,1.1421448651878614,200,1000,55,2.4278020795362893,2.3537451676458723,15444.202140609164,76885.60942067721,19812124.388713386,32131688.41882932,7724.69546009386,7859.977992124258,160771.17832825208,31206.79153572575,0.0,
norauto,nanoTabPFN-ATB0-s93,ATB0,93,15,20.0,19.999999999999996,1.1421448651878614,200,1000,16,0.938399868218411,0.8511652526214687,13301.161722465695,47312.32301426395,399689.75117524073,58401376.8784369,7862.63736336661,6683.31455113515,4439.009144175753,55655.668255573466,0.0,
norauto,nanoTabPFN-ATB0-s93,ATB0,93,15,50.0,50.0,1.1421448651878614,200,1000,7,0.7607250920760658,0.6500135850332069,19718.010561452997,61806.304744385474,351012.7157490287,144722263.86809966,8137.906450503616,6922.868588932561,3665.394874504461,127308.0522757108,0.0,
norauto,nanoTabPFN-ATB0-s93,ATB0,93,16,1.0,1.0,1.1306930573478338,200,1000,80,2.0504027828012363,1.9697807542111594,14185.64320283988,73161.25030600048,6911000.303551644,8029610.353561747,8078.048356998075,7759.956705870379,68846.98413040917,8005.60257202989,0.0,
norauto,nanoTabPFN-ATB0-s93,ATB0,93,16,4.0,4.000000000000001,1.1306930573478338,200,1000,55,2.4687836626955706,2.3851373258919764,16147.946359254223,89592.5130388801,22643673.81634944,31559303.726105306,8088.430641204965,8770.283462694895,225102.61217531396,31524.569362886166,0.0,
norauto,nanoTabPFN-ATB0-s93,ATB0,93,16,20.0,20.0,1.1306930573478338,200,1000,16,0.7842575611089345,0.7039534385415797,16060.730242303329,57503.235939266706,320086.02901248133,43949903.01940357,8108.491743442563,7345.990329536552,3539.928702193476,43727.77248605652,0.0,
norauto,nanoTabPFN-ATB0-s93,ATB0,93,16,50.0,49.99999999999999,1.1306930573478338,200,1000,6,0.6877159579749968,0.5782913053116847,23242.13829359902,63526.45589292616,302176.2793597219,111965025.64362499,9220.065338482656,7366.848684093521,3411.57556250782,113919.52807567352,0.0,
norauto,nanoTabPFN-ATB0-s93,ATB0,93,17,1.0,1.0,1.1221039458175108,200,1000,80,2.037798704516309,1.9563709173096653,14000.672417144286,71769.65690198983,6559309.320982775,7575126.8001701385,7682.987840622589,7044.569333551693,65178.4673877366,7549.463681943064,0.0,
norauto,nanoTabPFN-ATB0-s93,ATB0,93,17,4.0,4.0,1.1221039458175108,200,1000,55,2.456477788769464,2.384619329073334,15388.962680449957,93823.57655812755,22945511.095009655,29915784.134625923,7593.077235934539,8688.383525307356,229436.3551098937,29894.116734379902,0.0,
norauto,nanoTabPFN-ATB0-s93,ATB0,93,17,20.0,19.999999999999996,1.1221039458175108,200,1000,15,0.8556330741740082,0.7908652518139263,13793.345186016173,51349.96184746727,372046.4378261895,56704148.336222626,7733.466996535394,6513.971240295503,3614.866366841626,47756.58120895669,0.0,
norauto,nanoTabPFN-ATB0-s93,ATB0,93,17,50.0,50.0,1.1221039458175108,200,1000,6,0.7757641884697805,0.6493209696336701,21506.99812305261,59846.12897994908,332098.9219619053,140199308.47777733,8232.006931900787,6613.678217664641,3538.8890490806307,125825.09825302106,0.0,
norauto,nanoTabPFN-ATB0-s93,ATB0,93,18,1.0,1.0,1.0941230659771382,200,1000,81,2.0745253030345485,1.9768159966427652,12440.689436262626,55423.26881128464,5315577.218584338,6241457.090109397,7960.698917262553,6881.616953810452,52608.730269710184,6214.399909628738,0.0,
norauto,nanoTabPFN-ATB0-s93,ATB0,93,18,4.0,3.9999999999999996,1.0941230659771382,200,1000,54,2.4263216118863773,2.3598158152429582,13198.96773293735,82668.00644880201,19163466.454163074,24707656.957008824,7920.642081643104,8479.937538086775,188228.4172710971,24652.019924370325,0.0,
norauto,nanoTabPFN-ATB0-s93,ATB0,93,18,20.0,20.0,1.0941230659771382,200,1000,14,0.8685449924021205,0.791073898422868,12710.605123330897,44856.2655392427,335006.1682650971,46871375.139358535,7962.981080874447,6884.385765013988,3328.2353468869496,41850.20089533403,0.0,
norauto,nanoTabPFN-ATB0-s93,ATB0,93,18,50.0,50.00000000000001,1.0941230659771382,200,1000,6,0.15902166443341922,0.04879646099256349,19953.257211080272,49720.5996046914,106355.60203292183,63238181.07189777,8050.532444037791,6625.083933037484,3010.2525971111468,92203.20054840889,0.0,
norauto,nanoTabPFN-ATB0-s93,ATB0,93,19,1.0,1.0,1.10746322198339,200,1000,79,2.0991835996783568,2.014526462662163,13203.63124176678,66400.82625829332,6915424.166369107,8146600.681702565,7469.232047329991,6559.69864817003,68994.93175836677,8123.87316588036,0.0,
norauto,nanoTabPFN-ATB0-s93,ATB0,93,19,4.0,3.9999999999999996,1.10746322198339,200,1000,54,2.481830373368996,2.3975998364809135,14818.450698428733,81300.80845715749,21527297.207596257,31916230.01540936,7328.667616110345,7848.54621400761,216968.2212445181,31912.070764817003,0.0,
norauto,nanoTabPFN-ATB0-s93,ATB0,93,19,20.0,20.0,1.10746322198339,200,1000,14,0.8689738338714946,0.797092786827693,14151.764801833448,54275.42286877588,395521.92884014925,62716025.811199576,7434.07833455431,6181.619708845296,3970.825937232916,56136.981819277826,0.0,
norauto,nanoTabPFN-ATB0-s93,ATB0,93,19,50.0,50.0,1.10746322198339,200,1000,6,0.13160941172257534,0.08035590050472748,22426.672862283587,61407.37511410171,133384.87180583476,156412249.6397924,8196.181120254405,6270.71121449621,3203.517734491325,139304.47026861788,0.0,
norauto,nanoTabPFN-ACB0-s93,ACB0,93,0,1.0,1.0,1.1605122572138429,200,1000,83,2.1486023723730705,1.978572576961038,14380.845944143071,42588.13196396161,4075675.0564120193,5999349.756472075,8246.01507349948,7629.324918266621,41018.29750898024,5979.553965057317,0.1,
norauto,nanoTabPFN-ACB0-s93,ACB0,93,0,4.0,3.999999999999999,1.1605122572138429,200,1000,59,0.20412828879695843,0.11487064550657067,14637.392284397789,37340.71554894226,85711.84917954194,13342079.869459393,8233.928222917248,7869.389730739729,3295.3637612944485,12957.981077863184,0.0,
norauto,nanoTabPFN-ACB0-s93,ACB0,93,0,20.0,19.999999999999996,1.1605122572138429,200,1000,18,0.15774506150665293,0.09496642552135531,17457.60631955685,47924.40202540501,107858.2093516849,249183.91331787957,8243.784390685125,7610.582640835989,2721.6359179097194,1801.1483764270645,0.0,
norauto,nanoTabPFN-ACB0-s93,ACB0,93,0,50.0,49.99999999999999,1.1605122572138429,200,1000,7,0.1533108369675904,0.10949599847827757,16764.712090276487,49815.32969511288,114151.01187074848,234389.76355408717,8219.242955856565,7602.549340000013,2685.7588833835434,735.6255569594416,0.0,
norauto,nanoTabPFN-ACB0-s93,ACB0,93,1,1.0,1.0,1.1650492676040347,200,1000,84,2.0525693184135463,1.8888819985409258,16407.41501660047,48606.441906057364,3808735.6235490274,6438483.442630686,7505.229536359528,6195.262944469591,38055.29175890583,6416.5281859716815,0.0,
norauto,nanoTabPFN-ACB0-s93,ACB0,93,1,4.0,4.0,1.1650492676040347,200,1000,59,0.03187076280330524,-0.021510191627327348,16581.833869307105,44657.38787589765,86184.9123501243,9680934.950950779,7497.648560652906,6246.217040711827,2092.3037055128216,9130.103574920788,0.0,
norauto,nanoTabPFN-ACB0-s93,ACB0,93,1,20.0,19.999999999999996,1.1650492676040347,200,1000,18,0.10769533188310917,0.0542189061864793,19064.021007359057,53418.303408740045,114316.8805674922,277433.51237296907,7648.327310372297,6170.488402955172,1778.4579251101038,1996.4343638868927,0.0,
norauto,nanoTabPFN-ACB0-s93,ACB0,93,1,50.0,49.999999999999986,1.1650492676040347,200,1000,7,0.10542590134826385,0.06530776027581384,18491.961101872184,54051.23337748977,117820.50886610699,234289.50444127942,7621.781111960603,6205.845699986525,1782.9475907758276,673.7128323408882,0.0,
norauto,nanoTabPFN-ACB0-s93,ACB0,93,2,1.0,1.0,1.075670017129351,200,1000,83,2.21852970876348,2.013970166236756,15687.501337068345,38400.20447289544,4301009.354736898,6059475.863518216,7048.732855330102,6196.521770973542,40571.58863597721,6014.685515210064,0.0,
norauto,nanoTabPFN-ACB0-s93,ACB0,93,2,4.0,4.0,1.075670017129351,200,1000,53,0.2968113571382539,0.1760397830547847,16041.877839030378,37698.03006458846,96656.96982524506,13196270.996271268,7012.235548320897,6081.185085881991,2741.3137613255567,11432.960298449296,0.0,
norauto,nanoTabPFN-ACB0-s93,ACB0,93,2,20.0,19.999999999999993,1.075670017129351,200,1000,14,0.30534536747697427,0.19777272218175113,18330.68620054068,44123.73216990707,116016.7022927681,229633.81190092178,7119.513280135258,5930.008827996094,1617.6177590856626,1180.7468036128091,0.0,
norauto,nanoTabPFN-ACB0-s93,ACB0,93,2,50.0,49.99999999999999,1.075670017129351,200,1000,5,0.2067276911318098,0.15722633816925605,15401.295877738608,46672.83714102258,115675.18047510085,214857.70878879202,7065.174444665744,6179.735046916748,1626.8174228101586,450.44259649453795,0.1,
norauto,nanoTabPFN-ACB0-s93,ACB0,93,3,1.0,1.0,1.1198475962637136,200,1000,83,2.208022471491647,2.043403988381503,17005.158191536295,51156.054783071784,5747567.86609162,7391155.526096305,7470.325863162436,6654.118638462474,56898.63355890387,7364.276458971117,0.0,
norauto,nanoTabPFN-ACB0-s93,ACB0,93,3,4.0,4.0,1.1198475962637136,200,1000,56,0.3775875306755787,0.23634134621805344,16968.342936263078,39775.69862784903,108747.58810659597,11778655.766433999,7464.838193996752,6551.681748622979,1787.8318911080305,12572.918925072912,0.0,
norauto,nanoTabPFN-ACB0-s93,ACB0,93,3,20.0,19.999999999999996,1.1198475962637136,200,1000,16,0.21590331705752333,0.15430509098791206,19955.255439980465,57733.09362434708,141286.03243064295,290318.82795866195,7768.019229635264,6576.157732733429,1606.0840129260635,821.5687583642886,0.0,
norauto,nanoTabPFN-ACB0-s93,ACB0,93,3,50.0,50.000000000000014,1.1198475962637136,200,1000,6,0.13817053850479627,0.10642945659269082,17756.26116503068,55413.34508798469,127792.57762433724,229073.30547146074,7555.566198544456,6571.71998850517,1645.8260671924168,231.04974330353096,0.0,
norauto,nanoTabPFN-ACB0-s93,ACB0,93,4,1.0,1.0,1.193062450590667,200,1000,84,2.1178719365698964,1.9228161306482878,16196.957367840365,42714.49835747646,3636274.6561980275,6071800.371403263,8055.331541400648,7678.179720958181,36931.74002974536,6055.021021447603,0.0,
norauto,nanoTabPFN-ACB0-s93,ACB0,93,4,4.0,3.9999999999999996,1.193062450590667,200,1000,59,0.13655214930516088,0.0370485122092914,16067.526553221676,38597.253557087846,79980.99786195956,11142255.577983858,8035.846906199136,7684.841286756926,3380.41051481261,10420.498588891991,0.0,
norauto,nanoTabPFN-ACB0-s93,ACB0,93,4,20.0,20.0,1.193062450590667,200,1000,19,0.19467350507866896,0.1144817299194722,17870.79179686537,47517.4973135231,109432.04317894655,267452.46211229113,8059.905803672004,7286.696923899071,3543.959376667742,3653.2740647375285,0.1,
norauto,nanoTabPFN-ACB0-s93,ACB0,93,4,50.0,49.99999999999999,1.193062450590667,200,1000,7,0.1370395968160623,0.08341842297690365,17070.00672418993,48242.575209652074,106291.39322870468,240993.26671501316,7998.78943821831,7291.311257106373,2371.8205280361212,1107.5149650790627,0.0,
norauto,nanoTabPFN-ACB0-s93,ACB0,93,5,1.0,1.0,1.1583542677580418,200,1000,78,2.108143665059717,1.918129044227578,15262.562260072973,39926.1138404612,3390413.292343203,7952609.678333268,7003.145450128959,7035.776275181243,33357.302944803276,7926.0840128457385,0.0,
norauto,nanoTabPFN-ACB0-s93,ACB0,93,5,4.0,4.0,1.1583542677580418,200,1000,56,0.20716207647091994,0.12133102021207444,15164.931827369603,39670.241361747794,91873.59223216977,13733226.529699713,7008.726885127252,6071.3610076315235,6801.870460055362,13950.83562984693,0.0,
norauto,nanoTabPFN-ACB0-s93,ACB0,93,5,20.0,20.0,1.1583542677580418,200,1000,17,0.33740486736584574,0.24257309117070683,19001.22292045065,50018.84666305,139228.9978022814,334889.0782098778,7242.346253458036,6143.5293755677285,3191.2009234704246,12475.824939525712,0.0,
norauto,nanoTabPFN-ACB0-s93,ACB0,93,5,50.0,50.0,1.1583542677580418,200,1000,7,0.10880753796523283,0.09250628157890062,13872.590293400732,45426.81871728801,101204.37197743903,328783.598258618,7055.263131384522,6210.986622769761,2306.053441949506,2208.9570608198437,0.0,
norauto,nanoTabPFN-ACB0-s93,ACB0,93,6,1.0,1.0,1.0498042690082219,200,1000,87,2.0710096778373575,1.8882769031733981,16277.261730988568,43927.35200052673,3587983.141996138,5322336.482602254,7461.92843387324,6443.394854385661,35021.68080628116,5292.310449652946,0.0,
norauto,nanoTabPFN-ACB0-s93,ACB0,93,6,4.0,4.0,1.0498042690082219,200,1000,50,0.1673199633893877,0.07598338133859368,16253.46653115191,40653.232072421975,88937.57581701854,11765191.245039403,7462.909204302829,6537.365950001681,2209.562308237482,11003.086402319756,0.0,
norauto,nanoTabPFN-ACB0-s93,ACB0,93,6,20.0,20.0,1.0498042690082219,200,1000,12,0.04233887497935283,-0.028031314706933326,18895.66034080541,47450.537730257536,92306.323670553,154019.86926309834,7572.358716010258,6387.254617149485,2128.7272925713696,628.2587749395524,0.0,
norauto,nanoTabPFN-ACB0-s93,ACB0,93,6,50.0,49.99999999999999,1.0498042690082219,200,1000,5,0.0666949021298232,0.011359387200326854,17745.016764922155,48238.509811029915,99136.35947080048,150960.6992480366,7510.292923308712,6429.186499483819,2018.9100236077438,596.4954041158985,0.0,
norauto,nanoTabPFN-ACB0-s93,ACB0,93,7,1.0,1.0,1.122376275664907,200,1000,81,2.210044698262359,2.0456925401432473,15832.251685023017,50074.810749981705,5826786.920825567,7621082.943097588,7365.880850984985,6494.895444004981,57549.73741775465,7592.595406910141,0.0,
norauto,nanoTabPFN-ACB0-s93,ACB0,93,7,4.0,4.0,1.122376275664907,200,1000,56,0.3203850601424867,0.23029713030064528,15352.630375044097,41352.34426864248,112900.35957868827,17342115.91743563,7378.243216972157,6397.853852209612,2201.1285324382725,16854.14951374752,0.0,
norauto,nanoTabPFN-ACB0-s93,ACB0,93,7,20.0,19.999999999999993,1.122376275664907,200,1000,15,0.2733828857540495,0.22493574493625043,18632.164234595246,57951.25850174684,153812.91042975042,314115.9692398419,7462.676289158598,6548.121407434317,1937.5631936585253,1523.1993382834503,0.0,
norauto,nanoTabPFN-ACB0-s93,ACB0,93,7,50.0,50.00000000000001,1.122376275664907,200,1000,6,0.2325240363018062,0.19734338606146296,15892.335274034936,51680.37574233927,135386.13921127992,274056.1430895729,7376.422247874703,6531.040739071174,1940.2155877606622,476.5146794534018,0.0,
norauto,nanoTabPFN-ACB0-s93,ACB0,93,8,1.0,1.0,1.1523631738420201,200,1000,79,2.1438888636698126,1.954088887151872,16419.93154755948,44722.02631833409,4197049.720783135,8285391.130660753,6963.131995406344,5787.543191519137,37655.50455261961,8220.232556366189,0.0,
norauto,nanoTabPFN-ACB0-s93,ACB0,93,8,4.0,4.0,1.1523631738420201,200,1000,56,0.12422691217142731,0.03350272919363203,16878.510285959397,42025.78332404485,86152.12352686252,13806650.966929335,6968.395966132788,5823.671749703428,1931.5949794024582,13288.125478829827,0.1,
norauto,nanoTabPFN-ACB0-s93,ACB0,93,8,20.0,20.000000000000004,1.1523631738420201,200,1000,16,0.46442907145258816,0.3461719321302783,20039.0573961786,52792.52523961413,168460.68961503866,463625.7011082265,7313.2119290902265,5830.496866793665,1573.91902514111,12594.064640438672,0.0,
norauto,nanoTabPFN-ACB0-s93,ACB0,93,8,50.0,50.00000000000001,1.1523631738420201,200,1000,7,0.2761439716678286,0.23380226395845258,15237.73878469324,50851.00976515447,137103.78543977631,421708.0750978666,6978.260757581976,5913.208561972973,1570.5084172746242,659.1724247173429,0.0,
norauto,nanoTabPFN-ACB0-s93,ACB0,93,9,1.0,1.0,1.117359364771561,200,1000,83,2.0613185420749653,1.9251447592899267,17423.327508374863,59814.82200454718,5208375.210581604,7354818.3505967865,7819.158393803247,6779.615429126263,49960.5545585121,7312.074144675369,0.0,
norauto,nanoTabPFN-ACB0-s93,ACB0,93,9,4.0,4.0,1.117359364771561,200,1000,57,0.13247973261149903,0.08563229259498539,17002.39270142904,50022.52237011331,111823.15351080352,18132809.30767741,7807.818082612673,6662.0379941137335,2389.2882729412363,17146.229961591376,0.1,
norauto,nanoTabPFN-ACB0-s93,ACB0,93,9,20.0,20.0,1.117359364771561,200,1000,16,0.09286496523747137,0.05913752289527158,20784.265369500765,62229.45364778599,133553.7376595678,279785.92066262406,8177.7606957945445,6781.662123420482,1836.7425147496956,2867.0865422970614,0.0,
norauto,nanoTabPFN-ACB0-s93,ACB0,93,9,50.0,50.0,1.117359364771561,200,1000,6,0.0934098671656865,0.0615077820949476,19656.084080617802,60374.4917639339,133901.12625497195,230155.55958331501,8069.687922383647,6811.274279875025,1838.429398412931,248.02016321083855,0.0,
norauto,nanoTabPFN-ACB0-s93,ACB0,93,10,1.0,1.0,1.075560477315327,200,1000,86,2.0147423742303965,1.8111321429086868,15939.37460074309,37642.55706255604,2502253.7678984306,5285845.919612145,7183.062395824095,6236.317496225239,26441.475867976656,5278.394005865849,0.0,
norauto,nanoTabPFN-ACB0-s93,ACB0,93,10,4.0,4.000000000000001,1.075560477315327,200,1000,54,0.13000835166907498,0.02264282220841669,16517.495580305113,37674.60922375831,77281.90169012443,8578559.33772754,7152.69893017764,6291.882435234888,2142.264308491776,8248.721474434436,0.0,
norauto,nanoTabPFN-ACB0-s93,ACB0,93,10,20.0,20.000000000000004,1.075560477315327,200,1000,14,0.14525445720934663,0.05263107434151404,18216.604070185378,44624.35656955151,94490.48893604676,171354.12135946346,7255.156422148844,6155.333935535626,1611.4742953052507,437.98781016065755,0.0,
norauto,nanoTabPFN-ACB0-s93,ACB0,93,10,50.0,50.000000000000014,1.075560477315327,200,1000,6,0.1173124642683591,0.05772040782768104,16682.330137650322,45651.5867932142,98501.00452377435,159931.12913172774,7160.57585346268,6154.684765338846,1570.1818086911817,396.9742215313517,0.0,
norauto,nanoTabPFN-ACB0-s93,ACB0,93,11,1.0,1.0,1.1029837127297135,200,1000,80,2.244857178455575,2.079647000545851,14686.248346821325,43300.82303256953,5379817.408807102,7487781.239324968,7260.641395753198,6266.002163873401,55596.461845606806,7485.252827978082,0.0,
norauto,nanoTabPFN-ACB0-s93,ACB0,93,11,4.0,4.0,1.1029837127297135,200,1000,54,0.3349177114611043,0.2402160174932299,14519.848175298266,39167.559258000176,106622.7023597098,16402555.35598043,7266.495430371207,6270.658582154413,1764.4347449857146,16353.082932809084,0.0,
norauto,nanoTabPFN-ACB0-s93,ACB0,93,11,20.0,20.0,1.1029837127297135,200,1000,14,0.3071296864659933,0.2550044537942854,17338.130534168155,53222.219647832244,146183.10625840665,287105.59162953886,7274.368893073225,6214.236754543365,1471.3706318754844,767.7022514184304,0.0,
norauto,nanoTabPFN-ACB0-s93,ACB0,93,11,50.0,49.999999999999986,1.1029837127297135,200,1000,6,0.3476027639507881,0.29739081126341826,13587.98422092761,44832.46599911591,133899.72703230043,280434.6401976227,7306.968694450446,6401.16589080451,1495.5624578317456,271.560747179589,0.0,
norauto,nanoTabPFN-ACB0-s93,ACB0,93,12,1.0,1.0,1.1367546728610305,200,1000,82,2.2171196348801305,2.0332164904165526,15913.132197205627,43739.45602956482,4781730.228135399,6671044.142994899,7509.311877786575,6200.719800846329,46534.63594036036,6636.985256564044,0.1,
norauto,nanoTabPFN-ACB0-s93,ACB0,93,12,4.0,3.9999999999999996,1.1367546728610305,200,1000,57,0.33138586562186206,0.2240504368706571,15258.04407282779,38394.00647004259,102172.94327705816,17962519.37125949,7517.288577064596,6409.600289333994,2357.943489480638,17844.206985054887,0.0,
norauto,nanoTabPFN-ACB0-s93,ACB0,93,12,20.0,20.000000000000004,1.1367546728610305,200,1000,17,0.27049690772800783,0.1912154789664428,18169.133035090625,50131.402881202725,127007.78795096203,270974.0996145405,7576.600270349866,6137.495397694891,1268.0223114865712,2661.020901066435,0.0,
norauto,nanoTabPFN-ACB0-s93,ACB0,93,12,50.0,49.999999999999986,1.1367546728610305,200,1000,6,0.2150449823740392,0.17503480379244651,15588.34040371183,49852.1122906512,126421.63533732848,241516.84317294764,7520.187200461123,6160.209799209943,1332.254036305493,222.05409454514697,0.0,
norauto,nanoTabPFN-ACB0-s93,ACB0,93,13,1.0,1.0,1.0593766641320375,200,1000,84,2.0257465874414273,1.9020916449197838,16480.79283934751,62704.13885787608,5098286.7868448235,7182902.326769168,7663.11870144641,7092.669487072633,50210.749593400615,7153.427251935325,0.1,
norauto,nanoTabPFN-ACB0-s93,ACB0,93,13,4.0,4.0,1.0593766641320375,200,1000,51,0.15929129114151397,0.11993202329326556,16533.603394419835,50836.020875564915,116355.84606485163,14933270.320904078,7657.838757699788,6911.949748513579,2748.9250253555065,14290.91977936264,0.0,
norauto,nanoTabPFN-ACB0-s93,ACB0,93,13,20.0,19.999999999999996,1.0593766641320375,200,1000,12,0.018877730443279377,0.002837575157697659,19704.66811698226,60921.63315952057,123281.33990497596,204771.28566421743,7901.24175994799,7115.412726292038,2304.529815692363,1117.1335282080788,0.1,
norauto,nanoTabPFN-ACB0-s93,ACB0,93,13,50.0,49.99999999999999,1.0593766641320375,200,1000,5,0.08131396715034857,0.05695699148213897,19114.156606735167,59694.559511177926,129277.9420771724,200003.41703394538,7837.3371217912345,7065.087569909176,2267.1149113506385,963.5991945061021,0.0,
norauto,nanoTabPFN-ACB0-s93,ACB0,93,14,1.0,1.0,1.0595858682066943,200,1000,86,2.0008112230270703,1.8479323014607836,16065.989150036901,48632.400561311646,3476974.381012627,5514862.06428817,7474.487588514492,6414.259749654601,34271.304292217064,5488.832213938964,0.1,
norauto,nanoTabPFN-ACB0-s93,ACB0,93,14,4.0,4.0,1.0595858682066943,200,1000,52,0.08549070691414166,0.02006415320557043,15859.95938372933,41898.200724934315,85331.71280592971,10217351.315381171,7471.429738428535,6442.619500296094,2175.0722453811254,10485.169820049361,0.0,
norauto,nanoTabPFN-ACB0-s93,ACB0,93,14,20.0,20.000000000000004,1.0595858682066943,200,1000,12,0.004901241553623759,-0.03713090353174473,18159.217076689783,49747.919203642814,95610.13365233626,155733.5762639285,7583.004162483374,6431.945969889582,1976.8827538718779,460.8877158517946,0.0,
norauto,nanoTabPFN-ACB0-s93,ACB0,93,14,50.0,50.00000000000001,1.0595858682066943,200,1000,6,0.03128910618908744,-0.0032279393630589015,17419.918026038766,49603.06116193422,101777.15859729423,152817.39987756708,7530.4083873897835,6467.5262144545095,1891.7165645790296,507.55154491045454,0.0,
norauto,nanoTabPFN-ACB0-s93,ACB0,93,15,1.0,1.0,1.1421448651878614,200,1000,77,2.3095513039601547,2.1412934751576698,13520.30694701751,39476.13629368864,5657355.22295286,8116633.425253918,7792.4562380474845,7135.4198949787415,56553.24730537018,8094.923415918878,0.0,
norauto,nanoTabPFN-ACB0-s93,ACB0,93,15,4.0,4.000000000000001,1.1421448651878614,200,1000,55,0.43568791345997754,0.343310941443813,13227.09625553543,35181.85367233529,116616.11398177895,17091144.04116206,7807.9498205623495,7075.529414154607,2750.0488398853913,16802.934546985838,0.0,
norauto,nanoTabPFN-ACB0-s93,ACB0,93,15,20.0,19.999999999999996,1.1421448651878614,200,1000,16,0.31746435421280694,0.2801210941415339,16690.576300275716,57395.17399640911,163157.30915999846,328244.5666351741,7676.8050350034355,6696.686897470248,2163.7372113135793,2944.4915850864913,0.0,
norauto,nanoTabPFN-ACB0-s93,ACB0,93,15,50.0,50.0,1.1421448651878614,200,1000,7,0.4300006905809681,0.3857368007067099,12179.362310816607,41902.87502800029,143582.10362984703,328724.277719136,7921.427525966657,6859.978229165525,2107.704271482445,1190.7330563798341,0.0,
norauto,nanoTabPFN-ACB0-s93,ACB0,93,16,1.0,1.0,1.1306930573478338,200,1000,80,2.160285405207505,2.0160423322928462,15444.926042595305,50778.53622295679,5452017.57656632,7883725.965329148,8054.596406325724,7226.690806782632,54696.29369142732,7864.098894712039,0.1,
norauto,nanoTabPFN-ACB0-s93,ACB0,93,16,4.0,4.000000000000001,1.1306930573478338,200,1000,55,0.27435085081348476,0.20801934950778603,15079.58573054448,44364.19770015326,118377.2775616361,16757151.683401857,8051.779534650394,7232.280533855672,2320.4326917419853,16483.82791348717,0.1,
norauto,nanoTabPFN-ACB0-s93,ACB0,93,16,20.0,20.0,1.1306930573478338,200,1000,16,0.20163201033171108,0.1682549627926531,18908.828089322935,60697.728616961205,150599.24751330566,315344.61219307716,8268.348166419462,7259.657558415821,1740.8217020289935,2249.7354220739535,0.1,
norauto,nanoTabPFN-ACB0-s93,ACB0,93,16,50.0,49.99999999999999,1.1306930573478338,200,1000,6,0.2083217321424347,0.18620632930961167,16370.692735070246,55697.98298103648,141474.70152531454,277819.8460828231,8100.60789832258,7269.833021678494,1791.3688679234585,266.34852647484803,0.0,
norauto,nanoTabPFN-ACB0-s93,ACB0,93,17,1.0,1.0,1.1221039458175108,200,1000,80,2.2020949200814606,2.0546431750034158,15069.647211735664,49896.26320934521,5713030.110530296,7490515.7664489485,7592.190358388154,6517.948579265369,56614.20640745853,7463.821656363722,0.0,
norauto,nanoTabPFN-ACB0-s93,ACB0,93,17,4.0,4.0,1.1221039458175108,200,1000,55,0.317072902952359,0.2327563971490537,14850.45191018077,40659.97081575519,110459.29045169313,19657593.073385127,7605.753430932485,6585.230414057556,2720.0865157314115,19530.859885300255,0.0,
norauto,nanoTabPFN-ACB0-s93,ACB0,93,17,20.0,19.999999999999996,1.1221039458175108,200,1000,15,0.3165060322666933,0.2490704437842625,17894.089552844318,52652.584612676845,147205.6995138266,320133.23331692815,7597.418191420281,6453.5388703853805,1830.2770672897639,4112.295408741557,0.0,
norauto,nanoTabPFN-ACB0-s93,ACB0,93,17,50.0,50.0,1.1221039458175108,200,1000,6,0.25215579404948996,0.2250271791740918,14995.816717167,50965.72030293998,137499.87589068423,296484.6613334551,7600.600883539892,6455.564658967791,1802.8399763665273,451.9829753639052,0.0,
norauto,nanoTabPFN-ACB0-s93,ACB0,93,18,1.0,1.0,1.0941230659771382,200,1000,81,2.1585697572808495,1.9947981127992538,13522.312648661953,40453.83073859573,4132642.0477385623,6123159.560482703,7839.954551730665,6810.2230923622255,39762.57150899402,6085.940540906576,0.0,
norauto,nanoTabPFN-ACB0-s93,ACB0,93,18,4.0,3.9999999999999996,1.0941230659771382,200,1000,54,0.33387279211648696,0.24345739365230526,13066.073777058082,35654.90821048306,97840.30251064841,15962778.48256633,7880.958884926524,6962.780542708432,2281.692602363915,16000.439954936204,0.0,
norauto,nanoTabPFN-ACB0-s93,ACB0,93,18,20.0,20.0,1.0941230659771382,200,1000,14,0.28887131080590306,0.2260562086269669,15625.324531044524,46419.64492036109,123504.12736548294,240476.85217275555,7733.466083788268,6613.724416190486,2085.297538958532,1105.9255614242902,0.0,
norauto,nanoTabPFN-ACB0-s93,ACB0,93,18,50.0,50.00000000000001,1.0941230659771382,200,1000,6,0.25122009528799033,0.21489194044359092,13183.63611594023,43437.630883925434,116416.5437356242,229365.18409214856,7892.302193619481,6795.751145436974,2138.034765066094,693.5073620157804,0.0,
norauto,nanoTabPFN-ACB0-s93,ACB0,93,19,1.0,1.0,1.10746322198339,200,1000,79,2.220247793342394,2.0804549991516406,14652.014211549038,50141.06133526595,6175201.324981963,8072593.300664167,7347.677255336155,6170.283541564418,61188.17113072559,8045.80593178345,0.0,
norauto,nanoTabPFN-ACB0-s93,ACB0,93,19,4.0,3.9999999999999996,1.10746322198339,200,1000,54,0.3738515056843967,0.300632345747838,13837.36867902077,42149.12009010523,129576.93385316496,19308333.79368358,7396.413923881486,6204.620076449528,4972.140432455932,17975.18381973817,0.0,
norauto,nanoTabPFN-ACB0-s93,ACB0,93,19,20.0,20.0,1.10746322198339,200,1000,14,0.22414720258807702,0.20456380761382661,17506.496740756385,62487.173015388355,162190.93885352497,312637.23530306574,7310.849465813221,6330.988522742269,1496.2770569632128,3409.470292908664,0.0,
norauto,nanoTabPFN-ACB0-s93,ACB0,93,19,50.0,50.0,1.10746322198339,200,1000,6,0.2738272651505258,0.25326974124073504,14848.686745817155,55488.97481829124,153560.62399695866,303481.7987559069,7324.945827222495,6128.3881259686805,1462.0833411447652,286.3575028863871,0.0,
AutoClaims,nanoTabPFN-A0B0-s92,A0B0,92,0,1.0,1.0,1.0890597353874993,200,1000,83,2.05457176731628,1.924725611558662,926.7503640232595,3156.3311529283083,275292.399528395,433986.56609933724,639.4557777857032,563.4736747999933,2739.7827102427514,432.2080824291521,0.1,
AutoClaims,nanoTabPFN-A0B0-s92,A0B0,92,0,4.0,4.0,1.0890597353874993,200,1000,53,2.5964031793519773,2.4237143436408797,1039.8829118019,3021.5606432768077,817880.2848018606,1703877.5099725728,636.740936087915,567.7604144536842,7540.814918332018,1695.1970510622505,0.0,
AutoClaims,nanoTabPFN-A0B0-s92,A0B0,92,0,20.0,20.0,1.0890597353874993,200,1000,14,0.7476573691658024,0.6498611921666315,1071.8270136848173,3344.653265841605,18188.081003899446,7959655.232105349,636.9049158746477,552.1708925998814,7830.658498501121,7962.276742565921,0.0,
AutoClaims,nanoTabPFN-A0B0-s92,A0B0,92,0,50.0,50.00000000000001,1.0890597353874993,200,1000,5,-0.14765838461631142,-0.0753585248942608,715.8626791439747,3274.404387752112,6023.532186090851,17450845.52022731,659.7768923534327,551.440778184175,4389.420602313986,17405.169758566524,0.0,
AutoClaims,nanoTabPFN-A0B0-s92,A0B0,92,1,1.0,1.0,1.1399813424103227,200,1000,78,2.147190553281685,2.042889151824801,951.5291529112799,4091.8246617764444,462137.73242103605,630033.9642515152,661.9913048434928,590.5386506783343,4609.7362555487825,628.2571040767366,0.0,
AutoClaims,nanoTabPFN-A0B0-s92,A0B0,92,1,4.0,4.0,1.1399813424103227,200,1000,55,2.549339916883047,2.416133375297548,1087.8601671759977,3848.421808936361,1053027.6908073241,2436309.5571888676,664.5067637226507,782.5204942584875,10285.476689680516,2429.003494195225,0.0,
AutoClaims,nanoTabPFN-A0B0-s92,A0B0,92,1,20.0,19.999999999999996,1.1399813424103227,200,1000,16,1.0059721516974072,0.9216820575552415,1003.1270794714942,3791.9671770742193,36590.65787322738,11519650.40774784,662.8654396596681,593.5095217510672,15108.073334613337,11519.297744989257,0.0,
AutoClaims,nanoTabPFN-A0B0-s92,A0B0,92,1,50.0,49.999999999999986,1.1399813424103227,200,1000,6,-0.15703447705896337,-0.05528793925352869,683.1281023598585,4127.09842703885,7769.66640353417,25515672.53678565,684.5861436671494,589.6012694706553,9467.37569758853,25393.832975770576,0.0,
AutoClaims,nanoTabPFN-A0B0-s92,A0B0,92,2,1.0,1.0,1.0417438422645786,200,1000,81,1.9834478116437997,1.8908627947875019,995.7138843205571,4329.651386813852,360480.2364420383,562702.7019924481,652.0770422349183,629.9986308912755,3460.851685046611,559.6117204947867,0.0,
AutoClaims,nanoTabPFN-A0B0-s92,A0B0,92,2,4.0,3.9999999999999996,1.0417438422645786,200,1000,46,2.5330122484443773,2.416757198567488,1019.7891542578014,4137.311843840049,1162790.571277672,2218488.004968723,647.0435573925719,595.4805443945113,10913.447859942262,2209.599710622837,0.0,
AutoClaims,nanoTabPFN-A0B0-s92,A0B0,92,2,20.0,20.0,1.0417438422645786,200,1000,10,0.6707073417376095,0.6203472121634376,1130.3971100518324,4328.680657560304,22907.205072360382,10346005.247774169,652.0066942601429,583.5826371472641,11013.920359921045,10337.76558041548,0.0,
AutoClaims,nanoTabPFN-A0B0-s92,A0B0,92,2,50.0,49.99999999999999,1.0417438422645786,200,1000,4,-0.1661932791800378,-0.07417492496649777,799.8776260842269,4272.586114213853,7817.894049170376,22723880.45985496,654.9601152168099,571.4444984406254,6579.186826302638,22615.525091758154,0.0,
AutoClaims,nanoTabPFN-A0B0-s92,A0B0,92,3,1.0,1.0,1.0530618806815772,200,1000,80,2.03415225440109,1.94525765114302,1070.494129088423,5114.783189794301,483703.16918497824,664639.4740521926,644.2607606146323,615.6636301911892,4707.650013556192,661.713422978557,0.0,
AutoClaims,nanoTabPFN-A0B0-s92,A0B0,92,3,4.0,3.999999999999999,1.0530618806815772,200,1000,47,2.452704795638172,2.351119604155268,1183.884263885422,4747.333885664636,1101476.4790403508,2570278.908178206,650.0380715078486,598.105279389417,10672.241002464605,2563.576690499125,0.0,
AutoClaims,nanoTabPFN-A0B0-s92,A0B0,92,3,20.0,20.0,1.0530618806815772,200,1000,11,0.8414124396317225,0.7729093637181625,1173.6930768772086,4649.829201580316,31690.612759663378,12138139.007311221,649.9898253811022,584.3393207587906,16249.661774920076,12146.624752276864,0.0,
AutoClaims,nanoTabPFN-A0B0-s92,A0B0,92,3,50.0,50.0,1.0530618806815772,200,1000,4,-0.14375499187084356,-0.05062069783714969,857.124809092702,4872.2583884946,9248.092841147129,26915869.540913623,649.8227868168167,586.0393477009783,12843.278489776689,26831.085139842184,0.0,
AutoClaims,nanoTabPFN-A0B0-s92,A0B0,92,4,1.0,1.0,1.17791411492828,200,1000,76,2.1811493696403446,2.0876984901241076,922.3789952717595,4300.285478130105,538508.6005332633,743745.6395317161,634.1292149706538,581.3662772682253,5356.9000718712605,741.8452497222328,0.0,
AutoClaims,nanoTabPFN-A0B0-s92,A0B0,92,4,4.0,4.0,1.17791411492828,200,1000,56,2.6226845307738413,2.5096495928550637,1038.750962080158,4232.146064542986,1374952.5755276254,2892560.1877202033,635.5408275529728,572.9004000472434,13919.517932836387,2892.60758182228,0.0,
AutoClaims,nanoTabPFN-A0B0-s92,A0B0,92,4,20.0,20.0,1.17791411492828,200,1000,17,1.274811104231891,1.1895835921143105,925.0968157937377,3876.3448948631763,62801.80317131646,13653950.07467435,636.9993617992803,562.7673151017311,20110.187173532267,13671.40322853559,0.0,
AutoClaims,nanoTabPFN-A0B0-s92,A0B0,92,4,50.0,50.00000000000001,1.17791411492828,200,1000,7,-0.1920885258842476,-0.07829665527525562,719.293918974784,4680.1162089925565,8545.742112242115,29719608.70988015,655.8767551292668,566.5212361385696,12905.080990179256,29643.71931570238,0.0,
AutoClaims,nanoTabPFN-A0B0-s92,A0B0,92,5,1.0,1.0,1.0764213413513855,200,1000,79,2.1121477385991474,2.0144215313814926,830.7477745527832,3750.8451403025156,397448.31133104116,504834.3744997035,658.4192076429879,594.7718900996946,3952.2136058837027,502.96585191341376,0.0,
AutoClaims,nanoTabPFN-A0B0-s92,A0B0,92,5,4.0,4.0,1.0764213413513855,200,1000,51,2.6013301754971745,2.4788339650963045,916.4439984808888,3396.9380025973323,1054395.3013554243,1962076.8027458207,655.5740519262168,606.847754152023,11115.957071542885,1966.1538680435979,0.0,
AutoClaims,nanoTabPFN-A0B0-s92,A0B0,92,5,20.0,19.999999999999996,1.0764213413513855,200,1000,13,1.4597748546570148,1.3483839421438375,925.7227579122793,3312.5949098509855,78584.53008931055,9234046.47501634,656.9574629225331,601.2284461806703,14020.278787045405,9248.407485611573,0.0,
AutoClaims,nanoTabPFN-A0B0-s92,A0B0,92,5,50.0,49.999999999999986,1.0764213413513855,200,1000,5,-0.13534539890223624,-0.04541043137699498,635.7810398820029,3651.055757822287,6928.336090998483,20285712.696597848,683.5573684222875,595.0964363281632,10487.817883408119,20374.693118534393,0.0,
AutoClaims,nanoTabPFN-A0B0-s92,A0B0,92,6,1.0,1.0,1.1891578208335396,200,1000,76,2.14981145146167,2.0514418920523543,1034.6679824703467,4339.628219042097,494604.5844962756,703639.0071387856,663.5678453729963,624.2208610332254,4885.106231519476,701.3478507135156,0.0,
AutoClaims,nanoTabPFN-A0B0-s92,A0B0,92,6,4.0,3.999999999999999,1.1891578208335396,200,1000,56,2.695174364832892,2.5545620337830854,1138.9360354318478,4049.4734457084014,1462995.4136645244,2758441.610902085,668.2196143012101,618.4844794329745,14407.662716323428,2754.5230222100054,0.0,
AutoClaims,nanoTabPFN-A0B0-s92,A0B0,92,6,20.0,20.0,1.1891578208335396,200,1000,18,1.532594577127775,1.4135680382534532,1110.501900045791,4033.5261266663097,106687.50721865322,12992013.492206559,669.2359679861141,617.6378389422084,18228.497612785643,13021.212171677482,0.0,
AutoClaims,nanoTabPFN-A0B0-s92,A0B0,92,6,50.0,50.0,1.1891578208335396,200,1000,7,-0.16399128620356968,-0.06272154201044984,776.2194967505411,4478.477246929401,8235.989690318715,28558626.647172943,679.3874934601134,621.5564917276681,10691.014138824396,28639.252491282037,0.0,
AutoClaims,nanoTabPFN-A0B0-s92,A0B0,92,7,1.0,1.0,1.0831492575024684,200,1000,77,2.0929491034188823,2.029371078756194,935.2848731471277,6167.501285902932,669458.6277280806,863527.3295682081,662.4190746406856,613.0572356546083,6644.691537574142,861.3756888948138,0.0,
AutoClaims,nanoTabPFN-A0B0-s92,A0B0,92,7,4.0,4.0,1.0831492575024684,200,1000,51,2.5868357313945323,2.4993782640014235,1171.9478810444853,5768.214282113269,1844374.3635279192,3365276.0462405877,666.3685524167532,607.9119040650604,18292.09759610475,3362.1040977549974,0.0,
AutoClaims,nanoTabPFN-A0B0-s92,A0B0,92,7,20.0,20.0,1.0831492575024684,200,1000,13,1.486509763746337,1.408466596922734,1086.463080782773,5190.204980280863,135040.84458042376,15827814.604251597,665.4609780662422,585.424110984446,23577.012388528845,15821.057079864113,0.0,
AutoClaims,nanoTabPFN-A0B0-s92,A0B0,92,7,50.0,49.99999999999999,1.0831492575024684,200,1000,5,-0.12020269017772935,-0.0063120713228868785,753.3741638148495,5853.5751332438485,11624.32493863727,35191403.771873765,672.385384556887,603.2735564014698,15349.253789911014,35061.23281699163,0.0,
AutoClaims,nanoTabPFN-A0B0-s92,A0B0,92,8,1.0,1.0,1.0735953346285172,200,1000,79,2.075970935340848,1.9791497464885417,869.0166544905927,3898.3109676138697,401769.3974934544,526817.4116731636,600.3347135849078,533.6810627708776,3819.309341517334,523.3027968114294,0.0,
AutoClaims,nanoTabPFN-A0B0-s92,A0B0,92,8,4.0,4.0,1.0735953346285172,200,1000,51,2.5003440400108987,2.3836136017673075,984.4078482711116,3718.965120625157,931583.5025446084,2035798.856529291,597.2810272063759,604.1258464429025,8997.189998396403,2028.9199998514941,0.0,
AutoClaims,nanoTabPFN-A0B0-s92,A0B0,92,8,20.0,20.000000000000004,1.0735953346285172,200,1000,12,0.9597474510129883,0.8742010908540954,903.5082089256002,3339.831642562338,28201.962455990535,9602106.077938695,599.1686298380604,529.9489132293727,14410.633585608985,9591.937069487656,0.0,
AutoClaims,nanoTabPFN-A0B0-s92,A0B0,92,8,50.0,50.00000000000001,1.0735953346285172,200,1000,5,-0.1479772458508535,-0.05490612292727082,649.2947650710207,3741.7827502175082,7057.529431235776,21268404.13592522,616.705260888718,508.89822273888285,12441.549362973405,21165.07995939997,0.0,
AutoClaims,nanoTabPFN-A0B0-s92,A0B0,92,9,1.0,1.0,1.0569823574821817,200,1000,79,2.021854265706583,1.9421882904545613,889.6626864302491,4494.023733099984,405524.95933578047,580384.4221772833,649.1700019298679,559.326283958446,4019.096839845961,578.366411272408,0.0,
AutoClaims,nanoTabPFN-A0B0-s92,A0B0,92,9,4.0,4.0,1.0569823574821817,200,1000,48,2.5794529033057,2.471945801115557,937.7446552661584,4164.430406295351,1220926.9128658301,2277101.8592570284,646.5293308141229,553.2953980791141,12439.882033948026,2277.753797913378,0.0,
AutoClaims,nanoTabPFN-A0B0-s92,A0B0,92,9,20.0,20.0,1.0569823574821817,200,1000,11,1.4565332982312156,1.3541453658911364,1122.5535550462753,4487.6415000154,108575.3302002238,10751815.075676661,645.2065145120439,561.0936497247666,17207.075544447598,10771.356008029867,0.0,
AutoClaims,nanoTabPFN-A0B0-s92,A0B0,92,9,50.0,50.00000000000001,1.0569823574821817,200,1000,5,-0.13159405110496206,-0.04221769521606015,733.9200118883928,4265.450978989258,8144.346695359868,23683652.494838454,662.61107763353,552.4128639701922,12068.423134616642,23719.5801988952,0.0,
AutoClaims,nanoTabPFN-A0B0-s92,A0B0,92,10,1.0,1.0,1.1048584817648441,200,1000,78,2.089377893651414,1.999124654539372,956.8415035659621,4574.203510183921,476526.91831718304,630789.2210789038,643.7374075578966,560.0592664849237,4704.190494773104,628.5484204660438,0.0,
AutoClaims,nanoTabPFN-A0B0-s92,A0B0,92,10,4.0,4.0,1.1048584817648441,200,1000,54,2.604338379445279,2.4870100268193562,1082.3516524647137,4349.689921058316,1351568.0008664196,2463235.174568928,647.1362970203904,556.0967326833842,13317.683121362455,2459.6303663096605,0.0,
AutoClaims,nanoTabPFN-A0B0-s92,A0B0,92,10,20.0,20.000000000000004,1.1048584817648441,200,1000,14,1.9326910319978763,1.8056840266616676,1115.068479115185,4343.616154927475,266666.53387503757,11660377.483530035,649.9235133868217,558.0526126546443,19221.18946302572,11650.818935189438,0.0,
AutoClaims,nanoTabPFN-A0B0-s92,A0B0,92,10,50.0,49.99999999999999,1.1048584817648441,200,1000,6,-0.08757347411346199,0.003768244613656287,713.094782017386,4372.0781886490295,8783.178923620511,26179230.959950328,663.566575075443,556.9733487333543,10400.247171770094,26011.10811074757,0.0,
AutoClaims,nanoTabPFN-A0B0-s92,A0B0,92,11,1.0,1.0,1.1477256577516024,200,1000,80,2.107760771486344,1.9960523373482737,849.7431022044509,3517.7634372487837,359532.48158652463,468735.7922147783,642.1161304404708,589.7320255258876,3522.432985429182,466.3775432651988,0.0,
AutoClaims,nanoTabPFN-A0B0-s92,A0B0,92,11,4.0,3.999999999999999,1.1477256577516024,200,1000,56,2.5707925470258877,2.4319443400093386,978.3217614325154,3431.0786819454634,946428.5034413435,1822150.6412984182,636.9104454823525,590.8566020366276,9452.716941908979,1820.4077434155802,0.0,
AutoClaims,nanoTabPFN-A0B0-s92,A0B0,92,11,20.0,19.999999999999996,1.1477256577516024,200,1000,16,1.3461339758761532,1.2236085987221903,924.3083444787067,3121.830650596274,55459.520096834916,8573552.518887594,638.6523960135653,598.2728775301296,11776.212744926437,8571.87283811822,0.0,
AutoClaims,nanoTabPFN-A0B0-s92,A0B0,92,11,50.0,50.0,1.1477256577516024,200,1000,7,-0.200519087454945,-0.11872551994687336,716.8699620464545,3277.0196473097794,5690.700355554712,18807928.510797177,655.6154294515919,592.3303390536507,6161.925663659726,18757.87256504264,0.0,
AutoClaims,nanoTabPFN-A0B0-s92,A0B0,92,12,1.0,1.0,1.0782534829491874,200,1000,80,2.0332970893183813,1.945131570073348,995.5847053274596,4435.642002866494,401551.2366176008,572103.9620865065,598.0326539117992,551.9274995900291,3929.8835590487724,569.6977357845755,0.0,
AutoClaims,nanoTabPFN-A0B0-s92,A0B0,92,12,4.0,4.0,1.0782534829491874,200,1000,51,2.602738133018874,2.4831780552369316,1044.8020575658902,3975.443838209428,1224192.70934561,2245870.666682504,599.4839639203767,540.0675708464331,11863.76996697453,2240.5396320433506,0.0,
AutoClaims,nanoTabPFN-A0B0-s92,A0B0,92,12,20.0,20.0,1.0782534829491874,200,1000,13,1.295990840134622,1.2015142234186171,1078.7763862166025,4222.404770660725,72037.19302961142,10538965.80481819,601.5589091362493,538.9763225785775,13379.076044832158,10514.949139939881,0.0,
AutoClaims,nanoTabPFN-A0B0-s92,A0B0,92,12,50.0,50.0,1.0782534829491874,200,1000,5,-0.1482815703973378,-0.054138155940789724,749.4468023042646,4165.866639228807,7840.24853397778,23191671.42989875,612.226057645544,540.764715004024,8321.009011927526,23021.26963482323,0.0,
AutoClaims,nanoTabPFN-A0B0-s92,A0B0,92,13,1.0,1.0,1.1819403973002671,200,1000,78,2.144521443500076,2.032060408680082,912.0908780575592,3587.004193865103,401452.71758475667,565290.3488736444,664.9241934413176,585.3866722211757,4025.625304568425,563.7056862317704,0.0,
AutoClaims,nanoTabPFN-A0B0-s92,A0B0,92,13,4.0,4.0,1.1819403973002671,200,1000,57,2.5070612235162124,2.3565250200590966,1047.1735413724998,3327.981487676627,792144.6531203417,2175807.6509522186,662.3813936138745,1362.8428295092558,8237.149361676313,2171.636644755635,0.0,
AutoClaims,nanoTabPFN-A0B0-s92,A0B0,92,13,20.0,20.000000000000004,1.1819403973002671,200,1000,17,1.2094135626097542,1.094221574494005,972.9317981125912,3284.3481983508455,44893.799980830896,10380408.842186436,663.8780357820946,595.9611246097928,14136.17176878909,10367.784679363738,0.0,
AutoClaims,nanoTabPFN-A0B0-s92,A0B0,92,13,50.0,49.99999999999999,1.1819403973002671,200,1000,7,-0.16288958753769103,-0.07656403062793793,737.8270720855558,3722.993639035359,6729.944581739355,23264586.375383645,679.5824311625273,582.0678892766042,9654.83790302119,23078.26095817844,0.0,
AutoClaims,nanoTabPFN-A0B0-s92,A0B0,92,14,1.0,1.0,1.0942798745589677,200,1000,78,2.12670051073233,2.034088764419577,1032.6642446722958,4658.080721156737,521690.74366801395,684158.0238514087,605.5161351693517,532.0512164805575,5142.235908717625,681.8324888206461,0.0,
AutoClaims,nanoTabPFN-A0B0-s92,A0B0,92,14,4.0,4.0,1.0942798745589677,200,1000,53,2.6856734223703684,2.559627868281866,1113.4565248102303,4200.166379743487,1542597.4757393245,2677500.3612723444,608.7461453003974,517.0956374856079,15106.981248838201,2672.7328560795536,0.0,
AutoClaims,nanoTabPFN-A0B0-s92,A0B0,92,14,20.0,20.0,1.0942798745589677,200,1000,14,1.5294595547253111,1.4284175703728026,1140.1545744406421,4386.579413422949,122408.4096414943,12581439.90720258,609.3467046260376,521.9436856282864,18635.737324872745,12577.9398026948,0.0,
AutoClaims,nanoTabPFN-A0B0-s92,A0B0,92,14,50.0,50.00000000000001,1.0942798745589677,200,1000,6,-0.11819779380609657,-0.018191657019855586,733.4997852596898,4694.338589767597,9201.743527592444,27900086.430565692,617.6472878219449,523.5021085261621,12885.915982707094,27729.899909641495,0.0,
AutoClaims,nanoTabPFN-A0B0-s92,A0B0,92,15,1.0,1.0,1.1900438130634738,200,1000,81,2.083490209873476,1.9669280851512736,970.9004613312438,3706.5352034759408,356419.96967161587,518709.4569567899,729.8890349787918,721.7720986566577,3572.523202306537,516.9985129015013,0.0,
AutoClaims,nanoTabPFN-A0B0-s92,A0B0,92,15,4.0,3.9999999999999996,1.1900438130634738,200,1000,58,2.5358462546483116,2.3828675761268547,1138.8899595299504,3660.939827169974,893495.4474413185,2017483.1065887595,732.3049463013458,761.9116084658234,8837.196932424578,2014.4339066591356,0.0,
AutoClaims,nanoTabPFN-A0B0-s92,A0B0,92,15,20.0,19.999999999999996,1.1900438130634738,200,1000,18,0.6440511976521164,0.5673830982276544,1060.312959161207,3545.529352379664,16715.226708153106,9432668.564179974,730.9867133802803,727.3155574642317,9438.334086064242,9434.038495509629,0.0,
AutoClaims,nanoTabPFN-A0B0-s92,A0B0,92,15,50.0,50.0,1.1900438130634738,200,1000,7,-0.19138638690008639,-0.11863491537370031,852.7761818482104,3646.463522180711,6309.238757339704,20546463.226422604,732.2176201488362,722.3728410768812,5309.835584200895,20505.836105866754,0.0,
AutoClaims,nanoTabPFN-A0B0-s92,A0B0,92,16,1.0,1.0,1.0707203523739839,200,1000,77,2.084589609919199,2.0104174538821633,948.1530845393955,5441.406307483718,589521.442768355,767023.8045724733,667.6587676805208,861.569952559773,5657.533401372341,762.9671487947197,0.0,
AutoClaims,nanoTabPFN-A0B0-s92,A0B0,92,16,4.0,4.0,1.0707203523739839,200,1000,49,2.560483254581983,2.464105298449969,1181.3901218043084,5079.8289836225995,1577371.8739329106,2984928.668016852,667.4031302020701,1149.679787255645,15525.588799879171,2980.293960102681,0.0,
AutoClaims,nanoTabPFN-A0B0-s92,A0B0,92,16,20.0,20.0,1.0707203523739839,200,1000,12,1.9257524178385341,1.8214859818188842,1143.396395281909,4798.51219028948,314900.37151815166,14159893.549774384,669.1586827754822,675.2973187842082,28355.213183477743,14156.426958357773,0.0,
AutoClaims,nanoTabPFN-A0B0-s92,A0B0,92,16,50.0,49.99999999999999,1.0707203523739839,200,1000,5,-0.10653619564835698,-0.006276363746640447,732.7658271357604,5224.255872765157,10440.181618350616,31739792.485346474,679.3864656873235,667.4980953628269,26356.66067054668,31569.67172770453,0.0,
AutoClaims,nanoTabPFN-A0B0-s92,A0B0,92,17,1.0,1.0,1.1308262995247818,200,1000,79,2.0447064553037526,1.9501949602239141,928.7825624120262,4036.156199809978,370397.2808106934,606355.68831625,633.4041533767279,513.0342828424111,3641.1117821092957,604.1003895362537,0.0,
AutoClaims,nanoTabPFN-A0B0-s92,A0B0,92,17,4.0,4.0,1.1308262995247818,200,1000,55,2.4934434987042526,2.3534932567122393,1143.1010608373642,3872.5357957981664,872779.2470214556,2360120.085719781,633.5050915872824,520.1063637098367,9167.558551424183,2358.534276850911,0.1,
AutoClaims,nanoTabPFN-A0B0-s92,A0B0,92,17,20.0,20.0,1.1308262995247818,200,1000,16,0.7361473292845413,0.6667665380957745,1103.072921787452,3908.6315093685434,22454.277401152813,11126670.332435388,632.0105257128864,512.1388930926348,13617.072468597302,11152.585039089274,0.0,
AutoClaims,nanoTabPFN-A0B0-s92,A0B0,92,17,50.0,49.99999999999999,1.1308262995247818,200,1000,6,-0.17791234902156863,-0.08656384424442679,766.9793895869298,4053.8293905646733,7278.908008031968,24081646.869591426,642.5506072087086,515.504708399886,9794.665654406495,24220.73141121265,0.0,
AutoClaims,nanoTabPFN-A0B0-s92,A0B0,92,18,1.0,1.0,1.0556156785672368,200,1000,79,2.036146687207432,1.953943079774094,928.451329688771,4753.502205276896,432783.55455084704,561789.2445000861,632.7071257729586,552.6833601606947,4301.260286421938,559.9101881393923,0.0,
AutoClaims,nanoTabPFN-A0B0-s92,A0B0,92,18,4.0,4.000000000000001,1.0556156785672368,200,1000,48,2.5247273839910425,2.418309356540471,1011.7198021639595,4313.240066860434,1134907.8621706231,2183245.4773215097,630.8247040827358,555.691367557897,11606.181900295662,2184.2030478927436,0.0,
AutoClaims,nanoTabPFN-A0B0-s92,A0B0,92,18,20.0,20.0,1.0556156785672368,200,1000,11,0.8370582061203318,0.77032484381939,1064.2550405243662,4100.329569465892,27942.188806098045,10212787.287423939,632.2910062469903,557.2335840298396,12425.243559752776,10243.445599188428,0.0,
AutoClaims,nanoTabPFN-A0B0-s92,A0B0,92,18,50.0,50.00000000000001,1.0556156785672368,200,1000,4,-0.1572802668065816,-0.06531982372884802,757.1777568628127,4145.035138304072,7737.600266205021,22296258.110164948,641.9052502464021,546.442733474842,7289.508028406353,22416.75938433206,0.0,
AutoClaims,nanoTabPFN-A0B0-s92,A0B0,92,19,1.0,1.0,1.1964029204789302,200,1000,77,2.097562943780765,2.0130477570074015,977.9401490861028,4744.101827640996,523704.0394363167,715544.6557218458,658.6584409267623,575.0131986624782,4927.172270359672,710.7642131646069,0.0,
AutoClaims,nanoTabPFN-A0B0-s92,A0B0,92,19,4.0,4.0,1.1964029204789302,200,1000,56,2.6482576851760222,2.526399850678203,1110.7808206456002,4276.426755100186,1464788.926595823,2794507.670440265,658.2466631925294,574.4557235294333,13708.719327134731,2781.718223355704,0.0,
AutoClaims,nanoTabPFN-A0B0-s92,A0B0,92,19,20.0,20.0,1.1964029204789302,200,1000,18,1.259213898664088,1.1679244381471034,1037.9430104977537,4111.069173743032,63768.07223229845,13131068.76831087,658.428926879622,569.0568847802635,18213.137500754026,13119.297048848097,0.0,
AutoClaims,nanoTabPFN-A0B0-s92,A0B0,92,19,50.0,49.99999999999999,1.1964029204789302,200,1000,7,-0.18524156154343535,-0.088194096482697,861.3189970716039,4635.796935425799,8309.001821808008,28820229.37656381,662.4668141796134,563.5717984377045,9987.590676227215,28714.195797043216,0.0,
AutoClaims,nanoTabPFN-A1B0-s92,A1B0,92,0,1.0,1.0,1.0890597353874993,200,1000,83,2.06410140148972,1.9541977404448645,904.49608267432,3700.174545261172,336814.2867765441,440137.5824606904,641.7537688034209,547.6963046185293,3352.773435719737,438.3380034293714,0.1,
AutoClaims,nanoTabPFN-A1B0-s92,A1B0,92,0,4.0,4.0,1.0890597353874993,200,1000,53,2.2763733601168465,2.165444701564057,868.0800249353919,3595.90387256739,521834.7638223859,1674279.8594306037,644.2574037166503,545.2556962988134,5399.667143033037,1667.0082941823705,0.0,
AutoClaims,nanoTabPFN-A1B0-s92,A1B0,92,0,20.0,20.0,1.0890597353874993,200,1000,14,0.3809282872160303,0.36337654194519003,923.4207897835911,3697.294926194536,12253.2722566721,56830.589349301496,639.7603861705636,541.6906902052032,169.45551588002294,460.424515104156,0.0,
AutoClaims,nanoTabPFN-A1B0-s92,A1B0,92,0,50.0,50.00000000000001,1.0890597353874993,200,1000,5,0.3376013109980158,0.2933000031623768,1121.851250951957,3665.5591911049305,11165.79123891851,36387.22510842419,638.094322890313,544.9356626514962,161.84113380006744,41.60206892019808,0.0,
AutoClaims,nanoTabPFN-A1B0-s92,A1B0,92,1,1.0,1.0,1.1399813424103227,200,1000,78,2.177617334614371,2.075879802155693,916.3447561875694,4076.2260263822996,490652.7528110724,632885.1234033031,663.0167265927859,596.2089159739542,4900.543670419959,631.1649887577488,0.0,
AutoClaims,nanoTabPFN-A1B0-s92,A1B0,92,1,4.0,4.0,1.1399813424103227,200,1000,55,1.296567176991937,1.2327008365527306,979.3760886256189,4930.118012711124,84978.7060457906,2339520.009650744,663.8133700722913,624.8164689008165,5741.247888611554,2288.134807024716,0.0,
AutoClaims,nanoTabPFN-A1B0-s92,A1B0,92,1,20.0,19.999999999999996,1.1399813424103227,200,1000,16,0.518938026749532,0.501570545126665,835.1475565484739,3831.684128442128,15960.46864595107,73776.77835049949,666.862426318366,599.4870020106014,203.11997541813443,1318.3590475930903,0.1,
AutoClaims,nanoTabPFN-A1B0-s92,A1B0,92,1,50.0,49.999999999999986,1.1399813424103227,200,1000,6,0.4302608294620356,0.3995827818208926,1197.742105342134,4618.71857243423,16311.048543199924,56876.71092527991,676.1153834836529,603.0179067671355,189.51057174095112,61.8493780717823,0.0,
AutoClaims,nanoTabPFN-A1B0-s92,A1B0,92,2,1.0,1.0,1.0417438422645786,200,1000,81,2.0436665203574496,1.9569417028197795,966.1630699325592,4870.518479318421,452644.30523572327,571918.7481343381,647.2369718784488,615.2925632506717,4340.970080723271,568.4128161556874,0.0,
AutoClaims,nanoTabPFN-A1B0-s92,A1B0,92,2,4.0,3.9999999999999996,1.0417438422645786,200,1000,46,1.8240575063890088,1.7524034255525516,967.3973509196971,5161.388798692635,298434.9149859322,2132051.0135854324,648.1723042916727,628.2294997819002,4602.389900921183,2104.4797025098633,0.0,
AutoClaims,nanoTabPFN-A1B0-s92,A1B0,92,2,20.0,20.0,1.0417438422645786,200,1000,10,0.449431125110249,0.44985912468997324,929.15074041608,4671.138825915197,17766.94692248565,83302.31488108348,647.9283926487535,609.3012584575015,218.70448820925563,1179.0553880928899,0.0,
AutoClaims,nanoTabPFN-A1B0-s92,A1B0,92,2,50.0,49.99999999999999,1.0417438422645786,200,1000,4,0.22586048690452765,0.20421835004808678,1228.1576699584102,4411.1757867626975,11333.699630450703,37138.18771243092,670.6806866581487,610.6946951854445,171.1779816036762,44.55494780175591,0.0,
AutoClaims,nanoTabPFN-A1B0-s92,A1B0,92,3,1.0,1.0,1.0530618806815772,200,1000,80,2.0681513364404114,1.9844015716778702,1054.6977292649456,5349.891861875436,523473.7527307818,668616.545199837,644.6225581051124,617.7653149105514,5136.544613206075,666.0022996183739,0.0,
AutoClaims,nanoTabPFN-A1B0-s92,A1B0,92,3,4.0,3.999999999999999,1.0530618806815772,200,1000,47,2.0823288184626136,2.0041687728766875,1031.195243928155,5437.2542685179305,555388.5287616212,2515687.420121842,643.1747808553788,646.7324816144726,7308.07306406026,2498.36965540996,0.0,
AutoClaims,nanoTabPFN-A1B0-s92,A1B0,92,3,20.0,20.0,1.0530618806815772,200,1000,11,0.5043137958069056,0.48878343796511925,960.2509343450679,4466.495179949852,18235.29051252022,77230.57099353118,642.2571439391385,591.2166663232206,256.2235545534096,1073.2187893483326,0.0,
AutoClaims,nanoTabPFN-A1B0-s92,A1B0,92,3,50.0,50.0,1.0530618806815772,200,1000,4,0.31616829035438215,0.286468462949382,1351.1133010227768,4887.973778544314,14036.872904189431,49019.15825968447,666.9869752746981,614.7891413787779,216.0198499559558,85.16709244794451,0.0,
AutoClaims,nanoTabPFN-A1B0-s92,A1B0,92,4,1.0,1.0,1.17791411492828,200,1000,76,2.2320008128344204,2.129851090362731,918.4806345207261,4119.85842028577,559817.215826645,745877.8847852224,636.8601199901307,569.4583732000044,5566.462300607103,743.9408574804876,0.0,
AutoClaims,nanoTabPFN-A1B0-s92,A1B0,92,4,4.0,4.0,1.17791411492828,200,1000,56,0.6737268882947145,0.6516165315954733,1034.6614724557762,5229.929640686189,28720.27043581445,2710575.6331290705,638.400291265616,599.0864121865085,4034.740965459395,2693.6576831926345,0.0,
AutoClaims,nanoTabPFN-A1B0-s92,A1B0,92,4,20.0,20.0,1.17791411492828,200,1000,17,0.5728859710410051,0.5638145948345659,705.5709962371552,3570.5369889410276,16670.76786120247,72584.40989955846,653.7736968378534,574.0670941489882,215.5160205044199,1079.006271291824,0.0,
AutoClaims,nanoTabPFN-A1B0-s92,A1B0,92,4,50.0,50.00000000000001,1.17791411492828,200,1000,7,0.47262438047153105,0.45600027552031974,1164.9547181490798,5120.833655880707,19786.645735626676,70133.64083130451,646.548680227716,599.0357848417799,231.91159835211914,81.22927137754148,0.0,
AutoClaims,nanoTabPFN-A1B0-s92,A1B0,92,5,1.0,1.0,1.0764213413513855,200,1000,79,2.0543427745224165,1.9804620686873244,804.8706790401097,4461.258966835858,430554.32523281686,508143.9910983979,661.0309579762418,604.705407134509,4257.512820345414,506.0187638816598,0.0,
AutoClaims,nanoTabPFN-A1B0-s92,A1B0,92,5,4.0,4.0,1.0764213413513855,200,1000,51,2.2289132077526332,2.146332485578481,836.8087431901134,4357.876591406756,622366.223198958,1918866.678733207,659.825584699142,604.7044204627717,5796.165719846001,1907.696043199268,0.0,
AutoClaims,nanoTabPFN-A1B0-s92,A1B0,92,5,20.0,19.999999999999996,1.0764213413513855,200,1000,13,0.5735948829690538,0.5530736417487733,757.7300737530875,3604.039515935775,16390.482022413627,78026.18253836874,664.3692196255843,602.3409451052224,214.41645118033426,854.4317593188264,0.0,
AutoClaims,nanoTabPFN-A1B0-s92,A1B0,92,5,50.0,49.999999999999986,1.0764213413513855,200,1000,5,0.38044983795655907,0.3487112315479795,1052.601537154589,3890.472193632245,12971.175424780247,45271.924158240305,660.1353026551553,605.2737007562667,190.25205161272868,70.1247332728988,0.0,
AutoClaims,nanoTabPFN-A1B0-s92,A1B0,92,6,1.0,1.0,1.1891578208335396,200,1000,76,2.184982754745243,2.088228665049944,984.5107520866485,4521.046620765732,559202.9945631751,710099.3721224971,664.6484843736946,628.6760230282846,5542.267145919453,707.9193789360568,0.1,
AutoClaims,nanoTabPFN-A1B0-s92,A1B0,92,6,4.0,3.999999999999999,1.1891578208335396,200,1000,56,0.58189490441221,0.5671289820842447,1071.0675320190571,5225.146443271135,24309.123463666492,2515143.7236702777,667.0282930542119,649.5134021440405,1338.0594636564167,2482.6526269346045,0.1,
AutoClaims,nanoTabPFN-A1B0-s92,A1B0,92,6,20.0,20.0,1.1891578208335396,200,1000,18,0.5615684493611439,0.5422458718719153,883.7656557184791,4178.863118528734,18750.335112075132,94528.93312959876,667.4473772160889,623.486163766222,207.09884730429783,758.276727629746,0.0,
AutoClaims,nanoTabPFN-A1B0-s92,A1B0,92,6,50.0,50.0,1.1891578208335396,200,1000,7,0.4749478226937801,0.44347474503047274,1199.465704135163,4838.884853278649,18440.42999530294,68971.78278394882,675.6654321603361,636.4195597041125,208.75614101607567,73.1972840070505,0.1,
AutoClaims,nanoTabPFN-A1B0-s92,A1B0,92,7,1.0,1.0,1.0831492575024684,200,1000,77,2.1780447057669323,2.0902149938447767,1087.5256963890906,5420.359524262492,674587.2356290701,864039.3396077567,661.8309824428358,588.0186860006294,6693.451491955046,861.8632870254319,0.1,
AutoClaims,nanoTabPFN-A1B0-s92,A1B0,92,7,4.0,4.0,1.0831492575024684,200,1000,51,0.6245763366710584,0.6202641881602985,1201.8397209538762,6866.351691790471,35494.76011525461,3157827.465976211,667.6273775178518,650.8680913843419,1668.5512145411608,3144.3136052743976,0.0,
AutoClaims,nanoTabPFN-A1B0-s92,A1B0,92,7,20.0,20.0,1.0831492575024684,200,1000,13,0.6013669853729325,0.6047379686894496,875.9649538719987,5272.810916848853,26688.250341432526,123008.76422438427,661.0202683199931,585.3477336234295,255.47836105323861,806.4823645090314,0.0,
AutoClaims,nanoTabPFN-A1B0-s92,A1B0,92,7,50.0,49.99999999999999,1.0831492575024684,200,1000,5,0.402797796567236,0.39434667926400385,1478.5333615321915,6350.942337469967,22537.438704703494,78197.44444589289,702.9238267919923,637.950255555563,220.2648127986128,84.85679900139817,0.1,
AutoClaims,nanoTabPFN-A1B0-s92,A1B0,92,8,1.0,1.0,1.0735953346285172,200,1000,79,2.135164344637714,2.035215656320723,834.8140354468263,3784.9047875553133,415986.6000639888,528240.2359351672,599.033190853528,519.9215875156025,4045.9313291134063,525.5691294604135,0.0,
AutoClaims,nanoTabPFN-A1B0-s92,A1B0,92,8,4.0,4.0,1.0735953346285172,200,1000,51,2.1762466905319204,2.093284033881383,885.1055242190785,4429.626107514141,554788.6965683452,1998116.0740600945,598.0691083409462,524.5203256026736,5610.482885846575,1972.7539390566917,0.0,
AutoClaims,nanoTabPFN-A1B0-s92,A1B0,92,8,20.0,20.000000000000004,1.0735953346285172,200,1000,12,0.573204038778852,0.5537713456840186,773.7569757777137,3597.4605469778026,16415.749781999708,78131.92621755946,603.7226714798196,523.4581962864221,188.9346480983935,1350.930328836458,0.0,
AutoClaims,nanoTabPFN-A1B0-s92,A1B0,92,8,50.0,50.00000000000001,1.0735953346285172,200,1000,5,0.4239164103903406,0.3876001675584128,1102.2079235583324,4049.8303650402345,13990.197768642229,49088.46445413396,607.5418830005482,531.9942644414397,166.08754866926319,96.08774622008987,0.0,
AutoClaims,nanoTabPFN-A1B0-s92,A1B0,92,9,1.0,1.0,1.0569823574821817,200,1000,79,2.0711447122591053,1.9867756448401352,895.3706618909459,4452.555448186239,437086.2627773391,583539.5983770478,649.3148477706882,557.2049487663589,4322.782330068344,581.403291369807,0.0,
AutoClaims,nanoTabPFN-A1B0-s92,A1B0,92,9,4.0,4.0,1.0569823574821817,200,1000,48,1.5887257216965733,1.5177817139426326,952.895985637678,5012.315953428182,165215.20899236578,2171535.7468923684,648.0361533866275,568.5622741076377,2597.9197154849526,2166.3702187574863,0.0,
AutoClaims,nanoTabPFN-A1B0-s92,A1B0,92,9,20.0,20.0,1.0569823574821817,200,1000,11,0.5420996647677855,0.5349203586844773,843.3779141681721,4285.337156472855,18860.78273097632,89227.76807406492,651.9558819333141,552.920545449591,194.7119905108534,587.3400967048586,0.0,
AutoClaims,nanoTabPFN-A1B0-s92,A1B0,92,9,50.0,50.00000000000001,1.0569823574821817,200,1000,5,0.33501706007477167,0.31240398769986016,1229.3355466381522,4565.819970494154,14235.879933532695,50429.3929771291,652.5456096716978,565.8268634157579,172.77351321752022,58.850801058876776,0.0,
AutoClaims,nanoTabPFN-A1B0-s92,A1B0,92,10,1.0,1.0,1.1048584817648441,200,1000,78,2.112289023768718,2.0286544331750385,922.0079690665052,4718.132940314585,509279.1998931486,634065.4091281558,645.0205356959566,560.421510879981,4998.460272677957,631.4909758421385,0.0,
AutoClaims,nanoTabPFN-A1B0-s92,A1B0,92,10,4.0,4.0,1.1048584817648441,200,1000,54,2.063560621267814,1.9867330613757848,943.4052212787701,5017.652662886161,506952.1806628736,2378795.0973119102,645.0295063215328,568.6646884035615,5256.939106774069,2360.846690080562,0.0,
AutoClaims,nanoTabPFN-A1B0-s92,A1B0,92,10,20.0,20.000000000000004,1.1048584817648441,200,1000,14,0.5135992115149769,0.5139152083650206,851.7540254875589,4499.048652647515,19386.053799834535,90439.86312046568,647.1387001066937,556.6577997202563,176.12822745534382,358.10936573890234,0.0,
AutoClaims,nanoTabPFN-A1B0-s92,A1B0,92,10,50.0,49.99999999999999,1.1048584817648441,200,1000,6,0.3888454741961098,0.3631160178292173,1295.3929767250092,4936.577939129762,16677.627462763587,56559.0762979655,666.7628669271115,567.4263888660809,153.68578109884157,56.526832457189144,0.1,
AutoClaims,nanoTabPFN-A1B0-s92,A1B0,92,11,1.0,1.0,1.1477256577516024,200,1000,80,2.084622991273951,1.9941688391840882,826.4337710836355,3911.0105928180337,389749.70408130204,471756.608460641,644.6130294158025,588.383827060445,3843.427850238431,469.58751658841527,0.0,
AutoClaims,nanoTabPFN-A1B0-s92,A1B0,92,11,4.0,3.999999999999999,1.1477256577516024,200,1000,56,0.8095681088016464,0.7479708088298402,784.988833642331,3162.818022244591,20564.211873927743,1729331.8595271371,648.3597786829795,596.235458156049,2753.585882112314,1718.0164038742641,0.0,
AutoClaims,nanoTabPFN-A1B0-s92,A1B0,92,11,20.0,19.999999999999996,1.1477256577516024,200,1000,16,0.47715550877754187,0.4590487691740243,761.4277627162617,3346.5672273462637,12903.608129740302,55669.74263058223,650.6406349389889,589.347245367727,141.76909721192118,495.91909960469815,0.1,
AutoClaims,nanoTabPFN-A1B0-s92,A1B0,92,11,50.0,50.0,1.1477256577516024,200,1000,7,0.4172771185929464,0.3761337638020834,1082.8252096385527,3793.670753594016,12958.465997031566,45532.58506450789,638.5173720492033,579.1300998005102,142.88582820666366,47.64169643334815,0.0,
AutoClaims,nanoTabPFN-A1B0-s92,A1B0,92,12,1.0,1.0,1.0782534829491874,200,1000,80,2.0606454470178437,1.9777728588536827,951.5921800086438,4831.6242108733695,463869.3203202251,578335.6426834025,598.9294873935506,565.1648136196895,4606.929369607426,576.4680538726368,0.1,
AutoClaims,nanoTabPFN-A1B0-s92,A1B0,92,12,4.0,4.0,1.0782534829491874,200,1000,51,2.187244408059042,2.10789074848724,952.0564886758827,5105.11745352738,660474.9580939749,2189502.8098915955,600.1222382707547,576.9693539487317,5830.561823262358,2164.1954448262977,0.0,
AutoClaims,nanoTabPFN-A1B0-s92,A1B0,92,12,20.0,20.0,1.0782534829491874,200,1000,13,0.4547321270524366,0.4563343364524198,925.0340313750564,4648.598598847152,18261.21331903176,85850.2159766694,600.015261716255,560.2193286526696,189.94592495917976,948.7321590935891,0.0,
AutoClaims,nanoTabPFN-A1B0-s92,A1B0,92,12,50.0,50.0,1.0782534829491874,200,1000,5,0.3188131445524188,0.2907965827489864,1227.135588815403,4398.507414549632,13059.143936243003,43110.62224513988,613.9650279012938,552.4746581922303,150.86081290648022,46.40987863436835,0.0,
AutoClaims,nanoTabPFN-A1B0-s92,A1B0,92,13,1.0,1.0,1.1819403973002671,200,1000,78,2.1797233094538346,2.0716682706719203,882.7635401573582,3733.869223180722,446351.18275508215,569779.1565023204,668.0038700774354,574.6854797875162,4483.789695280219,568.2873086134954,0.0,
AutoClaims,nanoTabPFN-A1B0-s92,A1B0,92,13,4.0,4.0,1.1819403973002671,200,1000,57,0.7245018857852284,0.6881423085905216,884.3134972794794,3984.415569202537,23494.361845074534,2083858.115817029,667.6774147167957,573.6550952371538,3554.3235838216474,2069.4002671287926,0.0,
AutoClaims,nanoTabPFN-A1B0-s92,A1B0,92,13,20.0,20.000000000000004,1.1819403973002671,200,1000,17,0.4712053557954305,0.4480560724376877,875.8244025165961,3654.4410466750887,14000.992606798203,66615.59540666055,666.5414448504163,577.9062993158966,194.64611681750702,664.3841470934185,0.0,
AutoClaims,nanoTabPFN-A1B0-s92,A1B0,92,13,50.0,49.99999999999999,1.1819403973002671,200,1000,7,0.4160177554760081,0.3810389040907963,1111.3957391771469,4112.5625866509135,14109.885033024291,52388.06654637843,664.6019198137801,569.0116726852616,171.54366280246194,168.09226534029327,0.0,
AutoClaims,nanoTabPFN-A1B0-s92,A1B0,92,14,1.0,1.0,1.0942798745589677,200,1000,78,2.1147472510839815,2.0366345876776744,974.8649971950224,5193.8771842425085,569788.9005131728,688968.7524410047,605.0689842230836,551.8561896103938,5663.167137747096,687.0417602757778,0.0,
AutoClaims,nanoTabPFN-A1B0-s92,A1B0,92,14,4.0,4.0,1.0942798745589677,200,1000,53,1.028712056053653,0.983495092515893,1067.8182850567982,5539.432838593961,58079.71386710115,2529061.2264130027,607.2336904011053,572.7141856706887,3685.311688610279,2526.485681567657,0.0,
AutoClaims,nanoTabPFN-A1B0-s92,A1B0,92,14,20.0,20.0,1.0942798745589677,200,1000,14,0.5718720839227965,0.56533673999781,939.4753249210976,4931.294796551085,22834.820501197453,126472.18064499373,604.7291349057148,535.328795606988,232.64637620174256,1668.0132945896762,0.0,
AutoClaims,nanoTabPFN-A1B0-s92,A1B0,92,14,50.0,50.00000000000001,1.0942798745589677,200,1000,6,0.42640076375048075,0.4110311029681547,1307.8041746126446,5214.549478403661,19469.581141028233,70067.05111125518,626.458708220078,566.8021822011202,191.23978471716478,71.34717303747108,0.0,
AutoClaims,nanoTabPFN-A1B0-s92,A1B0,92,15,1.0,1.0,1.1900438130634738,200,1000,81,2.069894367363511,1.9766331054741964,955.9620059901899,4423.732123443851,423178.2953836824,525387.3864250061,727.3716892537894,711.4095712833898,4215.724982810008,523.4304627722292,0.0,
AutoClaims,nanoTabPFN-A1B0-s92,A1B0,92,15,4.0,3.9999999999999996,1.1900438130634738,200,1000,58,2.307721822665976,2.2198631625719374,915.2489739587548,4606.237620631527,765366.9594008599,2004682.2259898977,728.7005688053547,712.6650160678334,7392.334171280519,2000.053655183441,0.0,
AutoClaims,nanoTabPFN-A1B0-s92,A1B0,92,15,20.0,19.999999999999996,1.1900438130634738,200,1000,18,0.3390177448691314,0.32573370020576914,994.7236435714221,4063.3016824011247,12723.882904686472,52040.66831110764,727.4967211940266,710.5275608536444,230.64029459448645,308.31635012372516,0.0,
AutoClaims,nanoTabPFN-A1B0-s92,A1B0,92,15,50.0,50.0,1.1900438130634738,200,1000,7,0.2658442787643283,0.2295279101223422,1176.2209809965575,3929.741642326434,10706.845123584739,36063.85763696485,735.8675660726188,717.8434984899712,249.85357923673809,72.18705128139842,0.0,
AutoClaims,nanoTabPFN-A1B0-s92,A1B0,92,16,1.0,1.0,1.0707203523739839,200,1000,77,2.1627003253490127,2.073489328500076,1025.3112256445922,5067.082077846611,603954.917567698,768467.9102950784,660.9419862417594,663.8328419657599,5945.62903914217,765.8480667435872,0.0,
AutoClaims,nanoTabPFN-A1B0-s92,A1B0,92,16,4.0,4.0,1.0707203523739839,200,1000,49,1.6379707073384135,1.5764581492044585,1128.3161776413222,6300.684601581697,246734.0145742672,2851878.528178087,663.328788396093,705.582959282932,3789.2687539736767,2830.297588848911,0.0,
AutoClaims,nanoTabPFN-A1B0-s92,A1B0,92,16,20.0,20.0,1.0707203523739839,200,1000,12,0.6052285626333834,0.5988358656845176,915.3361189396,4887.955756118965,24631.759651594657,131265.80298577127,662.5369533614426,663.5612214164106,360.4257524737296,2217.8182224613606,0.0,
AutoClaims,nanoTabPFN-A1B0-s92,A1B0,92,16,50.0,49.99999999999999,1.0707203523739839,200,1000,5,0.42172042150690653,0.39651564245921483,1411.9731506713133,5792.567971607354,20715.7950290695,77960.84477226582,700.5549497496041,706.8389251961801,266.3037704968016,362.02533960554666,0.0,
AutoClaims,nanoTabPFN-A1B0-s92,A1B0,92,17,1.0,1.0,1.1308262995247818,200,1000,79,2.12083391482761,2.032942541213734,942.1480156279945,4605.785872536519,501348.5551543225,619448.0381915078,631.2109706089865,517.3721608734596,4981.433326124901,617.5034466622947,0.0,
AutoClaims,nanoTabPFN-A1B0-s92,A1B0,92,17,4.0,4.0,1.1308262995247818,200,1000,55,2.1013186364407264,2.025576689827913,989.8727599467857,5366.328603615618,574624.4144690025,2330305.5817740457,630.8633113642824,548.4855033340383,5968.2524737583335,2311.9523395383,0.0,
AutoClaims,nanoTabPFN-A1B0-s92,A1B0,92,17,20.0,20.0,1.1308262995247818,200,1000,16,0.4183616191109202,0.41023674338200955,989.7927716561467,4447.700299981359,15904.079541294728,75858.69023453793,630.7109696942451,516.4239987663786,174.79213963710234,1059.7116545972326,0.0,
AutoClaims,nanoTabPFN-A1B0-s92,A1B0,92,17,50.0,49.99999999999999,1.1308262995247818,200,1000,6,0.3910668006990146,0.3595717703164368,1213.2394481584106,4479.686892868258,14532.041288527042,50507.3451502829,639.7091223556088,524.2714109063336,154.4080607907277,54.245863122665206,0.0,
AutoClaims,nanoTabPFN-A1B0-s92,A1B0,92,18,1.0,1.0,1.0556156785672368,200,1000,79,2.083480047832403,1.996837449658348,919.3767701366426,4556.009528678493,456359.3898772439,564146.8495583106,631.1508445117975,552.8190479907852,4551.790838297171,562.4154519446364,0.0,
AutoClaims,nanoTabPFN-A1B0-s92,A1B0,92,18,4.0,4.000000000000001,1.0556156785672368,200,1000,48,2.192098947361725,2.114734612744063,930.4202939899836,5072.171891571491,667055.184808575,2136464.6930010812,630.4638358279285,562.1816794389905,6739.047870952783,2132.3725558521023,0.0,
AutoClaims,nanoTabPFN-A1B0-s92,A1B0,92,18,20.0,20.0,1.0556156785672368,200,1000,11,0.5072018097131232,0.5029377092199525,852.8081517682479,4272.399796085286,17846.11059875292,75401.44171114497,634.0991013280475,546.4325534059657,188.71917210268876,490.24034398309266,0.1,
AutoClaims,nanoTabPFN-A1B0-s92,A1B0,92,18,50.0,50.00000000000001,1.0556156785672368,200,1000,4,0.3342219397499382,0.3056835900271563,1249.1699602266112,4490.568558451179,13671.779027984323,43802.82666802338,642.5629854902253,546.2357039409832,152.3934883025693,44.44012780622348,0.0,
AutoClaims,nanoTabPFN-A1B0-s92,A1B0,92,19,1.0,1.0,1.1964029204789302,200,1000,77,2.166915965467787,2.0782870177068173,975.342938692063,4791.92403557755,577958.7571607948,720967.6171918703,656.4051125805879,575.3997340855046,5765.074462394768,719.1431929783726,0.0,
AutoClaims,nanoTabPFN-A1B0-s92,A1B0,92,19,4.0,4.0,1.1964029204789302,200,1000,56,0.6090885015326645,0.5912458623419877,1076.5401690698795,5372.136058752782,25989.096442837283,2576864.0232266393,657.5506345040951,607.884711011027,4791.553852426681,2596.91768169625,0.0,
AutoClaims,nanoTabPFN-A1B0-s92,A1B0,92,19,20.0,20.0,1.1964029204789302,200,1000,18,0.5006605403205957,0.4841005739812961,858.5099573053012,3974.6676697628745,16259.27306791691,76195.8842723908,662.8180820149935,573.9319108011192,220.0885426304987,2210.6023411293177,0.0,
AutoClaims,nanoTabPFN-A1B0-s92,A1B0,92,19,50.0,49.99999999999999,1.1964029204789302,200,1000,7,0.4375102281744341,0.3823241784172653,1163.9441343150074,4508.274684542839,15342.284040070972,60091.17047283088,675.6802866959724,618.4287574015691,211.37599272626414,89.40431106153402,0.0,
AutoClaims,nanoTabPFN-ATB0-s92,ATB0,92,0,1.0,1.0,1.0890597353874993,200,1000,83,2.0919460031635073,1.9697062288302067,935.7921880410814,3609.160870130051,344114.25547729956,440867.94200435485,640.1622519127428,548.9746583471917,3410.134652514959,438.91153929851185,0.1,
AutoClaims,nanoTabPFN-ATB0-s92,ATB0,92,0,4.0,4.0,1.0890597353874993,200,1000,53,2.4742356350482684,2.3828950901641197,1104.5810455873525,5539.212276012248,1354400.7884223643,1757528.6253472907,637.7791490547748,596.9219478787646,13224.918381248024,1752.6917081214222,0.0,
AutoClaims,nanoTabPFN-ATB0-s92,ATB0,92,0,20.0,20.0,1.0890597353874993,200,1000,14,0.4073470446827302,0.39767490448833936,898.8691122894734,3869.574611605541,13340.09478064374,59306.86368845488,641.002053094992,542.3762645914634,165.4423723065502,124.67941511399515,0.0,
AutoClaims,nanoTabPFN-ATB0-s92,ATB0,92,0,50.0,50.00000000000001,1.0890597353874993,200,1000,5,-0.07743916708125582,-0.15225530092966882,2089.3344714349378,4867.587669253775,8274.716535594296,83179.51912421672,772.1624513378705,548.6223827285767,164.41273606842924,183.7295383851314,0.0,
AutoClaims,nanoTabPFN-ATB0-s92,ATB0,92,1,1.0,1.0,1.1399813424103227,200,1000,78,2.1775421961148083,2.0650960181585147,967.2060892745421,4025.4176606031615,480132.7479030875,631831.7323143517,663.2074485569066,591.9819068540965,4780.588164788732,629.9654021281046,0.0,
AutoClaims,nanoTabPFN-ATB0-s92,ATB0,92,1,4.0,4.0,1.1399813424103227,200,1000,55,0.7094994005844086,0.660292685575723,1125.8114114829668,4746.965710448666,26791.74995992289,2322041.985244414,670.3722827850609,620.0407335661837,4538.015494247553,2300.1548766492488,0.0,
AutoClaims,nanoTabPFN-ATB0-s92,ATB0,92,1,20.0,19.999999999999996,1.1399813424103227,200,1000,16,0.4762219733898921,0.46428484022677746,1049.472894493158,4682.650474063286,18121.56393810149,89059.41037774704,673.9893063415316,601.7510470404411,202.87611816631025,801.4178990519657,0.0,
AutoClaims,nanoTabPFN-ATB0-s92,ATB0,92,1,50.0,49.999999999999986,1.1399813424103227,200,1000,6,-0.04409122074280012,-0.07603006776436615,2490.8313547005155,6713.693264392199,12183.256224111577,121026.8749488804,948.011321815236,656.2372261277168,170.09860188540404,313.2379681268659,0.0,
AutoClaims,nanoTabPFN-ATB0-s92,ATB0,92,2,1.0,1.0,1.0417438422645786,200,1000,81,2.0680447815286094,1.9743540101498913,982.8895132370687,4595.748836366047,452263.70377141034,571880.8004255624,647.1320699692722,862.7263099859467,4389.844809128702,568.9016080681212,0.0,
AutoClaims,nanoTabPFN-ATB0-s92,ATB0,92,2,4.0,3.9999999999999996,1.0417438422645786,200,1000,46,2.1216645714692866,2.029414444667116,1222.384063489076,5513.899623134726,588893.9629700172,2161091.5479912814,654.7750517100794,634.8893312817117,5856.651327797146,2145.2082402243404,0.0,
AutoClaims,nanoTabPFN-ATB0-s92,ATB0,92,2,20.0,20.0,1.0417438422645786,200,1000,10,0.4369544447490568,0.4405479159508936,889.7828027205865,4705.6061351045755,17278.783763054693,79761.37576880612,664.03793502965,618.6021004154541,188.93858413350134,298.2493068511015,0.0,
AutoClaims,nanoTabPFN-ATB0-s92,ATB0,92,2,50.0,49.99999999999999,1.0417438422645786,200,1000,4,-0.21944128929304346,-0.2605706575626454,2291.786860476672,5541.209434996823,8593.919087848531,112744.03084398858,863.4200373589138,612.229546721214,176.02312111385464,460.8767811909048,0.0,
AutoClaims,nanoTabPFN-ATB0-s92,ATB0,92,3,1.0,1.0,1.0530618806815772,200,1000,80,2.0860904084129075,1.986920511546188,1090.5192005044332,5073.757290281909,518116.29171459633,668080.5158232325,646.0130518066727,714.2528431020457,5089.63876224609,665.5332287726053,0.0,
AutoClaims,nanoTabPFN-ATB0-s92,ATB0,92,3,4.0,3.999999999999999,1.0530618806815772,200,1000,47,2.348703042241869,2.2661412518369004,1455.268802346774,6865.489761817464,1325532.4225408444,2592687.1049704337,677.1427051272487,735.5254151570554,12172.521322278957,2578.1758484079364,0.0,
AutoClaims,nanoTabPFN-ATB0-s92,ATB0,92,3,20.0,20.0,1.0530618806815772,200,1000,11,0.47715946600723547,0.4676254774897626,1022.9902409276247,5107.9959561525675,19543.01942045785,87650.96238596959,656.1592963756449,617.9206913726481,251.46560291351108,480.1054433120083,0.0,
AutoClaims,nanoTabPFN-ATB0-s92,ATB0,92,3,50.0,50.0,1.0530618806815772,200,1000,4,-0.21304876420359803,-0.24736361576493585,2572.487162391744,6339.177076585616,9916.772102116316,124383.09072143876,939.5646685312742,656.8833694057988,196.35725366284953,440.0363467796896,0.0,
AutoClaims,nanoTabPFN-ATB0-s92,ATB0,92,4,1.0,1.0,1.17791411492828,200,1000,76,2.1932091443950466,2.0977620131344357,945.7094710014113,4366.749750388695,556306.6502982933,745529.5383667045,636.0703763725148,569.887737051955,5596.433721873307,744.2406908571822,0.0,
AutoClaims,nanoTabPFN-ATB0-s92,ATB0,92,4,4.0,4.0,1.17791411492828,200,1000,56,0.6342239788821352,0.6024833625446907,1114.946630841985,4901.562557707145,24299.109498235626,2608764.3646841487,639.43492604567,579.8346311951368,1218.4908559191929,2603.42033606081,0.0,
AutoClaims,nanoTabPFN-ATB0-s92,ATB0,92,4,20.0,20.0,1.17791411492828,200,1000,17,0.5685769339161642,0.5501889376850949,1096.3852718127719,5011.550416300294,22621.189949685937,112781.62542881041,647.487838329532,583.0385714507071,236.1143199340327,972.8383994340821,0.0,
AutoClaims,nanoTabPFN-ATB0-s92,ATB0,92,4,50.0,50.00000000000001,1.17791411492828,200,1000,7,-0.007207643338310891,-0.035495744213791966,2801.3372536650604,7691.741899149095,14643.58016811141,147737.36942073583,1012.4604630640347,722.2246611637105,207.62364154556317,463.1730943730794,0.0,
AutoClaims,nanoTabPFN-ATB0-s92,ATB0,92,5,1.0,1.0,1.0764213413513855,200,1000,79,2.07914445261737,1.9952490014754913,845.3733698360423,4290.277519591237,428963.05943155347,507985.2658828676,658.1825766049786,603.664864945827,4254.334217150593,505.98703991364323,0.0,
AutoClaims,nanoTabPFN-ATB0-s92,ATB0,92,5,4.0,4.0,1.0764213413513855,200,1000,51,2.2980888374112514,2.200680322291424,1057.159763909121,4771.557547441715,764096.3590181052,1933056.7673377614,658.1745512239007,609.8757843131656,7176.865996986809,1926.5281965596832,0.0,
AutoClaims,nanoTabPFN-ATB0-s92,ATB0,92,5,20.0,19.999999999999996,1.0764213413513855,200,1000,13,0.4948414380731366,0.4835314410144235,877.5090721223964,4036.008429996703,16236.527306535674,78273.76519448447,677.095747390069,614.0278983608318,209.94363821918213,750.2039999248532,0.0,
AutoClaims,nanoTabPFN-ATB0-s92,ATB0,92,5,50.0,49.999999999999986,1.0764213413513855,200,1000,5,-0.18836521588399394,-0.23045411305086475,2162.238863700951,5103.708532052614,7798.928856974052,92706.93459729588,850.8951505915888,603.3331677457697,193.53141556183894,301.2049074490811,0.0,
AutoClaims,nanoTabPFN-ATB0-s92,ATB0,92,6,1.0,1.0,1.1891578208335396,200,1000,76,2.18487517149427,2.0874081559306368,1008.1113230109431,4560.174786785166,565552.412264216,710734.4322725949,664.4999903252212,626.9937065893803,5606.529492261855,708.5619685195146,0.0,
AutoClaims,nanoTabPFN-ATB0-s92,ATB0,92,6,4.0,3.999999999999999,1.1891578208335396,200,1000,56,0.5874379304587095,0.567410680567987,1091.4853998938363,5179.770539770461,24224.11046751518,2502085.6032610284,667.9113645395967,647.0820190765307,979.7235175673859,2477.968102698663,0.0,
AutoClaims,nanoTabPFN-ATB0-s92,ATB0,92,6,20.0,20.0,1.1891578208335396,200,1000,18,0.49787782788454943,0.46604020892267073,1183.2401374171127,5088.933976356573,19898.342135181087,95554.35365247096,683.0291157789638,642.7811166833093,215.47980026184914,813.2772141824839,0.0,
AutoClaims,nanoTabPFN-ATB0-s92,ATB0,92,6,50.0,50.0,1.1891578208335396,200,1000,7,-0.03555348449305637,-0.07225197002307227,2692.511016347462,7389.737011749845,13548.776046248222,136586.78174732474,1006.8902795733492,743.3695400248324,203.07749466108922,475.6834624545053,0.0,
AutoClaims,nanoTabPFN-ATB0-s92,ATB0,92,7,1.0,1.0,1.0831492575024684,200,1000,77,2.19086280655097,2.0933816949037167,1123.4220431914264,5108.375930624184,635306.1921629165,860111.1407333023,666.5536527939704,579.0597481442419,6310.877886276467,858.0376034032383,0.0,
AutoClaims,nanoTabPFN-ATB0-s92,ATB0,92,7,4.0,4.0,1.0831492575024684,200,1000,51,0.5937614247159827,0.5714670841979905,1264.3665200587575,5815.236401637706,27546.153814097266,2984015.062399799,672.1718884891242,602.9793977523309,278.37498102184014,2976.673994330019,0.0,
AutoClaims,nanoTabPFN-ATB0-s92,ATB0,92,7,20.0,20.0,1.0831492575024684,200,1000,13,0.493520620815851,0.501706986276973,1167.0392096982469,6667.555066665827,27923.54759248381,144222.31480969075,680.5186285455635,651.2627327772491,275.22219730537086,1332.6302542827718,0.0,
AutoClaims,nanoTabPFN-ATB0-s92,ATB0,92,7,50.0,49.99999999999999,1.0831492575024684,200,1000,5,-0.1402728602809946,-0.1811313159908727,3366.107934359904,8580.44087101086,14299.097453262573,166279.04533939244,1215.996344010299,768.3977618105828,149.63985022096944,974.888195216495,0.0,
AutoClaims,nanoTabPFN-ATB0-s92,ATB0,92,8,1.0,1.0,1.0735953346285172,200,1000,79,2.1481639856797585,2.0352330780083885,868.7475307348777,3594.0568092833078,403286.5311979299,526969.3169817267,597.4898221558516,516.2273337398701,3920.2030617188757,524.3118236817371,0.0,
AutoClaims,nanoTabPFN-ATB0-s92,ATB0,92,8,4.0,4.0,1.0735953346285172,200,1000,51,1.6305323435599723,1.5319260531232106,1083.938761176962,4327.438377671073,152759.25774544675,1957911.7469418345,599.819005046909,521.6023646703522,3526.8976261977914,1939.7615709051158,0.0,
AutoClaims,nanoTabPFN-ATB0-s92,ATB0,92,8,20.0,20.000000000000004,1.0735953346285172,200,1000,12,0.4612719754471451,0.45330241631318974,900.8536468722702,4098.886545734027,15533.153278805708,76260.71082579409,611.9573265206943,523.844439858664,176.15810455522018,1048.378218799379,0.0,
AutoClaims,nanoTabPFN-ATB0-s92,ATB0,92,8,50.0,50.00000000000001,1.0735953346285172,200,1000,5,-0.21324688766305144,-0.2377918079469973,2205.1533711335014,5337.8341330373605,8205.154791922669,98010.42521780843,795.0473847050257,546.1367991013045,138.36678996345984,522.1243365659599,0.0,
AutoClaims,nanoTabPFN-ATB0-s92,ATB0,92,9,1.0,1.0,1.0569823574821817,200,1000,79,2.1006455192835083,2.003463819352635,939.69513891776,4324.132676004399,443881.9801039784,584220.2427216952,647.620032973835,557.5781077358434,4361.780988285633,581.7932418577861,0.0,
AutoClaims,nanoTabPFN-ATB0-s92,ATB0,92,9,4.0,4.0,1.0569823574821817,200,1000,48,2.2698995965385786,2.1703995311709803,1283.5574525143802,5760.433699009375,859839.5159542642,2240992.49201566,652.8271143480836,600.9947811258992,8206.503791732204,2235.3832100629343,0.0,
AutoClaims,nanoTabPFN-ATB0-s92,ATB0,92,9,20.0,20.0,1.0569823574821817,200,1000,11,0.4714048293760583,0.4710936544256144,959.7706809698536,4667.9986933584705,18369.679915488316,91652.85642208207,654.9243302022015,567.7706742382092,197.8581060145421,566.2244993716292,0.0,
AutoClaims,nanoTabPFN-ATB0-s92,ATB0,92,9,50.0,50.00000000000001,1.0569823574821817,200,1000,5,-0.2021377473651962,-0.2485300727441087,2402.808385195318,5807.696998408869,8940.64127187885,128627.86533272677,875.1066849184939,593.9687791309249,170.21644045317922,749.2957730885748,0.0,
AutoClaims,nanoTabPFN-ATB0-s92,ATB0,92,10,1.0,1.0,1.1048584817648441,200,1000,78,2.12876341448865,2.039276450741055,976.7063897628591,4630.801175968903,511672.99672849773,634306.2986953218,644.2297169697357,560.3527033673848,5030.6378133312555,631.8127426632622,0.0,
AutoClaims,nanoTabPFN-ATB0-s92,ATB0,92,10,4.0,4.0,1.1048584817648441,200,1000,54,2.2551836440348443,2.161008480628868,1250.2691811797847,5631.381258279165,846957.5011995302,2412783.2080039633,660.4243042177582,580.1341336300775,7330.645705917534,2397.7297881321606,0.0,
AutoClaims,nanoTabPFN-ATB0-s92,ATB0,92,10,20.0,20.000000000000004,1.1048584817648441,200,1000,14,0.4631160761800095,0.46204281843787554,1007.0070271305242,5015.560505886715,19662.820452051452,96786.12422584795,655.2404672045355,564.3829855241424,181.96447026689017,297.6656449213264,0.0,
AutoClaims,nanoTabPFN-ATB0-s92,ATB0,92,10,50.0,49.99999999999999,1.1048584817648441,200,1000,6,-0.05858922504960686,-0.12009125611145235,2616.5841759077084,6643.512900519022,11783.43532029168,124892.58511744592,954.4584463409042,611.8804724538761,121.7347941002345,388.48301948242823,0.0,
AutoClaims,nanoTabPFN-ATB0-s92,ATB0,92,11,1.0,1.0,1.1477256577516024,200,1000,80,2.106172817332953,2.0054095857611847,863.0357937876619,3812.539244706387,389697.91044688044,471752.2452704271,641.549585877986,585.8437155847748,3837.125897498948,469.5244235232993,0.0,
AutoClaims,nanoTabPFN-ATB0-s92,ATB0,92,11,4.0,3.999999999999999,1.1477256577516024,200,1000,56,2.503527334098245,2.396287447584993,1100.0491863650054,4735.041780116115,1219435.3436297793,1849455.1443442516,637.9697947488212,588.4566166977113,12185.567586956595,1847.7359889004954,0.0,
AutoClaims,nanoTabPFN-ATB0-s92,ATB0,92,11,20.0,19.999999999999996,1.1477256577516024,200,1000,16,0.4512995254601401,0.43783242827079394,886.9893482625719,3725.0309931545253,13669.899873367842,61866.27152353394,645.8274208381541,579.5657750122195,148.5581599454421,439.2217131610452,0.0,
AutoClaims,nanoTabPFN-ATB0-s92,ATB0,92,11,50.0,50.0,1.1477256577516024,200,1000,7,-0.05390376980995662,-0.10057265249909243,2035.6094227145572,5114.104695196963,9128.565709474226,84197.54898371616,786.2422409299814,593.3217659532216,150.65281049882137,193.8609280595407,0.0,
AutoClaims,nanoTabPFN-ATB0-s92,ATB0,92,12,1.0,1.0,1.0782534829491874,200,1000,80,2.0766097900998135,1.9902607298183248,985.3443810979052,4834.092918507415,476841.55077642394,579634.1671244206,598.6500347933601,565.4009457082468,4738.432907774654,577.7830926899928,0.0,
AutoClaims,nanoTabPFN-ATB0-s92,ATB0,92,12,4.0,4.0,1.0782534829491874,200,1000,51,2.3266811205674,2.2341640815969748,1221.266787795669,5804.785211116707,1007186.966379412,2224179.373979586,611.5563158296684,604.3787176885183,9499.248503114717,2216.897622943095,0.0,
AutoClaims,nanoTabPFN-ATB0-s92,ATB0,92,12,20.0,20.0,1.0782534829491874,200,1000,13,0.44209638493357134,0.44623019228686306,970.7730096771538,4751.81431779274,18033.516336376386,90210.186056256,608.2894855471524,568.4681839099612,186.9847763253665,633.5165893483013,0.0,
AutoClaims,nanoTabPFN-ATB0-s92,ATB0,92,12,50.0,50.0,1.0782534829491874,200,1000,5,-0.19218867274340193,-0.22725618106202325,2421.6962633512226,5852.2623209535395,9114.229062076092,124772.35678730493,872.4645544284583,599.8627183203666,148.34956756271487,930.5272815091794,0.0,
AutoClaims,nanoTabPFN-ATB0-s92,ATB0,92,13,1.0,1.0,1.1819403973002671,200,1000,78,2.183894690214543,2.0692309736633376,893.2817736960977,3602.3378847199306,432559.30901130073,568399.2884769499,666.7672061518185,577.2779601502598,4325.609998883779,566.7055366389235,0.0,
AutoClaims,nanoTabPFN-ATB0-s92,ATB0,92,13,4.0,4.0,1.1819403973002671,200,1000,57,1.932095637397239,1.8254752766442655,1086.8140666808004,4487.111525224546,303969.70267839707,2126984.5581297907,663.2225072086137,579.1048335730301,4601.931419523051,2123.426607272796,0.0,
AutoClaims,nanoTabPFN-ATB0-s92,ATB0,92,13,20.0,20.000000000000004,1.1819403973002671,200,1000,17,0.4719911933087201,0.4552680157137414,971.4760207028605,4074.2022412983074,15455.906680140182,78450.76062923868,668.5398155408207,582.3415959569608,200.18053140685538,1039.5403168497025,0.0,
AutoClaims,nanoTabPFN-ATB0-s92,ATB0,92,13,50.0,49.99999999999999,1.1819403973002671,200,1000,7,0.03207288639042352,0.004134559608714039,2155.0197639796374,5985.288997442445,11859.06061424898,127021.37552572534,840.5083368651715,609.2391631064804,167.97748401191058,802.1308403420919,0.0,
AutoClaims,nanoTabPFN-ATB0-s92,ATB0,92,14,1.0,1.0,1.0942798745589677,200,1000,78,2.142978763393516,2.0542935659621477,1009.2915182570963,4894.430668930726,560960.2086058569,688086.0275905014,605.0294901038824,541.7036320680879,5584.647517594674,686.2565692292619,0.0,
AutoClaims,nanoTabPFN-ATB0-s92,ATB0,92,14,4.0,4.0,1.0942798745589677,200,1000,53,0.6450324330284648,0.6167683352795645,1154.507670117973,5342.8765921384,27558.046631584988,2489648.963656654,611.5231328349977,556.8216993400746,1666.6928480393506,2471.103772391135,0.0,
AutoClaims,nanoTabPFN-ATB0-s92,ATB0,92,14,20.0,20.0,1.0942798745589677,200,1000,14,0.4953633075342883,0.4972372941470156,1058.7441739268643,5140.871335219967,20793.40714041234,103380.05377761391,609.9782839730386,553.210929102017,213.34497942267097,578.9692167881797,0.0,
AutoClaims,nanoTabPFN-ATB0-s92,ATB0,92,14,50.0,50.00000000000001,1.0942798745589677,200,1000,6,-0.07905227598545873,-0.13609561756348554,2856.9828338376797,7102.0416841959905,12299.357397350777,135156.83392458787,988.980551495173,645.5273101675674,129.61430262923068,497.06322675233224,0.0,
AutoClaims,nanoTabPFN-ATB0-s92,ATB0,92,15,1.0,1.0,1.1900438130634738,200,1000,81,2.0949853801206153,1.993435118939122,994.4555003392106,4316.924341392632,430495.37739393674,526117.2612734549,727.0153073835074,713.8463101516693,4283.816330013801,524.111378513041,0.0,
AutoClaims,nanoTabPFN-ATB0-s92,ATB0,92,15,4.0,3.9999999999999996,1.1900438130634738,200,1000,58,2.420160978060516,2.3238886757830386,1207.2244020652513,5498.014642231368,1190221.0559705375,2047160.4742028825,736.5865969427902,738.3900990514765,11634.083060867597,2042.683904873087,0.0,
AutoClaims,nanoTabPFN-ATB0-s92,ATB0,92,15,20.0,19.999999999999996,1.1900438130634738,200,1000,18,0.36749403786078527,0.36626780806456183,924.0832720225089,4249.208117452541,14307.125708858062,59848.318477856905,733.6464735395151,712.9701481995094,222.10038192441297,255.9771285283633,0.0,
AutoClaims,nanoTabPFN-ATB0-s92,ATB0,92,15,50.0,50.0,1.1900438130634738,200,1000,7,-0.02640714134511973,-0.06442082574094411,2159.0571335819077,5680.232837246769,10422.628987155622,97201.66860220619,913.7320439302114,741.2479576376342,243.55186475381996,237.80208859757823,0.1,
AutoClaims,nanoTabPFN-ATB0-s92,ATB0,92,16,1.0,1.0,1.0707203523739839,200,1000,77,2.181402297402658,2.0762934752648823,1069.1469249316979,4649.119512230109,568003.1458904974,764870.5634191065,660.9977788305391,655.581651574739,5580.26993971693,762.1944784252382,0.0,
AutoClaims,nanoTabPFN-ATB0-s92,ATB0,92,16,4.0,4.0,1.0707203523739839,200,1000,49,0.6341744454334098,0.5983262202022437,1250.9023246365982,5368.049405934898,26864.724919729266,2717717.7972507942,672.7919434922837,670.479397906135,591.0714257596205,2692.49894109428,0.0,
AutoClaims,nanoTabPFN-ATB0-s92,ATB0,92,16,20.0,20.0,1.0707203523739839,200,1000,12,0.4925287857836442,0.4929147441139517,1144.8081960158652,5867.902685485086,23933.48378801361,118622.88804497191,682.3623342927551,696.0111592165512,277.0936907088318,1255.7302331111282,0.0,
AutoClaims,nanoTabPFN-ATB0-s92,ATB0,92,16,50.0,49.99999999999999,1.0707203523739839,200,1000,5,-0.13185004727605537,-0.176650375723468,3052.5510349441593,7639.747473838041,12688.833301046667,208985.9747610555,1144.2340480681182,776.8447023230359,206.4807038804007,2086.708140510728,0.0,
AutoClaims,nanoTabPFN-ATB0-s92,ATB0,92,17,1.0,1.0,1.1308262995247818,200,1000,79,2.152790237163119,2.0470869157978298,983.9332897711492,4244.634726055685,482198.71189535013,617533.8694042414,630.4591515415998,514.9928080210458,4798.164310489533,615.670802223382,0.0,
AutoClaims,nanoTabPFN-ATB0-s92,ATB0,92,17,4.0,4.0,1.1308262995247818,200,1000,55,1.8525566829345537,1.7583403586870228,1190.011358230968,5329.5446092694165,307613.85309932457,2303613.251622502,635.3432496340664,543.2218504406026,4117.819559258271,2288.9287073170453,0.0,
AutoClaims,nanoTabPFN-ATB0-s92,ATB0,92,17,20.0,20.0,1.1308262995247818,200,1000,16,0.421734423036515,0.417287513741491,916.7015433888569,4457.930392490449,16145.564616099971,61551.90167651584,633.7838419565193,521.0805207186627,166.39300659029107,369.3126624702393,0.0,
AutoClaims,nanoTabPFN-ATB0-s92,ATB0,92,17,50.0,49.99999999999999,1.1308262995247818,200,1000,6,-0.07040145938699444,-0.10953731402568011,2462.158759052976,6495.780285157488,11520.21738740669,103900.13330012833,867.073015210426,594.6942493688479,128.8723595622588,143.68284472702456,0.0,
AutoClaims,nanoTabPFN-ATB0-s92,ATB0,92,18,1.0,1.0,1.0556156785672368,200,1000,79,2.118487840632247,2.017876186478567,951.454336048552,4217.41520181661,446832.70415372675,563194.0349194901,630.5954263837264,549.4372077313124,4464.009614825821,561.5376753716668,0.0,
AutoClaims,nanoTabPFN-ATB0-s92,ATB0,92,18,4.0,4.000000000000001,1.0556156785672368,200,1000,48,2.2103248689006834,2.1051371243929844,1228.3092834570562,5275.594774424113,676086.8998127773,2137366.296228493,639.7825959412854,560.6158412557252,6542.781694019404,2133.284488771061,0.0,
AutoClaims,nanoTabPFN-ATB0-s92,ATB0,92,18,20.0,20.0,1.0556156785672368,200,1000,11,0.44616358939249035,0.44272878321439246,987.312396807092,4718.369578115185,17732.34654202636,83528.93249244333,634.429231640584,547.8131060681063,183.6948961969134,226.83526490482257,0.0,
AutoClaims,nanoTabPFN-ATB0-s92,ATB0,92,18,50.0,50.00000000000001,1.0556156785672368,200,1000,4,-0.22707379390528895,-0.2668838020149209,2311.300752696793,5585.061272846318,8584.83384693008,106365.79067116238,859.4960129138024,574.501244652971,154.73130883971695,310.44576563408856,0.0,
AutoClaims,nanoTabPFN-ATB0-s92,ATB0,92,19,1.0,1.0,1.1964029204789302,200,1000,77,2.173093302010732,2.0764329079139907,1008.4410120912299,4728.8564681395565,572333.9484896527,720406.8124828006,655.7607192298293,572.2989127371679,5691.06892521736,718.403082403553,0.0,
AutoClaims,nanoTabPFN-ATB0-s92,ATB0,92,19,4.0,4.0,1.1964029204789302,200,1000,56,0.6001955212769303,0.570596567084236,1166.3531201185904,5214.6546978442375,24839.393288209485,2541945.759541412,661.8066939918552,597.0868569439259,4091.494279088514,2543.117014580333,0.0,
AutoClaims,nanoTabPFN-ATB0-s92,ATB0,92,19,20.0,20.0,1.1964029204789302,200,1000,18,0.4525020596811734,0.4415976916015501,1000.2888679861699,4572.625400761045,17413.165412561335,58098.88463907117,684.8811764398998,591.8634672795183,220.1439283134024,1642.0724201650269,0.0,
AutoClaims,nanoTabPFN-ATB0-s92,ATB0,92,19,50.0,49.99999999999999,1.1964029204789302,200,1000,7,-0.04627511968450582,-0.0639445467299858,2623.249645000158,7445.642749846942,13603.012369984455,129410.79576722454,964.051175232804,687.0347608914483,176.9509553465424,352.91830959163434,0.0,
AutoClaims,nanoTabPFN-ACB0-s92,ACB0,92,0,1.0,1.0,1.0890597353874993,200,1000,83,2.063749565361959,1.9257834959582685,956.8825684375033,3136.7130043970956,274291.83008757106,433885.5717464437,638.2468691616931,564.232048460732,2713.0216136255,431.94048643260305,0.1,
AutoClaims,nanoTabPFN-ACB0-s92,ACB0,92,0,4.0,4.0,1.0890597353874993,200,1000,53,0.1692753047864035,0.12546654693807935,1020.3196987818761,3043.317492008011,7088.559933964693,1202045.325551867,636.8687531557908,562.8029291170253,183.7746365004402,1168.5302900649006,0.0,
AutoClaims,nanoTabPFN-ACB0-s92,ACB0,92,0,20.0,20.0,1.0890597353874993,200,1000,14,0.1895650011687732,0.14406504959442074,1036.3488107330927,3162.2472004010806,7584.969027557206,12420.76336541506,636.4772061990504,557.4886905492605,171.96341850435653,57.493659283710585,0.0,
AutoClaims,nanoTabPFN-ACB0-s92,ACB0,92,0,50.0,50.00000000000001,1.0890597353874993,200,1000,5,0.048560504646009875,0.03582855975031134,1057.681946784921,3442.6128946311437,7186.174769695963,11635.23827653208,636.591721860151,545.3514445330796,178.483787503384,59.78504304007602,0.0,
AutoClaims,nanoTabPFN-ACB0-s92,ACB0,92,1,1.0,1.0,1.1399813424103227,200,1000,78,2.120617177201506,2.008315560703068,1004.3702659659996,4024.5588190447065,426037.8736426679,626423.6735850421,662.361044239569,590.8453891630973,4210.762256785822,624.2671604418089,0.0,
AutoClaims,nanoTabPFN-ACB0-s92,ACB0,92,1,4.0,4.0,1.1399813424103227,200,1000,55,0.16585511780667606,0.16023299753345205,1050.079187297286,3902.5856496898714,9467.407565923608,1714522.9802460629,663.6334832146899,591.9049278798652,503.26081758286495,1710.683578519727,0.0,
AutoClaims,nanoTabPFN-ACB0-s92,ACB0,92,1,20.0,19.999999999999996,1.1399813424103227,200,1000,16,0.24605054546632774,0.22974779022860742,1061.8092862770857,3907.8047408736047,10417.511198733446,19710.156759135043,666.0204344587632,594.7485466998113,151.3820856720955,45.76801524904495,0.0,
AutoClaims,nanoTabPFN-ACB0-s92,ACB0,92,1,50.0,49.999999999999986,1.1399813424103227,200,1000,6,0.08145376622099486,0.08778162602942616,1074.89863722274,3965.122509369355,8891.799705079953,16208.112171168857,666.8316532309655,595.1889215184273,165.5604817969041,39.92275763225071,0.1,
AutoClaims,nanoTabPFN-ACB0-s92,ACB0,92,2,1.0,1.0,1.0417438422645786,200,1000,81,1.99599928885855,1.9027343519802626,1011.5549237879004,4383.327313092834,370445.3047665275,563699.7741364434,650.9940293954176,600.7646820465424,3633.6678056056658,561.3398646493824,0.0,
AutoClaims,nanoTabPFN-ACB0-s92,ACB0,92,2,4.0,3.9999999999999996,1.0417438422645786,200,1000,46,0.12275751665644367,0.1344273080560991,1017.7586282927407,4048.046416103235,9658.214890933414,1450502.8797512802,650.5252496509119,581.6169141781298,165.696408384138,1431.2647534964997,0.0,
AutoClaims,nanoTabPFN-ACB0-s92,ACB0,92,2,20.0,20.0,1.0417438422645786,200,1000,10,-0.047463914066654886,-0.0009309134086098564,986.4682482600822,4319.13078961479,8632.747076801457,13190.686620335855,652.0210475697461,575.168984678134,172.47006304164074,58.95290322301526,0.0,
AutoClaims,nanoTabPFN-ACB0-s92,ACB0,92,2,50.0,49.99999999999999,1.0417438422645786,200,1000,4,-0.06700529952987157,-0.038019401589575216,1239.0863032815541,4585.228521785599,8758.442104176615,12790.70624510361,658.296178538905,584.472359217619,171.35752140985045,61.83494330297242,0.0,
AutoClaims,nanoTabPFN-ACB0-s92,ACB0,92,3,1.0,1.0,1.0530618806815772,200,1000,80,2.059116228635557,1.9602956979769033,1105.0325459718993,4888.469463571737,486554.74312400294,664925.8559250666,645.2917729640882,614.2643561810413,4770.383781251875,662.3407390535118,0.0,
AutoClaims,nanoTabPFN-ACB0-s92,ACB0,92,3,4.0,3.999999999999999,1.0530618806815772,200,1000,47,0.15449815654794352,0.15149122318484176,1160.7815786013462,4351.781935305653,10677.70603928978,1427733.4702825416,648.7120970529679,575.3993426015672,199.18129470865753,1441.2152004746258,0.0,
AutoClaims,nanoTabPFN-ACB0-s92,ACB0,92,3,20.0,20.0,1.0530618806815772,200,1000,11,-0.0011296547823269212,0.043446469718910787,1060.3152515850256,4772.708564546573,9971.431495073994,15166.051902103041,643.2015646651382,581.6263216091213,195.1141271163412,80.650972492047,0.0,
AutoClaims,nanoTabPFN-ACB0-s92,ACB0,92,3,50.0,50.0,1.0530618806815772,200,1000,4,-0.004997747539140881,0.019411750054097385,1317.5323742919945,5132.070078385539,10388.851119534414,15580.897706594125,660.4245162714208,595.7159795543087,191.9192714296343,77.0288310013557,0.0,
AutoClaims,nanoTabPFN-ACB0-s92,ACB0,92,4,1.0,1.0,1.17791411492828,200,1000,76,2.1879811590567937,2.06844976530058,1024.2574622156021,3969.383454375696,476359.98049877543,737534.3555605835,633.7541416747298,574.3190668047035,4616.760033801816,734.44405728908,0.0,
AutoClaims,nanoTabPFN-ACB0-s92,ACB0,92,4,4.0,4.0,1.17791411492828,200,1000,56,0.3006493463713297,0.2859645371486286,1067.6430871402263,4293.071672117522,12394.033188036912,2171262.5341961123,636.7617996421657,569.2645739824476,363.6153450042207,2142.8958137473933,0.0,
AutoClaims,nanoTabPFN-ACB0-s92,ACB0,92,4,20.0,20.0,1.17791411492828,200,1000,17,0.26577154305788714,0.2659773259978711,1085.2028612348677,4529.761217893937,12847.320541639154,24687.57277231895,637.7053229304179,562.8674423211314,166.0633652464829,47.71605355924987,0.0,
AutoClaims,nanoTabPFN-ACB0-s92,ACB0,92,4,50.0,50.00000000000001,1.17791411492828,200,1000,7,0.18488217122757916,0.1954319690307381,1030.3448166928274,4352.000201534984,11090.124687949794,20882.808118997837,636.1318042779493,560.9990544540103,158.0026061309902,36.851914763211134,0.0,
AutoClaims,nanoTabPFN-ACB0-s92,ACB0,92,5,1.0,1.0,1.0764213413513855,200,1000,79,2.087372922323838,1.993740057905354,858.7305848946706,4001.8362621076776,400344.43964016467,505121.9501639202,657.1768525283707,597.5328931049315,3985.017124392365,503.29386962603746,0.0,
AutoClaims,nanoTabPFN-ACB0-s92,ACB0,92,5,4.0,4.0,1.0764213413513855,200,1000,51,0.30757826153526713,0.2757646538135923,909.8785884859603,3203.72454862398,9235.881394714084,1591158.4858258367,655.4795682062481,611.5293780833075,378.0169843452723,1597.1480167733973,0.0,
AutoClaims,nanoTabPFN-ACB0-s92,ACB0,92,5,20.0,19.999999999999996,1.0764213413513855,200,1000,13,0.0972616729261002,0.11006246733957908,940.7082819811897,3587.413514863887,8167.305599699738,13097.126417084555,657.222908256133,597.3808848344888,186.50475358807924,67.32312007029523,0.0,
AutoClaims,nanoTabPFN-ACB0-s92,ACB0,92,5,50.0,49.999999999999986,1.0764213413513855,200,1000,5,0.05476580193371906,0.06833265928204432,986.0820433268095,3731.408084541875,8081.949095674911,12684.451239246922,655.8828052551127,592.0895742897128,184.40133216733537,67.6575868837166,0.0,
AutoClaims,nanoTabPFN-ACB0-s92,ACB0,92,6,1.0,1.0,1.1891578208335396,200,1000,76,2.1216177037487363,2.0128100337321886,1073.330201620155,4266.013465280348,444018.6396309974,698580.1448417801,664.9626895667868,623.9796710416434,4390.581937796008,696.4025283374833,0.0,
AutoClaims,nanoTabPFN-ACB0-s92,ACB0,92,6,4.0,3.999999999999999,1.1891578208335396,200,1000,56,0.22674649185600956,0.21882187972930497,1140.3489060413665,4320.855430980986,11547.531832039404,2131495.6492448994,668.4621598217196,620.4918900767923,208.09548874133375,2110.9140517085834,0.0,
AutoClaims,nanoTabPFN-ACB0-s92,ACB0,92,6,20.0,20.0,1.1891578208335396,200,1000,18,0.28914981765127923,0.26354945932462015,1228.674221956102,4355.2621044750285,12336.775070926938,24994.395405570016,673.453634454825,621.3619556124801,187.24848929474862,38.08081542079132,0.0,
AutoClaims,nanoTabPFN-ACB0-s92,ACB0,92,6,50.0,50.0,1.1891578208335396,200,1000,7,0.17193578674752363,0.1644384311491317,1075.5211409671283,3982.26571608485,9875.498778224533,19331.29208483298,666.3902207049085,617.1769614121303,202.23041040837867,51.59561608945553,0.0,
AutoClaims,nanoTabPFN-ACB0-s92,ACB0,92,7,1.0,1.0,1.0831492575024684,200,1000,77,2.1305176173612845,2.042102692765047,1152.454828845337,5728.119458972803,645160.1758359921,861098.294955218,668.0369290343765,595.5905985119936,6346.5824240560905,858.3945513937283,0.0,
AutoClaims,nanoTabPFN-ACB0-s92,ACB0,92,7,4.0,4.0,1.0831492575024684,200,1000,51,0.27980928202765915,0.2941568707069107,1129.882595424533,5437.9667579005,15583.82157683161,2718629.770489877,665.0321203794596,586.5911032010938,208.43542188070475,2710.688543031044,0.0,
AutoClaims,nanoTabPFN-ACB0-s92,ACB0,92,7,20.0,20.0,1.0831492575024684,200,1000,13,0.08595384776211233,0.13946887794056223,1098.3525311210128,5784.681939668791,13682.796962971765,21947.99694809135,662.3427317001775,598.3712313427993,141.5240371697365,20.3733989574257,0.0,
AutoClaims,nanoTabPFN-ACB0-s92,ACB0,92,7,50.0,49.99999999999999,1.0831492575024684,200,1000,5,0.04932522863910568,0.08679344315289472,1358.0597598765626,6023.145306075075,13342.55728596967,21123.55582395687,680.2478052964744,610.2219938355354,138.85507675882383,19.357253035525478,0.0,
AutoClaims,nanoTabPFN-ACB0-s92,ACB0,92,8,1.0,1.0,1.0735953346285172,200,1000,79,2.0889928873111483,1.982353778080108,929.9747635984993,3856.3769315510826,400984.1396980105,526740.2900724644,597.7578878814918,533.3471136160268,3856.8953121344884,523.6786530886914,0.0,
AutoClaims,nanoTabPFN-ACB0-s92,ACB0,92,8,4.0,4.0,1.0735953346285172,200,1000,51,0.14972855546005023,0.15103074467545896,950.9410307698079,3726.534540337905,8713.412796427658,1479203.5781779722,596.8042586749559,521.3619219248445,214.63957385257945,1464.6916455278379,0.0,
AutoClaims,nanoTabPFN-ACB0-s92,ACB0,92,8,20.0,20.000000000000004,1.0735953346285172,200,1000,12,0.11664687445637995,0.138397733206908,880.4127016662219,3622.191725867647,8582.009761683767,13389.727458891037,601.0517914637991,515.9678729899045,138.7798263919481,26.63525405653412,0.0,
AutoClaims,nanoTabPFN-ACB0-s92,ACB0,92,8,50.0,50.00000000000001,1.0735953346285172,200,1000,5,0.06331145676369183,0.07353289467411137,1036.792332759121,3861.8983008048385,8420.841410445619,13335.61642747968,598.2156850663251,514.8546870757507,138.5287935308918,26.342817685018264,0.0,
AutoClaims,nanoTabPFN-ACB0-s92,ACB0,92,9,1.0,1.0,1.0569823574821817,200,1000,79,2.0233430547873694,1.9339562737374225,917.3628658904074,4282.652259168733,379360.92733136116,577767.6971932463,648.0567316362526,556.8985915328865,3770.0665890926894,575.8761738163907,0.0,
AutoClaims,nanoTabPFN-ACB0-s92,ACB0,92,9,4.0,4.0,1.0569823574821817,200,1000,48,0.13332874567660513,0.1571621961756126,975.4844663952045,4193.821745965344,10057.063231784283,1603687.2045818113,646.7418877245739,554.5118404651791,163.66948747897123,1577.5789712771088,0.0,
AutoClaims,nanoTabPFN-ACB0-s92,ACB0,92,9,20.0,20.0,1.0569823574821817,200,1000,11,-0.01807041931906697,0.04541347688006128,861.8191430047746,4467.72501430124,9378.454916800667,14590.84296773366,650.706006537542,556.0702873495488,162.96126509880904,48.3807211227531,0.0,
AutoClaims,nanoTabPFN-ACB0-s92,ACB0,92,9,50.0,50.00000000000001,1.0569823574821817,200,1000,5,0.013084637998260056,0.03561870826011306,1165.1981915607944,4533.302214216999,9470.817135199413,14359.614414648679,646.2773437550964,559.5577542438178,160.9285465076469,50.35009376259804,0.1,
AutoClaims,nanoTabPFN-ACB0-s92,ACB0,92,10,1.0,1.0,1.1048584817648441,200,1000,78,2.0852761163009603,1.9878026354556777,1028.0516078594733,4504.106827514028,463858.8216990259,629524.6546233532,644.3202366183117,558.9683737770981,4546.5480067058725,626.9719092850582,0.0,
AutoClaims,nanoTabPFN-ACB0-s92,ACB0,92,10,4.0,4.0,1.1048584817648441,200,1000,54,0.18639322492379476,0.19270646763844493,1046.0541086110948,4243.429999966536,10771.73003929869,1945678.440716173,645.2529239546975,556.2953666411552,132.1831828428235,1937.0270185683628,0.0,
AutoClaims,nanoTabPFN-ACB0-s92,ACB0,92,10,20.0,20.000000000000004,1.1048584817648441,200,1000,14,0.140231920513166,0.15734643422344263,1042.2309893663105,4411.259363467829,10764.967761510154,18118.87888588691,645.32791811592,555.5174565295332,114.82535335283941,20.179061707621447,0.0,
AutoClaims,nanoTabPFN-ACB0-s92,ACB0,92,10,50.0,49.99999999999999,1.1048584817648441,200,1000,6,0.029565030350574586,0.04915716295283002,1208.483687014239,4598.680479797014,9703.422977420549,15826.128854735127,655.1504741702128,557.3731214319939,118.042872565961,23.6044301428623,0.0,
AutoClaims,nanoTabPFN-ACB0-s92,ACB0,92,11,1.0,1.0,1.1477256577516024,200,1000,80,2.12901114889592,2.008150527871757,882.814118986171,3444.572124495997,363107.5641515901,469092.6755084513,640.4854784477499,591.6366177130882,3569.5675473355845,466.8488708822534,0.0,
AutoClaims,nanoTabPFN-ACB0-s92,ACB0,92,11,4.0,3.999999999999999,1.1477256577516024,200,1000,56,0.16931184445588393,0.1511057415975858,925.4949358541437,3205.033816156292,7788.143361114666,1387943.031193477,638.4817755233846,596.0198536407736,184.14539920294536,1388.6383834951985,0.0,
AutoClaims,nanoTabPFN-ACB0-s92,ACB0,92,11,20.0,19.999999999999996,1.1477256577516024,200,1000,16,0.16583592944373232,0.1574497592125883,930.0765662384576,3332.450510907617,8091.053190107224,14911.95687367594,639.5598066009828,590.304218412805,170.28459007250842,40.36469782687329,0.0,
AutoClaims,nanoTabPFN-ACB0-s92,ACB0,92,11,50.0,50.0,1.1477256577516024,200,1000,7,0.0508327178895047,0.0489301066010445,1006.7792487638094,3451.4120785723953,7268.740514397696,12322.490975094797,636.7243823610515,586.2441432143951,190.62942104441396,50.39145341089707,0.0,
AutoClaims,nanoTabPFN-ACB0-s92,ACB0,92,12,1.0,1.0,1.0782534829491874,200,1000,80,2.018031072189151,1.9318861916205678,972.6784517949592,4258.9722783265315,377147.5016606819,569665.4152767189,598.028169503172,554.0322379034469,3676.1206261225593,567.160094009241,0.0,
AutoClaims,nanoTabPFN-ACB0-s92,ACB0,92,12,4.0,4.0,1.0782534829491874,200,1000,51,0.1810924288142095,0.1870053561042137,1036.717855900401,4124.465920877883,10448.411206268524,1791717.0497642446,598.6069732747804,541.4921473580885,225.9938173660066,1753.2509174233044,0.1,
AutoClaims,nanoTabPFN-ACB0-s92,ACB0,92,12,20.0,20.0,1.0782534829491874,200,1000,13,0.013218946496116876,0.05266440706927221,964.2596440995555,4291.6804683496375,9144.17383187186,14291.932104465399,598.1172707223271,544.6069625635462,148.19375680427845,42.770790969134794,0.0,
AutoClaims,nanoTabPFN-ACB0-s92,ACB0,92,12,50.0,50.0,1.0782534829491874,200,1000,5,0.0012563683582137864,0.018038094497573688,1177.5532441995556,4337.3105923918065,8840.741122687508,13433.260012236722,607.0368392383151,544.6146582267669,149.66805191440147,44.73062370936744,0.0,
AutoClaims,nanoTabPFN-ACB0-s92,ACB0,92,13,1.0,1.0,1.1819403973002671,200,1000,78,2.04623893550118,1.921372876760361,934.0134776237007,3448.9993334391775,297763.3422541642,554919.9378947301,663.9584056468206,682.5347513279147,2965.6611831380674,553.1060946123148,0.0,
AutoClaims,nanoTabPFN-ACB0-s92,ACB0,92,13,4.0,4.0,1.1819403973002671,200,1000,57,0.1563080138355349,0.13840594622408117,1023.9353731521503,3489.673563576788,8242.025287683737,1511448.1287217406,663.1217893989822,585.0992396288677,395.9851330890885,1505.1899025987782,0.0,
AutoClaims,nanoTabPFN-ACB0-s92,ACB0,92,13,20.0,20.000000000000004,1.1819403973002671,200,1000,17,0.22057552181344114,0.18345182156524778,1111.5765341632057,3629.4179426390624,9175.746665700754,18356.090282471807,664.223706182746,583.3432660385319,149.8886279790411,71.14107307517226,0.0,
AutoClaims,nanoTabPFN-ACB0-s92,ACB0,92,13,50.0,49.99999999999999,1.1819403973002671,200,1000,7,0.0741072110391115,0.06594554421920379,1001.6066834176522,3404.0592136368678,7501.810291958392,14338.236062895567,662.3826122916563,585.7822334300257,180.7767359758006,46.07503761045437,0.0,
AutoClaims,nanoTabPFN-ACB0-s92,ACB0,92,14,1.0,1.0,1.0942798745589677,200,1000,78,2.1281186280572033,2.025750688395216,1084.0783115973775,4571.054810805033,505169.27995883854,682507.1090588025,608.2598765632376,530.6098161337997,4957.333062039653,679.9835412593761,0.0,
AutoClaims,nanoTabPFN-ACB0-s92,ACB0,92,14,4.0,4.0,1.0942798745589677,200,1000,53,0.3205951623363705,0.3014029353670989,1117.3970545826749,4293.787772851258,12841.006268871497,2243647.4015527186,609.5412926015955,515.2211452192789,155.74347254082016,2233.136466820661,0.0,
AutoClaims,nanoTabPFN-ACB0-s92,ACB0,92,14,20.0,20.0,1.0942798745589677,200,1000,14,0.18010335141188272,0.18841020208621753,1142.1993443727324,4617.947465242205,11722.760858536738,19724.35528902737,609.5999629071028,520.9931466460539,124.38424534281914,19.600714668131477,0.0,
AutoClaims,nanoTabPFN-ACB0-s92,ACB0,92,14,50.0,50.00000000000001,1.0942798745589677,200,1000,6,0.11721245103212473,0.12574231328421243,1181.0430835495454,4592.468270739292,10804.155653090573,18015.832782370362,612.080543048848,520.5310692162318,124.42174747676746,19.9582114869643,0.0,
AutoClaims,nanoTabPFN-ACB0-s92,ACB0,92,15,1.0,1.0,1.1900438130634738,200,1000,81,2.0917576105983495,1.9658704510871783,1015.3844106067298,3684.881635537129,350817.5879509509,518150.51358998066,729.0237685963185,721.0257353944891,3512.0305790275156,516.3935925468978,0.0,
AutoClaims,nanoTabPFN-ACB0-s92,ACB0,92,15,4.0,3.9999999999999996,1.1900438130634738,200,1000,58,0.06868948883807546,0.05332126872297653,1079.8844167578966,3502.6325831564964,7428.07929679261,1069928.104312115,729.7344317362141,726.5773042706281,335.57176796147695,1060.6041908519544,0.0,
AutoClaims,nanoTabPFN-ACB0-s92,ACB0,92,15,20.0,19.999999999999996,1.1900438130634738,200,1000,18,0.03430363274759466,0.027536652952622226,1153.4299142916486,3768.9912493990687,7832.019830802099,13495.343303369167,736.002326959715,717.2697346556832,320.4310933943343,129.12417644859883,0.0,
AutoClaims,nanoTabPFN-ACB0-s92,ACB0,92,15,50.0,50.0,1.1900438130634738,200,1000,7,-0.025392822128940996,-0.029834732565158464,1198.4543272521819,3831.446977183629,7486.134306264587,12784.104824931575,739.3220413436857,718.377779165235,332.8136835461571,133.58602789714962,0.0,
AutoClaims,nanoTabPFN-ACB0-s92,ACB0,92,16,1.0,1.0,1.0707203523739839,200,1000,77,2.0925325552395995,1.9989158970860947,1147.25135151163,5208.031395713277,558923.368441633,763963.3607200526,670.3454649129832,809.6759471707659,5402.352817491584,760.4153218595425,0.0,
AutoClaims,nanoTabPFN-ACB0-s92,ACB0,92,16,4.0,4.0,1.0707203523739839,200,1000,49,0.26704741355482636,0.27329950371150097,1170.4007617050652,5163.172362159076,14091.158497184755,2447247.994014506,666.6986415482138,668.1166111135208,868.3150424256464,2452.417276399781,0.0,
AutoClaims,nanoTabPFN-ACB0-s92,ACB0,92,16,20.0,20.0,1.0707203523739839,200,1000,12,0.13245763901470833,0.16037422823368208,1118.1212034408836,5089.889924545163,12370.281968690142,19720.631426198102,671.4979121206788,664.8490266451556,201.09457387376077,114.44712003684512,0.0,
AutoClaims,nanoTabPFN-ACB0-s92,ACB0,92,16,50.0,49.99999999999999,1.0707203523739839,200,1000,5,0.0902326168630959,0.11419702977901398,1264.8601503209175,5188.8831674297635,11805.132800871796,19325.728447448117,680.5102126249664,674.3421184697627,203.37345919886485,65.05755716067915,0.0,
AutoClaims,nanoTabPFN-ACB0-s92,ACB0,92,17,1.0,1.0,1.1308262995247818,200,1000,79,2.0542881492917684,1.9488401952359706,1024.4026992456656,4102.814056681959,377520.93476931006,607065.5277373876,632.6769082682415,516.9005218776039,3673.562666809188,604.424985798272,0.0,
AutoClaims,nanoTabPFN-ACB0-s92,ACB0,92,17,4.0,4.0,1.1308262995247818,200,1000,55,0.03848870759019685,0.046856189509383285,1107.9898337181141,3990.963982376432,8384.47186820761,1362833.8303206768,632.4688627483071,513.4841270287134,307.27571537195973,1394.0908671913678,0.0,
AutoClaims,nanoTabPFN-ACB0-s92,ACB0,92,17,20.0,20.0,1.1308262995247818,200,1000,16,0.16463811111284657,0.15594596872130329,1129.7010319766414,4073.1139384538033,9976.79372874976,17463.413930780203,633.8792761612378,515.9411683277343,118.06348630545588,17.539997399695917,0.0,
AutoClaims,nanoTabPFN-ACB0-s92,ACB0,92,17,50.0,49.99999999999999,1.1308262995247818,200,1000,6,0.04528139874541836,0.050012926205762316,1151.0251312275486,4100.374911984545,8781.60930962839,14793.979210784226,633.4600069815069,512.7777638526946,125.51336040055138,17.462191778905552,0.0,
AutoClaims,nanoTabPFN-ACB0-s92,ACB0,92,18,1.0,1.0,1.0556156785672368,200,1000,79,2.063703615497946,1.9676589754597509,962.4072791575625,4378.408198209703,419899.93849154946,560500.4769831274,631.7946084856112,554.5048378323985,4175.921089319569,558.6568743677435,0.0,
AutoClaims,nanoTabPFN-ACB0-s92,ACB0,92,18,4.0,4.000000000000001,1.0556156785672368,200,1000,48,0.15250283990309127,0.172744723746333,968.1990249991889,4229.040406763358,10384.42307560347,1760071.7909445008,631.2614747264975,549.0073049549793,143.0182602384158,1744.9457894638062,0.0,
AutoClaims,nanoTabPFN-ACB0-s92,ACB0,92,18,20.0,20.0,1.0556156785672368,200,1000,11,0.0015808377303865742,0.051954567933020994,897.719125598067,4220.588927020831,8943.883672256201,13771.397747395558,633.8763151337344,547.5883311562754,151.29143388778,42.545510046808076,0.0,
AutoClaims,nanoTabPFN-ACB0-s92,ACB0,92,18,50.0,50.00000000000001,1.0556156785672368,200,1000,4,-0.030938349076506184,-0.005205918003633027,1203.2424797844233,4518.760851332461,9050.594112749182,13424.182341296822,638.9470018238655,550.2913884754687,150.64668202809221,43.30651938681844,0.0,
AutoClaims,nanoTabPFN-ACB0-s92,ACB0,92,19,1.0,1.0,1.1964029204789302,200,1000,77,2.1024036003669564,2.0043255598694234,1055.316715454287,4458.774406317111,480117.7135463434,711184.5987919751,658.512854666641,568.4945818851362,4625.927501691507,707.7518329442701,0.0,
AutoClaims,nanoTabPFN-ACB0-s92,ACB0,92,19,4.0,4.0,1.1964029204789302,200,1000,56,0.2300869054477322,0.22538742581830004,1125.1445482803863,4397.257294996003,11817.095123997824,2040173.58239316,659.0676648875033,564.6358878694894,183.93233457110944,2010.820550451525,0.0,
AutoClaims,nanoTabPFN-ACB0-s92,ACB0,92,19,20.0,20.0,1.1964029204789302,200,1000,18,0.17007128907961427,0.17523867907384355,1162.8669499507973,4660.228668001925,11609.172823023886,23575.50481122353,665.6650939230742,566.3363266208745,141.04796971407052,24.231879954636298,0.0,
AutoClaims,nanoTabPFN-ACB0-s92,ACB0,92,19,50.0,49.99999999999999,1.1964029204789302,200,1000,7,0.12423960668770902,0.13316611546752383,1134.7089281283734,4408.930025559719,10383.31214156484,19110.823344524586,661.6969447136141,569.9147010858156,147.67799802661372,24.660456965747084,0.0,
AutoClaims,nanoTabPFN-A0B0-s93,A0B0,93,0,1.0,1.0,1.0890597353874993,200,1000,83,2.123789445409827,1.974589666807593,1001.2965515339391,3235.08181437604,316906.78406250547,438148.58892713574,637.1977881844095,561.1458633087428,3131.921564734679,436.1295208037356,0.1,
AutoClaims,nanoTabPFN-A0B0-s93,A0B0,93,0,4.0,4.0,1.0890597353874993,200,1000,53,2.484083936594674,2.321945751038948,961.5963607180022,2951.296290658052,638549.0879281557,1685951.1038798098,638.5147365292282,573.0021424710632,5986.401545039588,1679.5765220060969,0.0,
AutoClaims,nanoTabPFN-A0B0-s93,A0B0,93,0,20.0,20.0,1.0890597353874993,200,1000,14,3.0533875373149693,2.8571652403179018,1118.890308170544,3026.518549966644,2200312.7923302334,8325136.478827741,637.6291521642455,567.7967730681353,23130.684282715072,8310.704629062966,0.0,
AutoClaims,nanoTabPFN-A0B0-s93,A0B0,93,0,50.0,50.00000000000001,1.0890597353874993,200,1000,5,0.04537470152539505,-0.016743749706253377,1305.1937168708228,3417.066102263064,6719.365945489982,19319822.543708876,646.7862213160457,546.0124057326271,11552.437259407396,19135.14849519234,0.0,
AutoClaims,nanoTabPFN-A0B0-s93,A0B0,93,1,1.0,1.0,1.1399813424103227,200,1000,78,2.162221645706016,2.0485482494209726,1066.0810354511445,4320.165034686423,489775.11739651056,632796.5615234303,664.2597836858465,590.2720950853471,4887.249045367414,631.0319913962471,0.0,
AutoClaims,nanoTabPFN-A0B0-s93,A0B0,93,1,4.0,4.0,1.1399813424103227,200,1000,55,2.4607641357386805,2.340307190846652,961.7831123924207,3659.478351448202,837621.1533139928,2414761.2699650195,661.6064879979515,598.7874518401618,8506.923858088709,2410.002708965347,0.0,
AutoClaims,nanoTabPFN-A0B0-s93,A0B0,93,1,20.0,19.999999999999996,1.1399813424103227,200,1000,16,3.172155185885448,2.997313971564837,1232.2330203459119,3616.0172901228425,3623572.940201194,12011071.607918996,676.4961104051482,602.5790710790758,36809.74348237526,11979.680237534827,0.0,
AutoClaims,nanoTabPFN-A0B0-s93,A0B0,93,1,50.0,49.999999999999986,1.1399813424103227,200,1000,6,0.6701061154079782,0.584873711752334,1407.1298932474547,4447.665859447276,21339.96689200731,28090650.60577285,698.2143394915583,587.4973205215936,25297.326974263982,27802.577485013713,0.0,
AutoClaims,nanoTabPFN-A0B0-s93,A0B0,93,2,1.0,1.0,1.0417438422645786,200,1000,81,2.037822783949807,1.930543629272796,1110.1439959672707,4436.551219499728,406995.86635658063,567353.685617649,656.6156605244046,764.1960063009818,3961.7210864934673,564.6204638745592,0.0,
AutoClaims,nanoTabPFN-A0B0-s93,A0B0,93,2,4.0,3.9999999999999996,1.0417438422645786,200,1000,46,2.356068389208999,2.254649290336587,918.9481364052718,4141.904210732639,750398.8293733419,2177234.6450713957,647.2281427847333,584.4019384016423,7267.980279625824,2172.190325618217,0.0,
AutoClaims,nanoTabPFN-A0B0-s93,A0B0,93,2,20.0,20.0,1.0417438422645786,200,1000,10,2.971776316298105,2.825377780998401,1265.7793345182167,4236.338338210491,2893926.1018726774,10793971.881690644,658.2796483062839,583.3784055951661,30289.327378244638,10769.808470381568,0.0,
AutoClaims,nanoTabPFN-A0B0-s93,A0B0,93,2,50.0,49.99999999999999,1.0417438422645786,200,1000,4,0.06511263002314872,0.007558523356284452,1623.0208392198765,4371.660380189855,8824.132283346136,25298063.120252334,704.4408770457844,572.1052888591631,19656.671336626336,25133.913669465877,0.0,
AutoClaims,nanoTabPFN-A0B0-s93,A0B0,93,3,1.0,1.0,1.0530618806815772,200,1000,80,2.069497248948488,1.9684924238492683,1177.014376141957,5272.822075997885,505382.60592603375,666805.9611445965,649.1319943362737,625.5180749064311,5005.066612397503,664.6875481095793,0.0,
AutoClaims,nanoTabPFN-A0B0-s93,A0B0,93,3,4.0,3.999999999999999,1.0530618806815772,200,1000,47,2.0846144805543374,1.9881202451017765,1070.3485261848086,4722.75459086247,459970.68076562515,2506137.334555126,645.2360587308937,587.6980056731853,5818.605588933207,2502.786052274018,0.0,
AutoClaims,nanoTabPFN-A0B0-s93,A0B0,93,3,20.0,20.0,1.0530618806815772,200,1000,11,3.072124795666285,2.9112439693469163,1421.3351777724968,4471.4050458059955,3666054.072541736,12660087.661583703,671.7467658993431,582.628529173203,38455.05258382064,12640.12344067088,0.0,
AutoClaims,nanoTabPFN-A0B0-s93,A0B0,93,3,50.0,50.0,1.0530618806815772,200,1000,4,0.07589620229184638,0.03020710761711228,1793.5067512408878,5024.624989078666,10348.323128965421,29705351.285446264,733.1426676161983,591.029367089466,28242.000840651854,29469.416353669167,0.0,
AutoClaims,nanoTabPFN-A0B0-s93,A0B0,93,4,1.0,1.0,1.17791411492828,200,1000,76,2.1867358901123635,2.085143838930331,1060.2346823798493,4626.920933744319,566194.3010664339,746515.5851214842,633.8702059281848,584.6181215051142,5668.085603927314,744.9570509997674,0.0,
AutoClaims,nanoTabPFN-A0B0-s93,A0B0,93,4,4.0,4.0,1.17791411492828,200,1000,56,2.437862931420794,2.3254789966624165,918.3644824026586,3967.1407642962713,829777.5539049277,2838053.2721436415,635.8855785934942,566.0831323408237,9196.335678713063,2841.0243879379855,0.1,
AutoClaims,nanoTabPFN-A0B0-s93,A0B0,93,4,20.0,20.0,1.17791411492828,200,1000,17,3.228814699739636,3.0646436404625956,1314.4708627716318,3996.1301365702557,4676743.184620805,14236235.213949468,651.9679727749484,563.4105864704984,48434.54442766962,14230.940548618462,0.0,
AutoClaims,nanoTabPFN-A0B0-s93,A0B0,93,4,50.0,50.00000000000001,1.17791411492828,200,1000,7,0.08856856330030109,0.07854023731139424,1481.501672118944,5035.444641176146,11079.488634736877,32890641.150028136,673.3663856330837,573.1964227117244,30955.534618503836,32650.24428488517,0.0,
AutoClaims,nanoTabPFN-A0B0-s93,A0B0,93,5,1.0,1.0,1.0764213413513855,200,1000,79,2.0802914571097775,1.9884633468252233,925.137309870863,4299.520391949419,424207.2751604954,507509.00748069,656.0662250674591,598.2541800197565,4203.101337306799,505.4746981446463,0.0,
AutoClaims,nanoTabPFN-A0B0-s93,A0B0,93,5,4.0,4.0,1.0764213413513855,200,1000,51,2.5141796268130077,2.38935254570188,828.9303050728608,3182.441543198766,766750.6285309263,1933304.5896372688,658.7071085849453,609.8468665688664,8027.695436639846,1935.2683667165688,0.0,
AutoClaims,nanoTabPFN-A0B0-s93,A0B0,93,5,20.0,19.999999999999996,1.0764213413513855,200,1000,13,3.14333734527,2.9721210698361293,1134.3096209802466,3373.130188171957,3161788.5809536194,9593917.05919409,660.1122500065424,601.7886761405891,32489.525857208908,9588.300441707406,0.0,
AutoClaims,nanoTabPFN-A0B0-s93,A0B0,93,5,50.0,49.999999999999986,1.0764213413513855,200,1000,5,0.08471140112633187,0.03567702891137945,1374.2425136782545,3791.2115157594517,7855.4577657121645,22375454.789870188,680.3292601331696,592.1269630109396,21177.89103285809,22282.777797483002,0.0,
AutoClaims,nanoTabPFN-A0B0-s93,A0B0,93,6,1.0,1.0,1.1891578208335396,200,1000,76,2.1813227464628957,2.0639359604622087,1174.3801405505887,4473.226136864781,536928.2656204598,707871.6547056155,669.6911950204417,629.0544169434905,5343.257626700049,705.9292705047101,0.0,
AutoClaims,nanoTabPFN-A0B0-s93,A0B0,93,6,4.0,3.999999999999999,1.1891578208335396,200,1000,56,2.605420826607687,2.4810908856557172,1026.2137038423325,3966.655712996357,1184086.7077898425,2730529.8979336284,664.0856305493191,617.2695310454578,11755.36291816596,2727.991328231819,0.0,
AutoClaims,nanoTabPFN-A0B0-s93,A0B0,93,6,20.0,20.0,1.1891578208335396,200,1000,18,3.223275820276096,3.0339171792320023,1380.104872148071,3875.4113374599583,4193188.888471809,13473105.325583732,691.229751885418,619.7564606971728,41787.024118206784,13449.165439522789,0.0,
AutoClaims,nanoTabPFN-A0B0-s93,A0B0,93,6,50.0,50.0,1.1891578208335396,200,1000,7,0.11748932454948123,0.09631763740310645,1499.2761955438527,4851.264669578473,10856.118807413832,31158117.90165174,705.5193033678546,629.5297576065159,23085.72367333629,30926.48193044057,0.0,
AutoClaims,nanoTabPFN-A0B0-s93,A0B0,93,7,1.0,1.0,1.0831492575024684,200,1000,77,2.0783716197980335,2.0090372271422945,1208.6522752738927,6884.328228074014,712037.4875428433,867785.3360726789,669.9256940365359,648.9134145452424,7072.727343200749,865.6558876055019,0.0,
AutoClaims,nanoTabPFN-A0B0-s93,A0B0,93,7,4.0,4.0,1.0831492575024684,200,1000,51,2.4325088579821172,2.348693016013561,1010.4781650351842,5355.5044344644175,1187319.8520661965,3299583.2333084997,657.6521779898621,583.1274300002274,11677.078515705678,3294.3194482742074,0.0,
AutoClaims,nanoTabPFN-A0B0-s93,A0B0,93,7,20.0,20.0,1.0831492575024684,200,1000,13,3.186749016280082,3.04521195547974,1492.2919139521346,5204.907210236041,5829125.5613902155,16478903.349316023,701.9380549650197,591.6568433613157,57672.83445263021,16445.541352050885,0.0,
AutoClaims,nanoTabPFN-A0B0-s93,A0B0,93,7,50.0,49.99999999999999,1.0831492575024684,200,1000,5,0.29305410331416837,0.24516475414279204,1916.77265308584,6120.192924267871,16816.994819176944,38563258.257270135,779.7859463398704,614.5245474909887,39343.41976928685,38288.48252050948,0.0,
AutoClaims,nanoTabPFN-A0B0-s93,A0B0,93,8,1.0,1.0,1.0735953346285172,200,1000,79,2.1015978401090503,1.9977638045705568,996.9350258443133,4211.9124129537795,423840.86649658636,529025.998830915,598.093409717941,562.4241374518311,4143.073867933855,526.5405990925182,0.0,
AutoClaims,nanoTabPFN-A0B0-s93,A0B0,93,8,4.0,4.0,1.0735953346285172,200,1000,51,2.3851788390464246,2.270945696554408,859.1435240072245,3576.919499514115,673991.2246024162,2010048.991734524,597.7000503745822,525.2226085817791,6734.013179650773,2004.4633592371906,0.0,
AutoClaims,nanoTabPFN-A0B0-s93,A0B0,93,8,20.0,20.000000000000004,1.0735953346285172,200,1000,12,3.176852959576261,3.0173608881563454,1108.486032655284,3315.505250562368,3577864.488252981,10065293.429946493,601.6600096350681,535.2183978498397,34463.71728218036,10029.550473721867,0.0,
AutoClaims,nanoTabPFN-A0B0-s93,A0B0,93,8,50.0,50.00000000000001,1.0735953346285172,200,1000,5,0.27545169304351363,0.20031721702134267,1372.8852420613093,3912.743113801239,10151.813220001108,23593075.41417984,627.2240003729323,509.151395223205,26110.941843626686,23280.631969847895,0.0,
AutoClaims,nanoTabPFN-A0B0-s93,A0B0,93,9,1.0,1.0,1.0569823574821817,200,1000,79,2.0517001749050383,1.9607493696273346,984.1504405871538,4760.958158719577,443548.0615852877,584186.591521854,646.3221181424628,560.6581658881773,4403.891485656542,582.2143830057347,0.0,
AutoClaims,nanoTabPFN-A0B0-s93,A0B0,93,9,4.0,4.0,1.0569823574821817,200,1000,48,2.3969772077374447,2.2996209863646517,883.8211876643195,4193.110536566884,816029.5953318644,2236622.181114163,648.8142663638795,552.7897090163133,8469.980205409021,2238.037966459809,0.0,
AutoClaims,nanoTabPFN-A0B0-s93,A0B0,93,9,20.0,20.0,1.0569823574821817,200,1000,11,3.0773543485295187,2.9345008447022396,1246.5033516340131,4356.025882460704,3768861.839540119,11145554.806592666,650.5563897069502,562.0231137624978,37796.41312314078,11132.711418829278,0.0,
AutoClaims,nanoTabPFN-A0B0-s93,A0B0,93,9,50.0,50.00000000000001,1.0569823574821817,200,1000,5,0.15207053988653227,0.09205805712009921,1583.159564638463,4402.043416883638,9849.823211703753,26040844.7526732,687.6650985675208,554.6980762617281,25237.941676466613,25918.187481388482,0.0,
AutoClaims,nanoTabPFN-A0B0-s93,A0B0,93,10,1.0,1.0,1.1048584817648441,200,1000,78,2.0918263288212313,2.001090882047965,1039.3544874907743,4997.279540699379,506085.3030960919,633745.7565592038,645.2624696297911,564.6391062091244,5021.679054574741,631.7231575489315,0.0,
AutoClaims,nanoTabPFN-A0B0-s93,A0B0,93,10,4.0,4.0,1.1048584817648441,200,1000,54,2.5311767909906018,2.418760965644534,968.3749285832959,4060.1733808495405,1068022.2482968199,2434900.2189062494,644.4115490229169,558.3416333940141,10208.459765561614,2428.4595683392577,0.0,
AutoClaims,nanoTabPFN-A0B0-s93,A0B0,93,10,20.0,20.000000000000004,1.1048584817648441,200,1000,14,3.201178334667528,3.042659450266014,1296.6021385693948,4083.4495329973124,4545180.4578181505,12088416.013543377,664.8494846359039,557.4280922912014,43016.278167907316,12042.764507569822,0.0,
AutoClaims,nanoTabPFN-A0B0-s93,A0B0,93,10,50.0,49.99999999999999,1.1048584817648441,200,1000,6,0.8333964045376377,0.7130053857668605,1593.513961814927,4641.635609575525,28588.12364772431,28477111.083469078,706.2087787067331,557.1629487455286,31441.824717928008,28160.994652918704,0.0,
AutoClaims,nanoTabPFN-A0B0-s93,A0B0,93,11,1.0,1.0,1.1477256577516024,200,1000,80,2.091698257190845,1.982995191659104,933.1620706851623,3912.218691211361,379407.81397804694,470723.27668886347,638.0394449012738,583.4049382992496,3758.590291558955,468.7391342386757,0.0,
AutoClaims,nanoTabPFN-A0B0-s93,A0B0,93,11,4.0,3.999999999999999,1.1477256577516024,200,1000,56,2.4501183027946527,2.314639109390168,867.5086421881311,3158.789640937059,650285.8026917154,1792533.3683594917,641.4878436546524,598.2165002162617,6518.436094637122,1790.8454675451658,0.0,
AutoClaims,nanoTabPFN-A0B0-s93,A0B0,93,11,20.0,19.999999999999996,1.1477256577516024,200,1000,16,3.1530223097134096,2.9624301400847264,1080.6977343038566,3019.288033226273,2810309.449840922,8913281.918396633,636.5256097965788,604.3021506644769,27626.00455091749,8887.876152091258,0.0,
AutoClaims,nanoTabPFN-A0B0-s93,A0B0,93,11,50.0,50.0,1.1477256577516024,200,1000,7,0.654368268659875,0.5395737429017766,1259.225734744542,3511.5430459132144,15696.486209165934,20931702.765806414,645.9706485065292,586.5754669419996,18822.984577542225,20717.95901275387,0.0,
AutoClaims,nanoTabPFN-A0B0-s93,A0B0,93,12,1.0,1.0,1.0782534829491874,200,1000,80,2.057056134685322,1.960290301889735,1057.1393212296668,4653.87812388953,441180.00422459,576069.0693600454,599.855285197273,561.8829669165394,4315.6516794206955,573.5553262818241,0.0,
AutoClaims,nanoTabPFN-A0B0-s93,A0B0,93,12,4.0,4.0,1.0782534829491874,200,1000,51,2.4413054873694087,2.3252981196384863,957.6982629749741,3924.972017594717,848016.4048917282,2208259.831802321,598.522649863859,538.4481993668743,7903.177322129436,2198.156646264109,0.0,
AutoClaims,nanoTabPFN-A0B0-s93,A0B0,93,12,20.0,20.0,1.0782534829491874,200,1000,13,3.0952479861960622,2.9349719909137058,1257.0345179422231,3991.7272516137978,3400626.8008501288,10951015.248090938,614.2458214576017,537.3911405040046,33936.5469753841,10909.705001096772,0.0,
AutoClaims,nanoTabPFN-A0B0-s93,A0B0,93,12,50.0,50.0,1.0782534829491874,200,1000,5,0.07183011718834793,0.025101685868502185,1536.5970915492644,4328.49031356017,8913.250781406005,25570598.79033144,650.3891898769112,543.8434223995528,22459.22077319968,25196.37641866434,0.0,
AutoClaims,nanoTabPFN-A0B0-s93,A0B0,93,13,1.0,1.0,1.1819403973002671,200,1000,78,2.1587781796566667,2.0361795537994833,980.7583429496162,3690.2892340809212,425207.17243143317,567664.8084267833,662.7085657708393,609.653346087559,4200.395032183982,565.4534022266071,0.0,
AutoClaims,nanoTabPFN-A0B0-s93,A0B0,93,13,4.0,4.0,1.1819403973002671,200,1000,57,2.541154756728918,2.404822995056095,927.5707875610926,3254.3121235875215,833041.1424415092,2179885.4003223707,664.2631613660673,596.7265796472677,8140.322131204113,2173.5737869081076,0.0,
AutoClaims,nanoTabPFN-A0B0-s93,A0B0,93,13,20.0,20.000000000000004,1.1819403973002671,200,1000,17,3.2091904150188912,3.0044170766814964,1203.9513983281731,3181.5567912708952,3259549.2905900003,10802845.472473033,668.3068222368199,605.0455723589945,33782.67328610227,10769.804518460207,0.0,
AutoClaims,nanoTabPFN-A0B0-s93,A0B0,93,13,50.0,49.99999999999999,1.1819403973002671,200,1000,7,0.7723917369895571,0.671075588399766,1302.3663263807957,4004.305968191913,22776.5151692556,25251133.35973246,676.9820869328857,575.148841516783,25801.542641908443,24918.837202750285,0.0,
AutoClaims,nanoTabPFN-A0B0-s93,A0B0,93,14,1.0,1.0,1.0942798745589677,200,1000,78,2.130437474943924,2.0317568096649303,1155.6668763713965,5228.461723878339,568233.0440708937,688813.8772506276,611.4995619279524,553.2817923333371,5595.790137823826,686.3680002603901,0.0,
AutoClaims,nanoTabPFN-A0B0-s93,A0B0,93,14,4.0,4.0,1.0942798745589677,200,1000,53,2.5677486864812535,2.4492431557228165,983.6707851674274,3974.1924657861264,1120900.3606742974,2635331.347089136,604.4584234858908,513.145927351574,11108.401422646442,2632.646675496997,0.0,
AutoClaims,nanoTabPFN-A0B0-s93,A0B0,93,14,20.0,20.0,1.0942798745589677,200,1000,14,3.1794030500656683,3.0128434336571237,1366.2676865228286,4234.909198652192,4429628.987554753,13052203.988478538,629.8394357435104,520.3315806651144,44124.02277262303,13029.34276866398,0.0,
AutoClaims,nanoTabPFN-A0B0-s93,A0B0,93,14,50.0,50.00000000000001,1.0942798745589677,200,1000,6,0.18745835215551776,0.13941147063242823,1650.7676506550943,4944.511934835142,11780.468481307613,30439514.803056285,673.3352875313868,531.9957795521839,27029.871891055904,30132.0154634396,0.0,
AutoClaims,nanoTabPFN-A0B0-s93,A0B0,93,15,1.0,1.0,1.1900438130634738,200,1000,81,2.1180106842141138,1.9916104433205473,1089.944422740124,3982.192363199785,397489.2158488517,522817.14069706475,732.0904980154091,718.1765528629004,3977.010710069941,521.0433006743127,0.0,
AutoClaims,nanoTabPFN-A0B0-s93,A0B0,93,15,4.0,3.9999999999999996,1.1900438130634738,200,1000,58,2.367061825266846,2.2317532255519676,984.992038956208,3539.519166955889,612039.8708131346,1989334.3921614334,727.4964812850684,728.549637656694,6501.406771375726,1988.0492829884902,0.0,
AutoClaims,nanoTabPFN-A0B0-s93,A0B0,93,15,20.0,19.999999999999996,1.1900438130634738,200,1000,18,2.983798929013878,2.786031835805595,1217.7538083245481,3267.2187496692204,2003662.6500744796,9834988.174655117,738.322590154883,740.7740841790796,24121.45399480325,9818.301449094839,0.0,
AutoClaims,nanoTabPFN-A0B0-s93,A0B0,93,15,50.0,50.0,1.1900438130634738,200,1000,7,0.04546713396629882,0.003289324816582762,1349.5971619972543,3842.2003329140707,7764.286075630598,22894896.215807606,753.4058727880104,715.0122062473017,15822.966860553384,22686.352649961726,0.0,
AutoClaims,nanoTabPFN-A0B0-s93,A0B0,93,16,1.0,1.0,1.0707203523739839,200,1000,77,2.1170854684438623,2.023139819152645,1234.699377978071,5730.572310643255,613272.774813603,769399.9816734174,674.9383951092054,942.7839856048873,6041.271267222102,766.8044843909147,0.0,
AutoClaims,nanoTabPFN-A0B0-s93,A0B0,93,16,4.0,4.0,1.0707203523739839,200,1000,49,2.481699579359874,2.3893413956642062,1017.2375091026881,4806.688882222944,1166179.5351103344,2943798.2349673277,661.4539577335945,664.7161937650801,11411.2469527686,2935.7041948523306,0.0,
AutoClaims,nanoTabPFN-A0B0-s93,A0B0,93,16,20.0,20.0,1.0707203523739839,200,1000,12,3.223773560869336,3.0819421105081153,1448.7012268767012,4695.728358720456,5932452.621973427,14721524.646952877,698.1995124875821,683.0530142020255,58467.06372046553,14688.936440818465,0.0,
AutoClaims,nanoTabPFN-A0B0-s93,A0B0,93,16,50.0,49.99999999999999,1.0707203523739839,200,1000,5,0.7992884384411344,0.6891091987019374,1791.7368821694472,5483.606569958224,32580.465942717055,34519895.44347866,764.9055775730999,673.5390844533774,49787.7986269966,34147.91656195773,0.0,
AutoClaims,nanoTabPFN-A0B0-s93,A0B0,93,17,1.0,1.0,1.1308262995247818,200,1000,79,2.111165268950784,1.9918268295106374,1053.5186907739637,4001.5641389076777,415533.22412295453,610865.7689085717,632.8430072192941,523.5794356694188,4054.856015352292,608.237879874023,0.0,
AutoClaims,nanoTabPFN-A0B0-s93,A0B0,93,17,4.0,4.0,1.1308262995247818,200,1000,55,2.342577666625106,2.216832501394434,986.0444301257487,3776.9221966317828,620124.0798312658,2334837.6911079017,630.364453976416,515.3426889650467,7188.176875268955,2334.4867146718884,0.0,
AutoClaims,nanoTabPFN-A0B0-s93,A0B0,93,17,20.0,20.0,1.1308262995247818,200,1000,16,3.049255218499903,2.8604393147084113,1258.5049988530384,3615.2054523153683,2600283.6353507927,11617818.365455719,639.1509015015653,521.9884573268121,31083.341846081086,11634.327269609523,0.0,
AutoClaims,nanoTabPFN-A0B0-s93,A0B0,93,17,50.0,49.99999999999999,1.1308262995247818,200,1000,6,-0.00800486991455963,-0.026750354415678565,1439.7270323154894,4365.24744849944,8476.719263803736,26761389.733093496,656.9661610252031,517.7752597671422,20183.74841039496,26693.784876936636,0.0,
AutoClaims,nanoTabPFN-A0B0-s93,A0B0,93,18,1.0,1.0,1.0556156785672368,200,1000,79,2.05096083577199,1.9593458753356592,1056.9215937775136,5014.3166180081425,461750.1650993973,564686.4037184766,633.445174584908,561.9739352898334,4608.4678773076885,562.9822002986928,0.0,
AutoClaims,nanoTabPFN-A0B0-s93,A0B0,93,18,4.0,4.000000000000001,1.0556156785672368,200,1000,48,2.308762065116893,2.204896609328603,912.3255753975443,3950.097779242551,639322.2754393332,2133672.183032195,631.6563467273152,552.1834430654012,6805.234867384061,2136.1800759741927,0.0,
AutoClaims,nanoTabPFN-A0B0-s93,A0B0,93,18,20.0,20.0,1.0556156785672368,200,1000,11,3.0541166288783974,2.8999211066982253,1228.0034450727092,4045.4682609035985,3176810.695187231,10660183.90367487,640.6489775883665,557.78267262506,33001.404416274956,10660.637943357815,0.0,
AutoClaims,nanoTabPFN-A0B0-s93,A0B0,93,18,50.0,50.00000000000001,1.0556156785672368,200,1000,4,0.11497617200191655,0.05635817090845347,1551.3389380221151,4279.422717812938,9175.214660919773,24990074.50611584,679.8303953640975,546.9984767351735,19243.700161991685,24889.314589937458,0.0,
AutoClaims,nanoTabPFN-A0B0-s93,A0B0,93,19,1.0,1.0,1.1964029204789302,200,1000,77,2.139363669720696,2.032388521211112,1141.8331431217043,4783.545550810768,537908.2787961289,716964.9439126333,660.9844663028438,577.4685414441049,5269.011121710037,714.1824949646823,0.0,
AutoClaims,nanoTabPFN-A0B0-s93,A0B0,93,19,4.0,4.0,1.1964029204789302,200,1000,56,2.478200787583362,2.370895922475306,974.0560574829641,4223.247103824791,998784.2559262086,2747892.015840026,656.0194292978698,566.5746637450965,9678.130914522062,2735.4007176606797,0.0,
AutoClaims,nanoTabPFN-A0B0-s93,A0B0,93,19,20.0,20.0,1.1964029204789302,200,1000,18,3.227430050771807,3.0477775240747533,1357.4028504300068,4017.6195857105236,4477811.152162494,13681139.189885534,677.7994274512669,567.0161713519923,44285.46935250264,13653.442405348176,0.0,
AutoClaims,nanoTabPFN-A0B0-s93,A0B0,93,19,50.0,49.99999999999999,1.1964029204789302,200,1000,7,0.0878228890429107,0.06421072579930648,1546.2577703748148,4930.27863477973,10673.273704563268,31689454.425435603,703.1223954020838,569.2448797796978,23143.761091354423,31351.4482312385,0.0,
AutoClaims,nanoTabPFN-A1B0-s93,A1B0,93,0,1.0,1.0,1.0890597353874993,200,1000,83,2.070910069098214,1.9576185664535775,949.3819989201309,3778.749555515778,346725.0595059363,441129.30796748615,638.9652424505466,550.0814651679035,3434.3068351656784,439.1532742342837,0.1,
AutoClaims,nanoTabPFN-A1B0-s93,A1B0,93,0,4.0,4.0,1.0890597353874993,200,1000,53,0.6812505029740699,0.617305094925512,904.4940576945598,3294.199468401185,16951.66211918799,1599016.8010410315,641.6629007597321,552.3451446186374,1315.0141878966117,1587.6883191069924,0.0,
AutoClaims,nanoTabPFN-A1B0-s93,A1B0,93,0,20.0,20.0,1.0890597353874993,200,1000,14,0.4808902602377119,0.44440992253599304,999.0312822665901,3783.3584343025645,14285.566927299307,68526.34634090075,636.5850884361398,539.1752267424112,177.27079521370104,478.85393767199594,0.0,
AutoClaims,nanoTabPFN-A1B0-s93,A1B0,93,0,50.0,50.00000000000001,1.0890597353874993,200,1000,5,0.2571818436399876,0.20323745911903504,1166.9121962854401,3528.8996704057563,9087.927975822979,34025.52855883914,638.0622665112536,541.0861892843224,154.87413639361563,37.26739514889841,0.0,
AutoClaims,nanoTabPFN-A1B0-s93,A1B0,93,1,1.0,1.0,1.1399813424103227,200,1000,78,2.1828173070711814,2.0783885637306265,931.224612361538,4056.0961494198236,491936.34590806987,633012.1302134295,662.379323748332,602.7774017915327,4907.931088896179,631.2388227658272,0.0,
AutoClaims,nanoTabPFN-A1B0-s93,A1B0,93,1,4.0,4.0,1.1399813424103227,200,1000,55,0.5678783897660977,0.547704848319081,996.8988485391783,4656.168365182564,21188.010344123344,2224974.7371679065,663.6790190185485,605.220354719557,3050.7789070056288,2193.8888032954383,0.0,
AutoClaims,nanoTabPFN-A1B0-s93,A1B0,93,1,20.0,19.999999999999996,1.1399813424103227,200,1000,16,0.5353847981210985,0.5081567428607596,882.5175286793196,3758.3782991950125,15844.496720721163,67123.82400511309,664.0078037031783,600.401496778999,198.2508215128473,749.1363394701449,0.0,
AutoClaims,nanoTabPFN-A1B0-s93,A1B0,93,1,50.0,49.999999999999986,1.1399813424103227,200,1000,6,0.34911291266078437,0.3194411483579316,1232.7280799713735,4505.528579906786,13953.318510654573,59843.49586844302,679.9312548391025,594.6814349425212,185.24584616325953,61.81680502381676,0.0,
AutoClaims,nanoTabPFN-A1B0-s93,A1B0,93,2,1.0,1.0,1.0417438422645786,200,1000,81,2.069200575994716,1.9744122024871806,1012.7212387601489,4728.703558089123,459432.49444936495,572597.5280148496,647.2965133344325,622.5834617233198,4449.947787013141,569.5025306813867,0.0,
AutoClaims,nanoTabPFN-A1B0-s93,A1B0,93,2,4.0,3.9999999999999996,1.0417438422645786,200,1000,46,0.8072792395561348,0.7765596622452775,992.1804793934838,5015.679665773057,34259.21469564288,2105609.1307789227,648.0248124997383,620.3592165951759,3706.1580556970516,2085.815813435056,0.0,
AutoClaims,nanoTabPFN-A1B0-s93,A1B0,93,2,20.0,20.0,1.0417438422645786,200,1000,10,0.5115722491421851,0.5010224517696743,903.638014627898,4380.323282401049,18165.14705166429,81590.48761266221,647.0037371322014,603.5567421339413,218.32738204659404,791.1064495219372,0.0,
AutoClaims,nanoTabPFN-A1B0-s93,A1B0,93,2,50.0,49.99999999999999,1.0417438422645786,200,1000,4,0.24231121492284094,0.2126896323937407,1277.968828943306,4336.9933751509525,11329.683696066983,41206.000030689436,666.9929344655816,600.7357079158928,166.79344478536805,47.80172528863352,0.0,
AutoClaims,nanoTabPFN-A1B0-s93,A1B0,93,3,1.0,1.0,1.0530618806815772,200,1000,80,2.0863853730772264,1.9938440464622265,1107.6409888741077,5290.221071214932,529196.1267562634,669186.7868844197,646.3708660525182,615.3627423958469,5188.762115048072,666.5245254252574,0.0,
AutoClaims,nanoTabPFN-A1B0-s93,A1B0,93,3,4.0,3.999999999999999,1.0530618806815772,200,1000,47,0.6452194049905786,0.6183137718087048,1080.4069469284195,5094.306924880266,26812.879527103752,2434639.183230569,645.0329905171337,609.7215815880883,4138.191771910687,2404.539566013026,0.0,
AutoClaims,nanoTabPFN-A1B0-s93,A1B0,93,3,20.0,20.0,1.0530618806815772,200,1000,11,0.5247306254000539,0.5071628190229579,977.7801397269664,4542.3261979690615,19243.95673465343,79878.1195805615,641.9432869497842,594.3351397655885,264.621021138621,829.3349049291143,0.0,
AutoClaims,nanoTabPFN-A1B0-s93,A1B0,93,3,50.0,50.0,1.0530618806815772,200,1000,4,0.2832268060027599,0.25319447745589835,1383.9143032232414,4844.689751835927,13337.656731144802,49783.50036191615,669.6292290227583,600.6027143001406,213.76263017140423,82.221918932072,0.0,
AutoClaims,nanoTabPFN-A1B0-s93,A1B0,93,4,1.0,1.0,1.17791411492828,200,1000,76,2.2252210493683013,2.127899128189074,894.2114498336928,4102.691640300854,564713.8594916717,746369.9665751606,637.264297239457,568.8518373443557,5599.000703375248,744.2662590503525,0.0,
AutoClaims,nanoTabPFN-A1B0-s93,A1B0,93,4,4.0,4.0,1.17791411492828,200,1000,56,0.5764701806421219,0.5544920332821975,1009.4448187728162,4532.876110223154,21041.707318667228,2524581.849285218,638.8607281731813,573.6232514670462,909.4408996650292,2514.1785601278616,0.1,
AutoClaims,nanoTabPFN-A1B0-s93,A1B0,93,4,20.0,20.0,1.17791411492828,200,1000,17,0.5652448406286553,0.5540580696296361,775.4051922736844,3774.7397157146365,17236.48445717161,71482.47210955848,645.215265734925,569.8443753365747,215.979862814518,550.5117520713845,0.0,
AutoClaims,nanoTabPFN-A1B0-s93,A1B0,93,4,50.0,50.00000000000001,1.17791411492828,200,1000,7,0.3845513884486413,0.36858569471572394,1194.1041054166553,4922.029887365697,16429.717243448766,71095.53562987085,645.4101183286931,583.2276828696807,202.45982007138983,74.49572346786182,0.0,
AutoClaims,nanoTabPFN-A1B0-s93,A1B0,93,5,1.0,1.0,1.0764213413513855,200,1000,79,2.0671200584933502,1.9861848848004051,844.6641824731669,4384.202740034801,429301.06083334214,508019.2784290527,657.8821394163148,601.1894008283342,4254.780718850564,505.9915003846027,0.0,
AutoClaims,nanoTabPFN-A1B0-s93,A1B0,93,5,4.0,4.0,1.0764213413513855,200,1000,51,1.6586349612599092,1.5756860840627775,851.8047732080718,3924.934836566883,154230.10631616117,1872059.0488198216,658.6252905665218,600.8286269995592,3013.9412218658867,1862.7027599524204,0.0,
AutoClaims,nanoTabPFN-A1B0-s93,A1B0,93,5,20.0,19.999999999999996,1.0764213413513855,200,1000,13,0.5830854937781375,0.5573802881243789,817.9841158999784,3589.801513711514,16531.699756698774,76058.1413586799,659.7208906635627,603.3202086475786,213.67754265623756,525.8468337889434,0.0,
AutoClaims,nanoTabPFN-A1B0-s93,A1B0,93,5,50.0,49.999999999999986,1.0764213413513855,200,1000,5,0.3470676981533936,0.31014853693500677,1071.1805672131459,3767.6108441011975,11455.308742464367,42732.943374237264,660.0382527767376,602.578445944593,183.69845187191146,67.01740170666494,0.0,
AutoClaims,nanoTabPFN-A1B0-s93,A1B0,93,6,1.0,1.0,1.1891578208335396,200,1000,76,2.185603455379751,2.0901852168075066,972.7730830914842,4546.847334209695,564175.3424319585,710595.5589553323,664.4288382768466,625.745988673119,5576.469310905018,708.2613146187491,0.0,
AutoClaims,nanoTabPFN-A1B0-s93,A1B0,93,6,4.0,3.999999999999999,1.1891578208335396,200,1000,56,0.5343702131589092,0.520358492219032,1073.2091248718045,5136.610822141087,21909.752906434464,2441527.657766387,668.0027071195577,643.4760966915935,443.41500610137314,2415.028374981937,0.0,
AutoClaims,nanoTabPFN-A1B0-s93,A1B0,93,6,20.0,20.0,1.1891578208335396,200,1000,18,0.5405181951328222,0.5127400896680764,977.792088653579,4212.600161152011,17954.26992782999,87639.03374609056,664.5719031361141,619.360187077352,200.81478571121562,355.88713510366813,0.0,
AutoClaims,nanoTabPFN-A1B0-s93,A1B0,93,6,50.0,50.0,1.1891578208335396,200,1000,7,0.3474879206087208,0.32058107757542936,1238.5507591746373,4660.571341616768,14387.014263094756,63832.934043343885,678.0508719224925,627.4720625151435,186.48831829308793,62.91734875802588,0.0,
AutoClaims,nanoTabPFN-A1B0-s93,A1B0,93,7,1.0,1.0,1.0831492575024684,200,1000,77,2.1647003826290163,2.0844074847852676,1063.0270622278572,5547.682430682668,680140.722534077,864594.1234944197,661.2141081738225,590.4700118366019,6759.471253724099,862.5234755968081,0.0,
AutoClaims,nanoTabPFN-A1B0-s93,A1B0,93,7,4.0,4.0,1.0831492575024684,200,1000,51,0.5494105421793166,0.5483299818554149,1210.2862870393976,6421.216431344683,29897.826396395893,3047343.9526855918,668.5407014073036,631.907456334677,296.95172487218315,3029.9123087615817,0.0,
AutoClaims,nanoTabPFN-A1B0-s93,A1B0,93,7,20.0,20.0,1.0831492575024684,200,1000,13,0.6039649165759153,0.5983940959349043,909.5969200619988,5077.1809492551065,25275.48390681969,118986.49618011265,659.8811663725941,582.014145217245,238.70010495953656,121.43722155683021,0.0,
AutoClaims,nanoTabPFN-A1B0-s93,A1B0,93,7,50.0,49.99999999999999,1.0831492575024684,200,1000,5,0.391801402570668,0.3746614797886639,1520.731113708026,6253.419028182435,21214.0562710847,84485.58800732993,704.4538833632239,627.5679177740448,199.50996177827486,82.92739673810381,0.0,
AutoClaims,nanoTabPFN-A1B0-s93,A1B0,93,8,1.0,1.0,1.0735953346285172,200,1000,79,2.142649866877194,2.0393344146120453,885.016918634439,3809.444206408537,421235.2272055939,528765.3959369352,597.5122830756882,518.6478550427628,4133.0301368637565,526.440036739186,0.0,
AutoClaims,nanoTabPFN-A1B0-s93,A1B0,93,8,4.0,4.0,1.0735953346285172,200,1000,51,0.6890780241145845,0.6538620634605526,913.5537030301708,4078.1610769551453,22242.183275920437,1934559.2602620865,596.3962765929701,512.5522998630091,2725.1609483963375,1913.6875800812184,0.0,
AutoClaims,nanoTabPFN-A1B0-s93,A1B0,93,8,20.0,20.000000000000004,1.0735953346285172,200,1000,12,0.5902797573471182,0.5584467190907,772.663216163364,3413.1978482415293,15774.65923495675,66772.19551687987,602.8493287115444,516.612425219956,170.90935720766632,498.64815238610174,0.0,
AutoClaims,nanoTabPFN-A1B0-s93,A1B0,93,8,50.0,50.00000000000001,1.0735953346285172,200,1000,5,0.3758580720355088,0.33277088997008797,1104.6210016406285,3807.5362212738246,11954.870342279344,46021.76599876816,601.7721785227138,512.5283030708745,144.94723441380745,48.9523481129417,0.0,
AutoClaims,nanoTabPFN-A1B0-s93,A1B0,93,9,1.0,1.0,1.0569823574821817,200,1000,79,2.0733946997277557,1.9907536379985287,937.0870571151285,4645.198361454199,457827.6328579645,585613.0053685962,648.0929236931894,559.8471189654114,4541.197609634119,583.5873324281125,0.0,
AutoClaims,nanoTabPFN-A1B0-s93,A1B0,93,9,4.0,4.0,1.0569823574821817,200,1000,48,0.5620937638372585,0.5406268726703561,1016.6830827496817,4792.866487168025,21444.314016057815,2101395.036074274,647.4833962522249,562.3374630899873,458.69900655009616,2094.2810782601414,0.0,
AutoClaims,nanoTabPFN-A1B0-s93,A1B0,93,9,20.0,20.0,1.0569823574821817,200,1000,11,0.5457778124447618,0.533783177878266,851.5068255992576,4165.231184662566,18513.5627109118,82152.18446449944,651.1106382865021,552.7008692464509,193.97061810163584,131.94921672190574,0.0,
AutoClaims,nanoTabPFN-A1B0-s93,A1B0,93,9,50.0,50.00000000000001,1.0569823574821817,200,1000,5,0.30985082473458914,0.27859511817922605,1246.5803265328705,4368.879401516779,12700.43751562746,48538.658143642664,651.9750561942241,558.783843245102,171.2182201514737,49.045006474157894,0.0,
AutoClaims,nanoTabPFN-A1B0-s93,A1B0,93,10,1.0,1.0,1.1048584817648441,200,1000,78,2.1037758842136007,2.020246561153824,962.1990069640917,4821.018354500335,510756.23966379353,634213.145966376,644.4719295146626,561.6630690019971,5006.505413820818,631.5713511851801,0.0,
AutoClaims,nanoTabPFN-A1B0-s93,A1B0,93,10,4.0,4.0,1.1048584817648441,200,1000,54,0.6776777706214294,0.6552094626057566,979.4484726895344,4766.239859001707,26212.234213136093,2314501.4239645246,644.4429122624753,561.2309810235721,2790.5165283675024,2298.627885127754,0.0,
AutoClaims,nanoTabPFN-A1B0-s93,A1B0,93,10,20.0,20.000000000000004,1.1048584817648441,200,1000,14,0.5746681889140323,0.5579776165467708,912.1913806924013,4234.131486105864,19805.62349431601,89385.32506105825,645.3445625565712,557.1330933599122,182.9721959182943,151.9383385731537,0.0,
AutoClaims,nanoTabPFN-A1B0-s93,A1B0,93,10,50.0,49.99999999999999,1.1048584817648441,200,1000,6,0.33431049120727474,0.3018833024701415,1324.7018021823305,4717.179770115414,14145.573504122673,58003.57931755001,668.4374728333661,559.1011861410436,138.39505476963305,54.74078244427176,0.0,
AutoClaims,nanoTabPFN-A1B0-s93,A1B0,93,11,1.0,1.0,1.1477256577516024,200,1000,80,2.086133467971051,1.9887486676840365,869.2851464163647,3966.3747845989456,390578.85138398106,471839.63740382926,641.2779350133816,585.561652570996,3863.960995922654,469.7927270231939,0.0,
AutoClaims,nanoTabPFN-A1B0-s93,A1B0,93,11,4.0,3.999999999999999,1.1477256577516024,200,1000,56,0.5019745053154233,0.44855771607017814,829.6204933704025,2919.6038867351367,11115.215173887058,1598040.2306606234,643.8852891808432,608.398798967186,275.3462149820737,1596.6970606825637,0.0,
AutoClaims,nanoTabPFN-A1B0-s93,A1B0,93,11,20.0,19.999999999999996,1.1477256577516024,200,1000,16,0.5393311189624621,0.49630720941587475,861.2247163035693,3358.5470211423485,13898.318848401235,60268.23298070389,641.0397387006918,588.5563448976399,148.6549046977726,727.0441018476076,0.0,
AutoClaims,nanoTabPFN-A1B0-s93,A1B0,93,11,50.0,50.0,1.1477256577516024,200,1000,7,0.34277113541711757,0.29419810417015574,1096.2193945191052,3590.1680891685883,10600.901478288946,44127.922559494225,638.0024092930155,579.2028366264971,134.25511984184206,44.219849778266116,0.0,
AutoClaims,nanoTabPFN-A1B0-s93,A1B0,93,12,1.0,1.0,1.0782534829491874,200,1000,80,2.071795195702671,1.9823366737417674,1008.2302387082093,4833.267469039921,468849.29516145674,578834.1481060933,598.7063170277066,563.9172483453418,4672.905690602239,577.1278122492812,0.0,
AutoClaims,nanoTabPFN-A1B0-s93,A1B0,93,12,4.0,4.0,1.0782534829491874,200,1000,51,1.4464899805386178,1.3724101892162976,1030.2685117677152,4872.813514807497,120125.68936374964,2135451.754987572,600.6229843763949,567.0586710009326,3050.753129178252,2126.25730221051,0.0,
AutoClaims,nanoTabPFN-A1B0-s93,A1B0,93,12,20.0,20.0,1.0782534829491874,200,1000,13,0.5399516606112592,0.5234564321809314,963.1636080538481,4410.364901009498,19336.06929615242,92615.43045756806,599.2715895668299,552.1072622446538,193.80414822870225,483.6272381590165,0.0,
AutoClaims,nanoTabPFN-A1B0-s93,A1B0,93,12,50.0,50.0,1.0782534829491874,200,1000,5,0.2887106699320025,0.25315219051372406,1308.2695993317147,4421.816088348086,12323.847782419765,46774.2371069423,621.053277876141,550.1172491565526,143.87793995869467,47.10668037092105,0.0,
AutoClaims,nanoTabPFN-A1B0-s93,A1B0,93,13,1.0,1.0,1.1819403973002671,200,1000,78,2.1716132025590893,2.0656380334405045,892.7689673738284,3811.71892379132,449764.40606056876,570121.257609748,666.7571913326034,580.1330046983383,4481.461972619678,568.2640044941668,0.0,
AutoClaims,nanoTabPFN-A1B0-s93,A1B0,93,13,4.0,4.0,1.1819403973002671,200,1000,57,0.5744620081824844,0.5378719505480984,950.4163476265993,3904.0716839575534,17367.192795983225,1993971.7529018167,664.2929438355211,575.4113931242234,1504.5746563906919,1983.8712154131833,0.0,
AutoClaims,nanoTabPFN-A1B0-s93,A1B0,93,13,20.0,20.000000000000004,1.1819403973002671,200,1000,17,0.5007168531228109,0.46014561253029795,949.5477935762631,3575.5066082789494,13920.110337923637,61664.03328265932,662.9950167549255,580.526338139597,170.037484288496,416.250818619351,0.0,
AutoClaims,nanoTabPFN-A1B0-s93,A1B0,93,13,50.0,49.99999999999999,1.1819403973002671,200,1000,7,0.2769467664732671,0.24406913492175217,1111.3637975559955,3797.606984501486,10408.658713178032,42678.45559072771,664.1441403365855,575.5829550407534,163.01152010787354,98.26454506942324,0.0,
AutoClaims,nanoTabPFN-A1B0-s93,A1B0,93,14,1.0,1.0,1.0942798745589677,200,1000,78,2.1201133777160486,2.036557135550319,1016.5802897268801,5185.3662950729995,570163.2665779297,689006.6183190683,604.8673760976567,548.8916582603553,5653.603920162915,686.9460978709684,0.0,
AutoClaims,nanoTabPFN-A1B0-s93,A1B0,93,14,4.0,4.0,1.0942798745589677,200,1000,53,0.6085307333360882,0.5904707092627979,1112.23171311268,5382.621354622205,26241.79033306791,2476905.642871135,609.1733945946177,562.541084758558,1935.027091723142,2473.8382855032823,0.0,
AutoClaims,nanoTabPFN-A1B0-s93,A1B0,93,14,20.0,20.0,1.0942798745589677,200,1000,14,0.5800665678196779,0.563602465928277,966.0595307472358,4635.6818628680785,21548.648132013557,106811.84625542376,604.1251979012591,527.5791771065383,220.8725675158511,728.8516521224708,0.0,
AutoClaims,nanoTabPFN-A1B0-s93,A1B0,93,14,50.0,50.00000000000001,1.0942798745589677,200,1000,6,0.3627447760400816,0.33198167090635433,1351.439510045714,4932.951982708996,15490.354509505678,61840.96547213889,628.0413520138934,545.4504709775159,166.77965702600966,63.59310852949684,0.0,
AutoClaims,nanoTabPFN-A1B0-s93,A1B0,93,15,1.0,1.0,1.1900438130634738,200,1000,81,2.0876178734570967,1.9858488516408939,996.0759931173507,4353.857936250883,425836.64229677245,525651.131380839,727.344022144252,715.7746464853786,4233.359650902683,523.6068285973673,0.0,
AutoClaims,nanoTabPFN-A1B0-s93,A1B0,93,15,4.0,3.9999999999999996,1.1900438130634738,200,1000,58,1.9887494209130472,1.9018099234500576,948.9493306223845,4509.72776356778,367180.8341319562,1964862.7641157508,727.3835826281379,708.1937629004551,3877.335018398476,1962.406577008231,0.0,
AutoClaims,nanoTabPFN-A1B0-s93,A1B0,93,15,20.0,19.999999999999996,1.1900438130634738,200,1000,18,0.4417112349010459,0.4039576738749572,1064.679062167526,3996.9729687009076,14112.053010156515,65134.35931767133,728.8036021027202,709.0572375207619,221.26451466530918,205.20098820136226,0.0,
AutoClaims,nanoTabPFN-A1B0-s93,A1B0,93,15,50.0,50.0,1.1900438130634738,200,1000,7,0.22297807594135813,0.17749043573042367,1310.8648698704847,4060.4998883518747,10179.581887110806,40814.43647095182,748.1991978840947,711.5849712711072,256.7344446646755,56.10516736761617,0.0,
AutoClaims,nanoTabPFN-A1B0-s93,A1B0,93,16,1.0,1.0,1.0707203523739839,200,1000,77,2.157166858199958,2.0694577729623544,1026.7374021967737,5186.411108895014,611428.2497481853,769214.2647289593,661.4727045194953,698.4905931949467,6017.4554055749795,766.5662566420356,0.0,
AutoClaims,nanoTabPFN-A1B0-s93,A1B0,93,16,4.0,4.0,1.0707203523739839,200,1000,49,0.586217587303172,0.575396743843854,1140.3944477705572,5858.160163778459,28320.36593287791,2756665.274838241,663.7745210495049,683.9717007052387,886.2855721170646,2727.1708323601606,0.0,
AutoClaims,nanoTabPFN-A1B0-s93,A1B0,93,16,20.0,20.0,1.0707203523739839,200,1000,12,0.6090203984443254,0.5979699496670746,912.8144455089364,4737.1561877689055,23513.83171176289,114809.49098894806,662.5607419142588,653.9797196352431,267.49959454804326,502.6646972908198,0.0,
AutoClaims,nanoTabPFN-A1B0-s93,A1B0,93,16,50.0,49.99999999999999,1.0707203523739839,200,1000,5,0.38124740427008574,0.35574604008223376,1397.7915579434712,5366.594584748016,17666.539273861534,72345.49606482717,692.597060099923,672.4807306353766,226.8673775802265,112.94731299246085,0.0,
AutoClaims,nanoTabPFN-A1B0-s93,A1B0,93,17,1.0,1.0,1.1308262995247818,200,1000,79,2.1415632516294534,2.041966078724833,997.3329084415349,4447.523045246176,494480.36909394106,618761.4998741089,630.8857707992354,516.8204529749937,4893.475790898772,616.6239267801683,0.1,
AutoClaims,nanoTabPFN-A1B0-s93,A1B0,93,17,4.0,4.0,1.1308262995247818,200,1000,55,0.6005544552792678,0.5793967153725537,1012.6341871037614,4714.488506598056,22586.163261850266,2212438.9284193753,630.3661586206549,524.0358559901258,1428.1463027455634,2208.705988178124,0.0,
AutoClaims,nanoTabPFN-A1B0-s93,A1B0,93,17,20.0,20.0,1.1308262995247818,200,1000,16,0.48860802827030414,0.46945575089070407,988.1199714513716,4312.936724736189,17070.43828862795,80507.24189626437,630.3482704769813,515.1553903087015,181.29326863898658,697.5717793061158,0.0,
AutoClaims,nanoTabPFN-A1B0-s93,A1B0,93,17,50.0,49.99999999999999,1.1308262995247818,200,1000,6,0.3027173901851843,0.2676740090011516,1284.8000930939197,4455.361830353802,12760.52670330937,52885.679552021604,642.4985214700716,517.3927924241805,134.48566975530812,53.69123036562912,0.0,
AutoClaims,nanoTabPFN-A1B0-s93,A1B0,93,18,1.0,1.0,1.0556156785672368,200,1000,79,2.088897686817411,1.9967414602729572,978.6320686323234,4583.30317749775,459166.7720313119,564428.6502150849,630.6234161438911,555.1874102313727,4586.15097134752,562.7590369341458,0.0,
AutoClaims,nanoTabPFN-A1B0-s93,A1B0,93,18,4.0,4.000000000000001,1.0556156785672368,200,1000,48,1.7794312541728756,1.6994314461115783,993.2841859920902,4920.922073954085,248128.61236593284,2094560.6842277788,629.7625967601479,553.954374666227,3264.507812293754,2094.691371846821,0.0,
AutoClaims,nanoTabPFN-A1B0-s93,A1B0,93,18,20.0,20.0,1.0556156785672368,200,1000,11,0.5745671336876725,0.5539039469433389,867.0395446388904,4014.5639073596767,18529.09313343076,83086.06593655911,632.9891778823195,547.4276556315654,190.16308298917065,126.18108486507323,0.0,
AutoClaims,nanoTabPFN-A1B0-s93,A1B0,93,18,50.0,50.00000000000001,1.0556156785672368,200,1000,4,0.325160664089035,0.28817245867945207,1292.3579778707494,4457.454766975044,13128.93108889256,49738.474540864045,646.0753680038206,545.8797060637502,149.16170803652966,49.68945087965385,0.0,
AutoClaims,nanoTabPFN-A1B0-s93,A1B0,93,19,1.0,1.0,1.1964029204789302,200,1000,77,2.1633098685849173,2.0755920223210675,986.1892978242089,4888.241029539178,586784.476846618,721851.5741548932,657.421143483267,571.6437661928384,5771.4013904563,719.2064847848206,0.0,
AutoClaims,nanoTabPFN-A1B0-s93,A1B0,93,19,4.0,4.0,1.1964029204789302,200,1000,56,0.5615787932312624,0.543151258314498,1057.8710579351637,5012.482111374447,22249.69201049589,2490131.6405068277,656.0296978179479,572.9643718812613,1134.7343626550535,2479.964060729838,0.0,
AutoClaims,nanoTabPFN-A1B0-s93,A1B0,93,19,20.0,20.0,1.1964029204789302,200,1000,18,0.4949415517179189,0.4759041990525093,889.9367593096731,4067.3352380034835,16412.960465712593,70515.78432830248,659.8530708772676,565.7423524166011,203.95867960383515,1080.7917339911114,0.0,
AutoClaims,nanoTabPFN-A1B0-s93,A1B0,93,19,50.0,49.99999999999999,1.1964029204789302,200,1000,7,0.3157567703909996,0.29292923265352155,1244.2752706953206,4640.279788716358,13495.347163544076,59865.62678156613,674.497553288542,579.8883612167027,180.97804000601994,73.13344587608445,0.0,
AutoClaims,nanoTabPFN-ATB0-s93,ATB0,93,0,1.0,1.0,1.0890597353874993,200,1000,83,2.1011298533034575,1.9814200419776697,919.7321763596763,3547.4127923409824,345251.7492591259,440982.5757759403,640.8493025725601,548.0104794003963,3433.1982475532927,439.1422289077179,0.1,
AutoClaims,nanoTabPFN-ATB0-s93,ATB0,93,0,4.0,4.0,1.0890597353874993,200,1000,53,2.3851156428170586,2.3189972797889378,1038.4791788572143,6601.240146084511,1383542.222980437,1760444.9183100578,637.1810913027986,645.2491956412204,13719.47689340696,1757.637387040555,0.0,
AutoClaims,nanoTabPFN-ATB0-s93,ATB0,93,0,20.0,20.0,1.0890597353874993,200,1000,14,0.6841771311959031,0.6389155693726548,863.7181332538566,3592.3621527436126,19542.79790037185,786227.528739244,642.829003599338,552.1132429919305,214.53245221493057,1648.946627442367,0.0,
AutoClaims,nanoTabPFN-ATB0-s93,ATB0,93,0,50.0,50.00000000000001,1.0890597353874993,200,1000,5,0.1420550803601087,0.08002279170991239,1307.7302611252253,3573.9529675714775,7826.502098640226,3973757.079117421,649.9194686502393,541.2014857881364,220.0022350775781,5203.163713790994,0.0,
AutoClaims,nanoTabPFN-ATB0-s93,ATB0,93,1,1.0,1.0,1.1399813424103227,200,1000,78,2.1694957348660973,2.0761054222497597,921.6368531771919,4300.719335695136,516567.7183235004,635476.4502426917,663.1048533566008,599.8167462930141,5159.127990420406,633.7507806355031,0.0,
AutoClaims,nanoTabPFN-ATB0-s93,ATB0,93,1,4.0,4.0,1.1399813424103227,200,1000,55,1.6918792180530957,1.609873599320002,1130.1855905550317,5473.544974669402,224274.49792104837,2353433.7140513193,669.1788796959665,634.0708942806896,4696.574796652871,2332.8224584294026,0.0,
AutoClaims,nanoTabPFN-ATB0-s93,ATB0,93,1,20.0,19.999999999999996,1.1399813424103227,200,1000,16,0.7593820433239025,0.7148880819099093,988.0002992626169,4396.494597915341,27164.336810512395,1960328.0276212469,666.4163618803507,606.379379595425,288.9870947219867,3149.009228106779,0.1,
AutoClaims,nanoTabPFN-ATB0-s93,ATB0,93,1,50.0,49.999999999999986,1.1399813424103227,200,1000,6,0.7371748639017612,0.6682320079112634,1345.3079921204526,4842.881467049658,27207.028293010964,7002854.074144653,699.24533075257,596.9242217345834,307.29565365006886,8525.92276163356,0.0,
AutoClaims,nanoTabPFN-ATB0-s93,ATB0,93,2,1.0,1.0,1.0417438422645786,200,1000,81,2.09614031434571,2.001907046080556,963.8091810237679,4526.260144737227,460135.7295199763,572668.1763418048,647.0451024559385,715.1833021487096,4518.167266027074,570.1847610861535,0.0,
AutoClaims,nanoTabPFN-ATB0-s93,ATB0,93,2,4.0,3.9999999999999996,1.0417438422645786,200,1000,46,2.1702055549810564,2.0934029298748196,1183.6654158578967,6332.699900708394,799839.4222192154,2182192.459057252,650.9499927675138,666.4119372029446,7497.667508074349,2172.6655270603624,0.0,
AutoClaims,nanoTabPFN-ATB0-s93,ATB0,93,2,20.0,20.0,1.0417438422645786,200,1000,10,0.6384166957547042,0.6208923469851785,927.0140429593826,4640.799108363352,24374.97394128267,844153.9202548894,651.2501199527748,618.1892463311274,261.1628200254512,2016.3361810888812,0.0,
AutoClaims,nanoTabPFN-ATB0-s93,ATB0,93,2,50.0,49.99999999999999,1.0417438422645786,200,1000,4,-0.060425255082057025,-0.09457359910242509,1526.6757768595644,4296.238131998069,7807.451037570427,7759963.238067353,690.6873223057438,571.3663253009175,232.76316986429651,8359.232934341551,0.1,
AutoClaims,nanoTabPFN-ATB0-s93,ATB0,93,3,1.0,1.0,1.0530618806815772,200,1000,80,2.1025598577025235,2.0127437294409436,1072.4681659517,5162.180063675263,534931.6959133479,669763.5347557762,644.8322469959547,631.1707517795189,5320.363761550086,667.8404655924446,0.0,
AutoClaims,nanoTabPFN-ATB0-s93,ATB0,93,3,4.0,3.999999999999999,1.0530618806815772,200,1000,47,2.2918364662045967,2.228124821267847,1403.434482644417,8404.418712245513,1503757.239314265,2610514.4187103594,664.907194092925,831.4437709803362,13284.151193402564,2591.005317710411,0.0,
AutoClaims,nanoTabPFN-ATB0-s93,ATB0,93,3,20.0,20.0,1.0530618806815772,200,1000,11,0.6615536524072669,0.6368781135231405,1048.984393786191,4980.247084408981,26611.00462846396,136000.78631483903,643.5792197530568,627.1330226542565,325.5669581375516,2242.440930113421,0.0,
AutoClaims,nanoTabPFN-ATB0-s93,ATB0,93,3,50.0,50.0,1.0530618806815772,200,1000,4,-0.05077013374405305,-0.08348084449200563,1771.8517986353336,4995.049653006315,9154.846851257404,4669138.614564383,732.0656445710902,590.0260314168335,239.2103034616101,7533.698126272576,0.0,
AutoClaims,nanoTabPFN-ATB0-s93,ATB0,93,4,1.0,1.0,1.17791411492828,200,1000,76,2.1937436865680624,2.1075855299043442,925.481852154225,4678.603338460225,607525.8553958752,750649.7681129082,635.9659308842963,579.7827424098871,6097.689241558017,749.253103845667,0.0,
AutoClaims,nanoTabPFN-ATB0-s93,ATB0,93,4,4.0,4.0,1.17791411492828,200,1000,56,0.6307125396794186,0.6046898369309748,1176.0640556770868,5445.101832094051,27394.709700722407,2666952.5136716096,643.6854859864702,612.5994459951199,1765.968053176302,2670.6693369368304,0.0,
AutoClaims,nanoTabPFN-ATB0-s93,ATB0,93,4,20.0,20.0,1.17791411492828,200,1000,17,0.8451532324516545,0.8025421395753407,1035.4906876218156,4824.802090757414,35809.67005468771,3339765.281490524,636.7546608054698,579.9754322855426,376.3698107821078,4090.8971043152656,0.0,
AutoClaims,nanoTabPFN-ATB0-s93,ATB0,93,4,50.0,50.00000000000001,1.17791411492828,200,1000,7,0.7545587931213615,0.697092890290247,1321.6382967010995,5420.04914277496,32634.21593572159,8951915.602724914,662.1769584476283,588.2661420666759,431.4566202919994,11184.976622558039,0.0,
AutoClaims,nanoTabPFN-ATB0-s93,ATB0,93,5,1.0,1.0,1.0764213413513855,200,1000,79,2.071200282407212,1.9913380034485737,828.1153010175879,4363.3333542557375,432373.0309718709,508326.49475254246,658.9318208545918,601.5877738076534,4301.212688905213,506.45581036964325,0.0,
AutoClaims,nanoTabPFN-ATB0-s93,ATB0,93,5,4.0,4.0,1.0764213413513855,200,1000,51,2.309576182992026,2.2376763092381533,1054.6299313822715,5979.7031104050875,1094298.9396431118,1966064.5791155852,658.688152030047,642.5499066585226,10390.146773690443,1958.896427531816,0.0,
AutoClaims,nanoTabPFN-ATB0-s93,ATB0,93,5,20.0,19.999999999999996,1.0764213413513855,200,1000,13,0.7427438169292436,0.7155664507548559,785.7936186833731,3826.238974204392,24412.249300314703,1970535.5582230063,663.329698166593,613.5119899571374,277.99892437542405,2233.343430750249,0.0,
AutoClaims,nanoTabPFN-ATB0-s93,ATB0,93,5,50.0,49.999999999999986,1.0764213413513855,200,1000,5,0.025218420806748923,-0.017837564507301392,1379.8083095611337,3840.2355738871406,7528.726370662849,4344713.962079144,685.6814677410935,591.2306485343189,206.5437091911854,5603.438606817793,0.1,
AutoClaims,nanoTabPFN-ATB0-s93,ATB0,93,6,1.0,1.0,1.1891578208335396,200,1000,76,2.186655163913252,2.090822422787428,993.7166235463447,4620.4533701824585,577530.8374813594,711932.2437438191,664.7590119803491,627.0863354776997,5739.741648837623,709.8941450873344,0.0,
AutoClaims,nanoTabPFN-ATB0-s93,ATB0,93,6,4.0,3.999999999999999,1.1891578208335396,200,1000,56,0.577829666803652,0.5651634969422652,1091.2345581271825,5484.925272251448,25526.383281966395,2514916.1264223885,668.6212516868063,660.7799726265729,999.6376419861672,2498.591910375165,0.0,
AutoClaims,nanoTabPFN-ATB0-s93,ATB0,93,6,20.0,20.0,1.1891578208335396,200,1000,18,0.7995381348471806,0.7565927850922729,1030.4374001969077,4529.489819553574,30507.363762991088,1642814.0438276858,668.1515373057417,650.1549585039435,339.2247540360478,3320.5502885108303,0.0,
AutoClaims,nanoTabPFN-ATB0-s93,ATB0,93,6,50.0,50.0,1.1891578208335396,200,1000,7,0.7430179480055856,0.6996417604077053,1230.2988117399746,5308.538493127258,31683.248290208878,6072122.136941323,680.3000849676056,647.982638852657,399.9457415025634,8617.836079077766,0.0,
AutoClaims,nanoTabPFN-ATB0-s93,ATB0,93,7,1.0,1.0,1.0831492575024684,200,1000,77,2.185699736154848,2.0993078050821663,1093.7911658691482,5483.632434822147,688697.0516663212,865451.4909934886,662.6841143894452,586.3630649559301,6832.482735905208,863.2534845096285,0.0,
AutoClaims,nanoTabPFN-ATB0-s93,ATB0,93,7,4.0,4.0,1.0831492575024684,200,1000,51,0.5669038210781773,0.5550067126009465,1260.393169559647,6187.065316218788,28430.9351424586,2978372.3881176505,674.2214773916111,627.611600162423,320.0017518954972,2975.391834372004,0.0,
AutoClaims,nanoTabPFN-ATB0-s93,ATB0,93,7,20.0,20.0,1.0831492575024684,200,1000,13,0.7354932288724634,0.7315150651762312,1095.933747196731,6345.888821574023,41380.67915614035,4529226.636336093,674.2134627063625,674.5107996368554,439.2659347864947,4539.7943071630925,0.0,
AutoClaims,nanoTabPFN-ATB0-s93,ATB0,93,7,50.0,49.99999999999999,1.0831492575024684,200,1000,5,0.012629658775634494,0.009772143919964492,1924.2885146881727,6197.8283648754295,12396.617508169853,10990373.481724415,791.2493833458216,618.3971294090909,360.63991846121485,11897.737432731357,0.0,
AutoClaims,nanoTabPFN-ATB0-s93,ATB0,93,8,1.0,1.0,1.0735953346285172,200,1000,79,2.147204669832202,2.046450163497313,866.8782931869353,3865.5952375899487,433914.78899931116,530032.5338538145,597.7045425403733,520.1626013805987,4266.094679361259,527.7707301862116,0.0,
AutoClaims,nanoTabPFN-ATB0-s93,ATB0,93,8,4.0,4.0,1.0735953346285172,200,1000,51,2.1728519700725384,2.0855531178891185,1064.3282615196003,5416.523843217328,660957.2597544085,2008729.166706911,600.2591936523539,559.626411276037,6292.049968053016,2001.6868834339502,0.0,
AutoClaims,nanoTabPFN-ATB0-s93,ATB0,93,8,20.0,20.000000000000004,1.0735953346285172,200,1000,12,0.7310568948205707,0.6920542708822478,905.2265713760273,4020.3738318320843,24193.815028038094,1637511.3620951592,605.2239763264824,527.8431938972558,260.46468857251426,2541.0452324761163,0.0,
AutoClaims,nanoTabPFN-ATB0-s93,ATB0,93,8,50.0,50.00000000000001,1.0735953346285172,200,1000,5,0.06176275227651713,0.009731226367041322,1424.180327183447,4042.7687028992705,8181.792515824873,7167196.61199398,642.1551221819119,508.14641021467025,274.92688578895223,7917.062284882089,0.0,
AutoClaims,nanoTabPFN-ATB0-s93,ATB0,93,9,1.0,1.0,1.0569823574821817,200,1000,79,2.1092277354204487,2.0189593229811056,899.3489629782631,4399.956937873063,462593.8562478435,586090.9100392241,649.3379117282271,558.6305433970296,4565.591156600453,583.8313119517111,0.0,
AutoClaims,nanoTabPFN-ATB0-s93,ATB0,93,9,4.0,4.0,1.0569823574821817,200,1000,48,2.2473325650742715,2.167743451962099,1209.7741519077981,6551.109194424877,986856.511227086,2253694.236367957,650.5646493317613,648.1601670649676,9695.340708856553,2250.3086844809804,0.0,
AutoClaims,nanoTabPFN-ATB0-s93,ATB0,93,9,20.0,20.0,1.0569823574821817,200,1000,11,0.7050011094790145,0.6742002659881509,981.5665944262003,4456.428397596352,25273.096195125512,598656.8507430181,651.1252647626858,575.5422149046636,272.5417192231022,1982.6176745389225,0.0,
AutoClaims,nanoTabPFN-ATB0-s93,ATB0,93,9,50.0,50.00000000000001,1.0569823574821817,200,1000,5,-0.025029862508832615,-0.05901254852379582,1519.3950738922676,4383.8963756592675,8233.558590443246,6809999.961947947,688.5267880124111,553.8016202946096,249.18344233250465,7666.650189578662,0.0,
AutoClaims,nanoTabPFN-ATB0-s93,ATB0,93,10,1.0,1.0,1.1048584817648441,200,1000,78,2.115104434502371,2.032638340419652,955.6366395608896,4845.5503152684105,526152.6250923851,635751.8436424594,644.3604219972345,561.4808005650433,5202.035650518335,633.5267028577252,0.0,
AutoClaims,nanoTabPFN-ATB0-s93,ATB0,93,10,4.0,4.0,1.1048584817648441,200,1000,54,2.243944255689998,2.1684783481439367,1217.636448127202,6694.425143176466,1003247.5628230544,2428401.2628906644,657.3587973056544,618.7621569683997,9080.181991767777,2417.176375641668,0.0,
AutoClaims,nanoTabPFN-ATB0-s93,ATB0,93,10,20.0,20.000000000000004,1.1048584817648441,200,1000,14,0.7509885944232889,0.7200837196036779,973.8402394125171,4778.333950242326,29631.213925416498,2288466.027276467,646.2100234213614,558.9589997978967,287.9072324926678,2649.654509867884,0.0,
AutoClaims,nanoTabPFN-ATB0-s93,ATB0,93,10,50.0,49.99999999999999,1.1048584817648441,200,1000,6,0.279114900358546,0.23466306269109075,1529.422757272624,4830.943378823766,13054.937014411784,6557462.680471156,700.7206756768135,559.3345865161891,246.7234511672814,8613.366248417624,0.0,
AutoClaims,nanoTabPFN-ATB0-s93,ATB0,93,11,1.0,1.0,1.1477256577516024,200,1000,80,2.0879339089116544,1.995330161028167,848.2446591682128,3980.6409728957838,397305.1839164804,472513.1856437329,642.5509424025478,582.4283473588235,3952.6296912415573,470.67947079795243,0.0,
AutoClaims,nanoTabPFN-ATB0-s93,ATB0,93,11,4.0,3.999999999999999,1.1477256577516024,200,1000,56,2.4436609935126126,2.362142861344451,1005.0008522900657,5551.925645872428,1303502.2398807635,1857861.5208502016,637.2392302769933,615.0372740276692,13110.480297465647,1856.9846509877189,0.0,
AutoClaims,nanoTabPFN-ATB0-s93,ATB0,93,11,20.0,19.999999999999996,1.1477256577516024,200,1000,16,0.7336387919967359,0.687596630347481,886.5637620738148,3686.3575244041267,22428.78044655467,1802205.5408377128,641.8660404102087,576.3865337427366,212.27679112752512,2153.656151640119,0.0,
AutoClaims,nanoTabPFN-ATB0-s93,ATB0,93,11,50.0,50.0,1.1477256577516024,200,1000,7,0.770854152353208,0.6801101341228784,1155.5834044172884,3763.855439661329,22036.007299384866,5528214.023649918,640.3859901740656,580.0217752858997,238.9201445381547,6518.823899700321,0.0,
AutoClaims,nanoTabPFN-ATB0-s93,ATB0,93,12,1.0,1.0,1.0782534829491874,200,1000,80,2.078585499917251,1.992585125621315,971.7347552740077,4775.220058278507,474946.8452726513,579444.5262095549,598.9782007523286,562.1710286322784,4704.697421048739,577.4457590772811,0.0,
AutoClaims,nanoTabPFN-ATB0-s93,ATB0,93,12,4.0,4.0,1.0782534829491874,200,1000,51,2.310845347871439,2.241400061228249,1212.348150704685,7337.198942827525,1306479.621615972,2254105.730723707,612.2574154792044,689.2739170500656,12492.049091523922,2246.8258291914613,0.0,
AutoClaims,nanoTabPFN-ATB0-s93,ATB0,93,12,20.0,20.0,1.0782534829491874,200,1000,13,0.7128298222461535,0.6899687640832429,908.6668165021974,4613.094964326218,28191.208698014558,2853299.8645387795,602.566044953021,567.3805569887243,279.0027882130168,2868.377513676227,0.0,
AutoClaims,nanoTabPFN-ATB0-s93,ATB0,93,12,50.0,50.0,1.0782534829491874,200,1000,5,-0.02608324122802934,-0.041773536326254405,1421.6353880663837,4303.084883524592,8188.442404331976,7353481.222605612,639.5977039831563,544.3307708659921,253.77893815329543,7939.210435821865,0.0,
AutoClaims,nanoTabPFN-ATB0-s93,ATB0,93,13,1.0,1.0,1.1819403973002671,200,1000,78,2.1678775424043004,2.068779181626364,877.6680882164756,3939.1153829179784,466661.6837606247,571809.8639410478,667.1178385100384,593.0652610709138,4667.968897345506,570.1290633494265,0.0,
AutoClaims,nanoTabPFN-ATB0-s93,ATB0,93,13,4.0,4.0,1.1819403973002671,200,1000,57,2.235197942203758,2.1445046160004253,1087.3568917168313,5188.897537285429,737541.1144435252,2170332.8556266134,662.8697030074605,591.8098329776775,7769.89976145136,2172.5827107697305,0.0,
AutoClaims,nanoTabPFN-ATB0-s93,ATB0,93,13,20.0,20.000000000000004,1.1819403973002671,200,1000,17,0.8185719173536197,0.7622915032534785,897.3927540448835,3694.9347326843135,25280.774564732674,2655405.4145854134,663.7321174465774,572.2988783788128,259.37930643422453,2748.188059191131,0.0,
AutoClaims,nanoTabPFN-ATB0-s93,ATB0,93,13,50.0,49.99999999999999,1.1819403973002671,200,1000,7,0.846930447164498,0.7815347023765561,1029.2711693942274,4337.826116606218,31823.206677463684,10837525.70697869,663.7940987347428,569.240595771544,350.05845458400927,9828.775827921527,0.0,
AutoClaims,nanoTabPFN-ATB0-s93,ATB0,93,14,1.0,1.0,1.0942798745589677,200,1000,78,2.126134679447463,2.0436793723039908,1003.077939432245,5163.229782082942,575582.2111475519,689547.9879024732,604.8658321794223,552.201575010144,5717.018449025312,687.5802275333567,0.0,
AutoClaims,nanoTabPFN-ATB0-s93,ATB0,93,14,4.0,4.0,1.0942798745589677,200,1000,53,0.6351979289782007,0.6194490975330496,1141.3097694078524,5873.81778168824,29670.29536268462,2522845.3015561616,609.5837685219019,586.7539860773629,2723.896235851506,2498.4640700693353,0.0,
AutoClaims,nanoTabPFN-ATB0-s93,ATB0,93,14,20.0,20.0,1.0942798745589677,200,1000,14,0.7943873915210896,0.7663497790164164,971.4313994721397,4826.94215062289,34377.88249819922,4403416.379946777,602.6844896573773,551.309352315172,344.78237798366484,3888.987211598499,0.0,
AutoClaims,nanoTabPFN-ATB0-s93,ATB0,93,14,50.0,50.00000000000001,1.0942798745589677,200,1000,6,0.4804999442376776,0.4086688169527598,1668.5587050664617,5160.616840853988,18360.46255369543,9816375.173893401,681.7177867356015,539.633075692339,260.878284911084,8844.712197851308,0.0,
AutoClaims,nanoTabPFN-ATB0-s93,ATB0,93,15,1.0,1.0,1.1900438130634738,200,1000,81,2.0975471236863776,1.9983598231627981,976.0998465530768,4320.06198825845,435238.5040018954,526591.6698987996,727.0958985266884,711.5575704139769,4344.101516037385,524.7141897673819,0.0,
AutoClaims,nanoTabPFN-ATB0-s93,ATB0,93,15,4.0,3.9999999999999996,1.1900438130634738,200,1000,58,2.372261679008692,2.3026959900423405,1121.7371262666898,6893.861312113445,1409124.6850272324,2069056.1594937202,730.3912671192409,798.5635967689022,13988.991722383316,2066.2330289340025,0.0,
AutoClaims,nanoTabPFN-ATB0-s93,ATB0,93,15,20.0,19.999999999999996,1.1900438130634738,200,1000,18,0.5776179386916869,0.5443975513905774,948.0458552304717,4086.98866541011,18419.623520647856,102292.15595245917,729.5536255438046,712.5148537752244,235.9940180323299,1170.9546064375272,0.0,
AutoClaims,nanoTabPFN-ATB0-s93,ATB0,93,15,50.0,50.0,1.1900438130634738,200,1000,7,0.03903381047078657,0.04177510746746996,1166.5687672144495,3992.5046353021717,8375.023188839765,3787956.345860148,737.329482639219,711.0130711724045,327.33859290634933,5994.721859543691,0.0,
AutoClaims,nanoTabPFN-ATB0-s93,ATB0,93,16,1.0,1.0,1.0707203523739839,200,1000,77,2.1740925904362767,2.086227640174738,1027.9390169642106,5096.433624064386,627183.2302017324,770790.6113339788,660.9842794759381,685.9695775243831,6187.466064301947,768.2663345043003,0.0,
AutoClaims,nanoTabPFN-ATB0-s93,ATB0,93,16,4.0,4.0,1.0707203523739839,200,1000,49,0.5917749465206638,0.5727566605032337,1224.550488592076,5818.069863628143,28037.568318615064,2731687.687228043,669.9302698525836,682.4263885834436,387.45089476145597,2705.247238676302,0.0,
AutoClaims,nanoTabPFN-ATB0-s93,ATB0,93,16,20.0,20.0,1.0707203523739839,200,1000,12,0.7971214337186924,0.7700889663719043,1102.831994272046,5676.873308591713,39507.9624428277,4353024.736690257,672.9956697312861,689.9018184322956,421.63808781627995,4354.467137341761,0.0,
AutoClaims,nanoTabPFN-ATB0-s93,ATB0,93,16,50.0,49.99999999999999,1.0707203523739839,200,1000,5,0.14037808021958978,0.09138697719686535,1824.26080827431,5643.616122850752,12708.972049838925,12566232.121548956,799.9217699373269,680.2231039253019,427.5062614494387,13061.560703065616,0.0,
AutoClaims,nanoTabPFN-ATB0-s93,ATB0,93,17,1.0,1.0,1.1308262995247818,200,1000,79,2.1459021754284224,2.050063037786518,970.3433536901043,4462.077660740944,504955.83617077884,619809.5429966114,630.8302326183759,521.5233115188158,5015.923652973065,617.8483126557643,0.0,
AutoClaims,nanoTabPFN-ATB0-s93,ATB0,93,17,4.0,4.0,1.1308262995247818,200,1000,55,1.8612771467944718,1.7833350006241173,1125.5040930844066,5703.852955360617,349424.17249944137,2307804.5612469725,633.0156861559907,559.7595878960947,4131.4695421399165,2300.499539050118,0.0,
AutoClaims,nanoTabPFN-ATB0-s93,ATB0,93,17,20.0,20.0,1.1308262995247818,200,1000,16,0.6805134870239954,0.6355460668900206,999.7733456921083,4223.292895231186,22602.78248594609,120455.32142329584,632.1446341209523,520.0256091836221,243.3827385825963,2047.2640654451247,0.0,
AutoClaims,nanoTabPFN-ATB0-s93,ATB0,93,17,50.0,49.99999999999999,1.1308262995247818,200,1000,6,0.7106070230147505,0.6285403706792263,1420.8736094062779,4821.927469411039,25644.1537750786,644145.3196263227,661.4681358540304,528.785214577172,263.209540475823,5996.2126291998475,0.0,
AutoClaims,nanoTabPFN-ATB0-s93,ATB0,93,18,1.0,1.0,1.0556156785672368,200,1000,79,2.110256557638354,2.0148921313989505,951.2625337179717,4387.801857740656,459445.912740813,564456.2337145531,631.0198324518996,549.4766107890465,4611.615140759132,563.0137093883227,0.0,
AutoClaims,nanoTabPFN-ATB0-s93,ATB0,93,18,4.0,4.000000000000001,1.0556156785672368,200,1000,48,2.216777908580045,2.136632628702771,1201.196814889514,6566.916967446237,917395.0995430127,2161500.726304481,638.3399270551649,620.2326875519295,8769.120054486599,2155.8322720753695,0.0,
AutoClaims,nanoTabPFN-ATB0-s93,ATB0,93,18,20.0,20.0,1.0556156785672368,200,1000,11,0.6778077600536363,0.6520776235562198,948.7043645687547,4516.6489553287665,25139.644340389037,595618.4415435144,631.6644164376314,546.1915075430305,249.14792634098396,1836.579632868766,0.0,
AutoClaims,nanoTabPFN-ATB0-s93,ATB0,93,18,50.0,50.00000000000001,1.0556156785672368,200,1000,4,-0.06371883130589175,-0.09226580202796032,1539.3510668356885,4253.752359819118,7701.8635179278135,2484131.626361413,681.3020256302544,545.1609110511963,193.5150949359753,5721.590279775171,0.0,
AutoClaims,nanoTabPFN-ATB0-s93,ATB0,93,19,1.0,1.0,1.1964029204789302,200,1000,77,2.1640910267568354,2.072625566046091,994.2798696786703,4981.476244878114,594686.6964042874,722641.2964109613,656.5021724656834,578.8796791444335,5942.976860947235,720.9221913454346,0.0,
AutoClaims,nanoTabPFN-ATB0-s93,ATB0,93,19,4.0,4.0,1.1964029204789302,200,1000,56,0.5881061474706892,0.5674676726462295,1168.9940627220458,5576.003671440473,25691.575961158454,2546355.495239809,661.4522001730186,612.3499341692789,3505.4379790665985,2582.1676011566396,0.0,
AutoClaims,nanoTabPFN-ATB0-s93,ATB0,93,19,20.0,20.0,1.1964029204789302,200,1000,18,0.6904371736214812,0.6589763262219888,1040.59136888894,4445.114484890408,24614.784811622027,134501.31265930453,667.4308416069408,593.9440729156377,329.51866240634746,3023.709191440752,0.1,
AutoClaims,nanoTabPFN-ATB0-s93,ATB0,93,19,50.0,49.99999999999999,1.1964029204789302,200,1000,7,0.715868288778434,0.671893778926016,1303.5962892910775,5236.030746507324,29639.517658716126,6117324.77293787,685.1111003994993,577.166877643178,401.1530042465754,9357.280260764212,0.0,
AutoClaims,nanoTabPFN-ACB0-s93,ACB0,93,0,1.0,1.0,1.0890597353874993,200,1000,83,2.069691938164539,1.9175922780737549,991.4727220033153,3019.9708536993116,256828.36179606078,432139.9189371837,637.2654703764506,569.7030178602063,2520.4169818238483,430.01448407219186,0.1,
AutoClaims,nanoTabPFN-ACB0-s93,ACB0,93,0,4.0,4.0,1.0890597353874993,200,1000,53,0.1512495117081996,0.08879078497061617,1010.007615355869,2765.9545466201985,6155.089809882698,785065.844079758,637.0486188834329,583.5018068083093,214.288441854688,742.8605225689602,0.0,
AutoClaims,nanoTabPFN-ACB0-s93,ACB0,93,0,20.0,20.0,1.0890597353874993,200,1000,14,0.18176327937299572,0.13579571683762004,1173.0173327374287,3514.7786388901445,8317.089533612805,16884.708022577273,639.158013161289,543.3781210599416,159.50017942652502,49.632521768169426,0.0,
AutoClaims,nanoTabPFN-ACB0-s93,ACB0,93,0,50.0,50.00000000000001,1.0890597353874993,200,1000,5,0.1332889473608327,0.10546546986781732,1113.2020556936714,3534.714484107356,8077.2550004356335,14001.645803298417,636.8649229879439,542.2005312311148,163.15369644002115,53.03092426427055,0.0,
AutoClaims,nanoTabPFN-ACB0-s93,ACB0,93,1,1.0,1.0,1.1399813424103227,200,1000,78,2.167319904640319,2.0399281560007188,1027.4687474457426,3783.02261888144,424736.616658797,626294.62330565,662.8647671472395,595.0204036357046,4260.8313054071405,624.7679617671804,0.0,
AutoClaims,nanoTabPFN-ACB0-s93,ACB0,93,1,4.0,4.0,1.1399813424103227,200,1000,55,0.2302571235157372,0.20371919668100907,975.8110883738999,3407.77733331548,8849.884392968921,1309593.8951768158,662.224589576885,613.5074002963781,171.737319220201,1203.1652447474148,0.0,
AutoClaims,nanoTabPFN-ACB0-s93,ACB0,93,1,20.0,19.999999999999996,1.1399813424103227,200,1000,16,0.18693177671532993,0.17953749170311895,1276.2278062837183,4642.037702314437,11721.932215485718,25672.04249251171,682.2458223990409,590.0255014748021,151.23308654720023,116.91831046190872,0.0,
AutoClaims,nanoTabPFN-ACB0-s93,ACB0,93,1,50.0,49.999999999999986,1.1399813424103227,200,1000,6,0.14934056083137043,0.14454742857637037,1142.1816667262683,4181.449485944175,9756.802003071196,20037.246151935477,671.4978130478106,595.6824613321398,156.23924556994785,38.708476113287965,0.0,
AutoClaims,nanoTabPFN-ACB0-s93,ACB0,93,2,1.0,1.0,1.0417438422645786,200,1000,81,2.035480772477579,1.924633180518643,1118.3405619797763,4227.428404270099,375426.5427724641,564196.3113167854,651.9165496873723,600.9627539018721,3670.436035409419,561.7076973187297,0.0,
AutoClaims,nanoTabPFN-ACB0-s93,ACB0,93,2,4.0,3.9999999999999996,1.0417438422645786,200,1000,46,0.1441203904071892,0.14628398601513914,978.8298336987941,3730.638247519052,8960.272236166855,941993.8850422653,646.936187926325,585.2622049537745,171.25423023541526,911.4837650015586,0.0,
AutoClaims,nanoTabPFN-ACB0-s93,ACB0,93,2,20.0,20.0,1.0417438422645786,200,1000,10,-0.05471074198832344,-0.02911010012362755,1255.276713924019,4584.79242651243,8877.863378681213,14494.051633730496,661.9422934050747,585.7295707171145,170.0068301400109,48.34202197389669,0.0,
AutoClaims,nanoTabPFN-ACB0-s93,ACB0,93,2,50.0,49.99999999999999,1.0417438422645786,200,1000,4,0.08232064685290379,0.08084584701294072,1233.9157424886544,4396.262291221047,9754.28507876093,15079.660742627548,663.7838345175225,602.2672898593933,164.36727657242514,49.40097144126876,0.0,
AutoClaims,nanoTabPFN-ACB0-s93,ACB0,93,3,1.0,1.0,1.0530618806815772,200,1000,80,2.0932234090140525,1.9782516517954074,1183.8228633006704,4838.109624716958,479092.0006881806,664180.0934040396,650.3212793184517,603.7961753469044,4715.800719450427,661.7948798521373,0.0,
AutoClaims,nanoTabPFN-ACB0-s93,ACB0,93,3,4.0,3.999999999999999,1.0530618806815772,200,1000,47,0.2404108041496325,0.20669886803335505,1113.8479691193456,3843.143498053315,10281.996105133487,821030.3651858117,647.0564489124703,572.0773984321808,196.90349782873167,877.5165967847432,0.0,
AutoClaims,nanoTabPFN-ACB0-s93,ACB0,93,3,20.0,20.0,1.0530618806815772,200,1000,11,-0.01180518830194576,0.01003094311907586,1416.409517106071,5259.918517324424,10648.239651083935,17458.201552209615,669.7325553088796,603.8166240826996,192.64405281258811,75.30838191195954,0.0,
AutoClaims,nanoTabPFN-ACB0-s93,ACB0,93,3,50.0,50.0,1.0530618806815772,200,1000,4,0.11773301255168289,0.11416731305034253,1308.1197381983948,4702.131996145761,10827.305937628415,17737.467783887412,661.3483569121787,598.0049221785057,194.13468120115442,72.8058332560247,0.0,
AutoClaims,nanoTabPFN-ACB0-s93,ACB0,93,4,1.0,1.0,1.17791411492828,200,1000,76,2.2303849764610217,2.091350355163304,1019.9485562225178,3436.650209385185,434077.4228431889,733307.9379374848,634.11529831772,580.2771015786549,4364.496361302678,731.9199370116933,0.0,
AutoClaims,nanoTabPFN-ACB0-s93,ACB0,93,4,4.0,4.0,1.17791411492828,200,1000,56,0.40087719837856167,0.3489120941729646,1002.8447538401804,3426.454561772697,11094.255123462986,1450861.915730178,635.6991131650149,579.4146680542041,172.80006510428154,1395.351447413578,0.0,
AutoClaims,nanoTabPFN-ACB0-s93,ACB0,93,4,20.0,20.0,1.17791411492828,200,1000,17,0.2713453844533297,0.25741502863039195,1338.3044972148887,5161.935493398984,13915.636739733538,31000.918474923063,656.457790341129,590.8358471396231,176.59526048355846,229.78325956561852,0.0,
AutoClaims,nanoTabPFN-ACB0-s93,ACB0,93,4,50.0,50.00000000000001,1.17791411492828,200,1000,7,0.27469019147112655,0.27413502584451527,1114.449769155247,4721.456066909974,13509.490973757354,29167.200907103397,639.7869425301484,572.7475651305064,173.4868145660211,28.75559528081927,0.0,
AutoClaims,nanoTabPFN-ACB0-s93,ACB0,93,5,1.0,1.0,1.0764213413513855,200,1000,79,2.1103248831960086,2.0064403545078373,914.8746203738692,3936.6673150297383,404092.99187137856,505498.18464682193,656.047033485931,599.1797897324185,3986.808997184095,503.3117950930181,0.0,
AutoClaims,nanoTabPFN-ACB0-s93,ACB0,93,5,4.0,4.0,1.0764213413513855,200,1000,51,0.33734856845122946,0.29071469887574886,848.8683335153622,2797.8317334212634,8244.606204617163,1306468.095351364,658.0257215174355,637.851228536658,188.5741801435679,1278.7334223743096,0.0,
AutoClaims,nanoTabPFN-ACB0-s93,ACB0,93,5,20.0,19.999999999999996,1.0764213413513855,200,1000,13,0.1474405502351709,0.1335467479804219,1108.2591775144306,3816.4316371103355,9063.686505562839,17520.160861000615,659.1816150024775,596.1771688866303,178.1523531215179,59.57747329392643,0.0,
AutoClaims,nanoTabPFN-ACB0-s93,ACB0,93,5,50.0,49.999999999999986,1.0764213413513855,200,1000,5,0.1834980348744802,0.1727165356083362,997.2910827937644,3652.5767633279415,9133.786076880939,15685.96080685166,656.9157703827749,610.4028091445938,181.25428844451963,61.61516802325107,0.0,
AutoClaims,nanoTabPFN-ACB0-s93,ACB0,93,6,1.0,1.0,1.1891578208335396,200,1000,76,2.160003961059244,2.0342677131428677,1113.69182107092,4115.019616472378,444546.28449168097,698633.3188061875,667.2783341651872,621.1649816535031,4481.570972976908,697.3125028516458,0.0,
AutoClaims,nanoTabPFN-ACB0-s93,ACB0,93,6,4.0,3.999999999999999,1.1891578208335396,200,1000,56,0.22853655228198508,0.21700876358167337,1010.5375716417665,3794.9646059081715,10167.093721184654,1737672.145882855,664.41552662965,618.7947917748164,194.05506780753356,1719.3089868493723,0.0,
AutoClaims,nanoTabPFN-ACB0-s93,ACB0,93,6,20.0,20.0,1.1891578208335396,200,1000,18,0.2656502429107629,0.22643130481749163,1398.8370818348026,4493.592592677349,12359.427014868506,33306.0748675695,690.9081718623722,625.6510124172864,184.8351101377392,127.26892830793527,0.0,
AutoClaims,nanoTabPFN-ACB0-s93,ACB0,93,6,50.0,50.0,1.1891578208335396,200,1000,7,0.20398737628147912,0.1937755270341403,1169.6663996711004,4372.08672742147,11141.308818152136,27734.93331096421,671.8143751104234,623.1837231720907,190.30365275260934,28.857562024951907,0.0,
AutoClaims,nanoTabPFN-ACB0-s93,ACB0,93,7,1.0,1.0,1.0831492575024684,200,1000,77,2.1290444757380182,2.0443793402106807,1183.9322761148596,5933.419339772302,666793.4389414908,863260.5247428364,665.4712163324693,604.5490526198239,6601.5787268631375,860.9445420333806,0.0,
AutoClaims,nanoTabPFN-ACB0-s93,ACB0,93,7,4.0,4.0,1.0831492575024684,200,1000,51,0.35889740776074114,0.33782600363907056,1087.4932975319261,4218.932522844774,13243.396189775216,1815868.0540061342,660.1602656323648,572.6799865175009,142.79453259480618,1704.3394084242918,0.0,
AutoClaims,nanoTabPFN-ACB0-s93,ACB0,93,7,20.0,20.0,1.0831492575024684,200,1000,13,0.11915200195772657,0.14861181712412033,1442.3222520140544,6544.754729043571,15808.338703158812,30579.265721922435,695.5416760689211,632.9755327182713,150.68908250369236,28.794735050994284,0.0,
AutoClaims,nanoTabPFN-ACB0-s93,ACB0,93,7,50.0,49.99999999999999,1.0831492575024684,200,1000,5,0.1785816469322056,0.19449943928370655,1383.0870539924445,6054.484666196968,15563.447963421615,26826.150187240928,685.7761794725818,609.2661883128616,145.7370337246164,25.05832267528816,0.0,
AutoClaims,nanoTabPFN-ACB0-s93,ACB0,93,8,1.0,1.0,1.0735953346285172,200,1000,79,2.141380306263537,2.00946892708165,966.069873970944,3566.152610637223,389246.734285591,525566.1772001411,596.8549684433094,529.4026313747116,3722.0516667422085,522.3302421661458,0.0,
AutoClaims,nanoTabPFN-ACB0-s93,ACB0,93,8,4.0,4.0,1.0735953346285172,200,1000,51,0.21906387628299237,0.18847703928747753,945.6639260143062,3178.1054588172974,7912.600706244548,845087.0514631739,595.3368655664825,531.1635808332288,146.86099951650337,805.4528914357871,0.0,
AutoClaims,nanoTabPFN-ACB0-s93,ACB0,93,8,20.0,20.000000000000004,1.0735953346285172,200,1000,12,0.1325384627945165,0.13700773349404738,1118.5027905923446,4227.664021369306,10038.293822837579,18104.901902863036,604.1620522489108,516.112560040783,126.5864621549338,25.209269236486197,0.0,
AutoClaims,nanoTabPFN-ACB0-s93,ACB0,93,8,50.0,50.00000000000001,1.0735953346285172,200,1000,5,0.19547172947840724,0.18303166740605323,1060.8822438116736,3819.4573343492425,9657.800486725426,16812.311611470555,600.9933610760502,523.9294657045913,133.93319860033802,24.936053967390556,0.0,
AutoClaims,nanoTabPFN-ACB0-s93,ACB0,93,9,1.0,1.0,1.0569823574821817,200,1000,79,2.0626689951432002,1.9626099356314575,1003.1973078616932,4427.147951826584,412234.46747538616,581056.7417722079,644.6699343650052,556.4292256673133,4096.381863478722,579.1392138623506,0.0,
AutoClaims,nanoTabPFN-ACB0-s93,ACB0,93,9,4.0,4.0,1.0569823574821817,200,1000,48,0.1423849053348874,0.16038116279350123,905.3797811816071,3817.4295085141703,9347.895722823792,1105340.4885525964,647.7673197507761,555.7227465704559,165.04979231628297,1061.5469026765848,0.0,
AutoClaims,nanoTabPFN-ACB0-s93,ACB0,93,9,20.0,20.0,1.0569823574821817,200,1000,11,-0.04132115725803603,0.009868914240741088,1123.1659280379586,4905.8752712017285,9914.872239312514,18352.250813980834,646.5805000900857,563.9018923965918,159.60342027483986,33.4173695758111,0.0,
AutoClaims,nanoTabPFN-ACB0-s93,ACB0,93,9,50.0,50.00000000000001,1.0569823574821817,200,1000,5,0.11506717410314186,0.11758488725173101,1206.8397895011171,4486.280074541926,10493.796504308328,17040.790949015573,648.9221041570047,560.5963585926926,159.9679632844661,39.48900302401511,0.0,
AutoClaims,nanoTabPFN-ACB0-s93,ACB0,93,10,1.0,1.0,1.1048584817648441,200,1000,78,2.1234653148732394,2.017198198363992,1070.85741819108,4543.312402318084,481084.15528590785,631246.0257348476,646.0773956893445,558.3137132642196,4750.760088118339,629.0140235407881,0.0,
AutoClaims,nanoTabPFN-ACB0-s93,ACB0,93,10,4.0,4.0,1.1048584817648441,200,1000,54,0.24168441800487658,0.2218185996832724,995.1921069670741,3554.4863412870895,9518.741725108232,1481848.6790465065,644.5657596761973,571.7331581388046,120.15075432567252,1443.8058531890433,0.0,
AutoClaims,nanoTabPFN-ACB0-s93,ACB0,93,10,20.0,20.000000000000004,1.1048584817648441,200,1000,14,0.1393456704337433,0.14631698423012632,1284.2281831756302,4917.526127645172,11924.810186134757,25602.627110542922,662.879564477805,558.3510012619165,118.36715092134068,24.020282174153262,0.0,
AutoClaims,nanoTabPFN-ACB0-s93,ACB0,93,10,50.0,49.99999999999999,1.1048584817648441,200,1000,6,0.1550072237870862,0.15254469831634823,1253.549405221962,4693.887082287262,11389.648278068213,20715.48059899592,659.7791443538289,558.5453681135264,118.18836166805634,19.259909669065134,0.0,
AutoClaims,nanoTabPFN-ACB0-s93,ACB0,93,11,1.0,1.0,1.1477256577516024,200,1000,80,2.1395812943729355,2.01306533598833,912.65507667979,3384.3421535181265,356458.6782453877,468427.34033247974,638.9167293342997,593.0541963304273,3516.782895617581,466.32099051955015,0.0,
AutoClaims,nanoTabPFN-ACB0-s93,ACB0,93,11,4.0,3.999999999999999,1.1477256577516024,200,1000,56,0.23009346484667553,0.17874296354964678,887.6824802219304,2711.1400164803067,6771.833717285631,980318.2101629365,639.9396848207566,622.1105145853427,211.2091976098427,995.1367408941304,0.0,
AutoClaims,nanoTabPFN-ACB0-s93,ACB0,93,11,20.0,19.999999999999996,1.1477256577516024,200,1000,16,0.14551379575655848,0.12928582017756826,1094.7242831150559,3707.596465187375,8813.05840485593,19336.38698411029,637.5745823285323,582.672225456871,160.35058772823518,40.87719971809475,0.0,
AutoClaims,nanoTabPFN-ACB0-s93,ACB0,93,11,50.0,50.0,1.1477256577516024,200,1000,7,0.16110193037116588,0.13933299084329967,1051.9532927747828,3520.689827995637,8441.932216384983,16591.382053501766,637.5530208631011,583.2122806476585,163.3813524511124,36.37608383761518,0.0,
AutoClaims,nanoTabPFN-ACB0-s93,ACB0,93,12,1.0,1.0,1.0782534829491874,200,1000,80,2.0480256977628577,1.9464979359042263,1042.8535182087298,4340.401426407838,398057.80235981644,571755.156570826,599.6565255718918,556.8119418715386,3899.3984620774527,569.392835153614,0.0,
AutoClaims,nanoTabPFN-ACB0-s93,ACB0,93,12,4.0,4.0,1.0782534829491874,200,1000,51,0.1477236252071122,0.15690375276339158,947.9751985852282,3825.988270589094,9320.739077547154,1343317.2637753666,598.6413158644053,535.6679807103851,146.38818833000266,1263.6403420080974,0.0,
AutoClaims,nanoTabPFN-ACB0-s93,ACB0,93,12,20.0,20.0,1.0782534829491874,200,1000,13,0.04235747476275672,0.06072131407857701,1212.1150634297485,4621.633724412455,9859.487931490152,18140.810485936992,610.1016141782604,554.6168479822869,143.28023178331213,33.29108297435652,0.0,
AutoClaims,nanoTabPFN-ACB0-s93,ACB0,93,12,50.0,50.0,1.0782534829491874,200,1000,5,0.1032017036445268,0.10051380064109232,1221.9765941322344,4321.813967499598,9845.671145807695,15794.301888306034,610.9434500617241,546.6355385320679,142.71347231768576,34.61885984066698,0.0,
AutoClaims,nanoTabPFN-ACB0-s93,ACB0,93,13,1.0,1.0,1.1819403973002671,200,1000,78,2.1088834332027573,1.9721012635201003,976.8442894500533,3356.09514565328,328145.04816169146,557957.1365719377,662.4347722337433,608.813472573979,3280.6986442327184,556.2566131131927,0.0,
AutoClaims,nanoTabPFN-ACB0-s93,ACB0,93,13,4.0,4.0,1.1819403973002671,200,1000,57,0.1674900748477139,0.13987856711284713,940.4191677767377,3085.844378064501,7384.110578350768,1113575.4340007352,663.8690449078981,608.7844156777946,190.3922020003344,1087.9695277810456,0.0,
AutoClaims,nanoTabPFN-ACB0-s93,ACB0,93,13,20.0,20.000000000000004,1.1819403973002671,200,1000,17,0.2049052856351461,0.16497528349481724,1257.2123784661926,3927.953365036513,9690.802416816648,24780.391121241362,672.2019358056367,576.7015472966611,144.90278947441465,252.67450590268518,0.0,
AutoClaims,nanoTabPFN-ACB0-s93,ACB0,93,13,50.0,49.99999999999999,1.1819403973002671,200,1000,7,0.19033749946234418,0.16783967699690233,1066.1352225199025,3641.732253538326,8996.12327125727,23004.499250741024,663.0824596951396,576.4930560224839,157.53156331871915,46.34383652607627,0.0,
AutoClaims,nanoTabPFN-ACB0-s93,ACB0,93,14,1.0,1.0,1.0942798745589677,200,1000,78,2.1655413021385663,2.0476243923476676,1127.4044709522589,4396.991859970389,507185.2630560435,682707.3858118876,609.9352737468143,523.3046171232047,5026.798710429952,680.6782060887685,0.0,
AutoClaims,nanoTabPFN-ACB0-s93,ACB0,93,14,4.0,4.0,1.0942798745589677,200,1000,53,0.32233575089513317,0.28960468117804233,1041.6729084590368,3652.74405164646,10812.057620564581,1831353.5786514017,606.5964406869185,514.775626111218,126.48927945958147,1790.994986249289,0.0,
AutoClaims,nanoTabPFN-ACB0-s93,ACB0,93,14,20.0,20.0,1.0942798745589677,200,1000,14,0.2020098300432599,0.19052306176000536,1372.8287070363504,4985.17590296953,12790.51152597566,26855.433495816887,631.2937237997236,532.4849311719347,127.7496431522149,25.472833793459333,0.0,
AutoClaims,nanoTabPFN-ACB0-s93,ACB0,93,14,50.0,50.00000000000001,1.0942798745589677,200,1000,6,0.1841403926641728,0.1801124800866253,1235.2377244085565,4650.909195800383,11794.898456584302,21740.584180427508,616.5406008719546,527.7821082040449,126.63259682863415,21.432697299551403,0.0,
AutoClaims,nanoTabPFN-ACB0-s93,ACB0,93,15,1.0,1.0,1.1900438130634738,200,1000,81,2.1222679063844274,1.9817000527426898,1094.1927507178664,3675.6375504717935,360827.82192711777,519151.06575869286,730.0547095929624,718.9548450656545,3554.7003861192225,516.8202903485412,0.0,
AutoClaims,nanoTabPFN-ACB0-s93,ACB0,93,15,4.0,3.9999999999999996,1.1900438130634738,200,1000,58,0.1141217804295557,0.07593917946749544,1042.1092544168228,3118.594023186165,6852.160895186849,564620.5127097622,727.7841496638652,744.2387947821164,353.27177320228213,610.7054492056477,0.0,
AutoClaims,nanoTabPFN-ACB0-s93,ACB0,93,15,20.0,19.999999999999996,1.1900438130634738,200,1000,18,0.02629878494537312,0.015646408937290433,1263.843854719878,4053.4950849511238,8273.187579271733,18288.255782588112,742.2195653948895,710.2276257129607,307.7263879910697,98.4081188185331,0.0,
AutoClaims,nanoTabPFN-ACB0-s93,ACB0,93,15,50.0,50.0,1.1900438130634738,200,1000,7,0.08412025951594901,0.06296262232569724,1228.5016201503813,3893.906448021813,8288.519633701506,16863.947291390803,738.854298194814,716.170032216537,304.3474507024264,95.47633681577892,0.0,
AutoClaims,nanoTabPFN-ACB0-s93,ACB0,93,16,1.0,1.0,1.0707203523739839,200,1000,77,2.1387791480902254,2.0309049739236387,1192.0177474027723,5036.644397574598,565180.928862782,764590.0346348742,669.5848710647791,757.2826124230786,5512.77523470855,761.519556500082,0.0,
AutoClaims,nanoTabPFN-ACB0-s93,ACB0,93,16,4.0,4.0,1.0707203523739839,200,1000,49,0.32864774257349877,0.30250889090822575,1104.9512139326837,4128.595636223724,12482.143948401266,1782891.8839658983,663.502433341024,646.0331118799265,211.19657935795476,1673.6891875521278,0.0,
AutoClaims,nanoTabPFN-ACB0-s93,ACB0,93,16,20.0,20.0,1.0707203523739839,200,1000,12,0.15601058102795523,0.16918611661046068,1438.6904253916691,5794.530788050046,14436.433369775938,26714.50683902135,693.3761728917383,683.4458623997772,199.29314645285072,110.34533932005617,0.0,
AutoClaims,nanoTabPFN-ACB0-s93,ACB0,93,16,50.0,49.99999999999999,1.0707203523739839,200,1000,5,0.218400454287473,0.21949865463612442,1325.569325351361,5349.736765073161,14170.757821585466,25642.31091842911,683.1847270532905,675.3474861258846,203.61984727349622,75.19325323057424,0.0,
AutoClaims,nanoTabPFN-ACB0-s93,ACB0,93,17,1.0,1.0,1.1308262995247818,200,1000,79,2.043768200984412,1.9150020518940365,1042.0261706204742,3730.842882273968,307932.62746034993,600106.838839297,631.440488342494,517.2068418916608,3046.033740250231,598.1398238812527,0.0,
AutoClaims,nanoTabPFN-ACB0-s93,ACB0,93,17,4.0,4.0,1.1308262995247818,200,1000,55,0.12414893004594976,0.10405551754509688,1048.9674405293338,3462.5277662672815,7894.7946884212815,855662.6727946373,630.7253320826497,519.4690630361612,136.20819969549095,886.7373240742592,0.0,
AutoClaims,nanoTabPFN-ACB0-s93,ACB0,93,17,20.0,20.0,1.1308262995247818,200,1000,16,0.11045764328414724,0.10129211617250258,1347.502751531786,4635.036238557173,10475.5314012367,23082.458150776743,647.0129218368268,521.0801552960187,115.63998982175318,58.605323207359326,0.0,
AutoClaims,nanoTabPFN-ACB0-s93,ACB0,93,17,50.0,49.99999999999999,1.1308262995247818,200,1000,6,0.08694588024559173,0.08095076664959752,1216.8810245529357,4194.462503492363,9208.362366009074,17226.701466987586,636.9883650147309,513.4428336844701,123.58597505344477,16.50794021812364,0.0,
AutoClaims,nanoTabPFN-ACB0-s93,ACB0,93,18,1.0,1.0,1.0556156785672368,200,1000,79,2.0647997133926537,1.9660929171605532,1051.1651815113019,4729.746103747819,439627.06074499193,562473.8196005998,632.0247985402415,556.71666375812,4375.25557883229,560.6501352239123,0.0,
AutoClaims,nanoTabPFN-ACB0-s93,ACB0,93,18,4.0,4.000000000000001,1.0556156785672368,200,1000,48,0.2146609729781826,0.20095789770739897,958.6589978305125,3489.2738007250373,8876.370982235974,1224403.544660905,630.8979020068673,561.9227079346429,152.2073817317479,1173.7515114926468,0.0,
AutoClaims,nanoTabPFN-ACB0-s93,ACB0,93,18,20.0,20.0,1.0556156785672368,200,1000,11,0.01315460875282202,0.03766896503409032,1197.1190613041854,4618.2117467393555,9687.619819196896,16353.187607228625,639.060384496985,548.2589506751017,145.77943978988543,38.427768844974096,0.0,
AutoClaims,nanoTabPFN-ACB0-s93,ACB0,93,18,50.0,50.00000000000001,1.0556156785672368,200,1000,4,0.11974517620778587,0.11950240986296291,1210.707497140525,4461.513098304329,10343.734032991582,16569.12729971965,639.5623689243815,545.7069964751424,141.68482342472964,36.46793122919617,0.0,
AutoClaims,nanoTabPFN-ACB0-s93,ACB0,93,19,1.0,1.0,1.1964029204789302,200,1000,77,2.1387162087466995,2.020963435959124,1083.1009454934417,4201.830979165361,449775.2592803388,708151.7363924934,657.3470451046393,566.1342909588273,4459.668567061584,706.0893794985831,0.0,
AutoClaims,nanoTabPFN-ACB0-s93,ACB0,93,19,4.0,4.0,1.1964029204789302,200,1000,56,0.26145748956499004,0.24196731309031774,1014.4890839346212,3728.0928820064964,10360.9052239654,1368383.9737835755,655.1017564251068,570.2942284413349,145.75583064300082,1292.7758615441282,0.0,
AutoClaims,nanoTabPFN-ACB0-s93,ACB0,93,19,20.0,20.0,1.1964029204789302,200,1000,18,0.13989015613358946,0.1406731304851015,1344.0855557647728,4928.716254252233,11672.258314488427,28161.597009919005,677.4788427293898,573.0344197306707,141.94726426786403,164.23563324697975,0.1,
AutoClaims,nanoTabPFN-ACB0-s93,ACB0,93,19,50.0,49.99999999999999,1.1964029204789302,200,1000,7,0.2010814098645232,0.19811018984024126,1210.8523538063373,4641.800649587901,11860.559091614872,25680.36499243856,668.5224856566387,566.8486034170576,142.77022573650132,24.408768765159714,0.0,
