dataset,model,repeat,factor,arm,clip_c,n_est,n_fit,n_test,sd_shift,share_visible,corrupt_rank,corrupt_over_next,n_touched,hit,d_q50,d_q90,d_q99,d_q999,pb50,pb90,pb99,pb999,n_above99,seconds,reason
freMTPL2sev,Causilo,0,1.0,raw,0.0,1,2000,1000,1.22365220397439,0.035,48,0.03901677198077068,0,,0.0,0.0,0.0,0.0,2001.6830850275928,3253.6527826878782,3070.506868443992,2720.0716964943426,11,0.0,
freMTPL2sev,Causilo,0,1.0,clip,50.0,1,2000,1000,1.22365220397439,0.035,48,0.03901677198077068,11,,0.0068347780970654005,0.021526097256949664,-0.23721038119687543,-0.44989326296583215,2001.1810931152443,3252.629918789929,3117.7341703854463,2927.0402856974433,16,4.0,
freMTPL2sev,Causilo,0,1.0,clip,200.0,1,2000,1000,1.22365220397439,0.035,48,0.03901677198077068,3,,0.0039113801073622344,0.021667989359427507,0.0010417343927998928,-0.06770417095003586,2001.2689502949909,3253.5871411537805,3060.209467729728,2727.7435856398706,11,4.4,
freMTPL2sev,Causilo,0,1.0,sd_cap,1.2,1,2000,1000,1.22365220397439,0.035,48,0.03901677198077068,2,,-0.0004701454575950603,-0.0011180892150146932,0.01619603491687841,0.010737127368550061,2001.6055564855499,3253.624019841833,3066.2336691623386,2717.3933614126527,12,4.1,
freMTPL2sev,Causilo,0,100.0,raw,0.0,1,2000,1000,2.475231671302376,0.035,1,3.901677198077068,0,False,-0.004260472102650825,-0.05495128579958903,0.15490084352248884,0.32332620152206204,2002.1399347086578,3256.798485267893,3044.699411127873,2580.3764105254613,10,3.4,
freMTPL2sev,Causilo,0,100.0,clip,50.0,1,2000,1000,2.475231671302376,0.035,1,3.901677198077068,12,True,0.006755120534946061,0.022103685688591005,-0.23037663735991243,-0.4392081677921702,2001.163118335782,3252.402364635118,3115.138586572895,2922.539353149918,15,4.8,
freMTPL2sev,Causilo,0,100.0,clip,200.0,1,2000,1000,2.475231671302376,0.035,1,3.901677198077068,4,True,0.0030209539714081673,0.023170208604132367,0.05243668821786383,-0.004597137617292848,2001.370979493794,3253.2179174389926,3051.8371969527707,2696.9203334194576,11,3.9,
freMTPL2sev,Causilo,0,100.0,sd_cap,1.2,1,2000,1000,2.475231671302376,0.035,1,3.901677198077068,1,True,-0.0012339903631288244,-0.004045779212175256,0.06432304257971203,0.1299671644450686,2002.0125611847511,3253.7655654755777,3052.0679742457214,2664.2854751743507,11,4.0,
freMTPL2sev,Causilo,1,1.0,raw,0.0,1,2000,1000,1.190379752558811,0.0415,60,0.04465944460387188,0,,0.0,0.0,0.0,0.0,632.3509042036023,810.7420328804978,470.1213418004651,223.0497944683221,4,0.0,
freMTPL2sev,Causilo,1,1.0,clip,50.0,1,2000,1000,1.190379752558811,0.0415,60,0.04465944460387188,20,,0.007157425234926894,0.003507392482961994,-0.29951021308592585,-0.483918097246271,632.0341546110253,808.2632751125594,450.8576538837488,263.7011355083095,11,3.4,
freMTPL2sev,Causilo,1,1.0,clip,200.0,1,2000,1000,1.190379752558811,0.0415,60,0.04465944460387188,4,,0.0019480861754738424,0.010374803840360495,-0.0572427544409231,-0.11099282321528031,632.3383408897829,808.4883391989621,454.7625587439048,232.33773805481172,5,4.2,
freMTPL2sev,Causilo,1,1.0,sd_cap,1.2,1,2000,1000,1.190379752558811,0.0415,60,0.04465944460387188,0,,0.0,0.0,0.0,0.0,632.3509042036023,810.7420328804978,470.1213418004651,223.0497944683221,4,4.2,
freMTPL2sev,Causilo,1,100.0,raw,0.0,1,2000,1000,2.6410400741541395,0.0415,1,4.465944460387188,0,False,-0.008495092905127536,-0.04238810387992788,0.28449285735093877,0.4807319357053193,632.9506711220052,812.1400549960265,501.90309180701803,204.2769177697542,3,4.3,
freMTPL2sev,Causilo,1,100.0,clip,50.0,1,2000,1000,2.6410400741541395,0.0415,1,4.465944460387188,21,True,0.007355357356733918,0.005068608599919436,-0.28688632416330917,-0.4753840113920507,632.0719830198702,808.0771444887176,448.7322491018051,262.7441362149334,10,4.4,
freMTPL2sev,Causilo,1,100.0,clip,200.0,1,2000,1000,2.6410400741541395,0.0415,1,4.465944460387188,5,True,0.0017179607244781215,0.007657318997022206,0.025824005376158594,-0.02319642038022507,632.1469762005167,809.930091226745,466.5824698935363,223.7665871215078,4,4.0,
freMTPL2sev,Causilo,1,100.0,sd_cap,1.2,1,2000,1000,2.6410400741541395,0.0415,1,4.465944460387188,1,True,-0.002272428076637769,0.0008213810454431852,0.14080351203576558,0.21066587344063853,632.3549621559888,810.6819072669477,495.4689661386928,202.06958820796828,4,4.6,
freMTPL2sev,Causilo,2,1.0,raw,0.0,1,2000,1000,1.1504825991718886,0.034,57,0.041376211744954115,0,,0.0,0.0,0.0,0.0,701.1879449760096,967.0587053167397,754.2299269432449,438.9354516997327,7,0.0,
freMTPL2sev,Causilo,2,1.0,clip,50.0,1,2000,1000,1.1504825991718886,0.034,57,0.041376211744954115,12,,0.00450200850717937,0.008107552839801113,-0.319189106427113,-0.516303941812345,701.0099650303372,966.4528337959722,729.6064966348354,555.9301423319316,9,4.2,
freMTPL2sev,Causilo,2,1.0,clip,200.0,1,2000,1000,1.1504825991718886,0.034,57,0.041376211744954115,6,,0.002411027790285863,0.016089123902928278,-0.06932558682000944,-0.16940830325343387,700.9582155561761,967.1235436823332,742.8042908658842,475.20030666483785,7,4.9,
freMTPL2sev,Causilo,2,1.0,sd_cap,1.2,1,2000,1000,1.1504825991718886,0.034,57,0.041376211744954115,0,,0.0,0.0,0.0,0.0,701.1879449760096,967.0587053167397,754.2299269432449,438.9354516997327,7,4.2,
freMTPL2sev,Causilo,2,100.0,raw,0.0,1,2000,1000,2.2921766896704265,0.034,1,4.137621174495411,0,False,-0.014348593934860472,-0.05139657678487792,0.2587205031052757,0.5510205161149233,701.6741895947245,969.6997028895256,794.3979896522677,369.6538941794633,6,4.1,
freMTPL2sev,Causilo,2,100.0,clip,50.0,1,2000,1000,2.2921766896704265,0.034,1,4.137621174495411,13,True,0.004400244069762284,0.01053332961849648,-0.30652828237312146,-0.5061327747934038,701.046760075789,966.7583731734848,730.3863523520488,554.1443451591207,9,4.7,
freMTPL2sev,Causilo,2,100.0,clip,200.0,1,2000,1000,2.2921766896704265,0.034,1,4.137621174495411,7,True,0.002215894845060332,0.019797404739469567,-0.03145549259650211,-0.11813289937411905,700.9824683463429,970.7669760083442,751.641479326552,471.0392748819665,7,4.5,
freMTPL2sev,Causilo,2,100.0,sd_cap,1.2,1,2000,1000,2.2921766896704265,0.034,1,4.137621174495411,1,True,-0.0019672036650548582,-0.023529226292402977,0.26291475110092144,0.3458315183221386,700.9304281438878,970.1910344337265,779.6733010027816,375.29401241270614,6,4.4,
freMTPL2sev,Causilo,3,1.0,raw,0.0,1,2000,1000,1.2692119672812667,0.0355,45,0.038688000671390395,0,,0.0,0.0,0.0,0.0,632.4998556194481,817.816759630695,552.8595451284301,241.30205636818462,7,0.0,
freMTPL2sev,Causilo,3,1.0,clip,50.0,1,2000,1000,1.2692119672812667,0.0355,45,0.038688000671390395,17,,0.008374812312367957,0.0212556561134867,-0.3455011791472272,-0.5668315330358966,631.9960706851688,812.2873748835897,533.7600628478554,353.83829217122303,12,4.1,
freMTPL2sev,Causilo,3,1.0,clip,200.0,1,2000,1000,1.2692119672812667,0.0355,45,0.038688000671390395,4,,0.007246214240651441,0.01100888686532161,-0.15509434574449632,-0.2467857512177633,632.5223492825512,819.1373533433639,537.3202607013054,274.2551203870787,8,5.0,
freMTPL2sev,Causilo,3,1.0,sd_cap,1.2,1,2000,1000,1.2692119672812667,0.0355,45,0.038688000671390395,2,,0.0005253901353339177,0.0009615260483828614,-0.03175323186227426,-0.04463519636613704,632.378878168267,816.7864687271357,552.0620900870653,247.7168502756711,8,4.4,
freMTPL2sev,Causilo,3,100.0,raw,0.0,1,2000,1000,2.597782429961985,0.0355,1,3.8688000671390395,0,False,-0.0011906011422154758,-0.03940310950593384,0.12913268430711067,0.2563993219849235,632.794950815626,831.5211967937057,549.2169208149915,206.00780708899876,6,4.2,
freMTPL2sev,Causilo,3,100.0,clip,50.0,1,2000,1000,2.597782429961985,0.0355,1,3.8688000671390395,18,True,0.008177429611217025,0.021075063916221604,-0.3329359866074205,-0.558398242914999,632.0031285865883,812.3655610941835,533.4692884500935,352.0777918286838,12,4.4,
freMTPL2sev,Causilo,3,100.0,clip,200.0,1,2000,1000,2.597782429961985,0.0355,1,3.8688000671390395,5,True,0.006915463109222172,0.008378749437368173,-0.10069411104760953,-0.182624797338897,632.467831951209,818.6684497884223,540.7451194220546,262.50583754597045,8,4.0,
freMTPL2sev,Causilo,3,100.0,sd_cap,1.2,1,2000,1000,2.597782429961985,0.0355,1,3.8688000671390395,1,True,-0.002193130333435464,0.007354260136263512,0.08849990346687957,0.17158776248696872,632.5542913151882,825.6974445722789,559.8831834677239,227.47142630747808,5,4.4,
freMTPL2sev,Causilo,4,1.0,raw,0.0,1,2000,1000,1.3806792761737792,0.036,16,0.08017361171513762,0,,0.0,0.0,0.0,0.0,1294.0819720504787,2014.7539913164578,1915.0391769300675,1667.945817731917,8,0.0,
freMTPL2sev,Causilo,4,1.0,clip,50.0,1,2000,1000,1.3806792761737792,0.036,16,0.08017361171513762,16,,0.0049175312754815475,0.006813388429273785,-0.2675836752623626,-0.46024322275483354,1293.4258535043105,2012.0457344121244,1877.093011285447,1721.502045275162,9,4.3,
freMTPL2sev,Causilo,4,1.0,clip,200.0,1,2000,1000,1.3806792761737792,0.036,16,0.08017361171513762,3,,0.0023175489045951002,0.018403840461823702,-0.016597612368424733,-0.07825372472307396,1293.4794576314828,2015.4741881857044,1909.8059569413615,1672.600202106217,8,4.6,
freMTPL2sev,Causilo,4,1.0,sd_cap,1.2,1,2000,1000,1.3806792761737792,0.036,16,0.08017361171513762,2,,0.0010552301583416515,0.020990499227384926,-0.017801877501832576,-0.03766604177329518,1293.8289575730366,2017.4403512172325,1913.3748218875141,1670.9541758327962,8,4.2,
freMTPL2sev,Causilo,4,100.0,raw,0.0,1,2000,1000,5.658156018924014,0.036,1,8.017361171513762,0,False,0.0005415508378585422,-0.05824241186982276,0.12723054871266387,0.2872192520027832,1295.3080575389563,2002.813615366413,1930.1968173429393,1686.0691532636895,6,3.9,
freMTPL2sev,Causilo,4,100.0,clip,50.0,1,2000,1000,5.658156018924014,0.036,1,8.017361171513762,16,True,0.0049175312754815475,0.006813388429273785,-0.2675836752623626,-0.46024322275483354,1293.4258535043105,2012.0457344121244,1877.093011285447,1721.502045275162,9,4.5,
freMTPL2sev,Causilo,4,100.0,clip,200.0,1,2000,1000,5.658156018924014,0.036,1,8.017361171513762,4,True,0.002119969708019412,0.020093650143080306,0.012114866561863662,-0.017987355439739717,1293.441066910779,2015.792423993354,1916.6815754642794,1669.9487016892558,8,4.0,
freMTPL2sev,Causilo,4,100.0,sd_cap,1.2,1,2000,1000,5.658156018924014,0.036,1,8.017361171513762,2,True,-0.0025207534177996557,-0.002136745255507308,0.11540798821971533,0.21639467705698656,1294.079264387393,2010.425455278604,1926.0110852771102,1671.2841657696254,7,4.3,
freMTPL2sev,Causilo,5,1.0,raw,0.0,1,2000,1000,1.3200845992013304,0.0205,19,0.042737225044165744,0,,0.0,0.0,0.0,0.0,553.5398095506824,703.2070383047932,445.94137058383586,120.75420490144394,5,0.0,
freMTPL2sev,Causilo,5,1.0,clip,50.0,1,2000,1000,1.3200845992013304,0.0205,19,0.042737225044165744,13,,0.015055080267661596,0.0426548418886617,-0.41619311892323163,-0.625456347266677,553.4335755944625,704.0234962466401,394.3583833677921,211.9428586144354,8,3.8,
freMTPL2sev,Causilo,5,1.0,clip,200.0,1,2000,1000,1.3200845992013304,0.0205,19,0.042737225044165744,5,,0.009122528987089538,0.033827418064014084,-0.12188287713988555,-0.2841025533529078,553.3093709431554,699.769542440149,424.74165973900637,142.14502908160114,5,4.5,
freMTPL2sev,Causilo,5,1.0,sd_cap,1.2,1,2000,1000,1.3200845992013304,0.0205,19,0.042737225044165744,2,,0.003329417567592809,0.008652670406548756,-0.010816287822368851,-0.03277595097976454,553.6208206004657,703.4765987401255,446.62122925295097,125.00732234687385,5,4.5,
freMTPL2sev,Causilo,5,100.0,raw,0.0,1,2000,1000,2.9756911123939402,0.0205,1,4.2737225044165745,0,False,0.0007569717387558347,-0.0359754556187805,-0.03065559580382493,0.01697134135420409,553.9484430918243,697.2165575046818,457.94324234171086,116.2013015682539,4,4.0,
freMTPL2sev,Causilo,5,100.0,clip,50.0,1,2000,1000,2.9756911123939402,0.0205,1,4.2737225044165745,14,True,0.014908288551406822,0.04726834352649051,-0.4133631739301226,-0.6229352997527675,553.4571545606411,703.3310527018951,395.335913038542,210.5099981347186,8,4.0,
freMTPL2sev,Causilo,5,100.0,clip,200.0,1,2000,1000,2.9756911123939402,0.0205,1,4.2737225044165745,6,True,0.00915731867578324,0.03263206830261474,-0.06536622208729242,-0.22506888323112714,553.272690339622,699.3762611858559,433.1213100669184,134.53592170085852,5,4.3,
freMTPL2sev,Causilo,5,100.0,sd_cap,1.2,1,2000,1000,2.9756911123939402,0.0205,1,4.2737225044165745,1,True,-0.0032584282016693234,-0.022096392092423818,-0.014748756088316401,0.0064768087485799625,553.6703147817461,700.9139331272277,454.5853358246013,119.33519865031768,4,4.0,
freMTPL2sev,Causilo,6,1.0,raw,0.0,1,2000,1000,1.2180061869432446,0.073,125,0.03340222440205332,0,,0.0,0.0,0.0,0.0,1016.7385676036263,1458.5927216715022,1007.9692125967264,724.333134656937,20,0.0,
freMTPL2sev,Causilo,6,1.0,clip,50.0,1,2000,1000,1.2180061869432446,0.073,125,0.03340222440205332,10,,0.003553932022758386,-0.016692559020230563,-0.08760929769482155,-0.22102516787903503,1016.5719300123186,1463.0096429964779,1062.6466668477203,846.7160746598672,23,4.2,
freMTPL2sev,Causilo,6,1.0,clip,200.0,1,2000,1000,1.2180061869432446,0.073,125,0.03340222440205332,2,,-0.0009507980868589626,-0.003807985228799453,0.00162689188607687,-0.006283271496076595,1016.8319028631645,1459.0691657887978,1008.608130740284,724.7630207671754,20,4.6,
freMTPL2sev,Causilo,6,1.0,sd_cap,1.2,1,2000,1000,1.2180061869432446,0.073,125,0.03340222440205332,2,,-0.0004700356603146522,-6.745113876806407e-05,0.0013703479938557762,-1.762957604185057e-05,1016.748553225733,1459.0070581394386,1007.4956475164495,723.7941244488502,20,4.3,
freMTPL2sev,Causilo,6,100.0,raw,0.0,1,2000,1000,2.170816181425236,0.073,1,3.3402224402053324,0,False,-0.0022868919021626507,-0.041644323171597775,0.15029055819183623,0.3190123380930402,1017.2701302414118,1470.3027103388686,1004.3484386743519,670.0526980413753,19,3.9,
freMTPL2sev,Causilo,6,100.0,clip,50.0,1,2000,1000,2.170816181425236,0.073,1,3.3402224402053324,11,True,0.0038126760074613797,-0.014311561131798293,-0.05964437485347929,-0.18765822764487639,1016.5323632955177,1463.019975391869,1059.006869637602,835.9371121194121,22,4.6,
freMTPL2sev,Causilo,6,100.0,clip,200.0,1,2000,1000,2.170816181425236,0.073,1,3.3402224402053324,3,True,-0.0005748989841478601,-0.001077996652445779,0.04687046037081917,0.09030485688092385,1016.8280250049155,1459.5916707674078,1003.219231625562,699.8493830679903,20,4.7,
freMTPL2sev,Causilo,6,100.0,sd_cap,1.2,1,2000,1000,2.170816181425236,0.073,1,3.3402224402053324,1,True,0.00015410537913430563,0.004109680912570588,0.048435545658725716,0.11898595178008278,1016.7749676788121,1459.4974176851858,998.3800901225882,696.0538877249365,19,4.2,
freMTPL2sev,Causilo,7,1.0,raw,0.0,1,2000,1000,4.329917599470167,0.9745,1800,0.00013232581973926066,0,,0.0,0.0,0.0,0.0,944.9664404559476,1374.149527554817,999.4773577931707,634.0466938025558,8,0.0,
freMTPL2sev,Causilo,7,1.0,clip,50.0,1,2000,1000,4.329917599470167,0.9745,1800,0.00013232581973926066,16,,-0.0005525116281976816,0.026797282156624858,-0.31390126047430367,-0.5109849441817705,943.9674635316218,1378.5267506542848,1018.8561688067788,789.478594687076,14,4.2,
freMTPL2sev,Causilo,7,1.0,clip,200.0,1,2000,1000,4.329917599470167,0.9745,1800,0.00013232581973926066,4,,-0.006008522232831097,0.04851311731915314,-0.0015070793607416778,-0.07980402112897711,944.2217036603524,1383.8307405782255,1001.3642143709924,635.8709730385808,7,4.3,
freMTPL2sev,Causilo,7,1.0,sd_cap,1.2,1,2000,1000,4.329917599470167,0.9745,1800,0.00013232581973926066,1,,-0.012233802396601705,0.024934017081682587,0.12923268183861292,0.10009331139195118,944.3212716170157,1381.112198480996,1017.3754920497172,615.1761555168399,7,4.7,
freMTPL2sev,Causilo,7,100.0,raw,0.0,1,2000,1000,4.324932589596834,0.9745,22,0.013232581973926067,0,False,0.0001032047670244906,0.003666698646662786,0.011506013908256575,0.007343645860361025,945.0043823429015,1374.151704446006,1000.5877959043805,634.5824915608547,8,3.7,
freMTPL2sev,Causilo,7,100.0,clip,50.0,1,2000,1000,4.324932589596834,0.9745,22,0.013232581973926067,16,False,-0.00048527745907780745,0.030254077529471762,-0.3021355398613127,-0.5028586378462245,943.9866804203228,1378.4498282031332,1018.2016648681854,787.4742977643128,14,4.0,
freMTPL2sev,Causilo,7,100.0,clip,200.0,1,2000,1000,4.324932589596834,0.9745,22,0.013232581973926067,4,False,-0.006138152239209323,0.05206779079851309,0.01872367727850589,-0.07561119127356897,944.1707775560723,1383.1448761132942,1001.2648323911785,636.0628113447417,6,3.7,
freMTPL2sev,Causilo,7,100.0,sd_cap,1.2,1,2000,1000,4.324932589596834,0.9745,22,0.013232581973926067,1,False,-0.012284859371013026,0.024988604973640284,0.1422343550057487,0.10505192266560644,944.3157346102175,1380.4214411462704,1019.1087812524999,619.2804117514812,7,3.2,
freMTPL2sev,Causilo,8,1.0,raw,0.0,1,2000,1000,4.154660842160417,0.9755,204,0.0020011600746317336,0,,0.0,0.0,0.0,0.0,619.3680147507523,756.1190880682948,430.382186333142,166.51295600652452,4,0.0,
freMTPL2sev,Causilo,8,1.0,clip,50.0,1,2000,1000,4.154660842160417,0.9755,204,0.0020011600746317336,14,,0.008331749395437026,0.07478335744959522,-0.3179061679187997,-0.5062790554711101,618.710045011771,755.1423446416559,383.3281975666232,222.26481208096286,6,3.8,
freMTPL2sev,Causilo,8,1.0,clip,200.0,1,2000,1000,4.154660842160417,0.9755,204,0.0020011600746317336,3,,0.004389773982718848,0.08730699273146812,-0.06197300071420313,-0.17554313791954976,619.1659928079986,756.300424411207,421.5587222504175,181.97392085264687,5,3.6,
freMTPL2sev,Causilo,8,1.0,sd_cap,1.2,1,2000,1000,4.154660842160417,0.9755,204,0.0020011600746317336,1,,0.004097032713939911,0.07327626925506722,-0.0923670685469738,-0.11174357394759843,619.5077216760652,753.9192444359644,430.54125220849033,176.58901976094387,5,3.7,
freMTPL2sev,Causilo,8,100.0,raw,0.0,1,2000,1000,3.299777814584543,0.9755,2,0.20011600746317337,0,False,-0.005385939613060994,-0.0023096718794767285,0.24209858517451505,0.3771726376565548,619.4720358152065,756.7213813144301,464.2446799915681,172.15017687826247,4,3.9,
freMTPL2sev,Causilo,8,100.0,clip,50.0,1,2000,1000,3.299777814584543,0.9755,2,0.20011600746317337,15,True,0.00793136344594551,0.08028927702378037,-0.2872188759207846,-0.4817842518867238,618.6468804737552,755.3620656926206,385.1889905950052,221.0705146310355,6,4.1,
freMTPL2sev,Causilo,8,100.0,clip,200.0,1,2000,1000,3.299777814584543,0.9755,2,0.20011600746317337,4,True,0.002817246175564566,0.08941112452029641,0.024351434016273703,-0.0855166129499084,619.1012112457478,755.8055847074353,430.06392349914427,178.4637062733089,4,3.5,
freMTPL2sev,Causilo,8,100.0,sd_cap,1.2,1,2000,1000,3.299777814584543,0.9755,2,0.20011600746317337,1,False,0.000785470057516286,0.05858174147782359,0.09831408220055432,0.15331224102829327,619.4911628766486,752.8214169203827,460.64967593930027,171.9400238790078,5,3.4,
freMTPL2sev,Causilo,9,1.0,raw,0.0,1,2000,1000,3.2643406623071347,0.97,1689,0.00033923247384705146,0,,0.0,0.0,0.0,0.0,2685.839337498457,4493.755220805739,4596.514626450649,4289.974068251312,4,0.0,
freMTPL2sev,Causilo,9,1.0,clip,50.0,1,2000,1000,3.2643406623071347,0.97,1689,0.00033923247384705146,17,,0.01180892009655084,0.07215875635736424,-0.34251157914341335,-0.5870545821749253,2683.8658333012636,4483.148648995933,4524.9110925004,4403.430189313887,7,3.7,
freMTPL2sev,Causilo,9,1.0,clip,200.0,1,2000,1000,3.2643406623071347,0.97,1689,0.00033923247384705146,6,,0.01209547546557528,0.07334530830429932,-0.04899219647473291,-0.23563301322066438,2684.264048378094,4488.082072802926,4560.396844801814,4303.790501706733,4,3.7,
freMTPL2sev,Causilo,9,1.0,sd_cap,1.2,1,2000,1000,3.2643406623071347,0.97,1689,0.00033923247384705146,1,,0.0063548132127392975,0.04256482308257116,0.18884626402620552,0.12339928936259345,2684.678713260064,4486.186604280259,4611.595485635536,4273.1626933596235,4,3.7,
freMTPL2sev,Causilo,9,100.0,raw,0.0,1,2000,1000,3.249545429007761,0.97,11,0.033923247384705146,0,False,-0.0014078522569803088,-0.0007982477448373343,0.02533881622902992,0.02724824632684044,2685.916036706635,4492.7803589611185,4598.183109473664,4279.714738876056,4,3.6,
freMTPL2sev,Causilo,9,100.0,clip,50.0,1,2000,1000,3.249545429007761,0.97,11,0.033923247384705146,18,True,0.012512220895043776,0.0761027638850625,-0.31406878313263403,-0.5690776764300982,2683.8356151400817,4483.924453059235,4526.7533800293195,4402.251397354854,5,4.1,
freMTPL2sev,Causilo,9,100.0,clip,200.0,1,2000,1000,3.249545429007761,0.97,11,0.033923247384705146,6,False,0.011667768915447997,0.07900166691639901,-0.016751028256690947,-0.18926491318095812,2684.123383878788,4486.724137705927,4569.108981113355,4312.770905754133,4,3.8,
freMTPL2sev,Causilo,9,100.0,sd_cap,1.2,1,2000,1000,3.249545429007761,0.97,11,0.033923247384705146,1,False,0.005300646059256893,0.03957828228810022,0.19065989067662253,0.11796642352536228,2684.772550348078,4486.2916118367275,4611.104669419127,4270.401131215877,4,3.4,
beMTPL97,Causilo,0,1.0,raw,0.0,1,2000,1000,1.1199847463822687,0.0925,146,0.03977943172799799,0,,0.0,0.0,0.0,0.0,634.4962976858682,691.4349961967038,337.5858703051488,121.00013757433958,14,0.0,
beMTPL97,Causilo,0,1.0,clip,50.0,1,2000,1000,1.1199847463822687,0.0925,146,0.03977943172799799,2,,0.008757440266852707,-0.00646933326936436,-0.05495796779477484,-0.09957896780669029,634.5728429744674,691.8657327434735,341.75777823447265,129.61051294327376,16,3.7,
beMTPL97,Causilo,0,1.0,clip,200.0,1,2000,1000,1.1199847463822687,0.0925,146,0.03977943172799799,0,,0.0,0.0,0.0,0.0,634.4962976858682,691.4349961967038,337.5858703051488,121.00013757433958,14,4.3,
beMTPL97,Causilo,0,1.0,sd_cap,1.2,1,2000,1000,1.1199847463822687,0.0925,146,0.03977943172799799,0,,0.0,0.0,0.0,0.0,634.4962976858682,691.4349961967038,337.5858703051488,121.00013757433958,14,4.0,
beMTPL97,Causilo,0,100.0,raw,0.0,1,2000,1000,2.0718912334579174,0.0925,1,3.9779431727997996,0,False,0.12583069429282173,0.05769405588853755,0.2274001660678523,0.3832060077019957,637.2913412962133,696.4675438124062,341.22441549692746,93.8937175594368,11,3.7,
beMTPL97,Causilo,0,100.0,clip,50.0,1,2000,1000,2.0718912334579174,0.0925,1,3.9779431727997996,3,True,0.004148265928718517,-0.006203482251952322,0.00016391455112438943,-0.029786705878297112,634.5136126201701,691.8177052648139,341.0131695326144,120.19042242691779,13,3.7,
beMTPL97,Causilo,0,100.0,clip,200.0,1,2000,1000,2.0718912334579174,0.0925,1,3.9779431727997996,1,True,0.03743448970289375,0.053791514854938355,0.16449350075364497,0.2734727097317592,638.4888816987772,695.3011330182803,342.49889782717526,102.46180103185473,11,3.7,
beMTPL97,Causilo,0,100.0,sd_cap,1.2,1,2000,1000,2.0718912334579174,0.0925,1,3.9779431727997996,1,True,-0.009601794507002383,0.039712856967939844,0.16189341293221898,0.21797070966753435,636.5500717286604,694.7378884827139,339.22371983793556,99.58520068937594,13,4.2,
beMTPL97,Causilo,1,1.0,raw,0.0,1,2000,1000,1.10915450471181,0.092,14,0.30975425276810675,0,,0.0,0.0,0.0,0.0,542.2246743151939,499.8876660345972,234.43234962127445,36.944758338547544,6,0.0,
beMTPL97,Causilo,1,1.0,clip,50.0,1,2000,1000,1.10915450471181,0.092,14,0.30975425276810675,1,,0.015179910052077122,-0.0021965170800400655,-0.04885501958788786,-0.05948857476558657,542.2195336484896,499.9019229012695,230.8326820640329,39.35207970230898,6,3.7,
beMTPL97,Causilo,1,1.0,clip,200.0,1,2000,1000,1.10915450471181,0.092,14,0.30975425276810675,0,,0.0,0.0,0.0,0.0,542.2246743151939,499.8876660345972,234.43234962127445,36.944758338547544,6,3.9,
beMTPL97,Causilo,1,1.0,sd_cap,1.2,1,2000,1000,1.10915450471181,0.092,14,0.30975425276810675,0,,0.0,0.0,0.0,0.0,542.2246743151939,499.8876660345972,234.43234962127445,36.944758338547544,6,3.8,
beMTPL97,Causilo,1,100.0,raw,0.0,1,2000,1000,13.794143833695193,0.092,1,30.97542527681068,0,False,0.26901301063494165,0.03565241362335449,0.21096257020368614,0.24043929370410894,539.4866794127016,497.54509081071996,255.58076880312439,45.46292488078481,4,4.1,
beMTPL97,Causilo,1,100.0,clip,50.0,1,2000,1000,13.794143833695193,0.092,1,30.97542527681068,2,True,0.026408094705465096,0.001946712010507291,0.005387485006123311,-0.001217364048030929,541.3060906167198,499.6066819803425,236.3097916745671,38.36005158820142,6,3.7,
beMTPL97,Causilo,1,100.0,clip,200.0,1,2000,1000,13.794143833695193,0.092,1,30.97542527681068,1,True,0.027173111435703445,-0.0026028440189058985,0.16474714215029002,0.21293537243567123,541.7885897356934,500.21539664606456,244.46677111305092,44.10341460000848,6,3.5,
beMTPL97,Causilo,1,100.0,sd_cap,1.2,1,2000,1000,13.794143833695193,0.092,1,30.97542527681068,1,True,0.014293757642944566,-0.0009202440582793288,0.07040484012748646,0.10974928708511009,541.6685402491086,500.4496181658319,238.87180364302023,40.3841990761599,6,4.0,
beMTPL97,Causilo,2,1.0,raw,0.0,1,2000,1000,1.0784447259566148,0.0605,90,0.062315579957953136,0,,0.0,0.0,0.0,0.0,564.7174088425963,550.5906847711536,293.40975168637954,79.12133617372982,7,0.0,
beMTPL97,Causilo,2,1.0,clip,50.0,1,2000,1000,1.0784447259566148,0.0605,90,0.062315579957953136,5,,0.008133952348782078,-0.0049807470372334114,-0.020283906984971088,-0.07293114244038731,564.347351462291,549.9577211259801,290.1418200638733,82.08165887140625,7,4.1,
beMTPL97,Causilo,2,1.0,clip,200.0,1,2000,1000,1.0784447259566148,0.0605,90,0.062315579957953136,0,,0.0,0.0,0.0,0.0,564.7174088425963,550.5906847711536,293.40975168637954,79.12133617372982,7,3.7,
beMTPL97,Causilo,2,1.0,sd_cap,1.2,1,2000,1000,1.0784447259566148,0.0605,90,0.062315579957953136,0,,0.0,0.0,0.0,0.0,564.7174088425963,550.5906847711536,293.40975168637954,79.12133617372982,7,3.5,
beMTPL97,Causilo,2,100.0,raw,0.0,1,2000,1000,2.5775724875554644,0.0605,1,6.231557995795313,0,False,0.19553507265952147,0.03730935793497858,0.20072828543065596,0.18820352168787308,566.4473508425825,549.3850612672107,301.2839569941451,62.444971248845164,5,4.1,
beMTPL97,Causilo,2,100.0,clip,50.0,1,2000,1000,2.5775724875554644,0.0605,1,6.231557995795313,6,True,0.005656788256787877,-0.006202191286194061,0.018900818664535843,-0.029486204757097265,564.4375210474834,549.9828078264231,295.08237514666484,82.12411239774633,7,4.1,
beMTPL97,Causilo,2,100.0,clip,200.0,1,2000,1000,2.5775724875554644,0.0605,1,6.231557995795313,1,True,0.03164840005880541,0.0003752307767827033,0.18110997961446434,0.16325197259934182,565.0688728910042,547.9200549674571,310.78486918361335,75.7786262119591,4,4.1,
beMTPL97,Causilo,2,100.0,sd_cap,1.2,1,2000,1000,2.5775724875554644,0.0605,1,6.231557995795313,1,True,0.004108897022687921,0.002831537133377516,0.1272183165739591,0.1427580566211581,564.6511416726524,551.3560234788889,307.1570188847745,74.18663227799007,5,3.7,
beMTPL97,Causilo,3,1.0,raw,0.0,1,2000,1000,1.1302546329114334,0.0985,85,0.06085340699815837,0,,0.0,0.0,0.0,0.0,541.293784463715,517.0495265895975,274.8550916927908,88.19179286318167,6,0.0,
beMTPL97,Causilo,3,1.0,clip,50.0,1,2000,1000,1.1302546329114334,0.0985,85,0.06085340699815837,1,,0.024380062049452228,-0.003017857080515624,-0.02860849596651588,-0.05799361527058759,541.8552090844595,518.5556647870075,271.6018969599384,91.23468585360052,6,4.3,
beMTPL97,Causilo,3,1.0,clip,200.0,1,2000,1000,1.1302546329114334,0.0985,85,0.06085340699815837,0,,0.0,0.0,0.0,0.0,541.293784463715,517.0495265895975,274.8550916927908,88.19179286318167,6,3.9,
beMTPL97,Causilo,3,1.0,sd_cap,1.2,1,2000,1000,1.1302546329114334,0.0985,85,0.06085340699815837,0,,0.0,0.0,0.0,0.0,541.293784463715,517.0495265895975,274.8550916927908,88.19179286318167,6,3.8,
beMTPL97,Causilo,3,100.0,raw,0.0,1,2000,1000,3.0515972421121482,0.0985,1,6.085340699815838,0,False,0.21285571286367855,0.06655672152851193,0.04990919728636663,0.06745110770786747,541.7493259132915,516.4612366488662,273.35401855810596,71.95044352461608,6,3.7,
beMTPL97,Causilo,3,100.0,clip,50.0,1,2000,1000,3.0515972421121482,0.0985,1,6.085340699815838,2,True,-0.0003268552858946243,-0.0021554219126148576,-0.0027155100279420835,-0.014831954976992235,542.0253998333015,518.5831657169236,274.48079453786977,88.04042036746041,6,3.5,
beMTPL97,Causilo,3,100.0,clip,200.0,1,2000,1000,3.0515972421121482,0.0985,1,6.085340699815838,1,True,0.07527250783450337,0.048269219572993544,0.10320381597348241,0.13334319351034157,541.0314906343464,516.8127800187724,280.7403964953458,74.79546447739436,6,4.3,
beMTPL97,Causilo,3,100.0,sd_cap,1.2,1,2000,1000,3.0515972421121482,0.0985,1,6.085340699815838,1,True,0.009581304611199364,0.0006683647073595965,0.059827996268137534,0.08371436331857882,542.0793927818506,518.0260037778381,276.27248180382816,79.89072609028327,6,3.8,
beMTPL97,Causilo,4,1.0,raw,0.0,1,2000,1000,1.0506555529276198,0.109,198,0.060826515190994836,0,,0.0,0.0,0.0,0.0,479.75643445581403,428.16715712185703,159.5508653142341,27.420101293327594,8,0.0,
beMTPL97,Causilo,4,1.0,clip,50.0,1,2000,1000,1.0506555529276198,0.109,198,0.060826515190994836,0,,0.0,0.0,0.0,0.0,479.75643445581403,428.16715712185703,159.5508653142341,27.420101293327594,8,3.8,
beMTPL97,Causilo,4,1.0,clip,200.0,1,2000,1000,1.0506555529276198,0.109,198,0.060826515190994836,0,,0.0,0.0,0.0,0.0,479.75643445581403,428.16715712185703,159.5508653142341,27.420101293327594,8,3.8,
beMTPL97,Causilo,4,1.0,sd_cap,1.2,1,2000,1000,1.0506555529276198,0.109,198,0.060826515190994836,0,,0.0,0.0,0.0,0.0,479.75643445581403,428.16715712185703,159.5508653142341,27.420101293327594,8,4.2,
beMTPL97,Causilo,4,100.0,raw,0.0,1,2000,1000,2.163645076408276,0.109,1,6.082651519099484,0,False,0.06026841294508459,0.05434516831021725,0.21225451741165915,0.3414307562995217,480.39287137259345,428.4512941191413,168.06133180544052,32.26572424773975,4,3.7,
beMTPL97,Causilo,4,100.0,clip,50.0,1,2000,1000,2.163645076408276,0.109,1,6.082651519099484,1,True,-0.006902411375083064,0.003901939840541557,0.05010211041227907,0.07635729219462084,479.63654161257585,428.3886000058076,161.30538250657864,27.24622279543528,7,3.6,
beMTPL97,Causilo,4,100.0,clip,200.0,1,2000,1000,2.163645076408276,0.109,1,6.082651519099484,1,True,-0.0005539623530678888,0.015244991369205256,0.287602787245278,0.3846605122331035,481.0667024051376,428.4741616537295,175.9872820431845,33.50792771078722,3,4.0,
beMTPL97,Causilo,4,100.0,sd_cap,1.2,1,2000,1000,2.163645076408276,0.109,1,6.082651519099484,1,True,-0.03928586097548675,-0.004087821348374475,0.21039519075987734,0.2464068793027615,479.5445820888173,428.4075827686844,170.01947553978482,30.020930296773564,4,4.0,
beMTPL97,Causilo,5,1.0,raw,0.0,1,2000,1000,1.1345200757181524,0.0875,85,0.05266084981397116,0,,0.0,0.0,0.0,0.0,600.889916985204,642.4740947900461,404.5863212488294,131.98105938700604,15,0.0,
beMTPL97,Causilo,5,1.0,clip,50.0,1,2000,1000,1.1345200757181524,0.0875,85,0.05266084981397116,2,,-0.003362606939483364,-0.008767282934380595,-0.012215570939212456,-0.06751446721313356,600.2535057688752,638.7966396800401,394.85796596116,136.97494281743712,15,5.2,
beMTPL97,Causilo,5,1.0,clip,200.0,1,2000,1000,1.1345200757181524,0.0875,85,0.05266084981397116,0,,0.0,0.0,0.0,0.0,600.889916985204,642.4740947900461,404.5863212488294,131.98105938700604,15,4.4,
beMTPL97,Causilo,5,1.0,sd_cap,1.2,1,2000,1000,1.1345200757181524,0.0875,85,0.05266084981397116,0,,0.0,0.0,0.0,0.0,600.889916985204,642.4740947900461,404.5863212488294,131.98105938700604,15,4.5,
beMTPL97,Causilo,5,100.0,raw,0.0,1,2000,1000,2.7116157484351744,0.0875,1,5.266084981397116,0,False,0.11676821415197469,0.054042543542730755,0.13961405058432455,0.25024656714586613,599.4462227976032,645.71489629187,392.68204213562035,107.92739604545349,13,4.2,
beMTPL97,Causilo,5,100.0,clip,50.0,1,2000,1000,2.7116157484351744,0.0875,1,5.266084981397116,3,True,0.0013889555833646898,-0.008350501206692357,0.013190175518446277,-0.034314951026439576,600.0995661321472,640.155062404616,397.27064907545156,134.19589545712824,15,4.5,
beMTPL97,Causilo,5,100.0,clip,200.0,1,2000,1000,2.7116157484351744,0.0875,1,5.266084981397116,1,True,-0.015334119691586491,0.041296768251607274,0.19245543560471728,0.2797329838476429,599.5461591987905,640.978320654088,387.0791446069124,99.73057532487182,13,4.2,
beMTPL97,Causilo,5,100.0,sd_cap,1.2,1,2000,1000,2.7116157484351744,0.0875,1,5.266084981397116,1,True,-0.006615489852586933,0.02924349704905531,0.10364621036440494,0.15660954803854893,600.5674023044526,642.6502137348884,398.6967809799971,112.18930177396815,15,4.2,
beMTPL97,Causilo,6,1.0,raw,0.0,1,2000,1000,1.1080930338557713,0.09,36,0.1350576025437534,0,,0.0,0.0,0.0,0.0,540.297187750209,509.7627717285423,226.65029657333466,36.15480239817189,8,0.0,
beMTPL97,Causilo,6,1.0,clip,50.0,1,2000,1000,1.1080930338557713,0.09,36,0.1350576025437534,2,,0.011918713743240212,-0.006312884114558274,-0.027510693167599812,-0.05082274806933411,540.3269179508251,509.7842871019576,225.3633874747382,34.08483075465335,8,5.2,
beMTPL97,Causilo,6,1.0,clip,200.0,1,2000,1000,1.1080930338557713,0.09,36,0.1350576025437534,0,,0.0,0.0,0.0,0.0,540.297187750209,509.7627717285423,226.65029657333466,36.15480239817189,8,5.0,
beMTPL97,Causilo,6,1.0,sd_cap,1.2,1,2000,1000,1.1080930338557713,0.09,36,0.1350576025437534,0,,0.0,0.0,0.0,0.0,540.297187750209,509.7627717285423,226.65029657333466,36.15480239817189,8,5.3,
beMTPL97,Causilo,6,100.0,raw,0.0,1,2000,1000,6.010342635317371,0.09,1,13.505760254375339,0,False,0.21270069857010165,0.021023068989899085,0.06246018731491928,0.07172488524984227,539.2041499903963,510.5792403894486,221.97022579538051,38.635658976951234,7,4.4,
beMTPL97,Causilo,6,100.0,clip,50.0,1,2000,1000,6.010342635317371,0.09,1,13.505760254375339,3,True,0.0028882108406942182,-0.000808280547683692,0.015242219701093424,0.009580761814214925,540.8393691057859,509.4807895100489,228.92438959088273,36.322073649609045,8,5.4,
beMTPL97,Causilo,6,100.0,clip,200.0,1,2000,1000,6.010342635317371,0.09,1,13.505760254375339,1,True,-0.03811710234108531,0.006452973495640813,0.23397197217119514,0.3020887043241681,539.8814996714635,510.6157386696055,244.1597700535476,47.532055162965975,5,4.3,
beMTPL97,Causilo,6,100.0,sd_cap,1.2,1,2000,1000,6.010342635317371,0.09,1,13.505760254375339,1,True,-0.05957777311303032,-0.012612296214133435,0.1190751940129258,0.15070808443502337,541.0189949807972,510.0558856919411,236.5335257292274,41.827525397111025,7,4.7,
beMTPL97,Causilo,7,1.0,raw,0.0,1,2000,1000,1.0633630543397554,0.0865,22,0.26832552882139665,0,,0.0,0.0,0.0,0.0,600.559216312359,648.6546222333999,362.546615766326,144.00818888479327,9,0.0,
beMTPL97,Causilo,7,1.0,clip,50.0,1,2000,1000,1.0633630543397554,0.0865,22,0.26832552882139665,1,,0.006468032432631363,0.00015220282999134694,-0.00545407372584757,-0.01016958949741811,600.51147064737,648.5468543843921,362.87561824795534,145.44753447491044,9,3.9,
beMTPL97,Causilo,7,1.0,clip,200.0,1,2000,1000,1.0633630543397554,0.0865,22,0.26832552882139665,0,,0.0,0.0,0.0,0.0,600.559216312359,648.6546222333999,362.546615766326,144.00818888479327,9,4.5,
beMTPL97,Causilo,7,1.0,sd_cap,1.2,1,2000,1000,1.0633630543397554,0.0865,22,0.26832552882139665,0,,0.0,0.0,0.0,0.0,600.559216312359,648.6546222333999,362.546615766326,144.00818888479327,9,4.0,
beMTPL97,Causilo,7,100.0,raw,0.0,1,2000,1000,9.43786375179839,0.0865,1,26.832552882139662,0,False,0.23199478424341535,0.08988505379585884,0.26936932033068683,0.304297418816907,601.675117254267,642.3800789443767,367.6943793858873,115.30002114015457,8,3.9,
beMTPL97,Causilo,7,100.0,clip,50.0,1,2000,1000,9.43786375179839,0.0865,1,26.832552882139662,2,True,-0.005240534751960629,0.003449507865965263,0.047006233984630975,0.044630802927995074,600.644148972468,649.0330017399625,365.5987519030769,141.76993109227712,9,4.2,
beMTPL97,Causilo,7,100.0,clip,200.0,1,2000,1000,9.43786375179839,0.0865,1,26.832552882139662,1,True,0.005005047721984955,0.057044130370783014,0.32201693339957926,0.391348430734037,601.2714964864438,646.266811518531,370.4926614325949,109.6465484877564,7,3.9,
beMTPL97,Causilo,7,100.0,sd_cap,1.2,1,2000,1000,9.43786375179839,0.0865,1,26.832552882139662,1,True,-0.0428500497215481,0.006213985072734298,0.1937756452527745,0.24459294778549637,601.1482047928815,647.1183890124331,358.9358352858454,108.95925236086678,7,4.4,
beMTPL97,Causilo,8,1.0,raw,0.0,1,2000,1000,1.0772243376282644,0.092,13,0.3388033690972757,0,,0.0,0.0,0.0,0.0,505.7495856061092,463.92790610817565,203.9949504423684,33.46516497005791,7,0.0,
beMTPL97,Causilo,8,1.0,clip,50.0,1,2000,1000,1.0772243376282644,0.092,13,0.3388033690972757,2,,0.004805203753635929,-0.00838622115978523,-0.012216178565213473,-0.034577220420325905,505.9094466461124,464.5122520849394,201.8950050135178,33.92522489485937,7,4.0,
beMTPL97,Causilo,8,1.0,clip,200.0,1,2000,1000,1.0772243376282644,0.092,13,0.3388033690972757,0,,0.0,0.0,0.0,0.0,505.7495856061092,463.92790610817565,203.9949504423684,33.46516497005791,7,4.0,
beMTPL97,Causilo,8,1.0,sd_cap,1.2,1,2000,1000,1.0772243376282644,0.092,13,0.3388033690972757,0,,0.0,0.0,0.0,0.0,505.7495856061092,463.92790610817565,203.9949504423684,33.46516497005791,7,4.1,
beMTPL97,Causilo,8,100.0,raw,0.0,1,2000,1000,13.001137925146184,0.092,1,33.88033690972757,0,False,0.20986192855555563,0.12257206718487325,0.3934827047897731,0.5417544258481556,507.1624586007974,462.62724981165826,214.36936423928057,45.43967351951857,5,4.3,
beMTPL97,Causilo,8,100.0,clip,50.0,1,2000,1000,13.001137925146184,0.092,1,33.88033690972757,3,True,0.01306588379009531,-0.004507199398502267,0.010274856098567202,-0.005304084794466265,505.5870522070125,463.86693142990595,202.34321288176346,32.64933083450935,7,3.8,
beMTPL97,Causilo,8,100.0,clip,200.0,1,2000,1000,13.001137925146184,0.092,1,33.88033690972757,1,True,-0.0380628042440916,-0.0013672150268502197,0.30089380604274896,0.4258928894149049,509.1771634627691,467.4713813842585,213.10197393906472,41.870098332826586,7,4.0,
beMTPL97,Causilo,8,100.0,sd_cap,1.2,1,2000,1000,13.001137925146184,0.092,1,33.88033690972757,1,True,-0.022181648737107602,0.00827775335382593,0.16415793264627204,0.218195200886648,506.31068014110923,462.9981664461098,212.96791749909985,36.59919653690828,7,4.4,
beMTPL97,Causilo,9,1.0,raw,0.0,1,2000,1000,1.0423389816393103,0.112,137,0.07306484946523568,0,,0.0,0.0,0.0,0.0,649.9395313783363,690.1155205287438,385.1403614792553,173.72094996051393,10,0.0,
beMTPL97,Causilo,9,1.0,clip,50.0,1,2000,1000,1.0423389816393103,0.112,137,0.07306484946523568,0,,0.0,0.0,0.0,0.0,649.9395313783363,690.1155205287438,385.1403614792553,173.72094996051393,10,5.6,
beMTPL97,Causilo,9,1.0,clip,200.0,1,2000,1000,1.0423389816393103,0.112,137,0.07306484946523568,0,,0.0,0.0,0.0,0.0,649.9395313783363,690.1155205287438,385.1403614792553,173.72094996051393,10,5.3,
beMTPL97,Causilo,9,1.0,sd_cap,1.2,1,2000,1000,1.0423389816393103,0.112,137,0.07306484946523568,0,,0.0,0.0,0.0,0.0,649.9395313783363,690.1155205287438,385.1403614792553,173.72094996051393,10,4.6,
beMTPL97,Causilo,9,100.0,raw,0.0,1,2000,1000,2.3475835096590933,0.112,1,7.30648494652357,0,False,0.047308011634920405,0.015861728724799018,0.11084438883293912,0.15520097938841826,649.7706610189977,690.935546308915,383.6159281780209,145.9080624332806,10,5.3,
beMTPL97,Causilo,9,100.0,clip,50.0,1,2000,1000,2.3475835096590933,0.112,1,7.30648494652357,1,True,-0.019005750111453362,0.0054634381876647225,0.08108513850280213,0.0898153113334168,649.7639584416976,689.8393453294165,386.05021625812856,159.41354713998828,10,5.1,
beMTPL97,Causilo,9,100.0,clip,200.0,1,2000,1000,2.3475835096590933,0.112,1,7.30648494652357,1,True,-0.04278996398812618,0.007805922293958011,0.25463261502145984,0.34472394282966845,652.2019114514388,691.4875767578103,387.9410558087302,119.4337544322722,9,5.1,
beMTPL97,Causilo,9,100.0,sd_cap,1.2,1,2000,1000,2.3475835096590933,0.112,1,7.30648494652357,1,True,-0.045718483346955496,0.002991657277562286,0.18461740606831678,0.1989223174723944,650.564324346538,689.8437957286594,389.8755049833376,142.1156369700721,9,5.3,
ausprivauto0405,Causilo,0,1.0,raw,0.0,1,2000,1000,1.0450985225829723,0.197,119,0.16086436488762262,0,,0.0,0.0,0.0,0.0,823.4345181250001,801.5267827555367,219.71682613902817,45.756367151411915,12,0.0,
ausprivauto0405,Causilo,0,1.0,clip,50.0,1,2000,1000,1.0450985225829723,0.197,119,0.16086436488762262,0,,0.0,0.0,0.0,0.0,823.4345181250001,801.5267827555367,219.71682613902817,45.756367151411915,12,4.1,
ausprivauto0405,Causilo,0,1.0,clip,200.0,1,2000,1000,1.0450985225829723,0.197,119,0.16086436488762262,0,,0.0,0.0,0.0,0.0,823.4345181250001,801.5267827555367,219.71682613902817,45.756367151411915,12,3.8,
ausprivauto0405,Causilo,0,1.0,sd_cap,1.2,1,2000,1000,1.0450985225829723,0.197,119,0.16086436488762262,0,,0.0,0.0,0.0,0.0,823.4345181250001,801.5267827555367,219.71682613902817,45.756367151411915,12,3.6,
ausprivauto0405,Causilo,0,100.0,raw,0.0,1,2000,1000,4.982030985629849,0.197,1,16.086436488762264,0,False,0.09572844419981111,0.02078048457559159,-0.04437383777765376,0.058597337452837614,834.9214580195297,858.844541695559,235.08375806206772,40.100044836366365,12,4.1,
ausprivauto0405,Causilo,0,100.0,clip,50.0,1,2000,1000,4.982030985629849,0.197,1,16.086436488762264,1,True,-0.03236736153156275,-0.016148618484189158,0.03661210883745557,0.07444664360615186,823.6558624415053,805.9987197228432,210.7198080239007,41.19234243687785,10,3.7,
ausprivauto0405,Causilo,0,100.0,clip,200.0,1,2000,1000,4.982030985629849,0.197,1,16.086436488762264,1,True,0.02870326860543459,0.010124555461544272,0.028965899823987916,0.10966158647512525,823.760068134424,815.3418706425031,212.2597687682099,38.73406441485046,8,4.0,
ausprivauto0405,Causilo,0,100.0,sd_cap,1.2,1,2000,1000,4.982030985629849,0.197,1,16.086436488762264,1,True,-0.028833836770468114,-0.024406801184726063,0.030222258372027612,0.1091580701714796,823.6049680682986,808.4159007988592,209.85018514088628,36.25960633680938,9,4.2,
ausprivauto0405,Causilo,1,1.0,raw,0.0,1,2000,1000,1.0658634843461645,0.2005,160,0.109276596018166,0,,0.0,0.0,0.0,0.0,823.6649695964863,757.989182856035,200.2790760793134,40.831985740069406,5,0.0,
ausprivauto0405,Causilo,1,1.0,clip,50.0,1,2000,1000,1.0658634843461645,0.2005,160,0.109276596018166,0,,0.0,0.0,0.0,0.0,823.6649695964863,757.989182856035,200.2790760793134,40.831985740069406,5,3.4,
ausprivauto0405,Causilo,1,1.0,clip,200.0,1,2000,1000,1.0658634843461645,0.2005,160,0.109276596018166,0,,0.0,0.0,0.0,0.0,823.6649695964863,757.989182856035,200.2790760793134,40.831985740069406,5,3.9,
ausprivauto0405,Causilo,1,1.0,sd_cap,1.2,1,2000,1000,1.0658634843461645,0.2005,160,0.109276596018166,0,,0.0,0.0,0.0,0.0,823.6649695964863,757.989182856035,200.2790760793134,40.831985740069406,5,3.5,
ausprivauto0405,Causilo,1,100.0,raw,0.0,1,2000,1000,4.041657415881043,0.2005,1,10.9276596018166,0,False,0.10344426993120232,0.001330143190177158,-0.041647585717894044,0.03856118854632122,827.7374743315391,820.7670443048431,212.18201850748437,44.14548764627782,9,3.3,
ausprivauto0405,Causilo,1,100.0,clip,50.0,1,2000,1000,4.041657415881043,0.2005,1,10.9276596018166,1,True,-0.027624709061051186,-0.013560409763378741,0.06094895204469579,0.12319144009012295,824.3126525416677,763.8994825750608,204.95293558576628,38.39852156845704,4,4.4,
ausprivauto0405,Causilo,1,100.0,clip,200.0,1,2000,1000,4.041657415881043,0.2005,1,10.9276596018166,1,True,0.0689209009057418,0.044342041222025896,0.06212332588031302,0.1330263161879618,826.9725658476443,791.3998971576367,213.8782502644749,40.043521122630445,4,4.3,
ausprivauto0405,Causilo,1,100.0,sd_cap,1.2,1,2000,1000,4.041657415881043,0.2005,1,10.9276596018166,1,True,-0.002071730344778624,-0.007918136853843787,0.03963607690484108,0.12499368115720565,823.093402663809,760.8566232150838,201.08441061464214,37.8611060412252,5,3.9,
ausprivauto0405,Causilo,2,1.0,raw,0.0,1,2000,1000,1.06107759987464,0.199,19,0.3148005983111099,0,,0.0,0.0,0.0,0.0,851.8669192169474,806.284629333795,206.09608168821188,42.058930794475565,10,0.0,
ausprivauto0405,Causilo,2,1.0,clip,50.0,1,2000,1000,1.06107759987464,0.199,19,0.3148005983111099,0,,0.0,0.0,0.0,0.0,851.8669192169474,806.284629333795,206.09608168821188,42.058930794475565,10,3.7,
ausprivauto0405,Causilo,2,1.0,clip,200.0,1,2000,1000,1.06107759987464,0.199,19,0.3148005983111099,0,,0.0,0.0,0.0,0.0,851.8669192169474,806.284629333795,206.09608168821188,42.058930794475565,10,3.8,
ausprivauto0405,Causilo,2,1.0,sd_cap,1.2,1,2000,1000,1.06107759987464,0.199,19,0.3148005983111099,0,,0.0,0.0,0.0,0.0,851.8669192169474,806.284629333795,206.09608168821188,42.058930794475565,10,4.2,
ausprivauto0405,Causilo,2,100.0,raw,0.0,1,2000,1000,11.026187380171429,0.199,1,31.48005983111099,0,False,0.11603569443756429,0.015719308363711194,-0.03862973913055284,0.05455770915796623,852.2773087875804,819.9503429279409,231.36072016386007,48.56156933409443,11,3.8,
ausprivauto0405,Causilo,2,100.0,clip,50.0,1,2000,1000,11.026187380171429,0.199,1,31.48005983111099,1,True,-0.019477326432754193,-0.013274402604892866,0.03374465974303764,0.059588377051266433,851.7633645447977,802.4142192077571,210.82870534569525,42.91412687105471,10,3.4,
ausprivauto0405,Causilo,2,100.0,clip,200.0,1,2000,1000,11.026187380171429,0.199,1,31.48005983111099,1,True,0.07331223800676631,0.017017845831197396,0.05748481949912611,0.13771494590226982,850.3729749210496,808.401445643936,220.54872269829917,45.42554482595564,8,4.1,
ausprivauto0405,Causilo,2,100.0,sd_cap,1.2,1,2000,1000,11.026187380171429,0.199,1,31.48005983111099,1,True,-0.005605498497631542,-0.018296822016387347,0.04324612169896392,0.09983666644159975,851.9920257266847,800.1159883455092,216.6240402153395,44.722407118526995,9,3.8,
ausprivauto0405,Causilo,3,1.0,raw,0.0,1,2000,1000,1.0430050696487105,0.2005,311,0.07836638855464229,0,,0.0,0.0,0.0,0.0,793.0916479394806,708.1555170198867,184.7181351082234,36.675664425496784,8,0.0,
ausprivauto0405,Causilo,3,1.0,clip,50.0,1,2000,1000,1.0430050696487105,0.2005,311,0.07836638855464229,0,,0.0,0.0,0.0,0.0,793.0916479394806,708.1555170198867,184.7181351082234,36.675664425496784,8,5.8,
ausprivauto0405,Causilo,3,1.0,clip,200.0,1,2000,1000,1.0430050696487105,0.2005,311,0.07836638855464229,0,,0.0,0.0,0.0,0.0,793.0916479394806,708.1555170198867,184.7181351082234,36.675664425496784,8,4.0,
ausprivauto0405,Causilo,3,1.0,sd_cap,1.2,1,2000,1000,1.0430050696487105,0.2005,311,0.07836638855464229,0,,0.0,0.0,0.0,0.0,793.0916479394806,708.1555170198867,184.7181351082234,36.675664425496784,8,3.5,
ausprivauto0405,Causilo,3,100.0,raw,0.0,1,2000,1000,2.526319333088405,0.2005,1,7.836638855464229,0,False,0.08427944674873321,0.024007864246795296,0.03313935875448154,0.10728915708335693,793.8925290066879,724.159213419103,183.90391471478,32.943914717949184,6,4.1,
ausprivauto0405,Causilo,3,100.0,clip,50.0,1,2000,1000,2.526319333088405,0.2005,1,7.836638855464229,1,True,-0.030206965451557023,-0.014290275691612803,0.03272098054241956,0.06677976490868165,793.2542153640434,714.902130239304,182.0824766989139,30.70375045746064,8,3.8,
ausprivauto0405,Causilo,3,100.0,clip,200.0,1,2000,1000,2.526319333088405,0.2005,1,7.836638855464229,1,True,0.05978243774314691,0.02332413945099602,0.03777883740786652,0.11143580427625951,792.4986782831159,724.2800460684407,182.8466429278508,32.09525741304527,6,3.6,
ausprivauto0405,Causilo,3,100.0,sd_cap,1.2,1,2000,1000,2.526319333088405,0.2005,1,7.836638855464229,1,True,-0.016616049802060006,-0.019923407394806684,0.007178682136818396,0.06606700665854809,791.6394940459402,715.0540852030377,181.61323785774104,31.508442057037712,7,4.3,
ausprivauto0405,Causilo,4,1.0,raw,0.0,1,2000,1000,1.0205635841440217,0.213,80,0.29070637126490784,0,,0.0,0.0,0.0,0.0,770.5181419614153,756.4450409159629,209.68618632321113,40.028043326825745,13,0.0,
ausprivauto0405,Causilo,4,1.0,clip,50.0,1,2000,1000,1.0205635841440217,0.213,80,0.29070637126490784,0,,0.0,0.0,0.0,0.0,770.5181419614153,756.4450409159629,209.68618632321113,40.028043326825745,13,3.3,
ausprivauto0405,Causilo,4,1.0,clip,200.0,1,2000,1000,1.0205635841440217,0.213,80,0.29070637126490784,0,,0.0,0.0,0.0,0.0,770.5181419614153,756.4450409159629,209.68618632321113,40.028043326825745,13,4.5,
ausprivauto0405,Causilo,4,1.0,sd_cap,1.2,1,2000,1000,1.0205635841440217,0.213,80,0.29070637126490784,0,,0.0,0.0,0.0,0.0,770.5181419614153,756.4450409159629,209.68618632321113,40.028043326825745,13,4.4,
ausprivauto0405,Causilo,4,100.0,raw,0.0,1,2000,1000,6.299402432314446,0.213,1,29.070637126490784,0,False,0.09418164244794977,0.03525527666632801,0.02061188183679336,0.0919613513760319,772.6427374992371,765.7946913514899,217.9460772455543,43.705736914991455,12,3.5,
ausprivauto0405,Causilo,4,100.0,clip,50.0,1,2000,1000,6.299402432314446,0.213,1,29.070637126490784,1,True,-0.05819712361918665,-0.01202896338992943,0.07401153396069951,0.1142249351965742,769.2148468346861,760.2255221501227,215.7861857882734,40.38926556494117,10,4.2,
ausprivauto0405,Causilo,4,100.0,clip,200.0,1,2000,1000,6.299402432314446,0.213,1,29.070637126490784,1,True,0.026673063760012886,0.025927955949464614,0.15161396477010602,0.20505406365979917,768.5556159583278,768.316278047134,217.2801228944175,43.28706341246826,9,3.8,
ausprivauto0405,Causilo,4,100.0,sd_cap,1.2,1,2000,1000,6.299402432314446,0.213,1,29.070637126490784,1,True,-0.06700339797851143,-0.010437251506867749,0.1410359796464994,0.22437903854866936,770.3591220595605,762.8056534627929,218.87421471433998,40.4791482473193,9,3.4,
ausprivauto0405,Causilo,5,1.0,raw,0.0,1,2000,1000,1.0445523851698721,0.2035,309,0.07621191265550337,0,,0.0,0.0,0.0,0.0,792.5699920114663,755.8836074271697,222.78227478425126,46.26435752748098,10,0.0,
ausprivauto0405,Causilo,5,1.0,clip,50.0,1,2000,1000,1.0445523851698721,0.2035,309,0.07621191265550337,0,,0.0,0.0,0.0,0.0,792.5699920114663,755.8836074271697,222.78227478425126,46.26435752748098,10,3.6,
ausprivauto0405,Causilo,5,1.0,clip,200.0,1,2000,1000,1.0445523851698721,0.2035,309,0.07621191265550337,0,,0.0,0.0,0.0,0.0,792.5699920114663,755.8836074271697,222.78227478425126,46.26435752748098,10,3.3,
ausprivauto0405,Causilo,5,1.0,sd_cap,1.2,1,2000,1000,1.0445523851698721,0.2035,309,0.07621191265550337,0,,0.0,0.0,0.0,0.0,792.5699920114663,755.8836074271697,222.78227478425126,46.26435752748098,10,4.1,
ausprivauto0405,Causilo,5,100.0,raw,0.0,1,2000,1000,2.5017833173650863,0.2035,1,7.621191265550337,0,False,0.09085473669960034,0.03551586359048262,0.08957473301279739,0.15361994948192298,797.41037039616,767.0278907571347,226.75344237862126,41.498271083637285,8,3.7,
ausprivauto0405,Causilo,5,100.0,clip,50.0,1,2000,1000,2.5017833173650863,0.2035,1,7.621191265550337,1,True,-0.03816510554020624,-0.00993175065944669,0.05950227734374697,0.0925897957101261,793.015980592564,754.5929700149915,219.85137618112245,45.21594545720112,8,3.3,
ausprivauto0405,Causilo,5,100.0,clip,200.0,1,2000,1000,2.5017833173650863,0.2035,1,7.621191265550337,1,True,0.0614240731874183,0.025978091175660675,0.10312694154777327,0.16877256418593337,795.538264858659,762.4307176650907,223.20847798813958,39.71841945900691,7,4.2,
ausprivauto0405,Causilo,5,100.0,sd_cap,1.2,1,2000,1000,2.5017833173650863,0.2035,1,7.621191265550337,1,True,-0.024837326151600773,-0.010530016411954989,0.07245797966163228,0.14117676679036317,791.8189459781435,753.4947666911904,215.02762497845472,38.22142398822616,7,4.1,
ausprivauto0405,Causilo,6,1.0,raw,0.0,1,2000,1000,1.0706009645257135,0.201,334,0.05555332034920233,0,,0.0,0.0,0.0,0.0,865.5336360282636,812.9440880447352,240.19988003181462,62.98603964134739,7,0.0,
ausprivauto0405,Causilo,6,1.0,clip,50.0,1,2000,1000,1.0706009645257135,0.201,334,0.05555332034920233,0,,0.0,0.0,0.0,0.0,865.5336360282636,812.9440880447352,240.19988003181462,62.98603964134739,7,4.0,
ausprivauto0405,Causilo,6,1.0,clip,200.0,1,2000,1000,1.0706009645257135,0.201,334,0.05555332034920233,0,,0.0,0.0,0.0,0.0,865.5336360282636,812.9440880447352,240.19988003181462,62.98603964134739,7,3.8,
ausprivauto0405,Causilo,6,1.0,sd_cap,1.2,1,2000,1000,1.0706009645257135,0.201,334,0.05555332034920233,0,,0.0,0.0,0.0,0.0,865.5336360282636,812.9440880447352,240.19988003181462,62.98603964134739,7,3.5,
ausprivauto0405,Causilo,6,100.0,raw,0.0,1,2000,1000,2.275970959664511,0.201,1,5.555332034920233,0,False,0.0875555857460413,0.047679617535673915,0.07778301965830997,0.1560048291540269,861.9013782586796,819.834045265045,240.19954366407157,53.75938115035096,6,4.0,
ausprivauto0405,Causilo,6,100.0,clip,50.0,1,2000,1000,2.275970959664511,0.201,1,5.555332034920233,1,True,-0.02783714226570025,-0.01497808131008517,0.040612643715477736,0.0881338748297699,866.4195534183947,812.9769924425617,239.14676521655795,57.11465465133692,7,3.7,
ausprivauto0405,Causilo,6,100.0,clip,200.0,1,2000,1000,2.275970959664511,0.201,1,5.555332034920233,1,True,0.06743358039574346,0.0416403571269807,0.08826717179387061,0.1637714923743821,862.6489551146582,819.1836920734339,239.89649193756244,53.610901116594704,6,3.7,
ausprivauto0405,Causilo,6,100.0,sd_cap,1.2,1,2000,1000,2.275970959664511,0.201,1,5.555332034920233,1,True,-0.009017303862436833,-0.014594603159307433,0.04598411204634227,0.12145425797277848,866.3867831238239,811.6545639550567,233.068646434105,55.293831796548645,6,4.1,
ausprivauto0405,Causilo,7,1.0,raw,0.0,1,2000,1000,1.028758584733694,0.21,235,0.1169936892300439,0,,0.0,0.0,0.0,0.0,850.229223830994,847.4817776991567,266.11948164176573,68.30271659013064,14,0.0,
ausprivauto0405,Causilo,7,1.0,clip,50.0,1,2000,1000,1.028758584733694,0.21,235,0.1169936892300439,0,,0.0,0.0,0.0,0.0,850.229223830994,847.4817776991567,266.11948164176573,68.30271659013064,14,3.6,
ausprivauto0405,Causilo,7,1.0,clip,200.0,1,2000,1000,1.028758584733694,0.21,235,0.1169936892300439,0,,0.0,0.0,0.0,0.0,850.229223830994,847.4817776991567,266.11948164176573,68.30271659013064,14,4.1,
ausprivauto0405,Causilo,7,1.0,sd_cap,1.2,1,2000,1000,1.028758584733694,0.21,235,0.1169936892300439,0,,0.0,0.0,0.0,0.0,850.229223830994,847.4817776991567,266.11948164176573,68.30271659013064,14,3.7,
ausprivauto0405,Causilo,7,100.0,raw,0.0,1,2000,1000,3.0689607801071523,0.21,1,11.69936892300439,0,False,0.08807691492934977,0.04891611074067887,0.0625031882685621,0.15394776246440559,854.0665891654039,854.3617516452023,253.45956114653438,44.16339686735847,12,3.6,
ausprivauto0405,Causilo,7,100.0,clip,50.0,1,2000,1000,3.0689607801071523,0.21,1,11.69936892300439,1,True,-0.05252672880493657,-0.012374085924088524,0.08360773615709756,0.1055518072642756,850.6683300261581,844.4046565425532,259.68583957439876,56.68101682522033,13,4.3,
ausprivauto0405,Causilo,7,100.0,clip,200.0,1,2000,1000,3.0689607801071523,0.21,1,11.69936892300439,1,True,0.049928347903240924,0.04268934159885521,0.08266163054173492,0.13791788999604815,851.2417073111769,851.0234381375269,255.95323975699245,50.37212930746267,13,3.7,
ausprivauto0405,Causilo,7,100.0,sd_cap,1.2,1,2000,1000,3.0689607801071523,0.21,1,11.69936892300439,1,True,-0.03770087450913198,-0.0004384558369929994,0.09407594332324956,0.1296852628017019,850.0911929043785,842.8001717276101,256.3871807256023,52.56387958336934,13,3.3,
ausprivauto0405,Causilo,8,1.0,raw,0.0,1,2000,1000,1.0364307043103653,0.1945,99,0.1873426701407928,0,,0.0,0.0,0.0,0.0,774.6574685647333,742.861546375309,200.07258999526096,32.40305255303512,5,0.0,
ausprivauto0405,Causilo,8,1.0,clip,50.0,1,2000,1000,1.0364307043103653,0.1945,99,0.1873426701407928,0,,0.0,0.0,0.0,0.0,774.6574685647333,742.861546375309,200.07258999526096,32.40305255303512,5,3.9,
ausprivauto0405,Causilo,8,1.0,clip,200.0,1,2000,1000,1.0364307043103653,0.1945,99,0.1873426701407928,0,,0.0,0.0,0.0,0.0,774.6574685647333,742.861546375309,200.07258999526096,32.40305255303512,5,4.1,
ausprivauto0405,Causilo,8,1.0,sd_cap,1.2,1,2000,1000,1.0364307043103653,0.1945,99,0.1873426701407928,0,,0.0,0.0,0.0,0.0,774.6574685647333,742.861546375309,200.07258999526096,32.40305255303512,5,4.6,
ausprivauto0405,Causilo,8,100.0,raw,0.0,1,2000,1000,5.257261083531559,0.1945,1,18.73426701407928,0,False,0.08009723827871773,0.027517691047637377,0.027365177061414128,0.12499712231244936,775.3120660102973,751.9533348718355,210.33497044497383,33.96880669070834,5,4.0,
ausprivauto0405,Causilo,8,100.0,clip,50.0,1,2000,1000,5.257261083531559,0.1945,1,18.73426701407928,1,True,-0.040545197542184094,-0.01343345038044645,0.06039970487116339,0.07613326084189229,774.7163638870101,742.796625830878,205.88598722773645,30.11758755784221,5,4.2,
ausprivauto0405,Causilo,8,100.0,clip,200.0,1,2000,1000,5.257261083531559,0.1945,1,18.73426701407928,1,True,0.026265090536824957,0.022311846915445452,0.11924980652636176,0.16540814118291064,774.9515422820117,746.2604921740059,204.01821517834674,33.72240693523558,5,3.7,
ausprivauto0405,Causilo,8,100.0,sd_cap,1.2,1,2000,1000,5.257261083531559,0.1945,1,18.73426701407928,1,True,-0.04846246535875172,-0.024594139203274145,0.0788487056185894,0.12125828978046962,774.8850408204465,742.5677911064879,203.02451766928664,32.25770160980734,5,3.4,
ausprivauto0405,Causilo,9,1.0,raw,0.0,1,2000,1000,1.0613147118775703,0.1925,349,0.05568850829028786,0,,0.0,0.0,0.0,0.0,806.8811185176379,798.1319246314536,213.94091961434629,26.985270161820154,10,0.0,
ausprivauto0405,Causilo,9,1.0,clip,50.0,1,2000,1000,1.0613147118775703,0.1925,349,0.05568850829028786,0,,0.0,0.0,0.0,0.0,806.8811185176379,798.1319246314536,213.94091961434629,26.985270161820154,10,3.5,
ausprivauto0405,Causilo,9,1.0,clip,200.0,1,2000,1000,1.0613147118775703,0.1925,349,0.05568850829028786,0,,0.0,0.0,0.0,0.0,806.8811185176379,798.1319246314536,213.94091961434629,26.985270161820154,10,3.4,
ausprivauto0405,Causilo,9,1.0,sd_cap,1.2,1,2000,1000,1.0613147118775703,0.1925,349,0.05568850829028786,0,,0.0,0.0,0.0,0.0,806.8811185176379,798.1319246314536,213.94091961434629,26.985270161820154,10,3.1,
ausprivauto0405,Causilo,9,100.0,raw,0.0,1,2000,1000,2.1689242444361243,0.1925,1,5.568850829028786,0,False,0.08560407461142817,0.053687842495766,0.11535041555135098,0.16072718831992322,811.4155685632458,812.3464865397506,220.36804181695672,32.59576091257084,6,3.6,
ausprivauto0405,Causilo,9,100.0,clip,50.0,1,2000,1000,2.1689242444361243,0.1925,1,5.568850829028786,1,True,-0.025364011135117034,-0.008794682444309788,0.05980282433806171,0.08777804942191009,806.3453988397074,800.9268664724331,215.09549886188725,29.81490656861412,8,3.2,
ausprivauto0405,Causilo,9,100.0,clip,200.0,1,2000,1000,2.1689242444361243,0.1925,1,5.568850829028786,1,True,0.06735409297988701,0.05014957894064392,0.11966839267239304,0.1582437063538681,812.0598844611712,811.4967216602598,219.25985211364193,32.45478374176684,6,3.0,
ausprivauto0405,Causilo,9,100.0,sd_cap,1.2,1,2000,1000,2.1689242444361243,0.1925,1,5.568850829028786,1,True,-0.016475713805561246,-0.009934956091494276,0.08159650349254474,0.12355460986795373,805.8093937050342,804.8403278666524,214.3806307536471,31.23443862024261,8,3.7,
norauto,Causilo,0,1.0,raw,0.0,1,2000,1000,1.1309671189312487,0.283,16,0.2262,0,,0.0,0.0,0.0,0.0,7043.125154920012,5665.493873352993,1618.133971322095,253.39517906015547,3,0.0,
norauto,Causilo,0,1.0,clip,50.0,1,2000,1000,1.1309671189312487,0.283,16,0.2262,0,,0.0,0.0,0.0,0.0,7043.125154920012,5665.493873352993,1618.133971322095,253.39517906015547,3,2.9,
norauto,Causilo,0,1.0,clip,200.0,1,2000,1000,1.1309671189312487,0.283,16,0.2262,0,,0.0,0.0,0.0,0.0,7043.125154920012,5665.493873352993,1618.133971322095,253.39517906015547,3,3.3,
norauto,Causilo,0,1.0,sd_cap,1.2,1,2000,1000,1.1309671189312487,0.283,16,0.2262,0,,0.0,0.0,0.0,0.0,7043.125154920012,5665.493873352993,1618.133971322095,253.39517906015547,3,3.2,
norauto,Causilo,0,100.0,raw,0.0,1,2000,1000,11.017274346972306,0.283,1,22.62,0,False,0.06179756459587103,0.034771942471116216,-0.08231095757908023,0.0495948708582053,7053.105986236395,5683.8559909785645,1502.5206916203663,272.6660068130597,3,2.9,
norauto,Causilo,0,100.0,clip,50.0,1,2000,1000,11.017274346972306,0.283,1,22.62,1,True,0.006756783183880616,-0.010462348978776355,0.009605389809150338,0.07871612697022257,7042.837121409968,5662.712945510639,1625.8641626517272,275.91102635131637,3,3.3,
norauto,Causilo,0,100.0,clip,200.0,1,2000,1000,11.017274346972306,0.283,1,22.62,1,True,0.04796932033086172,0.020400746954894557,-0.009595718328229363,0.11369284853180081,7042.335298926678,5665.332249739859,1603.8327043206482,289.66730433176406,3,3.4,
norauto,Causilo,0,100.0,sd_cap,1.2,1,2000,1000,11.017274346972306,0.283,1,22.62,1,True,0.01714087383726199,-0.0064221876768417105,-0.009807994194175093,0.08628101591510409,7042.814798128053,5660.516665579623,1601.9241058537514,279.2639171130543,3,3.2,
norauto,Causilo,1,1.0,raw,0.0,1,2000,1000,1.1670461837849448,0.332,50,0.14057571428571428,0,,0.0,0.0,0.0,0.0,6879.926633631078,5570.92868051064,1390.1706390650486,215.34914440895955,4,0.0,
norauto,Causilo,1,1.0,clip,50.0,1,2000,1000,1.1670461837849448,0.332,50,0.14057571428571428,0,,0.0,0.0,0.0,0.0,6879.926633631078,5570.92868051064,1390.1706390650486,215.34914440895955,4,3.4,
norauto,Causilo,1,1.0,clip,200.0,1,2000,1000,1.1670461837849448,0.332,50,0.14057571428571428,0,,0.0,0.0,0.0,0.0,6879.926633631078,5570.92868051064,1390.1706390650486,215.34914440895955,4,3.4,
norauto,Causilo,1,1.0,sd_cap,1.2,1,2000,1000,1.1670461837849448,0.332,50,0.14057571428571428,0,,0.0,0.0,0.0,0.0,6879.926633631078,5570.92868051064,1390.1706390650486,215.34914440895955,4,3.1,
norauto,Causilo,1,100.0,raw,0.0,1,2000,1000,7.565134285598177,0.332,1,14.057571428571428,0,False,0.045595415102907086,-0.014081490241175644,-0.12437594352811238,0.010805660229675681,6864.0999097808935,5544.273967064258,1337.3230017798787,231.43929712209794,6,3.1,
norauto,Causilo,1,100.0,clip,50.0,1,2000,1000,7.565134285598177,0.332,1,14.057571428571428,1,True,0.016295209974927616,-0.01618994729395487,-0.019385893372994255,0.08810941094478268,6875.877045210285,5556.962319384605,1375.6958640374685,215.1690991576123,5,3.5,
norauto,Causilo,1,100.0,clip,200.0,1,2000,1000,7.565134285598177,0.332,1,14.057571428571428,1,True,0.05406519111643385,0.018326967780334498,0.01072965195208666,0.15949902978095856,6871.056633019157,5580.910011916149,1405.0127502043645,232.35503077494005,4,3.1,
norauto,Causilo,1,100.0,sd_cap,1.2,1,2000,1000,7.565134285598177,0.332,1,14.057571428571428,1,True,0.0226316662831657,-0.011863495212826524,-0.027274490467974054,0.0960440467051471,6874.482609946363,5559.487419594497,1374.6077954826592,217.2626907022908,6,3.2,
norauto,Causilo,2,1.0,raw,0.0,1,2000,1000,1.140094619020263,0.286,502,0.03873714285714286,0,,0.0,0.0,0.0,0.0,7371.481650566794,6385.413194297831,1909.3056613358337,543.001430038031,7,0.0,
norauto,Causilo,2,1.0,clip,50.0,1,2000,1000,1.140094619020263,0.286,502,0.03873714285714286,1,,-0.00011722381224016102,-7.135301185464822e-05,-0.00011684706451572859,-0.0007344667848490189,7371.56650091226,6385.298086615846,1908.8605810223826,543.0363986794966,7,3.2,
norauto,Causilo,2,1.0,clip,200.0,1,2000,1000,1.140094619020263,0.286,502,0.03873714285714286,0,,0.0,0.0,0.0,0.0,7371.481650566794,6385.413194297831,1909.3056613358337,543.001430038031,7,3.2,
norauto,Causilo,2,1.0,sd_cap,1.2,1,2000,1000,1.140094619020263,0.286,502,0.03873714285714286,0,,0.0,0.0,0.0,0.0,7371.481650566794,6385.413194297831,1909.3056613358337,543.001430038031,7,3.6,
norauto,Causilo,2,100.0,raw,0.0,1,2000,1000,2.1552518320058334,0.286,1,3.8737142857142857,0,False,0.04379344630296218,0.03407731892047658,0.08985281385042329,0.2343712709346878,7364.281824777589,6428.424673676964,2019.2946633539593,578.747020538145,4,3.2,
norauto,Causilo,2,100.0,clip,50.0,1,2000,1000,2.1552518320058334,0.286,1,3.8737142857142857,2,True,0.007638001308928616,-0.0031237319743075143,0.013201410878346856,0.08543924959646552,7370.101092952054,6386.1425521874235,1918.7322644598114,499.6651459128446,6,3.2,
norauto,Causilo,2,100.0,clip,200.0,1,2000,1000,2.1552518320058334,0.286,1,3.8737142857142857,0,False,0.04379344630296218,0.03407731892047658,0.08985281385042329,0.2343712709346878,7364.281824777589,6428.424673676964,2019.2946633539593,578.747020538145,4,3.9,
norauto,Causilo,2,100.0,sd_cap,1.2,1,2000,1000,2.1552518320058334,0.286,1,3.8737142857142857,1,True,0.012280614366063458,0.004050728678809658,0.022319492550813266,0.12213744300085322,7368.121148570495,6396.504625372473,1932.2787600260153,451.3801110140646,6,3.4,
norauto,Causilo,3,1.0,raw,0.0,1,2000,1000,1.18002312948043,0.3255,601,0.03402,0,,0.0,0.0,0.0,0.0,7103.812642650335,5819.88701095726,1429.7219012981168,233.66943655489322,7,0.0,
norauto,Causilo,3,1.0,clip,50.0,1,2000,1000,1.18002312948043,0.3255,601,0.03402,0,,0.0,0.0,0.0,0.0,7103.812642650335,5819.88701095726,1429.7219012981168,233.66943655489322,7,3.7,
norauto,Causilo,3,1.0,clip,200.0,1,2000,1000,1.18002312948043,0.3255,601,0.03402,0,,0.0,0.0,0.0,0.0,7103.812642650335,5819.88701095726,1429.7219012981168,233.66943655489322,7,3.2,
norauto,Causilo,3,1.0,sd_cap,1.2,1,2000,1000,1.18002312948043,0.3255,601,0.03402,0,,0.0,0.0,0.0,0.0,7103.812642650335,5819.88701095726,1429.7219012981168,233.66943655489322,7,2.9,
norauto,Causilo,3,100.0,raw,0.0,1,2000,1000,2.1019894286168324,0.3255,1,3.402,0,False,0.0492216435863044,0.015423307821703036,0.036239841254552846,0.1539493789929324,7090.891254453821,5819.250878665013,1483.8972047505376,241.56786342530341,6,3.6,
norauto,Causilo,3,100.0,clip,50.0,1,2000,1000,2.1019894286168324,0.3255,1,3.402,1,True,0.012590342161120208,-0.0067523790964845775,-0.022276051159275646,0.05038143310854038,7098.716787776799,5820.065678875008,1423.87779458629,221.6230739923509,7,3.2,
norauto,Causilo,3,100.0,clip,200.0,1,2000,1000,2.1019894286168324,0.3255,1,3.402,0,False,0.0492216435863044,0.015423307821703036,0.036239841254552846,0.1539493789929324,7090.891254453821,5819.250878665013,1483.8972047505376,241.56786342530341,6,3.1,
norauto,Causilo,3,100.0,sd_cap,1.2,1,2000,1000,2.1019894286168324,0.3255,1,3.402,1,True,0.017017597861218373,-0.007166230540427664,-0.03572228231066188,0.04849735726473782,7096.1105914392865,5823.7413906866595,1425.5432803132676,225.13642508360826,7,3.9,
norauto,Causilo,4,1.0,raw,0.0,1,2000,1000,1.0713948536918907,0.34,144,0.12026430765237704,0,,0.0,0.0,0.0,0.0,8368.475445483298,7466.839304049988,2025.2878021914134,690.04444679063,10,0.0,
norauto,Causilo,4,1.0,clip,50.0,1,2000,1000,1.0713948536918907,0.34,144,0.12026430765237704,0,,0.0,0.0,0.0,0.0,8368.475445483298,7466.839304049988,2025.2878021914134,690.04444679063,10,3.2,
norauto,Causilo,4,1.0,clip,200.0,1,2000,1000,1.0713948536918907,0.34,144,0.12026430765237704,0,,0.0,0.0,0.0,0.0,8368.475445483298,7466.839304049988,2025.2878021914134,690.04444679063,10,3.8,
norauto,Causilo,4,1.0,sd_cap,1.2,1,2000,1000,1.0713948536918907,0.34,144,0.12026430765237704,0,,0.0,0.0,0.0,0.0,8368.475445483298,7466.839304049988,2025.2878021914134,690.04444679063,10,3.4,
norauto,Causilo,4,100.0,raw,0.0,1,2000,1000,4.637548186387296,0.34,1,12.026430765237704,0,False,0.06046271717457591,0.02231143060714607,0.016631395397296113,0.1677999418410232,8344.610237541428,7440.608004325403,2074.217473292225,664.8195724072924,11,3.1,
norauto,Causilo,4,100.0,clip,50.0,1,2000,1000,4.637548186387296,0.34,1,12.026430765237704,1,True,0.0036756246548544464,-0.011373992364828367,0.023961268040419523,0.1215678279972329,8368.460995760124,7500.3330572302175,2087.2116816132257,667.7130201049615,10,4.3,
norauto,Causilo,4,100.0,clip,200.0,1,2000,1000,4.637548186387296,0.34,1,12.026430765237704,1,True,0.05283192325618106,0.012025121117881576,0.04640683468503781,0.1936316335363288,8351.413714572227,7466.570504187382,2105.905273863476,663.782769861407,10,5.4,
norauto,Causilo,4,100.0,sd_cap,1.2,1,2000,1000,4.637548186387296,0.34,1,12.026430765237704,1,True,0.008377798131027007,-0.00908415758304187,0.02118280962075942,0.14597924339279023,8365.634521487582,7495.389015258148,2088.690247807889,664.9140322914783,10,4.4,
norauto,Causilo,5,1.0,raw,0.0,1,2000,1000,1.0208563732823832,0.393,27,0.49480858502935304,0,,0.0,0.0,0.0,0.0,7091.562504002886,6267.870363490252,1654.155271835036,439.24964547875743,8,0.0,
norauto,Causilo,5,1.0,clip,50.0,1,2000,1000,1.0208563732823832,0.393,27,0.49480858502935304,0,,0.0,0.0,0.0,0.0,7091.562504002886,6267.870363490252,1654.155271835036,439.24964547875743,8,4.2,
norauto,Causilo,5,1.0,clip,200.0,1,2000,1000,1.0208563732823832,0.393,27,0.49480858502935304,0,,0.0,0.0,0.0,0.0,7091.562504002886,6267.870363490252,1654.155271835036,439.24964547875743,8,4.3,
norauto,Causilo,5,1.0,sd_cap,1.2,1,2000,1000,1.0208563732823832,0.393,27,0.49480858502935304,0,,0.0,0.0,0.0,0.0,7091.562504002886,6267.870363490252,1654.155271835036,439.24964547875743,8,4.3,
norauto,Causilo,5,100.0,raw,0.0,1,2000,1000,11.085521645515893,0.393,1,49.480858502935305,0,False,0.0450611210316642,0.055652421115893844,0.02566466229004108,0.20592268660570145,7077.502274725759,6248.0638157729,1663.5685653303412,449.48867242652364,8,4.3,
norauto,Causilo,5,100.0,clip,50.0,1,2000,1000,11.085521645515893,0.393,1,49.480858502935305,1,True,-0.014140691347425634,0.013187847113798438,0.11217042621228823,0.1105501050024228,7088.486013574416,6288.509634133069,1712.272763670556,443.9492367078465,7,3.9,
norauto,Causilo,5,100.0,clip,200.0,1,2000,1000,11.085521645515893,0.393,1,49.480858502935305,1,True,0.05610605876150164,0.05546237592782919,0.07267774908527502,0.15479675614316207,7084.02971953278,6265.9466408815815,1674.837085009765,452.65949125345867,7,4.5,
norauto,Causilo,5,100.0,sd_cap,1.2,1,2000,1000,11.085521645515893,0.393,1,49.480858502935305,1,True,-0.011151957082393901,0.01298763984274138,0.10447504503918727,0.10397180707835982,7088.056494628086,6287.941983510806,1708.933187240236,443.8647105819969,7,4.1,
norauto,Causilo,6,1.0,raw,0.0,1,2000,1000,1.1736930899899827,0.335,316,0.05175,0,,0.0,0.0,0.0,0.0,7903.896230443491,7208.879107584461,1927.166376775806,496.2145037000414,9,0.0,
norauto,Causilo,6,1.0,clip,50.0,1,2000,1000,1.1736930899899827,0.335,316,0.05175,0,,0.0,0.0,0.0,0.0,7903.896230443491,7208.879107584461,1927.166376775806,496.2145037000414,9,4.0,
norauto,Causilo,6,1.0,clip,200.0,1,2000,1000,1.1736930899899827,0.335,316,0.05175,0,,0.0,0.0,0.0,0.0,7903.896230443491,7208.879107584461,1927.166376775806,496.2145037000414,9,3.8,
norauto,Causilo,6,1.0,sd_cap,1.2,1,2000,1000,1.1736930899899827,0.335,316,0.05175,0,,0.0,0.0,0.0,0.0,7903.896230443491,7208.879107584461,1927.166376775806,496.2145037000414,9,3.7,
norauto,Causilo,6,100.0,raw,0.0,1,2000,1000,2.9583429054302504,0.335,1,5.175,0,False,0.07013543929441401,0.027419593749985944,0.0035356694759578044,0.14522841343229442,7912.748821168065,7196.538720434713,1899.3234301274451,426.6736589466988,10,3.5,
norauto,Causilo,6,100.0,clip,50.0,1,2000,1000,2.9583429054302504,0.335,1,5.175,1,True,0.016339695930417043,-0.007357863112063073,-0.015105684630111093,0.07279629068319726,7902.64352179567,7212.170197361201,1932.2377649593793,481.45890196622724,9,3.5,
norauto,Causilo,6,100.0,clip,200.0,1,2000,1000,2.9583429054302504,0.335,1,5.175,1,True,0.06722775502304588,0.02287348821590386,0.032719881500558184,0.19343393386625685,7911.600410973998,7195.859780277986,1923.66172824767,431.1973590189722,8,3.7,
norauto,Causilo,6,100.0,sd_cap,1.2,1,2000,1000,2.9583429054302504,0.335,1,5.175,1,True,0.025145305140115145,-0.0040523794272081005,-0.028653741114376824,0.07111380260350669,7902.9800982386505,7209.590958730884,1936.3873350115246,487.62182675873146,10,4.0,
norauto,Causilo,7,1.0,raw,0.0,1,2000,1000,1.066972442405627,0.3355,324,0.07885755072024916,0,,0.0,0.0,0.0,0.0,8027.289989644589,7289.9145074239705,2042.0572101315818,674.8928937314395,8,0.0,
norauto,Causilo,7,1.0,clip,50.0,1,2000,1000,1.066972442405627,0.3355,324,0.07885755072024916,0,,0.0,0.0,0.0,0.0,8027.289989644589,7289.9145074239705,2042.0572101315818,674.8928937314395,8,4.5,
norauto,Causilo,7,1.0,clip,200.0,1,2000,1000,1.066972442405627,0.3355,324,0.07885755072024916,0,,0.0,0.0,0.0,0.0,8027.289989644589,7289.9145074239705,2042.0572101315818,674.8928937314395,8,4.5,
norauto,Causilo,7,1.0,sd_cap,1.2,1,2000,1000,1.066972442405627,0.3355,324,0.07885755072024916,0,,0.0,0.0,0.0,0.0,8027.289989644589,7289.9145074239705,2042.0572101315818,674.8928937314395,8,4.0,
norauto,Causilo,7,100.0,raw,0.0,1,2000,1000,3.0491160788724057,0.3355,1,7.885755072024916,0,False,0.044107031669292876,0.010669595177519725,-0.016243107018442456,0.059453885913680796,8009.378443242598,7280.557054604724,2026.4701902124475,666.2862532638851,8,3.9,
norauto,Causilo,7,100.0,clip,50.0,1,2000,1000,3.0491160788724057,0.3355,1,7.885755072024916,1,True,-0.0046786931961327275,0.001946903476924282,0.09344651526761061,0.17183218393926114,8028.733747895026,7289.08610686044,2075.8475670076245,669.9000310349128,7,4.4,
norauto,Causilo,7,100.0,clip,200.0,1,2000,1000,3.0491160788724057,0.3355,1,7.885755072024916,1,True,0.044192857397220675,0.019794677045350224,0.03645362248512688,0.12313730317236021,8009.19689657815,7280.6443596112185,2034.3832257152485,665.3939547008392,8,3.9,
norauto,Causilo,7,100.0,sd_cap,1.2,1,2000,1000,3.0491160788724057,0.3355,1,7.885755072024916,1,True,0.0007520002459025781,0.003905375926434803,0.09548840243740596,0.19082816626621213,8025.6239806329295,7288.46903177626,2076.3749167481315,664.2141326218837,7,4.1,
norauto,Causilo,8,1.0,raw,0.0,1,2000,1000,1.1378553192040508,0.291,336,0.05100428571428572,0,,0.0,0.0,0.0,0.0,7599.405331232911,5980.331239395295,1529.9482826446874,237.8717173272288,2,0.0,
norauto,Causilo,8,1.0,clip,50.0,1,2000,1000,1.1378553192040508,0.291,336,0.05100428571428572,0,,0.0,0.0,0.0,0.0,7599.405331232911,5980.331239395295,1529.9482826446874,237.8717173272288,2,3.6,
norauto,Causilo,8,1.0,clip,200.0,1,2000,1000,1.1378553192040508,0.291,336,0.05100428571428572,0,,0.0,0.0,0.0,0.0,7599.405331232911,5980.331239395295,1529.9482826446874,237.8717173272288,2,4.2,
norauto,Causilo,8,1.0,sd_cap,1.2,1,2000,1000,1.1378553192040508,0.291,336,0.05100428571428572,0,,0.0,0.0,0.0,0.0,7599.405331232911,5980.331239395295,1529.9482826446874,237.8717173272288,2,3.6,
norauto,Causilo,8,100.0,raw,0.0,1,2000,1000,2.6961786555154355,0.291,1,5.100428571428571,0,False,0.0540676109916923,0.017968034713770155,-0.043897310850197116,0.05954116685419686,7578.7181532960685,5976.843339690616,1467.1444229702674,255.06408389400585,2,3.5,
norauto,Causilo,8,100.0,clip,50.0,1,2000,1000,2.6961786555154355,0.291,1,5.100428571428571,1,True,0.009834173153654981,-0.012622041762876398,-0.020237557154692803,0.056338071050908385,7593.4292891630585,5981.529203990983,1494.7213770664446,253.497633541832,2,4.0,
norauto,Causilo,8,100.0,clip,200.0,1,2000,1000,2.6961786555154355,0.291,1,5.100428571428571,1,True,0.05093983189660438,0.01315052578902267,-0.020534266017914606,0.09970282376834902,7579.76539628897,5976.180963136313,1505.0176940953284,265.64481985597973,2,3.5,
norauto,Causilo,8,100.0,sd_cap,1.2,1,2000,1000,2.6961786555154355,0.291,1,5.100428571428571,1,True,0.019077687963386287,-0.007521555223763507,-0.03540203069035924,0.0473723403817458,7588.877664202716,5981.469067892915,1480.511120541583,252.06363740497392,2,3.6,
norauto,Causilo,9,1.0,raw,0.0,1,2000,1000,1.0733234530114801,0.347,193,0.10740796816195873,0,,0.0,0.0,0.0,0.0,7624.886781515709,6404.684839485787,2058.5051805101075,687.5523851772929,8,0.0,
norauto,Causilo,9,1.0,clip,50.0,1,2000,1000,1.0733234530114801,0.347,193,0.10740796816195873,0,,0.0,0.0,0.0,0.0,7624.886781515709,6404.684839485787,2058.5051805101075,687.5523851772929,8,3.6,
norauto,Causilo,9,1.0,clip,200.0,1,2000,1000,1.0733234530114801,0.347,193,0.10740796816195873,0,,0.0,0.0,0.0,0.0,7624.886781515709,6404.684839485787,2058.5051805101075,687.5523851772929,8,3.6,
norauto,Causilo,9,1.0,sd_cap,1.2,1,2000,1000,1.0733234530114801,0.347,193,0.10740796816195873,0,,0.0,0.0,0.0,0.0,7624.886781515709,6404.684839485787,2058.5051805101075,687.5523851772929,8,4.2,
norauto,Causilo,9,100.0,raw,0.0,1,2000,1000,4.21344996483823,0.347,1,10.740796816195873,0,False,0.0553540019551028,0.018724235115303915,-0.047714550032616335,0.042379327041618106,7601.530711547629,6409.989330467192,2035.2214348475982,669.8461734929748,9,3.9,
norauto,Causilo,9,100.0,clip,50.0,1,2000,1000,4.21344996483823,0.347,1,10.740796816195873,1,True,-0.002962123763208792,-0.0019506011648172238,0.07767297669863807,0.16963651808173325,7626.149086929664,6403.59414242772,2098.9336714424426,672.0390867031249,6,3.4,
norauto,Causilo,9,100.0,clip,200.0,1,2000,1000,4.21344996483823,0.347,1,10.740796816195873,1,True,0.059068214608173394,0.020700507989334115,-0.0008306762524718257,0.07785249943549044,7601.106950409041,6403.195456471294,2050.6000356091618,671.846168856137,9,4.1,
norauto,Causilo,9,100.0,sd_cap,1.2,1,2000,1000,4.21344996483823,0.347,1,10.740796816195873,1,True,0.0035682925533694985,0.0013432325454842552,0.06987381831239717,0.16322907620654864,7624.059909653553,6403.982503285228,2096.083547667554,671.4594404180003,6,3.5,
AutoClaims,Causilo,0,1.0,raw,0.0,1,2000,1000,1.0301437608272141,0.268,342,0.09802860721094207,0,,0.0,0.0,0.0,0.0,684.7176234116873,631.0564064986007,204.59310203010884,75.49190021377491,7,0.0,
AutoClaims,Causilo,0,1.0,clip,50.0,1,2000,1000,1.0301437608272141,0.268,342,0.09802860721094207,0,,0.0,0.0,0.0,0.0,684.7176234116873,631.0564064986007,204.59310203010884,75.49190021377491,7,4.3,
AutoClaims,Causilo,0,1.0,clip,200.0,1,2000,1000,1.0301437608272141,0.268,342,0.09802860721094207,0,,0.0,0.0,0.0,0.0,684.7176234116873,631.0564064986007,204.59310203010884,75.49190021377491,7,3.6,
AutoClaims,Causilo,0,1.0,sd_cap,1.2,1,2000,1000,1.0301437608272141,0.268,342,0.09802860721094207,0,,0.0,0.0,0.0,0.0,684.7176234116873,631.0564064986007,204.59310203010884,75.49190021377491,7,3.1,
AutoClaims,Causilo,0,100.0,raw,0.0,1,2000,1000,2.6959690641336485,0.268,1,9.802860721094207,0,False,0.04534640240135478,0.05465901212705953,0.14030788494555096,0.14137061349783442,684.5929540115352,628.6717925972777,208.43178839472628,70.62361990014404,6,4.2,
AutoClaims,Causilo,0,100.0,clip,50.0,1,2000,1000,2.6959690641336485,0.268,1,9.802860721094207,1,True,-0.038315666864856504,0.00287215430752772,0.14935289347040598,0.18228553448917073,684.3246903988977,629.523625388083,212.33167133333203,68.10373813152816,6,3.8,
AutoClaims,Causilo,0,100.0,clip,200.0,1,2000,1000,2.6959690641336485,0.268,1,9.802860721094207,1,True,0.03400514752062546,0.0499016566305705,0.15084665026537064,0.1641183733004282,684.38828409046,628.9016146628179,209.74253176041475,69.76931137700682,6,3.6,
AutoClaims,Causilo,0,100.0,sd_cap,1.2,1,2000,1000,2.6959690641336485,0.268,1,9.802860721094207,1,True,-0.03598003304051706,0.0042074530457294574,0.16458306147824672,0.21918573717617718,683.7980366553153,629.5779152751682,213.88681309586792,67.2149331604583,6,2.9,
AutoClaims,Causilo,1,1.0,raw,0.0,1,2000,1000,1.1210971132289702,0.24,427,0.041696876768834615,0,,0.0,0.0,0.0,0.0,605.7207403926133,507.6991921578456,144.51374632884023,21.474467732921948,5,0.0,
AutoClaims,Causilo,1,1.0,clip,50.0,1,2000,1000,1.1210971132289702,0.24,427,0.041696876768834615,0,,0.0,0.0,0.0,0.0,605.7207403926133,507.6991921578456,144.51374632884023,21.474467732921948,5,3.6,
AutoClaims,Causilo,1,1.0,clip,200.0,1,2000,1000,1.1210971132289702,0.24,427,0.041696876768834615,0,,0.0,0.0,0.0,0.0,605.7207403926133,507.6991921578456,144.51374632884023,21.474467732921948,5,3.1,
AutoClaims,Causilo,1,1.0,sd_cap,1.2,1,2000,1000,1.1210971132289702,0.24,427,0.041696876768834615,0,,0.0,0.0,0.0,0.0,605.7207403926133,507.6991921578456,144.51374632884023,21.474467732921948,5,3.0,
AutoClaims,Causilo,1,100.0,raw,0.0,1,2000,1000,2.1755509457921,0.24,1,4.169687676883461,0,False,0.08176203966891613,0.041620214048519996,-0.03883952850729164,-0.017090069704115297,606.3800217669018,508.0096468192942,142.77112315327923,21.28536914536386,5,3.2,
AutoClaims,Causilo,1,100.0,clip,50.0,1,2000,1000,2.1755509457921,0.24,1,4.169687676883461,1,True,0.006647407815093823,-0.007583788714641576,0.0018984508495569217,0.05854440405576689,605.8004041725497,507.66840343204615,145.3020773154368,22.969122649390208,5,3.1,
AutoClaims,Causilo,1,100.0,clip,200.0,1,2000,1000,2.1755509457921,0.24,1,4.169687676883461,1,True,0.08130602638669383,0.041090310633685886,-0.039559953256415474,-0.017875870394742276,606.355510086301,508.0303030668975,142.71671354184645,21.269971147511548,5,3.6,
AutoClaims,Causilo,1,100.0,sd_cap,1.2,1,2000,1000,2.1755509457921,0.24,1,4.169687676883461,1,True,0.021879306467929304,-0.001122097045241,-0.010311519076908495,0.07004393001318393,605.5486197568814,507.96508373247644,144.75967015614435,23.28500468932762,5,3.7,
AutoClaims,Causilo,2,1.0,raw,0.0,1,2000,1000,1.0287715968553148,0.2855,205,0.1429383787702531,0,,0.0,0.0,0.0,0.0,621.3846102397961,561.0713929049078,146.8248871451966,29.92387907674806,5,0.0,
AutoClaims,Causilo,2,1.0,clip,50.0,1,2000,1000,1.0287715968553148,0.2855,205,0.1429383787702531,0,,0.0,0.0,0.0,0.0,621.3846102397961,561.0713929049078,146.8248871451966,29.92387907674806,5,3.5,
AutoClaims,Causilo,2,1.0,clip,200.0,1,2000,1000,1.0287715968553148,0.2855,205,0.1429383787702531,0,,0.0,0.0,0.0,0.0,621.3846102397961,561.0713929049078,146.8248871451966,29.92387907674806,5,3.0,
AutoClaims,Causilo,2,1.0,sd_cap,1.2,1,2000,1000,1.0287715968553148,0.2855,205,0.1429383787702531,0,,0.0,0.0,0.0,0.0,621.3846102397961,561.0713929049078,146.8248871451966,29.92387907674806,5,3.3,
AutoClaims,Causilo,2,100.0,raw,0.0,1,2000,1000,3.7269180915848863,0.2855,1,14.293837877025307,0,False,0.028927861997020257,0.03676226646081732,-0.007290246782957709,-0.03374028607285228,622.1399779383429,565.6366973889005,144.97178116150937,29.0485680957705,5,3.3,
AutoClaims,Causilo,2,100.0,clip,50.0,1,2000,1000,3.7269180915848863,0.2855,1,14.293837877025307,1,True,-0.025720110592883184,0.0034296171763913245,0.13108376157931312,0.179962926555228,620.3503026794658,561.8741520388305,156.47870133255813,26.11581774565536,4,3.1,
AutoClaims,Causilo,2,100.0,clip,200.0,1,2000,1000,3.7269180915848863,0.2855,1,14.293837877025307,1,True,0.02487239929265132,0.026685104008824026,0.07569726249154159,0.07382368282642272,621.9494112087439,564.8502223604883,151.07144919035824,27.136252717160293,4,3.1,
AutoClaims,Causilo,2,100.0,sd_cap,1.2,1,2000,1000,3.7269180915848863,0.2855,1,14.293837877025307,1,True,-0.018183466954033466,0.00992127155661503,0.15047533503527252,0.1799837693783259,620.7576645800043,562.8179247129631,158.36425699519168,26.20246449080038,4,3.0,
AutoClaims,Causilo,3,1.0,raw,0.0,1,2000,1000,1.0469245516044636,0.285,178,0.13933579781214636,0,,0.0,0.0,0.0,0.0,673.0182086837136,639.9182617816986,207.13576617989347,77.42223775018985,13,0.0,
AutoClaims,Causilo,3,1.0,clip,50.0,1,2000,1000,1.0469245516044636,0.285,178,0.13933579781214636,0,,0.0,0.0,0.0,0.0,673.0182086837136,639.9182617816986,207.13576617989347,77.42223775018985,13,3.3,
AutoClaims,Causilo,3,1.0,clip,200.0,1,2000,1000,1.0469245516044636,0.285,178,0.13933579781214636,0,,0.0,0.0,0.0,0.0,673.0182086837136,639.9182617816986,207.13576617989347,77.42223775018985,13,3.0,
AutoClaims,Causilo,3,1.0,sd_cap,1.2,1,2000,1000,1.0469245516044636,0.285,178,0.13933579781214636,0,,0.0,0.0,0.0,0.0,673.0182086837136,639.9182617816986,207.13576617989347,77.42223775018985,13,3.1,
AutoClaims,Causilo,3,100.0,raw,0.0,1,2000,1000,4.469714497416519,0.285,1,13.933579781214636,0,False,0.055359052709326007,0.041601253600589826,-0.029738089063553633,0.03837990228653239,676.0316344648819,644.1726163828184,208.74843184440462,73.42021113099716,15,3.5,
AutoClaims,Causilo,3,100.0,clip,50.0,1,2000,1000,4.469714497416519,0.285,1,13.933579781214636,1,True,-0.0251912856903324,-0.0005985410804363544,0.11090208366380169,0.22815962991413619,673.2309915897376,641.2240096561214,206.06384164389294,65.21902342980731,12,3.6,
AutoClaims,Causilo,3,100.0,clip,200.0,1,2000,1000,4.469714497416519,0.285,1,13.933579781214636,1,True,0.04588488114676738,0.04271941696340476,0.041607036464505164,0.1623283393750991,675.0925466499054,641.2315211981931,204.6770318221574,65.05485635042331,13,3.2,
AutoClaims,Causilo,3,100.0,sd_cap,1.2,1,2000,1000,4.469714497416519,0.285,1,13.933579781214636,1,True,-0.01697726418431416,0.002545060171947544,0.090062684997121,0.2215885258361893,673.3158236837581,641.1450853128978,206.4017921990599,65.64626279741526,12,3.1,
AutoClaims,Causilo,4,1.0,raw,0.0,1,2000,1000,1.1327210218261945,0.2325,193,0.06829783333333334,0,,0.0,0.0,0.0,0.0,710.1974782813463,661.6938125641389,193.69465825350994,57.338603953804224,9,0.0,
AutoClaims,Causilo,4,1.0,clip,50.0,1,2000,1000,1.1327210218261945,0.2325,193,0.06829783333333334,1,,8.137976568229176e-05,0.0009018904550198042,-0.008882446762710465,-0.015132243381700902,710.1584221591675,661.6098543821255,193.2998034454429,57.54976389613491,9,3.3,
AutoClaims,Causilo,4,1.0,clip,200.0,1,2000,1000,1.1327210218261945,0.2325,193,0.06829783333333334,0,,0.0,0.0,0.0,0.0,710.1974782813463,661.6938125641389,193.69465825350994,57.338603953804224,9,4.6,
AutoClaims,Causilo,4,1.0,sd_cap,1.2,1,2000,1000,1.1327210218261945,0.2325,193,0.06829783333333334,0,,0.0,0.0,0.0,0.0,710.1974782813463,661.6938125641389,193.69465825350994,57.338603953804224,9,3.3,
AutoClaims,Causilo,4,100.0,raw,0.0,1,2000,1000,3.441951562115243,0.2325,1,6.829783333333333,0,False,0.07844111023287813,0.035858162990877816,-0.06672457743910244,-0.05263310277427927,714.0273451941583,664.4597075135773,200.33673520013195,63.16214303558909,10,3.5,
AutoClaims,Causilo,4,100.0,clip,50.0,1,2000,1000,3.441951562115243,0.2325,1,6.829783333333333,2,True,0.002343338404243016,-0.00445138874547882,0.013298420810238522,0.06822318602324069,710.2086253468588,661.6196007520053,195.19912895355134,57.42858860258271,8,5.1,
AutoClaims,Causilo,4,100.0,clip,200.0,1,2000,1000,3.441951562115243,0.2325,1,6.829783333333333,1,True,0.05272292866731617,0.02176571290333228,0.03487116282495212,0.08462695367454336,711.9576071501076,661.2858018123519,198.1890632593587,60.1320049150329,7,4.2,
AutoClaims,Causilo,4,100.0,sd_cap,1.2,1,2000,1000,3.441951562115243,0.2325,1,6.829783333333333,1,True,0.019552704826776138,0.0034398429130730254,0.005171541422500674,0.09227421537207395,710.6378959067786,660.7000676663603,196.0930585990108,57.70975208339312,9,3.7,
AutoClaims,Causilo,5,1.0,raw,0.0,1,2000,1000,1.0412605027475086,0.2665,360,0.08251044888721237,0,,0.0,0.0,0.0,0.0,635.2532486741214,581.1494615638235,155.96587700809798,23.345645566827624,10,0.0,
AutoClaims,Causilo,5,1.0,clip,50.0,1,2000,1000,1.0412605027475086,0.2665,360,0.08251044888721237,0,,0.0,0.0,0.0,0.0,635.2532486741214,581.1494615638235,155.96587700809798,23.345645566827624,10,3.6,
AutoClaims,Causilo,5,1.0,clip,200.0,1,2000,1000,1.0412605027475086,0.2665,360,0.08251044888721237,0,,0.0,0.0,0.0,0.0,635.2532486741214,581.1494615638235,155.96587700809798,23.345645566827624,10,3.1,
AutoClaims,Causilo,5,1.0,sd_cap,1.2,1,2000,1000,1.0412605027475086,0.2665,360,0.08251044888721237,0,,0.0,0.0,0.0,0.0,635.2532486741214,581.1494615638235,155.96587700809798,23.345645566827624,10,3.1,
AutoClaims,Causilo,5,100.0,raw,0.0,1,2000,1000,2.620068953708262,0.2665,1,8.251044888721237,0,False,0.050489456673026734,0.0286685174220438,0.05519073822485716,0.10462901964822226,635.523337337469,582.5905352575111,155.91466700809417,22.618825042356647,10,3.1,
AutoClaims,Causilo,5,100.0,clip,50.0,1,2000,1000,2.620068953708262,0.2665,1,8.251044888721237,1,True,-0.02548568455564667,-0.0074233152236905416,0.11381968680716167,0.1664593893498294,635.5469065316113,580.5919739522833,157.35602798495074,22.98301219118821,9,3.5,
AutoClaims,Causilo,5,100.0,clip,200.0,1,2000,1000,2.620068953708262,0.2665,1,8.251044888721237,1,True,0.045117709588327615,0.023098772129472624,0.05558139049231802,0.1071505232303786,635.5718675093589,582.6367405896551,155.8760311113866,22.689636714355288,10,3.1,
AutoClaims,Causilo,5,100.0,sd_cap,1.2,1,2000,1000,2.620068953708262,0.2665,1,8.251044888721237,1,True,-0.01449819857718291,-0.004077550203667797,0.1086400306956754,0.17882229681968528,635.3398799125496,580.2719621554269,157.13769020950042,22.97975829059961,8,3.1,
AutoClaims,Causilo,6,1.0,raw,0.0,1,2000,1000,1.1109773218098262,0.2305,109,0.09858733333333333,0,,0.0,0.0,0.0,0.0,661.947473580539,607.5807802625044,160.33360293166464,28.820197927013112,7,0.0,
AutoClaims,Causilo,6,1.0,clip,50.0,1,2000,1000,1.1109773218098262,0.2305,109,0.09858733333333333,0,,0.0,0.0,0.0,0.0,661.947473580539,607.5807802625044,160.33360293166464,28.820197927013112,7,2.9,
AutoClaims,Causilo,6,1.0,clip,200.0,1,2000,1000,1.1109773218098262,0.2305,109,0.09858733333333333,0,,0.0,0.0,0.0,0.0,661.947473580539,607.5807802625044,160.33360293166464,28.820197927013112,7,3.0,
AutoClaims,Causilo,6,1.0,sd_cap,1.2,1,2000,1000,1.1109773218098262,0.2305,109,0.09858733333333333,0,,0.0,0.0,0.0,0.0,661.947473580539,607.5807802625044,160.33360293166464,28.820197927013112,7,2.8,
AutoClaims,Causilo,6,100.0,raw,0.0,1,2000,1000,4.534584541859226,0.2305,1,9.858733333333333,0,False,0.06322166971403917,0.018250194890934622,-0.06252795937756848,-0.1144877316781233,664.589970876731,602.5949868302387,159.55425376141926,31.855576891551255,9,3.2,
AutoClaims,Causilo,6,100.0,clip,50.0,1,2000,1000,4.534584541859226,0.2305,1,9.858733333333333,1,True,-0.0018653275768541447,0.006606627128360985,0.020968544809765247,0.0317479216935741,661.2656146425032,606.0546906142303,162.28897928570268,28.22695620799304,7,3.5,
AutoClaims,Causilo,6,100.0,clip,200.0,1,2000,1000,4.534584541859226,0.2305,1,9.858733333333333,1,True,0.03174625354838143,0.01476278947255866,0.07459920798804126,0.14454645785674716,664.4915689690532,604.4677546720419,164.65003392125251,27.19631511396161,6,2.8,
AutoClaims,Causilo,6,100.0,sd_cap,1.2,1,2000,1000,4.534584541859226,0.2305,1,9.858733333333333,1,True,0.0021796622430993733,-0.0021769085584749373,0.02257067179905023,0.07822592527365169,661.970585914161,605.7770136097539,163.7927813832796,27.576140286087394,6,2.4,
AutoClaims,Causilo,7,1.0,raw,0.0,1,2000,1000,1.1315127774721951,0.246,77,0.120814,0,,0.0,0.0,0.0,0.0,680.6857840212496,627.997114003835,180.17607698944397,33.480433210442236,10,0.0,
AutoClaims,Causilo,7,1.0,clip,50.0,1,2000,1000,1.1315127774721951,0.246,77,0.120814,0,,0.0,0.0,0.0,0.0,680.6857840212496,627.997114003835,180.17607698944397,33.480433210442236,10,2.7,
AutoClaims,Causilo,7,1.0,clip,200.0,1,2000,1000,1.1315127774721951,0.246,77,0.120814,0,,0.0,0.0,0.0,0.0,680.6857840212496,627.997114003835,180.17607698944397,33.480433210442236,10,2.5,
AutoClaims,Causilo,7,1.0,sd_cap,1.2,1,2000,1000,1.1315127774721951,0.246,77,0.120814,0,,0.0,0.0,0.0,0.0,680.6857840212496,627.997114003835,180.17607698944397,33.480433210442236,10,2.5,
AutoClaims,Causilo,7,100.0,raw,0.0,1,2000,1000,5.912031064964751,0.246,1,12.0814,0,False,0.09485801578266814,0.04441315944113437,-0.08858025464132563,-0.0751738660279169,681.9832556140344,626.802720950319,177.30523011198093,36.1215253272221,10,2.4,
AutoClaims,Causilo,7,100.0,clip,50.0,1,2000,1000,5.912031064964751,0.246,1,12.0814,1,True,-0.0016515146277778295,-0.013197104150422124,-0.002213789473180054,0.055114251698545016,681.1621316368189,628.27059443454,181.70765401382516,32.027618844668,10,2.4,
AutoClaims,Causilo,7,100.0,clip,200.0,1,2000,1000,5.912031064964751,0.246,1,12.0814,1,True,0.06360154197238457,0.04818471802956553,0.04993014032455629,0.1181787835902331,681.7252876379774,626.7340551229738,179.63215816976526,31.59725535611036,10,2.4,
AutoClaims,Causilo,7,100.0,sd_cap,1.2,1,2000,1000,5.912031064964751,0.246,1,12.0814,1,True,0.01472716505867552,-0.015637007353582595,-0.026329072632297792,0.04788153153510692,681.3018569715945,627.9944360947451,182.34050137713996,32.61993470800189,10,2.4,
AutoClaims,Causilo,8,1.0,raw,0.0,1,2000,1000,1.110648729078502,0.223,346,0.04807433333333334,0,,0.0,0.0,0.0,0.0,627.0166097431095,564.8544654409834,142.08820380422162,23.869639002492963,5,0.0,
AutoClaims,Causilo,8,1.0,clip,50.0,1,2000,1000,1.110648729078502,0.223,346,0.04807433333333334,1,,-0.0006864302303658746,-0.0006151790538686703,-0.00020459746106923227,0.0013644752040809025,627.0908212247382,564.8808187861384,142.07089830136002,23.808946541359557,5,2.3,
AutoClaims,Causilo,8,1.0,clip,200.0,1,2000,1000,1.110648729078502,0.223,346,0.04807433333333334,0,,0.0,0.0,0.0,0.0,627.0166097431095,564.8544654409834,142.08820380422162,23.869639002492963,5,2.3,
AutoClaims,Causilo,8,1.0,sd_cap,1.2,1,2000,1000,1.110648729078502,0.223,346,0.04807433333333334,0,,0.0,0.0,0.0,0.0,627.0166097431095,564.8544654409834,142.08820380422162,23.869639002492963,5,2.6,
AutoClaims,Causilo,8,100.0,raw,0.0,1,2000,1000,2.367766615488044,0.223,1,4.807433333333333,0,False,0.06491084507273054,0.05038583462817216,0.033106664011564604,0.15494503976912405,627.4703245880271,569.5869659512722,145.3180122436655,25.64042544415786,3,2.6,
AutoClaims,Causilo,8,100.0,clip,50.0,1,2000,1000,2.367766615488044,0.223,1,4.807433333333333,2,True,0.009793663906208828,0.0074838113341720615,0.03096563265425888,0.07187866868560064,625.8206090802124,565.6254370536158,145.62671105023654,24.722117572011616,3,2.5,
AutoClaims,Causilo,8,100.0,clip,200.0,1,2000,1000,2.367766615488044,0.223,1,4.807433333333333,1,True,0.05050870236118275,0.028552693150459198,0.030426130913050943,0.1600212356143,628.0523893981823,568.1579423470453,145.2080339910156,25.574076109746652,3,2.8,
AutoClaims,Causilo,8,100.0,sd_cap,1.2,1,2000,1000,2.367766615488044,0.223,1,4.807433333333333,1,True,0.02120485183207869,0.00020000763155139466,0.012670624566571956,0.07532794298573878,626.0970539950903,565.4158775883999,145.47008390770054,24.555120111616713,3,3.2,
AutoClaims,Causilo,9,1.0,raw,0.0,1,2000,1000,1.040318691378277,0.2765,377,0.08018951339117315,0,,0.0,0.0,0.0,0.0,628.2110537858258,565.4292727365699,158.13134481811932,30.619945479693435,9,0.0,
AutoClaims,Causilo,9,1.0,clip,50.0,1,2000,1000,1.040318691378277,0.2765,377,0.08018951339117315,0,,0.0,0.0,0.0,0.0,628.2110537858258,565.4292727365699,158.13134481811932,30.619945479693435,9,2.6,
AutoClaims,Causilo,9,1.0,clip,200.0,1,2000,1000,1.040318691378277,0.2765,377,0.08018951339117315,0,,0.0,0.0,0.0,0.0,628.2110537858258,565.4292727365699,158.13134481811932,30.619945479693435,9,3.3,
AutoClaims,Causilo,9,1.0,sd_cap,1.2,1,2000,1000,1.040318691378277,0.2765,377,0.08018951339117315,0,,0.0,0.0,0.0,0.0,628.2110537858258,565.4292727365699,158.13134481811932,30.619945479693435,9,2.9,
AutoClaims,Causilo,9,100.0,raw,0.0,1,2000,1000,2.536187549731722,0.2765,1,8.018951339117315,0,False,0.03603512284713442,0.04859387387056427,0.057497155185991564,0.1010986687192689,629.0815422551004,567.1371957868167,159.88699876094375,28.306826918888483,8,3.2,
AutoClaims,Causilo,9,100.0,clip,50.0,1,2000,1000,2.536187549731722,0.2765,1,8.018951339117315,1,True,-0.03119662853558201,-0.0011336355829936258,0.1340227836491838,0.19669109674627894,628.5047114949728,564.740803917732,163.39614900721432,27.07014610869029,7,3.9,
AutoClaims,Causilo,9,100.0,clip,200.0,1,2000,1000,2.536187549731722,0.2765,1,8.018951339117315,1,True,0.03625097101262893,0.04226846103278522,0.06999914002771496,0.11944589139172163,629.1854170293934,565.9745465380663,161.30142607732134,28.90121734084525,7,3.8,
AutoClaims,Causilo,9,100.0,sd_cap,1.2,1,2000,1000,2.536187549731722,0.2765,1,8.018951339117315,1,True,-0.02539809041624538,-0.0009324145733934899,0.15242999424115608,0.2447171961208936,628.5090029187672,564.4454629806891,164.70433301105976,27.629476697042875,7,4.6,
MEPS_2016_TOTEXP,Causilo,0,1.0,raw,0.0,1,2000,1000,1.4442657327068682,0.0685,47,0.056510057867181045,0,,0.0,0.0,0.0,0.0,1747.3784939817479,1910.8477873108698,612.1094616969566,93.37374729324776,7,0.0,
MEPS_2016_TOTEXP,Causilo,0,1.0,clip,50.0,1,2000,1000,1.4442657327068682,0.0685,47,0.056510057867181045,6,,-0.021604931240354182,0.01121775440934447,0.05556389410345017,-0.020014293265556173,1740.1026609832568,1863.1643574392772,597.2122111921257,140.02142901817237,10,4.8,
MEPS_2016_TOTEXP,Causilo,0,1.0,clip,200.0,1,2000,1000,1.4442657327068682,0.0685,47,0.056510057867181045,1,,-0.04388251827635703,-0.010582526370996936,0.05135065029090283,0.06540133855834548,1746.0399713393454,1899.709290781354,609.2204670421239,89.80737688475122,7,5.2,
MEPS_2016_TOTEXP,Causilo,0,1.0,sd_cap,1.2,1,2000,1000,1.4442657327068682,0.0685,47,0.056510057867181045,1,,-0.04593617301239249,-0.019407206029891717,0.05589620548480493,0.06875352419160322,1746.956054544671,1900.25990046504,604.2405652541005,89.75398822554722,7,4.6,
MEPS_2016_TOTEXP,Causilo,0,100.0,raw,0.0,1,2000,1000,4.2234338220447025,0.0685,1,5.6510057867181045,0,False,0.13448364984365768,0.06761193062832697,0.34770621449292216,0.4992210465029381,1927.4707629251732,2435.1528439793246,862.7606852080072,158.63781440630933,7,4.5,
MEPS_2016_TOTEXP,Causilo,0,100.0,clip,50.0,1,2000,1000,4.2234338220447025,0.0685,1,5.6510057867181045,7,True,-0.021071873417904133,0.015252887522119975,0.06110288472043998,-0.009780889995167782,1739.9425871761644,1862.1372651533693,600.0229721828415,135.12064424992022,9,4.5,
MEPS_2016_TOTEXP,Causilo,0,100.0,clip,200.0,1,2000,1000,4.2234338220447025,0.0685,1,5.6510057867181045,2,True,-0.03107954516175327,-0.0203663328354168,0.0513635705193491,0.09307984200301747,1738.5358085320493,1900.499831530347,633.9826992596196,95.11755545990341,7,4.5,
MEPS_2016_TOTEXP,Causilo,0,100.0,sd_cap,1.2,1,2000,1000,4.2234338220447025,0.0685,1,5.6510057867181045,2,True,-0.013494060822507457,-0.010250557018091206,0.038481930707527076,0.07345521988760567,1738.7315804410641,1901.7409189627738,635.36592416919,98.11372519753586,7,4.6,
MEPS_2016_TOTEXP,Causilo,1,1.0,raw,0.0,1,2000,1000,1.0559628362590971,0.1055,148,0.08035967270939949,0,,0.0,0.0,0.0,0.0,2016.488114605029,2166.2640065357596,712.9717150934215,198.82236915327493,10,0.0,
MEPS_2016_TOTEXP,Causilo,1,1.0,clip,50.0,1,2000,1000,1.0559628362590971,0.1055,148,0.08035967270939949,6,,0.005436504409358259,0.009318096085165824,-0.027170317629570798,-0.058419585362542714,2016.4701965303136,2164.4550502522384,781.6655829625286,336.7881419003247,12,4.9,
MEPS_2016_TOTEXP,Causilo,1,1.0,clip,200.0,1,2000,1000,1.0559628362590971,0.1055,148,0.08035967270939949,0,,0.0,0.0,0.0,0.0,2016.488114605029,2166.2640065357596,712.9717150934215,198.82236915327493,10,4.5,
MEPS_2016_TOTEXP,Causilo,1,1.0,sd_cap,1.2,1,2000,1000,1.0559628362590971,0.1055,148,0.08035967270939949,0,,0.0,0.0,0.0,0.0,2016.488114605029,2166.2640065357596,712.9717150934215,198.82236915327493,10,5.1,
MEPS_2016_TOTEXP,Causilo,1,100.0,raw,0.0,1,2000,1000,2.8226272964999652,0.1055,1,8.035967270939949,0,False,0.1294429344607289,0.05097811284064821,0.08612750927695104,0.17885201464641162,2175.1599884256284,2238.0499367903294,686.964673816992,196.4312212219178,7,6.5,
MEPS_2016_TOTEXP,Causilo,1,100.0,clip,50.0,1,2000,1000,2.8226272964999652,0.1055,1,8.035967270939949,7,True,0.006813257095037114,0.015599735100385056,-0.01906412210792353,-0.055715209149228964,2014.2983180962906,2151.1692007817614,775.6372873460043,340.9926435535885,11,6.3,
MEPS_2016_TOTEXP,Causilo,1,100.0,clip,200.0,1,2000,1000,2.8226272964999652,0.1055,1,8.035967270939949,1,True,0.017032805204974667,0.013226364709632496,0.0017355868862507294,0.0814303779975824,2028.8948736290536,2192.597936107571,665.8426232560421,174.03469995863864,10,6.5,
MEPS_2016_TOTEXP,Causilo,1,100.0,sd_cap,1.2,1,2000,1000,2.8226272964999652,0.1055,1,8.035967270939949,1,True,0.01067913730665225,0.014113812162850068,-0.0012359622816383712,0.06916940058132398,2026.4828996841118,2181.4107286154563,653.3373528382724,171.71287347515184,9,6.5,
MEPS_2016_TOTEXP,Causilo,2,1.0,raw,0.0,1,2000,1000,1.0396554262771633,0.1195,225,0.06659384824360563,0,,0.0,0.0,0.0,0.0,1627.6399799369863,1584.204583763206,445.2984704186966,62.82442436402018,8,0.0,
MEPS_2016_TOTEXP,Causilo,2,1.0,clip,50.0,1,2000,1000,1.0396554262771633,0.1195,225,0.06659384824360563,1,,0.0053825410463954095,0.005936235119874147,-0.007417310044284878,-0.01590298362831495,1627.4661279711543,1585.1347766918022,445.0851844895569,61.22785483224976,8,6.0,
MEPS_2016_TOTEXP,Causilo,2,1.0,clip,200.0,1,2000,1000,1.0396554262771633,0.1195,225,0.06659384824360563,0,,0.0,0.0,0.0,0.0,1627.6399799369863,1584.204583763206,445.2984704186966,62.82442436402018,8,5.4,
MEPS_2016_TOTEXP,Causilo,2,1.0,sd_cap,1.2,1,2000,1000,1.0396554262771633,0.1195,225,0.06659384824360563,0,,0.0,0.0,0.0,0.0,1627.6399799369863,1584.204583763206,445.2984704186966,62.82442436402018,8,5.1,
MEPS_2016_TOTEXP,Causilo,2,100.0,raw,0.0,1,2000,1000,2.124484992463223,0.1195,1,6.659384824360563,0,False,0.1310354009602911,0.052289878469978665,0.036387663455903364,0.052844029176496825,1653.7730060093008,1616.2203148929518,466.57478068135356,72.52998531441753,9,5.2,
MEPS_2016_TOTEXP,Causilo,2,100.0,clip,50.0,1,2000,1000,2.124484992463223,0.1195,1,6.659384824360563,2,True,0.01158511010229994,0.007305543496657796,0.005177225269591065,0.010481901946067733,1628.7960770672578,1590.9705480265486,445.82434537407187,63.60347712877827,8,4.9,
MEPS_2016_TOTEXP,Causilo,2,100.0,clip,200.0,1,2000,1000,2.124484992463223,0.1195,1,6.659384824360563,1,True,0.0400187074667918,0.005785984833701305,0.023343317333049056,0.07988939364686962,1640.8212802454882,1607.225550356925,458.5983783677108,74.24835382339042,7,5.4,
MEPS_2016_TOTEXP,Causilo,2,100.0,sd_cap,1.2,1,2000,1000,2.124484992463223,0.1195,1,6.659384824360563,1,True,-0.014645727265213668,-0.034722516522435035,0.03529821024979306,0.11210403769384202,1639.1601049213666,1616.3264060395247,462.44755203904714,76.24605852826717,6,4.9,
MEPS_2016_TOTEXP,Causilo,3,1.0,raw,0.0,1,2000,1000,1.1048765904450133,0.1065,9,0.35742612035961263,0,,0.0,0.0,0.0,0.0,1842.5575713179103,1698.887647403529,452.07660255869246,70.14111864556533,10,0.0,
MEPS_2016_TOTEXP,Causilo,3,1.0,clip,50.0,1,2000,1000,1.1048765904450133,0.1065,9,0.35742612035961263,2,,0.048524195901618355,0.07166486419161569,0.012633926245584674,-0.03395984230724389,1843.3962501969015,1702.5637215627087,502.58591482722335,167.8721521516345,10,5.2,
MEPS_2016_TOTEXP,Causilo,3,1.0,clip,200.0,1,2000,1000,1.1048765904450133,0.1065,9,0.35742612035961263,0,,0.0,0.0,0.0,0.0,1842.5575713179103,1698.887647403529,452.07660255869246,70.14111864556533,10,5.5,
MEPS_2016_TOTEXP,Causilo,3,1.0,sd_cap,1.2,1,2000,1000,1.1048765904450133,0.1065,9,0.35742612035961263,0,,0.0,0.0,0.0,0.0,1842.5575713179103,1698.887647403529,452.07660255869246,70.14111864556533,10,5.1,
MEPS_2016_TOTEXP,Causilo,3,100.0,raw,0.0,1,2000,1000,15.683624843967117,0.1065,1,35.74261203596126,0,False,0.19397660784527548,0.09230068402468594,0.38749722755542704,0.5940422079020928,1840.9625611586557,1641.631616269607,532.0782721368417,115.8002679437229,7,5.5,
MEPS_2016_TOTEXP,Causilo,3,100.0,clip,50.0,1,2000,1000,15.683624843967117,0.1065,1,35.74261203596126,3,True,0.04861616815485077,0.0688620368462928,0.01383372473222742,-0.02914213345412929,1843.350046202402,1703.241230154562,499.2173012842572,161.26010538530326,10,4.9,
MEPS_2016_TOTEXP,Causilo,3,100.0,clip,200.0,1,2000,1000,15.683624843967117,0.1065,1,35.74261203596126,1,True,0.03572613191936327,0.00206413706929272,-0.010305124020434916,0.08086964677744128,1848.0064669779194,1677.788127540143,442.1407739192225,74.46705602730314,8,5.0,
MEPS_2016_TOTEXP,Causilo,3,100.0,sd_cap,1.2,1,2000,1000,15.683624843967117,0.1065,1,35.74261203596126,1,True,0.017127526872566134,-0.014835609268897806,-0.019609473199549025,0.05812898847057353,1847.3008784755361,1696.8642072601965,438.11981446518223,75.41372803639283,8,5.0,
MEPS_2016_TOTEXP,Causilo,4,1.0,raw,0.0,1,2000,1000,1.1339659063183642,0.147,95,0.09146904404427741,0,,0.0,0.0,0.0,0.0,1650.4777041595844,1666.858301906106,455.29260841781985,88.96720371413147,12,0.0,
MEPS_2016_TOTEXP,Causilo,4,1.0,clip,50.0,1,2000,1000,1.1339659063183642,0.147,95,0.09146904404427741,1,,0.013847649481126437,0.026888360430117893,-0.01783977327060532,-0.04719977440228687,1653.6040973461584,1656.737199970027,460.14046898620575,91.510898388195,11,5.4,
MEPS_2016_TOTEXP,Causilo,4,1.0,clip,200.0,1,2000,1000,1.1339659063183642,0.147,95,0.09146904404427741,0,,0.0,0.0,0.0,0.0,1650.4777041595844,1666.858301906106,455.29260841781985,88.96720371413147,12,4.7,
MEPS_2016_TOTEXP,Causilo,4,1.0,sd_cap,1.2,1,2000,1000,1.1339659063183642,0.147,95,0.09146904404427741,0,,0.0,0.0,0.0,0.0,1650.4777041595844,1666.858301906106,455.29260841781985,88.96720371413147,12,5.1,
MEPS_2016_TOTEXP,Causilo,4,100.0,raw,0.0,1,2000,1000,4.501908195503005,0.147,1,9.146904404427742,0,False,0.22803988988425655,0.11895428483719592,0.05620721002639538,0.09594170470295202,1648.646619862794,1687.6683055796484,524.3003274649711,90.97910086648908,12,4.7,
MEPS_2016_TOTEXP,Causilo,4,100.0,clip,50.0,1,2000,1000,4.501908195503005,0.147,1,9.146904404427742,2,True,0.011539454674567153,0.017693881302578707,-0.011759020811073745,-0.021572412814737308,1652.980193121302,1660.3863396875304,461.2922539082399,90.89309494356712,12,5.6,
MEPS_2016_TOTEXP,Causilo,4,100.0,clip,200.0,1,2000,1000,4.501908195503005,0.147,1,9.146904404427742,1,True,0.12354962239248671,0.07987566432001546,0.01293686171544273,0.02400169108625861,1649.7448101351174,1694.6394036834347,504.5037383077525,93.5163065150707,12,4.9,
MEPS_2016_TOTEXP,Causilo,4,100.0,sd_cap,1.2,1,2000,1000,4.501908195503005,0.147,1,9.146904404427742,1,True,0.05102133905755871,0.03817112025439408,-0.020247983046257575,0.0016528409596957938,1652.7844052485589,1685.8957857471653,490.2736743934266,92.18678251642682,14,5.7,
MEPS_2016_TOTEXP,Causilo,5,1.0,raw,0.0,1,2000,1000,1.124633266735652,0.098,76,0.0928347762018788,0,,0.0,0.0,0.0,0.0,1706.7064634514638,1823.6610176473273,777.9309873889468,243.26119028202342,7,0.0,
MEPS_2016_TOTEXP,Causilo,5,1.0,clip,50.0,1,2000,1000,1.124633266735652,0.098,76,0.0928347762018788,5,,0.03581612019838647,0.043418231053632135,-0.05566236791375497,-0.10981864426195136,1702.2839791202648,1818.5833130127312,761.391228278948,309.278347342388,8,5.5,
MEPS_2016_TOTEXP,Causilo,5,1.0,clip,200.0,1,2000,1000,1.124633266735652,0.098,76,0.0928347762018788,0,,0.0,0.0,0.0,0.0,1706.7064634514638,1823.6610176473273,777.9309873889468,243.26119028202342,7,5.0,
MEPS_2016_TOTEXP,Causilo,5,1.0,sd_cap,1.2,1,2000,1000,1.124633266735652,0.098,76,0.0928347762018788,0,,0.0,0.0,0.0,0.0,1706.7064634514638,1823.6610176473273,777.9309873889468,243.26119028202342,7,5.3,
MEPS_2016_TOTEXP,Causilo,5,100.0,raw,0.0,1,2000,1000,4.425401339737228,0.098,1,9.28347762018788,0,False,0.23806073278803785,0.1519157714971749,0.15700352439299758,0.2072243405185726,1765.9142907204098,1987.8428341344409,814.9618090113064,195.65541685622762,6,5.0,
MEPS_2016_TOTEXP,Causilo,5,100.0,clip,50.0,1,2000,1000,4.425401339737228,0.098,1,9.28347762018788,6,True,0.033745999586873854,0.044718229434328155,-0.05734974943700327,-0.1074028820163137,1703.0662953156275,1830.906062833597,764.4550499901276,309.30429009432964,7,4.9,
MEPS_2016_TOTEXP,Causilo,5,100.0,clip,200.0,1,2000,1000,4.425401339737228,0.098,1,9.28347762018788,1,True,0.05845576663265975,0.04788547455902194,0.029426565901191314,0.08268266828106142,1707.9959217320895,1837.2626424833402,794.1369838573718,212.82795320332212,6,5.0,
MEPS_2016_TOTEXP,Causilo,5,100.0,sd_cap,1.2,1,2000,1000,4.425401339737228,0.098,1,9.28347762018788,1,True,0.05280971095393312,0.0430048972033473,0.028769376892517788,0.08061940590384697,1708.7266475696433,1835.0530119898365,793.0460562937218,211.6955828746385,7,4.9,
MEPS_2016_TOTEXP,Causilo,6,1.0,raw,0.0,1,2000,1000,1.0463821346685465,0.123,100,0.12565761321015934,0,,0.0,0.0,0.0,0.0,1804.2696994337948,1966.2435846211604,813.6059311402198,384.1646430893132,10,0.0,
MEPS_2016_TOTEXP,Causilo,6,1.0,clip,50.0,1,2000,1000,1.0463821346685465,0.123,100,0.12565761321015934,2,,0.004247431488914053,0.006043326124339656,0.00637889083413626,-0.006990571841226032,1803.1406195496554,1965.9655063545813,816.1351213675132,381.70529094192113,10,4.9,
MEPS_2016_TOTEXP,Causilo,6,1.0,clip,200.0,1,2000,1000,1.0463821346685465,0.123,100,0.12565761321015934,0,,0.0,0.0,0.0,0.0,1804.2696994337948,1966.2435846211604,813.6059311402198,384.1646430893132,10,5.8,
MEPS_2016_TOTEXP,Causilo,6,1.0,sd_cap,1.2,1,2000,1000,1.0463821346685465,0.123,100,0.12565761321015934,0,,0.0,0.0,0.0,0.0,1804.2696994337948,1966.2435846211604,813.6059311402198,384.1646430893132,10,5.1,
MEPS_2016_TOTEXP,Causilo,6,100.0,raw,0.0,1,2000,1000,3.9355514880131395,0.123,1,12.565761321015934,0,False,0.125756945559018,0.11134430080457461,0.14708745166950055,0.13877045017285278,1807.3104000789338,2055.285248117678,883.1904598786011,305.4813892400605,7,5.4,
MEPS_2016_TOTEXP,Causilo,6,100.0,clip,50.0,1,2000,1000,3.9355514880131395,0.123,1,12.565761321015934,3,True,0.005325465170424373,0.007821246430648042,0.016349037109986298,0.007481107443890856,1803.8483329615049,1977.8714718450954,818.2086512693024,379.51811625440797,10,5.0,
MEPS_2016_TOTEXP,Causilo,6,100.0,clip,200.0,1,2000,1000,3.9355514880131395,0.123,1,12.565761321015934,1,True,0.005421087764517689,0.028120791588902884,0.018530607344594763,0.058441753009442654,1796.646857572693,2000.434672239094,846.7816053519961,343.27286117119115,9,5.2,
MEPS_2016_TOTEXP,Causilo,6,100.0,sd_cap,1.2,1,2000,1000,3.9355514880131395,0.123,1,12.565761321015934,1,True,-0.015752404828649452,-0.012169493300755209,-0.010262857895508383,0.039604342135090356,1801.4423175464115,2002.2248514954904,835.2030398634884,336.1967577294827,9,5.1,
MEPS_2016_TOTEXP,Causilo,7,1.0,raw,0.0,1,2000,1000,1.6156651262011348,0.068,17,0.08328568476164233,0,,0.0,0.0,0.0,0.0,1929.621982553761,1981.1660944578894,644.3563133538701,172.03971368600315,12,0.0,
MEPS_2016_TOTEXP,Causilo,7,1.0,clip,50.0,1,2000,1000,1.6156651262011348,0.068,17,0.08328568476164233,7,,-0.06408417985236459,-0.02176580817801137,0.011847992388848554,-0.03873941283984966,1924.8560148850665,1948.0872980524382,645.4387621722609,189.17978541306164,14,5.3,
MEPS_2016_TOTEXP,Causilo,7,1.0,clip,200.0,1,2000,1000,1.6156651262011348,0.068,17,0.08328568476164233,1,,-0.024398232069946898,-0.009793766072950552,-0.015980200634941735,-0.014695147956185792,1927.5459984573313,1980.247981075699,633.2448948463872,169.57134796941872,12,4.9,
MEPS_2016_TOTEXP,Causilo,7,1.0,sd_cap,1.2,1,2000,1000,1.6156651262011348,0.068,17,0.08328568476164233,1,,-0.05222904797009206,-0.02618135811392883,-0.013545891209160603,-0.012635138538963156,1929.3825561761753,1968.0801416650588,624.6297832369261,173.09402171958575,11,5.8,
MEPS_2016_TOTEXP,Causilo,7,100.0,raw,0.0,1,2000,1000,6.664999772786585,0.068,1,8.328568476164232,0,False,0.12397028653557207,0.07780208822619998,0.2557987307164119,0.3908679612241634,1940.0032708800134,1929.2803647222804,682.4563374262693,126.1875464397979,7,5.0,
MEPS_2016_TOTEXP,Causilo,7,100.0,clip,50.0,1,2000,1000,6.664999772786585,0.068,1,8.328568476164232,8,True,-0.062151176084073174,-0.01957607905885852,0.02331577021225694,-0.022068879058090844,1923.9896553287274,1951.1821528205678,636.4903096633963,179.7920694383971,14,5.5,
MEPS_2016_TOTEXP,Causilo,7,100.0,clip,200.0,1,2000,1000,6.664999772786585,0.068,1,8.328568476164232,2,True,-0.025606570781949403,-0.019290854011911763,-0.024397151138924697,-0.01331465619731337,1923.9370065504656,1954.953275526775,640.9033376023774,171.5770660007802,11,5.4,
MEPS_2016_TOTEXP,Causilo,7,100.0,sd_cap,1.2,1,2000,1000,6.664999772786585,0.068,1,8.328568476164232,2,True,-0.0297610587547449,-0.024272618308131873,-0.028784683197006465,-0.015964809029642764,1924.779676557563,1958.4262422613378,638.7262114453898,173.83917657416777,11,4.9,
MEPS_2016_TOTEXP,Causilo,8,1.0,raw,0.0,1,2000,1000,1.091768665299509,0.105,210,0.04275783833361493,0,,0.0,0.0,0.0,0.0,1509.727422849384,1467.7963146381553,413.90061704331754,76.42185557021286,3,0.0,
MEPS_2016_TOTEXP,Causilo,8,1.0,clip,50.0,1,2000,1000,1.091768665299509,0.105,210,0.04275783833361493,4,,0.018815239319491,0.019132299080361626,-0.033556948479694565,-0.08617208158732956,1510.6390521137416,1471.3411731130138,378.9745304153992,65.19994746129284,4,4.7,
MEPS_2016_TOTEXP,Causilo,8,1.0,clip,200.0,1,2000,1000,1.091768665299509,0.105,210,0.04275783833361493,0,,0.0,0.0,0.0,0.0,1509.727422849384,1467.7963146381553,413.90061704331754,76.42185557021286,3,4.4,
MEPS_2016_TOTEXP,Causilo,8,1.0,sd_cap,1.2,1,2000,1000,1.091768665299509,0.105,210,0.04275783833361493,0,,0.0,0.0,0.0,0.0,1509.727422849384,1467.7963146381553,413.90061704331754,76.42185557021286,3,4.5,
MEPS_2016_TOTEXP,Causilo,8,100.0,raw,0.0,1,2000,1000,2.008207782905664,0.105,1,4.275783833361492,0,False,0.15953117662003338,0.11737806603865247,0.13636376467556033,0.18157375647527527,1526.0583583387063,1537.8482546314178,487.63741366741783,96.39620037945055,2,4.5,
MEPS_2016_TOTEXP,Causilo,8,100.0,clip,50.0,1,2000,1000,2.008207782905664,0.105,1,4.275783833361492,5,True,0.015586043480633763,0.029432013763726023,-0.01139040975395757,-0.06030892692709598,1509.9671868321532,1472.1092381685237,386.2271914523741,67.35151609882747,4,4.3,
MEPS_2016_TOTEXP,Causilo,8,100.0,clip,200.0,1,2000,1000,2.008207782905664,0.105,1,4.275783833361492,1,True,0.06371813430867897,0.04749389985532984,0.07109517008521665,0.1173162214296865,1516.9195841314122,1497.7668631816873,466.0827273128588,90.62604249491659,3,4.8,
MEPS_2016_TOTEXP,Causilo,8,100.0,sd_cap,1.2,1,2000,1000,2.008207782905664,0.105,1,4.275783833361492,1,True,0.0273216879414618,0.025769375218010655,0.05041157203507404,0.09827161199627465,1518.5449061816141,1491.5958737527021,457.4686238989215,88.11482987757728,3,4.5,
MEPS_2016_TOTEXP,Causilo,9,1.0,raw,0.0,1,2000,1000,1.2198751625850321,0.069,58,0.059748414673468205,0,,0.0,0.0,0.0,0.0,1602.87281443734,1793.7341393477843,598.1073468100307,217.5553899037245,4,0.0,
MEPS_2016_TOTEXP,Causilo,9,1.0,clip,50.0,1,2000,1000,1.2198751625850321,0.069,58,0.059748414673468205,8,,0.012847937880508715,0.03883943831690796,-1.7344875786611555e-06,-0.08198506405149383,1613.9806858283844,1726.7060970269997,660.3787005846002,341.36491114207075,8,4.2,
MEPS_2016_TOTEXP,Causilo,9,1.0,clip,200.0,1,2000,1000,1.2198751625850321,0.069,58,0.059748414673468205,1,,-0.004097314559006686,-0.006426766176807102,-0.013082302805234302,-0.015421130859748439,1603.198503655737,1789.0297322528302,593.5216466616303,216.56269164212927,6,4.8,
MEPS_2016_TOTEXP,Causilo,9,1.0,sd_cap,1.2,1,2000,1000,1.2198751625850321,0.069,58,0.059748414673468205,1,,-0.0029049214453656996,-0.003706420422381065,-0.008902904012521608,-0.01100854867044972,1602.9380186184596,1789.8548666794084,594.2560635228699,217.36105654925782,4,4.7,
MEPS_2016_TOTEXP,Causilo,9,100.0,raw,0.0,1,2000,1000,3.593132194951931,0.069,1,5.97484146734682,0,False,0.1516202285144026,0.07865128063262347,0.19093795405581263,0.21467220493246197,1635.2843371570482,1926.872698854931,720.0259409354009,243.41649174078483,5,5.0,
MEPS_2016_TOTEXP,Causilo,9,100.0,clip,50.0,1,2000,1000,3.593132194951931,0.069,1,5.97484146734682,9,True,0.009954511272628162,0.042917898360866,0.014586691709323609,-0.07070793578135245,1614.546176372187,1731.7688976176717,664.9468699488705,341.9777465041199,7,4.8,
MEPS_2016_TOTEXP,Causilo,9,100.0,clip,200.0,1,2000,1000,3.593132194951931,0.069,1,5.97484146734682,2,True,0.007015135730839281,-0.007298677679383859,-0.0045764818998017265,0.0007759924984152823,1601.6754608033202,1808.556236554828,610.9213718953888,229.68879323028818,5,4.7,
MEPS_2016_TOTEXP,Causilo,9,100.0,sd_cap,1.2,1,2000,1000,3.593132194951931,0.069,1,5.97484146734682,1,True,0.02703645521362004,0.007843168310407989,0.006228039041220929,0.007801419309380246,1602.561857834298,1806.077750041532,622.9624433435134,229.68260630073084,6,5.0,
BlogFeedback,Causilo,0,1.0,raw,0.0,1,2000,1000,1.050051094970537,0.0795,21,0.3944636678200692,0,,0.0,0.0,0.0,0.0,6.22670084186693,4.487591909656674,1.0844508933987418,0.17091283308967192,9,0.0,
BlogFeedback,Causilo,0,1.0,clip,50.0,1,2000,1000,1.050051094970537,0.0795,21,0.3944636678200692,21,,-0.013644034861759195,0.02161500489580248,0.09593138213972509,0.07686120348867881,6.552685836622708,5.962098830294437,2.9913921560167336,2.1979807465606522,17,20.9,
BlogFeedback,Causilo,0,1.0,clip,200.0,1,2000,1000,1.050051094970537,0.0795,21,0.3944636678200692,0,,1.5674742354225137e-07,7.391584085068013e-08,-8.43216799820357e-07,-8.853148865834075e-07,6.226701993898836,4.487585751100313,1.0844518576454034,0.17091245379282746,9,19.8,
BlogFeedback,Causilo,0,1.0,sd_cap,1.2,1,2000,1000,1.050051094970537,0.0795,21,0.3944636678200692,0,,-1.0429016983464021e-07,-9.656405853680048e-07,-1.4785882141998027e-06,-1.405404056974824e-06,6.226702264766404,4.487584991515916,1.0844521283477755,0.170912088730696,9,21.4,
BlogFeedback,Causilo,0,100.0,raw,0.0,1,2000,1000,12.442161591325378,0.0795,1,39.44636678200692,0,False,0.18180520251937068,0.07571307094545451,0.34495713307339415,0.5441152052999301,6.761393263887428,4.804389178873991,1.153232390470553,0.23119413585999057,4,20.8,
BlogFeedback,Causilo,0,100.0,clip,50.0,1,2000,1000,12.442161591325378,0.0795,1,39.44636678200692,21,True,-0.013650299987720257,0.02161591123635908,0.09592714469981571,0.0768529979607045,6.55268464027841,5.9621054912308304,2.991391708204228,2.1979807521259085,17,19.3,
BlogFeedback,Causilo,0,100.0,clip,200.0,1,2000,1000,12.442161591325378,0.0795,1,39.44636678200692,1,True,-0.015753908810125557,-0.009891905245040876,0.0058243618515043,0.03103807296159966,6.247060478926872,4.539550422941165,1.0703597388690775,0.18356694431867573,8,20.3,
BlogFeedback,Causilo,0,100.0,sd_cap,1.2,1,2000,1000,12.442161591325378,0.0795,1,39.44636678200692,1,True,-0.01967401055684883,-0.032070708904988005,0.004068764493027543,0.04592833733645908,6.086229333394729,4.595908882772281,1.0855562422894796,0.19799865874172629,6,15.3,
BlogFeedback,Causilo,1,1.0,raw,0.0,1,2000,1000,1.0363614327623412,0.088,107,0.12048192771084337,0,,0.0,0.0,0.0,0.0,5.506924785438094,4.229402862322239,1.2172818118528344,0.3003233204100551,9,0.0,
BlogFeedback,Causilo,1,1.0,clip,50.0,1,2000,1000,1.0363614327623412,0.088,107,0.12048192771084337,18,,-0.005925372308965312,0.016891955757387028,0.04259113320385068,0.02493380105487747,5.43210384286153,4.464705714077342,1.6374344576562634,0.8299740984861413,13,13.9,
BlogFeedback,Causilo,1,1.0,clip,200.0,1,2000,1000,1.0363614327623412,0.088,107,0.12048192771084337,0,,0.0,0.0,0.0,0.0,5.506924785438094,4.229402862322239,1.2172818118528344,0.3003233204100551,9,14.1,
BlogFeedback,Causilo,1,1.0,sd_cap,1.2,1,2000,1000,1.0363614327623412,0.088,107,0.12048192771084337,0,,0.0,0.0,0.0,0.0,5.506924785438094,4.229402862322239,1.2172818118528344,0.3003233204100551,9,15.1,
BlogFeedback,Causilo,1,100.0,raw,0.0,1,2000,1000,3.4031183685584767,0.088,1,12.048192771084338,0,False,0.18962533977081286,0.04058988345078619,0.17002146315989064,0.2951324488797902,5.859513809334546,4.712389473302727,1.5661098667909463,0.3612665089278305,6,16.1,
BlogFeedback,Causilo,1,100.0,clip,50.0,1,2000,1000,3.4031183685584767,0.088,1,12.048192771084338,19,True,-0.0067156350981242875,0.017682823601318707,0.06781899346370163,0.055974697945652366,5.436457653012056,4.4819013678128234,1.6472835212194967,0.8401923505922179,13,15.4,
BlogFeedback,Causilo,1,100.0,clip,200.0,1,2000,1000,3.4031183685584767,0.088,1,12.048192771084338,1,True,-0.005116327288026364,-0.024037131163816127,0.0020657104667341115,0.025082521686350015,5.412799320010415,4.292240649606571,1.3463059248153253,0.3321852152873135,9,16.2,
BlogFeedback,Causilo,1,100.0,sd_cap,1.2,1,2000,1000,3.4031183685584767,0.088,1,12.048192771084338,1,True,0.0022941725661165787,-0.05620634110430494,-0.030374194928465825,0.006089948573881698,5.45291039100948,4.489743760111388,1.3984219809337033,0.3492939489056154,12,14.8,
BlogFeedback,Causilo,2,1.0,raw,0.0,1,2000,1000,1.0530406375251873,0.0755,20,0.32548179871520344,0,,0.0,0.0,0.0,0.0,6.032021937129061,5.131019246173981,1.9611518871157234,0.7796940644427398,17,0.0,
BlogFeedback,Causilo,2,1.0,clip,50.0,1,2000,1000,1.0530406375251873,0.0755,20,0.32548179871520344,22,,-0.002750221527836525,0.011908979234543182,0.07293063578612341,0.07632548822140742,6.196946872931037,5.872551307696993,3.363867129532367,2.2660376990027418,28,18.4,
BlogFeedback,Causilo,2,1.0,clip,200.0,1,2000,1000,1.0530406375251873,0.0755,20,0.32548179871520344,0,,0.0,0.0,0.0,0.0,6.032021937129061,5.131019246173981,1.9611518871157234,0.7796940644427398,17,19.1,
BlogFeedback,Causilo,2,1.0,sd_cap,1.2,1,2000,1000,1.0530406375251873,0.0755,20,0.32548179871520344,0,,0.0,0.0,0.0,0.0,6.032021937129061,5.131019246173981,1.9611518871157234,0.7796940644427398,17,19.0,
BlogFeedback,Causilo,2,100.0,raw,0.0,1,2000,1000,10.522277709802577,0.0755,1,32.54817987152034,0,False,0.22360253145899595,0.021317217138646094,0.28606097639440975,0.6878887587833662,6.231768736767659,5.436144450259887,2.2637153852904612,0.8369437526155523,13,16.4,
BlogFeedback,Causilo,2,100.0,clip,50.0,1,2000,1000,10.522277709802577,0.0755,1,32.54817987152034,22,True,-0.002750221527836525,0.011908979234543182,0.07293063578612341,0.07632548822140742,6.196946872931037,5.872551307696993,3.363867129532367,2.2660376990027418,28,17.2,
BlogFeedback,Causilo,2,100.0,clip,200.0,1,2000,1000,10.522277709802577,0.0755,1,32.54817987152034,1,True,0.0014082830232481813,-0.008956475590619961,-0.01313649216255009,-0.011279004926530898,6.101771118491901,5.175188001563948,2.0134678992430906,0.7945729188825531,18,21.7,
BlogFeedback,Causilo,2,100.0,sd_cap,1.2,1,2000,1000,10.522277709802577,0.0755,1,32.54817987152034,1,True,-0.0029101540866151004,-0.04456073186649492,-0.056389556042480395,-0.040992869056581824,6.178457169515106,5.085655364974528,2.0691397723248364,0.8497054431358794,20,19.7,
BlogFeedback,Causilo,3,1.0,raw,0.0,1,2000,1000,1.0530024321805462,0.0855,67,0.15455594002306805,0,,0.0,0.0,0.0,0.0,6.149934455191544,4.465998441264722,1.1160903526731472,0.16310015514770987,7,0.0,
BlogFeedback,Causilo,3,1.0,clip,50.0,1,2000,1000,1.0530024321805462,0.0855,67,0.15455594002306805,19,,-0.009366027670238513,0.005764436908348592,0.05005098459244707,0.0493017720592952,6.0710499882040585,5.1985123406665315,2.165318496312272,1.2410841002685784,17,15.1,
BlogFeedback,Causilo,3,1.0,clip,200.0,1,2000,1000,1.0530024321805462,0.0855,67,0.15455594002306805,0,,6.632207546390488e-07,9.743520937854305e-07,9.347199641359752e-07,9.331656652438355e-07,6.149934991633309,4.466002142505197,1.1160897946568953,0.1631002298423274,7,14.3,
BlogFeedback,Causilo,3,1.0,sd_cap,1.2,1,2000,1000,1.0530024321805462,0.0855,67,0.15455594002306805,0,,5.403657368631195e-08,8.7359191338665e-07,4.0481780141545167e-07,6.538463835482796e-07,6.149936211350123,4.466002964009688,1.1160934133244949,0.16310027723360793,7,14.8,
BlogFeedback,Causilo,3,100.0,raw,0.0,1,2000,1000,5.057390832957393,0.0855,1,15.455594002306805,0,False,0.20947747651127313,0.042436637704083416,0.27153780192013677,0.47708758587017186,6.171528554379226,4.6832138910805865,1.2111332250921838,0.20879442157297654,6,15.9,
BlogFeedback,Causilo,3,100.0,clip,50.0,1,2000,1000,5.057390832957393,0.0855,1,15.455594002306805,20,True,-0.010611581957594443,0.004812401034222483,0.06218366526184367,0.07200394428833165,6.0715195756548725,5.1892503417773925,2.126858419131042,1.2470661832256515,17,15.2,
BlogFeedback,Causilo,3,100.0,clip,200.0,1,2000,1000,5.057390832957393,0.0855,1,15.455594002306805,1,True,-0.009667984500164385,-0.02635004810677484,0.028436838401822487,0.07787285824418183,6.070135457607821,4.52112868166846,1.2220418662456622,0.18829086332190587,7,15.1,
BlogFeedback,Causilo,3,100.0,sd_cap,1.2,1,2000,1000,5.057390832957393,0.0855,1,15.455594002306805,1,True,-0.0043737429792969195,-0.05564651675475418,0.08591086103881085,0.19852599109928545,5.982245692446461,4.596305704658406,1.2296290901113376,0.20213452822463027,6,14.9,
BlogFeedback,Causilo,4,1.0,raw,0.0,1,2000,1000,1.1245972372611686,0.0755,6,0.3862359550561798,0,,0.0,0.0,0.0,0.0,5.623680026355851,4.438926626435737,1.1670191570357689,0.21388466170626652,5,0.0,
BlogFeedback,Causilo,4,1.0,clip,50.0,1,2000,1000,1.1245972372611686,0.0755,6,0.3862359550561798,23,,-0.015854379233320566,0.02082023031797524,0.07967123510051242,0.03642709758948577,5.607847445220192,4.74504896053303,2.119668589776587,1.3186170828606887,14,14.8,
BlogFeedback,Causilo,4,1.0,clip,200.0,1,2000,1000,1.1245972372611686,0.0755,6,0.3862359550561798,1,,-0.002431960548388978,0.011679734149565912,-0.002028754340185521,-0.010355601847347464,5.617738991831824,4.402658238271048,1.16233592842653,0.20956809670677176,5,14.0,
BlogFeedback,Causilo,4,1.0,sd_cap,1.2,1,2000,1000,1.1245972372611686,0.0755,6,0.3862359550561798,0,,1.036389278515612e-06,-2.914101643469572e-07,0.0,4.207118926662951e-08,5.623675917568101,4.438928439666983,1.1670198034771413,0.21388426616544134,5,18.0,
BlogFeedback,Causilo,4,100.0,raw,0.0,1,2000,1000,18.216368733057628,0.0755,1,38.62359550561798,0,False,0.3070419867747596,0.033869625194585654,0.2378329038408385,0.604926872574244,9.210237362573654,7.606080907648148,1.8268429746485944,0.33278529344980073,7,17.8,
BlogFeedback,Causilo,4,100.0,clip,50.0,1,2000,1000,18.216368733057628,0.0755,1,38.62359550561798,23,True,-0.015840890620448585,0.020815410903512542,0.07966400322223094,0.036425782661181294,5.607846896677647,4.745048304811799,2.1196681142729985,1.3186172430755463,14,17.7,
BlogFeedback,Causilo,4,100.0,clip,200.0,1,2000,1000,18.216368733057628,0.0755,1,38.62359550561798,2,True,-0.005985814678558108,-0.0015521715116680874,0.002667862585688646,0.013763783886644015,5.5130717906887545,4.445985802543149,1.1945666300188678,0.22094764833392075,5,35.9,
BlogFeedback,Causilo,4,100.0,sd_cap,1.2,1,2000,1000,18.216368733057628,0.0755,1,38.62359550561798,1,True,-0.019341007994743344,-0.05197519945090279,0.03595811525440861,0.1086460113754082,5.679966594755298,4.480328121735596,1.2318322303212417,0.24269725161776104,5,18.6,
BlogFeedback,Causilo,5,1.0,raw,0.0,1,2000,1000,1.0878575648035167,0.0815,48,0.16666666666666666,0,,0.0,0.0,0.0,0.0,6.322102963519057,4.8575074434485455,1.1422817191669115,0.21740462495062482,8,0.0,
BlogFeedback,Causilo,5,1.0,clip,50.0,1,2000,1000,1.0878575648035167,0.0815,48,0.16666666666666666,24,,0.0009774795328263647,0.020125883996803616,0.0480602270381907,0.022744502800618762,6.349765868664603,5.56785658642701,2.415627943423699,1.5733952505508104,16,19.0,
BlogFeedback,Causilo,5,1.0,clip,200.0,1,2000,1000,1.0878575648035167,0.0815,48,0.16666666666666666,0,,0.0,5.633390743941501e-07,7.101249608523156e-07,8.248919103144454e-07,6.322099692813587,4.857503422921702,1.14228062667419,0.2174050557076963,8,19.9,
BlogFeedback,Causilo,5,1.0,sd_cap,1.2,1,2000,1000,1.0878575648035167,0.0815,48,0.16666666666666666,0,,3.59884247480757e-07,7.139536604166624e-07,1.4495815053087602e-06,1.9812042639987023e-06,6.322111095122592,4.857511061261993,1.142282225338202,0.21740503240635298,8,19.6,
BlogFeedback,Causilo,5,100.0,raw,0.0,1,2000,1000,6.759700465277112,0.0815,1,16.666666666666668,0,False,0.29428780542405014,0.0776704953800211,0.124806475018923,0.2706707129212742,6.262723262423681,5.311800166868838,1.5944050887898398,0.36062178717135307,10,16.9,
BlogFeedback,Causilo,5,100.0,clip,50.0,1,2000,1000,6.759700465277112,0.0815,1,16.666666666666668,25,True,0.0009969515332896466,0.021211079303865187,0.047263187403924656,0.022039875547315194,6.357847392264882,5.586550673810501,2.4205293718348004,1.580600407127116,16,18.4,
BlogFeedback,Causilo,5,100.0,clip,200.0,1,2000,1000,6.759700465277112,0.0815,1,16.666666666666668,1,True,-0.005285831392592592,-0.0036126399614293484,-0.0008009046046884203,0.027701236557306195,6.313742907785903,4.816181339917739,1.1931907833452,0.23537145879654534,9,18.4,
BlogFeedback,Causilo,5,100.0,sd_cap,1.2,1,2000,1000,6.759700465277112,0.0815,1,16.666666666666668,1,True,-0.007796796625811255,-0.036062902276183466,0.04251856785146589,0.11500179504539762,6.303442436957699,4.829131189313584,1.2886325474134837,0.28614150647632225,8,18.4,
BlogFeedback,Causilo,6,1.0,raw,0.0,1,2000,1000,1.0541876188375285,0.08,145,0.05767012687427912,0,,0.0,0.0,0.0,0.0,5.86440319095274,4.750945866394152,1.2627119354493472,0.19960438520199392,10,0.0,
BlogFeedback,Causilo,6,1.0,clip,50.0,1,2000,1000,1.0541876188375285,0.08,145,0.05767012687427912,18,,-0.020869256511139574,0.03127620350360287,0.1201979360628827,0.1301021927550226,5.826409650578195,5.004554423514844,1.58502258697081,0.6025994727591766,11,17.8,
BlogFeedback,Causilo,6,1.0,clip,200.0,1,2000,1000,1.0541876188375285,0.08,145,0.05767012687427912,0,,-1.171703653498336e-06,-5.026676246846203e-07,1.54430525312556e-07,1.551625842986235e-07,5.8644112841239515,4.750951140330583,1.2627130673883498,0.1996044841994398,10,18.9,
BlogFeedback,Causilo,6,1.0,sd_cap,1.2,1,2000,1000,1.0541876188375285,0.08,145,0.05767012687427912,0,,-7.177740572521282e-07,0.0,-5.935549398301247e-07,-1.1502780992679636e-06,5.864409030091971,4.750953153299166,1.2627125582771133,0.19960436446028357,10,19.3,
BlogFeedback,Causilo,6,100.0,raw,0.0,1,2000,1000,2.111809978839709,0.08,1,5.767012687427912,0,False,0.06300094069785489,-0.000713484624678551,0.16132176786179492,0.24475690552837753,5.824006483028149,4.775988547077815,1.4382627596418232,0.273721102242856,10,18.0,
BlogFeedback,Causilo,6,100.0,clip,50.0,1,2000,1000,2.111809978839709,0.08,1,5.767012687427912,19,True,-0.019757485209080772,0.03673585549028893,0.14242244411267774,0.16303217663240055,5.923301091411427,5.056409894480894,1.5926158807551087,0.602430778705368,11,18.3,
BlogFeedback,Causilo,6,100.0,clip,200.0,1,2000,1000,2.111809978839709,0.08,1,5.767012687427912,1,True,-0.00837531647820007,-0.00599012870675398,0.012865137119984379,0.028408292279619267,6.290327253858397,4.922192255756363,1.334869548088922,0.21736745543430938,10,17.7,
BlogFeedback,Causilo,6,100.0,sd_cap,1.2,1,2000,1000,2.111809978839709,0.08,1,5.767012687427912,1,True,-0.01582285254974805,-0.01385427474199133,0.014925062912578228,0.029076717843940333,6.207118014698869,4.830224821181394,1.3789689507600793,0.21297224754940572,11,18.7,
BlogFeedback,Causilo,7,1.0,raw,0.0,1,2000,1000,1.059335618208761,0.076,148,0.05353319057815846,0,,0.0,0.0,0.0,0.0,5.857831200636507,5.334637496806805,1.4037842246940377,0.19168558391798426,14,0.0,
BlogFeedback,Causilo,7,1.0,clip,50.0,1,2000,1000,1.059335618208761,0.076,148,0.05353319057815846,21,,0.0009429179050844705,0.031057279432913264,0.07660793304883874,0.03510596001443253,5.854053154163345,5.534398904313894,1.9194285046572017,0.8336482786308735,17,17.0,
BlogFeedback,Causilo,7,1.0,clip,200.0,1,2000,1000,1.059335618208761,0.076,148,0.05353319057815846,0,,0.0,0.0,0.0,0.0,5.857831200636507,5.334637496806805,1.4037842246940377,0.19168558391798426,14,18.6,
BlogFeedback,Causilo,7,1.0,sd_cap,1.2,1,2000,1000,1.059335618208761,0.076,148,0.05353319057815846,0,,0.0,0.0,0.0,0.0,5.857831200636507,5.334637496806805,1.4037842246940377,0.19168558391798426,14,19.2,
BlogFeedback,Causilo,7,100.0,raw,0.0,1,2000,1000,2.057676633150568,0.076,1,5.353319057815845,0,False,0.05462678608501565,-0.06303590071148063,-0.06578818354633928,-0.033861780237201405,6.626756613707431,5.937380539084984,1.8704977429159424,0.39311211679727237,18,17.8,
BlogFeedback,Causilo,7,100.0,clip,50.0,1,2000,1000,2.057676633150568,0.076,1,5.353319057815845,22,True,0.002416121742300518,0.03179924705343613,0.07164155301185496,0.03241939743899514,5.834452893149899,5.496595975909626,1.8857672185102852,0.835374098340267,18,15.7,
BlogFeedback,Causilo,7,100.0,clip,200.0,1,2000,1000,2.057676633150568,0.076,1,5.353319057815845,1,True,-0.0025534302286166592,-0.016891914083755136,-0.005755995062851675,0.014636032989511678,5.847183066383865,5.449281841949398,1.4283473105396634,0.2119977667774142,13,14.1,
BlogFeedback,Causilo,7,100.0,sd_cap,1.2,1,2000,1000,2.057676633150568,0.076,1,5.353319057815845,1,True,-0.005938040254307402,-0.044873104125530666,-0.003747314984554606,0.052716740853623295,5.872506964168948,5.606685216680788,1.6790443344927029,0.24393671360639133,11,14.0,
BlogFeedback,Causilo,8,1.0,raw,0.0,1,2000,1000,1.0768207717132097,0.081,50,0.1544256120527307,0,,0.0,0.0,0.0,0.0,6.304684441677357,4.9555178307804875,1.2554224562309066,0.23117140632720132,10,0.0,
BlogFeedback,Causilo,8,1.0,clip,50.0,1,2000,1000,1.0768207717132097,0.081,50,0.1544256120527307,16,,0.003188055386315452,0.025217848275482648,0.039892666476196895,0.010725338735084935,6.400527530172697,5.319601958785291,1.9470264693339177,1.0294401652930898,16,15.0,
BlogFeedback,Causilo,8,1.0,clip,200.0,1,2000,1000,1.0768207717132097,0.081,50,0.1544256120527307,0,,0.0,0.0,0.0,0.0,6.304684441677357,4.9555178307804875,1.2554224562309066,0.23117140632720132,10,15.0,
BlogFeedback,Causilo,8,1.0,sd_cap,1.2,1,2000,1000,1.0768207717132097,0.081,50,0.1544256120527307,0,,0.0,0.0,0.0,0.0,6.304684441677357,4.9555178307804875,1.2554224562309066,0.23117140632720132,10,14.7,
BlogFeedback,Causilo,8,100.0,raw,0.0,1,2000,1000,5.922899038134819,0.081,1,15.44256120527307,0,False,0.20744436364108532,0.04088385263762818,0.14095903490297473,0.2097513252475709,6.60268435367213,5.238991111314775,1.312611584239421,0.2249825307476094,10,15.2,
BlogFeedback,Causilo,8,100.0,clip,50.0,1,2000,1000,5.922899038134819,0.081,1,15.44256120527307,17,True,0.0008237786657482905,0.026749189915395783,0.05915349972074867,0.04168023782956824,6.397743137904652,5.3705247349902105,1.9585136711662152,0.9999214225197377,16,15.7,
BlogFeedback,Causilo,8,100.0,clip,200.0,1,2000,1000,5.922899038134819,0.081,1,15.44256120527307,1,True,-0.005501516806194663,-0.01137724053732764,0.0006790548227512821,0.025225243849636335,6.369463610259578,5.136429823920872,1.2848368206390492,0.2505570076162218,10,17.5,
BlogFeedback,Causilo,8,100.0,sd_cap,1.2,1,2000,1000,5.922899038134819,0.081,1,15.44256120527307,1,True,-0.004670592714015993,-0.02625856003993496,-0.003376197528591844,0.03432606351510538,6.3068910547119845,5.112520568143161,1.2593708212667603,0.24677948254874768,10,20.4,
BlogFeedback,Causilo,9,1.0,raw,0.0,1,2000,1000,1.0384043800605232,0.084,115,0.09816753926701571,0,,0.0,0.0,0.0,0.0,6.16566651920883,4.4108509470013795,1.1275431474988309,0.23224041355050246,12,0.0,
BlogFeedback,Causilo,9,1.0,clip,50.0,1,2000,1000,1.0384043800605232,0.084,115,0.09816753926701571,18,,-0.0019781208661516472,0.015663357898192495,0.04562791177518101,0.03253965019729256,6.2566663182014715,5.4213703143554826,2.6714254231917787,1.7811137311019047,21,22.4,
BlogFeedback,Causilo,9,1.0,clip,200.0,1,2000,1000,1.0384043800605232,0.084,115,0.09816753926701571,0,,0.0,6.961945226154416e-07,7.564695857129345e-07,9.661521065603782e-07,6.165666323290408,4.410847461292875,1.1275488475895168,0.23224139666049506,12,23.2,
BlogFeedback,Causilo,9,1.0,sd_cap,1.2,1,2000,1000,1.0384043800605232,0.084,115,0.09816753926701571,0,,-3.8243412619877137e-07,-4.226735608159117e-07,7.686685835489272e-07,9.605978625524356e-07,6.165666440171642,4.410843458512921,1.12754760675329,0.23224111959933083,12,22.0,
BlogFeedback,Causilo,9,100.0,raw,0.0,1,2000,1000,2.8927359393591683,0.084,1,9.81675392670157,0,False,0.1830974902060253,0.014574675876666263,0.19045422087659225,0.3705208114261676,6.501842870932908,4.8326261614744705,1.3669416327406894,0.2720775993410754,10,21.0,
BlogFeedback,Causilo,9,100.0,clip,50.0,1,2000,1000,2.8927359393591683,0.084,1,9.81675392670157,19,True,0.00026808856232495373,0.02093139451570433,0.05815145050495914,0.04036895984552362,6.25808144791066,5.431839956780399,2.6420449564915036,1.7683834799342584,21,20.1,
BlogFeedback,Causilo,9,100.0,clip,200.0,1,2000,1000,2.8927359393591683,0.084,1,9.81675392670157,1,True,-0.00465696693232147,-0.014275913678032175,0.010026145946147279,0.04080292134036641,6.1735291092030256,4.414522759677247,1.0883165340904462,0.24675391711460817,12,20.2,
BlogFeedback,Causilo,9,100.0,sd_cap,1.2,1,2000,1000,2.8927359393591683,0.084,1,9.81675392670157,1,True,0.0062329468590594465,-0.029756699836162075,-0.007793972287224267,0.04204561046454512,6.392868995697947,4.493205724541483,1.2236633860846091,0.2582589394523746,15,21.5,
