dataset,model,repeat,factor,arm,clip_c,n_est,n_fit,n_test,sd_shift,share_visible,corrupt_rank,corrupt_over_next,n_touched,hit,d_q50,d_q90,d_q99,d_q999,pb50,pb90,pb99,pb999,n_above99,seconds,reason
freMTPL2sev,TabPFN-V3,0,1.0,raw,0.0,1,2000,1000,1.22365220397439,0.035,48,0.03901677198077068,0,,0.0,0.0,0.0,0.0,2002.1025441235356,3281.438676154297,3146.975985829297,2698.5198111815625,27,0.0,
freMTPL2sev,TabPFN-V3,0,1.0,clip,50.0,1,2000,1000,1.22365220397439,0.035,48,0.03901677198077068,11,,-0.0033767749525969787,0.08536737822463097,0.151737819133332,-0.4315007147384825,2001.539896768799,3276.1785695283206,3150.407198719922,2917.7982002557815,21,7.4,
freMTPL2sev,TabPFN-V3,0,1.0,clip,200.0,1,2000,1000,1.22365220397439,0.035,48,0.03901677198077068,3,,0.0077244698605070244,0.02640702571708697,-0.014382039537540775,-0.20010402647349695,2001.5613468896486,3277.9142834272466,3141.782972626172,2757.5103437635935,27,7.9,
freMTPL2sev,TabPFN-V3,0,1.0,log,0.0,1,2000,1000,1.22365220397439,0.035,48,0.03901677198077068,0,,0.007868716708311721,0.2513861686496952,0.21684771018079513,-0.017040425012961033,2001.229314186745,3266.6926292964386,3147.59488257155,2573.6092165738364,18,7.5,
freMTPL2sev,TabPFN-V3,0,1.0,tail_log,50.0,1,2000,1000,1.22365220397439,0.035,48,0.03901677198077068,11,,0.0038680980223852975,0.024230058060168168,0.004410660322931557,-0.1920386884463887,2001.3194008947755,3279.3250335981447,3153.327664848674,4110.729607074865,27,7.3,
freMTPL2sev,TabPFN-V3,0,1.0,evt_trim,0.0,1,2000,1000,1.22365220397439,0.035,48,0.03901677198077068,0,,0.0,0.0,0.0,0.0,2002.1025441235356,3281.438676154297,3146.975985829297,2698.5198111815625,27,7.6,
freMTPL2sev,TabPFN-V3,0,100.0,raw,0.0,1,2000,1000,2.475231671302376,0.035,1,3.901677198077068,0,False,-0.08814095032488563,0.07352479433610759,0.0015813081198988626,0.36200676725530523,2015.7078153076175,3285.1765303559573,3169.4791486710938,2561.776249328047,25,7.7,
freMTPL2sev,TabPFN-V3,0,100.0,clip,50.0,1,2000,1000,2.475231671302376,0.035,1,3.901677198077068,12,True,-0.003931154674403423,0.08741563418584608,0.1639698093964938,-0.4221001055735251,2001.5529410546876,3275.8066552973632,3147.541049540235,2912.1103891796097,21,7.3,
freMTPL2sev,TabPFN-V3,0,100.0,clip,200.0,1,2000,1000,2.475231671302376,0.035,1,3.901677198077068,4,True,0.008874297935624309,0.02320340451107909,5.0619073105940556e-05,-0.11793486285212715,2001.7541614208985,3276.8054086030274,3120.9712315421875,2722.527429115157,26,7.5,
freMTPL2sev,TabPFN-V3,0,100.0,log,0.0,1,2000,1000,2.475231671302376,0.035,1,3.901677198077068,0,True,0.0077638761327136355,0.2517100207274452,0.2402454523854644,0.09511437231361006,2001.1749757052637,3266.41920748744,3146.3362850103554,3361.120044594423,18,7.4,
freMTPL2sev,TabPFN-V3,0,100.0,tail_log,50.0,1,2000,1000,2.475231671302376,0.035,1,3.901677198077068,12,True,0.009114656668936408,0.01790008172758686,0.019123274449622127,-0.07190217227244802,2001.2640998242189,3279.163380336426,3144.387321086452,7813.7274647269,26,7.5,
freMTPL2sev,TabPFN-V3,0,100.0,evt_trim,0.0,1,2000,1000,2.475231671302376,0.035,1,3.901677198077068,0,False,-0.08814095032488563,0.07352479433610759,0.0015813081198988626,0.36200676725530523,2015.7078153076175,3285.1765303559573,3169.4791486710938,2561.776249328047,25,7.5,
freMTPL2sev,TabICLv2,0,1.0,raw,0.0,1,2000,1000,1.22365220397439,0.035,48,0.03901677198077068,0,,0.0,0.0,0.0,0.0,2003.752766369629,3278.2641268183597,3064.96917395918,2787.7814409217976,11,0.0,
freMTPL2sev,TabICLv2,0,1.0,clip,50.0,1,2000,1000,1.22365220397439,0.035,48,0.03901677198077068,11,,0.011480021674152992,-0.048561548572351634,-0.21051928047027896,-0.354089661587453,2002.107796899414,3260.681055685547,3127.4532356925783,2956.659973342695,16,4.3,
freMTPL2sev,TabICLv2,0,1.0,clip,200.0,1,2000,1000,1.22365220397439,0.035,48,0.03901677198077068,3,,0.008217490764866393,0.03451701802327583,0.1906576772151316,0.07616872691950358,2002.8840213708497,3274.727155309571,3079.0207833976565,2794.8890223739454,10,4.5,
freMTPL2sev,TabICLv2,0,1.0,log,0.0,1,2000,1000,1.22365220397439,0.035,48,0.03901677198077068,0,,0.01981134673082234,-0.07027951715029673,-0.10817699486291882,1.1900307058107145,2001.5578558061507,3259.3689915155906,3088.219226043515,2555.2906926618416,13,4.3,
freMTPL2sev,TabICLv2,0,1.0,tail_log,50.0,1,2000,1000,1.22365220397439,0.035,48,0.03901677198077068,11,,0.0072543945544748896,0.022576966492627103,0.158463891034003,0.0955424014091118,2002.8248735791017,3271.0877645172914,3080.6537303784044,2772.1320205389243,11,4.3,
freMTPL2sev,TabICLv2,0,1.0,evt_trim,0.0,1,2000,1000,1.22365220397439,0.035,48,0.03901677198077068,0,,0.0,0.0,0.0,0.0,2003.752766369629,3278.2641268183597,3064.96917395918,2787.7814409217976,11,4.2,
freMTPL2sev,TabICLv2,0,100.0,raw,0.0,1,2000,1000,2.475231671302376,0.035,1,3.901677198077068,0,False,-0.03272910802282614,0.035056103281365034,-0.07960617431249134,0.09440365472948767,2011.542253837891,3275.358965714844,2960.6696442765633,2594.1114217089066,13,4.1,
freMTPL2sev,TabICLv2,0,100.0,clip,50.0,1,2000,1000,2.475231671302376,0.035,1,3.901677198077068,12,True,0.011063104292799554,-0.05525719983920452,-0.2142969115938592,-0.3515806014283256,2002.0907936950684,3260.829471466797,3124.866123666211,2952.5051514032425,16,4.3,
freMTPL2sev,TabICLv2,0,100.0,clip,200.0,1,2000,1000,2.475231671302376,0.035,1,3.901677198077068,4,True,0.008188319163284297,0.01401150372985584,0.10742325527253016,0.024619293497878496,2002.3523296337892,3276.2933771503904,3073.3094662248045,2786.508452868086,11,4.2,
freMTPL2sev,TabICLv2,0,100.0,log,0.0,1,2000,1000,2.475231671302376,0.035,1,3.901677198077068,0,True,0.01986282678623659,-0.07194104449850547,-0.05083469017891234,1.408955224333822,2001.633144202626,3259.675468742298,3079.969703908542,2508.7622801241723,12,4.1,
freMTPL2sev,TabICLv2,0,100.0,tail_log,50.0,1,2000,1000,2.475231671302376,0.035,1,3.901677198077068,12,True,0.005747237234730534,0.02080940474914212,0.19169124018038508,0.2123064472599643,2002.8176288220216,3277.1600506204936,3058.4073040224007,2711.1390666136076,10,4.3,
freMTPL2sev,TabICLv2,0,100.0,evt_trim,0.0,1,2000,1000,2.475231671302376,0.035,1,3.901677198077068,0,False,-0.03272910802282614,0.035056103281365034,-0.07960617431249134,0.09440365472948767,2011.542253837891,3275.358965714844,2960.6696442765633,2594.1114217089066,13,4.0,
freMTPL2sev,GBM,0,1.0,raw,0.0,1,2000,1000,1.22365220397439,0.035,48,0.03901677198077068,0,,0.0,0.0,0.0,0.0,2003.9370383896285,3334.2347445458563,3133.0495589932957,2642.896277351895,16,0.0,
freMTPL2sev,GBM,0,1.0,clip,50.0,1,2000,1000,1.22365220397439,0.035,48,0.03901677198077068,11,,0.0,0.027718321372425886,1.3170971543794971e-11,-0.27727995609971823,2003.9370383896285,3274.0802817238227,3157.505668581056,2940.739404498677,19,4.3,
freMTPL2sev,GBM,0,1.0,clip,200.0,1,2000,1000,1.22365220397439,0.035,48,0.03901677198077068,3,,0.0,0.0,0.0,-0.01629032219651077,2003.9370383896285,3300.0466769047957,3129.0178782867474,2707.924891990971,17,4.1,
freMTPL2sev,GBM,0,1.0,log,0.0,1,2000,1000,1.22365220397439,0.035,48,0.03901677198077068,0,,0.0006229900279939399,0.001469947296258503,0.013687691249812346,0.00011193712208822098,2003.3446315447716,3275.842656642532,3160.7536097372436,2673.679058743801,20,4.7,
freMTPL2sev,GBM,0,1.0,tail_log,50.0,1,2000,1000,1.22365220397439,0.035,48,0.03901677198077068,11,,0.0,0.021151063267402848,0.000634909373413075,0.00011193729694925118,2003.9370383896285,3291.509620530135,3157.7620719525526,2675.0032154267615,20,3.9,
freMTPL2sev,GBM,0,1.0,evt_trim,0.0,1,2000,1000,1.22365220397439,0.035,48,0.03901677198077068,0,,0.0,0.0,0.0,0.0,2003.9370383896285,3334.2347445458563,3133.0495589932957,2642.896277351895,16,4.1,
freMTPL2sev,GBM,0,100.0,raw,0.0,1,2000,1000,2.475231671302376,0.035,1,3.901677198077068,0,False,0.0,0.0,-0.0541594651184198,1.6056225620753561,2003.9370383896285,3334.2347445458563,3144.1272558088963,2547.9733747207406,18,3.5,
freMTPL2sev,GBM,0,100.0,clip,50.0,1,2000,1000,2.475231671302376,0.035,1,3.901677198077068,12,True,0.0,0.017185743619879824,0.017442727303825196,-0.27727995609971823,2003.9370383896285,3277.4193623588408,3156.7396921634536,2940.727569746745,19,3.7,
freMTPL2sev,GBM,0,100.0,clip,200.0,1,2000,1000,2.475231671302376,0.035,1,3.901677198077068,4,True,0.0,0.0,0.004559130264375759,1.6056225595153848,2003.9370383896285,3300.0466769047957,3126.105184327233,2542.4651673974636,18,4.0,
freMTPL2sev,GBM,0,100.0,log,0.0,1,2000,1000,2.475231671302376,0.035,1,3.901677198077068,0,True,0.0006229900279939399,0.0017668320012090457,-0.03410359531292031,1.605622561086503,2003.3446315447716,3276.3470778652127,3154.6817397414407,2546.4235348577035,21,4.1,
freMTPL2sev,GBM,0,100.0,tail_log,50.0,1,2000,1000,2.475231671302376,0.035,1,3.901677198077068,12,True,0.0,0.021151063267402848,-0.013549090856178368,1.6056225610788357,2003.9370383896285,3291.509620530135,3138.8806097672086,2546.6032244593844,18,4.1,
freMTPL2sev,GBM,0,100.0,evt_trim,0.0,1,2000,1000,2.475231671302376,0.035,1,3.901677198077068,0,False,0.0,0.0,-0.0541594651184198,1.6056225620753561,2003.9370383896285,3334.2347445458563,3144.1272558088963,2547.9733747207406,18,4.2,
freMTPL2sev,TabPFN-V3,1,1.0,raw,0.0,1,2000,1000,1.190379752558811,0.0415,60,0.04465944460387188,0,,0.0,0.0,0.0,0.0,632.8556965686035,821.4633544423829,471.04272788564464,183.6815343342188,21,0.0,
freMTPL2sev,TabPFN-V3,1,1.0,clip,50.0,1,2000,1000,1.190379752558811,0.0415,60,0.04465944460387188,20,,-0.010760831042313648,-0.004779120199602641,0.13833825741986533,-0.43408488630110015,631.7180829748535,811.9528259951172,461.10031453847665,250.9696369494531,17,7.3,
freMTPL2sev,TabPFN-V3,1,1.0,clip,200.0,1,2000,1000,1.190379752558811,0.0415,60,0.04465944460387188,4,,-0.004389427489712107,-0.023100299018516957,-0.005687897896170561,-0.13966258125684933,632.6906161706543,816.6632543300782,468.2753419652345,211.89030074242189,20,7.3,
freMTPL2sev,TabPFN-V3,1,1.0,log,0.0,1,2000,1000,1.190379752558811,0.0415,60,0.04465944460387188,0,,0.005416388681449391,0.23367725235292092,0.1573200935328507,0.13353312140271734,632.9212014365718,810.208381160505,452.862531333748,77.6974135073421,16,7.4,
freMTPL2sev,TabPFN-V3,1,1.0,tail_log,50.0,1,2000,1000,1.190379752558811,0.0415,60,0.04465944460387188,20,,-0.0050586751834156285,-0.043396347735484064,0.017422495881408456,-0.09473735525753066,632.4504681140137,817.873939544922,464.19172913493094,122.48791753635801,22,7.9,
freMTPL2sev,TabPFN-V3,1,1.0,evt_trim,0.0,1,2000,1000,1.190379752558811,0.0415,60,0.04465944460387188,0,,0.0,0.0,0.0,0.0,632.8556965686035,821.4633544423829,471.04272788564464,183.6815343342188,21,7.5,
freMTPL2sev,TabPFN-V3,1,100.0,raw,0.0,1,2000,1000,2.6410400741541395,0.0415,1,4.465944460387188,0,False,-0.07620559470178889,0.026323935575096987,-0.03471067522815868,0.30580820138046994,642.819300366211,822.7838250185547,477.9303026976563,145.49515089867194,21,7.4,
freMTPL2sev,TabPFN-V3,1,100.0,clip,50.0,1,2000,1000,2.6410400741541395,0.0415,1,4.465944460387188,21,True,-0.010307706343547642,-0.004876406843941658,0.145004129013897,-0.4320183983337124,631.7248601965332,812.1280463564455,458.6331934398439,250.0744139924219,17,7.5,
freMTPL2sev,TabPFN-V3,1,100.0,clip,200.0,1,2000,1000,2.6410400741541395,0.0415,1,4.465944460387188,5,True,-0.0035339795824649804,-0.020329964311793094,0.005211743204632635,-0.07129643258846494,632.8020623937988,817.1053106582032,466.69851781972665,206.2918243244532,20,7.4,
freMTPL2sev,TabPFN-V3,1,100.0,log,0.0,1,2000,1000,2.6410400741541395,0.0415,1,4.465944460387188,0,True,0.005355768126468116,0.22913697944392977,0.2086506180106067,0.32779980363345973,632.4623234667487,809.4586953798068,448.5512059697986,114.7305729387583,14,7.3,
freMTPL2sev,TabPFN-V3,1,100.0,tail_log,50.0,1,2000,1000,2.6410400741541395,0.0415,1,4.465944460387188,21,True,-0.009012318731126363,-0.03580569749960552,0.01684576469532862,0.048451998350212584,632.582256907959,819.1736671108399,463.4651780744232,137.8332970481383,22,7.3,
freMTPL2sev,TabPFN-V3,1,100.0,evt_trim,0.0,1,2000,1000,2.6410400741541395,0.0415,1,4.465944460387188,0,False,-0.07620559470178889,0.026323935575096987,-0.03471067522815868,0.30580820138046994,642.819300366211,822.7838250185547,477.9303026976563,145.49515089867194,21,7.5,
freMTPL2sev,TabICLv2,1,1.0,raw,0.0,1,2000,1000,1.190379752558811,0.0415,60,0.04465944460387188,0,,0.0,0.0,0.0,0.0,633.9993585522461,813.0452188930662,499.9068482738284,245.19308613402345,5,0.0,
freMTPL2sev,TabICLv2,1,1.0,clip,50.0,1,2000,1000,1.190379752558811,0.0415,60,0.04465944460387188,20,,0.001244169170720828,-0.09096419236435993,-0.35847984546007783,-0.43836312652266674,632.5100652050781,815.5654009121093,454.1446212572267,275.28042358714845,11,4.4,
freMTPL2sev,TabICLv2,1,1.0,clip,200.0,1,2000,1000,1.190379752558811,0.0415,60,0.04465944460387188,4,,0.0009349378658201775,-0.03543927302745312,-0.06872921020885495,-0.10873134629674377,632.4809980651855,812.6315400649415,479.6235320042971,252.0800227111719,5,4.2,
freMTPL2sev,TabICLv2,1,1.0,log,0.0,1,2000,1000,1.190379752558811,0.0415,60,0.04465944460387188,0,,0.011308021232965159,-0.09862282573879029,-0.20242805615768045,1.356146363471975,631.9782793244037,806.0942350250169,468.2963697037738,186.0944225123586,8,4.1,
freMTPL2sev,TabICLv2,1,1.0,tail_log,50.0,1,2000,1000,1.190379752558811,0.0415,60,0.04465944460387188,20,,-0.002846473829546459,-0.06214707082911573,-0.12447232294228622,-0.08145063263729327,632.3619196801758,810.0906245351562,471.46193788434,251.43972483371525,5,4.2,
freMTPL2sev,TabICLv2,1,1.0,evt_trim,0.0,1,2000,1000,1.190379752558811,0.0415,60,0.04465944460387188,0,,0.0,0.0,0.0,0.0,633.9993585522461,813.0452188930662,499.9068482738284,245.19308613402345,5,4.0,
freMTPL2sev,TabICLv2,1,100.0,raw,0.0,1,2000,1000,2.6410400741541395,0.0415,1,4.465944460387188,0,False,-0.025800597840363287,0.012154344978342835,-0.23434905458061908,-0.06862054315465414,642.0657429516602,829.6508669521485,505.1865774974611,228.48333949535157,12,4.3,
freMTPL2sev,TabICLv2,1,100.0,clip,50.0,1,2000,1000,2.6410400741541395,0.0415,1,4.465944460387188,21,True,0.0028264265727909153,-0.08788843891715521,-0.3474497793800263,-0.42913542747079453,632.3228774255372,814.8458329116211,453.07012132070327,272.4401326828516,9,4.3,
freMTPL2sev,TabICLv2,1,100.0,clip,200.0,1,2000,1000,2.6410400741541395,0.0415,1,4.465944460387188,5,True,0.0029972635249275147,-0.03425326583823109,-0.0451110710650192,-0.07815119402122142,632.3131760278321,811.1241059560548,482.82503474843776,251.73223015160167,4,4.2,
freMTPL2sev,TabICLv2,1,100.0,log,0.0,1,2000,1000,2.6410400741541395,0.0415,1,4.465944460387188,0,True,0.013129406354083509,-0.09973290282174518,-0.17151211595850768,1.5255228613508685,632.0167662901144,807.2712366314399,483.6026434833494,164.32041111428703,9,4.1,
freMTPL2sev,TabICLv2,1,100.0,tail_log,50.0,1,2000,1000,2.6410400741541395,0.0415,1,4.465944460387188,21,True,0.0009398935837927798,-0.04542729196205687,-0.05032096890971209,0.04948106587360787,632.0898165173339,808.9332052993163,486.542529382675,247.18567484048612,5,4.3,
freMTPL2sev,TabICLv2,1,100.0,evt_trim,0.0,1,2000,1000,2.6410400741541395,0.0415,1,4.465944460387188,0,False,-0.025800597840363287,0.012154344978342835,-0.23434905458061908,-0.06862054315465414,642.0657429516602,829.6508669521485,505.1865774974611,228.48333949535157,12,4.1,
freMTPL2sev,GBM,1,1.0,raw,0.0,1,2000,1000,1.190379752558811,0.0415,60,0.04465944460387188,0,,0.0,0.0,0.0,0.0,633.9722530079684,847.021417150275,468.87097727201365,186.16852418119228,8,0.0,
freMTPL2sev,GBM,1,1.0,clip,50.0,1,2000,1000,1.190379752558811,0.0415,60,0.04465944460387188,20,,0.0,0.026007394951716698,-0.047077453397685105,-0.6298254391111473,633.9722530079684,831.0776447011707,469.0506238633695,305.9705972973834,11,4.2,
freMTPL2sev,GBM,1,1.0,clip,200.0,1,2000,1000,1.190379752558811,0.0415,60,0.04465944460387188,4,,0.0,0.0,0.0,0.028524193112063626,633.9722530079684,843.3120388973078,468.41266848979575,208.14289591709678,8,4.5,
freMTPL2sev,GBM,1,1.0,log,0.0,1,2000,1000,1.190379752558811,0.0415,60,0.04465944460387188,0,,-0.0003992598084409096,0.019051478865204936,-0.17833722963520293,0.04374882865974233,633.9855204062198,819.078500500466,487.34449565172815,188.07595706474206,16,4.1,
freMTPL2sev,GBM,1,1.0,tail_log,50.0,1,2000,1000,1.190379752558811,0.0415,60,0.04465944460387188,20,,0.0,0.0006314029380936979,-0.12640975701540683,0.04340618844852019,633.9722530079684,839.233930323562,470.92516895428963,188.1019805057766,14,4.0,
freMTPL2sev,GBM,1,1.0,evt_trim,0.0,1,2000,1000,1.190379752558811,0.0415,60,0.04465944460387188,0,,0.0,0.0,0.0,0.0,633.9722530079684,847.021417150275,468.87097727201365,186.16852418119228,8,4.3,
freMTPL2sev,GBM,1,100.0,raw,0.0,1,2000,1000,2.6410400741541395,0.0415,1,4.465944460387188,0,False,0.0,0.014459381710499191,-0.023281361676852,0.17235117776987555,633.9722530079684,875.2063783321262,473.43283746624553,228.48184583847407,10,3.6,
freMTPL2sev,GBM,1,100.0,clip,50.0,1,2000,1000,2.6410400741541395,0.0415,1,4.465944460387188,21,True,0.0,0.012044604503749032,-0.04421098799405978,-0.6298254391111473,633.9722530079684,847.3892354488224,457.4025369621233,283.93790465624517,9,4.5,
freMTPL2sev,GBM,1,100.0,clip,200.0,1,2000,1000,2.6410400741541395,0.0415,1,4.465944460387188,5,True,0.0,0.01767297729781761,0.0015354114983542912,0.17235117695889185,633.9722530079684,841.2191051691044,467.55436558337124,221.29575470842292,8,4.3,
freMTPL2sev,GBM,1,100.0,log,0.0,1,2000,1000,2.6410400741541395,0.0415,1,4.465944460387188,0,True,-0.0003992598084409096,-0.007067373849446342,-0.020046719224300152,0.1723511774497285,633.9855204062198,823.2336731591062,462.07652392883944,227.95795954148034,9,4.0,
freMTPL2sev,GBM,1,100.0,tail_log,50.0,1,2000,1000,2.6410400741541395,0.0415,1,4.465944460387188,21,True,0.0,-0.007904189466558699,-0.023281361171517797,0.172351177446515,633.9722530079684,846.48942759421,465.49168064799215,227.98608844280275,9,4.3,
freMTPL2sev,GBM,1,100.0,evt_trim,0.0,1,2000,1000,2.6410400741541395,0.0415,1,4.465944460387188,0,False,0.0,0.014459381710499191,-0.023281361676852,0.17235117776987555,633.9722530079684,875.2063783321262,473.43283746624553,228.48184583847407,10,3.9,
freMTPL2sev,TabPFN-V3,2,1.0,raw,0.0,1,2000,1000,1.1504825991718886,0.034,57,0.041376211744954115,0,,0.0,0.0,0.0,0.0,702.2145592663575,967.9189513071289,738.1198689625003,480.1039787224218,13,0.0,
freMTPL2sev,TabPFN-V3,2,1.0,clip,50.0,1,2000,1000,1.1504825991718886,0.034,57,0.041376211744954115,12,,0.005067875597689489,0.12670558599177903,0.12854178986000636,-0.38490960594221413,701.3464784838867,962.4828500644533,727.0607903150392,537.6733194255468,10,7.4,
freMTPL2sev,TabPFN-V3,2,1.0,clip,200.0,1,2000,1000,1.1504825991718886,0.034,57,0.041376211744954115,6,,0.015382697223613375,0.014486730639369758,0.002511667101370004,-0.12784450152557755,701.964044284668,964.6455406943361,735.1606115845705,475.01728205250004,12,7.4,
freMTPL2sev,TabPFN-V3,2,1.0,log,0.0,1,2000,1000,1.1504825991718886,0.034,57,0.041376211744954115,0,,0.016710877865510336,0.22162732832836024,0.23428502988680883,0.0366643990792694,700.5757934016641,960.6323402579948,729.8682660387517,439.52051662878813,9,7.5,
freMTPL2sev,TabPFN-V3,2,1.0,tail_log,50.0,1,2000,1000,1.1504825991718886,0.034,57,0.041376211744954115,12,,0.010156308680998372,0.029896781825662876,0.033589241331926076,-0.0980301512467753,701.8000350476075,964.4238551840822,730.6200939099645,475.471368786243,13,7.4,
freMTPL2sev,TabPFN-V3,2,1.0,evt_trim,0.0,1,2000,1000,1.1504825991718886,0.034,57,0.041376211744954115,0,,0.0,0.0,0.0,0.0,702.2145592663575,967.9189513071289,738.1198689625003,480.1039787224218,13,7.4,
freMTPL2sev,TabPFN-V3,2,100.0,raw,0.0,1,2000,1000,2.2921766896704265,0.034,1,4.137621174495411,0,False,-0.055692721854330676,0.0712314239797483,0.017476554360018465,0.5290729712358062,710.309237154541,960.8335358505859,726.0006062183595,287.09533901343764,14,7.5,
freMTPL2sev,TabPFN-V3,2,100.0,clip,50.0,1,2000,1000,2.2921766896704265,0.034,1,4.137621174495411,13,True,0.005264433293886603,0.1255017661262542,0.14968214366667332,-0.3664398825991952,701.3346624694824,963.3255951254882,729.336710940039,537.2711872595313,11,7.8,
freMTPL2sev,TabPFN-V3,2,100.0,clip,200.0,1,2000,1000,2.2921766896704265,0.034,1,4.137621174495411,7,True,0.013739414494425915,0.003512118573150947,0.012999705137609546,-0.05494420624018748,702.1082415502931,964.7634553549805,735.0478678248047,463.77341046265633,12,7.2,
freMTPL2sev,TabPFN-V3,2,100.0,log,0.0,1,2000,1000,2.2921766896704265,0.034,1,4.137621174495411,0,True,0.016867402160102664,0.22142726142203178,0.27127110684286887,0.1893709846277762,700.5039108506271,964.1189024632702,763.7952828477199,75002.08899950529,10,7.1,
freMTPL2sev,TabPFN-V3,2,100.0,tail_log,50.0,1,2000,1000,2.2921766896704265,0.034,1,4.137621174495411,13,True,0.008017149292014292,0.01940231896621343,0.03606551718234788,0.04407646108813004,701.8850931225587,965.3943185263672,732.8339895929217,1251.6450827558886,12,7.4,
freMTPL2sev,TabPFN-V3,2,100.0,evt_trim,0.0,1,2000,1000,2.2921766896704265,0.034,1,4.137621174495411,0,False,-0.055692721854330676,0.0712314239797483,0.017476554360018465,0.5290729712358062,710.309237154541,960.8335358505859,726.0006062183595,287.09533901343764,14,7.4,
freMTPL2sev,TabICLv2,2,1.0,raw,0.0,1,2000,1000,1.1504825991718886,0.034,57,0.041376211744954115,0,,0.0,0.0,0.0,0.0,705.4727402685547,1020.3263206943359,799.7620812964847,542.5756238054298,8,0.0,
freMTPL2sev,TabICLv2,2,1.0,clip,50.0,1,2000,1000,1.1504825991718886,0.034,57,0.041376211744954115,12,,0.018620429497427773,-0.08437339013015611,-0.15606820252721051,-0.3038621128669228,701.3437573266602,980.4428095395507,732.3825352955079,558.2956692927345,9,4.4,
freMTPL2sev,TabICLv2,2,1.0,clip,200.0,1,2000,1000,1.1504825991718886,0.034,57,0.041376211744954115,6,,0.008368829423240827,-0.007059893765495811,0.13328627560217232,0.024260403789819144,704.9262705554199,1004.1432660092773,779.8554443628909,527.6030125271094,8,4.2,
freMTPL2sev,TabICLv2,2,1.0,log,0.0,1,2000,1000,1.1504825991718886,0.034,57,0.041376211744954115,0,,0.024546002630474857,-0.09186703989358684,0.04381149447277537,1.7429962973476854,700.8890672873633,969.0676876537487,757.9514073728767,232.47900202769802,8,4.1,
freMTPL2sev,TabICLv2,2,1.0,tail_log,50.0,1,2000,1000,1.1504825991718886,0.034,57,0.041376211744954115,12,,0.009897336660178314,-0.024562633350891663,0.16133013466199492,0.10977649454170546,702.7532304711915,997.1976774962561,770.318702795793,502.9627914757135,7,4.3,
freMTPL2sev,TabICLv2,2,1.0,evt_trim,0.0,1,2000,1000,1.1504825991718886,0.034,57,0.041376211744954115,0,,0.0,0.0,0.0,0.0,705.4727402685547,1020.3263206943359,799.7620812964847,542.5756238054298,8,4.3,
freMTPL2sev,TabICLv2,2,100.0,raw,0.0,1,2000,1000,2.2921766896704265,0.034,1,4.137621174495411,0,False,-0.03425566991221019,0.0030661451958538533,0.020431183794983297,0.20836395296338406,719.5133732104492,1053.4980344492187,811.9340384205082,448.3248962966407,8,4.1,
freMTPL2sev,TabICLv2,2,100.0,clip,50.0,1,2000,1000,2.2921766896704265,0.034,1,4.137621174495411,13,True,0.018507824213826917,-0.08312856830456655,-0.1568380617459018,-0.2994933286358016,701.218070131836,982.0635460825196,733.147421052344,557.4786114724218,9,4.3,
freMTPL2sev,TabICLv2,2,100.0,clip,200.0,1,2000,1000,2.2921766896704265,0.034,1,4.137621174495411,7,True,0.007498582874476585,-0.016757981880815974,0.11532287301808417,0.023941628732533256,705.3659350524903,1007.8859182114257,783.6353104078127,531.9875634333595,8,4.0,
freMTPL2sev,TabICLv2,2,100.0,log,0.0,1,2000,1000,2.2921766896704265,0.034,1,4.137621174495411,0,True,0.02509333113046899,-0.09937926961274056,0.06540652568036406,1.977801939724007,700.9362161778873,976.08990563841,800.620961014425,264.07192940217664,8,4.2,
freMTPL2sev,TabICLv2,2,100.0,tail_log,50.0,1,2000,1000,2.2921766896704265,0.034,1,4.137621174495411,13,True,0.008192514305124726,-0.016043920030202222,0.20444721735876795,0.21388572267708833,703.540478383789,1002.5096177951817,787.9174015474578,498.424731769297,7,4.3,
freMTPL2sev,TabICLv2,2,100.0,evt_trim,0.0,1,2000,1000,2.2921766896704265,0.034,1,4.137621174495411,0,False,-0.03425566991221019,0.0030661451958538533,0.020431183794983297,0.20836395296338406,719.5133732104492,1053.4980344492187,811.9340384205082,448.3248962966407,8,4.1,
freMTPL2sev,GBM,2,1.0,raw,0.0,1,2000,1000,1.1504825991718886,0.034,57,0.041376211744954115,0,,0.0,0.0,0.0,0.0,704.0462374666985,988.5438892299745,763.5890966966285,307.45121607959226,13,0.0,
freMTPL2sev,GBM,2,1.0,clip,50.0,1,2000,1000,1.1504825991718886,0.034,57,0.041376211744954115,12,,0.0,0.013428237983414868,-0.002080520512159098,-0.7407961378879521,704.0462374666985,981.4563243528656,748.2218084203562,557.8070006250188,12,3.9,
freMTPL2sev,GBM,2,1.0,clip,200.0,1,2000,1000,1.1504825991718886,0.034,57,0.041376211744954115,6,,0.0,0.0,-0.0008173884455312255,-0.5546209523127611,704.0462374666985,988.5438892299745,760.2692624628343,464.40288190403777,13,3.9,
freMTPL2sev,GBM,2,1.0,log,0.0,1,2000,1000,1.1504825991718886,0.034,57,0.041376211744954115,0,,-0.0005593015012090571,0.012372520363792185,-0.0010595574328177565,-2.2861285493396304e-10,705.3451902068887,975.9104459271211,757.4263823390438,307.451216081156,14,4.3,
freMTPL2sev,GBM,2,1.0,tail_log,50.0,1,2000,1000,1.1504825991718886,0.034,57,0.041376211744954115,12,,0.0,0.0,0.00014793720136616967,-2.3050809590627635e-10,704.0462374666985,986.5435609107525,761.1152011416578,307.4512160814358,13,3.9,
freMTPL2sev,GBM,2,1.0,evt_trim,0.0,1,2000,1000,1.1504825991718886,0.034,57,0.041376211744954115,0,,0.0,0.0,0.0,0.0,704.0462374666985,988.5438892299745,763.5890966966285,307.45121607959226,13,3.7,
freMTPL2sev,GBM,2,100.0,raw,0.0,1,2000,1000,2.2921766896704265,0.034,1,4.137621174495411,0,False,0.0,-0.0160444956362849,0.0035866623968650153,0.4352569175665308,704.0462374666985,1306.3187886412545,812.8089687307569,360.32798164886157,8,3.9,
freMTPL2sev,GBM,2,100.0,clip,50.0,1,2000,1000,2.2921766896704265,0.034,1,4.137621174495411,13,True,0.0,-0.006729694666021449,0.03710556677169476,-0.7407961378879521,704.0462374666985,991.0239364563828,733.0422359765628,557.8823279160997,8,4.3,
freMTPL2sev,GBM,2,100.0,clip,200.0,1,2000,1000,2.2921766896704265,0.034,1,4.137621174495411,7,True,0.0,-0.0160444956362849,0.002710422940436337,-0.0023333698092670666,704.0462374666985,1028.5775948257476,748.2752124974353,392.62985481857123,8,3.8,
freMTPL2sev,GBM,2,100.0,log,0.0,1,2000,1000,2.2921766896704265,0.034,1,4.137621174495411,0,True,-0.0005593015012090571,-0.007892948160329486,0.02419916801301967,0.4352569174364922,705.3451902068887,1054.4465895289736,806.1035215426894,360.3279816571091,8,3.8,
freMTPL2sev,GBM,2,100.0,tail_log,50.0,1,2000,1000,2.2921766896704265,0.034,1,4.137621174495411,13,True,0.0,-0.016306084616952723,0.011682787730696882,0.43525691743560996,704.0462374666985,1057.9597762324015,807.4877191220731,360.3279816575141,8,4.3,
freMTPL2sev,GBM,2,100.0,evt_trim,0.0,1,2000,1000,2.2921766896704265,0.034,1,4.137621174495411,0,False,0.0,-0.0160444956362849,0.0035866623968650153,0.4352569175665308,704.0462374666985,1306.3187886412545,812.8089687307569,360.32798164886157,8,4.2,
freMTPL2sev,TabPFN-V3,3,1.0,raw,0.0,1,2000,1000,1.2692119672812667,0.0355,45,0.038688000671390395,0,,0.0,0.0,0.0,0.0,633.954719272461,841.1205288657226,546.7420321490237,247.36963063921877,16,0.0,
freMTPL2sev,TabPFN-V3,3,1.0,clip,50.0,1,2000,1000,1.2692119672812667,0.0355,45,0.038688000671390395,17,,-0.002767956863052483,0.11219093930320206,0.08702635972628117,-0.560440055887552,633.0027594848634,835.9087050131836,539.1532814556641,338.7652733110938,15,7.8,
freMTPL2sev,TabPFN-V3,3,1.0,clip,200.0,1,2000,1000,1.2692119672812667,0.0355,45,0.038688000671390395,4,,0.0032624798436257257,0.03501475522400045,-0.04606226795845963,-0.27199592015547447,633.6619987011718,839.162326590332,545.7306815240236,277.88976676031257,17,7.6,
freMTPL2sev,TabPFN-V3,3,1.0,log,0.0,1,2000,1000,1.2692119672812667,0.0355,45,0.038688000671390395,0,,0.008735719222546526,0.20872647876017714,0.29990029165074017,0.010377961254672515,632.8001789934294,828.4999007000011,532.6024615735141,221.08848175426039,13,7.5,
freMTPL2sev,TabPFN-V3,3,1.0,tail_log,50.0,1,2000,1000,1.2692119672812667,0.0355,45,0.038688000671390395,17,,0.0050396959802879605,0.0822381437897213,-0.012656501902672437,-0.23710960471267417,633.2969620178224,835.8931880820313,549.3292740989954,293.9307454351429,17,7.3,
freMTPL2sev,TabPFN-V3,3,1.0,evt_trim,0.0,1,2000,1000,1.2692119672812667,0.0355,45,0.038688000671390395,0,,0.0,0.0,0.0,0.0,633.954719272461,841.1205288657226,546.7420321490237,247.36963063921877,16,7.4,
freMTPL2sev,TabPFN-V3,3,100.0,raw,0.0,1,2000,1000,2.597782429961985,0.0355,1,3.8688000671390395,0,False,-0.06533532647639412,0.07476332420808399,-0.044081653384123384,0.14242188303025122,643.5408304272461,838.1112431430664,533.7017850787109,216.00475454546878,16,7.5,
freMTPL2sev,TabPFN-V3,3,100.0,clip,50.0,1,2000,1000,2.597782429961985,0.0355,1,3.8688000671390395,18,True,-0.0030043110824279325,0.11082348253153926,0.1021956907979353,-0.5481459796110795,633.0050414062501,835.8195868979492,538.4574080035156,337.73907050445314,14,7.5,
freMTPL2sev,TabPFN-V3,3,100.0,clip,200.0,1,2000,1000,2.597782429961985,0.0355,1,3.8688000671390395,5,True,0.0025531846205610036,0.019456582927345388,-0.04663908183065639,-0.21249889129165767,633.7805046862792,839.6150788999024,545.2884681255861,268.15701220367185,17,7.5,
freMTPL2sev,TabPFN-V3,3,100.0,log,0.0,1,2000,1000,2.597782429961985,0.0355,1,3.8688000671390395,0,True,0.008761644952602357,0.2069161356045709,0.34548623064337286,0.1416821281618995,632.7943704632097,828.8437854052239,532.5098269584263,227.58284632168682,12,7.3,
freMTPL2sev,TabPFN-V3,3,100.0,tail_log,50.0,1,2000,1000,2.597782429961985,0.0355,1,3.8688000671390395,18,True,0.004522067462386205,0.03919639993260673,-0.017780286086958405,-0.11438373657112055,633.4559060766602,838.0197115097657,549.7827435848997,294.7568940668307,17,7.4,
freMTPL2sev,TabPFN-V3,3,100.0,evt_trim,0.0,1,2000,1000,2.597782429961985,0.0355,1,3.8688000671390395,0,False,-0.06533532647639412,0.07476332420808399,-0.044081653384123384,0.14242188303025122,643.5408304272461,838.1112431430664,533.7017850787109,216.00475454546878,16,7.2,
freMTPL2sev,TabICLv2,3,1.0,raw,0.0,1,2000,1000,1.2692119672812667,0.0355,45,0.038688000671390395,0,,0.0,0.0,0.0,0.0,637.0144846557616,853.8966050424804,593.9006053863284,307.3680610728125,9,0.0,
freMTPL2sev,TabICLv2,3,1.0,clip,50.0,1,2000,1000,1.2692119672812667,0.0355,45,0.038688000671390395,17,,-0.0020063730820159605,-0.09794034133412967,-0.3500847265553295,-0.46648402916602105,634.2900171166991,835.691090784668,536.1378927007813,364.8761184214453,13,4.2,
freMTPL2sev,TabICLv2,3,1.0,clip,200.0,1,2000,1000,1.2692119672812667,0.0355,45,0.038688000671390395,4,,-0.005267483702310257,-0.025933612869281104,0.0014858525342022842,-0.09323087534342978,634.7248710510254,850.64007571875,571.732334248633,319.91854969195316,9,4.2,
freMTPL2sev,TabICLv2,3,1.0,log,0.0,1,2000,1000,1.2692119672812667,0.0355,45,0.038688000671390395,0,,0.007727435441292035,-0.08816475403514287,-0.111438130670065,1.3920340853177424,632.6760349201253,817.4059691493701,544.6669753901576,231.0226188390963,9,4.3,
freMTPL2sev,TabICLv2,3,1.0,tail_log,50.0,1,2000,1000,1.2692119672812667,0.0355,45,0.038688000671390395,17,,-0.006379719584690193,-0.040609474316767244,-0.022890946079589865,-0.015129464109384998,634.3621665380858,849.7016759520423,571.8566939627855,307.93552627768315,10,4.2,
freMTPL2sev,TabICLv2,3,1.0,evt_trim,0.0,1,2000,1000,1.2692119672812667,0.0355,45,0.038688000671390395,0,,0.0,0.0,0.0,0.0,637.0144846557616,853.8966050424804,593.9006053863284,307.3680610728125,9,4.2,
freMTPL2sev,TabICLv2,3,100.0,raw,0.0,1,2000,1000,2.597782429961985,0.0355,1,3.8688000671390395,0,False,-0.021527009834258485,0.03321016017171861,-0.0709331188237842,0.08607989390288284,643.4020994628906,842.1585761264647,533.945942764258,206.98870932671878,10,4.6,
freMTPL2sev,TabICLv2,3,100.0,clip,50.0,1,2000,1000,2.597782429961985,0.0355,1,3.8688000671390395,18,True,-0.002138961854398015,-0.09385236274687439,-0.338622334383497,-0.45870847409542315,634.346322836914,835.7405413364257,535.6501291265627,363.1783315513282,13,4.6,
freMTPL2sev,TabICLv2,3,100.0,clip,200.0,1,2000,1000,2.597782429961985,0.0355,1,3.8688000671390395,5,True,-0.003811647680765946,-0.01871676374898793,0.03513740437631677,-0.05274245970836555,634.8975521484376,850.6025612753906,576.2988188042972,316.27462880523444,9,4.1,
freMTPL2sev,TabICLv2,3,100.0,log,0.0,1,2000,1000,2.597782429961985,0.0355,1,3.8688000671390395,0,True,0.008692271230959895,-0.08443307624682107,-0.05157907733567262,1.6475284764654252,632.7161233933421,818.4403336880259,555.3129248108128,244.62776018359273,9,4.6,
freMTPL2sev,TabICLv2,3,100.0,tail_log,50.0,1,2000,1000,2.597782429961985,0.0355,1,3.8688000671390395,18,True,-0.006464482329079892,-0.024959291444514697,0.05378113314801929,0.13305370565909047,634.1680271899414,850.9609921632143,583.4242521153152,293.38519357698397,9,4.4,
freMTPL2sev,TabICLv2,3,100.0,evt_trim,0.0,1,2000,1000,2.597782429961985,0.0355,1,3.8688000671390395,0,False,-0.021527009834258485,0.03321016017171861,-0.0709331188237842,0.08607989390288284,643.4020994628906,842.1585761264647,533.945942764258,206.98870932671878,10,4.7,
freMTPL2sev,GBM,3,1.0,raw,0.0,1,2000,1000,1.2692119672812667,0.0355,45,0.038688000671390395,0,,0.0,0.0,0.0,0.0,636.2384217376417,829.1395449591398,528.2652139184792,202.54045116662084,13,0.0,
freMTPL2sev,GBM,3,1.0,clip,50.0,1,2000,1000,1.2692119672812667,0.0355,45,0.038688000671390395,17,,0.0,0.00935583139642356,-0.03740251205525646,-0.5026091953346556,636.2384217376417,824.5970965032396,523.9279699683099,373.8724620151067,15,4.3,
freMTPL2sev,GBM,3,1.0,clip,200.0,1,2000,1000,1.2692119672812667,0.0355,45,0.038688000671390395,4,,0.0,0.0,-0.01097911930429737,-7.578446452478212e-10,636.2384217376417,824.2827836506149,523.7818331061837,276.4410445431804,13,4.1,
freMTPL2sev,GBM,3,1.0,log,0.0,1,2000,1000,1.2692119672812667,0.0355,45,0.038688000671390395,0,,0.000622071751782309,0.04078512204104909,-0.00030064475033305754,-5.94776251403727e-10,635.6604173001253,825.3295520753933,517.5782350672165,231.62043232067674,15,4.5,
freMTPL2sev,GBM,3,1.0,tail_log,50.0,1,2000,1000,1.2692119672812667,0.0355,45,0.038688000671390395,17,,0.0,0.02843029019666262,-0.011983326752003236,-6.03347654637478e-10,636.2384217376417,821.5909552501722,519.6581428242476,232.08118469899762,13,4.1,
freMTPL2sev,GBM,3,1.0,evt_trim,0.0,1,2000,1000,1.2692119672812667,0.0355,45,0.038688000671390395,0,,0.0,0.0,0.0,0.0,636.2384217376417,829.1395449591398,528.2652139184792,202.54045116662084,13,4.1,
freMTPL2sev,GBM,3,100.0,raw,0.0,1,2000,1000,2.597782429961985,0.0355,1,3.8688000671390395,0,False,0.0,0.0,0.03859597125229928,2.2693555334749456,636.2384217376417,829.1395449591398,522.6359873095299,590.0538939163167,13,4.5,
freMTPL2sev,GBM,3,100.0,clip,50.0,1,2000,1000,2.597782429961985,0.0355,1,3.8688000671390395,18,True,0.0,0.00935583139642356,-0.03717452609261403,-0.5026091953346556,636.2384217376417,824.5970965032396,520.832823076037,373.8724620151067,14,3.9,
freMTPL2sev,GBM,3,100.0,clip,200.0,1,2000,1000,2.597782429961985,0.0355,1,3.8688000671390395,5,True,0.0,0.0,0.029252067743830337,0.12304954922394797,636.2384217376417,824.2827836506149,524.7019621566151,292.2399038528498,13,4.0,
freMTPL2sev,GBM,3,100.0,log,0.0,1,2000,1000,2.597782429961985,0.0355,1,3.8688000671390395,0,True,0.000622071751782309,0.04078512204104909,0.022005846282264464,0.2971800436025972,635.6604173001253,825.3295520753933,518.2728907360721,445.47857045113653,13,3.8,
freMTPL2sev,GBM,3,100.0,tail_log,50.0,1,2000,1000,2.597782429961985,0.0355,1,3.8688000671390395,18,True,0.0,0.02843029019666262,0.009490248275205164,0.8049252705139102,636.2384217376417,821.5909552501722,520.8468367466139,454.3279832660478,13,4.2,
freMTPL2sev,GBM,3,100.0,evt_trim,0.0,1,2000,1000,2.597782429961985,0.0355,1,3.8688000671390395,0,False,0.0,0.0,0.03859597125229928,2.2693555334749456,636.2384217376417,829.1395449591398,522.6359873095299,590.0538939163167,13,4.3,
freMTPL2sev,TabPFN-V3,4,1.0,raw,0.0,1,2000,1000,1.3806792761737792,0.036,16,0.08017361171513762,0,,0.0,0.0,0.0,0.0,1294.645512939453,2002.85970155957,1876.3068274464842,1668.397346866719,13,0.0,
freMTPL2sev,TabPFN-V3,4,1.0,clip,50.0,1,2000,1000,1.3806792761737792,0.036,16,0.08017361171513762,16,,0.003984150707318061,0.0385520949765774,0.09777223193465873,-0.5057295669898567,1293.4234501477051,2001.7695014155279,1873.7154541457035,1709.4276878667185,11,7.2,
freMTPL2sev,TabPFN-V3,4,1.0,clip,200.0,1,2000,1000,1.3806792761737792,0.036,16,0.08017361171513762,3,,0.0020679023614409964,-0.0087676280456605,0.008857098088821201,-0.21012957931089227,1294.2059244055179,1999.5399531342773,1877.0111058498048,1676.022629396016,11,7.4,
freMTPL2sev,TabPFN-V3,4,1.0,log,0.0,1,2000,1000,1.3806792761737792,0.036,16,0.08017361171513762,0,,0.015083315412468528,0.17101704469192142,0.2654531431836036,0.07348066180288902,1293.50910111473,1997.0149422115614,1888.4989516031012,1677.2968557805007,9,7.4,
freMTPL2sev,TabPFN-V3,4,1.0,tail_log,50.0,1,2000,1000,1.3806792761737792,0.036,16,0.08017361171513762,16,,0.002444938934356492,-0.0030837827122763917,0.03280976219749211,-0.16633012625064852,1294.3755176513675,1999.4430114521483,1878.9116669368125,1689.6896544030712,11,7.2,
freMTPL2sev,TabPFN-V3,4,1.0,evt_trim,0.0,1,2000,1000,1.3806792761737792,0.036,16,0.08017361171513762,0,,0.0,0.0,0.0,0.0,1294.645512939453,2002.85970155957,1876.3068274464842,1668.397346866719,13,7.6,
freMTPL2sev,TabPFN-V3,4,100.0,raw,0.0,1,2000,1000,5.658156018924014,0.036,1,8.017361171513762,0,False,-0.00433468532836387,0.1800929251373215,-0.05388571995188558,-0.263415928080191,1298.8708766259767,2003.2977371210936,1872.8219551125,1671.6996503159373,12,7.4,
freMTPL2sev,TabPFN-V3,4,100.0,clip,50.0,1,2000,1000,5.658156018924014,0.036,1,8.017361171513762,16,True,0.003984150707318061,0.0385520949765774,0.09777223193465873,-0.5057295669898567,1293.4234501477051,2001.7695014155279,1873.7154541457035,1709.4276878667185,11,7.6,
freMTPL2sev,TabPFN-V3,4,100.0,clip,200.0,1,2000,1000,5.658156018924014,0.036,1,8.017361171513762,4,True,0.002985458475216649,0.004113927589784359,0.013976827602524309,-0.16468358234109579,1294.4140710070803,2000.2375127143553,1877.1902060695313,1678.7233332807812,11,7.5,
freMTPL2sev,TabPFN-V3,4,100.0,log,0.0,1,2000,1000,5.658156018924014,0.036,1,8.017361171513762,0,True,0.01520964813579661,0.1747740780906631,0.29969136040704186,0.254857958691461,1293.552545653316,1997.5590403757587,1888.7239694007217,1688.3477491672588,8,7.8,
freMTPL2sev,TabPFN-V3,4,100.0,tail_log,50.0,1,2000,1000,5.658156018924014,0.036,1,8.017361171513762,16,True,0.0017228106306239285,-0.0026905774025637015,0.01867108440051166,-0.035641191831471276,1294.352136921387,1999.5431644965815,1878.9590777689396,1710.928277246207,11,7.3,
freMTPL2sev,TabPFN-V3,4,100.0,evt_trim,0.0,1,2000,1000,5.658156018924014,0.036,1,8.017361171513762,0,False,-0.00433468532836387,0.1800929251373215,-0.05388571995188558,-0.263415928080191,1298.8708766259767,2003.2977371210936,1872.8219551125,1671.6996503159373,12,7.3,
freMTPL2sev,TabICLv2,4,1.0,raw,0.0,1,2000,1000,1.3806792761737792,0.036,16,0.08017361171513762,0,,0.0,0.0,0.0,0.0,1295.9569881372072,2033.578007465332,1949.3031198292967,1696.7398849038286,6,0.0,
freMTPL2sev,TabICLv2,4,1.0,clip,50.0,1,2000,1000,1.3806792761737792,0.036,16,0.08017361171513762,16,,0.011904109171105593,-0.09937422875671664,-0.2887729545230525,-0.4102287643759903,1295.0514082910158,2004.4494482319335,1876.491067270703,1732.7295440805858,8,4.2,
freMTPL2sev,TabICLv2,4,1.0,clip,200.0,1,2000,1000,1.3806792761737792,0.036,16,0.08017361171513762,3,,0.003946244248116506,-0.014131568718086164,0.030878205494850382,-0.0723658370584831,1294.9579938037111,2027.956773070801,1927.748837514844,1695.8311684526561,5,4.1,
freMTPL2sev,TabICLv2,4,1.0,log,0.0,1,2000,1000,1.3806792761737792,0.036,16,0.08017361171513762,0,,0.011056032711833148,-0.05875279676306952,-0.10104082127403205,1.4544597391146805,1293.856539909053,2008.6977355377917,1924.5101658390308,1668.7468796215474,8,4.2,
freMTPL2sev,TabICLv2,4,1.0,tail_log,50.0,1,2000,1000,1.3806792761737792,0.036,16,0.08017361171513762,16,,0.005818782902591847,-0.04471280685004179,-0.045249852350134206,-0.05621766780812319,1294.9060744299318,2021.406973717785,1924.3405674066914,1698.4028808607125,6,4.1,
freMTPL2sev,TabICLv2,4,1.0,evt_trim,0.0,1,2000,1000,1.3806792761737792,0.036,16,0.08017361171513762,0,,0.0,0.0,0.0,0.0,1295.9569881372072,2033.578007465332,1949.3031198292967,1696.7398849038286,6,4.1,
freMTPL2sev,TabICLv2,4,100.0,raw,0.0,1,2000,1000,5.658156018924014,0.036,1,8.017361171513762,0,False,-0.11551965647628572,0.09622990255757696,-0.23282821425658212,0.06787067581331067,1314.3085469067385,2045.3292432465819,1948.867887773633,1691.295060942891,7,4.4,
freMTPL2sev,TabICLv2,4,100.0,clip,50.0,1,2000,1000,5.658156018924014,0.036,1,8.017361171513762,16,True,0.011904109171105593,-0.09937422875671664,-0.2887729545230525,-0.4102287643759903,1295.0514082910158,2004.4494482319335,1876.491067270703,1732.7295440805858,8,4.3,
freMTPL2sev,TabICLv2,4,100.0,clip,200.0,1,2000,1000,5.658156018924014,0.036,1,8.017361171513762,4,True,0.0028194609313214325,-0.014411070722023148,0.05194765170168678,-0.03811218808276663,1294.8361326635745,2027.7729193574219,1934.6134074562503,1695.0840608061717,4,4.1,
freMTPL2sev,TabICLv2,4,100.0,log,0.0,1,2000,1000,5.658156018924014,0.036,1,8.017361171513762,0,True,0.011067470329444773,-0.05660366697302774,-0.01921639817950041,1.9090100588553889,1293.858698599424,2010.2407188645402,1938.72884150873,1677.093913476528,8,4.5,
freMTPL2sev,TabICLv2,4,100.0,tail_log,50.0,1,2000,1000,5.658156018924014,0.036,1,8.017361171513762,16,True,0.004410068083271485,-0.02348522085213363,0.0917743409640998,0.15527968905320128,1294.5017851928712,2032.2244784156396,1956.1203928239051,1697.5732707171746,5,4.3,
freMTPL2sev,TabICLv2,4,100.0,evt_trim,0.0,1,2000,1000,5.658156018924014,0.036,1,8.017361171513762,0,False,-0.11551965647628572,0.09622990255757696,-0.23282821425658212,0.06787067581331067,1314.3085469067385,2045.3292432465819,1948.867887773633,1691.295060942891,7,4.3,
freMTPL2sev,GBM,4,1.0,raw,0.0,1,2000,1000,1.3806792761737792,0.036,16,0.08017361171513762,0,,0.0,0.0,0.0,0.0,1311.7091994708462,2019.9479226429387,1919.4479977487777,1676.4450025750848,10,0.0,
freMTPL2sev,GBM,4,1.0,clip,50.0,1,2000,1000,1.3806792761737792,0.036,16,0.08017361171513762,16,,0.0,0.0,-0.03549835332706239,-0.3768237549300925,1304.425202203991,2016.3905016957037,1872.648208729703,1730.309796235004,7,3.7,
freMTPL2sev,GBM,4,1.0,clip,200.0,1,2000,1000,1.3806792761737792,0.036,16,0.08017361171513762,3,,0.0,0.0,-0.015233433951526827,0.07238973877151177,1311.7091994708462,2019.9479226429387,1909.1042308903127,1666.7593753465974,12,3.9,
freMTPL2sev,GBM,4,1.0,log,0.0,1,2000,1000,1.3806792761737792,0.036,16,0.08017361171513762,0,,0.0005845945208247849,-0.017723602605250768,-0.10049345299187737,-0.12567755916236892,1297.7697089453764,2017.2190344875282,1888.846882492084,1685.2900523090216,9,3.7,
freMTPL2sev,GBM,4,1.0,tail_log,50.0,1,2000,1000,1.3806792761737792,0.036,16,0.08017361171513762,16,,0.0,0.0,-0.05060947525029084,-0.058582720816831926,1309.71680692482,2019.9157545815012,1909.82790112607,1682.1276042639695,15,3.8,
freMTPL2sev,GBM,4,1.0,evt_trim,0.0,1,2000,1000,1.3806792761737792,0.036,16,0.08017361171513762,0,,0.0,0.0,0.0,0.0,1311.7091994708462,2019.9479226429387,1919.4479977487777,1676.4450025750848,10,3.6,
freMTPL2sev,GBM,4,100.0,raw,0.0,1,2000,1000,5.658156018924014,0.036,1,8.017361171513762,0,False,0.0,0.0,0.015011390537974935,0.09766534769410956,1311.7091994708462,2019.9479226429387,2144.8715659879244,1677.2149116969797,7,3.6,
freMTPL2sev,GBM,4,100.0,clip,50.0,1,2000,1000,5.658156018924014,0.036,1,8.017361171513762,16,True,0.0,0.0,-0.03549835332706239,-0.3768237549300925,1304.425202203991,2016.3905016957037,1872.648208729703,1730.309796235004,7,3.9,
freMTPL2sev,GBM,4,100.0,clip,200.0,1,2000,1000,5.658156018924014,0.036,1,8.017361171513762,4,True,0.0,0.0,0.013627353061505872,0.24265982670994782,1311.7091994708462,2019.9479226429387,1920.6369615749952,1664.4096116465366,9,4.0,
freMTPL2sev,GBM,4,100.0,log,0.0,1,2000,1000,5.658156018924014,0.036,1,8.017361171513762,0,True,0.0005845945208247849,-0.017723602605250768,-0.009086942494315044,-0.025068508601105967,1297.7697089453764,2017.2190344875282,1912.2623280707471,1681.6143491710898,9,4.0,
freMTPL2sev,GBM,4,100.0,tail_log,50.0,1,2000,1000,5.658156018924014,0.036,1,8.017361171513762,16,True,0.0,0.0,-0.014860245291588112,-0.02541211920350745,1309.71680692482,2019.9157545815012,2043.3270960923296,1681.7649890506166,11,3.9,
freMTPL2sev,GBM,4,100.0,evt_trim,0.0,1,2000,1000,5.658156018924014,0.036,1,8.017361171513762,0,False,0.0,0.0,0.015011390537974935,0.09766534769410956,1311.7091994708462,2019.9479226429387,2144.8715659879244,1677.2149116969797,7,3.8,
freMTPL2sev,TabPFN-V3,5,1.0,raw,0.0,1,2000,1000,1.3200845992013304,0.0205,19,0.042737225044165744,0,,0.0,0.0,0.0,0.0,558.0734529309082,704.261193578125,394.96871581875007,149.33749625375006,15,0.0,
freMTPL2sev,TabPFN-V3,5,1.0,clip,50.0,1,2000,1000,1.3200845992013304,0.0205,19,0.042737225044165744,13,,0.04210490889821505,0.14455535012664722,0.15117250302394153,-0.5026441471146426,552.72354758667,700.4295615688477,389.18960412441413,208.86484744515624,14,7.4,
freMTPL2sev,TabPFN-V3,5,1.0,clip,200.0,1,2000,1000,1.3200845992013304,0.0205,19,0.042737225044165744,5,,0.04908269285628,0.15345050616893513,0.004086404276681719,-0.22557885044694154,553.800263347168,699.0683543203124,397.01181007167975,161.5067407986719,15,7.5,
freMTPL2sev,TabPFN-V3,5,1.0,log,0.0,1,2000,1000,1.3200845992013304,0.0205,19,0.042737225044165744,0,,0.05819237614920609,0.2831410357336722,0.3459511268245765,0.03582739705247602,552.888457839605,699.3798806142654,393.437348945562,163.58599806780197,10,7.4,
freMTPL2sev,TabPFN-V3,5,1.0,tail_log,50.0,1,2000,1000,1.3200845992013304,0.0205,19,0.042737225044165744,13,,0.044392458716576794,0.1284730687701539,0.0320827731382344,-0.2503574192860074,553.5949948022461,702.4939391127929,395.97370995022436,191.6081786845451,14,7.4,
freMTPL2sev,TabPFN-V3,5,1.0,evt_trim,0.0,1,2000,1000,1.3200845992013304,0.0205,19,0.042737225044165744,0,,0.0,0.0,0.0,0.0,558.0734529309082,704.261193578125,394.96871581875007,149.33749625375006,15,7.5,
freMTPL2sev,TabPFN-V3,5,100.0,raw,0.0,1,2000,1000,2.9756911123939402,0.0205,1,4.2737225044165745,0,False,0.01080464790597363,0.28620654809029655,-0.027007805424633352,-0.05227997467484449,559.9784596777343,696.6491514858399,416.6311971419923,163.00527276156254,15,7.1,
freMTPL2sev,TabPFN-V3,5,100.0,clip,50.0,1,2000,1000,2.9756911123939402,0.0205,1,4.2737225044165745,14,True,0.04168189933748961,0.1463374163932416,0.15998754299658652,-0.4885108387022059,552.7243315374756,700.3964998623046,388.57585235195324,205.81473842953127,14,7.8,
freMTPL2sev,TabPFN-V3,5,100.0,clip,200.0,1,2000,1000,2.9756911123939402,0.0205,1,4.2737225044165745,6,True,0.046867713008775305,0.14651945473560124,-0.004318076895188139,-0.17318220905961912,553.6256632543946,699.7613917226563,400.35602088710954,154.32204233773444,15,7.4,
freMTPL2sev,TabPFN-V3,5,100.0,log,0.0,1,2000,1000,2.9756911123939402,0.0205,1,4.2737225044165745,0,True,0.05733231941936352,0.2825208397933522,0.36799791224030765,0.14667844486594012,552.9118136078152,699.6217968980271,395.84688531828175,200.10482205790655,10,7.3,
freMTPL2sev,TabPFN-V3,5,100.0,tail_log,50.0,1,2000,1000,2.9756911123939402,0.0205,1,4.2737225044165745,14,True,0.05102051526080716,0.13843677874190763,0.014242799514151763,-0.15605222211872233,553.5676349951171,702.4939930922852,403.3735084034054,312.70138383308847,14,7.4,
freMTPL2sev,TabPFN-V3,5,100.0,evt_trim,0.0,1,2000,1000,2.9756911123939402,0.0205,1,4.2737225044165745,0,False,0.01080464790597363,0.28620654809029655,-0.027007805424633352,-0.05227997467484449,559.9784596777343,696.6491514858399,416.6311971419923,163.00527276156254,15,7.3,
freMTPL2sev,TabICLv2,5,1.0,raw,0.0,1,2000,1000,1.3200845992013304,0.0205,19,0.042737225044165744,0,,0.0,0.0,0.0,0.0,558.6541794458008,713.8733217153319,432.7548493734377,154.72170581136723,8,0.0,
freMTPL2sev,TabICLv2,5,1.0,clip,50.0,1,2000,1000,1.3200845992013304,0.0205,19,0.042737225044165744,13,,0.018281861270934896,-0.0873043382368871,-0.21112242870741624,-0.38431758097857904,554.061572915039,698.6602766030272,384.5724711117189,216.20793815804686,8,4.4,
freMTPL2sev,TabICLv2,5,1.0,clip,200.0,1,2000,1000,1.3200845992013304,0.0205,19,0.042737225044165744,5,,0.01579040629547944,-0.0026152869813452643,0.14473225489428304,-0.007756452640761944,555.9272301599121,717.1307689638671,437.16221727382833,172.71675480062504,5,4.1,
freMTPL2sev,TabICLv2,5,1.0,log,0.0,1,2000,1000,1.3200845992013304,0.0205,19,0.042737225044165744,0,,0.029231876543703808,-0.06809092448690408,0.0120809212260019,1.6361874335145705,553.4806062053741,704.6984308970601,428.9214394586515,124.6954333177349,7,4.2,
freMTPL2sev,TabICLv2,5,1.0,tail_log,50.0,1,2000,1000,1.3200845992013304,0.0205,19,0.042737225044165744,13,,0.016622039521948836,-0.024843679971787363,0.11005594468307275,0.02478529046571018,555.3176201965332,711.9297704409179,431.71216917305054,173.78108061074977,5,4.3,
freMTPL2sev,TabICLv2,5,1.0,evt_trim,0.0,1,2000,1000,1.3200845992013304,0.0205,19,0.042737225044165744,0,,0.0,0.0,0.0,0.0,558.6541794458008,713.8733217153319,432.7548493734377,154.72170581136723,8,4.2,
freMTPL2sev,TabICLv2,5,100.0,raw,0.0,1,2000,1000,2.9756911123939402,0.0205,1,4.2737225044165745,0,False,-0.047322307288727355,0.08489917077785036,-0.04902470136959712,0.15526577853297813,577.6593050732422,795.5531339223631,489.72857897792994,154.48925516292977,5,4.0,
freMTPL2sev,TabICLv2,5,100.0,clip,50.0,1,2000,1000,2.9756911123939402,0.0205,1,4.2737225044165745,14,True,0.0176991060918454,-0.08511682881456833,-0.20157802488062837,-0.3792371463069327,554.0659816674804,698.9150414345703,384.7624769857423,214.80497839828126,8,4.5,
freMTPL2sev,TabICLv2,5,100.0,clip,200.0,1,2000,1000,2.9756911123939402,0.0205,1,4.2737225044165745,6,True,0.01659489147206744,-0.004921769003458533,0.19594277196044846,0.05198165167637195,555.9391032666016,719.930669359375,441.7646165902346,167.53042732406254,5,4.3,
freMTPL2sev,TabICLv2,5,100.0,log,0.0,1,2000,1000,2.9756911123939402,0.0205,1,4.2737225044165745,0,True,0.028388740892685563,-0.0663504998779727,0.10041178020683081,2.0176577404203555,553.3618913901593,706.006470985227,448.01293305354216,152.94742922105073,6,4.3,
freMTPL2sev,TabICLv2,5,100.0,tail_log,50.0,1,2000,1000,2.9756911123939402,0.0205,1,4.2737225044165745,14,True,0.017321098157225677,-0.011035185617244864,0.22286149465432661,0.2068067102749257,555.3442199121095,715.8972350014649,453.0252613030095,166.33601140325428,5,4.5,
freMTPL2sev,TabICLv2,5,100.0,evt_trim,0.0,1,2000,1000,2.9756911123939402,0.0205,1,4.2737225044165745,0,False,-0.047322307288727355,0.08489917077785036,-0.04902470136959712,0.15526577853297813,577.6593050732422,795.5531339223631,489.72857897792994,154.48925516292977,5,4.2,
freMTPL2sev,GBM,5,1.0,raw,0.0,1,2000,1000,1.3200845992013304,0.0205,19,0.042737225044165744,0,,0.0,0.0,0.0,0.0,554.9328285127718,744.3707255896144,431.46313273481223,88.03225399225637,9,0.0,
freMTPL2sev,GBM,5,1.0,clip,50.0,1,2000,1000,1.3200845992013304,0.0205,19,0.042737225044165744,13,,0.0,0.016745263986800166,-0.0022394402612204885,-0.7173557245710721,554.9328285127718,704.5198881904986,393.57178974507644,222.12410872034545,10,3.8,
freMTPL2sev,GBM,5,1.0,clip,200.0,1,2000,1000,1.3200845992013304,0.0205,19,0.042737225044165744,5,,0.0,-1.8374325561390905e-07,0.0,0.05834627467928416,554.9328285127718,718.1184772879606,401.65501144579696,88.39930174374145,9,4.3,
freMTPL2sev,GBM,5,1.0,log,0.0,1,2000,1000,1.3200845992013304,0.0205,19,0.042737225044165744,0,,-0.0017069738023462416,0.030414860555909053,0.005526098431012182,0.04863089394436715,555.0715059295013,701.3050382989244,433.4673875757823,92.88206280633077,11,4.1,
freMTPL2sev,GBM,5,1.0,tail_log,50.0,1,2000,1000,1.3200845992013304,0.0205,19,0.042737225044165744,13,,0.0,0.01146725601245331,0.0008335676202764337,0.04849657673596712,554.9328285127718,710.1083678384289,429.72951813144164,91.09547018003248,9,3.9,
freMTPL2sev,GBM,5,1.0,evt_trim,0.0,1,2000,1000,1.3200845992013304,0.0205,19,0.042737225044165744,0,,0.0,0.0,0.0,0.0,554.9328285127718,744.3707255896144,431.46313273481223,88.03225399225637,9,4.4,
freMTPL2sev,GBM,5,100.0,raw,0.0,1,2000,1000,2.9756911123939402,0.0205,1,4.2737225044165745,0,False,0.0,0.0,0.00692429576628881,-0.3607202054674043,554.9328285127718,744.3707255896144,431.2363969425114,264.89615493318064,9,4.4,
freMTPL2sev,GBM,5,100.0,clip,50.0,1,2000,1000,2.9756911123939402,0.0205,1,4.2737225044165745,14,True,0.0,0.016745263986800166,-0.009055405773250527,-0.7173557245710721,554.9328285127718,704.5198881904986,393.072255912255,222.12410872034545,11,4.4,
freMTPL2sev,GBM,5,100.0,clip,200.0,1,2000,1000,2.9756911123939402,0.0205,1,4.2737225044165745,6,True,0.0,-1.8374325561390905e-07,0.00692429576628881,0.05834627467928416,554.9328285127718,718.1184772879606,401.4284176621725,88.62596145922276,9,4.2,
freMTPL2sev,GBM,5,100.0,log,0.0,1,2000,1000,2.9756911123939402,0.0205,1,4.2737225044165745,0,True,-0.0017069738023462416,0.030414860555909053,0.015344748440979356,-0.3607202136406939,555.0715059295013,701.3050382989244,434.6612869423575,196.04014864492632,11,3.8,
freMTPL2sev,GBM,5,100.0,tail_log,50.0,1,2000,1000,2.9756911123939402,0.0205,1,4.2737225044165745,14,True,0.0,0.01146725601245331,0.007187258162419275,-0.3607202136706466,554.9328285127718,710.1083678384289,430.5809436800112,195.48061800201256,9,3.9,
freMTPL2sev,GBM,5,100.0,evt_trim,0.0,1,2000,1000,2.9756911123939402,0.0205,1,4.2737225044165745,0,False,0.0,0.0,0.00692429576628881,-0.3607202054674043,554.9328285127718,744.3707255896144,431.2363969425114,264.89615493318064,9,4.1,
freMTPL2sev,TabPFN-V3,6,1.0,raw,0.0,1,2000,1000,1.2180061869432446,0.073,125,0.03340222440205332,0,,0.0,0.0,0.0,0.0,1016.8090714758299,1492.8242621660158,1092.166536073047,734.9780303778126,31,0.0,
freMTPL2sev,TabPFN-V3,6,1.0,clip,50.0,1,2000,1000,1.2180061869432446,0.073,125,0.03340222440205332,10,,-0.0055784298466207095,0.01690828507499933,0.05529387189684083,-0.15435418347296676,1017.0800323590088,1486.1203232939454,1104.2380374109375,805.0794700194142,28,7.3,
freMTPL2sev,TabPFN-V3,6,1.0,clip,200.0,1,2000,1000,1.2180061869432446,0.073,125,0.03340222440205332,2,,-0.0027691470613376897,-0.018134178043954563,0.011548214306268366,-0.03994433805764671,1017.1621888903809,1493.0376689140624,1086.5892679675783,750.3270709647267,29,7.3,
freMTPL2sev,TabPFN-V3,6,1.0,log,0.0,1,2000,1000,1.2180061869432446,0.073,125,0.03340222440205332,0,,0.006622257995824195,0.14332980052908023,0.1655328860259347,0.17165577384929667,1016.3821032464629,1474.0114160308174,1076.2319148328054,121872.70044573124,26,7.5,
freMTPL2sev,TabPFN-V3,6,1.0,tail_log,50.0,1,2000,1000,1.2180061869432446,0.073,125,0.03340222440205332,10,,-0.003932735472173562,0.0023974898275773288,0.027160848342312624,-0.032882300803894884,1016.8372468670655,1489.8531002104492,1088.6485993643337,843.1825719430352,29,7.3,
freMTPL2sev,TabPFN-V3,6,1.0,evt_trim,0.0,1,2000,1000,1.2180061869432446,0.073,125,0.03340222440205332,0,,0.0,0.0,0.0,0.0,1016.8090714758299,1492.8242621660158,1092.166536073047,734.9780303778126,31,7.3,
freMTPL2sev,TabPFN-V3,6,100.0,raw,0.0,1,2000,1000,2.170816181425236,0.073,1,3.3402224402053324,0,False,-0.026979607642510558,-0.04607560699543415,0.008220998969949756,0.2072438573134749,1021.180035802002,1503.5131259331056,1110.4983142761719,661.903742416875,33,7.3,
freMTPL2sev,TabPFN-V3,6,100.0,clip,50.0,1,2000,1000,2.170816181425236,0.073,1,3.3402224402053324,11,True,-0.00609403093115018,0.017557419976962384,0.09611872453394343,-0.11229828958340932,1017.0399059552002,1486.190881584961,1099.5434712244141,794.7400580067188,28,7.6,
freMTPL2sev,TabPFN-V3,6,100.0,clip,200.0,1,2000,1000,2.170816181425236,0.073,1,3.3402224402053324,3,True,-0.0028335814883960362,-0.018373218268907726,0.018495009694049956,0.0280167626705694,1016.9721895056152,1493.38725792041,1081.9120974597656,720.3976587918751,29,7.2,
freMTPL2sev,TabPFN-V3,6,100.0,log,0.0,1,2000,1000,2.170816181425236,0.073,1,3.3402224402053324,0,True,0.006620309334380004,0.14320195997319513,0.2050911084749113,0.3410785125623219,1016.264389666692,1474.3830129749515,1073.663024546947,153723.84617324432,24,7.5,
freMTPL2sev,TabPFN-V3,6,100.0,tail_log,50.0,1,2000,1000,2.170816181425236,0.073,1,3.3402224402053324,11,True,-0.0038791433117175648,-0.016317785625558343,0.025829282271789523,0.010501394680429411,1017.3558591687013,1493.0198299663086,1078.397440910479,1403.0342988923435,27,7.3,
freMTPL2sev,TabPFN-V3,6,100.0,evt_trim,0.0,1,2000,1000,2.170816181425236,0.073,1,3.3402224402053324,0,False,-0.026979607642510558,-0.04607560699543415,0.008220998969949756,0.2072438573134749,1021.180035802002,1503.5131259331056,1110.4983142761719,661.903742416875,33,7.4,
freMTPL2sev,TabICLv2,6,1.0,raw,0.0,1,2000,1000,1.2180061869432446,0.073,125,0.03340222440205332,0,,0.0,0.0,0.0,0.0,1023.5800588330078,1462.163503279297,989.1348492566408,744.2372775037892,17,0.0,
freMTPL2sev,TabICLv2,6,1.0,clip,50.0,1,2000,1000,1.2180061869432446,0.073,125,0.03340222440205332,10,,0.007335963965118998,-0.08577124465332844,-0.24719367043729956,-0.30373778031693055,1017.1018412194825,1469.3146727788085,1065.598102166797,874.7471341414844,23,4.1,
freMTPL2sev,TabICLv2,6,1.0,clip,200.0,1,2000,1000,1.2180061869432446,0.073,125,0.03340222440205332,2,,0.002248062304824064,-0.02552845957469714,0.012916945642081241,-0.019746395136793073,1020.7965668762207,1461.0889409331053,994.5274888806642,761.9213501297655,16,4.2,
freMTPL2sev,TabICLv2,6,1.0,log,0.0,1,2000,1000,1.2180061869432446,0.073,125,0.03340222440205332,0,,0.0146404290076306,-0.054812508847384485,-0.16040067243305828,0.9350449698328458,1016.4482555605655,1464.8764948060996,1011.0033551070228,475.90060465127044,22,4.5,
freMTPL2sev,TabICLv2,6,1.0,tail_log,50.0,1,2000,1000,1.2180061869432446,0.073,125,0.03340222440205332,10,,0.0048047295782977706,-0.052843849316533575,-0.08122314397599528,-0.08978664237284673,1018.1441840209961,1462.108682987038,1011.0843822872441,778.2913165310935,20,4.3,
freMTPL2sev,TabICLv2,6,1.0,evt_trim,0.0,1,2000,1000,1.2180061869432446,0.073,125,0.03340222440205332,0,,0.0,0.0,0.0,0.0,1023.5800588330078,1462.163503279297,989.1348492566408,744.2372775037892,17,4.3,
freMTPL2sev,TabICLv2,6,100.0,raw,0.0,1,2000,1000,2.170816181425236,0.073,1,3.3402224402053324,0,False,-0.010899880391375922,-0.021956526972621987,-0.1710081172078068,-0.06344526164965646,1022.2441670385741,1477.0003046904296,1022.9692974695314,732.2019948377736,21,4.4,
freMTPL2sev,TabICLv2,6,100.0,clip,50.0,1,2000,1000,2.170816181425236,0.073,1,3.3402224402053324,11,True,0.007946641271013282,-0.0845376829157444,-0.21935482498386874,-0.28028381326986285,1017.1147810351562,1468.7805175541994,1060.6238343689454,866.5707072635546,22,4.1,
freMTPL2sev,TabICLv2,6,100.0,clip,200.0,1,2000,1000,2.170816181425236,0.073,1,3.3402224402053324,3,True,0.0022046995403735324,0.0007088998846059677,0.08343059199996668,0.06189446080365024,1022.6526313330078,1458.1154438701171,977.2965457361329,723.6335065145312,16,4.3,
freMTPL2sev,TabICLv2,6,100.0,log,0.0,1,2000,1000,2.170816181425236,0.073,1,3.3402224402053324,0,True,0.014978532205222342,-0.05582835281961543,-0.1068966238901852,1.1919433852182375,1016.475696207278,1464.5659433536466,1001.5253095459312,432.307804132192,21,4.3,
freMTPL2sev,TabICLv2,6,100.0,tail_log,50.0,1,2000,1000,2.170816181425236,0.073,1,3.3402224402053324,11,True,0.0036564706980958465,-0.025091009345701406,0.05623259395127522,0.08597790419430475,1020.1104546228028,1462.0731236985553,982.900884607031,711.1104810778436,15,4.2,
freMTPL2sev,TabICLv2,6,100.0,evt_trim,0.0,1,2000,1000,2.170816181425236,0.073,1,3.3402224402053324,0,False,-0.010899880391375922,-0.021956526972621987,-0.1710081172078068,-0.06344526164965646,1022.2441670385741,1477.0003046904296,1022.9692974695314,732.2019948377736,21,4.3,
freMTPL2sev,GBM,6,1.0,raw,0.0,1,2000,1000,1.2180061869432446,0.073,125,0.03340222440205332,0,,0.0,0.0,0.0,0.0,1021.3785658853553,1473.4327197597984,1062.2733787169425,845.4279341169083,34,0.0,
freMTPL2sev,GBM,6,1.0,clip,50.0,1,2000,1000,1.2180061869432446,0.073,125,0.03340222440205332,10,,0.0,0.0,-0.05438782561703401,-0.3701246765070973,1021.3785658853553,1473.4327197597984,1134.175984535096,911.2158879361974,34,4.2,
freMTPL2sev,GBM,6,1.0,clip,200.0,1,2000,1000,1.2180061869432446,0.073,125,0.03340222440205332,2,,0.0,0.0,0.0,-0.22232287229085163,1021.3785658853553,1473.4327197597984,1074.2867060463755,858.6291327299909,34,4.4,
freMTPL2sev,GBM,6,1.0,log,0.0,1,2000,1000,1.2180061869432446,0.073,125,0.03340222440205332,0,,0.0002971361725477964,0.03735035132459183,-0.0511679930402923,-0.21713723595606585,1021.3822830274031,1475.8496636152722,1111.0624562631701,879.1939395707624,34,3.6,
freMTPL2sev,GBM,6,1.0,tail_log,50.0,1,2000,1000,1.2180061869432446,0.073,125,0.03340222440205332,10,,0.0,0.0,-0.03115193307823683,-0.2153658700443601,1021.3785658853553,1473.4327197597984,1124.234982694852,875.5547699107476,35,4.1,
freMTPL2sev,GBM,6,1.0,evt_trim,0.0,1,2000,1000,1.2180061869432446,0.073,125,0.03340222440205332,0,,0.0,0.0,0.0,0.0,1021.3785658853553,1473.4327197597984,1062.2733787169425,845.4279341169083,34,4.5,
freMTPL2sev,GBM,6,100.0,raw,0.0,1,2000,1000,2.170816181425236,0.073,1,3.3402224402053324,0,False,0.0,0.0,-0.010981426126036737,0.5560425356677996,1021.3785658853553,1473.4327197597984,1115.2875869524153,776.3771494929939,36,4.1,
freMTPL2sev,GBM,6,100.0,clip,50.0,1,2000,1000,2.170816181425236,0.073,1,3.3402224402053324,11,True,0.0,0.0,-0.042894221278283684,-0.10496602582507147,1021.3785658853553,1473.4327197597984,1136.2966624506723,866.9531141955393,36,4.1,
freMTPL2sev,GBM,6,100.0,clip,200.0,1,2000,1000,2.170816181425236,0.073,1,3.3402224402053324,3,True,0.0,0.0,-0.07457084347037252,0.5462775310934865,1021.3785658853553,1473.4327197597984,1110.2410143723273,758.2728852993952,33,4.1,
freMTPL2sev,GBM,6,100.0,log,0.0,1,2000,1000,2.170816181425236,0.073,1,3.3402224402053324,0,True,0.0002971361725477964,0.03735035132459183,-0.037931869511855995,0.36202257928787174,1021.3822830274031,1475.8496636152722,1143.4500731210885,791.489218711024,37,4.2,
freMTPL2sev,GBM,6,100.0,tail_log,50.0,1,2000,1000,2.170816181425236,0.073,1,3.3402224402053324,11,True,0.0,0.0,0.018191741540097797,0.37003250795710463,1021.3785658853553,1473.4327197597984,1120.9980417330871,790.0049541244852,33,4.0,
freMTPL2sev,GBM,6,100.0,evt_trim,0.0,1,2000,1000,2.170816181425236,0.073,1,3.3402224402053324,0,False,0.0,0.0,-0.010981426126036737,0.5560425356677996,1021.3785658853553,1473.4327197597984,1115.2875869524153,776.3771494929939,36,4.1,
freMTPL2sev,TabPFN-V3,7,1.0,raw,0.0,1,2000,1000,4.329917599470167,0.9745,1800,0.00013232581973926066,0,,0.0,0.0,0.0,0.0,951.6084882214356,1377.5682280136718,1089.9859688667968,623.2813535985937,27,0.0,
freMTPL2sev,TabPFN-V3,7,1.0,clip,50.0,1,2000,1000,4.329917599470167,0.9745,1800,0.00013232581973926066,16,,0.03300626165289594,-0.08413921816502204,0.300438350588057,-0.4517737029433685,944.6385828881837,1379.7516875253907,1036.2775433394534,771.9740642646094,21,7.2,
freMTPL2sev,TabPFN-V3,7,1.0,clip,200.0,1,2000,1000,4.329917599470167,0.9745,1800,0.00013232581973926066,4,,0.042679980771317114,-0.13008002967967766,0.16838540197030843,-0.02537621999662454,944.9069712939453,1377.279234373535,1049.241329442969,604.67662975875,22,7.4,
freMTPL2sev,TabPFN-V3,7,1.0,log,0.0,1,2000,1000,4.329917599470167,0.9745,1800,0.00013232581973926066,0,,0.05222569019251076,-0.00962584535585407,0.5067974352266684,0.3978852911615278,943.8221710801434,1376.0359106388566,1015.1618098664228,567.0550461713098,15,7.4,
freMTPL2sev,TabPFN-V3,7,1.0,tail_log,50.0,1,2000,1000,4.329917599470167,0.9745,1800,0.00013232581973926066,16,,0.03843074266950351,-0.12510363178493494,0.1701951068811673,0.10890873253520812,944.5130834826662,1377.7458060043944,1046.6140290277274,597.3886922983754,21,7.4,
freMTPL2sev,TabPFN-V3,7,1.0,evt_trim,0.0,1,2000,1000,4.329917599470167,0.9745,1800,0.00013232581973926066,0,,0.0,0.0,0.0,0.0,951.6084882214356,1377.5682280136718,1089.9859688667968,623.2813535985937,27,7.3,
freMTPL2sev,TabPFN-V3,7,100.0,raw,0.0,1,2000,1000,4.324932589596834,0.9745,22,0.013232581973926067,0,False,-0.0032248165906996066,0.0036214105085842887,0.010430110668046565,0.011589852637712719,951.8294948059082,1378.2668601865234,1085.2843502339845,632.5148063993751,27,7.5,
freMTPL2sev,TabPFN-V3,7,100.0,clip,50.0,1,2000,1000,4.324932589596834,0.9745,22,0.013232581973926067,16,False,0.033738859725346224,-0.08356250157649509,0.3235317728463166,-0.4480297666697013,944.5668982275391,1379.226391727051,1034.22764774375,772.5561844267188,20,7.5,
freMTPL2sev,TabPFN-V3,7,100.0,clip,200.0,1,2000,1000,4.324932589596834,0.9745,22,0.013232581973926067,4,False,0.042045405405821176,-0.12293824074544091,0.186222647949825,-0.01866445180162252,944.9073952600099,1376.382429725098,1049.804831469336,617.3125358564063,21,7.2,
freMTPL2sev,TabPFN-V3,7,100.0,log,0.0,1,2000,1000,4.324932589596834,0.9745,22,0.013232581973926067,0,True,0.05230066839895721,-0.007217816311701722,0.5284940087167105,0.41665250541756105,943.7942112560496,1375.6363657793968,1014.2016372245016,577.0715031008809,14,7.4,
freMTPL2sev,TabPFN-V3,7,100.0,tail_log,50.0,1,2000,1000,4.324932589596834,0.9745,22,0.013232581973926067,16,False,0.03955077294552461,-0.12330196083956313,0.18728971774970826,0.12109436270018382,944.4672711267091,1376.744712574219,1045.4998967877766,596.575071767665,20,7.2,
freMTPL2sev,TabPFN-V3,7,100.0,evt_trim,0.0,1,2000,1000,4.324932589596834,0.9745,22,0.013232581973926067,0,False,-0.0032248165906996066,0.0036214105085842887,0.010430110668046565,0.011589852637712719,951.8294948059082,1378.2668601865234,1085.2843502339845,632.5148063993751,27,7.4,
freMTPL2sev,TabICLv2,7,1.0,raw,0.0,1,2000,1000,4.329917599470167,0.9745,1800,0.00013232581973926066,0,,0.0,0.0,0.0,0.0,959.0649115722657,1398.4205843833006,989.3715774849613,629.913033687461,13,0.0,
freMTPL2sev,TabICLv2,7,1.0,clip,50.0,1,2000,1000,4.329917599470167,0.9745,1800,0.00013232581973926066,16,,0.07792399932976928,-0.1296228823168457,-0.20471064786373738,-0.45093500731634856,945.2814774145507,1389.2770201621095,1016.0480288667969,807.5876890614844,14,4.2,
freMTPL2sev,TabICLv2,7,1.0,clip,200.0,1,2000,1000,4.329917599470167,0.9745,1800,0.00013232581973926066,4,,0.06861724970693271,-0.06820381842314634,0.2101835598642357,-0.08926182219755849,946.1199831591798,1412.8440831064454,1010.0451585201173,699.8151308339452,8,4.4,
freMTPL2sev,TabICLv2,7,1.0,log,0.0,1,2000,1000,4.329917599470167,0.9745,1800,0.00013232581973926066,0,,0.080506183375844,-0.14470701725101437,0.05073084242126452,1.5181842996418515,944.823583622264,1383.3737198954943,978.9562600104737,246.93427872003394,10,4.3,
freMTPL2sev,TabICLv2,7,1.0,tail_log,50.0,1,2000,1000,4.329917599470167,0.9745,1800,0.00013232581973926066,16,,0.06969196369139749,-0.07943142893883615,0.21610275013858748,0.022901709933397484,945.87004758667,1408.008502798828,993.5736564348865,618.7492257455549,7,4.3,
freMTPL2sev,TabICLv2,7,1.0,evt_trim,0.0,1,2000,1000,4.329917599470167,0.9745,1800,0.00013232581973926066,0,,0.0,0.0,0.0,0.0,959.0649115722657,1398.4205843833006,989.3715774849613,629.913033687461,13,4.5,
freMTPL2sev,TabICLv2,7,100.0,raw,0.0,1,2000,1000,4.324932589596834,0.9745,22,0.013232581973926067,0,False,-0.0017794103874018631,0.0023732728442944426,0.024846191214789645,0.021225259937134117,958.7694663916016,1398.1345649301759,983.185936005469,623.4016928730081,12,4.3,
freMTPL2sev,TabICLv2,7,100.0,clip,50.0,1,2000,1000,4.324932589596834,0.9745,22,0.013232581973926067,16,False,0.07582238447586404,-0.1241207857847383,-0.18880044901709894,-0.4421846491182383,945.2869973120116,1388.4026921103516,1013.289775219336,803.7145403485937,14,4.2,
freMTPL2sev,TabICLv2,7,100.0,clip,200.0,1,2000,1000,4.324932589596834,0.9745,22,0.013232581973926067,4,False,0.0704561265362249,-0.06321882167668685,0.24194171132029874,-0.07334848392136734,945.9930545556642,1412.1952434213867,1008.1827251656252,694.3142124618748,8,4.4,
freMTPL2sev,TabICLv2,7,100.0,log,0.0,1,2000,1000,4.324932589596834,0.9745,22,0.013232581973926067,0,True,0.08049403222873788,-0.14090969269881376,0.07798322252589554,1.632184497139224,944.8364671416166,1382.6736243907185,977.0386819782922,245.64633060558415,10,4.2,
freMTPL2sev,TabICLv2,7,100.0,tail_log,50.0,1,2000,1000,4.324932589596834,0.9745,22,0.013232581973926067,16,False,0.06991285717184775,-0.07683550177174042,0.2330136363264098,0.05011927850335865,945.7362952062989,1407.1396344760744,991.0437078938647,615.8975105971604,6,4.1,
freMTPL2sev,TabICLv2,7,100.0,evt_trim,0.0,1,2000,1000,4.324932589596834,0.9745,22,0.013232581973926067,0,False,-0.0017794103874018631,0.0023732728442944426,0.024846191214789645,0.021225259937134117,958.7694663916016,1398.1345649301759,983.185936005469,623.4016928730081,12,4.3,
freMTPL2sev,GBM,7,1.0,raw,0.0,1,2000,1000,4.329917599470167,0.9745,1800,0.00013232581973926066,0,,0.0,0.0,0.0,0.0,950.4784931834051,1465.8818267994966,1378.7878506013724,676.0726770748529,23,0.0,
freMTPL2sev,GBM,7,1.0,clip,50.0,1,2000,1000,4.329917599470167,0.9745,1800,0.00013232581973926066,16,,0.0,-0.001042413593208746,-0.029176978532793496,-0.6111929524818558,950.4784931834051,1391.8919272778774,1030.0652182904612,829.4006158400774,18,4.6,
freMTPL2sev,GBM,7,1.0,clip,200.0,1,2000,1000,4.329917599470167,0.9745,1800,0.00013232581973926066,4,,0.0,0.0,-0.08989780139514708,-0.011287430152280124,950.4784931834051,1387.4598814260348,1070.8251350255982,655.5199236642515,24,4.2,
freMTPL2sev,GBM,7,1.0,log,0.0,1,2000,1000,4.329917599470167,0.9745,1800,0.00013232581973926066,0,,-0.0013000416561908354,0.016825911996962793,-0.04506049940052341,-0.0017352447923139926,948.202089585346,1380.3328994173735,1063.434329166618,670.8532723290452,22,4.7,
freMTPL2sev,GBM,7,1.0,tail_log,50.0,1,2000,1000,4.329917599470167,0.9745,1800,0.00013232581973926066,16,,0.0,0.0,-0.09832350734885034,-0.0017741333156670366,950.4784931834051,1393.7308532563295,1096.1498730931398,670.8388548449736,23,4.2,
freMTPL2sev,GBM,7,1.0,evt_trim,0.0,1,2000,1000,4.329917599470167,0.9745,1800,0.00013232581973926066,0,,0.0,0.0,0.0,0.0,950.4784931834051,1465.8818267994966,1378.7878506013724,676.0726770748529,23,4.8,
freMTPL2sev,GBM,7,100.0,raw,0.0,1,2000,1000,4.324932589596834,0.9745,22,0.013232581973926067,0,False,-0.001978711870594621,0.03222122348155068,-0.020565409258557106,0.0,948.4259464106854,1387.630670826982,1315.1437267199651,676.0726770748529,18,4.3,
freMTPL2sev,GBM,7,100.0,clip,50.0,1,2000,1000,4.324932589596834,0.9745,22,0.013232581973926067,16,False,-0.001978711870594621,0.014424759701065232,0.01209233699893392,-0.6108350736441516,948.4259464106854,1388.9657028006236,1020.2510187390645,829.2378498066983,17,4.6,
freMTPL2sev,GBM,7,100.0,clip,200.0,1,2000,1000,4.324932589596834,0.9745,22,0.013232581973926067,4,False,-0.001978711870594621,0.03222122348155068,-0.04924695635034258,0.011799622537894109,948.4259464106854,1387.630670826982,1061.6142627196657,649.7100816947111,23,4.5,
freMTPL2sev,GBM,7,100.0,log,0.0,1,2000,1000,4.324932589596834,0.9745,22,0.013232581973926067,0,True,-0.00011611178978073068,0.009526708859838378,-0.12954825391848446,-0.0017352447923139926,948.7521209386491,1387.567542798781,1087.6417834677786,670.8532723290452,21,4.5,
freMTPL2sev,GBM,7,100.0,tail_log,50.0,1,2000,1000,4.324932589596834,0.9745,22,0.013232581973926067,16,False,-0.001978711870594621,0.03222596699187509,-0.012563919181158609,-0.0017741333156668117,948.4259464106854,1389.2245129545236,1121.2380400656307,670.8389390156822,18,4.1,
freMTPL2sev,GBM,7,100.0,evt_trim,0.0,1,2000,1000,4.324932589596834,0.9745,22,0.013232581973926067,0,False,-0.001978711870594621,0.03222122348155068,-0.020565409258557106,0.0,948.4259464106854,1387.630670826982,1315.1437267199651,676.0726770748529,18,4.6,
freMTPL2sev,TabPFN-V3,8,1.0,raw,0.0,1,2000,1000,4.154660842160417,0.9755,204,0.0020011600746317336,0,,0.0,0.0,0.0,0.0,627.429357902832,769.6059478867188,389.1012710582031,127.35716380406255,16,0.0,
freMTPL2sev,TabPFN-V3,8,1.0,clip,50.0,1,2000,1000,4.154660842160417,0.9755,204,0.0020011600746317336,14,,0.032140633515638874,-0.1285170600972375,0.2172274364361923,-0.36071925208756583,618.780149317627,786.2818299936523,379.3004974351564,220.78733050132814,9,7.3,
freMTPL2sev,TabPFN-V3,8,1.0,clip,200.0,1,2000,1000,4.154660842160417,0.9755,204,0.0020011600746317336,3,,0.03624231114394554,-0.1677148247592523,0.06623586590287728,-0.07879377880868357,619.2973231103516,786.4064164414061,380.5569141978516,158.38511550523438,11,7.3,
freMTPL2sev,TabPFN-V3,8,1.0,log,0.0,1,2000,1000,4.154660842160417,0.9755,204,0.0020011600746317336,0,,0.04862544800076424,-0.0707751801670515,0.2697610466509146,0.1218779398539468,618.5387587872557,776.7122290671098,399.53342189205335,211.65338192655463,9,7.5,
freMTPL2sev,TabPFN-V3,8,1.0,tail_log,50.0,1,2000,1000,4.154660842160417,0.9755,204,0.0020011600746317336,14,,0.036869087597131964,-0.17337058466110072,0.06572988645891686,-0.03850348582091359,619.201397578125,788.7672172080078,383.7159555419739,79.17082044534082,11,8.1,
freMTPL2sev,TabPFN-V3,8,1.0,evt_trim,0.0,1,2000,1000,4.154660842160417,0.9755,204,0.0020011600746317336,0,,0.0,0.0,0.0,0.0,627.429357902832,769.6059478867188,389.1012710582031,127.35716380406255,16,7.7,
freMTPL2sev,TabPFN-V3,8,100.0,raw,0.0,1,2000,1000,3.299777814584543,0.9755,2,0.20011600746317337,0,False,-0.023740678083550036,0.029279074487173422,0.021778888006487244,0.1608046518071043,630.0942750585938,770.416766409668,383.9522275767579,113.49428114000007,18,8.0,
freMTPL2sev,TabPFN-V3,8,100.0,clip,50.0,1,2000,1000,3.299777814584543,0.9755,2,0.20011600746317337,15,True,0.031023197058208253,-0.1265346757088499,0.26786417647169253,-0.34352968802050765,618.770383605957,785.7955716953124,379.1027351353518,219.4157042532813,9,7.4,
freMTPL2sev,TabPFN-V3,8,100.0,clip,200.0,1,2000,1000,3.299777814584543,0.9755,2,0.20011600746317337,4,True,0.03420970612660705,-0.176777168862461,0.10570711507906116,0.05267489273116864,619.4423657287598,787.3952148715819,383.3275642173829,157.53291995054698,11,7.7,
freMTPL2sev,TabPFN-V3,8,100.0,log,0.0,1,2000,1000,3.299777814584543,0.9755,2,0.20011600746317337,0,True,0.0472683450061491,-0.06824818308227615,0.345439972230977,0.3216186757820174,618.5088375921785,776.6406227246039,396.88512804916036,184.95216170314632,9,7.6,
freMTPL2sev,TabPFN-V3,8,100.0,tail_log,50.0,1,2000,1000,3.299777814584543,0.9755,2,0.20011600746317337,15,True,0.036551307046496895,-0.16705432408550455,0.10880936116953834,0.11877100714535466,619.1642080761718,786.98569103125,382.3972669949036,92.57453064382145,10,7.3,
freMTPL2sev,TabPFN-V3,8,100.0,evt_trim,0.0,1,2000,1000,3.299777814584543,0.9755,2,0.20011600746317337,0,False,-0.023740678083550036,0.029279074487173422,0.021778888006487244,0.1608046518071043,630.0942750585938,770.416766409668,383.9522275767579,113.49428114000007,18,7.3,
freMTPL2sev,TabICLv2,8,1.0,raw,0.0,1,2000,1000,4.154660842160417,0.9755,204,0.0020011600746317336,0,,0.0,0.0,0.0,0.0,637.6026478857422,772.3350595102538,413.54895158554706,151.5384627786719,5,0.0,
freMTPL2sev,TabICLv2,8,1.0,clip,50.0,1,2000,1000,4.154660842160417,0.9755,204,0.0020011600746317336,14,,0.080355840990361,-0.14480079091714793,-0.10423496311106129,-0.39512714349707234,618.856435706787,767.8146528916016,396.5251353062502,229.85430255601563,5,4.2,
freMTPL2sev,TabICLv2,8,1.0,clip,200.0,1,2000,1000,4.154660842160417,0.9755,204,0.0020011600746317336,3,,0.07290388604933785,-0.09206711658894559,0.1415458177753935,-0.15284979679194943,620.3394651818849,792.0586054086914,439.9988257945314,193.5754411302344,5,4.5,
freMTPL2sev,TabICLv2,8,1.0,log,0.0,1,2000,1000,4.154660842160417,0.9755,204,0.0020011600746317336,0,,0.08959207377265313,-0.14031877116499647,0.08007438957708868,1.5240957521249077,619.0647483184589,757.8006784821981,440.0761880583293,138.36211261061231,5,4.3,
freMTPL2sev,TabICLv2,8,1.0,tail_log,50.0,1,2000,1000,4.154660842160417,0.9755,204,0.0020011600746317336,14,,0.07114524156358196,-0.10015086581125626,0.1629920442553361,-0.07987475610945512,619.9610632714844,793.7701975266741,453.14063162692,187.19678936649308,5,4.2,
freMTPL2sev,TabICLv2,8,1.0,evt_trim,0.0,1,2000,1000,4.154660842160417,0.9755,204,0.0020011600746317336,0,,0.0,0.0,0.0,0.0,637.6026478857422,772.3350595102538,413.54895158554706,151.5384627786719,5,4.2,
freMTPL2sev,TabICLv2,8,100.0,raw,0.0,1,2000,1000,3.299777814584543,0.9755,2,0.20011600746317337,0,False,0.004731146909766951,0.007326248675042628,0.05392014720818519,0.06965919713445654,637.1849294653321,778.4647055698242,436.97119072128925,162.80349749156255,5,4.3,
freMTPL2sev,TabICLv2,8,100.0,clip,50.0,1,2000,1000,3.299777814584543,0.9755,2,0.20011600746317337,15,True,0.08006300395920886,-0.1369726870611614,-0.0724815174992042,-0.37444579684075885,618.8815771252441,766.9504361264649,399.4554039390626,228.51470575914064,5,4.3,
freMTPL2sev,TabICLv2,8,100.0,clip,200.0,1,2000,1000,3.299777814584543,0.9755,2,0.20011600746317337,4,True,0.07373736327669939,-0.0893980035207862,0.21258479307370956,-0.09676189188281945,620.5717469189453,789.8681266123048,448.3518650230472,193.70979326792974,5,4.5,
freMTPL2sev,TabICLv2,8,100.0,log,0.0,1,2000,1000,3.299777814584543,0.9755,2,0.20011600746317337,0,True,0.08871672942727868,-0.14497004692494167,0.16802315878761842,1.9392261064630132,619.0818869368887,758.00107420295,451.0992476918644,152.30679793927945,5,4.3,
freMTPL2sev,TabICLv2,8,100.0,tail_log,50.0,1,2000,1000,3.299777814584543,0.9755,2,0.20011600746317337,15,True,0.07123670472805893,-0.08851622395653805,0.23863867934847205,0.01819905180045592,620.075931911621,790.5666371585872,467.32902822896295,186.28944091203843,4,4.0,
freMTPL2sev,TabICLv2,8,100.0,evt_trim,0.0,1,2000,1000,3.299777814584543,0.9755,2,0.20011600746317337,0,False,0.004731146909766951,0.007326248675042628,0.05392014720818519,0.06965919713445654,637.1849294653321,778.4647055698242,436.97119072128925,162.80349749156255,5,4.5,
freMTPL2sev,GBM,8,1.0,raw,0.0,1,2000,1000,4.154660842160417,0.9755,204,0.0020011600746317336,0,,0.0,0.0,0.0,0.0,620.4633991417363,768.7588743289186,597.4493550903496,270.36606906353126,9,0.0,
freMTPL2sev,GBM,8,1.0,clip,50.0,1,2000,1000,4.154660842160417,0.9755,204,0.0020011600746317336,14,,0.0,0.023350143231333866,-0.13289752393622173,-0.7102066719396893,620.4633991417363,763.6150573234434,384.08598687339213,238.94755879888686,14,4.3,
freMTPL2sev,GBM,8,1.0,clip,200.0,1,2000,1000,4.154660842160417,0.9755,204,0.0020011600746317336,3,,0.0,0.0,0.009767548246117443,-1.0538626827321028e-09,620.4633991417363,768.7588743289186,354.78710317007875,256.4084724546417,8,4.4,
freMTPL2sev,GBM,8,1.0,log,0.0,1,2000,1000,4.154660842160417,0.9755,204,0.0020011600746317336,0,,0.0021423572834060978,-0.014357166422393795,-0.015397152533392139,-5.764065680107447e-10,621.2850206629485,765.7432397866912,378.62576878536305,266.1910158079193,8,4.1,
freMTPL2sev,GBM,8,1.0,tail_log,50.0,1,2000,1000,4.154660842160417,0.9755,204,0.0020011600746317336,14,,0.0,0.018545496819398502,-0.0037593447707228323,-5.812247343300418e-10,620.4633991417363,765.8049126144249,383.9953038511128,266.6722413743368,10,4.2,
freMTPL2sev,GBM,8,1.0,evt_trim,0.0,1,2000,1000,4.154660842160417,0.9755,204,0.0020011600746317336,0,,0.0,0.0,0.0,0.0,620.4633991417363,768.7588743289186,597.4493550903496,270.36606906353126,9,4.2,
freMTPL2sev,GBM,8,100.0,raw,0.0,1,2000,1000,3.299777814584543,0.9755,2,0.20011600746317337,0,False,0.0,0.03444741346846866,0.008069177540150942,0.31251424293546476,620.4633991417363,763.2656016547161,702.4881858540601,269.66636932675334,13,4.5,
freMTPL2sev,GBM,8,100.0,clip,50.0,1,2000,1000,3.299777814584543,0.9755,2,0.20011600746317337,15,True,0.0,0.023549331815532572,-0.07972116200067393,-0.7083131479445075,620.4633991417363,763.0180787693538,381.6348581970086,239.03066424495134,16,4.3,
freMTPL2sev,GBM,8,100.0,clip,200.0,1,2000,1000,3.299777814584543,0.9755,2,0.20011600746317337,4,True,0.0,0.03444741346846866,-0.03341757795182665,0.3125142416978452,620.4633991417363,763.2656016547161,373.40295577971773,255.07007145558597,10,4.0,
freMTPL2sev,GBM,8,100.0,log,0.0,1,2000,1000,3.299777814584543,0.9755,2,0.20011600746317337,0,True,0.0021423572834060978,-0.019035780374821894,-0.04532418045841277,0.31251424247382453,621.2850206629485,767.0537824092412,363.55438727686214,263.03868978850875,10,4.3,
freMTPL2sev,GBM,8,100.0,tail_log,50.0,1,2000,1000,3.299777814584543,0.9755,2,0.20011600746317337,15,True,0.0,0.017063679934682177,0.02807252321680303,0.31251424247040294,620.4633991417363,760.4561755056407,399.33562308419584,263.5904885754845,8,4.3,
freMTPL2sev,GBM,8,100.0,evt_trim,0.0,1,2000,1000,3.299777814584543,0.9755,2,0.20011600746317337,0,False,0.0,0.03444741346846866,0.008069177540150942,0.31251424293546476,620.4633991417363,763.2656016547161,702.4881858540601,269.66636932675334,13,4.3,
freMTPL2sev,TabPFN-V3,9,1.0,raw,0.0,1,2000,1000,3.2643406623071347,0.97,1689,0.00033923247384705146,0,,0.0,0.0,0.0,0.0,2694.96620404541,4488.82523878711,4537.950835749805,4348.10265606668,15,0.0,
freMTPL2sev,TabPFN-V3,9,1.0,clip,50.0,1,2000,1000,3.2643406623071347,0.97,1689,0.00033923247384705146,17,,0.06256868505300682,-0.0682603008009535,0.18678704087467507,-0.5340902612271363,2684.471718834228,4488.942660310546,4528.277820862109,4412.127833619414,14,7.3,
freMTPL2sev,TabPFN-V3,9,1.0,clip,200.0,1,2000,1000,3.2643406623071347,0.97,1689,0.00033923247384705146,6,,0.06734918708716452,-0.058367979972904604,0.11927588709489928,-0.2633495028790531,2685.3098108410645,4495.3725512797855,4546.974781876514,4368.569607178984,16,7.6,
freMTPL2sev,TabPFN-V3,9,1.0,log,0.0,1,2000,1000,3.2643406623071347,0.97,1689,0.00033923247384705146,0,,0.08055543759529113,0.04664777189235343,0.34583689114148586,0.042134781003786134,2684.103223939762,4485.025168220351,4540.549699220978,4326.396562857865,8,7.3,
freMTPL2sev,TabPFN-V3,9,1.0,tail_log,50.0,1,2000,1000,3.2643406623071347,0.97,1689,0.00033923247384705146,17,,0.06392913791767849,-0.06460892615987489,0.11438489735125953,-0.14876437821367486,2684.9037461901853,4495.221095815918,4540.811329256429,4443.87863012896,14,7.5,
freMTPL2sev,TabPFN-V3,9,1.0,evt_trim,0.0,1,2000,1000,3.2643406623071347,0.97,1689,0.00033923247384705146,0,,0.0,0.0,0.0,0.0,2694.96620404541,4488.82523878711,4537.950835749805,4348.10265606668,15,7.5,
freMTPL2sev,TabPFN-V3,9,100.0,raw,0.0,1,2000,1000,3.249545429007761,0.97,11,0.033923247384705146,0,False,0.0005413446248863671,0.005760851547729707,0.006882701519748771,0.01723119991356581,2695.016875803222,4489.61244007129,4535.679481706837,4334.522482182891,16,7.3,
freMTPL2sev,TabPFN-V3,9,100.0,clip,50.0,1,2000,1000,3.249545429007761,0.97,11,0.033923247384705146,18,True,0.06309445381110175,-0.06799488892693065,0.17824449520298274,-0.5304366349337739,2684.505979144287,4487.083673884766,4528.078617954395,4410.620086308867,13,7.5,
freMTPL2sev,TabPFN-V3,9,100.0,clip,200.0,1,2000,1000,3.249545429007761,0.97,11,0.033923247384705146,6,False,0.06690227071801304,-0.06769944365762237,0.1293679683258357,-0.19361959161737924,2685.616987988281,4496.064876130859,4543.902380627735,4368.913821908478,15,7.2,
freMTPL2sev,TabPFN-V3,9,100.0,log,0.0,1,2000,1000,3.249545429007761,0.97,11,0.033923247384705146,0,True,0.08018077574753495,0.03784287108159555,0.3902280548374507,0.10435806938904402,2684.066383675899,4484.400868843606,4540.641140176383,4300.492056747597,8,7.2,
freMTPL2sev,TabPFN-V3,9,100.0,tail_log,50.0,1,2000,1000,3.249545429007761,0.97,11,0.033923247384705146,18,True,0.0645492939546679,-0.06832726448469834,0.12548815170506916,-0.053657339801595504,2685.0425890734855,4496.113723623535,4538.421839175898,4422.517152510576,14,7.5,
freMTPL2sev,TabPFN-V3,9,100.0,evt_trim,0.0,1,2000,1000,3.249545429007761,0.97,11,0.033923247384705146,0,False,0.0005413446248863671,0.005760851547729707,0.006882701519748771,0.01723119991356581,2695.016875803222,4489.61244007129,4535.679481706837,4334.522482182891,16,7.9,
freMTPL2sev,TabICLv2,9,1.0,raw,0.0,1,2000,1000,3.2643406623071347,0.97,1689,0.00033923247384705146,0,,0.0,0.0,0.0,0.0,2700.2055476733394,4538.7193706279295,4600.253731833788,4297.942811220977,4,0.0,
freMTPL2sev,TabICLv2,9,1.0,clip,50.0,1,2000,1000,3.2643406623071347,0.97,1689,0.00033923247384705146,17,,0.06927354283128906,-0.14484421788988078,-0.1711209777105087,-0.44941141600264556,2685.1047964575187,4501.563699331543,4538.9829825027355,4420.189289280547,5,4.0,
freMTPL2sev,TabICLv2,9,1.0,clip,200.0,1,2000,1000,3.2643406623071347,0.97,1689,0.00033923247384705146,6,,0.06398893105821117,-0.10434560492310649,0.06610471266764523,-0.2017467383624833,2687.3798405297853,4527.122249866211,4598.9032673953125,4391.121766059844,4,4.3,
freMTPL2sev,TabICLv2,9,1.0,log,0.0,1,2000,1000,3.2643406623071347,0.97,1689,0.00033923247384705146,0,,0.07476728791244602,-0.12988449446225783,0.13563623820896384,1.5867760227509022,2684.6425851400795,4486.574432406532,4650.516328708824,4200.642830676553,4,4.1,
freMTPL2sev,TabICLv2,9,1.0,tail_log,50.0,1,2000,1000,3.2643406623071347,0.97,1689,0.00033923247384705146,17,,0.063308632072404,-0.10736907278338806,0.1405081782617538,-0.08093036178222043,2686.7817689440917,4529.462551851015,4622.353021431096,4372.825106515305,4,4.1,
freMTPL2sev,TabICLv2,9,1.0,evt_trim,0.0,1,2000,1000,3.2643406623071347,0.97,1689,0.00033923247384705146,0,,0.0,0.0,0.0,0.0,2700.2055476733394,4538.7193706279295,4600.253731833788,4297.942811220977,4,4.4,
freMTPL2sev,TabICLv2,9,100.0,raw,0.0,1,2000,1000,3.249545429007761,0.97,11,0.033923247384705146,0,False,0.00023711618791957015,-0.002138001861726908,0.03308151530296009,0.03382845259369679,2699.0378041186523,4536.139700183595,4608.248420115039,4297.970244267852,4,4.3,
freMTPL2sev,TabICLv2,9,100.0,clip,50.0,1,2000,1000,3.249545429007761,0.97,11,0.033923247384705146,18,True,0.07107517466133553,-0.14280541356985688,-0.15424173167390332,-0.4370540513568846,2685.246474466552,4501.141700220214,4540.63675025664,4417.5137945110155,5,4.1,
freMTPL2sev,TabICLv2,9,100.0,clip,200.0,1,2000,1000,3.249545429007761,0.97,11,0.033923247384705146,6,False,0.06459291590375833,-0.10616967468852946,0.13951540487544434,-0.14300419138831694,2687.336568505859,4526.007335486327,4603.8020883669915,4390.928257181915,4,4.3,
freMTPL2sev,TabICLv2,9,100.0,log,0.0,1,2000,1000,3.249545429007761,0.97,11,0.033923247384705146,0,True,0.07527467333715432,-0.12709015701310855,0.17587031585414184,1.712162521228353,2684.7111120840004,4486.538691203019,4654.515829605826,4177.07867381405,4,4.1,
freMTPL2sev,TabICLv2,9,100.0,tail_log,50.0,1,2000,1000,3.249545429007761,0.97,11,0.033923247384705146,18,True,0.06302514809463818,-0.1083191670490405,0.18796597761833655,-0.026130773700627715,2686.8461329528805,4528.033848033861,4627.515767308164,4376.090393812114,4,4.0,
freMTPL2sev,TabICLv2,9,100.0,evt_trim,0.0,1,2000,1000,3.249545429007761,0.97,11,0.033923247384705146,0,False,0.00023711618791957015,-0.002138001861726908,0.03308151530296009,0.03382845259369679,2699.0378041186523,4536.139700183595,4608.248420115039,4297.970244267852,4,4.4,
freMTPL2sev,GBM,9,1.0,raw,0.0,1,2000,1000,3.2643406623071347,0.97,1689,0.00033923247384705146,0,,0.0,0.0,0.0,0.0,2721.1137788680676,4618.813154060223,4569.562537570453,4211.865549888407,12,0.0,
freMTPL2sev,GBM,9,1.0,clip,50.0,1,2000,1000,3.2643406623071347,0.97,1689,0.00033923247384705146,17,,0.0,-0.026271070590316636,0.15927018721369313,-0.8512341792648246,2688.784397949348,4491.490286179028,4543.992215172732,4427.487435687919,7,4.0,
freMTPL2sev,GBM,9,1.0,clip,200.0,1,2000,1000,3.2643406623071347,0.97,1689,0.00033923247384705146,6,,0.0,0.00013323456078930484,0.12248077986525356,-0.26611452220050846,2699.356243360284,4511.469222841241,4553.623120325006,4277.418830274243,8,3.8,
freMTPL2sev,GBM,9,1.0,log,0.0,1,2000,1000,3.2643406623071347,0.97,1689,0.00033923247384705146,0,,-0.0010073115778554513,-0.053284223701126864,0.11275254619222926,-9.719427145585125e-11,2685.5384039248142,4483.599337192744,4553.263468542649,4210.845989390064,8,4.0,
freMTPL2sev,GBM,9,1.0,tail_log,50.0,1,2000,1000,3.2643406623071347,0.97,1689,0.00033923247384705146,17,,0.0,0.002403454226396417,0.16375138735484165,-9.786505126516111e-11,2695.579268758518,4518.640430947748,4557.523438947504,4210.91628070092,7,3.9,
freMTPL2sev,GBM,9,1.0,evt_trim,0.0,1,2000,1000,3.2643406623071347,0.97,1689,0.00033923247384705146,0,,0.0,0.0,0.0,0.0,2721.1137788680676,4618.813154060223,4569.562537570453,4211.865549888407,12,3.7,
freMTPL2sev,GBM,9,100.0,raw,0.0,1,2000,1000,3.249545429007761,0.97,11,0.033923247384705146,0,False,-0.000390715402336722,-0.018085069857834334,0.16244371661026902,0.0,2685.6336695906652,4538.835097234227,4556.956411187128,4211.865549888407,7,4.1,
freMTPL2sev,GBM,9,100.0,clip,50.0,1,2000,1000,3.249545429007761,0.97,11,0.033923247384705146,18,True,-0.000390715402336722,-0.015279479042983267,0.2886161220217893,-0.8137515141796485,2685.6336695906652,4490.74499279452,4540.601517049128,4423.161217707846,7,4.2,
freMTPL2sev,GBM,9,100.0,clip,200.0,1,2000,1000,3.249545429007761,0.97,11,0.033923247384705146,6,False,-0.000390715402336722,-0.01882855749263572,0.2916891121126515,-0.2668154801604676,2685.6336695906652,4501.4826841126605,4545.7220444247,4277.595786538205,7,4.1,
freMTPL2sev,GBM,9,100.0,log,0.0,1,2000,1000,3.249545429007761,0.97,11,0.033923247384705146,0,True,-5.368373229694679e-05,-0.014117938631190284,0.3106344376096913,-9.719427145585125e-11,2687.1882364143735,4490.5587146211665,4549.18788525184,4210.845989390064,6,4.2,
freMTPL2sev,GBM,9,100.0,tail_log,50.0,1,2000,1000,3.249545429007761,0.97,11,0.033923247384705146,18,True,-0.000390715402336722,-0.01882855749263572,0.29755751605502273,-9.78652825286706e-11,2685.6336695906652,4499.419533557896,4549.677076459685,4210.916184836309,6,4.3,
freMTPL2sev,GBM,9,100.0,evt_trim,0.0,1,2000,1000,3.249545429007761,0.97,11,0.033923247384705146,0,False,-0.000390715402336722,-0.018085069857834334,0.16244371661026902,0.0,2685.6336695906652,4538.835097234227,4556.956411187128,4211.865549888407,7,4.0,
beMTPL97,TabPFN-V3,0,1.0,raw,0.0,1,2000,1000,1.1199847463822687,0.0925,146,0.03977943172799799,0,,0.0,0.0,0.0,0.0,645.1691619145498,695.5770261358858,374.9115942204717,111.14105862261343,23,0.0,
beMTPL97,TabPFN-V3,0,1.0,clip,50.0,1,2000,1000,1.1199847463822687,0.0925,146,0.03977943172799799,2,,-0.026965149733046118,-0.016561899584621884,0.017192491465703445,-0.03302435826334268,644.7062205302158,697.2700090594408,372.33242471119434,115.07778410868293,23,7.9,
beMTPL97,TabPFN-V3,0,1.0,clip,200.0,1,2000,1000,1.1199847463822687,0.0925,146,0.03977943172799799,0,,0.0,0.0,0.0,0.0,645.1691619145498,695.5770261358858,374.9115942204717,111.14105862261343,23,7.7,
beMTPL97,TabPFN-V3,0,1.0,log,0.0,1,2000,1000,1.1199847463822687,0.0925,146,0.03977943172799799,0,,0.6982101576167893,0.12943863565929403,0.10486434105340614,0.2335142750531302,632.6892892218824,695.1609315196821,373.9389213788372,119.08879786587269,21,7.8,
beMTPL97,TabPFN-V3,0,1.0,tail_log,50.0,1,2000,1000,1.1199847463822687,0.0925,146,0.03977943172799799,2,,-0.0032573939791463937,-0.0036406381039767637,0.008740511467009205,-0.012630856594788823,645.1818057386452,696.183766406882,375.1904602849248,113.00702084935186,23,7.8,
beMTPL97,TabPFN-V3,0,1.0,evt_trim,0.0,1,2000,1000,1.1199847463822687,0.0925,146,0.03977943172799799,0,,0.0,0.0,0.0,0.0,645.1691619145498,695.5770261358858,374.9115942204717,111.14105862261343,23,7.7,
beMTPL97,TabPFN-V3,0,100.0,raw,0.0,1,2000,1000,2.0718912334579174,0.0925,1,3.9779431727997996,0,False,0.49775846983938044,0.0429585700801611,-0.1997579772754469,0.3622758107487315,635.547974496546,696.5255467177332,397.0831485306887,126.07479915955722,27,7.5,
beMTPL97,TabPFN-V3,0,100.0,clip,50.0,1,2000,1000,2.0718912334579174,0.0925,1,3.9779431727997996,3,True,-0.05049379715399942,-0.019489321886705113,0.02442416082810106,0.016552487145102792,645.9168319721907,697.56105675689,374.9351467631366,108.05355734038685,22,7.8,
beMTPL97,TabPFN-V3,0,100.0,clip,200.0,1,2000,1000,2.0718912334579174,0.0925,1,3.9779431727997996,1,True,0.23166451398805715,0.027236166659749504,-0.12661610064758494,0.1930924552862575,637.6182528170729,696.1825347212774,394.5706117856968,114.91590380408844,23,7.8,
beMTPL97,TabPFN-V3,0,100.0,log,0.0,1,2000,1000,2.0718912334579174,0.0925,1,3.9779431727997996,0,True,0.6821512981261433,0.12686888526301845,0.16592784972385233,0.4303228320060704,632.8362056833159,694.8095968719553,369.5836700235067,111.91278404228089,21,7.6,
beMTPL97,TabPFN-V3,0,100.0,tail_log,50.0,1,2000,1000,2.0718912334579174,0.0925,1,3.9779431727997996,3,True,0.10831126834608418,-0.006514897332214182,-0.07599100050715804,0.09969505337671253,640.411356305343,695.7514567879052,387.5416367623052,137.41618748957288,23,8.1,
beMTPL97,TabPFN-V3,0,100.0,evt_trim,0.0,1,2000,1000,2.0718912334579174,0.0925,1,3.9779431727997996,0,False,0.49775846983938044,0.0429585700801611,-0.1997579772754469,0.3622758107487315,635.547974496546,696.5255467177332,397.0831485306887,126.07479915955722,27,7.9,
beMTPL97,TabICLv2,0,1.0,raw,0.0,1,2000,1000,1.1199847463822687,0.0925,146,0.03977943172799799,0,,0.0,0.0,0.0,0.0,635.1132875644881,692.6203734504052,360.2687188311524,157.63504346242556,15,0.0,
beMTPL97,TabICLv2,0,1.0,clip,50.0,1,2000,1000,1.1199847463822687,0.0925,146,0.03977943172799799,2,,-0.009260143039634884,-0.005068022641918519,-0.09514085135026717,-0.10952098854183226,634.8662329098439,689.305386594564,359.5317927032228,169.20369434808083,15,4.8,
beMTPL97,TabICLv2,0,1.0,clip,200.0,1,2000,1000,1.1199847463822687,0.0925,146,0.03977943172799799,0,,0.0,0.0,0.0,0.0,635.1132875644881,692.6203734504052,360.2687188311524,157.63504346242556,15,5.1,
beMTPL97,TabICLv2,0,1.0,log,0.0,1,2000,1000,1.1199847463822687,0.0925,146,0.03977943172799799,0,,-0.027327461755644888,-0.02026653595104746,-0.10022400730185892,1.0960692488771917,634.2115227343337,691.547206156045,335.61634896674474,124.09224624545959,16,4.6,
beMTPL97,TabICLv2,0,1.0,tail_log,50.0,1,2000,1000,1.1199847463822687,0.0925,146,0.03977943172799799,2,,-0.00323993952885807,-0.0018957095971403595,-0.019500149461209516,-0.022902255726982082,635.135692322341,692.3166139210402,359.7753569122072,159.53436831490902,15,4.6,
beMTPL97,TabICLv2,0,1.0,evt_trim,0.0,1,2000,1000,1.1199847463822687,0.0925,146,0.03977943172799799,0,,0.0,0.0,0.0,0.0,635.1132875644881,692.6203734504052,360.2687188311524,157.63504346242556,15,4.6,
beMTPL97,TabICLv2,0,100.0,raw,0.0,1,2000,1000,2.0718912334579174,0.0925,1,3.9779431727997996,0,False,0.07766950382633692,0.035128789206742644,0.021018789816240484,0.18522579686994092,632.7748477561951,698.7574431920606,376.8589854831211,154.78763454055053,14,4.6,
beMTPL97,TabICLv2,0,100.0,clip,50.0,1,2000,1000,2.0718912334579174,0.0925,1,3.9779431727997996,3,True,0.0027860079795538504,-0.009813061301100975,-0.060165238604460144,-0.06302378986102683,634.62007380587,688.4330441431198,362.09116927060563,166.25911628902185,15,4.6,
beMTPL97,TabICLv2,0,100.0,clip,200.0,1,2000,1000,2.0718912334579174,0.0925,1,3.9779431727997996,1,True,0.052893961349632396,0.02507897943562685,0.15090358495108358,0.24218060940576422,632.9886404721083,694.4638285901062,367.37625753878524,141.48118545562392,14,4.3,
beMTPL97,TabICLv2,0,100.0,log,0.0,1,2000,1000,2.0718912334579174,0.0925,1,3.9779431727997996,0,True,-0.025678969710498954,-0.015916804982212512,-0.06246951305947457,1.2635973468732646,634.3233829769038,691.8062872062285,332.0442836178952,124.07595917762625,15,4.3,
beMTPL97,TabICLv2,0,100.0,tail_log,50.0,1,2000,1000,2.0718912334579174,0.0925,1,3.9779431727997996,3,True,0.03535386483250201,0.016197109754285975,0.15045059768770158,0.19109007861690444,633.9988197895724,691.9147217482698,361.75905405613435,140.49614846663164,15,4.5,
beMTPL97,TabICLv2,0,100.0,evt_trim,0.0,1,2000,1000,2.0718912334579174,0.0925,1,3.9779431727997996,0,False,0.07766950382633692,0.035128789206742644,0.021018789816240484,0.18522579686994092,632.7748477561951,698.7574431920606,376.8589854831211,154.78763454055053,14,4.3,
beMTPL97,GBM,0,1.0,raw,0.0,1,2000,1000,1.1199847463822687,0.0925,146,0.03977943172799799,0,,0.0,0.0,0.0,0.0,636.8122398590921,685.3898716760657,359.4983076877748,95.19089464032199,15,0.0,
beMTPL97,GBM,0,1.0,clip,50.0,1,2000,1000,1.1199847463822687,0.0925,146,0.03977943172799799,2,,0.0,0.0,-1.7670381582496935e-11,-4.703505748593816e-13,636.8122398590921,686.0775990365117,357.5485402904206,95.17903715555232,15,4.3,
beMTPL97,GBM,0,1.0,clip,200.0,1,2000,1000,1.1199847463822687,0.0925,146,0.03977943172799799,0,,0.0,0.0,0.0,0.0,636.8122398590921,685.3898716760657,359.4983076877748,95.19089464032199,15,4.0,
beMTPL97,GBM,0,1.0,log,0.0,1,2000,1000,1.1199847463822687,0.0925,146,0.03977943172799799,0,,-0.06641031966562874,0.007151827259633686,0.0018488052829498107,-1.8833891874265635e-12,633.0753198856518,692.1680117440081,358.6012578029234,95.16746078206299,15,4.6,
beMTPL97,GBM,0,1.0,tail_log,50.0,1,2000,1000,1.1199847463822687,0.0925,146,0.03977943172799799,2,,0.0,0.0,-3.745710948160365e-12,-9.717688528200739e-14,636.8122398590921,685.1827216563044,359.7230168976879,95.18839375437938,15,4.3,
beMTPL97,GBM,0,1.0,evt_trim,0.0,1,2000,1000,1.1199847463822687,0.0925,146,0.03977943172799799,0,,0.0,0.0,0.0,0.0,636.8122398590921,685.3898716760657,359.4983076877748,95.19089464032199,15,4.8,
beMTPL97,GBM,0,100.0,raw,0.0,1,2000,1000,2.0718912334579174,0.0925,1,3.9779431727997996,0,False,0.0,0.0,-0.255957476918706,-0.15361972933916068,636.8122398590921,685.3898716760657,387.34945420076514,82.26767332715127,24,4.5,
beMTPL97,GBM,0,100.0,clip,50.0,1,2000,1000,2.0718912334579174,0.0925,1,3.9779431727997996,3,True,0.0,0.0,-0.16135516394189858,0.0263764722743594,636.8122398590921,686.0775990365117,376.9769556718059,89.98782446477655,21,4.5,
beMTPL97,GBM,0,100.0,clip,200.0,1,2000,1000,2.0718912334579174,0.0925,1,3.9779431727997996,1,True,0.0,0.0,-0.255957476918706,-0.15399768314215467,636.8122398590921,685.3898716760657,387.34945420076514,84.40853265098129,24,4.3,
beMTPL97,GBM,0,100.0,log,0.0,1,2000,1000,2.0718912334579174,0.0925,1,3.9779431727997996,0,True,-0.06641031966562874,0.007151827259633686,-0.09532608283105447,-0.1542666495593189,633.0753198856518,692.1680117440081,372.47812683562,91.32630430502466,19,4.4,
beMTPL97,GBM,0,100.0,tail_log,50.0,1,2000,1000,2.0718912334579174,0.0925,1,3.9779431727997996,3,True,0.0,0.0,-0.25905306872493666,-0.15425546696883022,636.8122398590921,685.1827216563044,388.57963905804013,93.98926415470598,24,4.5,
beMTPL97,GBM,0,100.0,evt_trim,0.0,1,2000,1000,2.0718912334579174,0.0925,1,3.9779431727997996,0,False,0.0,0.0,-0.255957476918706,-0.15361972933916068,636.8122398590921,685.3898716760657,387.34945420076514,82.26767332715127,24,4.6,
beMTPL97,TabPFN-V3,1,1.0,raw,0.0,1,2000,1000,1.10915450471181,0.092,14,0.30975425276810675,0,,0.0,0.0,0.0,0.0,551.7125207082805,509.17042889489693,223.32217387739874,41.10196724737564,10,0.0,
beMTPL97,TabPFN-V3,1,1.0,clip,50.0,1,2000,1000,1.10915450471181,0.092,14,0.30975425276810675,1,,-0.04431329747784402,-0.01067590008703145,0.024270092908998828,-0.007062537142679102,552.4752281537541,509.4196164080846,223.00393849165656,40.735456641906886,10,8.2,
beMTPL97,TabPFN-V3,1,1.0,clip,200.0,1,2000,1000,1.10915450471181,0.092,14,0.30975425276810675,0,,0.0,0.0,0.0,0.0,551.7125207082805,509.17042889489693,223.32217387739874,41.10196724737564,10,7.8,
beMTPL97,TabPFN-V3,1,1.0,log,0.0,1,2000,1000,1.10915450471181,0.092,14,0.30975425276810675,0,,1.0880962849365328,0.24988682113445587,0.1530367763749822,0.09620195961725628,541.2170358615471,503.44379805518577,239.91325999294457,52.3582660199239,7,7.8,
beMTPL97,TabPFN-V3,1,1.0,tail_log,50.0,1,2000,1000,1.10915450471181,0.092,14,0.30975425276810675,1,,-0.01255777503154868,-0.003833026228861044,-0.009215873984378068,-0.013020373120685214,552.0027879009228,509.41262917663937,223.48654885298467,40.70043575927896,10,7.9,
beMTPL97,TabPFN-V3,1,1.0,evt_trim,0.0,1,2000,1000,1.10915450471181,0.092,14,0.30975425276810675,0,,0.0,0.0,0.0,0.0,551.7125207082805,509.17042889489693,223.32217387739874,41.10196724737564,10,7.7,
beMTPL97,TabPFN-V3,1,100.0,raw,0.0,1,2000,1000,13.794143833695193,0.092,1,30.97542527681068,0,False,1.7997657239445632,0.1969786797522614,-0.4183465510484825,-0.21734987989821442,540.8360467612997,499.296376440681,225.80958420140686,51.399576830667606,21,8.2,
beMTPL97,TabPFN-V3,1,100.0,clip,50.0,1,2000,1000,13.794143833695193,0.092,1,30.97542527681068,2,True,-0.031140913249449693,-0.009793145486118465,0.03134577125093385,0.026537760122442293,552.2483676877506,509.16403589705726,220.11399992720345,42.049703835266264,10,9.2,
beMTPL97,TabPFN-V3,1,100.0,clip,200.0,1,2000,1000,13.794143833695193,0.092,1,30.97542527681068,1,True,0.621407810803906,0.07189666882193439,-0.11008684112819939,0.19338957532415102,543.1535528255797,505.43863178207016,219.6342439419686,48.85494630596939,11,8.8,
beMTPL97,TabPFN-V3,1,100.0,log,0.0,1,2000,1000,13.794143833695193,0.092,1,30.97542527681068,0,True,1.0432725052128435,0.24937482120889137,0.17727192092711008,0.24635168957554854,541.4869921156289,503.81868325830726,240.75930953700333,57.20300133512556,8,8.8,
beMTPL97,TabPFN-V3,1,100.0,tail_log,50.0,1,2000,1000,13.794143833695193,0.092,1,30.97542527681068,2,True,0.3049076944751683,0.03427538669220015,-0.20622183191743604,0.24062038671282926,546.9257391052863,508.2915304733816,216.99399327885948,50.42085092541184,12,8.3,
beMTPL97,TabPFN-V3,1,100.0,evt_trim,0.0,1,2000,1000,13.794143833695193,0.092,1,30.97542527681068,0,False,1.7997657239445632,0.1969786797522614,-0.4183465510484825,-0.21734987989821442,540.8360467612997,499.296376440681,225.80958420140686,51.399576830667606,21,8.4,
beMTPL97,TabICLv2,1,1.0,raw,0.0,1,2000,1000,1.10915450471181,0.092,14,0.30975425276810675,0,,0.0,0.0,0.0,0.0,541.0146016551647,512.5018530952087,265.86681554977713,84.54381149810948,8,0.0,
beMTPL97,TabICLv2,1,1.0,clip,50.0,1,2000,1000,1.10915450471181,0.092,14,0.30975425276810675,1,,-0.008853464662051384,0.0042528334263391785,-0.03476343453319051,-0.04030669707940225,540.9477233793037,509.58115958335134,261.200265837863,86.75185360260168,8,4.8,
beMTPL97,TabICLv2,1,1.0,clip,200.0,1,2000,1000,1.10915450471181,0.092,14,0.30975425276810675,0,,0.0,0.0,0.0,0.0,541.0146016551647,512.5018530952087,265.86681554977713,84.54381149810948,8,4.5,
beMTPL97,TabICLv2,1,1.0,log,0.0,1,2000,1000,1.10915450471181,0.092,14,0.30975425276810675,0,,0.02875076725176041,-0.031167866814833453,0.0545554922554609,1.9735304178468591,542.841975277695,500.3335283329495,247.10557866420584,82.23515154766541,7,4.3,
beMTPL97,TabICLv2,1,1.0,tail_log,50.0,1,2000,1000,1.10915450471181,0.092,14,0.30975425276810675,1,,-0.0015187417154765824,0.00011639782873624753,-0.009975255199558386,-0.010774411033638713,540.8902178661023,512.0758119086853,265.1955603544646,85.482681490297,8,4.5,
beMTPL97,TabICLv2,1,1.0,evt_trim,0.0,1,2000,1000,1.10915450471181,0.092,14,0.30975425276810675,0,,0.0,0.0,0.0,0.0,541.0146016551647,512.5018530952087,265.86681554977713,84.54381149810948,8,4.5,
beMTPL97,TabICLv2,1,100.0,raw,0.0,1,2000,1000,13.794143833695193,0.092,1,30.97542527681068,0,False,0.09186864633571484,0.20894617499480006,0.006684186961254446,0.5532352178717898,539.8796781590131,505.57277623366116,253.7660272343474,48.12205242365221,8,4.3,
beMTPL97,TabICLv2,1,100.0,clip,50.0,1,2000,1000,13.794143833695193,0.092,1,30.97542527681068,2,True,-0.0026273933506851177,0.0034574810409968796,-0.00608675288212378,-0.004215845322534797,541.1545161335376,511.8254735455708,261.50224080856617,83.9817454561173,8,4.6,
beMTPL97,TabICLv2,1,100.0,clip,200.0,1,2000,1000,13.794143833695193,0.092,1,30.97542527681068,1,True,0.0003496334713438627,0.00047720021384895043,0.3232190624768576,0.38497905714360126,541.1506291983256,505.96034733501835,284.6575188169602,56.99346122027045,6,4.4,
beMTPL97,TabICLv2,1,100.0,log,0.0,1,2000,1000,13.794143833695193,0.092,1,30.97542527681068,0,True,0.05037496107730367,-0.016608691775202796,0.15072190843316086,2.4173134022657803,542.63064386175,500.43122738624857,261.7828290674171,96.13188489926932,6,4.4,
beMTPL97,TabICLv2,1,100.0,tail_log,50.0,1,2000,1000,13.794143833695193,0.092,1,30.97542527681068,2,True,0.01784962580937867,-0.00850897370798085,0.3441951378117949,0.4468730930336789,540.4353727060745,501.7947591392413,288.7629432971958,57.658669639700086,7,4.4,
beMTPL97,TabICLv2,1,100.0,evt_trim,0.0,1,2000,1000,13.794143833695193,0.092,1,30.97542527681068,0,False,0.09186864633571484,0.20894617499480006,0.006684186961254446,0.5532352178717898,539.8796781590131,505.57277623366116,253.7660272343474,48.12205242365221,8,4.5,
beMTPL97,GBM,1,1.0,raw,0.0,1,2000,1000,1.10915450471181,0.092,14,0.30975425276810675,0,,0.0,0.0,0.0,0.0,541.4069311720428,502.1001937859514,236.89172683484125,41.80349281134305,10,0.0,
beMTPL97,GBM,1,1.0,clip,50.0,1,2000,1000,1.10915450471181,0.092,14,0.30975425276810675,1,,0.0,0.0,-0.036372862453355526,0.0,541.4069311720428,502.1001937859514,236.471279776973,41.27817746155988,11,4.6,
beMTPL97,GBM,1,1.0,clip,200.0,1,2000,1000,1.10915450471181,0.092,14,0.30975425276810675,0,,0.0,0.0,0.0,0.0,541.4069311720428,502.1001937859514,236.89172683484125,41.80349281134305,10,4.7,
beMTPL97,GBM,1,1.0,log,0.0,1,2000,1000,1.10915450471181,0.092,14,0.30975425276810675,0,,-0.010178534134100022,0.023046664351429776,-0.1374613342509668,-3.2386729738552984e-12,542.5788598793105,500.6327397822122,236.1494621589223,41.70957992156057,15,4.6,
beMTPL97,GBM,1,1.0,tail_log,50.0,1,2000,1000,1.10915450471181,0.092,14,0.30975425276810675,1,,0.0,0.0,-0.017739079491431158,0.0,541.4069311720428,502.1001937859514,241.04656017766496,41.7616757661827,13,4.9,
beMTPL97,GBM,1,1.0,evt_trim,0.0,1,2000,1000,1.10915450471181,0.092,14,0.30975425276810675,0,,0.0,0.0,0.0,0.0,541.4069311720428,502.1001937859514,236.89172683484125,41.80349281134305,10,4.5,
beMTPL97,GBM,1,100.0,raw,0.0,1,2000,1000,13.794143833695193,0.092,1,30.97542527681068,0,False,0.0,0.0,-0.14084500582629267,0.06398831502571725,541.4069311720428,502.1001937859514,333.64911859395806,62.33363181733048,13,4.4,
beMTPL97,GBM,1,100.0,clip,50.0,1,2000,1000,13.794143833695193,0.092,1,30.97542527681068,2,True,0.0,0.0,-0.13329562294610603,0.06398831502245429,541.4069311720428,502.1001937859514,228.0399720877628,43.74044329513453,11,4.3,
beMTPL97,GBM,1,100.0,clip,200.0,1,2000,1000,13.794143833695193,0.092,1,30.97542527681068,1,True,0.0,0.0,-0.09044678926651391,0.06398831502571725,541.4069311720428,502.1001937859514,235.43607626030575,45.143093491152875,10,4.8,
beMTPL97,GBM,1,100.0,log,0.0,1,2000,1000,13.794143833695193,0.092,1,30.97542527681068,0,True,-0.010178534134100022,0.023046664351429776,-0.12886019992815873,0.06398831502511122,542.5788598793105,500.6327397822122,235.49902832273563,45.51079972815125,15,4.5,
beMTPL97,GBM,1,100.0,tail_log,50.0,1,2000,1000,13.794143833695193,0.092,1,30.97542527681068,2,True,0.0,0.0,-0.16714476162456993,0.06398831502562817,541.4069311720428,502.1001937859514,236.63953988207703,45.70411165121491,13,4.4,
beMTPL97,GBM,1,100.0,evt_trim,0.0,1,2000,1000,13.794143833695193,0.092,1,30.97542527681068,0,False,0.0,0.0,-0.14084500582629267,0.06398831502571725,541.4069311720428,502.1001937859514,333.64911859395806,62.33363181733048,13,4.4,
beMTPL97,TabPFN-V3,2,1.0,raw,0.0,1,2000,1000,1.0784447259566148,0.0605,90,0.062315579957953136,0,,0.0,0.0,0.0,0.0,568.8794373252905,551.5620405333713,281.85860382533576,88.31433449209669,11,0.0,
beMTPL97,TabPFN-V3,2,1.0,clip,50.0,1,2000,1000,1.0784447259566148,0.0605,90,0.062315579957953136,5,,-0.033999494604243286,0.0014109662060047988,0.08165407218171064,0.011211432556188373,569.2090491111798,550.9539962300748,279.2653356148847,89.73286354287795,10,8.2,
beMTPL97,TabPFN-V3,2,1.0,clip,200.0,1,2000,1000,1.0784447259566148,0.0605,90,0.062315579957953136,0,,0.0,0.0,0.0,0.0,568.8794373252905,551.5620405333713,281.85860382533576,88.31433449209669,11,8.1,
beMTPL97,TabPFN-V3,2,1.0,log,0.0,1,2000,1000,1.0784447259566148,0.0605,90,0.062315579957953136,0,,0.6280708634209695,0.11771568184803488,0.1887573730410983,0.16741384984563895,563.3557306670523,549.174021211643,278.15292509916503,54.74585975470099,7,7.8,
beMTPL97,TabPFN-V3,2,1.0,tail_log,50.0,1,2000,1000,1.0784447259566148,0.0605,90,0.062315579957953136,5,,-0.0017704942653423358,-0.0012287353246251183,0.013675439681284252,-0.002593384885825949,568.8621455835474,551.4056032379578,281.90928336391,88.50545440082635,11,8.3,
beMTPL97,TabPFN-V3,2,1.0,evt_trim,0.0,1,2000,1000,1.0784447259566148,0.0605,90,0.062315579957953136,0,,0.0,0.0,0.0,0.0,568.8794373252905,551.5620405333713,281.85860382533576,88.31433449209669,11,8.0,
beMTPL97,TabPFN-V3,2,100.0,raw,0.0,1,2000,1000,2.5775724875554644,0.0605,1,6.231557995795313,0,False,0.6372490948140843,0.023252116322475404,-0.2041250554688251,0.525027447173045,567.6536848670426,555.7584748390445,282.23412050362305,65.09700270366221,21,7.8,
beMTPL97,TabPFN-V3,2,100.0,clip,50.0,1,2000,1000,2.5775724875554644,0.0605,1,6.231557995795313,6,True,-0.041974577237979475,-0.0025939223608738354,0.1017248192326125,0.05203879083317781,569.0956589955557,550.7288927495091,279.42762238478474,89.3865540292061,9,7.7,
beMTPL97,TabPFN-V3,2,100.0,clip,200.0,1,2000,1000,2.5775724875554644,0.0605,1,6.231557995795313,1,True,0.5250328301853193,0.06858847657951132,-0.00892657169884763,0.22396969746001927,569.0196080428318,552.6853150486196,278.89108164218385,69.80555606045608,11,8.4,
beMTPL97,TabPFN-V3,2,100.0,log,0.0,1,2000,1000,2.5775724875554644,0.0605,1,6.231557995795313,0,True,0.6649608493489687,0.1188716748411123,0.254554494709637,0.32799491105386835,563.1145006274323,549.7001913021853,280.88945913057705,59.01149451914059,7,8.0,
beMTPL97,TabPFN-V3,2,100.0,tail_log,50.0,1,2000,1000,2.5775724875554644,0.0605,1,6.231557995795313,6,True,0.10425553338893798,0.03309758389704671,-0.03564215822260966,0.13441375026864683,568.0980606605473,551.8512964119659,279.12455215890435,77.16773794985075,10,7.9,
beMTPL97,TabPFN-V3,2,100.0,evt_trim,0.0,1,2000,1000,2.5775724875554644,0.0605,1,6.231557995795313,0,False,0.6372490948140843,0.023252116322475404,-0.2041250554688251,0.525027447173045,567.6536848670426,555.7584748390445,282.23412050362305,65.09700270366221,21,8.0,
beMTPL97,TabICLv2,2,1.0,raw,0.0,1,2000,1000,1.0784447259566148,0.0605,90,0.062315579957953136,0,,0.0,0.0,0.0,0.0,563.4553836020893,576.1501545274667,309.0417559158441,100.37150188272169,6,0.0,
beMTPL97,TabICLv2,2,1.0,clip,50.0,1,2000,1000,1.0784447259566148,0.0605,90,0.062315579957953136,5,,-0.024263009277122737,-0.017961173751841794,-0.08922456532539733,-0.09687248541981693,562.729617606576,571.3961920219498,301.89119788256846,104.31169383975293,7,4.7,
beMTPL97,TabICLv2,2,1.0,clip,200.0,1,2000,1000,1.0784447259566148,0.0605,90,0.062315579957953136,0,,0.0,0.0,0.0,0.0,563.4553836020893,576.1501545274667,309.0417559158441,100.37150188272169,6,4.5,
beMTPL97,TabICLv2,2,1.0,log,0.0,1,2000,1000,1.0784447259566148,0.0605,90,0.062315579957953136,0,,0.013663588968401388,-0.044149049561882495,-0.018273304350268922,1.9461667311187074,564.4680111345833,560.8278615725953,337.66518165115696,109.88432448883154,6,4.3,
beMTPL97,TabICLv2,2,1.0,tail_log,50.0,1,2000,1000,1.0784447259566148,0.0605,90,0.062315579957953136,5,,-0.003974715865201793,-0.0036420851237488096,-0.014947537870827695,-0.016842142048188624,563.2641402277895,575.3242607019539,308.16349061985153,101.20785901005036,6,4.5,
beMTPL97,TabICLv2,2,1.0,evt_trim,0.0,1,2000,1000,1.0784447259566148,0.0605,90,0.062315579957953136,0,,0.0,0.0,0.0,0.0,563.4553836020893,576.1501545274667,309.0417559158441,100.37150188272169,6,4.5,
beMTPL97,TabICLv2,2,100.0,raw,0.0,1,2000,1000,2.5775724875554644,0.0605,1,6.231557995795313,0,False,0.1080252652390183,0.04842833784657808,0.09984533575498383,0.30863828612174493,565.6511875860214,562.5683951472431,333.8158931371609,84.16648763369827,4,4.5,
beMTPL97,TabICLv2,2,100.0,clip,50.0,1,2000,1000,2.5775724875554644,0.0605,1,6.231557995795313,6,True,-0.01876594750081717,-0.02054546271089159,-0.07767322605612988,-0.07588027945777638,563.1502161636771,572.6169020738267,308.37591977326593,106.03358563076857,6,4.6,
beMTPL97,TabICLv2,2,100.0,clip,200.0,1,2000,1000,2.5775724875554644,0.0605,1,6.231557995795313,1,True,0.040305298540208326,0.013362106596635358,0.15209923573242703,0.2171233747153289,564.5708266781425,578.1736208756913,329.3361949221847,89.2677976170967,5,4.4,
beMTPL97,TabICLv2,2,100.0,log,0.0,1,2000,1000,2.5775724875554644,0.0605,1,6.231557995795313,0,True,0.01370454657285889,-0.0433429036207093,0.06846638711136228,2.388673528010333,564.0752340708538,560.8027661143028,351.4894372462434,124.90002736531899,6,4.4,
beMTPL97,TabICLv2,2,100.0,tail_log,50.0,1,2000,1000,2.5775724875554644,0.0605,1,6.231557995795313,6,True,0.029826877177788702,0.004651697017384658,0.09836908846317707,0.1435952780519972,564.469280725251,579.106016456746,322.60919489947054,92.58252310898423,5,4.4,
beMTPL97,TabICLv2,2,100.0,evt_trim,0.0,1,2000,1000,2.5775724875554644,0.0605,1,6.231557995795313,0,False,0.1080252652390183,0.04842833784657808,0.09984533575498383,0.30863828612174493,565.6511875860214,562.5683951472431,333.8158931371609,84.16648763369827,4,4.3,
beMTPL97,GBM,2,1.0,raw,0.0,1,2000,1000,1.0784447259566148,0.0605,90,0.062315579957953136,0,,0.0,0.0,0.0,0.0,568.375451790515,555.990991266428,284.18287390289026,119.7782591760742,6,0.0,
beMTPL97,GBM,2,1.0,clip,50.0,1,2000,1000,1.0784447259566148,0.0605,90,0.062315579957953136,5,,0.0,0.0,0.027094844791195224,-0.20659058242735728,568.375451790515,555.8459261082764,287.8849567194432,120.16838395636783,6,4.7,
beMTPL97,GBM,2,1.0,clip,200.0,1,2000,1000,1.0784447259566148,0.0605,90,0.062315579957953136,0,,0.0,0.0,0.0,0.0,568.375451790515,555.990991266428,284.18287390289026,119.7782591760742,6,4.6,
beMTPL97,GBM,2,1.0,log,0.0,1,2000,1000,1.0784447259566148,0.0605,90,0.062315579957953136,0,,-0.007266910809100027,0.0042125673503944985,0.0051978121311776065,-1.8661518444242218e-11,569.0315665204166,553.917803899884,290.7113239642499,119.1979439118628,6,4.4,
beMTPL97,GBM,2,1.0,tail_log,50.0,1,2000,1000,1.0784447259566148,0.0605,90,0.062315579957953136,5,,0.0,0.0,-0.012138613988281166,-1.884829673491993e-11,568.375451790515,555.9725159719039,285.73754972054815,119.62635447805906,6,4.6,
beMTPL97,GBM,2,1.0,evt_trim,0.0,1,2000,1000,1.0784447259566148,0.0605,90,0.062315579957953136,0,,0.0,0.0,0.0,0.0,568.375451790515,555.990991266428,284.18287390289026,119.7782591760742,6,4.7,
beMTPL97,GBM,2,100.0,raw,0.0,1,2000,1000,2.5775724875554644,0.0605,1,6.231557995795313,0,False,0.0,0.0,0.01871326543677192,0.15852048266481134,568.375451790515,555.990991266428,298.42563686272695,143.90188855635873,6,4.6,
beMTPL97,GBM,2,100.0,clip,50.0,1,2000,1000,2.5775724875554644,0.0605,1,6.231557995795313,6,True,0.0,0.0,0.008657782787369008,-0.046424321698984625,568.375451790515,555.8459261082764,297.7740114520439,119.3529468867091,6,4.3,
beMTPL97,GBM,2,100.0,clip,200.0,1,2000,1000,2.5775724875554644,0.0605,1,6.231557995795313,1,True,0.0,0.0,0.01871326543677192,0.15852048266481134,568.375451790515,555.990991266428,298.42563686272695,128.3104842298897,6,4.4,
beMTPL97,GBM,2,100.0,log,0.0,1,2000,1000,2.5775724875554644,0.0605,1,6.231557995795313,0,True,-0.007266910809100027,0.0042125673503944985,0.024698680417383233,0.15852048265027235,569.0315665204166,553.917803899884,298.08752581520497,139.2938875619666,6,4.6,
beMTPL97,GBM,2,100.0,tail_log,50.0,1,2000,1000,2.5775724875554644,0.0605,1,6.231557995795313,6,True,0.0,0.0,0.019624864864081982,0.15852048265014404,568.375451790515,555.9725159719039,298.64244877409095,140.0487840379771,6,4.5,
beMTPL97,GBM,2,100.0,evt_trim,0.0,1,2000,1000,2.5775724875554644,0.0605,1,6.231557995795313,0,False,0.0,0.0,0.01871326543677192,0.15852048266481134,568.375451790515,555.990991266428,298.42563686272695,143.90188855635873,6,4.9,
beMTPL97,TabPFN-V3,3,1.0,raw,0.0,1,2000,1000,1.1302546329114334,0.0985,85,0.06085340699815837,0,,0.0,0.0,0.0,0.0,547.5710466169128,522.1031527528962,265.28666499714274,89.92874508400556,11,0.0,
beMTPL97,TabPFN-V3,3,1.0,clip,50.0,1,2000,1000,1.1302546329114334,0.0985,85,0.06085340699815837,1,,0.02398341781299731,0.004107693157478148,0.009293668842150528,-0.05173213153904222,546.6944958216496,521.5843243290775,266.2650851314201,93.74928329494306,11,8.1,
beMTPL97,TabPFN-V3,3,1.0,clip,200.0,1,2000,1000,1.1302546329114334,0.0985,85,0.06085340699815837,0,,0.0,0.0,0.0,0.0,547.5710466169128,522.1031527528962,265.28666499714274,89.92874508400556,11,8.0,
beMTPL97,TabPFN-V3,3,1.0,log,0.0,1,2000,1000,1.1302546329114334,0.0985,85,0.06085340699815837,0,,0.7098611075611171,0.09790277033216603,0.15221647873100574,-0.009559702345999817,543.4313905596833,517.867660014991,279.7022780498917,100.61390155512065,8,7.7,
beMTPL97,TabPFN-V3,3,1.0,tail_log,50.0,1,2000,1000,1.1302546329114334,0.0985,85,0.06085340699815837,1,,0.01323741992505429,0.002103861271114944,0.007721966888409785,-0.009290449651051146,547.2961228537265,521.8119571596344,266.0881744917717,90.8062478571861,11,7.7,
beMTPL97,TabPFN-V3,3,1.0,evt_trim,0.0,1,2000,1000,1.1302546329114334,0.0985,85,0.06085340699815837,0,,0.0,0.0,0.0,0.0,547.5710466169128,522.1031527528962,265.28666499714274,89.92874508400556,11,7.9,
beMTPL97,TabPFN-V3,3,100.0,raw,0.0,1,2000,1000,3.0515972421121482,0.0985,1,6.085340699815838,0,False,0.48252763158359835,0.062287850389786834,-0.17032920990801004,0.06497913378951257,544.1167998171952,522.1554686556259,264.09599838555334,98.05465421626793,13,7.8,
beMTPL97,TabPFN-V3,3,100.0,clip,50.0,1,2000,1000,3.0515972421121482,0.0985,1,6.085340699815838,2,True,0.009726606469201827,0.005600670279202937,0.03598869875595949,0.004271050366237213,547.8860636823961,522.4521058966759,266.452226098217,88.07169479439293,11,8.0,
beMTPL97,TabPFN-V3,3,100.0,clip,200.0,1,2000,1000,3.0515972421121482,0.0985,1,6.085340699815838,1,True,0.23262368366888173,0.04250962349370616,-0.012988928454922987,0.18418232443052307,546.0399118060084,520.270994301866,268.3624371862064,83.0748212455648,12,7.6,
beMTPL97,TabPFN-V3,3,100.0,log,0.0,1,2000,1000,3.0515972421121482,0.0985,1,6.085340699815838,0,True,0.6866518733933948,0.08965233443002216,0.16715559437711586,0.028895326576837698,543.6894861666444,518.5828251359931,277.5767644974898,92.02110730355093,8,7.8,
beMTPL97,TabPFN-V3,3,100.0,tail_log,50.0,1,2000,1000,3.0515972421121482,0.0985,1,6.085340699815838,2,True,-0.09665208560467609,-0.0020004645758486287,-0.023468400082040337,0.12422239877573635,549.9391920276516,523.1689472503161,269.69227587694724,83.98012936814162,12,8.0,
beMTPL97,TabPFN-V3,3,100.0,evt_trim,0.0,1,2000,1000,3.0515972421121482,0.0985,1,6.085340699815838,0,False,0.48252763158359835,0.062287850389786834,-0.17032920990801004,0.06497913378951257,544.1167998171952,522.1554686556259,264.09599838555334,98.05465421626793,13,8.0,
beMTPL97,TabICLv2,3,1.0,raw,0.0,1,2000,1000,1.1302546329114334,0.0985,85,0.06085340699815837,0,,0.0,0.0,0.0,0.0,544.5325806634075,540.6138468503291,280.93773953884113,137.96829288150462,8,0.0,
beMTPL97,TabICLv2,3,1.0,clip,50.0,1,2000,1000,1.1302546329114334,0.0985,85,0.06085340699815837,1,,0.0003993073804799714,0.0035016535073004703,-0.028427445057581355,-0.03660240689597469,544.7317745753498,539.6053795286213,277.58363781032546,139.2929520807234,8,4.6,
beMTPL97,TabICLv2,3,1.0,clip,200.0,1,2000,1000,1.1302546329114334,0.0985,85,0.06085340699815837,0,,0.0,0.0,0.0,0.0,544.5325806634075,540.6138468503291,280.93773953884113,137.96829288150462,8,4.4,
beMTPL97,TabICLv2,3,1.0,log,0.0,1,2000,1000,1.1302546329114334,0.0985,85,0.06085340699815837,0,,0.10792261443372336,0.04745145832928929,0.24398975124020728,2.2444821925584164,543.20960258682,514.0951666545617,285.7209968097337,66.59912056737622,6,4.3,
beMTPL97,TabICLv2,3,1.0,tail_log,50.0,1,2000,1000,1.1302546329114334,0.0985,85,0.06085340699815837,1,,-0.0019637103346229,0.0002504777571597787,-0.004064082804689392,-0.005662835266610697,544.5574635963104,540.3878762204462,280.3819568093489,138.0934428590437,8,4.4,
beMTPL97,TabICLv2,3,1.0,evt_trim,0.0,1,2000,1000,1.1302546329114334,0.0985,85,0.06085340699815837,0,,0.0,0.0,0.0,0.0,544.5325806634075,540.6138468503291,280.93773953884113,137.96829288150462,8,4.6,
beMTPL97,TabICLv2,3,100.0,raw,0.0,1,2000,1000,3.0515972421121482,0.0985,1,6.085340699815838,0,False,0.21805478125439853,0.11006106633903495,-0.001421861334960364,0.17337049812325778,541.9469951731334,529.7120593241398,295.7929676035986,124.77139298746167,9,4.5,
beMTPL97,TabICLv2,3,100.0,clip,50.0,1,2000,1000,3.0515972421121482,0.0985,1,6.085340699815838,2,True,0.017732585958440836,0.01563367319902983,0.018012286727730295,0.016134045471084477,544.9589690924685,542.6241626759472,281.8651882790754,139.1302928624617,8,4.5,
beMTPL97,TabICLv2,3,100.0,clip,200.0,1,2000,1000,3.0515972421121482,0.0985,1,6.085340699815838,1,True,0.13434113224300184,0.05019746848534347,0.0973165575647114,0.19530201180706136,543.7046462649611,537.8117378259252,297.61136646420334,130.3729937892195,7,4.6,
beMTPL97,TabICLv2,3,100.0,log,0.0,1,2000,1000,3.0515972421121482,0.0985,1,6.085340699815838,0,True,0.11101807275234256,0.04763783220689872,0.34676120257270676,2.711029110769949,543.2084749019219,514.0831115908672,296.087515031911,78.97205823192802,5,4.3,
beMTPL97,TabICLv2,3,100.0,tail_log,50.0,1,2000,1000,3.0515972421121482,0.0985,1,6.085340699815838,2,True,0.09830111817448667,0.030846804649045764,0.08978767387904737,0.16381353752674271,544.0428398965561,541.5383562389468,294.2664072102046,132.30114781174342,7,4.5,
beMTPL97,TabICLv2,3,100.0,evt_trim,0.0,1,2000,1000,3.0515972421121482,0.0985,1,6.085340699815838,0,False,0.21805478125439853,0.11006106633903495,-0.001421861334960364,0.17337049812325778,541.9469951731334,529.7120593241398,295.7929676035986,124.77139298746167,9,4.8,
beMTPL97,GBM,3,1.0,raw,0.0,1,2000,1000,1.1302546329114334,0.0985,85,0.06085340699815837,0,,0.0,0.0,0.0,0.0,544.6436089324919,525.6501888203153,277.7980283306831,111.52252699651291,13,0.0,
beMTPL97,GBM,3,1.0,clip,50.0,1,2000,1000,1.1302546329114334,0.0985,85,0.06085340699815837,1,,0.0,0.0,-0.017547410026485924,5.7053237892037745e-05,544.6436089324919,525.6501888203153,285.0676511172378,112.37137454140031,16,4.8,
beMTPL97,GBM,3,1.0,clip,200.0,1,2000,1000,1.1302546329114334,0.0985,85,0.06085340699815837,0,,0.0,0.0,0.0,0.0,544.6436089324919,525.6501888203153,277.7980283306831,111.52252699651291,13,4.5,
beMTPL97,GBM,3,1.0,log,0.0,1,2000,1000,1.1302546329114334,0.0985,85,0.06085340699815837,0,,-0.011258026842040834,-0.018886881264621208,-0.12735860603991786,0.0005493569941620657,546.917767827051,524.6887398149648,279.44340967637066,113.2786287904653,18,4.7,
beMTPL97,GBM,3,1.0,tail_log,50.0,1,2000,1000,1.1302546329114334,0.0985,85,0.06085340699815837,1,,0.0,0.0,0.05310536330306662,-4.509920555033784e-05,544.6436089324919,525.6501888203153,272.7542059998552,111.6807566175403,11,4.1,
beMTPL97,GBM,3,1.0,evt_trim,0.0,1,2000,1000,1.1302546329114334,0.0985,85,0.06085340699815837,0,,0.0,0.0,0.0,0.0,544.6436089324919,525.6501888203153,277.7980283306831,111.52252699651291,13,4.4,
beMTPL97,GBM,3,100.0,raw,0.0,1,2000,1000,3.0515972421121482,0.0985,1,6.085340699815838,0,False,0.0,-0.009576804027743368,0.03933183429870428,0.18101168282496877,544.6436089324919,525.4116362022991,284.3798183652516,125.52547882295806,12,4.4,
beMTPL97,GBM,3,100.0,clip,50.0,1,2000,1000,3.0515972421121482,0.0985,1,6.085340699815838,2,True,0.0,-0.009576804027743368,-0.010843155899342538,0.02389777331434518,544.6436089324919,525.4116362022991,274.9423638269169,119.95565208119096,11,4.0,
beMTPL97,GBM,3,100.0,clip,200.0,1,2000,1000,3.0515972421121482,0.0985,1,6.085340699815838,1,True,0.0,-0.009576804027743368,-0.02287620234388579,0.04869618221918927,544.6436089324919,525.4116362022991,281.35431373822234,117.23474767400441,13,4.3,
beMTPL97,GBM,3,100.0,log,0.0,1,2000,1000,3.0515972421121482,0.0985,1,6.085340699815838,0,True,-0.011258026842040834,-0.03211489586903841,0.07893775424259059,0.07596441129903589,546.917767827051,525.413075074402,267.17378831487775,116.21748568401175,11,4.4,
beMTPL97,GBM,3,100.0,tail_log,50.0,1,2000,1000,3.0515972421121482,0.0985,1,6.085340699815838,2,True,0.0,-0.009576804027743368,-0.04916411608981329,0.15877193765903047,544.6436089324919,525.4116362022991,289.88470273572705,112.69897027375195,13,4.1,
beMTPL97,GBM,3,100.0,evt_trim,0.0,1,2000,1000,3.0515972421121482,0.0985,1,6.085340699815838,0,False,0.0,-0.009576804027743368,0.03933183429870428,0.18101168282496877,544.6436089324919,525.4116362022991,284.3798183652516,125.52547882295806,12,4.7,
beMTPL97,TabPFN-V3,4,1.0,raw,0.0,1,2000,1000,1.0506555529276198,0.109,198,0.060826515190994836,0,,0.0,0.0,0.0,0.0,481.9658262621743,432.67746644636304,157.8987299155537,32.2383848524544,10,0.0,
beMTPL97,TabPFN-V3,4,1.0,clip,50.0,1,2000,1000,1.0506555529276198,0.109,198,0.060826515190994836,0,,0.0,0.0,0.0,0.0,481.9658262621743,432.67746644636304,157.8987299155537,32.2383848524544,10,8.1,
beMTPL97,TabPFN-V3,4,1.0,clip,200.0,1,2000,1000,1.0506555529276198,0.109,198,0.060826515190994836,0,,0.0,0.0,0.0,0.0,481.9658262621743,432.67746644636304,157.8987299155537,32.2383848524544,10,8.1,
beMTPL97,TabPFN-V3,4,1.0,log,0.0,1,2000,1000,1.0506555529276198,0.109,198,0.060826515190994836,0,,0.7736354773461871,0.16754359563551305,0.20115060984435418,0.006745149811958583,481.3651105581844,429.09608826817,162.7816336209933,32.58173452894174,8,8.0,
beMTPL97,TabPFN-V3,4,1.0,tail_log,50.0,1,2000,1000,1.0506555529276198,0.109,198,0.060826515190994836,0,,0.0,0.0,0.0,0.0,481.9658262621743,432.67746644636304,157.8987299155537,32.238387308439926,10,7.7,
beMTPL97,TabPFN-V3,4,1.0,evt_trim,0.0,1,2000,1000,1.0506555529276198,0.109,198,0.060826515190994836,0,,0.0,0.0,0.0,0.0,481.9658262621743,432.67746644636304,157.8987299155537,32.2383848524544,10,8.0,
beMTPL97,TabPFN-V3,4,100.0,raw,0.0,1,2000,1000,2.163645076408276,0.109,1,6.082651519099484,0,False,-0.048722381187152164,-0.005423975392301373,-0.23820977497485674,0.2445895142350924,485.1426913737273,434.8077436915773,164.46197231968213,40.52272275089191,13,8.1,
beMTPL97,TabPFN-V3,4,100.0,clip,50.0,1,2000,1000,2.163645076408276,0.109,1,6.082651519099484,1,True,0.006824619458930501,0.013373138212447167,0.060152897314869024,0.0648786383084482,481.65520717897823,432.1088228461726,158.9860230307881,34.84144573136066,10,7.6,
beMTPL97,TabPFN-V3,4,100.0,clip,200.0,1,2000,1000,2.163645076408276,0.109,1,6.082651519099484,1,True,0.1252736461899255,0.03681186822120865,-0.09273731341279962,0.2606635345446294,481.42718842466746,431.7418007578564,158.67448889192704,40.67358454776691,11,7.8,
beMTPL97,TabPFN-V3,4,100.0,log,0.0,1,2000,1000,2.163645076408276,0.109,1,6.082651519099484,0,True,0.7289654309546831,0.16401873261940292,0.2765314937166312,0.07887652812170137,480.91823006835955,428.8151114815859,166.78761784797484,34.994816487856085,7,8.4,
beMTPL97,TabPFN-V3,4,100.0,tail_log,50.0,1,2000,1000,2.163645076408276,0.109,1,6.082651519099484,1,True,-0.15467553017362579,0.005608194105589052,0.025449644952685445,0.174427832402194,486.57768422334874,433.4559293919974,156.65844461281932,37.96687533913364,10,8.0,
beMTPL97,TabPFN-V3,4,100.0,evt_trim,0.0,1,2000,1000,2.163645076408276,0.109,1,6.082651519099484,0,False,-0.048722381187152164,-0.005423975392301373,-0.23820977497485674,0.2445895142350924,485.1426913737273,434.8077436915773,164.46197231968213,40.52272275089191,13,7.7,
beMTPL97,TabICLv2,4,1.0,raw,0.0,1,2000,1000,1.0506555529276198,0.109,198,0.060826515190994836,0,,0.0,0.0,0.0,0.0,481.2632027701746,437.0051418621419,150.48101172119246,29.156550269769184,6,0.0,
beMTPL97,TabICLv2,4,1.0,clip,50.0,1,2000,1000,1.0506555529276198,0.109,198,0.060826515190994836,0,,0.0,0.0,0.0,0.0,481.2632027701746,437.0051418621419,150.48101172119246,29.156550269769184,6,4.3,
beMTPL97,TabICLv2,4,1.0,clip,200.0,1,2000,1000,1.0506555529276198,0.109,198,0.060826515190994836,0,,0.0,0.0,0.0,0.0,481.2632027701746,437.0051418621419,150.48101172119246,29.156550269769184,6,4.4,
beMTPL97,TabICLv2,4,1.0,log,0.0,1,2000,1000,1.0506555529276198,0.109,198,0.060826515190994836,0,,0.021977996175294348,-0.04044975725291833,0.06516830313862668,1.8027692879382355,480.4402131538244,432.59938922551794,152.58985952778318,54.86887739496528,5,4.5,
beMTPL97,TabICLv2,4,1.0,tail_log,50.0,1,2000,1000,1.0506555529276198,0.109,198,0.060826515190994836,0,,0.0,0.0,0.0,0.0,481.2632027701746,437.0051418621419,150.48101172119246,29.156550269769184,6,4.4,
beMTPL97,TabICLv2,4,1.0,evt_trim,0.0,1,2000,1000,1.0506555529276198,0.109,198,0.060826515190994836,0,,0.0,0.0,0.0,0.0,481.2632027701746,437.0051418621419,150.48101172119246,29.156550269769184,6,4.2,
beMTPL97,TabICLv2,4,100.0,raw,0.0,1,2000,1000,2.163645076408276,0.109,1,6.082651519099484,0,False,0.09930956992696494,0.018872752048451007,0.3525384972271229,0.5249395274122335,479.73070490847084,431.36505641807895,180.41591402208184,28.9800610477669,4,4.7,
beMTPL97,TabICLv2,4,100.0,clip,50.0,1,2000,1000,2.163645076408276,0.109,1,6.082651519099484,1,True,0.005654480180510897,0.001393561059946852,0.05527538350920595,0.06140880200387862,480.1976234419759,436.8115860136432,153.98358128802576,27.471957047112934,5,4.5,
beMTPL97,TabICLv2,4,100.0,clip,200.0,1,2000,1000,2.163645076408276,0.109,1,6.082651519099484,1,True,0.0571318068354615,0.012261920951724457,0.4018569246693351,0.5070488363724186,479.4743026303266,434.7379119764627,183.68256428887256,28.200142499915337,3,4.3,
beMTPL97,TabICLv2,4,100.0,log,0.0,1,2000,1000,2.163645076408276,0.109,1,6.082651519099484,0,True,0.013884327209875945,-0.0354027139681591,0.11956100639294491,2.1153241954078226,479.96049198297544,432.94774369250763,159.79756421754706,62.14268369256414,5,4.5,
beMTPL97,TabICLv2,4,100.0,tail_log,50.0,1,2000,1000,2.163645076408276,0.109,1,6.082651519099484,1,True,0.02200563305795665,0.004143503349276149,0.2962591961816489,0.33853398780546506,479.7980376255319,437.22249168005703,175.0022389617241,25.137819247177546,3,4.6,
beMTPL97,TabICLv2,4,100.0,evt_trim,0.0,1,2000,1000,2.163645076408276,0.109,1,6.082651519099484,0,False,0.09930956992696494,0.018872752048451007,0.3525384972271229,0.5249395274122335,479.73070490847084,431.36505641807895,180.41591402208184,28.9800610477669,4,4.2,
beMTPL97,GBM,4,1.0,raw,0.0,1,2000,1000,1.0506555529276198,0.109,198,0.060826515190994836,0,,0.0,0.0,0.0,0.0,484.32227436250116,426.5254194136468,163.92432544402737,48.531244462803386,12,0.0,
beMTPL97,GBM,4,1.0,clip,50.0,1,2000,1000,1.0506555529276198,0.109,198,0.060826515190994836,0,,0.0,0.0,0.0,0.0,484.32227436250116,426.5254194136468,163.92432544402737,48.531244462803386,12,4.7,
beMTPL97,GBM,4,1.0,clip,200.0,1,2000,1000,1.0506555529276198,0.109,198,0.060826515190994836,0,,0.0,0.0,0.0,0.0,484.32227436250116,426.5254194136468,163.92432544402737,48.531244462803386,12,4.3,
beMTPL97,GBM,4,1.0,log,0.0,1,2000,1000,1.0506555529276198,0.109,198,0.060826515190994836,0,,0.0007750572115721445,0.0018708366768037065,0.03213183442865746,-0.006791652470446015,482.3763329471391,422.10501390790716,171.01549969185925,44.964897942234686,14,4.8,
beMTPL97,GBM,4,1.0,tail_log,50.0,1,2000,1000,1.0506555529276198,0.109,198,0.060826515190994836,0,,0.0,0.0,0.0,0.0,484.32227436250116,426.5254194136468,163.92432544402737,48.531244462803386,12,4.7,
beMTPL97,GBM,4,1.0,evt_trim,0.0,1,2000,1000,1.0506555529276198,0.109,198,0.060826515190994836,0,,0.0,0.0,0.0,0.0,484.32227436250116,426.5254194136468,163.92432544402737,48.531244462803386,12,4.9,
beMTPL97,GBM,4,100.0,raw,0.0,1,2000,1000,2.163645076408276,0.109,1,6.082651519099484,0,False,0.0,-0.002529261658312499,0.2213462882270294,0.24445688032125026,484.32227436250116,426.2033426675011,182.69148610970794,54.09992441045796,10,4.3,
beMTPL97,GBM,4,100.0,clip,50.0,1,2000,1000,2.163645076408276,0.109,1,6.082651519099484,1,True,0.0,-0.002529261658312499,0.2213462882270294,0.4293306416623831,484.32227436250116,426.2033426675011,182.69148610970794,52.37868844884716,10,4.4,
beMTPL97,GBM,4,100.0,clip,200.0,1,2000,1000,2.163645076408276,0.109,1,6.082651519099484,1,True,0.0,-0.002529261658312499,0.2213462882270294,0.24445688032125026,484.32227436250116,426.2033426675011,182.69148610970794,52.508711796373724,10,4.1,
beMTPL97,GBM,4,100.0,log,0.0,1,2000,1000,2.163645076408276,0.109,1,6.082651519099484,0,True,0.0007750572115721445,0.014896827926496471,0.18076065203515582,0.3846918238728936,482.3763329471391,424.7218036114195,174.52562250218756,51.74303861027622,10,4.6,
beMTPL97,GBM,4,100.0,tail_log,50.0,1,2000,1000,2.163645076408276,0.109,1,6.082651519099484,1,True,0.0,-0.002529261658312499,0.2213462882270294,0.31527025664571035,484.32227436250116,426.2033426675011,182.69148610970794,52.055894069127014,10,4.9,
beMTPL97,GBM,4,100.0,evt_trim,0.0,1,2000,1000,2.163645076408276,0.109,1,6.082651519099484,0,False,0.0,-0.002529261658312499,0.2213462882270294,0.24445688032125026,484.32227436250116,426.2033426675011,182.69148610970794,54.09992441045796,10,4.4,
beMTPL97,TabPFN-V3,5,1.0,raw,0.0,1,2000,1000,1.1345200757181524,0.0875,85,0.05266084981397116,0,,0.0,0.0,0.0,0.0,602.8646991320443,638.0515156899226,418.29180827501756,127.54874353191647,18,0.0,
beMTPL97,TabPFN-V3,5,1.0,clip,50.0,1,2000,1000,1.1345200757181524,0.0875,85,0.05266084981397116,2,,-0.03449609142425919,-0.010831577548715153,-0.00316256236922024,-0.04159142223968848,603.1788367490581,638.4695512017429,417.08269620884386,130.21778687664306,17,7.4,
beMTPL97,TabPFN-V3,5,1.0,clip,200.0,1,2000,1000,1.1345200757181524,0.0875,85,0.05266084981397116,0,,0.0,0.0,0.0,0.0,602.8646991320443,638.0515156899226,418.29180827501756,127.54874353191647,18,7.7,
beMTPL97,TabPFN-V3,5,1.0,log,0.0,1,2000,1000,1.1345200757181524,0.0875,85,0.05266084981397116,0,,0.504820588075686,0.07865484433426037,0.147590506080157,0.6143935268248631,601.136958987297,635.5205752685239,401.5582657900627,100.44966255052483,17,8.1,
beMTPL97,TabPFN-V3,5,1.0,tail_log,50.0,1,2000,1000,1.1345200757181524,0.0875,85,0.05266084981397116,2,,0.005142974801360579,-0.0009461131346272197,0.00399854825478768,-0.004633352749116064,602.7836012316537,637.97051287775,417.17139645487777,128.14567677806838,17,7.9,
beMTPL97,TabPFN-V3,5,1.0,evt_trim,0.0,1,2000,1000,1.1345200757181524,0.0875,85,0.05266084981397116,0,,0.0,0.0,0.0,0.0,602.8646991320443,638.0515156899226,418.29180827501756,127.54874353191647,18,8.2,
beMTPL97,TabPFN-V3,5,100.0,raw,0.0,1,2000,1000,2.7116157484351744,0.0875,1,5.266084981397116,0,False,0.5565726703009967,0.08124223075554912,-0.14185851467631405,0.5574712725518698,599.3490309335931,636.6579435481376,430.1617711112367,122.21581290610949,24,7.9,
beMTPL97,TabPFN-V3,5,100.0,clip,50.0,1,2000,1000,2.7116157484351744,0.0875,1,5.266084981397116,3,True,-0.02112900725162333,-0.007632714517507295,0.03741372474676053,0.041425486679638135,603.2030253414276,638.2846006695377,417.6744893565605,117.83465067742428,18,7.9,
beMTPL97,TabPFN-V3,5,100.0,clip,200.0,1,2000,1000,2.7116157484351744,0.0875,1,5.266084981397116,1,True,0.18986792371305583,0.033705932098997984,-0.028329345739202007,0.25529057093621754,598.8840378512471,636.369332869379,429.0708672792633,117.47671343624428,21,8.0,
beMTPL97,TabPFN-V3,5,100.0,log,0.0,1,2000,1000,2.7116157484351744,0.0875,1,5.266084981397116,0,True,0.4755453588185937,0.06966426228990598,0.1399891009979976,0.7776752204572036,601.6899284997505,636.8787421474045,407.8133811569859,115.41143848792953,17,7.8,
beMTPL97,TabPFN-V3,5,100.0,tail_log,50.0,1,2000,1000,2.7116157484351744,0.0875,1,5.266084981397116,3,True,0.16264221287247302,0.02337353886066254,0.009961639600933379,0.19831284866513652,598.8551595947068,636.5730570860107,425.3866610250275,130.60155560582965,20,8.6,
beMTPL97,TabPFN-V3,5,100.0,evt_trim,0.0,1,2000,1000,2.7116157484351744,0.0875,1,5.266084981397116,0,False,0.5565726703009967,0.08124223075554912,-0.14185851467631405,0.5574712725518698,599.3490309335931,636.6579435481376,430.1617711112367,122.21581290610949,24,8.0,
beMTPL97,TabICLv2,5,1.0,raw,0.0,1,2000,1000,1.1345200757181524,0.0875,85,0.05266084981397116,0,,0.0,0.0,0.0,0.0,605.2654243513803,683.0057523820682,362.1969324565999,153.63373797365114,17,0.0,
beMTPL97,TabICLv2,5,1.0,clip,50.0,1,2000,1000,1.1345200757181524,0.0875,85,0.05266084981397116,2,,-0.003473630464974618,0.006115715409091364,-0.010900780488638847,-0.031445023855999045,603.6639625977161,672.1527749528691,360.3080132474791,159.5767790405457,16,4.3,
beMTPL97,TabICLv2,5,1.0,clip,200.0,1,2000,1000,1.1345200757181524,0.0875,85,0.05266084981397116,0,,0.0,0.0,0.0,0.0,605.2654243513803,683.0057523820682,362.1969324565999,153.63373797365114,17,4.3,
beMTPL97,TabICLv2,5,1.0,log,0.0,1,2000,1000,1.1345200757181524,0.0875,85,0.05266084981397116,0,,-0.0642895298000711,0.01388743973729514,0.14615737394442269,1.8084640504882907,600.7297705284836,644.4182031336063,361.24708703278935,76.46708985621117,14,4.7,
beMTPL97,TabICLv2,5,1.0,tail_log,50.0,1,2000,1000,1.1345200757181524,0.0875,85,0.05266084981397116,2,,0.0007675491707425249,0.0019955000234899004,-0.005420056757917211,-0.01028459059503694,605.1341636974585,681.0131905778691,363.0795266370411,156.33933206400127,16,4.4,
beMTPL97,TabICLv2,5,1.0,evt_trim,0.0,1,2000,1000,1.1345200757181524,0.0875,85,0.05266084981397116,0,,0.0,0.0,0.0,0.0,605.2654243513803,683.0057523820682,362.1969324565999,153.63373797365114,17,4.4,
beMTPL97,TabICLv2,5,100.0,raw,0.0,1,2000,1000,2.7116157484351744,0.0875,1,5.266084981397116,0,False,0.07014791688964289,0.07109874572471013,-0.013935071631004645,0.17425861209609744,600.3726724858743,660.2590018185724,390.9560351115656,149.1692381908256,15,4.5,
beMTPL97,TabICLv2,5,100.0,clip,50.0,1,2000,1000,2.7116157484351744,0.0875,1,5.266084981397116,3,True,-0.007181529664810546,0.013084958507056658,0.017730118159507247,0.0034613881209819724,604.2012211560628,676.5075429392615,364.7036309574401,158.75254133888552,16,4.2,
beMTPL97,TabICLv2,5,100.0,clip,200.0,1,2000,1000,2.7116157484351744,0.0875,1,5.266084981397116,1,True,0.052429918679516366,0.020351981960082775,0.06131712159089052,0.14415699044191427,599.3893185838192,687.6173894957917,366.21740788798417,133.9095491168298,14,4.4,
beMTPL97,TabICLv2,5,100.0,log,0.0,1,2000,1000,2.7116157484351744,0.0875,1,5.266084981397116,0,True,-0.06042266359888057,0.01253354093652774,0.2257658866469191,2.173929248180775,601.0626424530763,643.3886686095084,365.2942561361679,87.45833806846608,13,4.3,
beMTPL97,TabICLv2,5,100.0,tail_log,50.0,1,2000,1000,2.7116157484351744,0.0875,1,5.266084981397116,3,True,0.056679817809224764,0.016403684180506868,0.08399622738990058,0.14132095410628187,602.7221577309014,698.7811752063664,360.46852602792785,130.67696868606157,15,4.4,
beMTPL97,TabICLv2,5,100.0,evt_trim,0.0,1,2000,1000,2.7116157484351744,0.0875,1,5.266084981397116,0,False,0.07014791688964289,0.07109874572471013,-0.013935071631004645,0.17425861209609744,600.3726724858743,660.2590018185724,390.9560351115656,149.1692381908256,15,4.5,
beMTPL97,GBM,5,1.0,raw,0.0,1,2000,1000,1.1345200757181524,0.0875,85,0.05266084981397116,0,,0.0,0.0,0.0,0.0,604.4333394790617,636.6870097969595,386.76240895361616,137.7500789576269,21,0.0,
beMTPL97,GBM,5,1.0,clip,50.0,1,2000,1000,1.1345200757181524,0.0875,85,0.05266084981397116,2,,0.0,0.0,0.02705420478715809,0.3306203148468186,604.4333394790617,636.6870097969595,381.8155164379128,97.07042066899913,16,4.2,
beMTPL97,GBM,5,1.0,clip,200.0,1,2000,1000,1.1345200757181524,0.0875,85,0.05266084981397116,0,,0.0,0.0,0.0,0.0,604.4333394790617,636.6870097969595,386.76240895361616,137.7500789576269,21,4.4,
beMTPL97,GBM,5,1.0,log,0.0,1,2000,1000,1.1345200757181524,0.0875,85,0.05266084981397116,0,,-0.046779865055885494,-0.0021375259552626836,-0.07459684387150901,0.1271285617287339,600.8309284622707,641.3688372072618,400.761338268009,119.97679644533274,20,4.1,
beMTPL97,GBM,5,1.0,tail_log,50.0,1,2000,1000,1.1345200757181524,0.0875,85,0.05266084981397116,2,,0.0,0.0,-0.0020006893985706114,-0.00359480878281051,604.4333394790617,636.6870097969595,377.04517675062596,136.12597303507337,19,4.6,
beMTPL97,GBM,5,1.0,evt_trim,0.0,1,2000,1000,1.1345200757181524,0.0875,85,0.05266084981397116,0,,0.0,0.0,0.0,0.0,604.4333394790617,636.6870097969595,386.76240895361616,137.7500789576269,21,4.8,
beMTPL97,GBM,5,100.0,raw,0.0,1,2000,1000,2.7116157484351744,0.0875,1,5.266084981397116,0,False,0.0,0.0,0.06181759118213006,1.4362198200511593,604.4333394790617,636.6870097969595,376.593340188911,67.65513360677917,19,4.9,
beMTPL97,GBM,5,100.0,clip,50.0,1,2000,1000,2.7116157484351744,0.0875,1,5.266084981397116,3,True,0.0,0.0,0.026349163854995722,1.3896361709769764,604.4333394790617,636.6870097969595,375.52126647306454,64.28206326620634,19,4.6,
beMTPL97,GBM,5,100.0,clip,200.0,1,2000,1000,2.7116157484351744,0.0875,1,5.266084981397116,1,True,0.0,0.0,0.06181759118213006,1.2513965482978118,604.4333394790617,636.6870097969595,376.593340188911,67.0210584497959,19,4.5,
beMTPL97,GBM,5,100.0,log,0.0,1,2000,1000,2.7116157484351744,0.0875,1,5.266084981397116,0,True,-0.046779865055885494,-0.0021375259552626836,-0.03043531120134526,1.3510569224414648,600.8309284622707,641.3688372072618,408.31488031681744,66.98201657993437,20,4.5,
beMTPL97,GBM,5,100.0,tail_log,50.0,1,2000,1000,2.7116157484351744,0.0875,1,5.266084981397116,3,True,0.0,0.0,0.048003355093790334,1.3129436557701317,604.4333394790617,636.6870097969595,377.9866788354371,66.75062560874639,19,4.3,
beMTPL97,GBM,5,100.0,evt_trim,0.0,1,2000,1000,2.7116157484351744,0.0875,1,5.266084981397116,0,False,0.0,0.0,0.06181759118213006,1.4362198200511593,604.4333394790617,636.6870097969595,376.593340188911,67.65513360677917,19,4.9,
beMTPL97,TabPFN-V3,6,1.0,raw,0.0,1,2000,1000,1.1080930338557713,0.09,36,0.1350576025437534,0,,0.0,0.0,0.0,0.0,549.1277981930228,520.1038879672648,218.68719021666382,43.54707754244665,11,0.0,
beMTPL97,TabPFN-V3,6,1.0,clip,50.0,1,2000,1000,1.1080930338557713,0.09,36,0.1350576025437534,2,,-0.04187350511239377,-0.010157311032269242,0.0010167266708404866,-0.018831171355054556,549.6025014514483,520.2141798384827,216.26398589985283,42.614557061977905,10,7.7,
beMTPL97,TabPFN-V3,6,1.0,clip,200.0,1,2000,1000,1.1080930338557713,0.09,36,0.1350576025437534,0,,0.0,0.0,0.0,0.0,549.1277981930228,520.1038879672648,218.68719021666382,43.54707754244665,11,7.6,
beMTPL97,TabPFN-V3,6,1.0,log,0.0,1,2000,1000,1.1080930338557713,0.09,36,0.1350576025437534,0,,1.1167834642690475,0.23977588516395187,0.11540282265472773,0.016530055463097423,540.4431909160351,509.1816800762296,222.70610578764664,43.82246627171687,9,7.6,
beMTPL97,TabPFN-V3,6,1.0,tail_log,50.0,1,2000,1000,1.1080930338557713,0.09,36,0.1350576025437534,2,,-0.0065882637259616255,-0.0031940760401469813,-0.004494771638194836,-0.014050606797405024,549.1596858126446,520.2159363280718,219.30945333189823,43.26331482234677,11,8.0,
beMTPL97,TabPFN-V3,6,1.0,evt_trim,0.0,1,2000,1000,1.1080930338557713,0.09,36,0.1350576025437534,0,,0.0,0.0,0.0,0.0,549.1277981930228,520.1038879672648,218.68719021666382,43.54707754244665,11,8.3,
beMTPL97,TabPFN-V3,6,100.0,raw,0.0,1,2000,1000,6.010342635317371,0.09,1,13.505760254375339,0,False,1.139100988526359,0.17165898298761545,-0.5592294912179319,-0.1984569947847078,538.8649686361279,515.4385066078727,269.4447370541303,35.23487503268101,23,8.4,
beMTPL97,TabPFN-V3,6,100.0,clip,50.0,1,2000,1000,6.010342635317371,0.09,1,13.505760254375339,3,True,-0.03592622185833144,-0.009170114924119035,0.03493858125283751,0.020924549874245753,549.6159354419268,520.4177981986783,217.08741809933562,44.5727758354154,9,8.1,
beMTPL97,TabPFN-V3,6,100.0,clip,200.0,1,2000,1000,6.010342635317371,0.09,1,13.505760254375339,1,True,0.5082513633945753,0.04269325831098046,-0.13730645954960516,0.1840235436117516,541.8124256654571,517.4273992781914,222.9703377455105,51.846479843227904,12,8.0,
beMTPL97,TabPFN-V3,6,100.0,log,0.0,1,2000,1000,6.010342635317371,0.09,1,13.505760254375339,0,True,1.0993251065565408,0.2397259366016573,0.14961866605173374,0.10247889409265284,540.3677895432683,509.134373152854,225.66919626612398,49.88974581307223,8,8.1,
beMTPL97,TabPFN-V3,6,100.0,tail_log,50.0,1,2000,1000,6.010342635317371,0.09,1,13.505760254375339,3,True,0.4948764687095575,0.04310128357102906,-0.13930545135862576,0.18796635900672842,542.0681119870502,517.4997293563164,222.62749121230735,52.1450975577248,12,8.0,
beMTPL97,TabPFN-V3,6,100.0,evt_trim,0.0,1,2000,1000,6.010342635317371,0.09,1,13.505760254375339,0,False,1.139100988526359,0.17165898298761545,-0.5592294912179319,-0.1984569947847078,538.8649686361279,515.4385066078727,269.4447370541303,35.23487503268101,23,8.2,
beMTPL97,TabICLv2,6,1.0,raw,0.0,1,2000,1000,1.1080930338557713,0.09,36,0.1350576025437534,0,,0.0,0.0,0.0,0.0,540.5522253871907,523.8522190916492,226.53347604275712,60.148386995883676,8,0.0,
beMTPL97,TabICLv2,6,1.0,clip,50.0,1,2000,1000,1.1080930338557713,0.09,36,0.1350576025437534,2,,-0.0011894898810600263,-0.0053750153410437925,-0.045255700615431174,-0.05447936273133705,540.7820696143903,518.3420419556351,220.74493328649226,62.09379269119617,9,4.3,
beMTPL97,TabICLv2,6,1.0,clip,200.0,1,2000,1000,1.1080930338557713,0.09,36,0.1350576025437534,0,,0.0,0.0,0.0,0.0,540.5522253871907,523.8522190916492,226.53347604275712,60.148386995883676,8,4.5,
beMTPL97,TabICLv2,6,1.0,log,0.0,1,2000,1000,1.1080930338557713,0.09,36,0.1350576025437534,0,,0.06007914045963082,-0.021509721454686305,0.11294749044818586,2.1411713121760663,541.1554131425577,509.24192464309056,246.1889747556653,84.86773059005442,10,4.5,
beMTPL97,TabICLv2,6,1.0,tail_log,50.0,1,2000,1000,1.1080930338557713,0.09,36,0.1350576025437534,2,,-0.00027925161881452165,-0.001704841889335215,-0.012574518100148122,-0.013237044879936138,540.6186409506648,522.3999981565905,224.80811839627276,60.56820747049303,8,4.4,
beMTPL97,TabICLv2,6,1.0,evt_trim,0.0,1,2000,1000,1.1080930338557713,0.09,36,0.1350576025437534,0,,0.0,0.0,0.0,0.0,540.5522253871907,523.8522190916492,226.53347604275712,60.148386995883676,8,4.6,
beMTPL97,TabICLv2,6,100.0,raw,0.0,1,2000,1000,6.010342635317371,0.09,1,13.505760254375339,0,False,0.15009073229374748,0.07628552642010884,-0.18524878169034276,0.13844724726517005,539.4810343142611,514.731305709856,222.45826290631604,47.95666635741491,12,4.6,
beMTPL97,TabICLv2,6,100.0,clip,50.0,1,2000,1000,6.010342635317371,0.09,1,13.505760254375339,3,True,0.0030414050875258794,-0.0010095594971267577,-0.003164932786358066,-0.004933867039591026,540.6030708290401,517.6638768199816,224.86339967288524,60.37339470486804,7,4.3,
beMTPL97,TabICLv2,6,100.0,clip,200.0,1,2000,1000,6.010342635317371,0.09,1,13.505760254375339,1,True,0.052800840730617235,0.01438664666000817,0.36052548232491666,0.4131220879108276,539.8687134340958,520.4217024778663,259.76257536001117,46.45758547460241,5,4.7,
beMTPL97,TabICLv2,6,100.0,log,0.0,1,2000,1000,6.010342635317371,0.09,1,13.505760254375339,0,True,0.0716591348536813,0.0003066567447232916,0.16962460873250632,2.3284719701743497,541.4401655535966,509.7908364368243,252.44691834353827,94.1870358171097,8,4.4,
beMTPL97,TabICLv2,6,100.0,tail_log,50.0,1,2000,1000,6.010342635317371,0.09,1,13.505760254375339,3,True,0.05208826922452189,0.016221576386049645,0.3582126151195539,0.41461801589216724,539.9493700808242,520.6757089047953,259.95412265574913,46.65228348523065,5,4.3,
beMTPL97,TabICLv2,6,100.0,evt_trim,0.0,1,2000,1000,6.010342635317371,0.09,1,13.505760254375339,0,False,0.15009073229374748,0.07628552642010884,-0.18524878169034276,0.13844724726517005,539.4810343142611,514.731305709856,222.45826290631604,47.95666635741491,12,4.6,
beMTPL97,GBM,6,1.0,raw,0.0,1,2000,1000,1.1080930338557713,0.09,36,0.1350576025437534,0,,0.0,0.0,0.0,0.0,554.153502162948,512.9674957559025,227.94793743697412,47.51737966299125,9,0.0,
beMTPL97,GBM,6,1.0,clip,50.0,1,2000,1000,1.1080930338557713,0.09,36,0.1350576025437534,2,,0.0,0.0,0.0,0.014230964680624814,554.153502162948,512.9674957559025,226.83659462413908,47.994569877736545,9,4.7,
beMTPL97,GBM,6,1.0,clip,200.0,1,2000,1000,1.1080930338557713,0.09,36,0.1350576025437534,0,,0.0,0.0,0.0,0.0,554.153502162948,512.9674957559025,227.94793743697412,47.51737966299125,9,4.6,
beMTPL97,GBM,6,1.0,log,0.0,1,2000,1000,1.1080930338557713,0.09,36,0.1350576025437534,0,,-0.030481859941793827,-0.0021662023437693306,-0.010565172245754161,0.0032365730331751054,546.9798633012333,510.61856221748957,227.8900866718738,47.62594482324141,9,4.5,
beMTPL97,GBM,6,1.0,tail_log,50.0,1,2000,1000,1.1080930338557713,0.09,36,0.1350576025437534,2,,0.0,0.0,0.0,0.0008730005049323288,554.153502162948,512.9674957559025,227.9479374358978,47.546652962993804,9,4.2,
beMTPL97,GBM,6,1.0,evt_trim,0.0,1,2000,1000,1.1080930338557713,0.09,36,0.1350576025437534,0,,0.0,0.0,0.0,0.0,554.153502162948,512.9674957559025,227.94793743697412,47.51737966299125,9,4.9,
beMTPL97,GBM,6,100.0,raw,0.0,1,2000,1000,6.010342635317371,0.09,1,13.505760254375339,0,False,0.0,0.0,0.07880004921385074,0.15354405477813093,554.153502162948,512.9674957559025,229.41719524419358,55.39348003159033,8,4.4,
beMTPL97,GBM,6,100.0,clip,50.0,1,2000,1000,6.010342635317371,0.09,1,13.505760254375339,3,True,0.0,0.0,0.07880004921385074,0.13094069823687673,554.153502162948,512.9674957559025,228.30585243113148,51.58896747177647,8,4.4,
beMTPL97,GBM,6,100.0,clip,200.0,1,2000,1000,6.010342635317371,0.09,1,13.505760254375339,1,True,0.0,0.0,0.07880004921385074,0.15354405477813093,554.153502162948,512.9674957559025,229.41719524419358,52.888880297237336,8,4.5,
beMTPL97,GBM,6,100.0,log,0.0,1,2000,1000,6.010342635317371,0.09,1,13.505760254375339,0,True,-0.030481859941793827,-0.0021662023437693306,0.08547025402594469,0.15199314769097552,546.9798633012333,510.61856221748957,229.56114056518703,55.34258424977364,8,4.6,
beMTPL97,GBM,6,100.0,tail_log,50.0,1,2000,1000,6.010342635317371,0.09,1,13.505760254375339,3,True,0.0,0.0,0.07880004921385074,0.15356590733056333,554.153502162948,512.9674957559025,229.41719524334013,55.39410434339886,8,4.5,
beMTPL97,GBM,6,100.0,evt_trim,0.0,1,2000,1000,6.010342635317371,0.09,1,13.505760254375339,0,False,0.0,0.0,0.07880004921385074,0.15354405477813093,554.153502162948,512.9674957559025,229.41719524419358,55.39348003159033,8,4.2,
beMTPL97,TabPFN-V3,7,1.0,raw,0.0,1,2000,1000,1.0633630543397554,0.0865,22,0.26832552882139665,0,,0.0,0.0,0.0,0.0,609.8705361705003,650.621958549634,344.03708027147934,86.80977804716052,11,0.0,
beMTPL97,TabPFN-V3,7,1.0,clip,50.0,1,2000,1000,1.0633630543397554,0.0865,22,0.26832552882139665,1,,0.006164959088909305,-0.0007991314891261376,-0.0031064844958367506,-0.012201458656127501,609.7970829883426,650.4263109276592,343.8575964189403,88.48284618387922,11,8.0,
beMTPL97,TabPFN-V3,7,1.0,clip,200.0,1,2000,1000,1.0633630543397554,0.0865,22,0.26832552882139665,0,,0.0,0.0,0.0,0.0,609.8705361705003,650.621958549634,344.03708027147934,86.80977804716052,11,8.0,
beMTPL97,TabPFN-V3,7,1.0,log,0.0,1,2000,1000,1.0633630543397554,0.0865,22,0.26832552882139665,0,,1.1203005302755373,0.14667902242306047,0.1508820413609015,-0.0985055952625267,604.7405518855888,647.5471154105915,360.42971071958885,92.20800443117943,9,7.7,
beMTPL97,TabPFN-V3,7,1.0,tail_log,50.0,1,2000,1000,1.0633630543397554,0.0865,22,0.26832552882139665,1,,0.00018406376996409096,-0.00013685539574534162,-0.0007402755034722494,-0.0007861565957913625,609.8695560374435,650.6252891038332,344.15424275194806,85.78755651499628,11,8.1,
beMTPL97,TabPFN-V3,7,1.0,evt_trim,0.0,1,2000,1000,1.0633630543397554,0.0865,22,0.26832552882139665,0,,0.0,0.0,0.0,0.0,609.8705361705003,650.621958549634,344.03708027147934,86.80977804716052,11,8.0,
beMTPL97,TabPFN-V3,7,100.0,raw,0.0,1,2000,1000,9.43786375179839,0.0865,1,26.832552882139662,0,False,1.3915332746083267,0.3977160002650878,-0.47389691167318104,-0.2167655097553433,605.7396853735661,641.7072584565573,396.71856718805293,129.176995088576,24,8.0,
beMTPL97,TabPFN-V3,7,100.0,clip,50.0,1,2000,1000,9.43786375179839,0.0865,1,26.832552882139662,2,True,0.006697111345617998,-0.00022368849188310417,0.0010464910547522944,0.027957582886304684,610.0148607173141,650.4502338548098,340.4021396464794,85.22353203166945,11,8.1,
beMTPL97,TabPFN-V3,7,100.0,clip,200.0,1,2000,1000,9.43786375179839,0.0865,1,26.832552882139662,1,True,0.4682437107350628,0.04666353199175416,-0.08138223623059508,0.24963146947597104,604.7904733588344,648.8965869109815,347.7361253572364,85.528874636118,12,8.4,
beMTPL97,TabPFN-V3,7,100.0,log,0.0,1,2000,1000,9.43786375179839,0.0865,1,26.832552882139662,0,True,1.0838265153016193,0.13986807185228228,0.17201396855819823,-0.03552876777845913,604.4407547381041,647.6236761814862,360.0937410143573,88.8962542294559,9,7.9,
beMTPL97,TabPFN-V3,7,100.0,tail_log,50.0,1,2000,1000,9.43786375179839,0.0865,1,26.832552882139662,2,True,0.3272824362602385,0.03439952639477953,-0.14693217508313838,0.2624535258636654,605.8914586518933,649.9291402789892,350.30149943438494,88.2886418067701,12,8.4,
beMTPL97,TabPFN-V3,7,100.0,evt_trim,0.0,1,2000,1000,9.43786375179839,0.0865,1,26.832552882139662,0,False,1.3915332746083267,0.3977160002650878,-0.47389691167318104,-0.2167655097553433,605.7396853735661,641.7072584565573,396.71856718805293,129.176995088576,24,8.6,
beMTPL97,TabICLv2,7,1.0,raw,0.0,1,2000,1000,1.0633630543397554,0.0865,22,0.26832552882139665,0,,0.0,0.0,0.0,0.0,602.9654104122841,654.6182472076418,358.9526056186899,181.16355379511901,9,0.0,
beMTPL97,TabICLv2,7,1.0,clip,50.0,1,2000,1000,1.0633630543397554,0.0865,22,0.26832552882139665,1,,-0.0028046133688228005,-0.0020838439974086723,-0.009188131536319599,-0.009923835086381658,602.9593044863988,653.9291750318305,360.05921721048674,183.16983878877133,9,5.2,
beMTPL97,TabICLv2,7,1.0,clip,200.0,1,2000,1000,1.0633630543397554,0.0865,22,0.26832552882139665,0,,0.0,0.0,0.0,0.0,602.9654104122841,654.6182472076418,358.9526056186899,181.16355379511901,9,5.0,
beMTPL97,TabICLv2,7,1.0,log,0.0,1,2000,1000,1.0633630543397554,0.0865,22,0.26832552882139665,0,,-0.020317168508485334,-0.04218073803231485,0.02790607703959144,1.889375815738338,603.3941192850202,647.7723284572555,389.31031649992224,113.05027027509104,8,4.8,
beMTPL97,TabICLv2,7,1.0,tail_log,50.0,1,2000,1000,1.0633630543397554,0.0865,22,0.26832552882139665,1,,-0.00015159707386713496,-0.00017010025235443015,-0.0007407602694524688,-0.0007595653641749936,602.964906078788,654.5815650787356,359.0049850889048,181.27299794111508,9,4.8,
beMTPL97,TabICLv2,7,1.0,evt_trim,0.0,1,2000,1000,1.0633630543397554,0.0865,22,0.26832552882139665,0,,0.0,0.0,0.0,0.0,602.9654104122841,654.6182472076418,358.9526056186899,181.16355379511901,9,4.4,
beMTPL97,TabICLv2,7,100.0,raw,0.0,1,2000,1000,9.43786375179839,0.0865,1,26.832552882139662,0,False,0.07483830245230544,0.15031285793915541,-0.09750027463922827,0.31771587406763957,604.3591675884766,663.3240275630047,404.06696250449704,174.40954931918137,10,4.7,
beMTPL97,TabICLv2,7,100.0,clip,50.0,1,2000,1000,9.43786375179839,0.0865,1,26.832552882139662,2,True,0.004626752453966161,0.0168721413691165,0.023752348207200513,0.02779832754906398,602.9053205530126,650.9990761378482,357.8834626190625,178.05077744892762,9,5.0,
beMTPL97,TabICLv2,7,100.0,clip,200.0,1,2000,1000,9.43786375179839,0.0865,1,26.832552882139662,1,True,0.07268418035578146,0.012860041431475566,0.23992773041865717,0.32119841075654276,605.0429485107342,657.6514738347801,393.9051922812876,170.17761314993226,9,4.5,
beMTPL97,TabICLv2,7,100.0,log,0.0,1,2000,1000,9.43786375179839,0.0865,1,26.832552882139662,0,True,-0.013227512224299898,-0.034983780475993986,0.12270206580748783,2.3784463592798097,603.5005191034921,647.9786392981961,396.70380349559537,123.94197854460296,8,4.5,
beMTPL97,TabICLv2,7,100.0,tail_log,50.0,1,2000,1000,9.43786375179839,0.0865,1,26.832552882139662,2,True,0.0874437831353,0.0177531190180591,0.21985071544230111,0.33156022415434305,605.0740229091967,656.9683290686627,398.124663240389,171.2823819613756,10,4.7,
beMTPL97,TabICLv2,7,100.0,evt_trim,0.0,1,2000,1000,9.43786375179839,0.0865,1,26.832552882139662,0,False,0.07483830245230544,0.15031285793915541,-0.09750027463922827,0.31771587406763957,604.3591675884766,663.3240275630047,404.06696250449704,174.40954931918137,10,4.4,
beMTPL97,GBM,7,1.0,raw,0.0,1,2000,1000,1.0633630543397554,0.0865,22,0.26832552882139665,0,,0.0,0.0,0.0,0.0,611.6830638821937,664.7530536334657,393.58450376272924,152.11134131149734,13,0.0,
beMTPL97,GBM,7,1.0,clip,50.0,1,2000,1000,1.0633630543397554,0.0865,22,0.26832552882139665,1,,0.0,0.0,0.0,0.04348039097927086,611.6830638821937,664.7530536334657,393.58450376272924,146.1949081731057,13,4.5,
beMTPL97,GBM,7,1.0,clip,200.0,1,2000,1000,1.0633630543397554,0.0865,22,0.26832552882139665,0,,0.0,0.0,0.0,0.0,611.6830638821937,664.7530536334657,393.58450376272924,152.11134131149734,13,4.9,
beMTPL97,GBM,7,1.0,log,0.0,1,2000,1000,1.0633630543397554,0.0865,22,0.26832552882139665,0,,-0.04670833021693383,-0.0026186067600598335,-0.034471546546205,-4.2526915540951275e-10,610.9005920257911,661.6069381222147,386.8042752839654,151.73120247889076,11,4.9,
beMTPL97,GBM,7,1.0,tail_log,50.0,1,2000,1000,1.0633630543397554,0.0865,22,0.26832552882139665,1,,0.0,0.0,0.0,0.0,611.6830638821937,664.7530536334657,393.58450376272924,152.07145886787342,13,4.5,
beMTPL97,GBM,7,1.0,evt_trim,0.0,1,2000,1000,1.0633630543397554,0.0865,22,0.26832552882139665,0,,0.0,0.0,0.0,0.0,611.6830638821937,664.7530536334657,393.58450376272924,152.11134131149734,13,4.8,
beMTPL97,GBM,7,100.0,raw,0.0,1,2000,1000,9.43786375179839,0.0865,1,26.832552882139662,0,False,0.0,0.0,0.0010077482871235963,0.33471074122703426,611.6830638821937,785.2269031858441,395.4107508562069,135.90374953590768,14,4.6,
beMTPL97,GBM,7,100.0,clip,50.0,1,2000,1000,9.43786375179839,0.0865,1,26.832552882139662,2,True,0.0,0.0,0.0010077482871235963,0.1915982794455496,611.6830638821937,663.2086019870526,395.4107508562069,134.68456250509348,14,4.5,
beMTPL97,GBM,7,100.0,clip,200.0,1,2000,1000,9.43786375179839,0.0865,1,26.832552882139662,1,True,0.0,0.0,0.0010077482871235963,0.33471074122703426,611.6830638821937,664.6365348436893,395.4107508562069,118.40412155538061,14,4.5,
beMTPL97,GBM,7,100.0,log,0.0,1,2000,1000,9.43786375179839,0.0865,1,26.832552882139662,0,True,-0.04670833021693383,-0.0011695958940767144,-0.11268715738616421,0.3347107412186396,610.9005920257911,665.5429355694521,374.71421654346176,122.42617859514665,12,4.6,
beMTPL97,GBM,7,100.0,tail_log,50.0,1,2000,1000,9.43786375179839,0.0865,1,26.832552882139662,2,True,0.0,0.0,0.0010077482871235963,0.33471074122702504,611.6830638821937,664.8390419927116,395.4107508562069,122.76232137938423,14,4.6,
beMTPL97,GBM,7,100.0,evt_trim,0.0,1,2000,1000,9.43786375179839,0.0865,1,26.832552882139662,0,False,0.0,0.0,0.0010077482871235963,0.33471074122703426,611.6830638821937,785.2269031858441,395.4107508562069,135.90374953590768,14,4.6,
beMTPL97,TabPFN-V3,8,1.0,raw,0.0,1,2000,1000,1.0772243376282644,0.092,13,0.3388033690972757,0,,0.0,0.0,0.0,0.0,516.4328033328621,469.9507420265954,197.73626877371146,37.25623761201946,13,0.0,
beMTPL97,TabPFN-V3,8,1.0,clip,50.0,1,2000,1000,1.0772243376282644,0.092,13,0.3388033690972757,2,,-0.04247743869111037,-0.010890269032752675,-0.011619513485964218,-0.04757435718529418,517.2488028473977,470.59078747984444,196.8302085857232,36.11782239522258,13,8.1,
beMTPL97,TabPFN-V3,8,1.0,clip,200.0,1,2000,1000,1.0772243376282644,0.092,13,0.3388033690972757,0,,0.0,0.0,0.0,0.0,516.4328033328621,469.9507420265954,197.73626877371146,37.25623761201946,13,8.0,
beMTPL97,TabPFN-V3,8,1.0,log,0.0,1,2000,1000,1.0772243376282644,0.092,13,0.3388033690972757,0,,0.9051269742991328,0.22445799915392695,0.2535135989736972,0.24632031669289683,506.0236002789179,456.8965526271261,187.87588511466348,45.595574505045995,10,7.9,
beMTPL97,TabPFN-V3,8,1.0,tail_log,50.0,1,2000,1000,1.0772243376282644,0.092,13,0.3388033690972757,2,,-0.00399907821090279,-0.0013729343532724494,-0.001797013282629921,-0.00582934417370671,516.6010859103767,470.10885264671253,197.61817390285677,39.92473918302281,13,8.0,
beMTPL97,TabPFN-V3,8,1.0,evt_trim,0.0,1,2000,1000,1.0772243376282644,0.092,13,0.3388033690972757,0,,0.0,0.0,0.0,0.0,516.4328033328621,469.9507420265954,197.73626877371146,37.25623761201946,13,8.0,
beMTPL97,TabPFN-V3,8,100.0,raw,0.0,1,2000,1000,13.001137925146184,0.092,1,33.88033690972757,0,False,1.8119076534873102,0.21926656261587252,-0.20729165535384675,-0.22127311977428016,511.72388437620447,458.4306024993631,197.854171354466,38.83666493313352,17,7.5,
beMTPL97,TabPFN-V3,8,100.0,clip,50.0,1,2000,1000,13.001137925146184,0.092,1,33.88033690972757,3,True,-0.01223694161345938,-0.0043758434450495085,-0.01432248382763278,-0.013452650644974137,516.8118787504816,470.0570443337243,199.6126050801246,37.60546870576946,14,8.2,
beMTPL97,TabPFN-V3,8,100.0,clip,200.0,1,2000,1000,13.001137925146184,0.092,1,33.88033690972757,1,True,0.4010608166153994,0.07333712676647239,-0.040797285107162226,0.31314993561498605,504.8354388627668,463.9182165792024,194.18450257797463,49.213975266316346,13,8.1,
beMTPL97,TabPFN-V3,8,100.0,log,0.0,1,2000,1000,13.001137925146184,0.092,1,33.88033690972757,0,True,0.8916432065524117,0.206976926514177,0.2521705629506544,0.34061426246832527,505.61660507104483,456.52548067416905,188.7777551495916,50.15013498482637,10,8.1,
beMTPL97,TabPFN-V3,8,100.0,tail_log,50.0,1,2000,1000,13.001137925146184,0.092,1,33.88033690972757,3,True,0.2633483647816348,0.05105341707404186,-0.11644566940661383,0.3596216720919694,508.1675306534056,468.38954111445224,195.00612353318843,122.01805681648318,15,7.8,
beMTPL97,TabPFN-V3,8,100.0,evt_trim,0.0,1,2000,1000,13.001137925146184,0.092,1,33.88033690972757,0,False,1.8119076534873102,0.21926656261587252,-0.20729165535384675,-0.22127311977428016,511.72388437620447,458.4306024993631,197.854171354466,38.83666493313352,17,7.8,
beMTPL97,TabICLv2,8,1.0,raw,0.0,1,2000,1000,1.0772243376282644,0.092,13,0.3388033690972757,0,,0.0,0.0,0.0,0.0,509.28498124137934,483.8730547506847,209.84437048523108,45.57304851054617,7,0.0,
beMTPL97,TabICLv2,8,1.0,clip,50.0,1,2000,1000,1.0772243376282644,0.092,13,0.3388033690972757,2,,-0.017849991537511992,-0.0017660098434494772,-0.03465760939873873,-0.039265564828291105,509.27860019889886,482.02438892311915,206.0916201531998,45.710242865861865,7,4.7,
beMTPL97,TabICLv2,8,1.0,clip,200.0,1,2000,1000,1.0772243376282644,0.092,13,0.3388033690972757,0,,0.0,0.0,0.0,0.0,509.28498124137934,483.8730547506847,209.84437048523108,45.57304851054617,7,4.4,
beMTPL97,TabICLv2,8,1.0,log,0.0,1,2000,1000,1.0772243376282644,0.092,13,0.3388033690972757,0,,-0.014093128864878304,-0.044756612809827054,0.0803266984003595,1.9968015220555895,512.2499459781395,474.4677169767803,215.00212726594722,79.14619960387505,6,4.5,
beMTPL97,TabICLv2,8,1.0,tail_log,50.0,1,2000,1000,1.0772243376282644,0.092,13,0.3388033690972757,2,,-0.0015919688903926993,-0.00037292151668477354,-0.004207496417734624,-0.004773242074996097,509.2795077611547,483.65680588619665,209.5598308807389,45.58273403878724,7,4.7,
beMTPL97,TabICLv2,8,1.0,evt_trim,0.0,1,2000,1000,1.0772243376282644,0.092,13,0.3388033690972757,0,,0.0,0.0,0.0,0.0,509.28498124137934,483.8730547506847,209.84437048523108,45.57304851054617,7,4.8,
beMTPL97,TabICLv2,8,100.0,raw,0.0,1,2000,1000,13.001137925146184,0.092,1,33.88033690972757,0,False,0.05358346245164359,0.157327200083639,-0.04353391064235938,0.49305160745931986,506.0430714637591,482.04659971789135,214.62579251094826,38.36004446189306,11,4.5,
beMTPL97,TabICLv2,8,100.0,clip,50.0,1,2000,1000,13.001137925146184,0.092,1,33.88033690972757,3,True,8.711279075164456e-05,0.003563977113967824,-0.019132771822316798,-0.018327133785062996,509.0556602574926,482.9835653845826,206.41098648132484,45.28373178788992,7,4.7,
beMTPL97,TabICLv2,8,100.0,clip,200.0,1,2000,1000,13.001137925146184,0.092,1,33.88033690972757,1,True,0.04918473862198184,-0.003751919255092174,0.12448700765739971,0.2145184254288709,506.88294850036976,478.45493730996225,209.7947675204767,38.68228184453056,4,4.5,
beMTPL97,TabICLv2,8,100.0,log,0.0,1,2000,1000,13.001137925146184,0.092,1,33.88033690972757,0,True,-0.009562526488363025,-0.03588807542044173,0.1605591866191043,2.3958425719064613,512.5611444344427,474.68368791641785,227.57079330664007,94.95195989353725,5,4.4,
beMTPL97,TabICLv2,8,100.0,tail_log,50.0,1,2000,1000,13.001137925146184,0.092,1,33.88033690972757,3,True,0.05311807172455925,-0.003902578518708951,0.11975358690033665,0.23865659089302893,506.28114461553764,476.36948009117276,212.28490997354947,38.251740624029914,5,4.7,
beMTPL97,TabICLv2,8,100.0,evt_trim,0.0,1,2000,1000,13.001137925146184,0.092,1,33.88033690972757,0,False,0.05358346245164359,0.157327200083639,-0.04353391064235938,0.49305160745931986,506.0430714637591,482.04659971789135,214.62579251094826,38.36004446189306,11,4.5,
beMTPL97,GBM,8,1.0,raw,0.0,1,2000,1000,1.0772243376282644,0.092,13,0.3388033690972757,0,,0.0,0.0,0.0,0.0,516.0733271041521,474.938656772233,199.1815799971265,44.57479634655111,10,0.0,
beMTPL97,GBM,8,1.0,clip,50.0,1,2000,1000,1.0772243376282644,0.092,13,0.3388033690972757,2,,0.0,0.0,0.022395765942564122,-0.001306500721947715,516.0733271041521,474.938656772233,196.69049925619362,42.32092176424015,9,4.5,
beMTPL97,GBM,8,1.0,clip,200.0,1,2000,1000,1.0772243376282644,0.092,13,0.3388033690972757,0,,0.0,0.0,0.0,0.0,516.0733271041521,474.938656772233,199.1815799971265,44.57479634655111,10,4.2,
beMTPL97,GBM,8,1.0,log,0.0,1,2000,1000,1.0772243376282644,0.092,13,0.3388033690972757,0,,-0.037127378418047835,0.008751141684025078,0.05973875067927193,-0.002821782580501343,514.59074185349,474.44409261852877,203.87110920551524,43.93649287431147,10,4.6,
beMTPL97,GBM,8,1.0,tail_log,50.0,1,2000,1000,1.0772243376282644,0.092,13,0.3388033690972757,2,,0.0,0.0,0.04230479822107272,-0.0023240934648836213,516.0733271041521,474.938656772233,200.84386778672987,44.20998853765458,9,4.5,
beMTPL97,GBM,8,1.0,evt_trim,0.0,1,2000,1000,1.0772243376282644,0.092,13,0.3388033690972757,0,,0.0,0.0,0.0,0.0,516.0733271041521,474.938656772233,199.1815799971265,44.57479634655111,10,4.1,
beMTPL97,GBM,8,100.0,raw,0.0,1,2000,1000,13.001137925146184,0.092,1,33.88033690972757,0,False,0.0,0.0,-0.011676981067931577,0.18816992717508085,516.0733271041521,474.938656772233,216.15761716419289,52.455808113059845,8,4.4,
beMTPL97,GBM,8,100.0,clip,50.0,1,2000,1000,13.001137925146184,0.092,1,33.88033690972757,3,True,0.0,0.0,-0.0009614936837977345,0.18816992698437918,516.0733271041521,474.938656772233,194.798100659597,47.83209889378898,9,4.4,
beMTPL97,GBM,8,100.0,clip,200.0,1,2000,1000,13.001137925146184,0.092,1,33.88033690972757,1,True,0.0,0.0,-0.011676981067931577,0.18816992717508085,516.0733271041521,474.938656772233,191.08098340752937,48.39800586306567,8,4.6,
beMTPL97,GBM,8,100.0,log,0.0,1,2000,1000,13.001137925146184,0.092,1,33.88033690972757,0,True,-0.037127378418047835,0.008751141684025078,0.05571000274392896,0.18816992714856234,514.59074185349,474.44409261852877,195.61871657096998,50.19580768674896,10,4.7,
beMTPL97,GBM,8,100.0,tail_log,50.0,1,2000,1000,13.001137925146184,0.092,1,33.88033690972757,3,True,0.0,0.0,0.052313005256118386,0.188169927157321,516.0733271041521,474.938656772233,197.6171598938315,49.464128331732,7,4.4,
beMTPL97,GBM,8,100.0,evt_trim,0.0,1,2000,1000,13.001137925146184,0.092,1,33.88033690972757,0,False,0.0,0.0,-0.011676981067931577,0.18816992717508085,516.0733271041521,474.938656772233,216.15761716419289,52.455808113059845,8,4.7,
beMTPL97,TabPFN-V3,9,1.0,raw,0.0,1,2000,1000,1.0423389816393103,0.112,137,0.07306484946523568,0,,0.0,0.0,0.0,0.0,655.6966072177759,694.4110708840748,392.8767318243468,132.28882336757073,14,0.0,
beMTPL97,TabPFN-V3,9,1.0,clip,50.0,1,2000,1000,1.0423389816393103,0.112,137,0.07306484946523568,0,,0.0,0.0,0.0,0.0,655.6966072177759,694.4110708840748,392.8767318243468,132.28882336757073,14,8.1,
beMTPL97,TabPFN-V3,9,1.0,clip,200.0,1,2000,1000,1.0423389816393103,0.112,137,0.07306484946523568,0,,0.0,0.0,0.0,0.0,655.6966072177759,694.4110708840748,392.8767318243468,132.28882336757073,14,7.8,
beMTPL97,TabPFN-V3,9,1.0,log,0.0,1,2000,1000,1.0423389816393103,0.112,137,0.07306484946523568,0,,0.7071552612911248,0.13679059558979217,0.09681290077803256,-0.1566937017440092,648.8236239619799,690.6518340994016,405.01788801515846,180.88443774155039,14,8.1,
beMTPL97,TabPFN-V3,9,1.0,tail_log,50.0,1,2000,1000,1.0423389816393103,0.112,137,0.07306484946523568,0,,0.0,0.0,0.0,0.0,655.6966072177759,694.4110708840748,392.8767318243468,132.29696601652552,14,8.4,
beMTPL97,TabPFN-V3,9,1.0,evt_trim,0.0,1,2000,1000,1.0423389816393103,0.112,137,0.07306484946523568,0,,0.0,0.0,0.0,0.0,655.6966072177759,694.4110708840748,392.8767318243468,132.28882336757073,14,8.0,
beMTPL97,TabPFN-V3,9,100.0,raw,0.0,1,2000,1000,2.3475835096590933,0.112,1,7.30648494652357,0,False,0.1874936476965578,-0.09749208159385221,-0.20965049525934737,0.40303534287276277,654.2768700259511,706.1716048947821,404.57157954361094,83.1709688722192,22,7.7,
beMTPL97,TabPFN-V3,9,100.0,clip,50.0,1,2000,1000,2.3475835096590933,0.112,1,7.30648494652357,1,True,-0.061962456964855986,-0.023742412501319074,0.02356768208363386,0.05119855614303758,658.641660224085,696.6684908261047,393.714036843878,127.2232040238207,14,7.9,
beMTPL97,TabPFN-V3,9,100.0,clip,200.0,1,2000,1000,2.3475835096590933,0.112,1,7.30648494652357,1,True,0.20967779911567536,-0.008966610943361939,-0.08258048581626837,0.243429471197665,647.7212752820074,694.2440115981052,396.5343658800527,98.25739401842357,18,7.9,
beMTPL97,TabPFN-V3,9,100.0,log,0.0,1,2000,1000,2.3475835096590933,0.112,1,7.30648494652357,0,True,0.6747770941266822,0.13551215981275563,0.13877160539572928,-0.08787481553276827,648.5560676888595,691.3638005418405,403.1869893266415,155.46277524745338,13,8.1,
beMTPL97,TabPFN-V3,9,100.0,tail_log,50.0,1,2000,1000,2.3475835096590933,0.112,1,7.30648494652357,1,True,-0.11214034333864133,-0.07160715124474584,-0.07261621065391045,0.14484385204271474,660.6508792723289,700.9202448527354,397.33258040470884,119.10806559265833,17,7.7,
beMTPL97,TabPFN-V3,9,100.0,evt_trim,0.0,1,2000,1000,2.3475835096590933,0.112,1,7.30648494652357,0,False,0.1874936476965578,-0.09749208159385221,-0.20965049525934737,0.40303534287276277,654.2768700259511,706.1716048947821,404.57157954361094,83.1709688722192,22,8.0,
beMTPL97,TabICLv2,9,1.0,raw,0.0,1,2000,1000,1.0423389816393103,0.112,137,0.07306484946523568,0,,0.0,0.0,0.0,0.0,649.0305965741306,706.4756869938989,400.11539526599677,216.98552070033315,12,0.0,
beMTPL97,TabICLv2,9,1.0,clip,50.0,1,2000,1000,1.0423389816393103,0.112,137,0.07306484946523568,0,,0.0,0.0,0.0,0.0,649.0305965741306,706.4756869938989,400.11539526599677,216.98552070033315,12,4.5,
beMTPL97,TabICLv2,9,1.0,clip,200.0,1,2000,1000,1.0423389816393103,0.112,137,0.07306484946523568,0,,0.0,0.0,0.0,0.0,649.0305965741306,706.4756869938989,400.11539526599677,216.98552070033315,12,4.9,
beMTPL97,TabICLv2,9,1.0,log,0.0,1,2000,1000,1.0423389816393103,0.112,137,0.07306484946523568,0,,0.0021860542786317763,-0.07045301004764043,-0.08706363984217605,1.3802301578066638,649.8910362270782,697.7041153677769,399.5341163516434,109.84324359024878,15,4.7,
beMTPL97,TabICLv2,9,1.0,tail_log,50.0,1,2000,1000,1.0423389816393103,0.112,137,0.07306484946523568,0,,0.0,0.0,0.0,0.0,649.0305965741306,706.4756869938989,400.11539526599677,216.98552070033315,12,4.5,
beMTPL97,TabICLv2,9,1.0,evt_trim,0.0,1,2000,1000,1.0423389816393103,0.112,137,0.07306484946523568,0,,0.0,0.0,0.0,0.0,649.0305965741306,706.4756869938989,400.11539526599677,216.98552070033315,12,4.8,
beMTPL97,TabICLv2,9,100.0,raw,0.0,1,2000,1000,2.3475835096590933,0.112,1,7.30648494652357,0,False,0.05182655403198967,0.04716602757018294,0.00801267242911143,0.1813529868964911,647.0895302531472,710.4741201702411,415.1382573713887,202.22852854798947,16,4.3,
beMTPL97,TabICLv2,9,100.0,clip,50.0,1,2000,1000,2.3475835096590933,0.112,1,7.30648494652357,1,True,0.0026466604967226967,0.0061330194617679815,0.04973546476408021,0.05817508927415223,649.5380793938588,712.6594804266663,402.62313176830355,208.96999500209103,12,4.4,
beMTPL97,TabICLv2,9,100.0,clip,200.0,1,2000,1000,2.3475835096590933,0.112,1,7.30648494652357,1,True,0.01800747265869594,0.03782116575365045,0.22329767747367485,0.3177639462921145,649.1113986958163,715.5911128323576,412.881655451339,177.8659329437426,10,4.7,
beMTPL97,TabICLv2,9,100.0,log,0.0,1,2000,1000,2.3475835096590933,0.112,1,7.30648494652357,0,True,0.00046334734023843977,-0.07282648884323689,-0.028929152122700977,1.631890689567895,650.0867727155937,698.2011561027167,400.6076783877164,101.34069159024054,13,4.4,
beMTPL97,TabICLv2,9,100.0,tail_log,50.0,1,2000,1000,2.3475835096590933,0.112,1,7.30648494652357,1,True,-0.0023372646475658823,0.028430717801592224,0.18595591013027787,0.23089927999939228,650.0886230848697,725.7571179927519,411.8518925670055,189.26343704352232,11,4.4,
beMTPL97,TabICLv2,9,100.0,evt_trim,0.0,1,2000,1000,2.3475835096590933,0.112,1,7.30648494652357,0,False,0.05182655403198967,0.04716602757018294,0.00801267242911143,0.1813529868964911,647.0895302531472,710.4741201702411,415.1382573713887,202.22852854798947,16,4.4,
beMTPL97,GBM,9,1.0,raw,0.0,1,2000,1000,1.0423389816393103,0.112,137,0.07306484946523568,0,,0.0,0.0,0.0,0.0,650.1096258687826,703.5956146279523,408.35163046109625,130.06605238084904,15,0.0,
beMTPL97,GBM,9,1.0,clip,50.0,1,2000,1000,1.0423389816393103,0.112,137,0.07306484946523568,0,,0.0,0.0,0.0,0.0,650.1096258687826,703.5956146279523,408.35163046109625,130.06605238084904,15,4.4,
beMTPL97,GBM,9,1.0,clip,200.0,1,2000,1000,1.0423389816393103,0.112,137,0.07306484946523568,0,,0.0,0.0,0.0,0.0,650.1096258687826,703.5956146279523,408.35163046109625,130.06605238084904,15,4.5,
beMTPL97,GBM,9,1.0,log,0.0,1,2000,1000,1.0423389816393103,0.112,137,0.07306484946523568,0,,-0.02756948881375004,0.007845317819270576,-0.004906932568343871,-0.0019047419485466676,654.6415980172665,695.7681498068036,415.2776097027354,131.74360212857502,17,4.3,
beMTPL97,GBM,9,1.0,tail_log,50.0,1,2000,1000,1.0423389816393103,0.112,137,0.07306484946523568,0,,0.0,0.0,0.0,0.0,650.1096258687826,703.5956146279523,408.35163046109625,130.06605238084904,15,4.5,
beMTPL97,GBM,9,1.0,evt_trim,0.0,1,2000,1000,1.0423389816393103,0.112,137,0.07306484946523568,0,,0.0,0.0,0.0,0.0,650.1096258687826,703.5956146279523,408.35163046109625,130.06605238084904,15,4.5,
beMTPL97,GBM,9,100.0,raw,0.0,1,2000,1000,2.3475835096590933,0.112,1,7.30648494652357,0,False,0.0,0.0020049623359355753,0.018194393980926246,0.019857903160398274,650.1096258687826,704.1077841254412,394.97046996851753,132.00152268779428,18,4.0,
beMTPL97,GBM,9,100.0,clip,50.0,1,2000,1000,2.3475835096590933,0.112,1,7.30648494652357,1,True,0.0,0.0020049623359355753,0.018194393980926246,0.056945277061577364,650.1096258687826,704.1077841254412,394.97046996851753,130.90787590969165,18,4.3,
beMTPL97,GBM,9,100.0,clip,200.0,1,2000,1000,2.3475835096590933,0.112,1,7.30648494652357,1,True,0.0,0.0020049623359355753,0.018194393980926246,0.019857903160398274,650.1096258687826,704.1077841254412,394.97046996851753,129.24218783123158,18,4.1,
beMTPL97,GBM,9,100.0,log,0.0,1,2000,1000,2.3475835096590933,0.112,1,7.30648494652357,0,True,-0.02756948881375004,0.01189647333734208,-0.03321544555841074,0.019752240679029497,654.6415980172665,697.7253577599218,411.6006701480654,131.95948079512374,21,4.5,
beMTPL97,GBM,9,100.0,tail_log,50.0,1,2000,1000,2.3475835096590933,0.112,1,7.30648494652357,1,True,0.0,0.0020049623359355753,0.018194393980926246,0.019857903160398274,650.1096258687826,704.1077841254412,394.97046996851753,128.17078886246617,18,4.0,
beMTPL97,GBM,9,100.0,evt_trim,0.0,1,2000,1000,2.3475835096590933,0.112,1,7.30648494652357,0,False,0.0,0.0020049623359355753,0.018194393980926246,0.019857903160398274,650.1096258687826,704.1077841254412,394.97046996851753,132.00152268779428,18,4.2,
ausprivauto0405,TabPFN-V3,0,1.0,raw,0.0,1,2000,1000,1.0450985225829723,0.197,119,0.16086436488762262,0,,0.0,0.0,0.0,0.0,828.8294939468714,814.8054655949901,226.36971444514333,42.22792717832528,18,0.0,
ausprivauto0405,TabPFN-V3,0,1.0,clip,50.0,1,2000,1000,1.0450985225829723,0.197,119,0.16086436488762262,0,,0.0,0.0,0.0,0.0,828.8294939468714,814.8054655949901,226.36971444514333,42.22792717832528,18,7.2,
ausprivauto0405,TabPFN-V3,0,1.0,clip,200.0,1,2000,1000,1.0450985225829723,0.197,119,0.16086436488762262,0,,0.0,0.0,0.0,0.0,828.8294939468714,814.8054655949901,226.36971444514333,42.22792717832528,18,6.9,
ausprivauto0405,TabPFN-V3,0,1.0,log,0.0,1,2000,1000,1.0450985225829723,0.197,119,0.16086436488762262,0,,0.15965629990438557,0.1308702181141425,0.019876152506369635,0.19788990677784865,826.0084972833932,797.2150342001235,203.47507272460103,33.66644595453678,15,7.0,
ausprivauto0405,TabPFN-V3,0,1.0,tail_log,50.0,1,2000,1000,1.0450985225829723,0.197,119,0.16086436488762262,0,,0.0,0.0,0.0,0.0,828.8294939468714,814.8054655949901,226.42660029673476,43.15972239341117,18,6.7,
ausprivauto0405,TabPFN-V3,0,1.0,evt_trim,0.0,1,2000,1000,1.0450985225829723,0.197,119,0.16086436488762262,0,,0.0,0.0,0.0,0.0,828.8294939468714,814.8054655949901,226.36971444514333,42.22792717832528,18,6.6,
ausprivauto0405,TabPFN-V3,0,100.0,raw,0.0,1,2000,1000,4.982030985629849,0.197,1,16.086436488762264,0,False,0.16145085695829492,-0.0030855131517978462,-0.09554699976488454,0.008346833942986857,824.8397149186942,823.7138604908369,249.12366334894958,43.31442116270028,21,6.8,
ausprivauto0405,TabPFN-V3,0,100.0,clip,50.0,1,2000,1000,4.982030985629849,0.197,1,16.086436488762264,1,True,-0.00996155997860344,-0.0038369106928335117,-0.00573517956854044,0.0018037655661760357,829.3687029617636,815.6188662737839,222.87824740412768,42.2801562115284,18,6.7,
ausprivauto0405,TabPFN-V3,0,100.0,clip,200.0,1,2000,1000,4.982030985629849,0.197,1,16.086436488762264,1,True,-0.041517305044936274,-0.011412762354287365,-0.07282737448344559,0.17432641561729165,831.8115063431924,830.8502260563916,227.92104544989488,33.527717043840916,19,6.7,
ausprivauto0405,TabPFN-V3,0,100.0,log,0.0,1,2000,1000,4.982030985629849,0.197,1,16.086436488762264,0,True,0.15747464380782433,0.12869198544305202,0.04133832990765167,0.255252781382457,826.0319040861217,795.8383348153727,211.59605374126363,5528.609513042341,13,6.8,
ausprivauto0405,TabPFN-V3,0,100.0,tail_log,50.0,1,2000,1000,4.982030985629849,0.197,1,16.086436488762264,1,True,-0.010361838367234005,-0.014023944685111218,-0.06636084086267371,0.17327711589024009,831.4257502754452,830.8262452734243,226.00482241849002,81.74875472826301,19,6.8,
ausprivauto0405,TabPFN-V3,0,100.0,evt_trim,0.0,1,2000,1000,4.982030985629849,0.197,1,16.086436488762264,0,False,0.16145085695829492,-0.0030855131517978462,-0.09554699976488454,0.008346833942986857,824.8397149186942,823.7138604908369,249.12366334894958,43.31442116270028,21,6.8,
ausprivauto0405,TabICLv2,0,1.0,raw,0.0,1,2000,1000,1.0450985225829723,0.197,119,0.16086436488762262,0,,0.0,0.0,0.0,0.0,821.6883180771061,826.3291081055228,229.16209516951835,55.49292997335653,11,0.0,
ausprivauto0405,TabICLv2,0,1.0,clip,50.0,1,2000,1000,1.0450985225829723,0.197,119,0.16086436488762262,0,,0.0,0.0,0.0,0.0,821.6883180771061,826.3291081055228,229.16209516951835,55.49292997335653,11,3.9,
ausprivauto0405,TabICLv2,0,1.0,clip,200.0,1,2000,1000,1.0450985225829723,0.197,119,0.16086436488762262,0,,0.0,0.0,0.0,0.0,821.6883180771061,826.3291081055228,229.16209516951835,55.49292997335653,11,3.7,
ausprivauto0405,TabICLv2,0,1.0,log,0.0,1,2000,1000,1.0450985225829723,0.197,119,0.16086436488762262,0,,0.005664696397453183,0.014924335869295403,-0.014926235009242547,0.47779960399851445,825.8651710760091,803.6974224207571,212.13848363908568,32.724952905214,12,4.0,
ausprivauto0405,TabICLv2,0,1.0,tail_log,50.0,1,2000,1000,1.0450985225829723,0.197,119,0.16086436488762262,0,,0.0,0.0,0.0,0.0,821.6883180771061,826.3291081055228,229.16209516951835,55.49292997335653,11,3.7,
ausprivauto0405,TabICLv2,0,1.0,evt_trim,0.0,1,2000,1000,1.0450985225829723,0.197,119,0.16086436488762262,0,,0.0,0.0,0.0,0.0,821.6883180771061,826.3291081055228,229.16209516951835,55.49292997335653,11,3.8,
ausprivauto0405,TabICLv2,0,100.0,raw,0.0,1,2000,1000,4.982030985629849,0.197,1,16.086436488762264,0,False,0.022629260245565698,0.11992792349942669,-0.05029061981230676,0.1120637878720874,826.1070595756653,829.7873808556055,229.38653783750271,45.400412129497155,13,4.1,
ausprivauto0405,TabICLv2,0,100.0,clip,50.0,1,2000,1000,4.982030985629849,0.197,1,16.086436488762264,1,True,-0.004870874580103043,0.0003697302287187608,0.05328957884454241,0.06443590227847107,823.8205888610089,831.2348074310773,220.5092354201746,46.54456416270028,9,3.8,
ausprivauto0405,TabICLv2,0,100.0,clip,200.0,1,2000,1000,4.982030985629849,0.197,1,16.086436488762264,1,True,0.07011544353074436,0.017475639022499802,0.0787387835746389,0.17831163316384863,824.6475591545228,845.3426388337509,221.58372393708086,42.02211959238778,7,3.9,
ausprivauto0405,TabICLv2,0,100.0,log,0.0,1,2000,1000,4.982030985629849,0.197,1,16.086436488762264,0,True,0.017587568313725033,0.021961129188703257,0.03889533568940139,0.6060612160510961,825.7117108035051,805.4538779979828,206.88989355847426,37.45896226995556,9,3.8,
ausprivauto0405,TabICLv2,0,100.0,tail_log,50.0,1,2000,1000,4.982030985629849,0.197,1,16.086436488762264,1,True,0.06363848549096626,0.008250577445213556,0.10285502300522804,0.19960468594360148,825.3605711898956,849.506121640051,222.39221734383963,41.33093059151454,6,3.8,
ausprivauto0405,TabICLv2,0,100.0,evt_trim,0.0,1,2000,1000,4.982030985629849,0.197,1,16.086436488762264,0,False,0.022629260245565698,0.11992792349942669,-0.05029061981230676,0.1120637878720874,826.1070595756653,829.7873808556055,229.38653783750271,45.400412129497155,13,3.9,
ausprivauto0405,GBM,0,1.0,raw,0.0,1,2000,1000,1.0450985225829723,0.197,119,0.16086436488762262,0,,0.0,0.0,0.0,0.0,826.1506489960964,801.5588868333572,258.57705050920595,62.61192083008337,24,0.0,
ausprivauto0405,GBM,0,1.0,clip,50.0,1,2000,1000,1.0450985225829723,0.197,119,0.16086436488762262,0,,0.0,0.0,0.0,0.0,826.1506489960964,801.5588868333572,258.57705050920595,62.61192083008337,24,3.3,
ausprivauto0405,GBM,0,1.0,clip,200.0,1,2000,1000,1.0450985225829723,0.197,119,0.16086436488762262,0,,0.0,0.0,0.0,0.0,826.1506489960964,801.5588868333572,258.57705050920595,62.61192083008337,24,3.0,
ausprivauto0405,GBM,0,1.0,log,0.0,1,2000,1000,1.0450985225829723,0.197,119,0.16086436488762262,0,,0.004711066530881951,-0.02260535695630255,-0.015277471314991296,-0.00667213033214154,826.7492087621922,804.4152144223818,285.39172410271874,62.967528285812065,23,3.4,
ausprivauto0405,GBM,0,1.0,tail_log,50.0,1,2000,1000,1.0450985225829723,0.197,119,0.16086436488762262,0,,0.0,0.0,0.0,0.0,826.1506489960964,801.5588868333572,258.57705050920595,62.61192083008337,24,3.5,
ausprivauto0405,GBM,0,1.0,evt_trim,0.0,1,2000,1000,1.0450985225829723,0.197,119,0.16086436488762262,0,,0.0,0.0,0.0,0.0,826.1506489960964,801.5588868333572,258.57705050920595,62.61192083008337,24,3.7,
ausprivauto0405,GBM,0,100.0,raw,0.0,1,2000,1000,4.982030985629849,0.197,1,16.086436488762264,0,False,0.0,0.0,0.13829123817694203,0.4242269629050647,826.1506489960964,801.5588868333572,258.1780454544399,66.26977161042741,15,3.2,
ausprivauto0405,GBM,0,100.0,clip,50.0,1,2000,1000,4.982030985629849,0.197,1,16.086436488762264,1,True,0.0,0.0,0.11951489959500733,0.4242269629050647,826.1506489960964,801.5588868333572,243.6885358349291,58.63470502872592,16,3.6,
ausprivauto0405,GBM,0,100.0,clip,200.0,1,2000,1000,4.982030985629849,0.197,1,16.086436488762264,1,True,0.0,0.0,0.12167860616814458,0.4242269629050647,826.1506489960964,801.5588868333572,241.03650839327224,60.6851727993674,17,3.7,
ausprivauto0405,GBM,0,100.0,log,0.0,1,2000,1000,4.982030985629849,0.197,1,16.086436488762264,0,True,0.004711066530881951,-0.02260535695630255,0.13718196725423282,0.4242269625830708,826.7492087621922,811.8533373066213,251.20408077710076,64.99252544476282,16,3.6,
ausprivauto0405,GBM,0,100.0,tail_log,50.0,1,2000,1000,4.982030985629849,0.197,1,16.086436488762264,1,True,0.0,0.0,0.11458457823350443,0.4242269629050647,826.1506489960964,801.5588868333572,236.83032643782425,65.34724031853457,16,3.2,
ausprivauto0405,GBM,0,100.0,evt_trim,0.0,1,2000,1000,4.982030985629849,0.197,1,16.086436488762264,0,False,0.0,0.0,0.13829123817694203,0.4242269629050647,826.1506489960964,801.5588868333572,258.1780454544399,66.26977161042741,15,3.8,
ausprivauto0405,TabPFN-V3,1,1.0,raw,0.0,1,2000,1000,1.0658634843461645,0.2005,160,0.109276596018166,0,,0.0,0.0,0.0,0.0,826.9108142116581,768.2470722123215,177.59610319963963,35.56115299969834,12,0.0,
ausprivauto0405,TabPFN-V3,1,1.0,clip,50.0,1,2000,1000,1.0658634843461645,0.2005,160,0.109276596018166,0,,0.0,0.0,0.0,0.0,826.9108142116581,768.2470722123215,177.59610319963963,35.56115299969834,12,7.0,
ausprivauto0405,TabPFN-V3,1,1.0,clip,200.0,1,2000,1000,1.0658634843461645,0.2005,160,0.109276596018166,0,,0.0,0.0,0.0,0.0,826.9108142116581,768.2470722123215,177.59610319963963,35.56115299969834,12,6.9,
ausprivauto0405,TabPFN-V3,1,1.0,log,0.0,1,2000,1000,1.0658634843461645,0.2005,160,0.109276596018166,0,,0.14101684817430388,0.15644676514506062,-0.006252687823999091,0.12929968294240174,824.2697936845907,761.1812295652105,187.9827676883969,37.61272801828467,13,7.1,
ausprivauto0405,TabPFN-V3,1,1.0,tail_log,50.0,1,2000,1000,1.0658634843461645,0.2005,160,0.109276596018166,0,,0.0,0.0,0.0,0.0,826.9108142116581,768.2470722123215,177.59610319963963,36.22231539768167,12,6.8,
ausprivauto0405,TabPFN-V3,1,1.0,evt_trim,0.0,1,2000,1000,1.0658634843461645,0.2005,160,0.109276596018166,0,,0.0,0.0,0.0,0.0,826.9108142116581,768.2470722123215,177.59610319963963,35.56115299969834,12,6.7,
ausprivauto0405,TabPFN-V3,1,100.0,raw,0.0,1,2000,1000,4.041657415881043,0.2005,1,10.9276596018166,0,False,0.05739719290766864,-0.06153762879523061,-0.12567859607147513,-0.03858426080484359,825.9432125881226,768.2488864026512,183.04079005317868,32.571926254581165,17,6.8,
ausprivauto0405,TabPFN-V3,1,100.0,clip,50.0,1,2000,1000,4.041657415881043,0.2005,1,10.9276596018166,1,True,-0.021135598627727587,-0.014017897793831384,-0.0006639604224585165,0.038002871461747495,826.7385713213316,769.9236204126433,178.15409212542087,33.94224935712022,12,6.8,
ausprivauto0405,TabPFN-V3,1,100.0,clip,200.0,1,2000,1000,4.041657415881043,0.2005,1,10.9276596018166,1,True,-0.05793154684017632,-0.009760348108802126,-0.08311108168824338,0.14873257493127157,828.677772053507,761.6484957135434,183.1441058861943,34.466202257792105,16,6.8,
ausprivauto0405,TabPFN-V3,1,100.0,log,0.0,1,2000,1000,4.041657415881043,0.2005,1,10.9276596018166,0,True,0.1404886014767568,0.16282926632500352,0.02795259419015146,0.2852262288436159,824.8421097355802,762.864377104372,193.3281442492844,64.23042586071277,11,7.2,
ausprivauto0405,TabPFN-V3,1,100.0,tail_log,50.0,1,2000,1000,4.041657415881043,0.2005,1,10.9276596018166,1,True,-0.031756837939054296,-0.015407167110836856,-0.04800156681431073,0.16514632735289397,826.9766788432868,765.4871940869497,183.0427793673094,128.89495748336697,12,6.8,
ausprivauto0405,TabPFN-V3,1,100.0,evt_trim,0.0,1,2000,1000,4.041657415881043,0.2005,1,10.9276596018166,0,False,0.05739719290766864,-0.06153762879523061,-0.12567859607147513,-0.03858426080484359,825.9432125881226,768.2488864026512,183.04079005317868,32.571926254581165,17,6.8,
ausprivauto0405,TabICLv2,1,1.0,raw,0.0,1,2000,1000,1.0658634843461645,0.2005,160,0.109276596018166,0,,0.0,0.0,0.0,0.0,821.876200242844,769.885646552995,201.00345170204585,54.16367111431553,6,0.0,
ausprivauto0405,TabICLv2,1,1.0,clip,50.0,1,2000,1000,1.0658634843461645,0.2005,160,0.109276596018166,0,,0.0,0.0,0.0,0.0,821.876200242844,769.885646552995,201.00345170204585,54.16367111431553,6,3.8,
ausprivauto0405,TabICLv2,1,1.0,clip,200.0,1,2000,1000,1.0658634843461645,0.2005,160,0.109276596018166,0,,0.0,0.0,0.0,0.0,821.876200242844,769.885646552995,201.00345170204585,54.16367111431553,6,4.1,
ausprivauto0405,TabICLv2,1,1.0,log,0.0,1,2000,1000,1.0658634843461645,0.2005,160,0.109276596018166,0,,0.021061052497053687,0.05679452005466752,-0.030380425171894734,0.4243795793495862,823.4991288025373,760.6992182552583,199.07834572951208,44.886238307348215,5,3.8,
ausprivauto0405,TabICLv2,1,1.0,tail_log,50.0,1,2000,1000,1.0658634843461645,0.2005,160,0.109276596018166,0,,0.0,0.0,0.0,0.0,821.876200242844,769.885646552995,201.00345170204585,54.16367111431553,6,3.8,
ausprivauto0405,TabICLv2,1,1.0,evt_trim,0.0,1,2000,1000,1.0658634843461645,0.2005,160,0.109276596018166,0,,0.0,0.0,0.0,0.0,821.876200242844,769.885646552995,201.00345170204585,54.16367111431553,6,4.0,
ausprivauto0405,TabICLv2,1,100.0,raw,0.0,1,2000,1000,4.041657415881043,0.2005,1,10.9276596018166,0,False,0.033232217818588455,0.12347823548686265,-0.09044385633463961,0.024040071403309576,824.8235107720899,768.4996068161371,200.87917261931148,39.96276142254991,11,3.7,
ausprivauto0405,TabICLv2,1,100.0,clip,50.0,1,2000,1000,4.041657415881043,0.2005,1,10.9276596018166,1,True,-0.0018112439423872764,0.009530536957533801,0.0766257880955405,0.0869520065045699,821.6909175356394,778.169956309506,207.06623941688963,51.06469464849521,6,4.2,
ausprivauto0405,TabICLv2,1,100.0,clip,200.0,1,2000,1000,4.041657415881043,0.2005,1,10.9276596018166,1,True,0.07607296723667162,0.054021279303775656,0.08646898530122393,0.1854199435564651,820.6569348581396,767.3314911392122,212.93761926528026,39.22364330243273,4,3.9,
ausprivauto0405,TabICLv2,1,100.0,log,0.0,1,2000,1000,4.041657415881043,0.2005,1,10.9276596018166,0,True,0.018935616674022587,0.07590951262963644,0.032706482510316784,0.5986597212653938,823.7710004904652,761.1918292251877,205.88139634482846,47.62380526354606,4,3.8,
ausprivauto0405,TabICLv2,1,100.0,tail_log,50.0,1,2000,1000,4.041657415881043,0.2005,1,10.9276596018166,1,True,0.07430745488896959,0.04996976555297687,0.11908077254765757,0.20492537030117708,820.1962199390274,772.6579664993575,213.7006733146091,40.4884184755545,4,3.9,
ausprivauto0405,TabICLv2,1,100.0,evt_trim,0.0,1,2000,1000,4.041657415881043,0.2005,1,10.9276596018166,0,False,0.033232217818588455,0.12347823548686265,-0.09044385633463961,0.024040071403309576,824.8235107720899,768.4996068161371,200.87917261931148,39.96276142254991,11,3.8,
ausprivauto0405,GBM,1,1.0,raw,0.0,1,2000,1000,1.0658634843461645,0.2005,160,0.109276596018166,0,,0.0,0.0,0.0,0.0,822.5676072657341,760.2624089677728,208.49698756513354,59.97744121029894,15,0.0,
ausprivauto0405,GBM,1,1.0,clip,50.0,1,2000,1000,1.0658634843461645,0.2005,160,0.109276596018166,0,,0.0,0.0,0.0,0.0,822.5676072657341,760.2624089677728,208.49698756513354,59.97744121029894,15,3.1,
ausprivauto0405,GBM,1,1.0,clip,200.0,1,2000,1000,1.0658634843461645,0.2005,160,0.109276596018166,0,,0.0,0.0,0.0,0.0,822.5676072657341,760.2624089677728,208.49698756513354,59.97744121029894,15,3.5,
ausprivauto0405,GBM,1,1.0,log,0.0,1,2000,1000,1.0658634843461645,0.2005,160,0.109276596018166,0,,0.0037386458534116465,-0.019249875075655298,-0.002815826107729833,0.03769313690498011,824.4580031946907,750.448208766041,212.206068415484,56.782841027206075,16,3.8,
ausprivauto0405,GBM,1,1.0,tail_log,50.0,1,2000,1000,1.0658634843461645,0.2005,160,0.109276596018166,0,,0.0,0.0,0.0,0.0,822.5676072657341,760.2624089677728,208.49698756513354,59.97744121029894,15,3.6,
ausprivauto0405,GBM,1,1.0,evt_trim,0.0,1,2000,1000,1.0658634843461645,0.2005,160,0.109276596018166,0,,0.0,0.0,0.0,0.0,822.5676072657341,760.2624089677728,208.49698756513354,59.97744121029894,15,3.4,
ausprivauto0405,GBM,1,100.0,raw,0.0,1,2000,1000,4.041657415881043,0.2005,1,10.9276596018166,0,False,0.0,0.0,0.02108549227105955,0.1635548836229109,822.5676072657341,760.2624089677728,207.26973091997056,47.04870410103405,13,3.3,
ausprivauto0405,GBM,1,100.0,clip,50.0,1,2000,1000,4.041657415881043,0.2005,1,10.9276596018166,1,True,0.0,0.0,0.02108549227105955,0.14643712991567437,822.5676072657341,760.2624089677728,207.26973091997056,41.82050416854244,13,3.3,
ausprivauto0405,GBM,1,100.0,clip,200.0,1,2000,1000,4.041657415881043,0.2005,1,10.9276596018166,1,True,0.0,0.0,0.02108549227105955,0.16402880469819447,822.5676072657341,760.2624089677728,207.26973091997056,43.74359536467667,13,3.2,
ausprivauto0405,GBM,1,100.0,log,0.0,1,2000,1000,4.041657415881043,0.2005,1,10.9276596018166,0,True,0.0037386458534116465,-0.019249875075655298,0.03055873821977322,0.13147405317633143,824.4580031946907,750.448208766041,207.670429599198,43.151635861451474,14,3.5,
ausprivauto0405,GBM,1,100.0,tail_log,50.0,1,2000,1000,4.041657415881043,0.2005,1,10.9276596018166,1,True,0.0,0.0,0.02108549227105955,0.16017649021949162,822.5676072657341,760.2624089677728,207.26973091997056,44.31006309260854,13,3.5,
ausprivauto0405,GBM,1,100.0,evt_trim,0.0,1,2000,1000,4.041657415881043,0.2005,1,10.9276596018166,0,False,0.0,0.0,0.02108549227105955,0.1635548836229109,822.5676072657341,760.2624089677728,207.26973091997056,47.04870410103405,13,3.7,
ausprivauto0405,TabPFN-V3,2,1.0,raw,0.0,1,2000,1000,1.06107759987464,0.199,19,0.3148005983111099,0,,0.0,0.0,0.0,0.0,854.9997624168724,815.0219420803486,219.27348041348074,46.44190868621059,17,0.0,
ausprivauto0405,TabPFN-V3,2,1.0,clip,50.0,1,2000,1000,1.06107759987464,0.199,19,0.3148005983111099,0,,0.0,0.0,0.0,0.0,854.9997624168724,815.0219420803486,219.27348041348074,46.44190868621059,17,6.7,
ausprivauto0405,TabPFN-V3,2,1.0,clip,200.0,1,2000,1000,1.06107759987464,0.199,19,0.3148005983111099,0,,0.0,0.0,0.0,0.0,854.9997624168724,815.0219420803486,219.27348041348074,46.44190868621059,17,7.0,
ausprivauto0405,TabPFN-V3,2,1.0,log,0.0,1,2000,1000,1.06107759987464,0.199,19,0.3148005983111099,0,,0.16224096120439396,0.11975100040092035,0.015526627739415972,0.08205846316284023,852.0796239217124,807.0371212006335,210.44812839211787,56.2884754045796,18,6.6,
ausprivauto0405,TabPFN-V3,2,1.0,tail_log,50.0,1,2000,1000,1.06107759987464,0.199,19,0.3148005983111099,0,,0.0,0.0,0.0,0.0,854.9997624168724,815.0219420803486,219.27348041348074,46.63960150989394,17,6.9,
ausprivauto0405,TabPFN-V3,2,1.0,evt_trim,0.0,1,2000,1000,1.06107759987464,0.199,19,0.3148005983111099,0,,0.0,0.0,0.0,0.0,854.9997624168724,815.0219420803486,219.27348041348074,46.44190868621059,17,6.9,
ausprivauto0405,TabPFN-V3,2,100.0,raw,0.0,1,2000,1000,11.026187380171429,0.199,1,31.48005983111099,0,False,0.3775321741162333,0.06799462262940875,-0.18496191151359906,-0.06045305409418265,853.4666279230279,810.4944043555283,237.57123419633075,52.00354182097622,25,7.1,
ausprivauto0405,TabPFN-V3,2,100.0,clip,50.0,1,2000,1000,11.026187380171429,0.199,1,31.48005983111099,1,True,-0.023900804893397,-0.012715012090409445,-0.014058291608858766,0.01333154355917095,855.9038765478332,814.0870590466737,224.3711952694792,48.128622680351214,18,7.2,
ausprivauto0405,TabPFN-V3,2,100.0,clip,200.0,1,2000,1000,11.026187380171429,0.199,1,31.48005983111099,1,True,-0.04964497922224104,-0.018625208645635792,-0.0579381138107861,0.12539621292056197,856.72083749298,815.0012965203907,228.29257895326046,52.95761463835903,18,6.8,
ausprivauto0405,TabPFN-V3,2,100.0,log,0.0,1,2000,1000,11.026187380171429,0.199,1,31.48005983111099,0,True,0.1404568012967054,0.1179184253044203,0.048468375971334327,0.22758987595847097,852.00934474183,803.7409034548034,203.64444094115294,58.13679186136936,13,6.9,
ausprivauto0405,TabPFN-V3,2,100.0,tail_log,50.0,1,2000,1000,11.026187380171429,0.199,1,31.48005983111099,1,True,-0.015863632202505903,-0.0020894723202790726,-0.05586663416350004,0.11500904443090665,855.8444314346672,813.2792520429346,227.78585811331703,55.005773581776495,18,7.0,
ausprivauto0405,TabPFN-V3,2,100.0,evt_trim,0.0,1,2000,1000,11.026187380171429,0.199,1,31.48005983111099,1,True,-0.01871812333711679,-0.009805749864522078,-0.011759370792915256,0.012182163149594593,855.7503779239854,813.7262806287049,224.19667700287764,47.771354647148094,18,7.1,
ausprivauto0405,TabICLv2,2,1.0,raw,0.0,1,2000,1000,1.06107759987464,0.199,19,0.3148005983111099,0,,0.0,0.0,0.0,0.0,851.792161694553,800.903032566708,213.3961032749183,40.10370765163246,11,0.0,
ausprivauto0405,TabICLv2,2,1.0,clip,50.0,1,2000,1000,1.06107759987464,0.199,19,0.3148005983111099,0,,0.0,0.0,0.0,0.0,851.792161694553,800.903032566708,213.3961032749183,40.10370765163246,11,4.0,
ausprivauto0405,TabICLv2,2,1.0,clip,200.0,1,2000,1000,1.06107759987464,0.199,19,0.3148005983111099,0,,0.0,0.0,0.0,0.0,851.792161694553,800.903032566708,213.3961032749183,40.10370765163246,11,3.7,
ausprivauto0405,TabICLv2,2,1.0,log,0.0,1,2000,1000,1.06107759987464,0.199,19,0.3148005983111099,0,,0.038572167825213964,0.02097761536726355,-0.07899876133555819,0.43252263705248106,851.28832645967,798.2926900373268,202.17100520284527,35.307522522032016,11,3.7,
ausprivauto0405,TabICLv2,2,1.0,tail_log,50.0,1,2000,1000,1.06107759987464,0.199,19,0.3148005983111099,0,,0.0,0.0,0.0,0.0,851.792161694553,800.903032566708,213.3961032749183,40.10370765163246,11,4.0,
ausprivauto0405,TabICLv2,2,1.0,evt_trim,0.0,1,2000,1000,1.06107759987464,0.199,19,0.3148005983111099,0,,0.0,0.0,0.0,0.0,851.792161694553,800.903032566708,213.3961032749183,40.10370765163246,11,3.7,
ausprivauto0405,TabICLv2,2,100.0,raw,0.0,1,2000,1000,11.026187380171429,0.199,1,31.48005983111099,0,False,-0.012697766164033713,0.19187947698358626,-0.16254228919542613,0.11959610550903807,851.2929142254127,801.4862987944236,208.9841319275745,40.76763626042935,14,4.1,
ausprivauto0405,TabICLv2,2,100.0,clip,50.0,1,2000,1000,11.026187380171429,0.199,1,31.48005983111099,1,True,0.005472821002764779,0.0009608191219291488,0.04623212443684906,0.055922021074957,852.1730897550879,803.9136034666111,214.8831572829964,38.64343423699184,9,3.7,
ausprivauto0405,TabICLv2,2,100.0,clip,200.0,1,2000,1000,11.026187380171429,0.199,1,31.48005983111099,1,True,0.08838758988117107,0.02617181360276105,-0.009837026577323525,0.07520043825174097,852.8307614925192,818.8149949440204,230.9401439989183,44.54138765007778,10,3.8,
ausprivauto0405,TabICLv2,2,100.0,log,0.0,1,2000,1000,11.026187380171429,0.199,1,31.48005983111099,0,True,0.04680316551859491,0.027084964817098933,-0.030684745699334673,0.6000166761974677,851.3843477373274,797.0571222643728,235.44162773259242,53.46411492061358,9,4.0,
ausprivauto0405,TabICLv2,2,100.0,tail_log,50.0,1,2000,1000,11.026187380171429,0.199,1,31.48005983111099,1,True,0.09102301183645922,0.030223964286539985,-0.030274525694461193,0.057680158177427936,852.8098992183485,819.8861444480907,230.60549931724964,45.112189116202764,10,3.7,
ausprivauto0405,TabICLv2,2,100.0,evt_trim,0.0,1,2000,1000,11.026187380171429,0.199,1,31.48005983111099,1,True,0.003497049472568996,-0.003856335550762465,0.027774667377151244,0.03662056311772993,851.9915132818484,802.9531366025767,214.19740866971517,39.04570528151527,9,3.9,
ausprivauto0405,GBM,2,1.0,raw,0.0,1,2000,1000,1.06107759987464,0.199,19,0.3148005983111099,0,,0.0,0.0,0.0,0.0,854.9104729874576,834.605165013781,232.68419343499693,51.23232092813469,23,0.0,
ausprivauto0405,GBM,2,1.0,clip,50.0,1,2000,1000,1.06107759987464,0.199,19,0.3148005983111099,0,,0.0,0.0,0.0,0.0,854.9104729874576,834.605165013781,232.68419343499693,51.23232092813469,23,3.6,
ausprivauto0405,GBM,2,1.0,clip,200.0,1,2000,1000,1.06107759987464,0.199,19,0.3148005983111099,0,,0.0,0.0,0.0,0.0,854.9104729874576,834.605165013781,232.68419343499693,51.23232092813469,23,3.6,
ausprivauto0405,GBM,2,1.0,log,0.0,1,2000,1000,1.06107759987464,0.199,19,0.3148005983111099,0,,-0.002020934769343093,-0.008789246975037137,0.0196669920004175,0.04831362422490468,855.1390991939372,829.7146465292566,226.15483107309382,47.91488032052015,23,3.5,
ausprivauto0405,GBM,2,1.0,tail_log,50.0,1,2000,1000,1.06107759987464,0.199,19,0.3148005983111099,0,,0.0,0.0,0.0,0.0,854.9104729874576,834.605165013781,232.68419343499693,51.23232092813469,23,3.4,
ausprivauto0405,GBM,2,1.0,evt_trim,0.0,1,2000,1000,1.06107759987464,0.199,19,0.3148005983111099,0,,0.0,0.0,0.0,0.0,854.9104729874576,834.605165013781,232.68419343499693,51.23232092813469,23,3.2,
ausprivauto0405,GBM,2,100.0,raw,0.0,1,2000,1000,11.026187380171429,0.199,1,31.48005983111099,0,False,0.0,-0.017361591231271286,0.011609285661389575,0.00388225158124053,854.9104729874576,880.0620431587396,228.61188908846043,45.450953190811276,22,3.8,
ausprivauto0405,GBM,2,100.0,clip,50.0,1,2000,1000,11.026187380171429,0.199,1,31.48005983111099,1,True,0.0,-0.014856477446832335,0.011609285661389575,0.00388225158124053,854.9104729874576,827.4077635239684,228.61188908353958,45.450953190811276,22,3.1,
ausprivauto0405,GBM,2,100.0,clip,200.0,1,2000,1000,11.026187380171429,0.199,1,31.48005983111099,1,True,0.0,-0.017361591231271286,0.011609285661389575,0.00388225158124053,854.9104729874576,834.0222820826309,228.61188908410367,45.450953190811276,22,3.8,
ausprivauto0405,GBM,2,100.0,log,0.0,1,2000,1000,11.026187380171429,0.199,1,31.48005983111099,0,True,-0.007083436724968021,-0.01686970133230173,0.012359245610749999,0.042384416579097965,854.7746988835675,825.8333536497822,229.52384834385435,42.509124275781346,21,3.4,
ausprivauto0405,GBM,2,100.0,tail_log,50.0,1,2000,1000,11.026187380171429,0.199,1,31.48005983111099,1,True,0.0,-0.017361591231271286,0.011609285661389575,0.00388225158124053,854.9104729874576,834.4725352055831,228.61188908416048,45.450953190811276,22,3.4,
ausprivauto0405,GBM,2,100.0,evt_trim,0.0,1,2000,1000,11.026187380171429,0.199,1,31.48005983111099,1,True,0.0,-0.024536676359215717,0.011609285661389575,0.00388225158124053,854.9104729874576,831.6102419115614,228.61188908351167,45.450953190811276,22,3.3,
ausprivauto0405,TabPFN-V3,3,1.0,raw,0.0,1,2000,1000,1.0430050696487105,0.2005,311,0.07836638855464229,0,,0.0,0.0,0.0,0.0,799.0173780428574,717.8279127520933,184.03124570444476,32.061868825669485,13,0.0,
ausprivauto0405,TabPFN-V3,3,1.0,clip,50.0,1,2000,1000,1.0430050696487105,0.2005,311,0.07836638855464229,0,,0.0,0.0,0.0,0.0,799.0173780428574,717.8279127520933,184.03124570444476,32.061868825669485,13,6.8,
ausprivauto0405,TabPFN-V3,3,1.0,clip,200.0,1,2000,1000,1.0430050696487105,0.2005,311,0.07836638855464229,0,,0.0,0.0,0.0,0.0,799.0173780428574,717.8279127520933,184.03124570444476,32.061868825669485,13,6.6,
ausprivauto0405,TabPFN-V3,3,1.0,log,0.0,1,2000,1000,1.0430050696487105,0.2005,311,0.07836638855464229,0,,0.13391870008898,0.1760642353176546,-0.03516776009207267,0.10436150439361273,795.8080766899009,713.2680508303719,185.34865678060706,36.73816642045519,14,6.6,
ausprivauto0405,TabPFN-V3,3,1.0,tail_log,50.0,1,2000,1000,1.0430050696487105,0.2005,311,0.07836638855464229,0,,0.0,0.0,0.0,0.0,799.0173780428574,717.8279127520933,184.03124570444476,32.293619921805515,13,6.5,
ausprivauto0405,TabPFN-V3,3,1.0,evt_trim,0.0,1,2000,1000,1.0430050696487105,0.2005,311,0.07836638855464229,0,,0.0,0.0,0.0,0.0,799.0173780428574,717.8279127520933,184.03124570444476,32.061868825669485,13,6.7,
ausprivauto0405,TabPFN-V3,3,100.0,raw,0.0,1,2000,1000,2.526319333088405,0.2005,1,7.836638855464229,0,False,-0.006043970795755712,-0.020681132537677102,-0.09723510785467224,-0.007809928259485512,800.8576794573924,721.4633773180886,187.76444591546192,34.63132662156792,17,6.6,
ausprivauto0405,TabPFN-V3,3,100.0,clip,50.0,1,2000,1000,2.526319333088405,0.2005,1,7.836638855464229,1,True,-0.02109405168854861,-0.012531756875136774,-0.0025914197044097937,0.011427048906400322,801.1951761337887,719.3666142200199,180.18347362436663,32.75429655223199,13,6.7,
ausprivauto0405,TabPFN-V3,3,100.0,clip,200.0,1,2000,1000,2.526319333088405,0.2005,1,7.836638855464229,1,True,-0.05471332959180568,-0.02961827557831634,-0.09287508493360308,0.07046267245313959,801.9045346466669,722.8054626001372,186.8609783072807,33.985097408677305,15,6.5,
ausprivauto0405,TabPFN-V3,3,100.0,log,0.0,1,2000,1000,2.526319333088405,0.2005,1,7.836638855464229,0,True,0.13240835560092465,0.1737594573510466,-0.021635445284456392,0.14779368422169803,795.5880097198408,715.0695611466898,187.39709218446154,45.00415179784637,14,6.5,
ausprivauto0405,TabPFN-V3,3,100.0,tail_log,50.0,1,2000,1000,2.526319333088405,0.2005,1,7.836638855464229,1,True,-0.04617736074750685,-0.032216931145239665,-0.045885797497513744,0.0896668519899624,801.7923175579631,723.0252847009808,186.00602767286833,35.7242767940785,13,6.7,
ausprivauto0405,TabPFN-V3,3,100.0,evt_trim,0.0,1,2000,1000,2.526319333088405,0.2005,1,7.836638855464229,0,False,-0.006043970795755712,-0.020681132537677102,-0.09723510785467224,-0.007809928259485512,800.8576794573924,721.4633773180886,187.76444591546192,34.63132662156792,17,7.0,
ausprivauto0405,TabICLv2,3,1.0,raw,0.0,1,2000,1000,1.0430050696487105,0.2005,311,0.07836638855464229,0,,0.0,0.0,0.0,0.0,793.6624083044502,708.2750949972855,187.15133787878852,45.12514749968512,6,0.0,
ausprivauto0405,TabICLv2,3,1.0,clip,50.0,1,2000,1000,1.0430050696487105,0.2005,311,0.07836638855464229,0,,0.0,0.0,0.0,0.0,793.6624083044502,708.2750949972855,187.15133787878852,45.12514749968512,6,3.9,
ausprivauto0405,TabICLv2,3,1.0,clip,200.0,1,2000,1000,1.0430050696487105,0.2005,311,0.07836638855464229,0,,0.0,0.0,0.0,0.0,793.6624083044502,708.2750949972855,187.15133787878852,45.12514749968512,6,3.9,
ausprivauto0405,TabICLv2,3,1.0,log,0.0,1,2000,1000,1.0430050696487105,0.2005,311,0.07836638855464229,0,,0.0015390905179186536,0.04990606222158206,-0.08191611170868793,0.33520152330212916,791.2102666347492,718.7485499459498,191.0560654123049,49.67914631036972,12,4.0,
ausprivauto0405,TabICLv2,3,1.0,tail_log,50.0,1,2000,1000,1.0430050696487105,0.2005,311,0.07836638855464229,0,,0.0,0.0,0.0,0.0,793.6624083044502,708.2750949972855,187.15133787878852,45.12514749968512,6,3.8,
ausprivauto0405,TabICLv2,3,1.0,evt_trim,0.0,1,2000,1000,1.0430050696487105,0.2005,311,0.07836638855464229,0,,0.0,0.0,0.0,0.0,793.6624083044502,708.2750949972855,187.15133787878852,45.12514749968512,6,4.2,
ausprivauto0405,TabICLv2,3,100.0,raw,0.0,1,2000,1000,2.526319333088405,0.2005,1,7.836638855464229,0,False,0.048507170619624285,0.1072789154322061,-0.058491557179637554,0.022496629757343654,796.5071631567553,713.5174942076591,179.21286718113228,34.46713906395074,7,4.0,
ausprivauto0405,TabICLv2,3,100.0,clip,50.0,1,2000,1000,2.526319333088405,0.2005,1,7.836638855464229,1,True,-0.0023430865919145507,0.010572524483989293,0.03492087280829495,0.04727913896387251,792.2033277532989,709.1568542545104,187.47635887635104,41.676383828786676,5,3.8,
ausprivauto0405,TabICLv2,3,100.0,clip,200.0,1,2000,1000,2.526319333088405,0.2005,1,7.836638855464229,1,True,0.029901003994180934,0.04351080782194548,-0.031126730498136503,0.04444323611900902,794.5047257959701,717.3896573390308,182.0954863837573,33.32413683641168,7,4.1,
ausprivauto0405,TabICLv2,3,100.0,log,0.0,1,2000,1000,2.526319333088405,0.2005,1,7.836638855464229,0,True,0.006259304800582823,0.06371948232672223,-0.04375657631318088,0.455827199785251,790.8413337610459,721.1196933070776,191.84455947651404,47.12324313538187,10,3.9,
ausprivauto0405,TabICLv2,3,100.0,tail_log,50.0,1,2000,1000,2.526319333088405,0.2005,1,7.836638855464229,1,True,0.024156444493568067,0.012690142275246997,0.01538021855914026,0.06802382248502743,792.7164196817859,723.9150320795558,184.84096262617916,31.55590584324761,7,4.1,
ausprivauto0405,TabICLv2,3,100.0,evt_trim,0.0,1,2000,1000,2.526319333088405,0.2005,1,7.836638855464229,0,False,0.048507170619624285,0.1072789154322061,-0.058491557179637554,0.022496629757343654,796.5071631567553,713.5174942076591,179.21286718113228,34.46713906395074,7,3.9,
ausprivauto0405,GBM,3,1.0,raw,0.0,1,2000,1000,1.0430050696487105,0.2005,311,0.07836638855464229,0,,0.0,0.0,0.0,0.0,791.6593155234475,736.6262339997753,205.44867505529342,75.35117726820873,17,0.0,
ausprivauto0405,GBM,3,1.0,clip,50.0,1,2000,1000,1.0430050696487105,0.2005,311,0.07836638855464229,0,,0.0,0.0,0.0,0.0,791.6593155234475,736.6262339997753,205.44867505529342,75.35117726820873,17,3.4,
ausprivauto0405,GBM,3,1.0,clip,200.0,1,2000,1000,1.0430050696487105,0.2005,311,0.07836638855464229,0,,0.0,0.0,0.0,0.0,791.6593155234475,736.6262339997753,205.44867505529342,75.35117726820873,17,3.2,
ausprivauto0405,GBM,3,1.0,log,0.0,1,2000,1000,1.0430050696487105,0.2005,311,0.07836638855464229,0,,-0.00571876285192632,-0.010564911306803617,-0.004423682020176911,-0.19506766861847716,795.3692535239873,738.9620076080695,200.0381154691533,78.85476162240464,17,3.4,
ausprivauto0405,GBM,3,1.0,tail_log,50.0,1,2000,1000,1.0430050696487105,0.2005,311,0.07836638855464229,0,,0.0,0.0,0.0,0.0,791.6593155234475,736.6262339997753,205.44867505529342,75.35117726820873,17,3.3,
ausprivauto0405,GBM,3,1.0,evt_trim,0.0,1,2000,1000,1.0430050696487105,0.2005,311,0.07836638855464229,0,,0.0,0.0,0.0,0.0,791.6593155234475,736.6262339997753,205.44867505529342,75.35117726820873,17,3.3,
ausprivauto0405,GBM,3,100.0,raw,0.0,1,2000,1000,2.526319333088405,0.2005,1,7.836638855464229,0,False,0.0,-0.005059786966774825,-0.03383841667371809,-0.16585079954367382,791.6593155234475,733.6140086895816,221.98550213382055,64.78614488204798,17,3.3,
ausprivauto0405,GBM,3,100.0,clip,50.0,1,2000,1000,2.526319333088405,0.2005,1,7.836638855464229,1,True,0.0,-0.005059786966774825,-0.03473018042998487,-0.17203630664595043,791.6593155234475,733.6140086895816,212.05179860293197,70.41423904245104,17,3.8,
ausprivauto0405,GBM,3,100.0,clip,200.0,1,2000,1000,2.526319333088405,0.2005,1,7.836638855464229,1,True,0.0,-0.005059786966774825,-0.03383841667371809,-0.11504954142555743,791.6593155234475,733.6140086895816,218.50789851032627,63.1069239660273,17,3.5,
ausprivauto0405,GBM,3,100.0,log,0.0,1,2000,1000,2.526319333088405,0.2005,1,7.836638855464229,0,True,-0.00571876285192632,-0.015172993937875044,-0.024827314436012063,-0.17014074411953334,795.3692535239873,747.9486393174005,222.69235127654494,72.07929790094434,17,3.3,
ausprivauto0405,GBM,3,100.0,tail_log,50.0,1,2000,1000,2.526319333088405,0.2005,1,7.836638855464229,1,True,0.0,-0.005059786966774825,-0.03383841667371809,-0.1343829796737184,791.6593155234475,733.6140086895816,215.95643027211565,73.7498187138403,17,3.6,
ausprivauto0405,GBM,3,100.0,evt_trim,0.0,1,2000,1000,2.526319333088405,0.2005,1,7.836638855464229,0,False,0.0,-0.005059786966774825,-0.03383841667371809,-0.16585079954367382,791.6593155234475,733.6140086895816,221.98550213382055,64.78614488204798,17,3.3,
ausprivauto0405,TabPFN-V3,4,1.0,raw,0.0,1,2000,1000,1.0205635841440217,0.213,80,0.29070637126490784,0,,0.0,0.0,0.0,0.0,775.5492524818268,744.2274620918897,235.89264920501364,48.11915475457809,19,0.0,
ausprivauto0405,TabPFN-V3,4,1.0,clip,50.0,1,2000,1000,1.0205635841440217,0.213,80,0.29070637126490784,0,,0.0,0.0,0.0,0.0,775.5492524818268,744.2274620918897,235.89264920501364,48.11915475457809,19,6.9,
ausprivauto0405,TabPFN-V3,4,1.0,clip,200.0,1,2000,1000,1.0205635841440217,0.213,80,0.29070637126490784,0,,0.0,0.0,0.0,0.0,775.5492524818268,744.2274620918897,235.89264920501364,48.11915475457809,19,6.6,
ausprivauto0405,TabPFN-V3,4,1.0,log,0.0,1,2000,1000,1.0205635841440217,0.213,80,0.29070637126490784,0,,0.15051487154133325,0.14207944538448947,0.032960742397300784,0.20095363861893206,773.0481499927351,742.3933594076436,228.90253418516306,33.626235147429206,18,6.7,
ausprivauto0405,TabPFN-V3,4,1.0,tail_log,50.0,1,2000,1000,1.0205635841440217,0.213,80,0.29070637126490784,0,,0.0,0.0,0.0,0.0,775.5492524818268,744.2274620918897,235.89264920501364,48.14409797809893,19,6.8,
ausprivauto0405,TabPFN-V3,4,1.0,evt_trim,0.0,1,2000,1000,1.0205635841440217,0.213,80,0.29070637126490784,0,,0.0,0.0,0.0,0.0,775.5492524818268,744.2274620918897,235.89264920501364,48.11915475457809,19,6.8,
ausprivauto0405,TabPFN-V3,4,100.0,raw,0.0,1,2000,1000,6.299402432314446,0.213,1,29.070637126490784,0,False,0.23915605420184766,0.01791666497902706,-0.0959515280854013,-0.001281524320114301,770.8580873875637,739.94967029336,235.73715360022453,43.34228226043748,21,6.9,
ausprivauto0405,TabPFN-V3,4,100.0,clip,50.0,1,2000,1000,6.299402432314446,0.213,1,29.070637126490784,1,True,0.014315436065489774,-0.003838884209926093,-0.001279666525880185,0.026309161834320263,775.0787551969404,741.7950264091961,235.1062795715761,46.311208022156215,18,6.8,
ausprivauto0405,TabPFN-V3,4,100.0,clip,200.0,1,2000,1000,6.299402432314446,0.213,1,29.070637126490784,1,True,-0.059419864314175494,-0.012886457332987704,-0.07366128616047266,0.19378331133467397,778.4865227845937,744.33098228791,244.32951542888858,46.43627655473434,20,6.7,
ausprivauto0405,TabPFN-V3,4,100.0,log,0.0,1,2000,1000,6.299402432314446,0.213,1,29.070637126490784,0,True,0.14889585706898878,0.14091693745120804,0.06805325188327688,0.3064948660000883,773.6130813090173,742.4183432745459,224.4851109557288,38.64091904324748,18,7.0,
ausprivauto0405,TabPFN-V3,4,100.0,tail_log,50.0,1,2000,1000,6.299402432314446,0.213,1,29.070637126490784,1,True,-0.047538892442075306,-0.015702899532735858,-0.06396303607267892,0.1952632340992696,777.4836760314768,743.8023773562694,243.5529618058417,46.76666565345332,20,6.8,
ausprivauto0405,TabPFN-V3,4,100.0,evt_trim,0.0,1,2000,1000,6.299402432314446,0.213,1,29.070637126490784,1,True,0.003412340999291715,0.0012759537966025411,0.013065561411260886,0.017751765405365105,775.6666601022557,743.1605258827351,236.0819484778261,47.436198184265585,18,6.5,
ausprivauto0405,TabICLv2,4,1.0,raw,0.0,1,2000,1000,1.0205635841440217,0.213,80,0.29070637126490784,0,,0.0,0.0,0.0,0.0,766.547987436821,750.0389740193882,216.9701613346402,48.75868187068746,11,0.0,
ausprivauto0405,TabICLv2,4,1.0,clip,50.0,1,2000,1000,1.0205635841440217,0.213,80,0.29070637126490784,0,,0.0,0.0,0.0,0.0,766.547987436821,750.0389740193882,216.9701613346402,48.75868187068746,11,3.9,
ausprivauto0405,TabICLv2,4,1.0,clip,200.0,1,2000,1000,1.0205635841440217,0.213,80,0.29070637126490784,0,,0.0,0.0,0.0,0.0,766.547987436821,750.0389740193882,216.9701613346402,48.75868187068746,11,3.7,
ausprivauto0405,TabICLv2,4,1.0,log,0.0,1,2000,1000,1.0205635841440217,0.213,80,0.29070637126490784,0,,0.010445658052892704,0.0018115069993210856,-0.02055984948999954,0.46631527555274177,770.1896517203013,754.3565057193384,213.92691938737377,42.29869734624627,12,3.8,
ausprivauto0405,TabICLv2,4,1.0,tail_log,50.0,1,2000,1000,1.0205635841440217,0.213,80,0.29070637126490784,0,,0.0,0.0,0.0,0.0,766.547987436821,750.0389740193882,216.9701613346402,48.75868187068746,11,4.0,
ausprivauto0405,TabICLv2,4,1.0,evt_trim,0.0,1,2000,1000,1.0205635841440217,0.213,80,0.29070637126490784,0,,0.0,0.0,0.0,0.0,766.547987436821,750.0389740193882,216.9701613346402,48.75868187068746,11,3.8,
ausprivauto0405,TabICLv2,4,100.0,raw,0.0,1,2000,1000,6.299402432314446,0.213,1,29.070637126490784,0,False,-0.00993667101360655,0.14221383917100514,-0.0893675310084846,0.07583003166503621,772.9639098876823,778.9397372310943,223.36059246218704,50.02567331892965,17,4.0,
ausprivauto0405,TabICLv2,4,100.0,clip,50.0,1,2000,1000,6.299402432314446,0.213,1,29.070637126490784,1,True,-0.028371950866048636,0.01064885752946555,0.09152563369191222,0.09927647257215114,766.003235729521,761.6962529744758,218.33702052149957,42.524242388664035,10,3.7,
ausprivauto0405,TabICLv2,4,100.0,clip,200.0,1,2000,1000,6.299402432314446,0.213,1,29.070637126490784,1,True,0.05451515586303958,0.03103254684573413,0.08928899147971807,0.21510853571152266,768.285561261591,766.0217150193241,228.07660659306208,43.966543293640584,9,3.9,
ausprivauto0405,TabICLv2,4,100.0,log,0.0,1,2000,1000,6.299402432314446,0.213,1,29.070637126490784,0,True,0.016173968079250034,0.013455443729681972,0.035892073708617495,0.6630489253802543,770.271890183876,753.7805329338184,217.89585241469032,43.03728615103489,11,3.8,
ausprivauto0405,TabICLv2,4,100.0,tail_log,50.0,1,2000,1000,6.299402432314446,0.213,1,29.070637126490784,1,True,0.04930132281295264,0.025178199329951627,0.1186689621197458,0.242615096840147,768.3420889963461,766.1221286423711,229.30708408329647,43.7837211260234,9,3.8,
ausprivauto0405,TabICLv2,4,100.0,evt_trim,0.0,1,2000,1000,6.299402432314446,0.213,1,29.070637126490784,1,True,-0.0008161263917603075,0.0004694881534353956,0.01524599560994759,0.021045516166914725,766.0467298875428,750.6402525834725,217.56103283366363,46.84901977889059,11,4.1,
ausprivauto0405,GBM,4,1.0,raw,0.0,1,2000,1000,1.0205635841440217,0.213,80,0.29070637126490784,0,,0.0,0.0,0.0,0.0,770.5225665273873,764.9227365207323,223.067688758994,47.19903102589738,23,0.0,
ausprivauto0405,GBM,4,1.0,clip,50.0,1,2000,1000,1.0205635841440217,0.213,80,0.29070637126490784,0,,0.0,0.0,0.0,0.0,770.5225665273873,764.9227365207323,223.067688758994,47.19903102589738,23,3.4,
ausprivauto0405,GBM,4,1.0,clip,200.0,1,2000,1000,1.0205635841440217,0.213,80,0.29070637126490784,0,,0.0,0.0,0.0,0.0,770.5225665273873,764.9227365207323,223.067688758994,47.19903102589738,23,3.6,
ausprivauto0405,GBM,4,1.0,log,0.0,1,2000,1000,1.0205635841440217,0.213,80,0.29070637126490784,0,,-0.008845870767077695,0.043370205153355365,-0.025803108940739033,-9.80878600508282e-10,767.2522542118976,759.0082611783627,238.69037442495355,47.24265031517482,26,3.1,
ausprivauto0405,GBM,4,1.0,tail_log,50.0,1,2000,1000,1.0205635841440217,0.213,80,0.29070637126490784,0,,0.0,0.0,0.0,0.0,770.5225665273873,764.9227365207323,223.067688758994,47.19903102589738,23,3.2,
ausprivauto0405,GBM,4,1.0,evt_trim,0.0,1,2000,1000,1.0205635841440217,0.213,80,0.29070637126490784,0,,0.0,0.0,0.0,0.0,770.5225665273873,764.9227365207323,223.067688758994,47.19903102589738,23,3.4,
ausprivauto0405,GBM,4,100.0,raw,0.0,1,2000,1000,6.299402432314446,0.213,1,29.070637126490784,0,False,0.0,0.012402551617306832,0.04813974027744915,0.229965385276897,770.5225665273873,761.0502371276758,254.5004862065795,40.858402751679435,20,3.3,
ausprivauto0405,GBM,4,100.0,clip,50.0,1,2000,1000,6.299402432314446,0.213,1,29.070637126490784,1,True,0.0,0.012402551617306832,0.07282934338355807,0.229965385276897,770.5225665273873,761.0502371276758,224.45546567475182,40.677788196052674,19,3.4,
ausprivauto0405,GBM,4,100.0,clip,200.0,1,2000,1000,6.299402432314446,0.213,1,29.070637126490784,1,True,0.0,0.012402551617306832,0.04813974027744915,0.229965385276897,770.5225665273873,761.0502371276758,230.2957349423252,40.71873762818678,20,3.7,
ausprivauto0405,GBM,4,100.0,log,0.0,1,2000,1000,6.299402432314446,0.213,1,29.070637126490784,0,True,-0.008845870767077695,0.043370205153355365,0.003406955253388433,0.2271844259797579,767.2522542118976,759.0082611783627,231.40994957218376,40.605680644208526,21,3.3,
ausprivauto0405,GBM,4,100.0,tail_log,50.0,1,2000,1000,6.299402432314446,0.213,1,29.070637126490784,1,True,0.0,0.012402551617306832,0.04813974027744915,0.229965385276897,770.5225665273873,761.0502371276758,229.48077604156433,40.714035190459846,20,3.1,
ausprivauto0405,GBM,4,100.0,evt_trim,0.0,1,2000,1000,6.299402432314446,0.213,1,29.070637126490784,1,True,0.0,0.012402551617306832,0.07692824954967617,0.229965385276897,770.5225665273873,761.0502371276758,222.22023997202882,40.6706693254071,19,3.0,
ausprivauto0405,TabPFN-V3,5,1.0,raw,0.0,1,2000,1000,1.0445523851698721,0.2035,309,0.07621191265550337,0,,0.0,0.0,0.0,0.0,793.9123246660627,756.9273070741237,231.83541622844157,37.16503602157854,15,0.0,
ausprivauto0405,TabPFN-V3,5,1.0,clip,50.0,1,2000,1000,1.0445523851698721,0.2035,309,0.07621191265550337,0,,0.0,0.0,0.0,0.0,793.9123246660627,756.9273070741237,231.83541622844157,37.16503602157854,15,6.7,
ausprivauto0405,TabPFN-V3,5,1.0,clip,200.0,1,2000,1000,1.0445523851698721,0.2035,309,0.07621191265550337,0,,0.0,0.0,0.0,0.0,793.9123246660627,756.9273070741237,231.83541622844157,37.16503602157854,15,6.7,
ausprivauto0405,TabPFN-V3,5,1.0,log,0.0,1,2000,1000,1.0445523851698721,0.2035,309,0.07621191265550337,0,,0.1714851220291555,0.1532559904863804,0.03435772168658509,0.19515317890676703,790.6748562618408,746.8432123351345,231.7769264235147,32.202846545095184,15,7.1,
ausprivauto0405,TabPFN-V3,5,1.0,tail_log,50.0,1,2000,1000,1.0445523851698721,0.2035,309,0.07621191265550337,0,,0.0,0.0,0.0,0.0,793.9123246660627,756.9273070741237,231.86712381589336,37.56333160691359,15,6.9,
ausprivauto0405,TabPFN-V3,5,1.0,evt_trim,0.0,1,2000,1000,1.0445523851698721,0.2035,309,0.07621191265550337,0,,0.0,0.0,0.0,0.0,793.9123246660627,756.9273070741237,231.83541622844157,37.16503602157854,15,6.9,
ausprivauto0405,TabPFN-V3,5,100.0,raw,0.0,1,2000,1000,2.5017833173650863,0.2035,1,7.621191265550337,0,False,0.03340002651625642,-0.01560782306171904,-0.10471927969947148,0.12785579174142442,794.3845328145178,752.2813100353394,225.6981110941681,30.617278342453545,15,6.7,
ausprivauto0405,TabPFN-V3,5,100.0,clip,50.0,1,2000,1000,2.5017833173650863,0.2035,1,7.621191265550337,1,True,-0.014170251809564873,-0.001505955110867436,0.014968616179280515,0.0477816235845034,795.5057532625461,753.4813622316614,229.61207405841037,36.0156112449848,14,7.1,
ausprivauto0405,TabPFN-V3,5,100.0,clip,200.0,1,2000,1000,2.5017833173650863,0.2035,1,7.621191265550337,1,True,-0.030108440892841072,-0.022044255888504533,-0.08432381816148343,0.2015760563063448,796.3078745646679,753.8542573705355,218.7198990970978,31.442124058273862,15,6.8,
ausprivauto0405,TabPFN-V3,5,100.0,log,0.0,1,2000,1000,2.5017833173650863,0.2035,1,7.621191265550337,0,True,0.17142381546026875,0.14933652545930903,0.0665121345936093,0.28676350674134715,790.599482838903,746.1575355168189,228.49031820253873,34.9830427481856,14,6.9,
ausprivauto0405,TabPFN-V3,5,100.0,tail_log,50.0,1,2000,1000,2.5017833173650863,0.2035,1,7.621191265550337,1,True,-0.023778456977570868,-0.021489565035204404,-0.024569140897136285,0.18043030545732527,796.1360066404525,754.577610662227,218.67610666445026,31.31572525191944,14,6.7,
ausprivauto0405,TabPFN-V3,5,100.0,evt_trim,0.0,1,2000,1000,2.5017833173650863,0.2035,1,7.621191265550337,0,False,0.03340002651625642,-0.01560782306171904,-0.10471927969947148,0.12785579174142442,794.3845328145178,752.2813100353394,225.6981110941681,30.617278342453545,15,6.5,
ausprivauto0405,TabICLv2,5,1.0,raw,0.0,1,2000,1000,1.0445523851698721,0.2035,309,0.07621191265550337,0,,0.0,0.0,0.0,0.0,794.2039049141569,753.5676887575988,223.17990654611344,54.58409267084417,9,0.0,
ausprivauto0405,TabICLv2,5,1.0,clip,50.0,1,2000,1000,1.0445523851698721,0.2035,309,0.07621191265550337,0,,0.0,0.0,0.0,0.0,794.2039049141569,753.5676887575988,223.17990654611344,54.58409267084417,9,4.0,
ausprivauto0405,TabICLv2,5,1.0,clip,200.0,1,2000,1000,1.0445523851698721,0.2035,309,0.07621191265550337,0,,0.0,0.0,0.0,0.0,794.2039049141569,753.5676887575988,223.17990654611344,54.58409267084417,9,4.2,
ausprivauto0405,TabICLv2,5,1.0,log,0.0,1,2000,1000,1.0445523851698721,0.2035,309,0.07621191265550337,0,,0.04022547208269539,0.011986659149361534,-0.03565000662152509,0.5221050742742244,791.5505086831892,752.6233592571343,216.61040814173663,35.73722423526518,12,3.8,
ausprivauto0405,TabICLv2,5,1.0,tail_log,50.0,1,2000,1000,1.0445523851698721,0.2035,309,0.07621191265550337,0,,0.0,0.0,0.0,0.0,794.2039049141569,753.5676887575988,223.17990654611344,54.58409267084417,9,3.9,
ausprivauto0405,TabICLv2,5,1.0,evt_trim,0.0,1,2000,1000,1.0445523851698721,0.2035,309,0.07621191265550337,0,,0.0,0.0,0.0,0.0,794.2039049141569,753.5676887575988,223.17990654611344,54.58409267084417,9,4.2,
ausprivauto0405,TabICLv2,5,100.0,raw,0.0,1,2000,1000,2.5017833173650863,0.2035,1,7.621191265550337,0,False,0.08857645280326376,0.07151517943261802,0.011399754749393042,0.13156327230550333,794.8973328521138,761.3718996535019,211.0022947102697,28.807268453031668,10,3.9,
ausprivauto0405,TabICLv2,5,100.0,clip,50.0,1,2000,1000,2.5017833173650863,0.2035,1,7.621191265550337,1,True,-0.0035847689240098212,0.010540601500050303,0.09114653818827756,0.0984178103410725,795.0911753099175,750.5015735871223,224.16140374884785,46.399871307484794,8,4.3,
ausprivauto0405,TabICLv2,5,100.0,clip,200.0,1,2000,1000,2.5017833173650863,0.2035,1,7.621191265550337,1,True,0.07211509264591498,0.03320380393383408,0.12170756440226257,0.24624308200035055,800.1207783334237,755.7122907049206,212.41758908098848,29.016811635609795,7,3.8,
ausprivauto0405,TabICLv2,5,100.0,log,0.0,1,2000,1000,2.5017833173650863,0.2035,1,7.621191265550337,0,True,0.04397278768475672,0.021849242176230882,0.017692707197628464,0.6874160412535935,791.6568317791821,754.8945530312301,217.65776620413303,39.74923238951697,10,4.0,
ausprivauto0405,TabICLv2,5,100.0,tail_log,50.0,1,2000,1000,2.5017833173650863,0.2035,1,7.621191265550337,1,True,0.053886226549762266,0.014116526244970187,0.19782263854757254,0.2883722628990879,807.8341929905595,754.6481011006613,223.28891750835882,39.684318080172424,5,3.8,
ausprivauto0405,TabICLv2,5,100.0,evt_trim,0.0,1,2000,1000,2.5017833173650863,0.2035,1,7.621191265550337,0,False,0.08857645280326376,0.07151517943261802,0.011399754749393042,0.13156327230550333,794.8973328521138,761.3718996535019,211.0022947102697,28.807268453031668,10,3.6,
ausprivauto0405,GBM,5,1.0,raw,0.0,1,2000,1000,1.0445523851698721,0.2035,309,0.07621191265550337,0,,0.0,0.0,0.0,0.0,794.0270796117647,763.2788121998387,210.52833854794352,83.55638499591858,14,0.0,
ausprivauto0405,GBM,5,1.0,clip,50.0,1,2000,1000,1.0445523851698721,0.2035,309,0.07621191265550337,0,,0.0,0.0,0.0,0.0,794.0270796117647,763.2788121998387,210.52833854794352,83.55638499591858,14,3.4,
ausprivauto0405,GBM,5,1.0,clip,200.0,1,2000,1000,1.0445523851698721,0.2035,309,0.07621191265550337,0,,0.0,0.0,0.0,0.0,794.0270796117647,763.2788121998387,210.52833854794352,83.55638499591858,14,3.5,
ausprivauto0405,GBM,5,1.0,log,0.0,1,2000,1000,1.0445523851698721,0.2035,309,0.07621191265550337,0,,-0.004877185656773337,0.0036905138112439664,-0.006249239627797196,-6.295659638915977e-12,797.8399629049733,763.0310883370271,215.62954539383168,83.55638500446445,14,3.6,
ausprivauto0405,GBM,5,1.0,tail_log,50.0,1,2000,1000,1.0445523851698721,0.2035,309,0.07621191265550337,0,,0.0,0.0,0.0,0.0,794.0270796117647,763.2788121998387,210.52833854794352,83.55638499591858,14,3.5,
ausprivauto0405,GBM,5,1.0,evt_trim,0.0,1,2000,1000,1.0445523851698721,0.2035,309,0.07621191265550337,0,,0.0,0.0,0.0,0.0,794.0270796117647,763.2788121998387,210.52833854794352,83.55638499591858,14,3.4,
ausprivauto0405,GBM,5,100.0,raw,0.0,1,2000,1000,2.5017833173650863,0.2035,1,7.621191265550337,0,False,0.0,-0.01373295038929388,-0.0539462123108089,0.022819988249491344,794.0270796117647,775.9444214321217,237.76842162473483,96.45900619112462,11,3.5,
ausprivauto0405,GBM,5,100.0,clip,50.0,1,2000,1000,2.5017833173650863,0.2035,1,7.621191265550337,1,True,0.0,-0.01373295038929388,-0.060033973441731545,0.022819988249491344,794.0270796117647,770.405802812072,229.43357983018709,84.56555147943068,15,3.2,
ausprivauto0405,GBM,5,100.0,clip,200.0,1,2000,1000,2.5017833173650863,0.2035,1,7.621191265550337,1,True,0.0,-0.01373295038929388,-0.0539462123108089,0.022819988249491344,794.0270796117647,774.1064771031881,232.30295559395918,92.51226258259136,11,3.4,
ausprivauto0405,GBM,5,100.0,log,0.0,1,2000,1000,2.5017833173650863,0.2035,1,7.621191265550337,0,True,-0.004877185656773337,0.0026024185066639985,-0.007576640273305586,0.022819988242426238,797.8399629049733,759.1546319004859,222.89510093241978,93.85947907910669,12,3.6,
ausprivauto0405,GBM,5,100.0,tail_log,50.0,1,2000,1000,2.5017833173650863,0.2035,1,7.621191265550337,1,True,0.0,-0.01373295038929388,-0.060657736738839084,0.022819988249491344,794.0270796117647,772.5064533248645,227.87580987265505,94.61209861356733,11,3.1,
ausprivauto0405,GBM,5,100.0,evt_trim,0.0,1,2000,1000,2.5017833173650863,0.2035,1,7.621191265550337,0,False,0.0,-0.01373295038929388,-0.0539462123108089,0.022819988249491344,794.0270796117647,775.9444214321217,237.76842162473483,96.45900619112462,11,3.4,
ausprivauto0405,TabPFN-V3,6,1.0,raw,0.0,1,2000,1000,1.0706009645257135,0.201,334,0.05555332034920233,0,,0.0,0.0,0.0,0.0,869.3690343818613,837.1297783398826,227.0419329426732,52.40946581401734,18,0.0,
ausprivauto0405,TabPFN-V3,6,1.0,clip,50.0,1,2000,1000,1.0706009645257135,0.201,334,0.05555332034920233,0,,0.0,0.0,0.0,0.0,869.3690343818613,837.1297783398826,227.0419329426732,52.40946581401734,18,6.8,
ausprivauto0405,TabPFN-V3,6,1.0,clip,200.0,1,2000,1000,1.0706009645257135,0.201,334,0.05555332034920233,0,,0.0,0.0,0.0,0.0,869.3690343818613,837.1297783398826,227.0419329426732,52.40946581401734,18,6.9,
ausprivauto0405,TabPFN-V3,6,1.0,log,0.0,1,2000,1000,1.0706009645257135,0.201,334,0.05555332034920233,0,,0.0956609968153987,0.13731246527920815,0.0039090646518799175,0.06806940215198413,867.7680515276322,826.5663439608352,246.12152138196234,53.6287309834106,16,6.8,
ausprivauto0405,TabPFN-V3,6,1.0,tail_log,50.0,1,2000,1000,1.0706009645257135,0.201,334,0.05555332034920233,0,,0.0,0.0,0.0,0.0,869.3690343818613,837.1297783398826,227.0419329426732,52.48410130852279,18,6.5,
ausprivauto0405,TabPFN-V3,6,1.0,evt_trim,0.0,1,2000,1000,1.0706009645257135,0.201,334,0.05555332034920233,0,,0.0,0.0,0.0,0.0,869.3690343818613,837.1297783398826,227.0419329426732,52.40946581401734,18,6.9,
ausprivauto0405,TabPFN-V3,6,100.0,raw,0.0,1,2000,1000,2.275970959664511,0.201,1,5.555332034920233,0,False,-0.037957849749998857,0.019465829398812095,-0.09859233944371122,0.12858606390511945,870.435756795875,831.9324866208387,230.7444813092826,49.504647412704834,20,6.7,
ausprivauto0405,TabPFN-V3,6,100.0,clip,50.0,1,2000,1000,2.275970959664511,0.201,1,5.555332034920233,1,True,-0.03556375846017759,-0.014512184463131295,0.004920462919606615,0.0430212628446723,870.5216011199855,841.375166291581,223.55362161978258,51.209886973251706,17,6.8,
ausprivauto0405,TabPFN-V3,6,100.0,clip,200.0,1,2000,1000,2.275970959664511,0.201,1,5.555332034920233,1,True,-0.10069046390666299,-0.00701104520814376,-0.09578600417770067,0.16708001369549189,873.0458693580506,839.5634810209123,229.84127768623566,48.66365398887672,20,6.7,
ausprivauto0405,TabPFN-V3,6,100.0,log,0.0,1,2000,1000,2.275970959664511,0.201,1,5.555332034920233,0,True,0.0912734960365866,0.1421534037825211,0.034309983447299366,0.20772096964966508,867.8366607430332,826.6557405167324,246.76366365684277,47.968944271785915,17,6.6,
ausprivauto0405,TabPFN-V3,6,100.0,tail_log,50.0,1,2000,1000,2.275970959664511,0.201,1,5.555332034920233,1,True,-0.07659258909106822,-0.01637144148943368,-0.026315767849008784,0.16432411744942899,872.0363485793924,840.8089197400496,219.95751793295443,48.51480841553374,18,6.5,
ausprivauto0405,TabPFN-V3,6,100.0,evt_trim,0.0,1,2000,1000,2.275970959664511,0.201,1,5.555332034920233,0,False,-0.037957849749998857,0.019465829398812095,-0.09859233944371122,0.12858606390511945,870.435756795875,831.9324866208387,230.7444813092826,49.504647412704834,20,6.8,
ausprivauto0405,TabICLv2,6,1.0,raw,0.0,1,2000,1000,1.0706009645257135,0.201,334,0.05555332034920233,0,,0.0,0.0,0.0,0.0,863.7157122069041,801.0143174231152,242.65981397242322,74.7898318998767,8,0.0,
ausprivauto0405,TabICLv2,6,1.0,clip,50.0,1,2000,1000,1.0706009645257135,0.201,334,0.05555332034920233,0,,0.0,0.0,0.0,0.0,863.7157122069041,801.0143174231152,242.65981397242322,74.7898318998767,8,3.7,
ausprivauto0405,TabICLv2,6,1.0,clip,200.0,1,2000,1000,1.0706009645257135,0.201,334,0.05555332034920233,0,,0.0,0.0,0.0,0.0,863.7157122069041,801.0143174231152,242.65981397242322,74.7898318998767,8,3.8,
ausprivauto0405,TabICLv2,6,1.0,log,0.0,1,2000,1000,1.0706009645257135,0.201,334,0.05555332034920233,0,,0.06126195650512968,0.023728013901177573,0.00607349096071946,0.5923448842917232,863.6582119784428,810.2152308340892,235.20505180805804,35.504499496016564,7,4.2,
ausprivauto0405,TabICLv2,6,1.0,tail_log,50.0,1,2000,1000,1.0706009645257135,0.201,334,0.05555332034920233,0,,0.0,0.0,0.0,0.0,863.7157122069041,801.0143174231152,242.65981397242322,74.7898318998767,8,3.9,
ausprivauto0405,TabICLv2,6,1.0,evt_trim,0.0,1,2000,1000,1.0706009645257135,0.201,334,0.05555332034920233,0,,0.0,0.0,0.0,0.0,863.7157122069041,801.0143174231152,242.65981397242322,74.7898318998767,8,3.9,
ausprivauto0405,TabICLv2,6,100.0,raw,0.0,1,2000,1000,2.275970959664511,0.201,1,5.555332034920233,0,False,0.10656466829013961,0.054598609874046175,0.08145089092036661,0.2210529665650673,864.0147604117435,805.8336513206403,242.43363554403263,49.775979284775154,6,3.9,
ausprivauto0405,TabICLv2,6,100.0,clip,50.0,1,2000,1000,2.275970959664511,0.201,1,5.555332034920233,1,True,0.001741024143026963,0.0005277589089225407,0.06116577621615732,0.07591363114198166,863.0839935350805,803.8744616704902,246.8102202637201,66.88394141818921,7,3.8,
ausprivauto0405,TabICLv2,6,100.0,clip,200.0,1,2000,1000,2.275970959664511,0.201,1,5.555332034920233,1,True,0.09857762127142952,0.04405004322376342,0.13237167694763918,0.25717244456453303,863.67003689337,799.4591894310122,243.22043870550138,49.66713530528297,5,4.0,
ausprivauto0405,TabICLv2,6,100.0,log,0.0,1,2000,1000,2.275970959664511,0.201,1,5.555332034920233,0,True,0.06774048448028697,0.028269861882711994,0.0643012673319936,0.7913991314090758,863.8905241162095,809.0676245584247,238.56389926766377,40.404664581583305,7,4.0,
ausprivauto0405,TabICLv2,6,100.0,tail_log,50.0,1,2000,1000,2.275970959664511,0.201,1,5.555332034920233,1,True,0.06843936126315675,0.03399660316849556,0.1676490620995837,0.2415951817998079,863.8131259008132,800.8749551020717,243.985223569142,51.25110678276734,6,4.0,
ausprivauto0405,TabICLv2,6,100.0,evt_trim,0.0,1,2000,1000,2.275970959664511,0.201,1,5.555332034920233,0,False,0.10656466829013961,0.054598609874046175,0.08145089092036661,0.2210529665650673,864.0147604117435,805.8336513206403,242.43363554403263,49.775979284775154,6,3.8,
ausprivauto0405,GBM,6,1.0,raw,0.0,1,2000,1000,1.0706009645257135,0.201,334,0.05555332034920233,0,,0.0,0.0,0.0,0.0,862.7474484266891,832.0642418679553,250.10886390000314,77.74543847105254,17,0.0,
ausprivauto0405,GBM,6,1.0,clip,50.0,1,2000,1000,1.0706009645257135,0.201,334,0.05555332034920233,0,,0.0,0.0,0.0,0.0,862.7474484266891,832.0642418679553,250.10886390000314,77.74543847105254,17,3.8,
ausprivauto0405,GBM,6,1.0,clip,200.0,1,2000,1000,1.0706009645257135,0.201,334,0.05555332034920233,0,,0.0,0.0,0.0,0.0,862.7474484266891,832.0642418679553,250.10886390000314,77.74543847105254,17,3.5,
ausprivauto0405,GBM,6,1.0,log,0.0,1,2000,1000,1.0706009645257135,0.201,334,0.05555332034920233,0,,0.0006227892507805669,0.03948502230946576,-0.017540020322322703,-1.1360101441295157e-11,863.9470319159032,820.208812519574,255.80132515253834,78.00785679859196,19,3.4,
ausprivauto0405,GBM,6,1.0,tail_log,50.0,1,2000,1000,1.0706009645257135,0.201,334,0.05555332034920233,0,,0.0,0.0,0.0,0.0,862.7474484266891,832.0642418679553,250.10886390000314,77.74543847105254,17,3.6,
ausprivauto0405,GBM,6,1.0,evt_trim,0.0,1,2000,1000,1.0706009645257135,0.201,334,0.05555332034920233,0,,0.0,0.0,0.0,0.0,862.7474484266891,832.0642418679553,250.10886390000314,77.74543847105254,17,3.3,
ausprivauto0405,GBM,6,100.0,raw,0.0,1,2000,1000,2.275970959664511,0.201,1,5.555332034920233,0,False,0.0,0.03773059629128982,-0.018599050663723395,0.13473060758841388,862.7474484266891,817.1065173746682,253.42465555976605,75.03750785994728,22,3.3,
ausprivauto0405,GBM,6,100.0,clip,50.0,1,2000,1000,2.275970959664511,0.201,1,5.555332034920233,1,True,0.0,0.03773059629128982,-0.018599050663723395,0.13473060758841388,862.7474484266891,817.1065173746682,253.42465555976605,58.83741600714371,22,3.4,
ausprivauto0405,GBM,6,100.0,clip,200.0,1,2000,1000,2.275970959664511,0.201,1,5.555332034920233,1,True,0.0,0.03773059629128982,-0.018599050663723395,0.13473060758841388,862.7474484266891,817.1065173746682,253.42465555976605,71.42360534565556,22,3.4,
ausprivauto0405,GBM,6,100.0,log,0.0,1,2000,1000,2.275970959664511,0.201,1,5.555332034920233,0,True,0.0006227892507805669,0.0363577561780378,-0.015204171202676342,0.134730607580915,863.9470319159032,830.0883494340424,256.32953995588434,65.93863609112204,21,3.8,
ausprivauto0405,GBM,6,100.0,tail_log,50.0,1,2000,1000,2.275970959664511,0.201,1,5.555332034920233,1,True,0.0,0.03773059629128982,-0.018599050663723395,0.13473060758841388,862.7474484266891,817.1065173746682,253.42465555976605,68.27493113059205,22,3.6,
ausprivauto0405,GBM,6,100.0,evt_trim,0.0,1,2000,1000,2.275970959664511,0.201,1,5.555332034920233,0,False,0.0,0.03773059629128982,-0.018599050663723395,0.13473060758841388,862.7474484266891,817.1065173746682,253.42465555976605,75.03750785994728,22,3.2,
ausprivauto0405,TabPFN-V3,7,1.0,raw,0.0,1,2000,1000,1.028758584733694,0.21,235,0.1169936892300439,0,,0.0,0.0,0.0,0.0,856.0383675551354,850.0636912932415,257.83313534741876,47.3466415961372,18,0.0,
ausprivauto0405,TabPFN-V3,7,1.0,clip,50.0,1,2000,1000,1.028758584733694,0.21,235,0.1169936892300439,0,,0.0,0.0,0.0,0.0,856.0383675551354,850.0636912932415,257.83313534741876,47.3466415961372,18,6.5,
ausprivauto0405,TabPFN-V3,7,1.0,clip,200.0,1,2000,1000,1.028758584733694,0.21,235,0.1169936892300439,0,,0.0,0.0,0.0,0.0,856.0383675551354,850.0636912932415,257.83313534741876,47.3466415961372,18,6.8,
ausprivauto0405,TabPFN-V3,7,1.0,log,0.0,1,2000,1000,1.028758584733694,0.21,235,0.1169936892300439,0,,0.17256507864940668,0.1648868268610006,-0.0304793986521643,0.08039678285381432,854.7533694388272,843.5153769707355,259.0953273736084,38.07024801479053,23,6.8,
ausprivauto0405,TabPFN-V3,7,1.0,tail_log,50.0,1,2000,1000,1.028758584733694,0.21,235,0.1169936892300439,0,,0.0,0.0,0.0,0.0,856.0383675551354,850.0636912932415,257.83313534741876,47.411285929291566,18,6.8,
ausprivauto0405,TabPFN-V3,7,1.0,evt_trim,0.0,1,2000,1000,1.028758584733694,0.21,235,0.1169936892300439,0,,0.0,0.0,0.0,0.0,856.0383675551354,850.0636912932415,257.83313534741876,47.3466415961372,18,6.9,
ausprivauto0405,TabPFN-V3,7,100.0,raw,0.0,1,2000,1000,3.0689607801071523,0.21,1,11.69936892300439,0,False,0.0439828634384453,-0.05097336808940073,-0.12734442055439793,0.01947942161198237,854.1741941895037,860.1507741407258,274.9979338600282,38.17701122835596,24,6.9,
ausprivauto0405,TabPFN-V3,7,100.0,clip,50.0,1,2000,1000,3.0689607801071523,0.21,1,11.69936892300439,1,True,0.003111375680999022,-0.003926279167212341,0.008301058560377722,0.03303025149771738,856.0170592856008,853.0517912169475,256.24015092359065,48.74853939496532,18,6.9,
ausprivauto0405,TabPFN-V3,7,100.0,clip,200.0,1,2000,1000,3.0689607801071523,0.21,1,11.69936892300439,1,True,-0.04184077390744856,-0.03508153334132311,-0.07418086709261376,0.18295892501172994,856.2277012548864,858.2584531385867,263.2522712351922,38.429148359621585,23,6.8,
ausprivauto0405,TabPFN-V3,7,100.0,log,0.0,1,2000,1000,3.0689607801071523,0.21,1,11.69936892300439,0,True,0.16653798864098562,0.16586654807833684,0.000835379918003558,0.1633607627221117,856.0238685812974,840.7186417253307,257.21181034234473,40.624785998235076,23,6.7,
ausprivauto0405,TabPFN-V3,7,100.0,tail_log,50.0,1,2000,1000,3.0689607801071523,0.21,1,11.69936892300439,1,True,-0.017402087536710367,-0.024584151465753455,0.004819736779494244,0.17840999968255755,855.218502347005,856.8119713865258,255.9923729044266,42.19810802149025,19,6.5,
ausprivauto0405,TabPFN-V3,7,100.0,evt_trim,0.0,1,2000,1000,3.0689607801071523,0.21,1,11.69936892300439,0,False,0.0439828634384453,-0.05097336808940073,-0.12734442055439793,0.01947942161198237,854.1741941895037,860.1507741407258,274.9979338600282,38.17701122835596,24,6.7,
ausprivauto0405,TabICLv2,7,1.0,raw,0.0,1,2000,1000,1.028758584733694,0.21,235,0.1169936892300439,0,,0.0,0.0,0.0,0.0,849.9247604145634,850.9151640543289,269.52118813840315,93.36944062602782,13,0.0,
ausprivauto0405,TabICLv2,7,1.0,clip,50.0,1,2000,1000,1.028758584733694,0.21,235,0.1169936892300439,0,,0.0,0.0,0.0,0.0,849.9247604145634,850.9151640543289,269.52118813840315,93.36944062602782,13,3.8,
ausprivauto0405,TabICLv2,7,1.0,clip,200.0,1,2000,1000,1.028758584733694,0.21,235,0.1169936892300439,0,,0.0,0.0,0.0,0.0,849.9247604145634,850.9151640543289,269.52118813840315,93.36944062602782,13,3.8,
ausprivauto0405,TabICLv2,7,1.0,log,0.0,1,2000,1000,1.028758584733694,0.21,235,0.1169936892300439,0,,-0.002641230654215965,0.004022484691421005,-0.03143095084397193,0.504161810467818,852.5767321889132,849.2102489691802,251.6534453391628,34.65626648608444,15,3.7,
ausprivauto0405,TabICLv2,7,1.0,tail_log,50.0,1,2000,1000,1.028758584733694,0.21,235,0.1169936892300439,0,,0.0,0.0,0.0,0.0,849.9247604145634,850.9151640543289,269.52118813840315,93.36944062602782,13,4.0,
ausprivauto0405,TabICLv2,7,1.0,evt_trim,0.0,1,2000,1000,1.028758584733694,0.21,235,0.1169936892300439,0,,0.0,0.0,0.0,0.0,849.9247604145634,850.9151640543289,269.52118813840315,93.36944062602782,13,4.1,
ausprivauto0405,TabICLv2,7,100.0,raw,0.0,1,2000,1000,3.0689607801071523,0.21,1,11.69936892300439,0,False,0.04182689715466484,0.08780011281124069,-0.024371785156746435,0.0843294039455006,851.2428290950564,856.9949805873524,251.40928792760633,58.61435563284815,11,3.9,
ausprivauto0405,TabICLv2,7,100.0,clip,50.0,1,2000,1000,3.0689607801071523,0.21,1,11.69936892300439,1,True,-0.015899061095660857,0.008163188168708028,0.08183173151987228,0.08748944106070286,852.700400975659,853.3245657298164,266.74522156613756,80.94509510872314,13,3.7,
ausprivauto0405,TabICLv2,7,100.0,clip,200.0,1,2000,1000,3.0689607801071523,0.21,1,11.69936892300439,1,True,0.03980525850250589,0.021263694622288942,0.05741411508679878,0.16325166432025012,851.4260111495689,854.2831180553148,252.04149439274696,56.945479333723135,11,3.8,
ausprivauto0405,TabICLv2,7,100.0,log,0.0,1,2000,1000,3.0689607801071523,0.21,1,11.69936892300439,0,True,0.0028143264805366927,0.014039535330927323,0.011483345769141892,0.6466025941776443,852.7094837171023,848.0388407686797,246.79193113297336,36.44690138876672,14,4.0,
ausprivauto0405,TabICLv2,7,100.0,tail_log,50.0,1,2000,1000,3.0689607801071523,0.21,1,11.69936892300439,1,True,0.02332404926910768,3.709713344629416e-05,0.12595753547110067,0.21156336670370637,850.9548197814529,854.3873525492852,257.8379219513407,59.78743197923095,11,3.8,
ausprivauto0405,TabICLv2,7,100.0,evt_trim,0.0,1,2000,1000,3.0689607801071523,0.21,1,11.69936892300439,0,False,0.04182689715466484,0.08780011281124069,-0.024371785156746435,0.0843294039455006,851.2428290950564,856.9949805873524,251.40928792760633,58.61435563284815,11,4.1,
ausprivauto0405,GBM,7,1.0,raw,0.0,1,2000,1000,1.028758584733694,0.21,235,0.1169936892300439,0,,0.0,0.0,0.0,0.0,863.5813088220826,869.9009755209778,273.4631601272155,89.41632544844364,21,0.0,
ausprivauto0405,GBM,7,1.0,clip,50.0,1,2000,1000,1.028758584733694,0.21,235,0.1169936892300439,0,,0.0,0.0,0.0,0.0,863.5813088220826,869.9009755209778,273.4631601272155,89.41632544844364,21,3.6,
ausprivauto0405,GBM,7,1.0,clip,200.0,1,2000,1000,1.028758584733694,0.21,235,0.1169936892300439,0,,0.0,0.0,0.0,0.0,863.5813088220826,869.9009755209778,273.4631601272155,89.41632544844364,21,3.3,
ausprivauto0405,GBM,7,1.0,log,0.0,1,2000,1000,1.028758584733694,0.21,235,0.1169936892300439,0,,-0.02939259075025384,-0.009263069297705009,0.002813567092331934,0.05402965527779027,866.4412810430043,873.1806161742467,268.02454748399737,86.37716378688276,18,2.9,
ausprivauto0405,GBM,7,1.0,tail_log,50.0,1,2000,1000,1.028758584733694,0.21,235,0.1169936892300439,0,,0.0,0.0,0.0,0.0,863.5813088220826,869.9009755209778,273.4631601272155,89.41632544844364,21,3.0,
ausprivauto0405,GBM,7,1.0,evt_trim,0.0,1,2000,1000,1.028758584733694,0.21,235,0.1169936892300439,0,,0.0,0.0,0.0,0.0,863.5813088220826,869.9009755209778,273.4631601272155,89.41632544844364,21,3.6,
ausprivauto0405,GBM,7,100.0,raw,0.0,1,2000,1000,3.0689607801071523,0.21,1,11.69936892300439,0,False,0.0,0.018226104320851422,0.030861919515969748,-0.11585151334948277,863.5813088220826,868.1520691568669,264.89861135091826,63.00903001950365,17,3.3,
ausprivauto0405,GBM,7,100.0,clip,50.0,1,2000,1000,3.0689607801071523,0.21,1,11.69936892300439,1,True,0.0,0.018226104320851422,0.030861919515969748,-0.09324002624713554,863.5813088220826,868.1520691568669,264.89861135091826,51.0238105591215,17,3.3,
ausprivauto0405,GBM,7,100.0,clip,200.0,1,2000,1000,3.0689607801071523,0.21,1,11.69936892300439,1,True,0.0,0.018226104320851422,0.030861919515969748,-0.11219105714214167,863.5813088220826,868.1520691568669,264.89861135091826,54.12239519327534,17,3.4,
ausprivauto0405,GBM,7,100.0,log,0.0,1,2000,1000,3.0689607801071523,0.21,1,11.69936892300439,0,True,-0.02939259075025384,-0.010772522588215535,0.05708443202197802,-0.1333491686423942,866.4412810430043,872.8103711048653,269.73486477933926,56.10033927696632,18,2.7,
ausprivauto0405,GBM,7,100.0,tail_log,50.0,1,2000,1000,3.0689607801071523,0.21,1,11.69936892300439,1,True,0.0,0.018226104320851422,0.030861919515969748,-0.11437704774619226,863.5813088220826,868.1520691568669,264.89861135091826,46.614396518435065,17,3.7,
ausprivauto0405,GBM,7,100.0,evt_trim,0.0,1,2000,1000,3.0689607801071523,0.21,1,11.69936892300439,0,False,0.0,0.018226104320851422,0.030861919515969748,-0.11585151334948277,863.5813088220826,868.1520691568669,264.89861135091826,63.00903001950365,17,3.3,
ausprivauto0405,TabPFN-V3,8,1.0,raw,0.0,1,2000,1000,1.0364307043103653,0.1945,99,0.1873426701407928,0,,0.0,0.0,0.0,0.0,777.4740860734165,756.4568448986112,186.96566905394516,30.043700567471088,8,0.0,
ausprivauto0405,TabPFN-V3,8,1.0,clip,50.0,1,2000,1000,1.0364307043103653,0.1945,99,0.1873426701407928,0,,0.0,0.0,0.0,0.0,777.4740860734165,756.4568448986112,186.96566905394516,30.043700567471088,8,6.7,
ausprivauto0405,TabPFN-V3,8,1.0,clip,200.0,1,2000,1000,1.0364307043103653,0.1945,99,0.1873426701407928,0,,0.0,0.0,0.0,0.0,777.4740860734165,756.4568448986112,186.96566905394516,30.043700567471088,8,6.7,
ausprivauto0405,TabPFN-V3,8,1.0,log,0.0,1,2000,1000,1.0364307043103653,0.1945,99,0.1873426701407928,0,,0.1593968720671327,0.14897916668423195,-0.034053312753056765,0.0829535569637393,775.8248840148815,741.5138194241114,184.1912994887074,35.4331552801951,8,6.5,
ausprivauto0405,TabPFN-V3,8,1.0,tail_log,50.0,1,2000,1000,1.0364307043103653,0.1945,99,0.1873426701407928,0,,0.0,0.0,0.0,0.0,777.4740860734165,756.4568448986112,186.96566905394516,30.521044253802064,8,6.5,
ausprivauto0405,TabPFN-V3,8,1.0,evt_trim,0.0,1,2000,1000,1.0364307043103653,0.1945,99,0.1873426701407928,0,,0.0,0.0,0.0,0.0,777.4740860734165,756.4568448986112,186.96566905394516,30.043700567471088,8,6.6,
ausprivauto0405,TabPFN-V3,8,100.0,raw,0.0,1,2000,1000,5.257261083531559,0.1945,1,18.73426701407928,0,False,0.19660542214550925,0.007244284433988333,-0.1217310055350791,-0.014398016973755597,774.748915984881,754.0902519191502,192.56975190969513,30.56813435653359,12,6.7,
ausprivauto0405,TabPFN-V3,8,100.0,clip,50.0,1,2000,1000,5.257261083531559,0.1945,1,18.73426701407928,1,True,-0.02097881147151113,-0.0060626003122908785,-0.02362827881861164,-0.006157267164081907,777.9332947826558,759.5247818249329,189.0474965943045,30.72449584676797,9,6.8,
ausprivauto0405,TabPFN-V3,8,100.0,clip,200.0,1,2000,1000,5.257261083531559,0.1945,1,18.73426701407928,1,True,-0.06250255271820361,-0.015324396095070879,-0.0954445857221653,0.19589732301882695,779.9699645996332,764.6985392987064,184.60701463413264,38.43809117293985,13,7.0,
ausprivauto0405,TabPFN-V3,8,100.0,log,0.0,1,2000,1000,5.257261083531559,0.1945,1,18.73426701407928,0,True,0.15247883294531772,0.14619422969595888,0.000764387683021038,0.18450856487517853,775.8546468306743,740.8178359899703,184.6708596877512,42.50446582731999,7,6.5,
ausprivauto0405,TabPFN-V3,8,100.0,tail_log,50.0,1,2000,1000,5.257261083531559,0.1945,1,18.73426701407928,1,True,-0.03810995140138866,-0.016318512558397745,-0.07987507709946301,0.1984416378484779,779.1494621515411,763.1380229656986,180.65556947338365,40.07915150875092,12,6.9,
ausprivauto0405,TabPFN-V3,8,100.0,evt_trim,0.0,1,2000,1000,5.257261083531559,0.1945,1,18.73426701407928,0,False,0.19660542214550925,0.007244284433988333,-0.1217310055350791,-0.014398016973755597,774.748915984881,754.0902519191502,192.56975190969513,30.56813435653359,12,6.9,
ausprivauto0405,TabICLv2,8,1.0,raw,0.0,1,2000,1000,1.0364307043103653,0.1945,99,0.1873426701407928,0,,0.0,0.0,0.0,0.0,773.1378227202958,751.5830252605564,202.91921826580455,39.932959074494526,6,0.0,
ausprivauto0405,TabICLv2,8,1.0,clip,50.0,1,2000,1000,1.0364307043103653,0.1945,99,0.1873426701407928,0,,0.0,0.0,0.0,0.0,773.1378227202958,751.5830252605564,202.91921826580455,39.932959074494526,6,3.9,
ausprivauto0405,TabICLv2,8,1.0,clip,200.0,1,2000,1000,1.0364307043103653,0.1945,99,0.1873426701407928,0,,0.0,0.0,0.0,0.0,773.1378227202958,751.5830252605564,202.91921826580455,39.932959074494526,6,3.9,
ausprivauto0405,TabICLv2,8,1.0,log,0.0,1,2000,1000,1.0364307043103653,0.1945,99,0.1873426701407928,0,,0.023314794170502563,0.047952172277054006,0.00665496623258262,0.6733287437286057,772.521290235529,743.4791130879044,201.74256058385683,42.54887869650773,5,3.8,
ausprivauto0405,TabICLv2,8,1.0,tail_log,50.0,1,2000,1000,1.0364307043103653,0.1945,99,0.1873426701407928,0,,0.0,0.0,0.0,0.0,773.1378227202958,751.5830252605564,202.91921826580455,39.932959074494526,6,4.2,
ausprivauto0405,TabICLv2,8,1.0,evt_trim,0.0,1,2000,1000,1.0364307043103653,0.1945,99,0.1873426701407928,0,,0.0,0.0,0.0,0.0,773.1378227202958,751.5830252605564,202.91921826580455,39.932959074494526,6,4.0,
ausprivauto0405,TabICLv2,8,100.0,raw,0.0,1,2000,1000,5.257261083531559,0.1945,1,18.73426701407928,0,False,-0.06249455766480694,0.13399902801056496,-0.0860907667203162,0.07234144430833593,777.7572197468073,741.5399848816064,194.0196392957889,28.234012555752344,6,3.7,
ausprivauto0405,TabICLv2,8,100.0,clip,50.0,1,2000,1000,5.257261083531559,0.1945,1,18.73426701407928,1,True,-0.009585677392101801,-0.004235368238014733,0.0657179341013619,0.074279481101185,772.6294578521333,753.7190035961378,201.47282283835142,35.376423943635146,5,4.0,
ausprivauto0405,TabICLv2,8,100.0,clip,200.0,1,2000,1000,5.257261083531559,0.1945,1,18.73426701407928,1,True,0.027095602968808384,0.04238812789468499,0.057992274433955264,0.14984478966142795,775.4454549062459,744.5619537467892,207.14434934225773,28.951537173580466,5,3.8,
ausprivauto0405,TabICLv2,8,100.0,log,0.0,1,2000,1000,5.257261083531559,0.1945,1,18.73426701407928,0,True,0.03123462929859672,0.05785489149623554,0.08417497311081618,0.9436978530243845,772.89313679082,745.1179217270308,207.93048294589582,50.819588740666724,5,4.0,
ausprivauto0405,TabICLv2,8,100.0,tail_log,50.0,1,2000,1000,5.257261083531559,0.1945,1,18.73426701407928,1,True,0.025583576571958082,0.03346034694368996,0.08790054696428667,0.17600477563042422,775.3528128259378,748.254188079044,208.42834153952333,29.209377527762946,5,3.9,
ausprivauto0405,TabICLv2,8,100.0,evt_trim,0.0,1,2000,1000,5.257261083531559,0.1945,1,18.73426701407928,0,False,-0.06249455766480694,0.13399902801056496,-0.0860907667203162,0.07234144430833593,777.7572197468073,741.5399848816064,194.0196392957889,28.234012555752344,6,4.2,
ausprivauto0405,GBM,8,1.0,raw,0.0,1,2000,1000,1.0364307043103653,0.1945,99,0.1873426701407928,0,,0.0,0.0,0.0,0.0,772.894752446726,738.9847583852064,213.21384146299945,49.664325264411055,15,0.0,
ausprivauto0405,GBM,8,1.0,clip,50.0,1,2000,1000,1.0364307043103653,0.1945,99,0.1873426701407928,0,,0.0,0.0,0.0,0.0,772.894752446726,738.9847583852064,213.21384146299945,49.664325264411055,15,3.1,
ausprivauto0405,GBM,8,1.0,clip,200.0,1,2000,1000,1.0364307043103653,0.1945,99,0.1873426701407928,0,,0.0,0.0,0.0,0.0,772.894752446726,738.9847583852064,213.21384146299945,49.664325264411055,15,3.4,
ausprivauto0405,GBM,8,1.0,log,0.0,1,2000,1000,1.0364307043103653,0.1945,99,0.1873426701407928,0,,-0.003435458023656023,-0.013557136721519047,-0.006112618802386652,4.596761492250475e-11,775.3802205893139,749.2123714565561,206.76029519388973,49.59504706231768,12,3.9,
ausprivauto0405,GBM,8,1.0,tail_log,50.0,1,2000,1000,1.0364307043103653,0.1945,99,0.1873426701407928,0,,0.0,0.0,0.0,0.0,772.894752446726,738.9847583852064,213.21384146299945,49.664325264411055,15,3.3,
ausprivauto0405,GBM,8,1.0,evt_trim,0.0,1,2000,1000,1.0364307043103653,0.1945,99,0.1873426701407928,0,,0.0,0.0,0.0,0.0,772.894752446726,738.9847583852064,213.21384146299945,49.664325264411055,15,3.5,
ausprivauto0405,GBM,8,100.0,raw,0.0,1,2000,1000,5.257261083531559,0.1945,1,18.73426701407928,0,False,0.0,0.005210906930049401,0.013515752285923326,-0.0012708503177640855,772.894752446726,747.5885770995562,260.00717361960426,37.49584196957154,11,3.4,
ausprivauto0405,GBM,8,100.0,clip,50.0,1,2000,1000,5.257261083531559,0.1945,1,18.73426701407928,1,True,0.0,0.005210906930049401,0.013515752285923326,-0.0012708503177640855,772.894752446726,747.5885770995562,195.72883001969825,36.363987782822335,11,3.2,
ausprivauto0405,GBM,8,100.0,clip,200.0,1,2000,1000,5.257261083531559,0.1945,1,18.73426701407928,1,True,0.0,0.005210906930049401,0.013515752285923326,-0.0012708503177640855,772.894752446726,747.5885770995562,211.9671621525351,36.649922721108496,11,3.3,
ausprivauto0405,GBM,8,100.0,log,0.0,1,2000,1000,5.257261083531559,0.1945,1,18.73426701407928,0,True,-0.003435458023656023,-0.0017708895327919615,0.00701948591652737,-0.0012708505694566414,775.3802205893139,746.5511199466281,199.18179037990149,37.0565024303269,11,3.5,
ausprivauto0405,GBM,8,100.0,tail_log,50.0,1,2000,1000,5.257261083531559,0.1945,1,18.73426701407928,1,True,0.0,0.005210906930049401,0.013515752285923326,-0.0012708503177640855,772.894752446726,747.5885770995562,221.8817577465672,37.06541925458341,11,3.3,
ausprivauto0405,GBM,8,100.0,evt_trim,0.0,1,2000,1000,5.257261083531559,0.1945,1,18.73426701407928,0,False,0.0,0.005210906930049401,0.013515752285923326,-0.0012708503177640855,772.894752446726,747.5885770995562,260.00717361960426,37.49584196957154,11,3.5,
ausprivauto0405,TabPFN-V3,9,1.0,raw,0.0,1,2000,1000,1.0613147118775703,0.1925,349,0.05568850829028786,0,,0.0,0.0,0.0,0.0,811.1815730861417,832.5350725917988,216.83384958347295,29.232734769231683,13,0.0,
ausprivauto0405,TabPFN-V3,9,1.0,clip,50.0,1,2000,1000,1.0613147118775703,0.1925,349,0.05568850829028786,0,,0.0,0.0,0.0,0.0,811.1815730861417,832.5350725917988,216.83384958347295,29.232734769231683,13,6.7,
ausprivauto0405,TabPFN-V3,9,1.0,clip,200.0,1,2000,1000,1.0613147118775703,0.1925,349,0.05568850829028786,0,,0.0,0.0,0.0,0.0,811.1815730861417,832.5350725917988,216.83384958347295,29.232734769231683,13,6.7,
ausprivauto0405,TabPFN-V3,9,1.0,log,0.0,1,2000,1000,1.0613147118775703,0.1925,349,0.05568850829028786,0,,0.1476002457077643,0.14517317200367713,-0.007959699536759807,0.25826708572853657,811.5446537795269,810.684512539906,204.11731730839762,47.07133048619314,12,6.7,
ausprivauto0405,TabPFN-V3,9,1.0,tail_log,50.0,1,2000,1000,1.0613147118775703,0.1925,349,0.05568850829028786,0,,0.0,0.0,0.0,0.0,811.1815730861417,832.5350725917988,217.17297185275456,30.931048913339232,13,6.8,
ausprivauto0405,TabPFN-V3,9,1.0,evt_trim,0.0,1,2000,1000,1.0613147118775703,0.1925,349,0.05568850829028786,0,,0.0,0.0,0.0,0.0,811.1815730861417,832.5350725917988,216.83384958347295,29.232734769231683,13,6.8,
ausprivauto0405,TabPFN-V3,9,100.0,raw,0.0,1,2000,1000,2.1689242444361243,0.1925,1,5.568850829028786,0,False,0.02390777745366807,0.033824071724151,-0.06395226918827152,0.26931317354696716,810.0977375043593,829.2304336731692,214.67931815228548,40.410177880044195,15,7.3,
ausprivauto0405,TabPFN-V3,9,100.0,clip,50.0,1,2000,1000,2.1689242444361243,0.1925,1,5.568850829028786,1,True,-0.013926718909130257,-0.002789884239504067,0.008989555747264746,0.07024157992285338,811.2564056886425,835.8341872188878,217.53327484508236,31.127884428872314,12,6.7,
ausprivauto0405,TabPFN-V3,9,100.0,clip,200.0,1,2000,1000,2.1689242444361243,0.1925,1,5.568850829028786,1,True,-0.04523023380321621,-0.0011168409629701043,-0.05869298922155379,0.24900893362976523,813.3095318731135,835.0231527840456,213.86358080270736,39.197278764809816,14,6.7,
ausprivauto0405,TabPFN-V3,9,100.0,log,0.0,1,2000,1000,2.1689242444361243,0.1925,1,5.568850829028786,0,True,0.15324541107433293,0.14846547887513972,0.0263812405548074,0.4538402984364772,811.3249350913903,811.7498271377899,211.74006975978116,208736.38069495177,13,6.8,
ausprivauto0405,TabPFN-V3,9,100.0,tail_log,50.0,1,2000,1000,2.1689242444361243,0.1925,1,5.568850829028786,1,True,-0.0161825065834829,-0.0030535930847743137,0.015805116598352455,0.22802074406070375,813.0896503166047,835.7417665813565,213.37384316799196,53.899971773658336,12,6.6,
ausprivauto0405,TabPFN-V3,9,100.0,evt_trim,0.0,1,2000,1000,2.1689242444361243,0.1925,1,5.568850829028786,0,False,0.02390777745366807,0.033824071724151,-0.06395226918827152,0.26931317354696716,810.0977375043593,829.2304336731692,214.67931815228548,40.410177880044195,15,6.6,
ausprivauto0405,TabICLv2,9,1.0,raw,0.0,1,2000,1000,1.0613147118775703,0.1925,349,0.05568850829028786,0,,0.0,0.0,0.0,0.0,812.5882383698234,802.3644364541098,213.9453137600355,34.19359034251293,9,0.0,
ausprivauto0405,TabICLv2,9,1.0,clip,50.0,1,2000,1000,1.0613147118775703,0.1925,349,0.05568850829028786,0,,0.0,0.0,0.0,0.0,812.5882383698234,802.3644364541098,213.9453137600355,34.19359034251293,9,4.1,
ausprivauto0405,TabICLv2,9,1.0,clip,200.0,1,2000,1000,1.0613147118775703,0.1925,349,0.05568850829028786,0,,0.0,0.0,0.0,0.0,812.5882383698234,802.3644364541098,213.9453137600355,34.19359034251293,9,3.9,
ausprivauto0405,TabICLv2,9,1.0,log,0.0,1,2000,1000,1.0613147118775703,0.1925,349,0.05568850829028786,0,,0.026411669515803433,0.031214937157185145,-0.03814855987893456,0.5534418040834064,813.7975163788873,810.5542881046888,203.09135244098772,39.580696529873656,10,3.9,
ausprivauto0405,TabICLv2,9,1.0,tail_log,50.0,1,2000,1000,1.0613147118775703,0.1925,349,0.05568850829028786,0,,0.0,0.0,0.0,0.0,812.5882383698234,802.3644364541098,213.9453137600355,34.19359034251293,9,3.8,
ausprivauto0405,TabICLv2,9,1.0,evt_trim,0.0,1,2000,1000,1.0613147118775703,0.1925,349,0.05568850829028786,0,,0.0,0.0,0.0,0.0,812.5882383698234,802.3644364541098,213.9453137600355,34.19359034251293,9,3.8,
ausprivauto0405,TabICLv2,9,100.0,raw,0.0,1,2000,1000,2.1689242444361243,0.1925,1,5.568850829028786,0,False,0.0745944345418085,0.056774122263224286,0.0723632605192893,0.20773045516670868,813.8549489535003,806.634068662344,222.25274216250423,30.995591864419193,8,3.8,
ausprivauto0405,TabICLv2,9,100.0,clip,50.0,1,2000,1000,2.1689242444361243,0.1925,1,5.568850829028786,1,True,0.000817626522173806,0.014409109914326083,0.07061256028147658,0.07740656757415441,810.3076580437238,803.8214238396018,216.53791873037926,28.046070169544187,8,3.8,
ausprivauto0405,TabICLv2,9,100.0,clip,200.0,1,2000,1000,2.1689242444361243,0.1925,1,5.568850829028786,1,True,0.05857594883402627,0.03640095791504497,0.10688385291994511,0.22984140592425956,812.2787473372321,804.7978438179283,221.21351402297302,30.874132073403562,7,3.9,
ausprivauto0405,TabICLv2,9,100.0,log,0.0,1,2000,1000,2.1689242444361243,0.1925,1,5.568850829028786,0,True,0.030022453905974526,0.03826400240674859,0.024484087519427274,0.7467000728472064,813.9987536095086,810.8484477839229,204.02356134436158,44.382610413125384,9,3.8,
ausprivauto0405,TabICLv2,9,100.0,tail_log,50.0,1,2000,1000,2.1689242444361243,0.1925,1,5.568850829028786,1,True,0.03712332698370223,0.01745917862473565,0.1362142660796528,0.2034408066805919,809.9638146456567,804.7530392754347,221.11374382291052,28.873774827307813,7,3.9,
ausprivauto0405,TabICLv2,9,100.0,evt_trim,0.0,1,2000,1000,2.1689242444361243,0.1925,1,5.568850829028786,0,False,0.0745944345418085,0.056774122263224286,0.0723632605192893,0.20773045516670868,813.8549489535003,806.634068662344,222.25274216250423,30.995591864419193,8,4.1,
ausprivauto0405,GBM,9,1.0,raw,0.0,1,2000,1000,1.0613147118775703,0.1925,349,0.05568850829028786,0,,0.0,0.0,0.0,0.0,804.766602718175,807.9247549050474,211.37122855413054,44.1475234845256,12,0.0,
ausprivauto0405,GBM,9,1.0,clip,50.0,1,2000,1000,1.0613147118775703,0.1925,349,0.05568850829028786,0,,0.0,0.0,0.0,0.0,804.766602718175,807.9247549050474,211.37122855413054,44.1475234845256,12,3.4,
ausprivauto0405,GBM,9,1.0,clip,200.0,1,2000,1000,1.0613147118775703,0.1925,349,0.05568850829028786,0,,0.0,0.0,0.0,0.0,804.766602718175,807.9247549050474,211.37122855413054,44.1475234845256,12,3.2,
ausprivauto0405,GBM,9,1.0,log,0.0,1,2000,1000,1.0613147118775703,0.1925,349,0.05568850829028786,0,,-0.0069292706817701616,0.011166930685850982,-0.04036649211572149,-0.008850155349025356,807.7935753763034,808.9903888098203,213.1538303500467,44.92457960550695,13,3.4,
ausprivauto0405,GBM,9,1.0,tail_log,50.0,1,2000,1000,1.0613147118775703,0.1925,349,0.05568850829028786,0,,0.0,0.0,0.0,0.0,804.766602718175,807.9247549050474,211.37122855413054,44.1475234845256,12,3.7,
ausprivauto0405,GBM,9,1.0,evt_trim,0.0,1,2000,1000,1.0613147118775703,0.1925,349,0.05568850829028786,0,,0.0,0.0,0.0,0.0,804.766602718175,807.9247549050474,211.37122855413054,44.1475234845256,12,3.5,
ausprivauto0405,GBM,9,100.0,raw,0.0,1,2000,1000,2.1689242444361243,0.1925,1,5.568850829028786,0,False,0.0,0.02092325327204155,-0.005071158153795627,0.17140465760059334,804.766602718175,811.8239579221718,214.11195292369155,51.76147045130755,13,3.2,
ausprivauto0405,GBM,9,100.0,clip,50.0,1,2000,1000,2.1689242444361243,0.1925,1,5.568850829028786,1,True,0.0,0.02092325327204155,-0.005071158153795627,0.17140465760059334,804.766602718175,811.8239579221718,214.11195292369155,29.52076510130051,13,3.4,
ausprivauto0405,GBM,9,100.0,clip,200.0,1,2000,1000,2.1689242444361243,0.1925,1,5.568850829028786,1,True,0.0,0.02092325327204155,-0.005071158153795627,0.17140465760059334,804.766602718175,811.8239579221718,214.11195292369155,47.269164377641324,13,3.3,
ausprivauto0405,GBM,9,100.0,log,0.0,1,2000,1000,2.1689242444361243,0.1925,1,5.568850829028786,0,True,-0.0069292706817701616,0.03147729237989517,-0.003596866248953272,0.17353285496706966,807.7935753763034,809.6687047082119,214.01450510694437,37.97988312121354,13,3.5,
ausprivauto0405,GBM,9,100.0,tail_log,50.0,1,2000,1000,2.1689242444361243,0.1925,1,5.568850829028786,1,True,0.0,0.02092325327204155,-0.005071158153795627,0.17140465760059334,804.766602718175,811.8239579221718,214.11195292369155,40.46502344219505,13,3.4,
ausprivauto0405,GBM,9,100.0,evt_trim,0.0,1,2000,1000,2.1689242444361243,0.1925,1,5.568850829028786,0,False,0.0,0.02092325327204155,-0.005071158153795627,0.17140465760059334,804.766602718175,811.8239579221718,214.11195292369155,51.76147045130755,13,3.1,
norauto,TabPFN-V3,0,1.0,raw,0.0,1,2000,1000,1.1309671189312487,0.283,16,0.2262,0,,0.0,0.0,0.0,0.0,7048.003744140625,5747.269120312499,1346.514519531251,253.11051979687522,6,0.0,
norauto,TabPFN-V3,0,1.0,clip,50.0,1,2000,1000,1.1309671189312487,0.283,16,0.2262,0,,0.0,0.0,0.0,0.0,7048.003744140625,5747.269120312499,1346.514519531251,253.11051979687522,6,6.7,
norauto,TabPFN-V3,0,1.0,clip,200.0,1,2000,1000,1.1309671189312487,0.283,16,0.2262,0,,0.0,0.0,0.0,0.0,7048.003744140625,5747.269120312499,1346.514519531251,253.11051979687522,6,6.8,
norauto,TabPFN-V3,0,1.0,log,0.0,1,2000,1000,1.1309671189312487,0.283,16,0.2262,0,,0.06668075921215905,0.07634552257144996,-0.0169754523712074,0.45116908586592136,7042.5633673685425,5685.606383478271,1362.09172069381,379.6582087802497,8,7.2,
norauto,TabPFN-V3,0,1.0,tail_log,50.0,1,2000,1000,1.1309671189312487,0.283,16,0.2262,0,,0.0,0.0,0.0,0.0,7048.003744140625,5747.269120312499,1346.514519531251,253.11051979687522,6,6.7,
norauto,TabPFN-V3,0,1.0,evt_trim,0.0,1,2000,1000,1.1309671189312487,0.283,16,0.2262,0,,0.0,0.0,0.0,0.0,7048.003744140625,5747.269120312499,1346.514519531251,253.11051979687522,6,6.6,
norauto,TabPFN-V3,0,100.0,raw,0.0,1,2000,1000,11.017274346972306,0.283,1,22.62,0,False,0.06172199913744174,0.05226141193993103,-0.1435645706523984,0.06183036299154414,7054.9449145507815,5738.9811046875,1331.604676796876,271.71605751562527,11,6.6,
norauto,TabPFN-V3,0,100.0,clip,50.0,1,2000,1000,11.017274346972306,0.283,1,22.62,1,True,0.0022320869984109306,-0.011783178910054294,0.005108810130768274,0.1342894302371171,7046.902971191406,5757.767122656251,1346.785546171876,297.2610038437503,6,6.6,
norauto,TabPFN-V3,0,100.0,clip,200.0,1,2000,1000,11.017274346972306,0.283,1,22.62,1,True,-0.008424431409097407,0.006591157399153988,-0.038437295081536954,0.43831592352398396,7050.534457519531,5741.946531640625,1347.3927785937512,381.82580518750035,8,6.5,
norauto,TabPFN-V3,0,100.0,log,0.0,1,2000,1000,11.017274346972306,0.283,1,22.62,0,True,0.06823519688943529,0.07329729129933453,-0.005743560298099712,0.766737963053693,7042.846330204198,5687.149434605919,1366.1154728899553,468.16175149097853,8,6.6,
norauto,TabPFN-V3,0,100.0,tail_log,50.0,1,2000,1000,11.017274346972306,0.283,1,22.62,1,True,-0.010071615311699415,0.007334563881500504,-0.04489234903148298,0.43536257014702645,7051.3460620117185,5743.233603906249,1346.859455000001,379.9332647076042,8,6.7,
norauto,TabPFN-V3,0,100.0,evt_trim,0.0,1,2000,1000,11.017274346972306,0.283,1,22.62,1,True,0.002108920065998526,-0.011308074149019416,0.004517366932948829,0.13219622800602832,7047.0979819335935,5757.521876171874,1348.894051250001,296.0940446562503,6,6.7,
norauto,TabICLv2,0,1.0,raw,0.0,1,2000,1000,1.1309671189312487,0.283,16,0.2262,0,,0.0,0.0,0.0,0.0,7053.526105957031,5662.086122265625,1582.029002343751,220.7849128750002,3,0.0,
norauto,TabICLv2,0,1.0,clip,50.0,1,2000,1000,1.1309671189312487,0.283,16,0.2262,0,,0.0,0.0,0.0,0.0,7053.526105957031,5662.086122265625,1582.029002343751,220.7849128750002,3,3.8,
norauto,TabICLv2,0,1.0,clip,200.0,1,2000,1000,1.1309671189312487,0.283,16,0.2262,0,,0.0,0.0,0.0,0.0,7053.526105957031,5662.086122265625,1582.029002343751,220.7849128750002,3,3.7,
norauto,TabICLv2,0,1.0,log,0.0,1,2000,1000,1.1309671189312487,0.283,16,0.2262,0,,0.052694666229260986,-0.05052639071602637,-0.15653144474991013,0.5423886988907501,7040.701585732415,5688.351337608108,1448.9922319268899,362.77544162632745,4,3.8,
norauto,TabICLv2,0,1.0,tail_log,50.0,1,2000,1000,1.1309671189312487,0.283,16,0.2262,0,,0.0,0.0,0.0,0.0,7053.526105957031,5662.086122265625,1582.029002343751,220.7849128750002,3,3.8,
norauto,TabICLv2,0,1.0,evt_trim,0.0,1,2000,1000,1.1309671189312487,0.283,16,0.2262,0,,0.0,0.0,0.0,0.0,7053.526105957031,5662.086122265625,1582.029002343751,220.7849128750002,3,3.7,
norauto,TabICLv2,0,100.0,raw,0.0,1,2000,1000,11.017274346972306,0.283,1,22.62,0,False,0.05032315610974122,0.05271875501409931,-0.18794190642457997,0.06419543945101502,7108.39177734375,5725.2939921875,1498.1906800781262,254.44930067187525,7,3.8,
norauto,TabICLv2,0,100.0,clip,50.0,1,2000,1000,11.017274346972306,0.283,1,22.62,1,True,0.015514011405851447,-0.009235990301058442,0.04589813566599894,0.07046258698937485,7049.606911621094,5655.721239062499,1619.0042871875016,239.05176770312522,2,3.8,
norauto,TabICLv2,0,100.0,clip,200.0,1,2000,1000,11.017274346972306,0.283,1,22.62,1,True,0.07475348644825901,-0.008611386713455155,0.11501910453519579,0.30950865354333024,7039.225436523438,5671.27371640625,1873.7852670312514,317.51177865625027,1,3.9,
norauto,TabICLv2,0,100.0,log,0.0,1,2000,1000,11.017274346972306,0.283,1,22.62,0,True,0.05579386985259606,-0.04542849325387868,-0.12511558717234783,0.6866132209619875,7039.980401052141,5689.596360119237,1471.9695381569954,403.41015708091277,4,3.6,
norauto,TabICLv2,0,100.0,tail_log,50.0,1,2000,1000,11.017274346972306,0.283,1,22.62,1,True,0.07568212253039251,-0.007722382820342877,0.10842141636037267,0.31382520780070366,7039.1572446289065,5672.655258984374,1874.3310393750016,318.4235773618634,1,3.7,
norauto,TabICLv2,0,100.0,evt_trim,0.0,1,2000,1000,11.017274346972306,0.283,1,22.62,1,True,0.014934268379257896,-0.008804741901303589,0.044350891981213864,0.06794369478319788,7049.731576660156,5655.8554984375,1616.3814298437512,238.3483229687502,2,3.9,
norauto,GBM,0,1.0,raw,0.0,1,2000,1000,1.1309671189312487,0.283,16,0.2262,0,,0.0,0.0,0.0,0.0,7062.692958492579,5699.240264040643,1585.443868813932,318.01835420590606,12,0.0,
norauto,GBM,0,1.0,clip,50.0,1,2000,1000,1.1309671189312487,0.283,16,0.2262,0,,0.0,0.0,0.0,0.0,7062.692958492579,5699.240264040643,1585.443868813932,318.01835420590606,12,3.2,
norauto,GBM,0,1.0,clip,200.0,1,2000,1000,1.1309671189312487,0.283,16,0.2262,0,,0.0,0.0,0.0,0.0,7062.692958492579,5699.240264040643,1585.443868813932,318.01835420590606,12,2.8,
norauto,GBM,0,1.0,log,0.0,1,2000,1000,1.1309671189312487,0.283,16,0.2262,0,,0.0014529766660684122,-0.0014148460295635725,-0.023870346516026812,-1.9874581368457115e-10,7072.6918078120125,5735.740172556472,1487.3643788690215,323.67488887139666,11,2.6,
norauto,GBM,0,1.0,tail_log,50.0,1,2000,1000,1.1309671189312487,0.283,16,0.2262,0,,0.0,0.0,0.0,0.0,7062.692958492579,5699.240264040643,1585.443868813932,318.01835420590606,12,2.8,
norauto,GBM,0,1.0,evt_trim,0.0,1,2000,1000,1.1309671189312487,0.283,16,0.2262,0,,0.0,0.0,0.0,0.0,7062.692958492579,5699.240264040643,1585.443868813932,318.01835420590606,12,2.6,
norauto,GBM,0,100.0,raw,0.0,1,2000,1000,11.017274346972306,0.283,1,22.62,0,False,0.0,-0.010202729553186723,0.029192796661227358,0.010855185802030699,7062.692958492579,6187.69247315052,3049.370886697472,234.46950388349828,11,2.9,
norauto,GBM,0,100.0,clip,50.0,1,2000,1000,11.017274346972306,0.283,1,22.62,1,True,0.0,-0.010202729553186723,0.005724651025171787,0.010855185802030699,7062.692958492579,5734.150931308415,1517.2304275995361,232.82623832980357,11,3.1,
norauto,GBM,0,100.0,clip,200.0,1,2000,1000,11.017274346972306,0.283,1,22.62,1,True,0.0,-0.010202729553186723,0.029192796661227358,0.010855185802030699,7062.692958492579,5797.091720782099,1703.3779461070699,232.6469729572974,11,2.9,
norauto,GBM,0,100.0,log,0.0,1,2000,1000,11.017274346972306,0.283,1,22.62,0,True,0.0014529766660684122,0.0017314961228505593,0.02608715016943463,-0.002244487229254496,7072.6918078120125,5692.912240619435,1569.2764805204358,230.61288168923517,12,2.8,
norauto,GBM,0,100.0,tail_log,50.0,1,2000,1000,11.017274346972306,0.283,1,22.62,1,True,0.0,-0.010202729553186723,0.029192796661227358,0.010855185802030699,7062.692958492579,5799.582611430925,1717.984352884037,232.65859537536429,11,3.1,
norauto,GBM,0,100.0,evt_trim,0.0,1,2000,1000,11.017274346972306,0.283,1,22.62,1,True,0.0,-0.010202729553186723,-0.007125270330823126,0.010855185802030699,7062.692958492579,5733.672473150521,1483.4928986721598,232.88339428473694,11,2.9,
norauto,TabPFN-V3,1,1.0,raw,0.0,1,2000,1000,1.1670461837849448,0.332,50,0.14057571428571428,0,,0.0,0.0,0.0,0.0,6893.043641601563,5499.814530078124,1288.423138125001,230.50550798437519,10,0.0,
norauto,TabPFN-V3,1,1.0,clip,50.0,1,2000,1000,1.1670461837849448,0.332,50,0.14057571428571428,0,,0.0,0.0,0.0,0.0,6893.043641601563,5499.814530078124,1288.423138125001,230.50550798437519,10,6.9,
norauto,TabPFN-V3,1,1.0,clip,200.0,1,2000,1000,1.1670461837849448,0.332,50,0.14057571428571428,0,,0.0,0.0,0.0,0.0,6893.043641601563,5499.814530078124,1288.423138125001,230.50550798437519,10,6.7,
norauto,TabPFN-V3,1,1.0,log,0.0,1,2000,1000,1.1670461837849448,0.332,50,0.14057571428571428,0,,0.06359632351853967,0.05278338278542493,0.0057404088944825165,0.33562380284365056,6868.00389069945,5498.519608174667,1290.016785953361,264.47213898617855,9,6.7,
norauto,TabPFN-V3,1,1.0,tail_log,50.0,1,2000,1000,1.1670461837849448,0.332,50,0.14057571428571428,0,,0.0,0.0,0.0,0.0,6893.043641601563,5499.814530078124,1288.423138125001,230.50550798437519,10,6.6,
norauto,TabPFN-V3,1,1.0,evt_trim,0.0,1,2000,1000,1.1670461837849448,0.332,50,0.14057571428571428,0,,0.0,0.0,0.0,0.0,6893.043641601563,5499.814530078124,1288.423138125001,230.50550798437519,10,6.6,
norauto,TabPFN-V3,1,100.0,raw,0.0,1,2000,1000,7.565134285598177,0.332,1,14.057571428571428,0,False,0.002813849957775757,-0.016336333437164313,-0.08757030998141152,0.1255521398070017,6881.9183740234375,5510.68678046875,1297.1859164062505,242.3841271875002,14,6.6,
norauto,TabPFN-V3,1,100.0,clip,50.0,1,2000,1000,7.565134285598177,0.332,1,14.057571428571428,1,True,-0.0034928446080330455,-0.004064623926295202,0.017449428962416615,0.0973311764360606,6895.032528808594,5500.704411718751,1287.583638203126,241.46447882812518,8,6.8,
norauto,TabPFN-V3,1,100.0,clip,200.0,1,2000,1000,7.565134285598177,0.332,1,14.057571428571428,1,True,-0.007095089689871488,0.00047310214878155195,-0.030134204626018,0.35090814295159156,6895.633337890625,5501.946781640625,1284.668778671876,270.0815182031252,10,6.9,
norauto,TabPFN-V3,1,100.0,log,0.0,1,2000,1000,7.565134285598177,0.332,1,14.057571428571428,0,True,0.06440041907473651,0.04691330625933784,0.01908519534913601,0.5444828349344479,6867.912478635989,5496.704805963824,1292.186553458971,311.85902739151487,9,7.0,
norauto,TabPFN-V3,1,100.0,tail_log,50.0,1,2000,1000,7.565134285598177,0.332,1,14.057571428571428,1,True,0.005470510143042796,-0.014562451108346846,-0.016860453655283353,0.3851087260920466,6888.925021484375,5505.287138281249,1284.392080000001,277.2811157187503,10,6.8,
norauto,TabPFN-V3,1,100.0,evt_trim,0.0,1,2000,1000,7.565134285598177,0.332,1,14.057571428571428,1,True,-0.004210796516523851,-0.0031305204879716626,0.01540259536999514,0.09896022967171211,6895.622514160156,5500.839319140624,1286.7575196093758,238.06121946875018,8,6.7,
norauto,TabICLv2,1,1.0,raw,0.0,1,2000,1000,1.1670461837849448,0.332,50,0.14057571428571428,0,,0.0,0.0,0.0,0.0,6886.938025878906,5552.596386328124,1414.112808750001,230.98983773437516,5,0.0,
norauto,TabICLv2,1,1.0,clip,50.0,1,2000,1000,1.1670461837849448,0.332,50,0.14057571428571428,0,,0.0,0.0,0.0,0.0,6886.938025878906,5552.596386328124,1414.112808750001,230.98983773437516,5,3.8,
norauto,TabICLv2,1,1.0,clip,200.0,1,2000,1000,1.1670461837849448,0.332,50,0.14057571428571428,0,,0.0,0.0,0.0,0.0,6886.938025878906,5552.596386328124,1414.112808750001,230.98983773437516,5,3.8,
norauto,TabICLv2,1,1.0,log,0.0,1,2000,1000,1.1670461837849448,0.332,50,0.14057571428571428,0,,0.045581332455671475,-0.06360628455679246,-0.15759939452306937,0.22032556260136318,6864.971600645056,5530.670787146704,1303.2935025924967,227.3682547959102,9,3.7,
norauto,TabICLv2,1,1.0,tail_log,50.0,1,2000,1000,1.1670461837849448,0.332,50,0.14057571428571428,0,,0.0,0.0,0.0,0.0,6886.938025878906,5552.596386328124,1414.112808750001,230.98983773437516,5,3.7,
norauto,TabICLv2,1,1.0,evt_trim,0.0,1,2000,1000,1.1670461837849448,0.332,50,0.14057571428571428,0,,0.0,0.0,0.0,0.0,6886.938025878906,5552.596386328124,1414.112808750001,230.98983773437516,5,3.7,
norauto,TabICLv2,1,100.0,raw,0.0,1,2000,1000,7.565134285598177,0.332,1,14.057571428571428,0,False,0.05355687278438011,0.026817128322260547,-0.15665744682615923,0.004241675074880801,6899.230924316406,5650.612564453125,1358.020258671876,242.71174543750018,9,4.2,
norauto,TabICLv2,1,100.0,clip,50.0,1,2000,1000,7.565134285598177,0.332,1,14.057571428571428,1,True,0.022450172617414634,-0.00776542115124873,0.07247887558747353,0.10741758961270546,6877.018807128907,5540.3995085937495,1478.9543125000014,228.89703362500018,4,3.8,
norauto,TabICLv2,1,100.0,clip,200.0,1,2000,1000,7.565134285598177,0.332,1,14.057571428571428,1,True,0.0734748044617882,-0.012924441657702155,0.16277835482600206,0.3899945519171003,6855.856976074218,5582.27920703125,1669.4460593750014,272.67792618750025,3,3.9,
norauto,TabICLv2,1,100.0,log,0.0,1,2000,1000,7.565134285598177,0.332,1,14.057571428571428,0,True,0.052383463239055364,-0.056186587418536105,-0.11787633785574131,0.3961943666709714,6863.544947048306,5528.241226943226,1316.816637809583,263.7167354430656,6,3.9,
norauto,TabICLv2,1,100.0,tail_log,50.0,1,2000,1000,7.565134285598177,0.332,1,14.057571428571428,1,True,0.06859047911430759,-0.013695226306340982,0.17329948421950359,0.3867921820480712,6854.598013671875,5576.353207421875,1666.8781304687514,270.4305008281253,2,3.6,
norauto,TabICLv2,1,100.0,evt_trim,0.0,1,2000,1000,7.565134285598177,0.332,1,14.057571428571428,1,True,0.02134931989156759,-0.0071124960390175065,0.0706167293908148,0.10377945576830755,6877.45644921875,5540.882333203124,1477.4167931250013,229.2039025000002,4,3.7,
norauto,GBM,1,1.0,raw,0.0,1,2000,1000,1.1670461837849448,0.332,50,0.14057571428571428,0,,0.0,0.0,0.0,0.0,6937.573276498528,5565.610724090002,1313.349229843965,277.0162608824709,7,0.0,
norauto,GBM,1,1.0,clip,50.0,1,2000,1000,1.1670461837849448,0.332,50,0.14057571428571428,0,,0.0,0.0,0.0,0.0,6937.573276498528,5565.610724090002,1313.349229843965,277.0162608824709,7,2.7,
norauto,GBM,1,1.0,clip,200.0,1,2000,1000,1.1670461837849448,0.332,50,0.14057571428571428,0,,0.0,0.0,0.0,0.0,6937.573276498528,5565.610724090002,1313.349229843965,277.0162608824709,7,2.7,
norauto,GBM,1,1.0,log,0.0,1,2000,1000,1.1670461837849448,0.332,50,0.14057571428571428,0,,0.0005297228129500555,0.0028327625078800197,-0.008593249435378389,0.003542822257540341,6962.409539351443,5546.95504094066,1312.0279058522674,273.3504274803045,9,2.8,
norauto,GBM,1,1.0,tail_log,50.0,1,2000,1000,1.1670461837849448,0.332,50,0.14057571428571428,0,,0.0,0.0,0.0,0.0,6937.573276498528,5565.610724090002,1313.349229843965,277.0162608824709,7,2.8,
norauto,GBM,1,1.0,evt_trim,0.0,1,2000,1000,1.1670461837849448,0.332,50,0.14057571428571428,0,,0.0,0.0,0.0,0.0,6937.573276498528,5565.610724090002,1313.349229843965,277.0162608824709,7,2.8,
norauto,GBM,1,100.0,raw,0.0,1,2000,1000,7.565134285598177,0.332,1,14.057571428571428,0,False,0.0,0.0,-0.04437616653699979,0.07185366441817832,6937.573276498528,5565.610724090002,1385.0256478510964,382.7814059283892,7,2.9,
norauto,GBM,1,100.0,clip,50.0,1,2000,1000,7.565134285598177,0.332,1,14.057571428571428,1,True,0.0,0.0,-0.04437616653699979,0.07155655311614642,6937.573276498528,5565.610724090002,1385.0256478510964,352.6042089281058,7,2.6,
norauto,GBM,1,100.0,clip,200.0,1,2000,1000,7.565134285598177,0.332,1,14.057571428571428,1,True,0.0,0.0,-0.04437616653699979,0.07182294461300301,6937.573276498528,5565.610724090002,1385.0256478510964,358.79710413420867,7,2.9,
norauto,GBM,1,100.0,log,0.0,1,2000,1000,7.565134285598177,0.332,1,14.057571428571428,0,True,0.0005297228129500555,0.0028327625078800197,-0.034282827077892326,0.07185366291091569,6962.409539351443,5546.95504094066,1324.6147477129387,339.07800563549233,6,2.6,
norauto,GBM,1,100.0,tail_log,50.0,1,2000,1000,7.565134285598177,0.332,1,14.057571428571428,1,True,0.0,0.0,-0.04437616653699979,0.07185365813132134,6937.573276498528,5565.610724090002,1385.0256478510964,365.2957877024673,7,3.0,
norauto,GBM,1,100.0,evt_trim,0.0,1,2000,1000,7.565134285598177,0.332,1,14.057571428571428,1,True,0.0,0.0,-0.04437616653699979,0.06424760433224644,6937.573276498528,5565.610724090002,1385.0256478510964,354.13720237945273,7,2.5,
norauto,TabPFN-V3,2,1.0,raw,0.0,1,2000,1000,1.140094619020263,0.286,502,0.03873714285714286,0,,0.0,0.0,0.0,0.0,7406.978945800781,6347.009829687499,1843.4766184375007,643.3116814062503,13,0.0,
norauto,TabPFN-V3,2,1.0,clip,50.0,1,2000,1000,1.140094619020263,0.286,502,0.03873714285714286,1,,0.00028218591218536106,-0.00010512626504687457,-0.0009950709090891703,-0.0011474841105207352,7406.941156738281,6346.764157031249,1843.2062401562507,643.6510317031251,12,6.9,
norauto,TabPFN-V3,2,1.0,clip,200.0,1,2000,1000,1.140094619020263,0.286,502,0.03873714285714286,0,,0.0,0.0,0.0,0.0,7406.978945800781,6347.009829687499,1843.4766184375007,643.3116814062503,13,7.3,
norauto,TabPFN-V3,2,1.0,log,0.0,1,2000,1000,1.140094619020263,0.286,502,0.03873714285714286,0,,0.06773617359817259,0.05118964186962709,-0.010722605703469756,0.40392247529128644,7380.069090367759,6342.4945017149885,1857.6257550639004,629.8419854000525,13,6.8,
norauto,TabPFN-V3,2,1.0,tail_log,50.0,1,2000,1000,1.140094619020263,0.286,502,0.03873714285714286,1,,6.587015595813346e-07,-4.3204610313871923e-07,-2.764951922805386e-06,-3.3536240024100004e-06,7406.978768066407,6347.006962500001,1843.4824082031257,643.3134638593752,13,6.9,
norauto,TabPFN-V3,2,1.0,evt_trim,0.0,1,2000,1000,1.140094619020263,0.286,502,0.03873714285714286,0,,0.0,0.0,0.0,0.0,7406.978945800781,6347.009829687499,1843.4766184375007,643.3116814062503,13,6.8,
norauto,TabPFN-V3,2,100.0,raw,0.0,1,2000,1000,2.1552518320058334,0.286,1,3.8737142857142857,0,False,-0.0015741892475122211,-0.006541747644459892,-0.03627083429649247,0.39247991224770673,7407.214353515625,6348.707280468749,1851.490647421876,461.25803384375024,13,7.1,
norauto,TabPFN-V3,2,100.0,clip,50.0,1,2000,1000,2.1552518320058334,0.286,1,3.8737142857142857,2,True,0.00032428997828456367,-0.0038946163886931623,0.01610966784800461,0.13062704111878565,7406.447946289062,6347.497146484375,1839.662981875001,649.203541578125,11,6.8,
norauto,TabPFN-V3,2,100.0,clip,200.0,1,2000,1000,2.1552518320058334,0.286,1,3.8737142857142857,0,False,-0.0015741892475122211,-0.006541747644459892,-0.03627083429649247,0.39247991224770673,7407.214353515625,6348.707280468749,1851.490647421876,461.25803384375024,13,6.7,
norauto,TabPFN-V3,2,100.0,log,0.0,1,2000,1000,2.1552518320058334,0.286,1,3.8737142857142857,0,True,0.06662148331601406,0.05242032584299144,0.019932804827250697,0.7292222604332563,7379.727213779522,6342.405446752457,1838.6706436559296,587.4448317446521,11,7.1,
norauto,TabPFN-V3,2,100.0,tail_log,50.0,1,2000,1000,2.1552518320058334,0.286,1,3.8737142857142857,2,True,-0.0005712096085246864,-0.025178454060744752,0.009274496783957031,0.36765110008232327,7407.652493652344,6355.96246796875,1830.436415937501,409.0393760625003,11,7.2,
norauto,TabPFN-V3,2,100.0,evt_trim,0.0,1,2000,1000,2.1552518320058334,0.286,1,3.8737142857142857,0,False,-0.0015741892475122211,-0.006541747644459892,-0.03627083429649247,0.39247991224770673,7407.214353515625,6348.707280468749,1851.490647421876,461.25803384375024,13,7.0,
norauto,TabICLv2,2,1.0,raw,0.0,1,2000,1000,1.140094619020263,0.286,502,0.03873714285714286,0,,0.0,0.0,0.0,0.0,7379.666913574219,6447.430858984373,1953.253836250001,611.9484139843752,4,0.0,
norauto,TabICLv2,2,1.0,clip,50.0,1,2000,1000,1.140094619020263,0.286,502,0.03873714285714286,1,,-0.00020069860008736678,0.0002715349795054889,-0.00031305791003255164,-0.0005964103925280791,7379.711527832032,6447.611293359375,1952.9967618750013,612.3405129375003,4,4.0,
norauto,TabICLv2,2,1.0,clip,200.0,1,2000,1000,1.140094619020263,0.286,502,0.03873714285714286,0,,0.0,0.0,0.0,0.0,7379.666913574219,6447.430858984373,1953.253836250001,611.9484139843752,4,3.7,
norauto,TabICLv2,2,1.0,log,0.0,1,2000,1000,1.140094619020263,0.286,502,0.03873714285714286,0,,0.03163386002458311,-0.07740740558192757,-0.1298628180108261,0.4643620343971073,7376.329197211047,6411.737269334305,1916.3686094548286,585.5649399560818,9,3.8,
norauto,TabICLv2,2,1.0,tail_log,50.0,1,2000,1000,1.140094619020263,0.286,502,0.03873714285714286,1,,-5.208375942084994e-07,5.053732973552468e-07,-1.336285746838843e-06,-2.038541063049125e-06,7379.6670463867185,6447.4328265625,1953.2520864843764,611.9487693281251,4,3.9,
norauto,TabICLv2,2,1.0,evt_trim,0.0,1,2000,1000,1.140094619020263,0.286,502,0.03873714285714286,0,,0.0,0.0,0.0,0.0,7379.666913574219,6447.430858984373,1953.253836250001,611.9484139843752,4,3.7,
norauto,TabICLv2,2,100.0,raw,0.0,1,2000,1000,2.1552518320058334,0.286,1,3.8737142857142857,0,False,0.0381163032858095,-0.038616478747347596,0.016907511510551258,0.18906645102809588,7381.5785966796875,6488.359485156249,1897.8275526562516,273.25807200000025,8,3.9,
norauto,TabICLv2,2,100.0,clip,50.0,1,2000,1000,2.1552518320058334,0.286,1,3.8737142857142857,2,True,0.014494641312230522,-0.005240607276652081,0.04195060056362623,0.07196627770966761,7372.364341796875,6452.89857734375,1997.4109518750013,586.3177320781252,4,3.6,
norauto,TabICLv2,2,100.0,clip,200.0,1,2000,1000,2.1552518320058334,0.286,1,3.8737142857142857,0,False,0.0381163032858095,-0.038616478747347596,0.016907511510551258,0.18906645102809588,7381.5785966796875,6488.359485156249,1897.8275526562516,273.25807200000025,8,3.9,
norauto,TabICLv2,2,100.0,log,0.0,1,2000,1000,2.1552518320058334,0.286,1,3.8737142857142857,0,True,0.030455761451842006,-0.07244944431810524,-0.1112946820511114,0.5365334716458713,7376.016032353615,6407.834015976308,1897.3905156374146,612.5113163622741,8,3.8,
norauto,TabICLv2,2,100.0,tail_log,50.0,1,2000,1000,2.1552518320058334,0.286,1,3.8737142857142857,2,True,0.033339485556054184,-0.0317151958837024,0.018435200435768993,0.12668005033385202,7373.275492675782,6476.356046875,1944.3233749218764,438.3525431250002,7,3.7,
norauto,TabICLv2,2,100.0,evt_trim,0.0,1,2000,1000,2.1552518320058334,0.286,1,3.8737142857142857,0,False,0.0381163032858095,-0.038616478747347596,0.016907511510551258,0.18906645102809588,7381.5785966796875,6488.359485156249,1897.8275526562516,273.25807200000025,8,3.9,
norauto,GBM,2,1.0,raw,0.0,1,2000,1000,1.140094619020263,0.286,502,0.03873714285714286,0,,0.0,0.0,0.0,0.0,7435.5765742758995,6370.518201682024,2103.7706883032743,716.4376949059823,20,0.0,
norauto,GBM,2,1.0,clip,50.0,1,2000,1000,1.140094619020263,0.286,502,0.03873714285714286,1,,0.0,0.0,0.0,3.05236506631736e-16,7435.5765742758995,6370.518201682024,2103.747261169378,761.7364517898658,20,2.3,
norauto,GBM,2,1.0,clip,200.0,1,2000,1000,1.140094619020263,0.286,502,0.03873714285714286,0,,0.0,0.0,0.0,0.0,7435.5765742758995,6370.518201682024,2103.7706883032743,716.4376949059823,20,2.9,
norauto,GBM,2,1.0,log,0.0,1,2000,1000,1.140094619020263,0.286,502,0.03873714285714286,0,,-0.0016389878167515208,0.008250717982016553,0.03168722216916702,-0.005014750376392872,7420.094493232236,6373.936777351928,2008.1976712638,668.8736857512431,16,2.6,
norauto,GBM,2,1.0,tail_log,50.0,1,2000,1000,1.140094619020263,0.286,502,0.03873714285714286,1,,0.0,0.0,0.0,0.0,7435.5765742758995,6370.518201682024,2103.7706226418095,716.4360121445544,20,2.5,
norauto,GBM,2,1.0,evt_trim,0.0,1,2000,1000,1.140094619020263,0.286,502,0.03873714285714286,0,,0.0,0.0,0.0,0.0,7435.5765742758995,6370.518201682024,2103.7706883032743,716.4376949059823,20,2.8,
norauto,GBM,2,100.0,raw,0.0,1,2000,1000,2.1552518320058334,0.286,1,3.8737142857142857,0,False,0.0,0.008647511055279992,0.00692875027723064,0.1441460716372857,7435.5765742758995,6359.220821895891,1977.9999236071505,1093.8159423857203,21,2.0,
norauto,GBM,2,100.0,clip,50.0,1,2000,1000,2.1552518320058334,0.286,1,3.8737142857142857,2,True,0.0,0.008647511055279992,0.00692875027723064,0.09490459370742987,7435.5765742758995,6359.220821895891,1977.9999236071505,749.148064608276,21,1.8,
norauto,GBM,2,100.0,clip,200.0,1,2000,1000,2.1552518320058334,0.286,1,3.8737142857142857,0,False,0.0,0.008647511055279992,0.00692875027723064,0.1441460716372857,7435.5765742758995,6359.220821895891,1977.9999236071505,1093.8159423857203,21,2.0,
norauto,GBM,2,100.0,log,0.0,1,2000,1000,2.1552518320058334,0.286,1,3.8737142857142857,0,True,-0.0016389878167515208,0.014159643427435942,0.008412706037548167,0.13766650292483262,7420.094493232236,6369.567519803187,1984.8738623598692,1057.093104930096,21,2.5,
norauto,GBM,2,100.0,tail_log,50.0,1,2000,1000,2.1552518320058334,0.286,1,3.8737142857142857,2,True,0.0,0.008647511055279992,0.00692875027723064,0.14414607163728557,7435.5765742758995,6359.220821895891,1977.9999236071505,1066.5635939231297,21,1.8,
norauto,GBM,2,100.0,evt_trim,0.0,1,2000,1000,2.1552518320058334,0.286,1,3.8737142857142857,0,False,0.0,0.008647511055279992,0.00692875027723064,0.1441460716372857,7435.5765742758995,6359.220821895891,1977.9999236071505,1093.8159423857203,21,2.7,
norauto,TabPFN-V3,3,1.0,raw,0.0,1,2000,1000,1.18002312948043,0.3255,601,0.03402,0,,0.0,0.0,0.0,0.0,7131.634606933594,5876.6313578125,1421.122065390626,204.68005592187518,15,0.0,
norauto,TabPFN-V3,3,1.0,clip,50.0,1,2000,1000,1.18002312948043,0.3255,601,0.03402,0,,0.0,0.0,0.0,0.0,7131.634606933594,5876.6313578125,1421.122065390626,204.68005592187518,15,6.7,
norauto,TabPFN-V3,3,1.0,clip,200.0,1,2000,1000,1.18002312948043,0.3255,601,0.03402,0,,0.0,0.0,0.0,0.0,7131.634606933594,5876.6313578125,1421.122065390626,204.68005592187518,15,7.0,
norauto,TabPFN-V3,3,1.0,log,0.0,1,2000,1000,1.18002312948043,0.3255,601,0.03402,0,,0.06455469701209023,0.05506807870713134,-0.007855916299262865,0.3125134673094171,7097.057704832837,5839.261071398608,1429.2972227788637,270.1440680983782,15,7.0,
norauto,TabPFN-V3,3,1.0,tail_log,50.0,1,2000,1000,1.18002312948043,0.3255,601,0.03402,0,,0.0,0.0,0.0,0.0,7131.634606933594,5876.6313578125,1421.122065390626,204.68005592187518,15,7.7,
norauto,TabPFN-V3,3,1.0,evt_trim,0.0,1,2000,1000,1.18002312948043,0.3255,601,0.03402,0,,0.0,0.0,0.0,0.0,7131.634606933594,5876.6313578125,1421.122065390626,204.68005592187518,15,7.0,
norauto,TabPFN-V3,3,100.0,raw,0.0,1,2000,1000,2.1019894286168324,0.3255,1,3.402,0,False,0.004530637861947846,-0.003653317690744887,-0.009378495497909726,0.43361437617482124,7127.223155761719,5878.81529609375,1431.516235859376,300.3182337500003,15,5.6,
norauto,TabPFN-V3,3,100.0,clip,50.0,1,2000,1000,2.1019894286168324,0.3255,1,3.402,1,True,0.001411748945024484,-0.0027616461524973684,0.019709465885899405,0.12156983854671098,7130.041397460937,5880.207712109374,1409.0515358593757,227.2318734531252,14,5.0,
norauto,TabPFN-V3,3,100.0,clip,200.0,1,2000,1000,2.1019894286168324,0.3255,1,3.402,0,False,0.004530637861947846,-0.003653317690744887,-0.009378495497909726,0.43361437617482124,7127.223155761719,5878.81529609375,1431.516235859376,300.3182337500003,15,5.2,
norauto,TabPFN-V3,3,100.0,log,0.0,1,2000,1000,2.1019894286168324,0.3255,1,3.402,0,True,0.06525827523931221,0.05435096317087164,0.007451148274945811,0.5952535727228253,7096.448367271048,5840.064954318097,1415.8988105579372,336.32840765669516,14,5.6,
norauto,TabPFN-V3,3,100.0,tail_log,50.0,1,2000,1000,2.1019894286168324,0.3255,1,3.402,1,True,0.0022654866866263805,-0.020310047662123465,0.01404578637598433,0.36231827784844167,7129.686975585938,5897.557065625,1417.1951759375008,284.6447308750002,15,6.9,
norauto,TabPFN-V3,3,100.0,evt_trim,0.0,1,2000,1000,2.1019894286168324,0.3255,1,3.402,0,False,0.004530637861947846,-0.003653317690744887,-0.009378495497909726,0.43361437617482124,7127.223155761719,5878.81529609375,1431.516235859376,300.3182337500003,15,6.6,
norauto,TabICLv2,3,1.0,raw,0.0,1,2000,1000,1.18002312948043,0.3255,601,0.03402,0,,0.0,0.0,0.0,0.0,7136.2347080078125,5832.395908984374,1389.193208750001,206.66955640625017,5,0.0,
norauto,TabICLv2,3,1.0,clip,50.0,1,2000,1000,1.18002312948043,0.3255,601,0.03402,0,,0.0,0.0,0.0,0.0,7136.2347080078125,5832.395908984374,1389.193208750001,206.66955640625017,5,3.5,
norauto,TabICLv2,3,1.0,clip,200.0,1,2000,1000,1.18002312948043,0.3255,601,0.03402,0,,0.0,0.0,0.0,0.0,7136.2347080078125,5832.395908984374,1389.193208750001,206.66955640625017,5,4.0,
norauto,TabICLv2,3,1.0,log,0.0,1,2000,1000,1.18002312948043,0.3255,601,0.03402,0,,0.05250777557722411,-0.033732798331194,-0.10142143747472981,0.48966474215912126,7106.177743644966,5828.310662674723,1394.1869510061713,278.7140051656229,8,3.7,
norauto,TabICLv2,3,1.0,tail_log,50.0,1,2000,1000,1.18002312948043,0.3255,601,0.03402,0,,0.0,0.0,0.0,0.0,7136.2347080078125,5832.395908984374,1389.193208750001,206.66955640625017,5,3.9,
norauto,TabICLv2,3,1.0,evt_trim,0.0,1,2000,1000,1.18002312948043,0.3255,601,0.03402,0,,0.0,0.0,0.0,0.0,7136.2347080078125,5832.395908984374,1389.193208750001,206.66955640625017,5,4.0,
norauto,TabICLv2,3,100.0,raw,0.0,1,2000,1000,2.1019894286168324,0.3255,1,3.402,0,False,0.06318990477045917,-0.011272729700230938,0.14835185297821923,0.3494028526878833,7102.1392807617185,5849.896407421874,1624.1735765625015,264.5546098593752,2,4.3,
norauto,TabICLv2,3,100.0,clip,50.0,1,2000,1000,2.1019894286168324,0.3255,1,3.402,1,True,0.024041093942334342,-0.009549441782578074,0.05455948456481585,0.08860395571071368,7121.009200683594,5839.716565624999,1434.525794843751,201.19069865625016,2,3.6,
norauto,TabICLv2,3,100.0,clip,200.0,1,2000,1000,2.1019894286168324,0.3255,1,3.402,0,False,0.06318990477045917,-0.011272729700230938,0.14835185297821923,0.3494028526878833,7102.1392807617185,5849.896407421874,1624.1735765625015,264.5546098593752,2,2.8,
norauto,TabICLv2,3,100.0,log,0.0,1,2000,1000,2.1019894286168324,0.3255,1,3.402,0,True,0.05043146193926038,-0.03493063623239537,-0.08378618166048177,0.5661211432647252,7108.278473504908,5829.420286057475,1400.0536458983486,295.42347146596666,8,2.9,
norauto,TabICLv2,3,100.0,tail_log,50.0,1,2000,1000,2.1019894286168324,0.3255,1,3.402,1,True,0.04743947199363866,-0.012732049703342902,0.19620062151550155,0.3315639199782766,7109.058032226562,5844.3509578124995,1634.4108848437513,253.54276078125022,2,3.1,
norauto,TabICLv2,3,100.0,evt_trim,0.0,1,2000,1000,2.1019894286168324,0.3255,1,3.402,0,False,0.06318990477045917,-0.011272729700230938,0.14835185297821923,0.3494028526878833,7102.1392807617185,5849.896407421874,1624.1735765625015,264.5546098593752,2,3.0,
norauto,GBM,3,1.0,raw,0.0,1,2000,1000,1.18002312948043,0.3255,601,0.03402,0,,0.0,0.0,0.0,0.0,7123.547094362516,5854.983999865241,1373.1315612321403,270.4846835530605,9,0.0,
norauto,GBM,3,1.0,clip,50.0,1,2000,1000,1.18002312948043,0.3255,601,0.03402,0,,0.0,0.0,0.0,0.0,7123.547094362516,5854.983999865241,1373.1315612321403,270.4846835530605,9,2.6,
norauto,GBM,3,1.0,clip,200.0,1,2000,1000,1.18002312948043,0.3255,601,0.03402,0,,0.0,0.0,0.0,0.0,7123.547094362516,5854.983999865241,1373.1315612321403,270.4846835530605,9,2.8,
norauto,GBM,3,1.0,log,0.0,1,2000,1000,1.18002312948043,0.3255,601,0.03402,0,,0.00219838249771558,-0.004266261751414972,0.008023315673663942,-0.0077886687046194595,7098.154242305016,5918.222507346683,1408.4895563264063,265.9379699858774,10,3.0,
norauto,GBM,3,1.0,tail_log,50.0,1,2000,1000,1.18002312948043,0.3255,601,0.03402,0,,0.0,0.0,0.0,0.0,7123.547094362516,5854.983999865241,1373.1315612321403,270.4846835530605,9,2.7,
norauto,GBM,3,1.0,evt_trim,0.0,1,2000,1000,1.18002312948043,0.3255,601,0.03402,0,,0.0,0.0,0.0,0.0,7123.547094362516,5854.983999865241,1373.1315612321403,270.4846835530605,9,2.3,
norauto,GBM,3,100.0,raw,0.0,1,2000,1000,2.1019894286168324,0.3255,1,3.402,0,False,0.0,-0.0025002749746131964,0.003858990083223034,0.037962894490909116,7123.547094362516,5843.449635539366,1385.2245400138208,384.0418447652959,10,2.6,
norauto,GBM,3,100.0,clip,50.0,1,2000,1000,2.1019894286168324,0.3255,1,3.402,1,True,0.0,-0.0025002749746131964,0.012708662815281574,0.037962894490909116,7123.547094362516,5843.449635539366,1294.4627969965497,237.52716372452892,10,2.6,
norauto,GBM,3,100.0,clip,200.0,1,2000,1000,2.1019894286168324,0.3255,1,3.402,0,False,0.0,-0.0025002749746131964,0.003858990083223034,0.037962894490909116,7123.547094362516,5843.449635539366,1385.2245400138208,384.0418447652959,10,2.8,
norauto,GBM,3,100.0,log,0.0,1,2000,1000,2.1019894286168324,0.3255,1,3.402,0,True,0.00219838249771558,-0.009324491883406656,0.015125509954989513,0.037962894436240895,7098.154242305016,5867.65261442189,1284.3535391765479,364.22267818446215,8,2.6,
norauto,GBM,3,100.0,tail_log,50.0,1,2000,1000,2.1019894286168324,0.3255,1,3.402,1,True,0.0,-0.0025002749746131964,0.003858990083223034,0.037962894490909116,7123.547094362516,5843.449635539366,1351.63360594863,372.3776422953831,10,2.9,
norauto,GBM,3,100.0,evt_trim,0.0,1,2000,1000,2.1019894286168324,0.3255,1,3.402,0,False,0.0,-0.0025002749746131964,0.003858990083223034,0.037962894490909116,7123.547094362516,5843.449635539366,1385.2245400138208,384.0418447652959,10,2.8,
norauto,TabPFN-V3,4,1.0,raw,0.0,1,2000,1000,1.0713948536918907,0.34,144,0.12026430765237704,0,,0.0,0.0,0.0,0.0,8389.292116210938,7731.153226171876,2082.537790546876,693.8248875312502,17,0.0,
norauto,TabPFN-V3,4,1.0,clip,50.0,1,2000,1000,1.0713948536918907,0.34,144,0.12026430765237704,0,,0.0,0.0,0.0,0.0,8389.292116210938,7731.153226171876,2082.537790546876,693.8248875312502,17,5.9,
norauto,TabPFN-V3,4,1.0,clip,200.0,1,2000,1000,1.0713948536918907,0.34,144,0.12026430765237704,0,,0.0,0.0,0.0,0.0,8389.292116210938,7731.153226171876,2082.537790546876,693.8248875312502,17,5.3,
norauto,TabPFN-V3,4,1.0,log,0.0,1,2000,1000,1.0713948536918907,0.34,144,0.12026430765237704,0,,0.06410251359388401,0.05693371673384614,-0.00892582960613116,0.45980649115668043,8354.138709397515,7612.077227733506,2079.050361545679,663.1356764798006,17,4.9,
norauto,TabPFN-V3,4,1.0,tail_log,50.0,1,2000,1000,1.0713948536918907,0.34,144,0.12026430765237704,0,,0.0,0.0,0.0,0.0,8389.292116210938,7731.153226171876,2082.537790546876,693.8248875312502,17,6.0,
norauto,TabPFN-V3,4,1.0,evt_trim,0.0,1,2000,1000,1.0713948536918907,0.34,144,0.12026430765237704,0,,0.0,0.0,0.0,0.0,8389.292116210938,7731.153226171876,2082.537790546876,693.8248875312502,17,6.7,
norauto,TabPFN-V3,4,100.0,raw,0.0,1,2000,1000,4.637548186387296,0.34,1,12.026430765237704,0,False,-0.018208494243229338,-0.02714669410821448,-0.05478313366066274,0.13188074851255396,8405.4415,7797.124487109376,2139.0787502343755,698.1265858125003,22,6.8,
norauto,TabPFN-V3,4,100.0,clip,50.0,1,2000,1000,4.637548186387296,0.34,1,12.026430765237704,1,True,-0.004789134051364679,-0.003918014022889366,0.007522346117182469,0.12749218286500483,8392.604164550781,7740.0585929687495,2084.0503927343757,670.3515099687502,16,6.8,
norauto,TabPFN-V3,4,100.0,clip,200.0,1,2000,1000,4.637548186387296,0.34,1,12.026430765237704,1,True,-0.0057422146230062,0.0032786076630756575,-0.030387111784385714,0.446940830472154,8392.2200859375,7726.1045390624995,2114.3074145312507,681.5222352812502,19,6.7,
norauto,TabPFN-V3,4,100.0,log,0.0,1,2000,1000,4.637548186387296,0.34,1,12.026430765237704,0,True,0.06404934943050142,0.05487189898697943,2.29239541131238e-05,0.6086161425800718,8354.006588625633,7615.84150333226,2077.389352499764,677.5373313950053,17,6.8,
norauto,TabPFN-V3,4,100.0,tail_log,50.0,1,2000,1000,4.637548186387296,0.34,1,12.026430765237704,1,True,0.007129465219032353,-0.011187513461446245,0.002403651732249633,0.5140010913187305,8380.571079101563,7756.717571484375,2083.935416093751,672.0412866070452,17,7.2,
norauto,TabPFN-V3,4,100.0,evt_trim,0.0,1,2000,1000,4.637548186387296,0.34,1,12.026430765237704,0,False,-0.018208494243229338,-0.02714669410821448,-0.05478313366066274,0.13188074851255396,8405.4415,7797.124487109376,2139.0787502343755,698.1265858125003,22,6.0,
norauto,TabICLv2,4,1.0,raw,0.0,1,2000,1000,1.0713948536918907,0.34,144,0.12026430765237704,0,,0.0,0.0,0.0,0.0,8387.121875488281,7458.61016328125,2060.893406718751,719.2115184843752,10,0.0,
norauto,TabICLv2,4,1.0,clip,50.0,1,2000,1000,1.0713948536918907,0.34,144,0.12026430765237704,0,,0.0,0.0,0.0,0.0,8387.121875488281,7458.61016328125,2060.893406718751,719.2115184843752,10,2.9,
norauto,TabICLv2,4,1.0,clip,200.0,1,2000,1000,1.0713948536918907,0.34,144,0.12026430765237704,0,,0.0,0.0,0.0,0.0,8387.121875488281,7458.61016328125,2060.893406718751,719.2115184843752,10,3.0,
norauto,TabICLv2,4,1.0,log,0.0,1,2000,1000,1.0713948536918907,0.34,144,0.12026430765237704,0,,0.04031678921737321,-0.05582110314506808,-0.11468621441620165,0.4312536496178812,8368.601867043784,7544.015329799434,2094.78864343024,646.3045628181574,15,2.9,
norauto,TabICLv2,4,1.0,tail_log,50.0,1,2000,1000,1.0713948536918907,0.34,144,0.12026430765237704,0,,0.0,0.0,0.0,0.0,8387.121875488281,7458.61016328125,2060.893406718751,719.2115184843752,10,3.6,
norauto,TabICLv2,4,1.0,evt_trim,0.0,1,2000,1000,1.0713948536918907,0.34,144,0.12026430765237704,0,,0.0,0.0,0.0,0.0,8387.121875488281,7458.61016328125,2060.893406718751,719.2115184843752,10,3.9,
norauto,TabICLv2,4,100.0,raw,0.0,1,2000,1000,4.637548186387296,0.34,1,12.026430765237704,0,False,0.052496857391371915,-0.0033535668881412833,-0.09061537086753603,0.10213897184100296,8369.7170078125,7511.49658203125,2241.296158593751,690.0918795937501,14,3.9,
norauto,TabICLv2,4,100.0,clip,50.0,1,2000,1000,4.637548186387296,0.34,1,12.026430765237704,1,True,0.0070562808850009335,0.0019632934416819996,0.10404949959575915,0.12371046789730544,8378.558444335937,7465.39502734375,2102.0171493750013,689.8819655625002,7,4.3,
norauto,TabICLv2,4,100.0,clip,200.0,1,2000,1000,4.637548186387296,0.34,1,12.026430765237704,1,True,0.06035431659147359,0.0032492962514293062,0.23288490730869063,0.45247395141780555,8360.392439453124,7521.161437499999,2295.8391396875013,644.8729535937503,8,3.9,
norauto,TabICLv2,4,100.0,log,0.0,1,2000,1000,4.637548186387296,0.34,1,12.026430765237704,0,True,0.04532766680794738,-0.050494282095329385,-0.07402803000248777,0.5831811839940757,8367.30406181957,7545.203660248797,2089.4877177105745,636.00845001838,14,4.3,
norauto,TabICLv2,4,100.0,tail_log,50.0,1,2000,1000,4.637548186387296,0.34,1,12.026430765237704,1,True,0.0500423052620809,-0.0014374496753682717,0.27305191764055314,0.45876875795899563,8360.397428222655,7514.539032031249,2277.6345159375014,643.1770568750003,6,3.8,
norauto,TabICLv2,4,100.0,evt_trim,0.0,1,2000,1000,4.637548186387296,0.34,1,12.026430765237704,0,False,0.052496857391371915,-0.0033535668881412833,-0.09061537086753603,0.10213897184100296,8369.7170078125,7511.49658203125,2241.296158593751,690.0918795937501,14,4.0,
norauto,GBM,4,1.0,raw,0.0,1,2000,1000,1.0713948536918907,0.34,144,0.12026430765237704,0,,0.0,0.0,0.0,0.0,8398.651052678228,7698.274051010703,2278.0328675454907,664.7108444681314,20,0.0,
norauto,GBM,4,1.0,clip,50.0,1,2000,1000,1.0713948536918907,0.34,144,0.12026430765237704,0,,0.0,0.0,0.0,0.0,8398.651052678228,7698.274051010703,2278.0328675454907,664.7108444681314,20,3.1,
norauto,GBM,4,1.0,clip,200.0,1,2000,1000,1.0713948536918907,0.34,144,0.12026430765237704,0,,0.0,0.0,0.0,0.0,8398.651052678228,7698.274051010703,2278.0328675454907,664.7108444681314,20,2.9,
norauto,GBM,4,1.0,log,0.0,1,2000,1000,1.0713948536918907,0.34,144,0.12026430765237704,0,,0.007551508643434676,0.005672678984671238,0.002123866280998813,-0.02503979678571237,8385.89986150307,7774.324420254951,2217.261784861745,660.0442009455577,19,2.6,
norauto,GBM,4,1.0,tail_log,50.0,1,2000,1000,1.0713948536918907,0.34,144,0.12026430765237704,0,,0.0,0.0,0.0,0.0,8398.651052678228,7698.274051010703,2278.0328675454907,664.7108444681314,20,2.9,
norauto,GBM,4,1.0,evt_trim,0.0,1,2000,1000,1.0713948536918907,0.34,144,0.12026430765237704,0,,0.0,0.0,0.0,0.0,8398.651052678228,7698.274051010703,2278.0328675454907,664.7108444681314,20,3.7,
norauto,GBM,4,100.0,raw,0.0,1,2000,1000,4.637548186387296,0.34,1,12.026430765237704,0,False,0.0,0.0,0.02837160208248332,4.72932350273251e-12,8398.651052678228,7698.274051010703,2601.386990444971,743.5423729329201,20,3.2,
norauto,GBM,4,100.0,clip,50.0,1,2000,1000,4.637548186387296,0.34,1,12.026430765237704,1,True,0.0,0.0,0.02837160208248332,4.72932350273251e-12,8398.651052678228,7698.274051010703,2194.0472638753276,738.6780011672638,19,1.9,
norauto,GBM,4,100.0,clip,200.0,1,2000,1000,4.637548186387296,0.34,1,12.026430765237704,1,True,0.0,0.0,0.02837160208248332,4.72932350273251e-12,8398.651052678228,7698.274051010703,2377.6617561262146,740.7167613585608,20,3.6,
norauto,GBM,4,100.0,log,0.0,1,2000,1000,4.637548186387296,0.34,1,12.026430765237704,0,True,0.007551508643434676,0.0012037966562437577,0.027298769392412547,1.0777665627278948e-11,8385.89986150307,7722.283408067726,2284.4103040334844,736.2387495008905,19,2.6,
norauto,GBM,4,100.0,tail_log,50.0,1,2000,1000,4.637548186387296,0.34,1,12.026430765237704,1,True,0.0,0.0,0.02837160208248332,4.72932350273251e-12,8398.651052678228,7698.274051010703,2374.353876300939,741.2220139195999,20,2.4,
norauto,GBM,4,100.0,evt_trim,0.0,1,2000,1000,4.637548186387296,0.34,1,12.026430765237704,0,False,0.0,0.0,0.02837160208248332,4.72932350273251e-12,8398.651052678228,7698.274051010703,2601.386990444971,743.5423729329201,20,3.3,
norauto,TabPFN-V3,5,1.0,raw,0.0,1,2000,1000,1.0208563732823832,0.393,27,0.49480858502935304,0,,0.0,0.0,0.0,0.0,7087.068187988281,6245.072262109375,1644.460492812501,449.2310071093752,12,0.0,
norauto,TabPFN-V3,5,1.0,clip,50.0,1,2000,1000,1.0208563732823832,0.393,27,0.49480858502935304,0,,0.0,0.0,0.0,0.0,7087.068187988281,6245.072262109375,1644.460492812501,449.2310071093752,12,6.7,
norauto,TabPFN-V3,5,1.0,clip,200.0,1,2000,1000,1.0208563732823832,0.393,27,0.49480858502935304,0,,0.0,0.0,0.0,0.0,7087.068187988281,6245.072262109375,1644.460492812501,449.2310071093752,12,6.7,
norauto,TabPFN-V3,5,1.0,log,0.0,1,2000,1000,1.0208563732823832,0.393,27,0.49480858502935304,0,,0.0695693651376608,0.0629716573553751,-0.020021814877220677,0.3068615297753172,7063.725041332405,6216.110693760136,1633.1417927123523,458.0532060679042,11,6.9,
norauto,TabPFN-V3,5,1.0,tail_log,50.0,1,2000,1000,1.0208563732823832,0.393,27,0.49480858502935304,0,,0.0,0.0,0.0,0.0,7087.068187988281,6245.072262109375,1644.460492812501,449.2310071093752,12,7.0,
norauto,TabPFN-V3,5,1.0,evt_trim,0.0,1,2000,1000,1.0208563732823832,0.393,27,0.49480858502935304,0,,0.0,0.0,0.0,0.0,7087.068187988281,6245.072262109375,1644.460492812501,449.2310071093752,12,7.2,
norauto,TabPFN-V3,5,100.0,raw,0.0,1,2000,1000,11.085521645515893,0.393,1,49.480858502935305,0,False,0.015918940217217396,0.0010426988175912164,-0.08754232410823673,0.10306791387899913,7102.806105957031,6237.472267578125,1681.6154921875009,456.06966896875014,15,5.4,
norauto,TabPFN-V3,5,100.0,clip,50.0,1,2000,1000,11.085521645515893,0.393,1,49.480858502935305,1,True,-0.00693593224448673,-0.00567064000151874,0.013609588533286584,0.09895593997787344,7090.458919921875,6243.000786328124,1648.003882734376,454.7416588125002,11,5.2,
norauto,TabPFN-V3,5,100.0,clip,200.0,1,2000,1000,11.085521645515893,0.393,1,49.480858502935305,1,True,-0.014368829452412057,-0.0026302016374552986,-0.03903976054370908,0.19593430596200545,7098.612942382812,6241.0645925781255,1658.909581953126,476.6936318750002,13,5.2,
norauto,TabPFN-V3,5,100.0,log,0.0,1,2000,1000,11.085521645515893,0.393,1,49.480858502935305,0,True,0.06893423241931268,0.061365851451672934,-0.015973955378390095,0.4089320510664405,7063.26897768198,6215.743780690217,1631.56598624963,541.9261766851399,11,6.9,
norauto,TabPFN-V3,5,100.0,tail_log,50.0,1,2000,1000,11.085521645515893,0.393,1,49.480858502935305,1,True,-0.011608331740862775,0.0004053806031685149,-0.034203165287286466,0.22529215964700375,7096.184875,6240.803194921876,1657.9560079687508,477.1533071250002,13,6.8,
norauto,TabPFN-V3,5,100.0,evt_trim,0.0,1,2000,1000,11.085521645515893,0.393,1,49.480858502935305,1,True,-0.001744977433698273,-0.0010024331743941958,0.004224211237946623,0.02842471790725292,7088.020120117188,6245.68899453125,1644.2240782812507,452.9272285468752,11,6.6,
norauto,TabICLv2,5,1.0,raw,0.0,1,2000,1000,1.0208563732823832,0.393,27,0.49480858502935304,0,,0.0,0.0,0.0,0.0,7111.476099121094,6281.639856249999,1652.2563303125007,474.6263954531251,10,0.0,
norauto,TabICLv2,5,1.0,clip,50.0,1,2000,1000,1.0208563732823832,0.393,27,0.49480858502935304,0,,0.0,0.0,0.0,0.0,7111.476099121094,6281.639856249999,1652.2563303125007,474.6263954531251,10,3.8,
norauto,TabICLv2,5,1.0,clip,200.0,1,2000,1000,1.0208563732823832,0.393,27,0.49480858502935304,0,,0.0,0.0,0.0,0.0,7111.476099121094,6281.639856249999,1652.2563303125007,474.6263954531251,10,3.6,
norauto,TabICLv2,5,1.0,log,0.0,1,2000,1000,1.0208563732823832,0.393,27,0.49480858502935304,0,,-0.0064965681814913735,-0.026050960786343863,0.012086774565808775,0.5328171161892283,7139.792754300744,6316.229712598212,1678.1135876754247,442.3700040839772,11,3.8,
norauto,TabICLv2,5,1.0,tail_log,50.0,1,2000,1000,1.0208563732823832,0.393,27,0.49480858502935304,0,,0.0,0.0,0.0,0.0,7111.476099121094,6281.639856249999,1652.2563303125007,474.6263954531251,10,3.7,
norauto,TabICLv2,5,1.0,evt_trim,0.0,1,2000,1000,1.0208563732823832,0.393,27,0.49480858502935304,0,,0.0,0.0,0.0,0.0,7111.476099121094,6281.639856249999,1652.2563303125007,474.6263954531251,10,3.7,
norauto,TabICLv2,5,100.0,raw,0.0,1,2000,1000,11.085521645515893,0.393,1,49.480858502935305,0,False,0.01952549001348857,0.12778613717552814,0.03132463030736881,0.2581976926499931,7148.290328125,6302.21496015625,1668.220056093751,455.70101553125016,9,3.7,
norauto,TabICLv2,5,100.0,clip,50.0,1,2000,1000,11.085521645515893,0.393,1,49.480858502935305,1,True,-0.05068970768071901,0.04668104136764276,0.23112095324428883,0.22827991840795664,7121.30690625,6331.869104687499,1733.8605161718763,450.0687661875001,7,3.0,
norauto,TabICLv2,5,100.0,clip,200.0,1,2000,1000,11.085521645515893,0.393,1,49.480858502935305,1,True,0.02151891996023063,0.03875078887613038,0.16576965436586974,0.3185008973750435,7135.604133789063,6271.93175390625,1747.6756032812511,473.26223739062516,8,3.0,
norauto,TabICLv2,5,100.0,log,0.0,1,2000,1000,11.085521645515893,0.393,1,49.480858502935305,0,True,-0.0006328963597791594,-0.022010794924580884,0.030285124152599995,0.6376886749092785,7139.775973074397,6321.830399642139,1698.0742056622032,448.60821067540326,11,3.0,
norauto,TabICLv2,5,100.0,tail_log,50.0,1,2000,1000,11.085521645515893,0.393,1,49.480858502935305,1,True,0.02174348376887516,0.038575906017589603,0.18164548525259416,0.3352156867657088,7133.858493652344,6269.6743125,1750.6507767968762,473.5309104375002,8,2.9,
norauto,TabICLv2,5,100.0,evt_trim,0.0,1,2000,1000,11.085521645515893,0.393,1,49.480858502935305,1,True,-0.00118079376115994,0.006305376471474497,0.016181660364521185,0.018247572031620505,7108.723940429688,6276.6350390625,1656.2391336718758,467.38754045312515,9,3.0,
norauto,GBM,5,1.0,raw,0.0,1,2000,1000,1.0208563732823832,0.393,27,0.49480858502935304,0,,0.0,0.0,0.0,0.0,7139.490593563659,6260.120481167794,1689.8114993133295,478.8431957832145,13,0.0,
norauto,GBM,5,1.0,clip,50.0,1,2000,1000,1.0208563732823832,0.393,27,0.49480858502935304,0,,0.0,0.0,0.0,0.0,7139.490593563659,6260.120481167794,1689.8114993133295,478.8431957832145,13,2.6,
norauto,GBM,5,1.0,clip,200.0,1,2000,1000,1.0208563732823832,0.393,27,0.49480858502935304,0,,0.0,0.0,0.0,0.0,7139.490593563659,6260.120481167794,1689.8114993133295,478.8431957832145,13,2.7,
norauto,GBM,5,1.0,log,0.0,1,2000,1000,1.0208563732823832,0.393,27,0.49480858502935304,0,,-0.0007509683463853426,0.0013387662992698697,-0.0011746794930472299,-3.431409565098542e-11,7163.033268154988,6266.305169396006,1677.5657875778306,478.415257835384,12,2.9,
norauto,GBM,5,1.0,tail_log,50.0,1,2000,1000,1.0208563732823832,0.393,27,0.49480858502935304,0,,0.0,0.0,0.0,0.0,7139.490593563659,6260.120481167794,1689.8114993133295,478.8431957832145,13,2.7,
norauto,GBM,5,1.0,evt_trim,0.0,1,2000,1000,1.0208563732823832,0.393,27,0.49480858502935304,0,,0.0,0.0,0.0,0.0,7139.490593563659,6260.120481167794,1689.8114993133295,478.8431957832145,13,2.7,
norauto,GBM,5,100.0,raw,0.0,1,2000,1000,11.085521645515893,0.393,1,49.480858502935305,0,False,0.0,0.0,-0.028623654794805123,0.021231489242938033,7139.490593563659,6260.120481167794,2213.982712184751,637.777795691874,15,2.5,
norauto,GBM,5,100.0,clip,50.0,1,2000,1000,11.085521645515893,0.393,1,49.480858502935305,1,True,0.0,0.0,-0.040521997872865,0.021231489242938033,7139.490593563659,6260.120481167794,1845.7255657501692,533.237495856383,19,2.9,
norauto,GBM,5,100.0,clip,200.0,1,2000,1000,11.085521645515893,0.393,1,49.480858502935305,1,True,0.0,0.0,-0.029003032832731365,0.021231489242938033,7139.490593563659,6260.120481167794,1856.051191297402,552.8243077996427,16,2.9,
norauto,GBM,5,100.0,log,0.0,1,2000,1000,11.085521645515893,0.393,1,49.480858502935305,0,True,-0.0007509683463853426,0.0013387662992698697,-0.06203568519582101,0.014554370871371663,7163.033268154988,6266.305169396006,1957.7544974721861,620.7080643176839,20,2.8,
norauto,GBM,5,100.0,tail_log,50.0,1,2000,1000,11.085521645515893,0.393,1,49.480858502935305,1,True,0.0,0.0,-0.028830299782042015,0.021231489242938033,7139.490593563659,6260.120481167794,1925.3030930020786,634.4496505904028,16,2.8,
norauto,GBM,5,100.0,evt_trim,0.0,1,2000,1000,11.085521645515893,0.393,1,49.480858502935305,1,True,0.0,0.0,-0.03653104885656264,0.021231489242938033,7139.490593563659,6260.120481167794,1764.3649418770108,528.8087074579579,16,2.5,
norauto,TabPFN-V3,6,1.0,raw,0.0,1,2000,1000,1.1736930899899827,0.335,316,0.05175,0,,0.0,0.0,0.0,0.0,7909.452578125,7331.760183203124,2024.3146546875005,453.7357265625002,19,0.0,
norauto,TabPFN-V3,6,1.0,clip,50.0,1,2000,1000,1.1736930899899827,0.335,316,0.05175,0,,0.0,0.0,0.0,0.0,7909.452578125,7331.760183203124,2024.3146546875005,453.7357265625002,19,5.3,
norauto,TabPFN-V3,6,1.0,clip,200.0,1,2000,1000,1.1736930899899827,0.335,316,0.05175,0,,0.0,0.0,0.0,0.0,7909.452578125,7331.760183203124,2024.3146546875005,453.7357265625002,19,5.3,
norauto,TabPFN-V3,6,1.0,log,0.0,1,2000,1000,1.1736930899899827,0.335,316,0.05175,0,,0.0677205353446846,0.060604293473615574,-0.025455392018393787,0.34686720960832973,7903.5373140760175,7259.969572000806,2043.2967669164073,437.63473999074756,21,5.5,
norauto,TabPFN-V3,6,1.0,tail_log,50.0,1,2000,1000,1.1736930899899827,0.335,316,0.05175,0,,0.0,0.0,0.0,0.0,7909.452578125,7331.760183203124,2024.3146546875005,453.7357265625002,19,7.1,
norauto,TabPFN-V3,6,1.0,evt_trim,0.0,1,2000,1000,1.1736930899899827,0.335,316,0.05175,0,,0.0,0.0,0.0,0.0,7909.452578125,7331.760183203124,2024.3146546875005,453.7357265625002,19,6.9,
norauto,TabPFN-V3,6,100.0,raw,0.0,1,2000,1000,2.9583429054302504,0.335,1,5.175,0,False,-0.00395371758982936,-0.008569324956425258,-0.06156359815524387,0.18699095291701143,7910.827762695312,7343.4528136718745,2096.0009923437506,381.06893153125026,22,7.0,
norauto,TabPFN-V3,6,100.0,clip,50.0,1,2000,1000,2.9583429054302504,0.335,1,5.175,1,True,0.0011062784753576229,-0.002548298182178298,0.01481008054056433,0.09779006713141573,7909.176606445312,7331.898821484375,2002.0623705468759,437.3884725312502,18,6.8,
norauto,TabPFN-V3,6,100.0,clip,200.0,1,2000,1000,2.9583429054302504,0.335,1,5.175,1,True,-0.0020672227084783234,0.002280206216567093,-0.02666223206043958,0.337428449741328,7909.031958984375,7326.302586718749,2047.1832940625006,397.5454419062503,20,7.1,
norauto,TabPFN-V3,6,100.0,log,0.0,1,2000,1000,2.9583429054302504,0.335,1,5.175,0,True,0.06755290222551344,0.06098719610073404,-0.000553390902147436,0.6344750260400224,7903.904979938268,7260.294914995787,2016.293798283102,448.2447296167317,19,7.0,
norauto,TabPFN-V3,6,100.0,tail_log,50.0,1,2000,1000,2.9583429054302504,0.335,1,5.175,1,True,0.006707875226016156,-0.018534251182923237,0.013912832176586353,0.3868839280184291,7908.5410625,7356.125590625,2003.722671484376,436.9217033750003,18,6.1,
norauto,TabPFN-V3,6,100.0,evt_trim,0.0,1,2000,1000,2.9583429054302504,0.335,1,5.175,0,False,-0.00395371758982936,-0.008569324956425258,-0.06156359815524387,0.18699095291701143,7910.827762695312,7343.4528136718745,2096.0009923437506,381.06893153125026,22,5.3,
norauto,TabICLv2,6,1.0,raw,0.0,1,2000,1000,1.1736930899899827,0.335,316,0.05175,0,,0.0,0.0,0.0,0.0,7912.505260742188,7188.651135156249,1908.374601406251,480.83723587500026,9,0.0,
norauto,TabICLv2,6,1.0,clip,50.0,1,2000,1000,1.1736930899899827,0.335,316,0.05175,0,,0.0,0.0,0.0,0.0,7912.505260742188,7188.651135156249,1908.374601406251,480.83723587500026,9,2.9,
norauto,TabICLv2,6,1.0,clip,200.0,1,2000,1000,1.1736930899899827,0.335,316,0.05175,0,,0.0,0.0,0.0,0.0,7912.505260742188,7188.651135156249,1908.374601406251,480.83723587500026,9,2.9,
norauto,TabICLv2,6,1.0,log,0.0,1,2000,1000,1.1736930899899827,0.335,316,0.05175,0,,0.06436001361646684,-0.04803593376071482,-0.14713378479409417,0.5213191728141362,7905.407680459527,7239.088358221342,1933.218462820014,408.14929573821973,13,4.0,
norauto,TabICLv2,6,1.0,tail_log,50.0,1,2000,1000,1.1736930899899827,0.335,316,0.05175,0,,0.0,0.0,0.0,0.0,7912.505260742188,7188.651135156249,1908.374601406251,480.83723587500026,9,4.0,
norauto,TabICLv2,6,1.0,evt_trim,0.0,1,2000,1000,1.1736930899899827,0.335,316,0.05175,0,,0.0,0.0,0.0,0.0,7912.505260742188,7188.651135156249,1908.374601406251,480.83723587500026,9,3.9,
norauto,TabICLv2,6,100.0,raw,0.0,1,2000,1000,2.9583429054302504,0.335,1,5.175,0,False,0.07563383769171109,-0.006962179233805767,-0.039182171657817955,0.15059713560910085,7901.301917480469,7216.103565234374,2071.2339658593764,529.9897238906252,8,3.8,
norauto,TabICLv2,6,100.0,clip,50.0,1,2000,1000,2.9583429054302504,0.335,1,5.175,1,True,0.017671650078445466,-0.004384595535580696,0.0732658665002102,0.1045386415400327,7906.134358398437,7188.79721484375,1943.8834593750012,454.73403948437516,6,4.1,
norauto,TabICLv2,6,100.0,clip,200.0,1,2000,1000,2.9583429054302504,0.335,1,5.175,1,True,0.0784596408011157,-0.01626416292907331,0.01597257917572687,0.20669952463416535,7900.283235839844,7216.72902890625,2088.349929062501,504.7696491093752,8,3.7,
norauto,TabICLv2,6,100.0,log,0.0,1,2000,1000,2.9583429054302504,0.335,1,5.175,0,True,0.06412775167421556,-0.04081428674410788,-0.12496410008335887,0.6208293331872634,7904.84812643863,7231.997345457684,1933.1718986484004,403.25786017564866,12,3.9,
norauto,TabICLv2,6,100.0,tail_log,50.0,1,2000,1000,2.9583429054302504,0.335,1,5.175,1,True,0.07089412960078165,-0.017833463269606435,0.08112361820864886,0.2314235323959295,7895.721305664062,7200.111642578125,2040.4341354687515,469.59425295312525,6,3.7,
norauto,TabICLv2,6,100.0,evt_trim,0.0,1,2000,1000,2.9583429054302504,0.335,1,5.175,0,False,0.07563383769171109,-0.006962179233805767,-0.039182171657817955,0.15059713560910085,7901.301917480469,7216.103565234374,2071.2339658593764,529.9897238906252,8,3.9,
norauto,GBM,6,1.0,raw,0.0,1,2000,1000,1.1736930899899827,0.335,316,0.05175,0,,0.0,0.0,0.0,0.0,7930.340920931513,7471.750036480286,1968.5489109299372,628.2446237074136,19,0.0,
norauto,GBM,6,1.0,clip,50.0,1,2000,1000,1.1736930899899827,0.335,316,0.05175,0,,0.0,0.0,0.0,0.0,7930.340920931513,7471.750036480286,1968.5489109299372,628.2446237074136,19,2.7,
norauto,GBM,6,1.0,clip,200.0,1,2000,1000,1.1736930899899827,0.335,316,0.05175,0,,0.0,0.0,0.0,0.0,7930.340920931513,7471.750036480286,1968.5489109299372,628.2446237074136,19,2.7,
norauto,GBM,6,1.0,log,0.0,1,2000,1000,1.1736930899899827,0.335,316,0.05175,0,,-0.0012913203388138844,-0.005367345852103018,0.00990858909733063,-5.919364357103137e-10,7935.495104615225,7474.514623871358,1955.1221281011938,608.8997655452814,19,2.3,
norauto,GBM,6,1.0,tail_log,50.0,1,2000,1000,1.1736930899899827,0.335,316,0.05175,0,,0.0,0.0,0.0,0.0,7930.340920931513,7471.750036480286,1968.5489109299372,628.2446237074136,19,2.3,
norauto,GBM,6,1.0,evt_trim,0.0,1,2000,1000,1.1736930899899827,0.335,316,0.05175,0,,0.0,0.0,0.0,0.0,7930.340920931513,7471.750036480286,1968.5489109299372,628.2446237074136,19,2.2,
norauto,GBM,6,100.0,raw,0.0,1,2000,1000,2.9583429054302504,0.335,1,5.175,0,False,0.0,0.004907084436712187,0.011106025836874105,0.0883675362273622,7930.340920931513,7397.432282408673,2020.3253240087902,1149.7446815709252,19,2.2,
norauto,GBM,6,100.0,clip,50.0,1,2000,1000,2.9583429054302504,0.335,1,5.175,1,True,0.0,0.004907084436712187,0.011106025836874105,0.0883675362273622,7930.340920931513,7397.432282408673,2020.3253240087902,642.7057072319199,19,2.2,
norauto,GBM,6,100.0,clip,200.0,1,2000,1000,2.9583429054302504,0.335,1,5.175,1,True,0.0,0.004907084436712187,0.011106025836874105,0.0883675362273622,7930.340920931513,7397.432282408673,2020.3253240087902,1005.8236054031461,19,2.2,
norauto,GBM,6,100.0,log,0.0,1,2000,1000,2.9583429054302504,0.335,1,5.175,0,True,-0.0012913203388138844,0.0020411031470473884,-0.002143674435318456,0.08836753620180939,7935.495104615225,7387.262433284321,2041.3444440229355,1091.9073015738425,20,2.3,
norauto,GBM,6,100.0,tail_log,50.0,1,2000,1000,2.9583429054302504,0.335,1,5.175,1,True,0.0,0.004907084436712187,0.011106025836874105,0.0883675362273622,7930.340920931513,7397.432282408673,2020.3253240087902,1105.3090874511274,19,2.7,
norauto,GBM,6,100.0,evt_trim,0.0,1,2000,1000,2.9583429054302504,0.335,1,5.175,0,False,0.0,0.004907084436712187,0.011106025836874105,0.0883675362273622,7930.340920931513,7397.432282408673,2020.3253240087902,1149.7446815709252,19,2.7,
norauto,TabPFN-V3,7,1.0,raw,0.0,1,2000,1000,1.066972442405627,0.3355,324,0.07885755072024916,0,,0.0,0.0,0.0,0.0,8048.5955087890625,7411.157863671875,2091.220120000001,665.0686273125,17,0.0,
norauto,TabPFN-V3,7,1.0,clip,50.0,1,2000,1000,1.066972442405627,0.3355,324,0.07885755072024916,0,,0.0,0.0,0.0,0.0,8048.5955087890625,7411.157863671875,2091.220120000001,665.0686273125,17,6.6,
norauto,TabPFN-V3,7,1.0,clip,200.0,1,2000,1000,1.066972442405627,0.3355,324,0.07885755072024916,0,,0.0,0.0,0.0,0.0,8048.5955087890625,7411.157863671875,2091.220120000001,665.0686273125,17,6.8,
norauto,TabPFN-V3,7,1.0,log,0.0,1,2000,1000,1.066972442405627,0.3355,324,0.07885755072024916,0,,0.061050414187686024,0.05042110368079504,-0.025489467631664625,0.31504927516039377,8018.911387019012,7350.933839101066,2118.308908114132,673.6302202337811,19,6.8,
norauto,TabPFN-V3,7,1.0,tail_log,50.0,1,2000,1000,1.066972442405627,0.3355,324,0.07885755072024916,0,,0.0,0.0,0.0,0.0,8048.5955087890625,7411.157863671875,2091.220120000001,665.0686273125,17,6.6,
norauto,TabPFN-V3,7,1.0,evt_trim,0.0,1,2000,1000,1.066972442405627,0.3355,324,0.07885755072024916,0,,0.0,0.0,0.0,0.0,8048.5955087890625,7411.157863671875,2091.220120000001,665.0686273125,17,6.2,
norauto,TabPFN-V3,7,100.0,raw,0.0,1,2000,1000,3.0491160788724057,0.3355,1,7.885755072024916,0,False,-0.007432254179723014,-0.012903398283580517,-0.06044091869075326,0.3487571573312961,8054.577340820312,7436.3119734375,2161.988568984376,639.2510987187503,20,5.4,
norauto,TabPFN-V3,7,100.0,clip,50.0,1,2000,1000,3.0491160788724057,0.3355,1,7.885755072024916,1,True,-0.005218056000200649,-0.0025385314461914598,0.006334244422255476,0.12783083826139482,8051.918072753906,7415.869502734376,2069.358318906251,654.37592765625,16,5.2,
norauto,TabPFN-V3,7,100.0,clip,200.0,1,2000,1000,3.0491160788724057,0.3355,1,7.885755072024916,1,True,-0.015140139248362227,0.00014006781079198565,-0.028600987934677424,0.46204885524729933,8058.233987304688,7414.664955468749,2115.8618699218755,615.8731933125003,18,5.7,
norauto,TabPFN-V3,7,100.0,log,0.0,1,2000,1000,3.0491160788724057,0.3355,1,7.885755072024916,0,True,0.05973013201731297,0.051023120444073616,0.00338052127981767,0.6614185277857579,8019.168691375094,7348.820899103653,2087.513415232057,683.0518996717387,16,6.5,
norauto,TabPFN-V3,7,100.0,tail_log,50.0,1,2000,1000,3.0491160788724057,0.3355,1,7.885755072024916,1,True,0.00034655738730310993,-0.01392333237739041,0.023095555017839768,0.4758109434540926,8047.840954589844,7433.170200390624,2064.6538842968757,609.4142144687502,15,6.7,
norauto,TabPFN-V3,7,100.0,evt_trim,0.0,1,2000,1000,3.0491160788724057,0.3355,1,7.885755072024916,0,False,-0.007432254179723014,-0.012903398283580517,-0.06044091869075326,0.3487571573312961,8054.577340820312,7436.3119734375,2161.988568984376,639.2510987187503,20,6.7,
norauto,TabICLv2,7,1.0,raw,0.0,1,2000,1000,1.066972442405627,0.3355,324,0.07885755072024916,0,,0.0,0.0,0.0,0.0,8041.718404296875,7245.308490625,2049.839066718751,687.3403480781254,8,0.0,
norauto,TabICLv2,7,1.0,clip,50.0,1,2000,1000,1.066972442405627,0.3355,324,0.07885755072024916,0,,0.0,0.0,0.0,0.0,8041.718404296875,7245.308490625,2049.839066718751,687.3403480781254,8,3.7,
norauto,TabICLv2,7,1.0,clip,200.0,1,2000,1000,1.066972442405627,0.3355,324,0.07885755072024916,0,,0.0,0.0,0.0,0.0,8041.718404296875,7245.308490625,2049.839066718751,687.3403480781254,8,3.9,
norauto,TabICLv2,7,1.0,log,0.0,1,2000,1000,1.066972442405627,0.3355,324,0.07885755072024916,0,,0.05023999665009295,-0.040060447976968304,-0.12252253615719585,0.38367721988430475,8026.874607657701,7269.318124940557,2074.5302479333677,688.5766699445423,13,3.8,
norauto,TabICLv2,7,1.0,tail_log,50.0,1,2000,1000,1.066972442405627,0.3355,324,0.07885755072024916,0,,0.0,0.0,0.0,0.0,8041.718404296875,7245.308490625,2049.839066718751,687.3403480781254,8,3.9,
norauto,TabICLv2,7,1.0,evt_trim,0.0,1,2000,1000,1.066972442405627,0.3355,324,0.07885755072024916,0,,0.0,0.0,0.0,0.0,8041.718404296875,7245.308490625,2049.839066718751,687.3403480781254,8,3.8,
norauto,TabICLv2,7,100.0,raw,0.0,1,2000,1000,3.0491160788724057,0.3355,1,7.885755072024916,0,False,0.07395211627993599,0.00024220021039114638,0.07260539636192134,0.28596588441608184,8014.562686035156,7226.173749609375,2147.8600518750013,680.1392192343753,6,3.1,
norauto,TabICLv2,7,100.0,clip,50.0,1,2000,1000,3.0491160788724057,0.3355,1,7.885755072024916,1,True,-0.0010893889083806222,-0.0030746310700166205,0.11974939481612881,0.13957100493424357,8042.40710546875,7236.348028125,2126.207412343751,692.2988354375002,5,3.1,
norauto,TabICLv2,7,100.0,clip,200.0,1,2000,1000,3.0491160788724057,0.3355,1,7.885755072024916,1,True,0.07076248946126741,-0.003743665191566519,0.21945811625625047,0.4353367859621629,8010.946515625,7227.239882421875,2259.6642326562514,681.0546260000002,5,2.9,
norauto,TabICLv2,7,100.0,log,0.0,1,2000,1000,3.0491160788724057,0.3355,1,7.885755072024916,0,True,0.05118611581736311,-0.037526185676403756,-0.09063714317688429,0.499816760958393,8025.755884087894,7274.091328703495,2063.3796226161326,693.3346704242821,12,3.0,
norauto,TabICLv2,7,100.0,tail_log,50.0,1,2000,1000,3.0491160788724057,0.3355,1,7.885755072024916,1,True,0.050390930110672395,-0.013323847867423492,0.26773420437710194,0.4229941886409624,8018.468729003906,7230.100132031251,2282.2371590625016,691.7421705937502,5,3.0,
norauto,TabICLv2,7,100.0,evt_trim,0.0,1,2000,1000,3.0491160788724057,0.3355,1,7.885755072024916,0,False,0.07395211627993599,0.00024220021039114638,0.07260539636192134,0.28596588441608184,8014.562686035156,7226.173749609375,2147.8600518750013,680.1392192343753,6,3.2,
norauto,GBM,7,1.0,raw,0.0,1,2000,1000,1.066972442405627,0.3355,324,0.07885755072024916,0,,0.0,0.0,0.0,0.0,8082.46989333038,7352.784708365135,2403.1389020141696,662.0899153993533,20,0.0,
norauto,GBM,7,1.0,clip,50.0,1,2000,1000,1.066972442405627,0.3355,324,0.07885755072024916,0,,0.0,0.0,0.0,0.0,8082.46989333038,7352.784708365135,2403.1389020141696,662.0899153993533,20,2.3,
norauto,GBM,7,1.0,clip,200.0,1,2000,1000,1.066972442405627,0.3355,324,0.07885755072024916,0,,0.0,0.0,0.0,0.0,8082.46989333038,7352.784708365135,2403.1389020141696,662.0899153993533,20,2.8,
norauto,GBM,7,1.0,log,0.0,1,2000,1000,1.066972442405627,0.3355,324,0.07885755072024916,0,,0.0023112042914977095,-0.002081709791939779,0.005382629083139582,-2.5861756640642147e-11,8073.618975581996,7388.876668931398,2489.9433749110517,706.3995387430593,22,2.7,
norauto,GBM,7,1.0,tail_log,50.0,1,2000,1000,1.066972442405627,0.3355,324,0.07885755072024916,0,,0.0,0.0,0.0,0.0,8082.46989333038,7352.784708365135,2403.1389020141696,662.0899153993533,20,2.8,
norauto,GBM,7,1.0,evt_trim,0.0,1,2000,1000,1.066972442405627,0.3355,324,0.07885755072024916,0,,0.0,0.0,0.0,0.0,8082.46989333038,7352.784708365135,2403.1389020141696,662.0899153993533,20,2.8,
norauto,GBM,7,100.0,raw,0.0,1,2000,1000,3.0491160788724057,0.3355,1,7.885755072024916,0,False,0.0,0.0024344703583005856,0.01462462809964459,0.02910158597879967,8082.46989333038,7355.626371773273,2707.409202911148,935.2139134200255,17,2.9,
norauto,GBM,7,100.0,clip,50.0,1,2000,1000,3.0491160788724057,0.3355,1,7.885755072024916,1,True,0.0,0.0024344703583005856,0.020540317765181147,0.02910158597879967,8082.46989333038,7355.626371773273,2202.58831777744,724.6931398241531,20,2.4,
norauto,GBM,7,100.0,clip,200.0,1,2000,1000,3.0491160788724057,0.3355,1,7.885755072024916,1,True,0.0,0.0024344703583005856,0.01462462809964459,0.02910158597879967,8082.46989333038,7355.626371773273,2616.7828183883707,873.5320516624697,17,2.5,
norauto,GBM,7,100.0,log,0.0,1,2000,1000,3.0491160788724057,0.3355,1,7.885755072024916,0,True,0.0023112042914977095,0.004762114510268574,0.016821786854361167,0.030512047229481302,8073.618975581996,7382.640680410687,2393.304422876205,907.9291343784745,19,2.8,
norauto,GBM,7,100.0,tail_log,50.0,1,2000,1000,3.0491160788724057,0.3355,1,7.885755072024916,1,True,0.0,0.0024344703583005856,0.01462462809964459,0.02910158597879967,8082.46989333038,7355.626371773273,2528.3431787739146,921.1976095024611,17,2.9,
norauto,GBM,7,100.0,evt_trim,0.0,1,2000,1000,3.0491160788724057,0.3355,1,7.885755072024916,0,False,0.0,0.0024344703583005856,0.01462462809964459,0.02910158597879967,8082.46989333038,7355.626371773273,2707.409202911148,935.2139134200255,17,3.0,
norauto,TabPFN-V3,8,1.0,raw,0.0,1,2000,1000,1.1378553192040508,0.291,336,0.05100428571428572,0,,0.0,0.0,0.0,0.0,7625.02860546875,6107.53683203125,1305.8363477343757,230.32162828125018,6,0.0,
norauto,TabPFN-V3,8,1.0,clip,50.0,1,2000,1000,1.1378553192040508,0.291,336,0.05100428571428572,0,,0.0,0.0,0.0,0.0,7625.02860546875,6107.53683203125,1305.8363477343757,230.32162828125018,6,5.1,
norauto,TabPFN-V3,8,1.0,clip,200.0,1,2000,1000,1.1378553192040508,0.291,336,0.05100428571428572,0,,0.0,0.0,0.0,0.0,7625.02860546875,6107.53683203125,1305.8363477343757,230.32162828125018,6,5.2,
norauto,TabPFN-V3,8,1.0,log,0.0,1,2000,1000,1.1378553192040508,0.291,336,0.05100428571428572,0,,0.06407765904588239,0.06421303007068549,-0.00725543913731699,0.4305308522028287,7592.41999971347,6039.756208003392,1303.6560559775887,340.92343872854315,6,5.2,
norauto,TabPFN-V3,8,1.0,tail_log,50.0,1,2000,1000,1.1378553192040508,0.291,336,0.05100428571428572,0,,0.0,0.0,0.0,0.0,7625.02860546875,6107.53683203125,1305.8363477343757,230.32162828125018,6,7.0,
norauto,TabPFN-V3,8,1.0,evt_trim,0.0,1,2000,1000,1.1378553192040508,0.291,336,0.05100428571428572,0,,0.0,0.0,0.0,0.0,7625.02860546875,6107.53683203125,1305.8363477343757,230.32162828125018,6,7.0,
norauto,TabPFN-V3,8,100.0,raw,0.0,1,2000,1000,2.6961786555154355,0.291,1,5.100428571428571,0,False,-0.027204231138110525,-0.012130936007145779,-0.04960599025945805,0.3374016424315529,7652.18512890625,6125.977345703125,1284.6714517187509,323.1811989687503,9,7.1,
norauto,TabPFN-V3,8,100.0,clip,50.0,1,2000,1000,2.6961786555154355,0.291,1,5.100428571428571,1,True,-0.0006764405127551183,-0.006317265728529919,0.013476169143259178,0.1106170220774675,7624.622357910156,6116.0798374999995,1307.814242500001,261.37990550000023,6,6.9,
norauto,TabPFN-V3,8,100.0,clip,200.0,1,2000,1000,2.6961786555154355,0.291,1,5.100428571428571,1,True,-0.010760767658749063,-0.001313959233040968,-0.028579776619750127,0.41522553748985735,7635.874179199219,6110.130632031249,1289.404365156251,342.1498226250003,7,6.8,
norauto,TabPFN-V3,8,100.0,log,0.0,1,2000,1000,2.6961786555154355,0.291,1,5.100428571428571,0,True,0.06448030394276005,0.06470400583018032,0.01946488402403731,0.7171543710123937,7591.892313905853,6038.75813397591,1316.8829778032916,411.9648791569899,6,6.9,
norauto,TabPFN-V3,8,100.0,tail_log,50.0,1,2000,1000,2.6961786555154355,0.291,1,5.100428571428571,1,True,0.002707809036521446,-0.019105409026532343,0.01145882145659919,0.36244360048473423,7622.356387207031,6131.963462109374,1304.089918828126,333.29008856250033,6,6.4,
norauto,TabPFN-V3,8,100.0,evt_trim,0.0,1,2000,1000,2.6961786555154355,0.291,1,5.100428571428571,0,False,-0.027204231138110525,-0.012130936007145779,-0.04960599025945805,0.3374016424315529,7652.18512890625,6125.977345703125,1284.6714517187509,323.1811989687503,9,5.5,
norauto,TabICLv2,8,1.0,raw,0.0,1,2000,1000,1.1378553192040508,0.291,336,0.05100428571428572,0,,0.0,0.0,0.0,0.0,7638.82006640625,5993.2832414062495,1497.264039843751,208.70697146875017,2,0.0,
norauto,TabICLv2,8,1.0,clip,50.0,1,2000,1000,1.1378553192040508,0.291,336,0.05100428571428572,0,,0.0,0.0,0.0,0.0,7638.82006640625,5993.2832414062495,1497.264039843751,208.70697146875017,2,3.1,
norauto,TabICLv2,8,1.0,clip,200.0,1,2000,1000,1.1378553192040508,0.291,336,0.05100428571428572,0,,0.0,0.0,0.0,0.0,7638.82006640625,5993.2832414062495,1497.264039843751,208.70697146875017,2,3.0,
norauto,TabICLv2,8,1.0,log,0.0,1,2000,1000,1.1378553192040508,0.291,336,0.05100428571428572,0,,0.061276219805939024,-0.030352513958824396,-0.10456499982278544,0.5152355155365405,7604.4709425302235,6017.73894963582,1418.6820406006798,333.9122841366395,5,4.0,
norauto,TabICLv2,8,1.0,tail_log,50.0,1,2000,1000,1.1378553192040508,0.291,336,0.05100428571428572,0,,0.0,0.0,0.0,0.0,7638.82006640625,5993.2832414062495,1497.264039843751,208.70697146875017,2,3.7,
norauto,TabICLv2,8,1.0,evt_trim,0.0,1,2000,1000,1.1378553192040508,0.291,336,0.05100428571428572,0,,0.0,0.0,0.0,0.0,7638.82006640625,5993.2832414062495,1497.264039843751,208.70697146875017,2,3.9,
norauto,TabICLv2,8,100.0,raw,0.0,1,2000,1000,2.6961786555154355,0.291,1,5.100428571428571,0,False,0.06896785709730596,-0.014893451925634554,0.08357612300030368,0.2944355834672199,7587.476286621094,6019.9596324218755,1798.6699807812515,304.99479620312525,1,3.8,
norauto,TabICLv2,8,100.0,clip,50.0,1,2000,1000,2.6961786555154355,0.291,1,5.100428571428571,1,True,0.012054841002332327,0.0021613712455488474,0.06918336808598113,0.09224036483383186,7626.334694824219,5998.973590624999,1604.5507450000014,231.20119223437518,1,4.0,
norauto,TabICLv2,8,100.0,clip,200.0,1,2000,1000,2.6961786555154355,0.291,1,5.100428571428571,1,True,0.06976500872010123,-0.014320723424700983,0.1571850994027146,0.3662961356815471,7587.9978525390625,6009.288669921875,1856.3952162500018,311.2867556250003,1,3.8,
norauto,TabICLv2,8,100.0,log,0.0,1,2000,1000,2.6961786555154355,0.291,1,5.100428571428571,0,True,0.06141158751802456,-0.031198604213652007,-0.06362412593011585,0.6868133575731175,7604.903534433967,6017.40355046737,1452.148543788118,373.6105799973987,2,3.9,
norauto,TabICLv2,8,100.0,tail_log,50.0,1,2000,1000,2.6961786555154355,0.291,1,5.100428571428571,1,True,0.04975594687267341,-0.015612101588672996,0.17989643837987046,0.32276577444835197,7597.637417480469,6008.888562890625,1803.1057032812516,288.63702206250025,1,3.9,
norauto,TabICLv2,8,100.0,evt_trim,0.0,1,2000,1000,2.6961786555154355,0.291,1,5.100428571428571,0,False,0.06896785709730596,-0.014893451925634554,0.08357612300030368,0.2944355834672199,7587.476286621094,6019.9596324218755,1798.6699807812515,304.99479620312525,1,3.7,
norauto,GBM,8,1.0,raw,0.0,1,2000,1000,1.1378553192040508,0.291,336,0.05100428571428572,0,,0.0,0.0,0.0,0.0,7664.703896556888,6001.7735066769665,1322.57228158636,235.77890228888816,9,0.0,
norauto,GBM,8,1.0,clip,50.0,1,2000,1000,1.1378553192040508,0.291,336,0.05100428571428572,0,,0.0,0.0,0.0,0.0,7664.703896556888,6001.7735066769665,1322.57228158636,235.77890228888816,9,2.7,
norauto,GBM,8,1.0,clip,200.0,1,2000,1000,1.1378553192040508,0.291,336,0.05100428571428572,0,,0.0,0.0,0.0,0.0,7664.703896556888,6001.7735066769665,1322.57228158636,235.77890228888816,9,2.6,
norauto,GBM,8,1.0,log,0.0,1,2000,1000,1.1378553192040508,0.291,336,0.05100428571428572,0,,-0.0006496665054078236,0.004514373824147979,0.0038560017248685237,-2.911081844960342e-11,7724.46716603058,5972.153068505223,1286.4224829557934,234.97945714545762,8,2.5,
norauto,GBM,8,1.0,tail_log,50.0,1,2000,1000,1.1378553192040508,0.291,336,0.05100428571428572,0,,0.0,0.0,0.0,0.0,7664.703896556888,6001.7735066769665,1322.57228158636,235.77890228888816,9,1.9,
norauto,GBM,8,1.0,evt_trim,0.0,1,2000,1000,1.1378553192040508,0.291,336,0.05100428571428572,0,,0.0,0.0,0.0,0.0,7664.703896556888,6001.7735066769665,1322.57228158636,235.77890228888816,9,2.0,
norauto,GBM,8,100.0,raw,0.0,1,2000,1000,2.6961786555154355,0.291,1,5.100428571428571,0,False,0.0,0.0019329913801346653,0.031032806748183855,3.289744112648852e-10,7664.703896556888,5999.607017676869,1321.8982514444965,726.6468288571117,6,2.1,
norauto,GBM,8,100.0,clip,50.0,1,2000,1000,2.6961786555154355,0.291,1,5.100428571428571,1,True,0.0,0.0019329913801346653,0.031032806748183855,3.289744112648852e-10,7664.703896556888,5999.607017676869,1321.8982514444965,296.0784361470038,6,1.6,
norauto,GBM,8,100.0,clip,200.0,1,2000,1000,2.6961786555154355,0.291,1,5.100428571428571,1,True,0.0,0.0019329913801346653,0.031032806748183855,3.289744112648852e-10,7664.703896556888,5999.607017676869,1321.8982514444965,626.5865972865233,6,1.8,
norauto,GBM,8,100.0,log,0.0,1,2000,1000,2.6961786555154355,0.291,1,5.100428571428571,0,True,-0.0006496665054078236,0.003206563893349854,0.03844431942930595,2.131907310915257e-10,7724.46716603058,5984.028089162741,1337.4064962539408,614.1226542825646,6,2.1,
norauto,GBM,8,100.0,tail_log,50.0,1,2000,1000,2.6961786555154355,0.291,1,5.100428571428571,1,True,0.0,0.0019329913801346653,0.031032806748183855,3.289744112648852e-10,7664.703896556888,5999.607017676869,1321.8982514444965,683.1166657529394,6,2.7,
norauto,GBM,8,100.0,evt_trim,0.0,1,2000,1000,2.6961786555154355,0.291,1,5.100428571428571,0,False,0.0,0.0019329913801346653,0.031032806748183855,3.289744112648852e-10,7664.703896556888,5999.607017676869,1321.8982514444965,726.6468288571117,6,2.9,
norauto,TabPFN-V3,9,1.0,raw,0.0,1,2000,1000,1.0733234530114801,0.347,193,0.10740796816195873,0,,0.0,0.0,0.0,0.0,7645.230555175781,6486.288120703125,2042.1801982812508,708.1205115312503,12,0.0,
norauto,TabPFN-V3,9,1.0,clip,50.0,1,2000,1000,1.0733234530114801,0.347,193,0.10740796816195873,0,,0.0,0.0,0.0,0.0,7645.230555175781,6486.288120703125,2042.1801982812508,708.1205115312503,12,7.1,
norauto,TabPFN-V3,9,1.0,clip,200.0,1,2000,1000,1.0733234530114801,0.347,193,0.10740796816195873,0,,0.0,0.0,0.0,0.0,7645.230555175781,6486.288120703125,2042.1801982812508,708.1205115312503,12,6.6,
norauto,TabPFN-V3,9,1.0,log,0.0,1,2000,1000,1.0733234530114801,0.347,193,0.10740796816195873,0,,0.06519414384999014,0.062362311187892025,-0.014751917911466503,0.32237386251208855,7613.882965779741,6440.335916967614,2055.6172638381972,670.0458692716735,11,7.1,
norauto,TabPFN-V3,9,1.0,tail_log,50.0,1,2000,1000,1.0733234530114801,0.347,193,0.10740796816195873,0,,0.0,0.0,0.0,0.0,7645.230555175781,6486.288120703125,2042.1801982812508,708.1205115312503,12,7.4,
norauto,TabPFN-V3,9,1.0,evt_trim,0.0,1,2000,1000,1.0733234530114801,0.347,193,0.10740796816195873,0,,0.0,0.0,0.0,0.0,7645.230555175781,6486.288120703125,2042.1801982812508,708.1205115312503,12,6.9,
norauto,TabPFN-V3,9,100.0,raw,0.0,1,2000,1000,4.21344996483823,0.347,1,10.740796816195873,0,False,-0.011164308380356038,-0.023286478246857076,-0.07158549040970424,0.13987844487490467,7655.999931640625,6507.9847714843745,2078.169813046876,678.6035085625001,16,5.3,
norauto,TabPFN-V3,9,100.0,clip,50.0,1,2000,1000,4.21344996483823,0.347,1,10.740796816195873,1,True,-0.010321801784562672,-0.006080303467227202,0.009834754908280344,0.10897034820754488,7652.877117675781,6490.836073437499,2041.121634140626,691.8698747968751,11,5.1,
norauto,TabPFN-V3,9,100.0,clip,200.0,1,2000,1000,4.21344996483823,0.347,1,10.740796816195873,1,True,-0.014857982553268236,-0.0037608729985574426,-0.03423168322701113,0.360239092420101,7658.911263671875,6490.516256640624,2055.656169140626,665.6123813281251,12,5.5,
norauto,TabPFN-V3,9,100.0,log,0.0,1,2000,1000,4.21344996483823,0.347,1,10.740796816195873,0,True,0.06469147214433883,0.059723820741290304,0.009921563994864305,0.5818943453596849,7614.3590607872475,6441.003153937284,2054.609337623622,692.5545090689973,11,7.1,
norauto,TabPFN-V3,9,100.0,tail_log,50.0,1,2000,1000,4.21344996483823,0.347,1,10.740796816195873,1,True,-0.005588372346871831,-0.017775108951130027,0.004962073552331471,0.4233092508543708,7651.259931640625,6508.57342890625,2046.262808906251,640.3059846875003,11,7.1,
norauto,TabPFN-V3,9,100.0,evt_trim,0.0,1,2000,1000,4.21344996483823,0.347,1,10.740796816195873,0,False,-0.011164308380356038,-0.023286478246857076,-0.07158549040970424,0.13987844487490467,7655.999931640625,6507.9847714843745,2078.169813046876,678.6035085625001,16,6.9,
norauto,TabICLv2,9,1.0,raw,0.0,1,2000,1000,1.0733234530114801,0.347,193,0.10740796816195873,0,,0.0,0.0,0.0,0.0,7638.456008789062,6408.033222265624,2063.853041484376,747.9106244687501,8,0.0,
norauto,TabICLv2,9,1.0,clip,50.0,1,2000,1000,1.0733234530114801,0.347,193,0.10740796816195873,0,,0.0,0.0,0.0,0.0,7638.456008789062,6408.033222265624,2063.853041484376,747.9106244687501,8,3.9,
norauto,TabICLv2,9,1.0,clip,200.0,1,2000,1000,1.0733234530114801,0.347,193,0.10740796816195873,0,,0.0,0.0,0.0,0.0,7638.456008789062,6408.033222265624,2063.853041484376,747.9106244687501,8,3.9,
norauto,TabICLv2,9,1.0,log,0.0,1,2000,1000,1.0733234530114801,0.347,193,0.10740796816195873,0,,0.03245358076056948,-0.06233984487006603,-0.08106097157631645,0.50042927496401,7626.286626364723,6419.176734002887,2033.6569544108477,681.0765491316652,10,4.0,
norauto,TabICLv2,9,1.0,tail_log,50.0,1,2000,1000,1.0733234530114801,0.347,193,0.10740796816195873,0,,0.0,0.0,0.0,0.0,7638.456008789062,6408.033222265624,2063.853041484376,747.9106244687501,8,3.9,
norauto,TabICLv2,9,1.0,evt_trim,0.0,1,2000,1000,1.0733234530114801,0.347,193,0.10740796816195873,0,,0.0,0.0,0.0,0.0,7638.456008789062,6408.033222265624,2063.853041484376,747.9106244687501,8,4.0,
norauto,TabICLv2,9,100.0,raw,0.0,1,2000,1000,4.21344996483823,0.347,1,10.740796816195873,0,False,0.05226395658500955,0.008597720714418835,-0.12886843852492222,0.014317046354457826,7615.553028808594,6442.730132421875,2069.0858155468754,666.9997928750001,9,3.6,
norauto,TabICLv2,9,100.0,clip,50.0,1,2000,1000,4.21344996483823,0.347,1,10.740796816195873,1,True,-0.00018593500083260756,-0.003711788043205375,0.12045061172688024,0.1440292469491235,7633.779147460938,6405.359173046876,2148.6948917187515,703.2404369062502,6,2.9,
norauto,TabICLv2,9,100.0,clip,200.0,1,2000,1000,4.21344996483823,0.347,1,10.740796816195873,1,True,0.054698890944612194,0.0018716907348496723,0.16571802572035782,0.37572200463195876,7611.5263100585935,6448.23711796875,2258.3438169531264,637.8866072031252,6,3.0,
norauto,TabICLv2,9,100.0,log,0.0,1,2000,1000,4.21344996483823,0.347,1,10.740796816195873,0,True,0.035902154549720025,-0.05896467424631509,-0.03978913317727548,0.6711943846916135,7624.265614890603,6418.283836835251,2040.1693299081196,682.0425162866784,8,3.1,
norauto,TabICLv2,9,100.0,tail_log,50.0,1,2000,1000,4.21344996483823,0.347,1,10.740796816195873,1,True,0.05077980777615502,-0.00012252626391755523,0.2495166352427755,0.43554431214584,7611.993450195312,6449.633215624999,2281.250467812501,661.6819700625002,5,3.0,
norauto,TabICLv2,9,100.0,evt_trim,0.0,1,2000,1000,4.21344996483823,0.347,1,10.740796816195873,0,False,0.05226395658500955,0.008597720714418835,-0.12886843852492222,0.014317046354457826,7615.553028808594,6442.730132421875,2069.0858155468754,666.9997928750001,9,3.0,
norauto,GBM,9,1.0,raw,0.0,1,2000,1000,1.0733234530114801,0.347,193,0.10740796816195873,0,,0.0,0.0,0.0,0.0,7647.758156715122,6554.48418539228,2187.1338625999683,748.4981477120184,14,0.0,
norauto,GBM,9,1.0,clip,50.0,1,2000,1000,1.0733234530114801,0.347,193,0.10740796816195873,0,,0.0,0.0,0.0,0.0,7647.758156715122,6554.48418539228,2187.1338625999683,748.4981477120184,14,2.8,
norauto,GBM,9,1.0,clip,200.0,1,2000,1000,1.0733234530114801,0.347,193,0.10740796816195873,0,,0.0,0.0,0.0,0.0,7647.758156715122,6554.48418539228,2187.1338625999683,748.4981477120184,14,3.1,
norauto,GBM,9,1.0,log,0.0,1,2000,1000,1.0733234530114801,0.347,193,0.10740796816195873,0,,0.0023497076569405167,0.018809369440421546,-3.416273780344234e-11,-0.02689827838050971,7646.907978042187,6543.007200150686,2179.111048386216,760.215648970319,15,3.2,
norauto,GBM,9,1.0,tail_log,50.0,1,2000,1000,1.0733234530114801,0.347,193,0.10740796816195873,0,,0.0,0.0,0.0,0.0,7647.758156715122,6554.48418539228,2187.1338625999683,748.4981477120184,14,2.8,
norauto,GBM,9,1.0,evt_trim,0.0,1,2000,1000,1.0733234530114801,0.347,193,0.10740796816195873,0,,0.0,0.0,0.0,0.0,7647.758156715122,6554.48418539228,2187.1338625999683,748.4981477120184,14,2.9,
norauto,GBM,9,100.0,raw,0.0,1,2000,1000,4.21344996483823,0.347,1,10.740796816195873,0,False,0.0,0.0,0.002127409933966073,-0.08676528328758977,7647.758156715122,6554.48418539228,2054.82729409291,801.7355964233711,13,3.0,
norauto,GBM,9,100.0,clip,50.0,1,2000,1000,4.21344996483823,0.347,1,10.740796816195873,1,True,0.0,0.0,0.002127409933966073,-0.08676528328758977,7647.758156715122,6554.48418539228,2054.82729409291,763.5682213803763,13,2.5,
norauto,GBM,9,100.0,clip,200.0,1,2000,1000,4.21344996483823,0.347,1,10.740796816195873,1,True,0.0,0.0,0.002127409933966073,-0.08676528328758977,7647.758156715122,6554.48418539228,2054.82729409291,782.7056472513918,13,2.7,
norauto,GBM,9,100.0,log,0.0,1,2000,1000,4.21344996483823,0.347,1,10.740796816195873,0,True,0.0023497076569405167,0.015767699239576948,0.004414881614020819,-0.08676528328814603,7646.907978042187,6530.099807879166,2056.619603879917,769.5598567526687,12,2.9,
norauto,GBM,9,100.0,tail_log,50.0,1,2000,1000,4.21344996483823,0.347,1,10.740796816195873,1,True,0.0,0.0,0.002127409933966073,-0.08676528328758977,7647.758156715122,6554.48418539228,2054.82729409291,775.966086135551,13,2.7,
norauto,GBM,9,100.0,evt_trim,0.0,1,2000,1000,4.21344996483823,0.347,1,10.740796816195873,0,False,0.0,0.0,0.002127409933966073,-0.08676528328758977,7647.758156715122,6554.48418539228,2054.82729409291,801.7355964233711,13,2.7,
AutoClaims,TabPFN-V3,0,1.0,raw,0.0,1,2000,1000,1.0301437608272141,0.268,342,0.09802860721094207,0,,0.0,0.0,0.0,0.0,684.7321845629883,647.1869276464844,200.93767762695322,71.57964919726565,11,0.0,
AutoClaims,TabPFN-V3,0,1.0,clip,50.0,1,2000,1000,1.0301437608272141,0.268,342,0.09802860721094207,0,,0.0,0.0,0.0,0.0,684.7321845629883,647.1869276464844,200.93767762695322,71.57964919726565,11,5.2,
AutoClaims,TabPFN-V3,0,1.0,clip,200.0,1,2000,1000,1.0301437608272141,0.268,342,0.09802860721094207,0,,0.0,0.0,0.0,0.0,684.7321845629883,647.1869276464844,200.93767762695322,71.57964919726565,11,5.3,
AutoClaims,TabPFN-V3,0,1.0,log,0.0,1,2000,1000,1.0301437608272141,0.268,342,0.09802860721094207,0,,0.12688709918025562,0.08035306420755756,0.010397144620917426,0.2203710303406753,683.9948218918278,638.6451824683368,197.72422110135534,61.63134397479867,12,3429.3,
AutoClaims,TabPFN-V3,0,1.0,tail_log,50.0,1,2000,1000,1.0301437608272141,0.268,342,0.09802860721094207,0,,0.0,0.0,0.0,0.0,684.7321845629883,647.1869276464844,200.93767762695322,71.57964919726565,11,21485.8,
AutoClaims,TabPFN-V3,0,1.0,evt_trim,0.0,1,2000,1000,1.0301437608272141,0.268,342,0.09802860721094207,0,,0.0,0.0,0.0,0.0,684.7321845629883,647.1869276464844,200.93767762695322,71.57964919726565,11,7.5,
AutoClaims,TabPFN-V3,0,100.0,raw,0.0,1,2000,1000,2.6959690641336485,0.268,1,9.802860721094207,0,False,-0.005390821539074088,-0.0039675671650346005,-0.06182092268945266,0.2701905424570709,685.1830965087892,649.1914329443358,200.50793978515634,59.320365837890655,15,7.8,
AutoClaims,TabPFN-V3,0,100.0,clip,50.0,1,2000,1000,2.6959690641336485,0.268,1,9.802860721094207,1,True,-0.0035047042950042866,-0.011307161639101707,0.009530808560101398,0.1141553233457335,684.9464578491212,648.8435597021485,201.3185046289063,66.58448513281252,12,8.1,
AutoClaims,TabPFN-V3,0,100.0,clip,200.0,1,2000,1000,2.6959690641336485,0.268,1,9.802860721094207,1,True,0.004031873508993059,0.0018218621738879625,-0.034506846551884254,0.3342306557640986,685.0278100280761,648.2853689746094,199.50368987304694,57.184768558593774,15,11.4,
AutoClaims,TabPFN-V3,0,100.0,log,0.0,1,2000,1000,2.6959690641336485,0.268,1,9.802860721094207,0,True,0.130745459193306,0.07627898406921682,0.03183249983591429,0.3058096794601315,684.0905871068746,639.0936177930163,198.03357759479718,62.65797471593142,10,6.5,
AutoClaims,TabPFN-V3,0,100.0,tail_log,50.0,1,2000,1000,2.6959690641336485,0.268,1,9.802860721094207,1,True,-0.015549962107184092,-0.009502836668582447,0.013268376406041841,0.3322561721709063,685.6909988757324,650.0760912695313,198.40070206054696,56.884985119140666,11,5.8,
AutoClaims,TabPFN-V3,0,100.0,evt_trim,0.0,1,2000,1000,2.6959690641336485,0.268,1,9.802860721094207,0,False,-0.005390821539074088,-0.0039675671650346005,-0.06182092268945266,0.2701905424570709,685.1830965087892,649.1914329443358,200.50793978515634,59.320365837890655,15,4.6,
AutoClaims,TabICLv2,0,1.0,raw,0.0,1,2000,1000,1.0301437608272141,0.268,342,0.09802860721094207,0,,0.0,0.0,0.0,0.0,686.9827784338379,638.6411960742187,208.69082695312514,81.8236041513672,9,0.0,
AutoClaims,TabICLv2,0,1.0,clip,50.0,1,2000,1000,1.0301437608272141,0.268,342,0.09802860721094207,0,,0.0,0.0,0.0,0.0,686.9827784338379,638.6411960742187,208.69082695312514,81.8236041513672,9,2.6,
AutoClaims,TabICLv2,0,1.0,clip,200.0,1,2000,1000,1.0301437608272141,0.268,342,0.09802860721094207,0,,0.0,0.0,0.0,0.0,686.9827784338379,638.6411960742187,208.69082695312514,81.8236041513672,9,2.4,
AutoClaims,TabICLv2,0,1.0,log,0.0,1,2000,1000,1.0301437608272141,0.268,342,0.09802860721094207,0,,0.013352131978477542,-0.005253139467059398,-0.004785815345414308,0.5009816501351623,686.6653523542199,638.2370421202978,202.22196464285395,60.609199756227866,9,3.0,
AutoClaims,TabICLv2,0,1.0,tail_log,50.0,1,2000,1000,1.0301437608272141,0.268,342,0.09802860721094207,0,,0.0,0.0,0.0,0.0,686.9827784338379,638.6411960742187,208.69082695312514,81.8236041513672,9,3.4,
AutoClaims,TabICLv2,0,1.0,evt_trim,0.0,1,2000,1000,1.0301437608272141,0.268,342,0.09802860721094207,0,,0.0,0.0,0.0,0.0,686.9827784338379,638.6411960742187,208.69082695312514,81.8236041513672,9,3.5,
AutoClaims,TabICLv2,0,100.0,raw,0.0,1,2000,1000,2.6959690641336485,0.268,1,9.802860721094207,0,False,0.09203958425547928,0.0923260415489914,0.16615169552280923,0.3159086595336559,687.0740718835448,630.9901190136718,220.78265410156263,69.59308928515628,6,3.8,
AutoClaims,TabICLv2,0,100.0,clip,50.0,1,2000,1000,2.6959690641336485,0.268,1,9.802860721094207,1,True,-0.0226827106452338,0.01826265482938553,0.14076722934650143,0.13866070672444963,685.807180234375,636.7388004589843,217.08836268554697,75.14890575000004,6,3.4,
AutoClaims,TabICLv2,0,100.0,clip,200.0,1,2000,1000,2.6959690641336485,0.268,1,9.802860721094207,1,True,0.08026344737635774,0.07973479921138195,0.22738632836769182,0.3720016805422539,686.1226020996094,630.1069747998047,220.55385269531263,65.34553001171878,6,3.7,
AutoClaims,TabICLv2,0,100.0,log,0.0,1,2000,1000,2.6959690641336485,0.268,1,9.802860721094207,0,True,0.018815426852126033,0.005433727728097676,0.06350720476750499,0.7090570126758903,686.62400009768,637.1391268228411,206.9010462230228,62.37049112181757,6,3.4,
AutoClaims,TabICLv2,0,100.0,tail_log,50.0,1,2000,1000,2.6959690641336485,0.268,1,9.802860721094207,1,True,0.04796238532480679,0.056697517638365426,0.29712709842580953,0.3887733466899339,684.929682401123,633.0279907763671,227.54428444335954,65.30324107031252,6,3.5,
AutoClaims,TabICLv2,0,100.0,evt_trim,0.0,1,2000,1000,2.6959690641336485,0.268,1,9.802860721094207,0,False,0.09203958425547928,0.0923260415489914,0.16615169552280923,0.3159086595336559,687.0740718835448,630.9901190136718,220.78265410156263,69.59308928515628,6,3.7,
AutoClaims,GBM,0,1.0,raw,0.0,1,2000,1000,1.0301437608272141,0.268,342,0.09802860721094207,0,,0.0,0.0,0.0,0.0,690.8068245805331,635.2829257902197,209.32240539689357,69.2936143013189,17,0.0,
AutoClaims,GBM,0,1.0,clip,50.0,1,2000,1000,1.0301437608272141,0.268,342,0.09802860721094207,0,,0.0,0.0,0.0,0.0,690.8068245805331,635.2829257902197,209.32240539689357,69.2936143013189,17,2.6,
AutoClaims,GBM,0,1.0,clip,200.0,1,2000,1000,1.0301437608272141,0.268,342,0.09802860721094207,0,,0.0,0.0,0.0,0.0,690.8068245805331,635.2829257902197,209.32240539689357,69.2936143013189,17,2.5,
AutoClaims,GBM,0,1.0,log,0.0,1,2000,1000,1.0301437608272141,0.268,342,0.09802860721094207,0,,-0.0021462279659110635,-0.008449412196056941,-0.025217928424449254,-7.316603656284998e-05,689.6959199813725,635.7735264853479,204.35053713034753,75.04719244528059,18,2.4,
AutoClaims,GBM,0,1.0,tail_log,50.0,1,2000,1000,1.0301437608272141,0.268,342,0.09802860721094207,0,,0.0,0.0,0.0,0.0,690.8068245805331,635.2829257902197,209.32240539689357,69.2936143013189,17,2.3,
AutoClaims,GBM,0,1.0,evt_trim,0.0,1,2000,1000,1.0301437608272141,0.268,342,0.09802860721094207,0,,0.0,0.0,0.0,0.0,690.8068245805331,635.2829257902197,209.32240539689357,69.2936143013189,17,2.1,
AutoClaims,GBM,0,100.0,raw,0.0,1,2000,1000,2.6959690641336485,0.268,1,9.802860721094207,0,False,0.0,-0.013943287040975244,-0.04279022731368645,0.3936309302706211,690.8068245805331,639.1012638393365,246.9468601154576,100.93089161757057,22,2.1,
AutoClaims,GBM,0,100.0,clip,50.0,1,2000,1000,2.6959690641336485,0.268,1,9.802860721094207,1,True,0.0,-0.013943287040975244,-0.038290849963791736,-0.06567643126413739,690.8068245805331,639.1012638393365,221.8789699059777,83.90907460866282,19,2.1,
AutoClaims,GBM,0,100.0,clip,200.0,1,2000,1000,2.6959690641336485,0.268,1,9.802860721094207,1,True,0.0,-0.013943287040975244,-0.04279022731368645,0.3213873602924312,690.8068245805331,639.1012638393365,241.44845504722267,96.45549992745626,22,2.3,
AutoClaims,GBM,0,100.0,log,0.0,1,2000,1000,2.6959690641336485,0.268,1,9.802860721094207,0,True,-0.0021462279659110635,-0.01304258250914371,-0.0013278336464704892,-0.011232579032249106,689.6959199813725,640.3347256782279,205.36359945878712,86.15106565716924,16,2.2,
AutoClaims,GBM,0,100.0,tail_log,50.0,1,2000,1000,2.6959690641336485,0.268,1,9.802860721094207,1,True,0.0,-0.013943287040975244,-0.04279022731368645,0.08734113053420682,690.8068245805331,639.1012638393365,232.24984402737493,90.38987052875981,22,2.2,
AutoClaims,GBM,0,100.0,evt_trim,0.0,1,2000,1000,2.6959690641336485,0.268,1,9.802860721094207,0,False,0.0,-0.013943287040975244,-0.04279022731368645,0.3936309302706211,690.8068245805331,639.1012638393365,246.9468601154576,100.93089161757057,22,2.4,
AutoClaims,TabPFN-V3,1,1.0,raw,0.0,1,2000,1000,1.1210971132289702,0.24,427,0.041696876768834615,0,,0.0,0.0,0.0,0.0,608.994106187744,511.0046293886718,127.83346223867196,22.946722429921895,7,0.0,
AutoClaims,TabPFN-V3,1,1.0,clip,50.0,1,2000,1000,1.1210971132289702,0.24,427,0.041696876768834615,0,,0.0,0.0,0.0,0.0,608.994106187744,511.0046293886718,127.83346223867196,22.946722429921895,7,4.8,
AutoClaims,TabPFN-V3,1,1.0,clip,200.0,1,2000,1000,1.1210971132289702,0.24,427,0.041696876768834615,0,,0.0,0.0,0.0,0.0,608.994106187744,511.0046293886718,127.83346223867196,22.946722429921895,7,4.8,
AutoClaims,TabPFN-V3,1,1.0,log,0.0,1,2000,1000,1.1210971132289702,0.24,427,0.041696876768834615,0,,0.12174991435998289,0.09548027021785849,0.006150625591763454,0.153542939675133,606.1927952622606,504.37919782191386,129.06978522954068,26.75101929273659,7,4.7,
AutoClaims,TabPFN-V3,1,1.0,tail_log,50.0,1,2000,1000,1.1210971132289702,0.24,427,0.041696876768834615,0,,0.0,0.0,0.0,0.0,608.994106187744,511.0046293886718,127.83346223867196,22.946722429921895,7,4.5,
AutoClaims,TabPFN-V3,1,1.0,evt_trim,0.0,1,2000,1000,1.1210971132289702,0.24,427,0.041696876768834615,0,,0.0,0.0,0.0,0.0,608.994106187744,511.0046293886718,127.83346223867196,22.946722429921895,7,4.8,
AutoClaims,TabPFN-V3,1,100.0,raw,0.0,1,2000,1000,2.1755509457921,0.24,1,4.169687676883461,0,False,-0.003310229012496513,0.003885625675848314,-0.052881739036094486,0.26589676936243695,609.0662113647461,510.11189667382814,127.40994396718759,30.437320324453154,7,4.8,
AutoClaims,TabPFN-V3,1,100.0,clip,50.0,1,2000,1000,2.1755509457921,0.24,1,4.169687676883461,1,True,0.002625650832231106,-0.006949759620900381,0.00914552863945351,0.07473209604279626,608.9561994323731,511.5193099794922,128.34980173085947,24.82167047289065,7,5.4,
AutoClaims,TabPFN-V3,1,100.0,clip,200.0,1,2000,1000,2.1755509457921,0.24,1,4.169687676883461,1,True,-0.0025279247469559897,0.004302654387195194,-0.05128326256906548,0.26847608251721133,608.9768520812988,509.9650325624999,127.51811222890633,30.5343811486719,7,4.9,
AutoClaims,TabPFN-V3,1,100.0,log,0.0,1,2000,1000,2.1755509457921,0.24,1,4.169687676883461,0,True,0.12224246305884465,0.0947033422730106,0.03363227311680789,0.2648838047768434,606.2022941614672,504.3721222505813,129.49223815796836,29.662795532564786,7,4.6,
AutoClaims,TabPFN-V3,1,100.0,tail_log,50.0,1,2000,1000,2.1755509457921,0.24,1,4.169687676883461,1,True,-0.009349266080920335,-0.007969434030895247,-0.010496579086345444,0.22486835006959446,609.099511468506,511.35714330468744,128.5348832250001,29.13290948435234,7,4.8,
AutoClaims,TabPFN-V3,1,100.0,evt_trim,0.0,1,2000,1000,2.1755509457921,0.24,1,4.169687676883461,0,False,-0.003310229012496513,0.003885625675848314,-0.052881739036094486,0.26589676936243695,609.0662113647461,510.11189667382814,127.40994396718759,30.437320324453154,7,4.9,
AutoClaims,TabICLv2,1,1.0,raw,0.0,1,2000,1000,1.1210971132289702,0.24,427,0.041696876768834615,0,,0.0,0.0,0.0,0.0,605.3211531359863,511.62689234277343,145.59834640859387,21.200816099843767,5,0.0,
AutoClaims,TabICLv2,1,1.0,clip,50.0,1,2000,1000,1.1210971132289702,0.24,427,0.041696876768834615,0,,0.0,0.0,0.0,0.0,605.3211531359863,511.62689234277343,145.59834640859387,21.200816099843767,5,2.7,
AutoClaims,TabICLv2,1,1.0,clip,200.0,1,2000,1000,1.1210971132289702,0.24,427,0.041696876768834615,0,,0.0,0.0,0.0,0.0,605.3211531359863,511.62689234277343,145.59834640859387,21.200816099843767,5,2.6,
AutoClaims,TabICLv2,1,1.0,log,0.0,1,2000,1000,1.1210971132289702,0.24,427,0.041696876768834615,0,,0.04205163331846839,-0.013563727437544797,-0.05404063389457449,0.46286421804867245,604.3376334571155,509.0061976521729,138.7906990906259,28.998633128801664,6,2.6,
AutoClaims,TabICLv2,1,1.0,tail_log,50.0,1,2000,1000,1.1210971132289702,0.24,427,0.041696876768834615,0,,0.0,0.0,0.0,0.0,605.3211531359863,511.62689234277343,145.59834640859387,21.200816099843767,5,2.8,
AutoClaims,TabICLv2,1,1.0,evt_trim,0.0,1,2000,1000,1.1210971132289702,0.24,427,0.041696876768834615,0,,0.0,0.0,0.0,0.0,605.3211531359863,511.62689234277343,145.59834640859387,21.200816099843767,5,2.6,
AutoClaims,TabICLv2,1,100.0,raw,0.0,1,2000,1000,2.1755509457921,0.24,1,4.169687676883461,0,False,0.10127616443322171,0.07144238868167374,0.209004770819511,0.3789624745370922,606.9809971191406,521.2146326308592,174.8202167601564,27.642252076406272,3,2.8,
AutoClaims,TabICLv2,1,100.0,clip,50.0,1,2000,1000,2.1755509457921,0.24,1,4.169687676883461,1,True,0.011868445331584872,0.020544944812567467,0.07885425280048348,0.08738061336200076,605.3077454003906,512.0091961171875,150.99503120351577,21.25500154515627,4,2.7,
AutoClaims,TabICLv2,1,100.0,clip,200.0,1,2000,1000,2.1755509457921,0.24,1,4.169687676883461,1,True,0.10128135630924516,0.07093927555761372,0.2082216114538495,0.37518569200877067,606.9459134704589,520.7628519179688,174.30458175039075,27.54336750414065,3,2.8,
AutoClaims,TabICLv2,1,100.0,log,0.0,1,2000,1000,2.1755509457921,0.24,1,4.169687676883461,0,True,0.039947376126268766,-0.0107044430199703,-0.01542236904454801,0.5991872623262507,604.3799243223325,509.01468169384975,141.56341095696402,32.04943886740857,4,2.7,
AutoClaims,TabICLv2,1,100.0,tail_log,50.0,1,2000,1000,2.1755509457921,0.24,1,4.169687676883461,1,True,0.06445839896795211,0.03377949942986047,0.16117042748577426,0.25165415568284943,606.1999584118652,511.47250038964836,162.70155443593765,24.41327832640627,3,2.7,
AutoClaims,TabICLv2,1,100.0,evt_trim,0.0,1,2000,1000,2.1755509457921,0.24,1,4.169687676883461,0,False,0.10127616443322171,0.07144238868167374,0.209004770819511,0.3789624745370922,606.9809971191406,521.2146326308592,174.8202167601564,27.642252076406272,3,2.7,
AutoClaims,GBM,1,1.0,raw,0.0,1,2000,1000,1.1210971132289702,0.24,427,0.041696876768834615,0,,0.0,0.0,0.0,0.0,610.4296799614712,510.75214654436894,123.2933581651479,20.652419243583463,9,0.0,
AutoClaims,GBM,1,1.0,clip,50.0,1,2000,1000,1.1210971132289702,0.24,427,0.041696876768834615,0,,0.0,0.0,0.0,0.0,610.4296799614712,510.75214654436894,123.2933581651479,20.652419243583463,9,2.0,
AutoClaims,GBM,1,1.0,clip,200.0,1,2000,1000,1.1210971132289702,0.24,427,0.041696876768834615,0,,0.0,0.0,0.0,0.0,610.4296799614712,510.75214654436894,123.2933581651479,20.652419243583463,9,2.1,
AutoClaims,GBM,1,1.0,log,0.0,1,2000,1000,1.1210971132289702,0.24,427,0.041696876768834615,0,,0.0025745434448957195,-0.0005023950919840791,0.011330566719320583,-0.0001662420836418164,608.5659041753419,507.0992972640995,131.61485662598002,20.99853983014103,8,2.0,
AutoClaims,GBM,1,1.0,tail_log,50.0,1,2000,1000,1.1210971132289702,0.24,427,0.041696876768834615,0,,0.0,0.0,0.0,0.0,610.4296799614712,510.75214654436894,123.2933581651479,20.652419243583463,9,2.2,
AutoClaims,GBM,1,1.0,evt_trim,0.0,1,2000,1000,1.1210971132289702,0.24,427,0.041696876768834615,0,,0.0,0.0,0.0,0.0,610.4296799614712,510.75214654436894,123.2933581651479,20.652419243583463,9,2.0,
AutoClaims,GBM,1,100.0,raw,0.0,1,2000,1000,2.1755509457921,0.24,1,4.169687676883461,0,False,0.0,-0.004296284207433817,0.04478815396270497,0.4153568445217535,610.4296799614712,509.1180042114466,126.14804240913168,24.712952691229766,7,2.3,
AutoClaims,GBM,1,100.0,clip,50.0,1,2000,1000,2.1755509457921,0.24,1,4.169687676883461,1,True,0.0,-0.004296284207433817,0.04478815396270497,0.4153568445217535,610.4296799614712,509.1180042114466,126.14804240913168,22.12509383349288,7,2.3,
AutoClaims,GBM,1,100.0,clip,200.0,1,2000,1000,2.1755509457921,0.24,1,4.169687676883461,1,True,0.0,-0.004296284207433817,0.04478815396270497,0.4153568445217535,610.4296799614712,509.1180042114466,126.14804240913168,24.67306010300736,7,2.3,
AutoClaims,GBM,1,100.0,log,0.0,1,2000,1000,2.1755509457921,0.24,1,4.169687676883461,0,True,0.0025745434448957195,-0.002253873432747499,0.017666281071960357,0.41535684450284566,608.5659041753419,508.5778849061918,126.91169987545676,24.71295268764803,6,2.3,
AutoClaims,GBM,1,100.0,tail_log,50.0,1,2000,1000,2.1755509457921,0.24,1,4.169687676883461,1,True,0.0,-0.004296284207433817,0.04478815396270497,0.4153568445217535,610.4296799614712,509.1180042114466,126.14804240913168,24.712952688656596,7,2.2,
AutoClaims,GBM,1,100.0,evt_trim,0.0,1,2000,1000,2.1755509457921,0.24,1,4.169687676883461,0,False,0.0,-0.004296284207433817,0.04478815396270497,0.4153568445217535,610.4296799614712,509.1180042114466,126.14804240913168,24.712952691229766,7,2.3,
AutoClaims,TabPFN-V3,2,1.0,raw,0.0,1,2000,1000,1.0287715968553148,0.2855,205,0.1429383787702531,0,,0.0,0.0,0.0,0.0,620.3198891931152,561.0527126083985,145.84601027890633,27.34735103570315,10,0.0,
AutoClaims,TabPFN-V3,2,1.0,clip,50.0,1,2000,1000,1.0287715968553148,0.2855,205,0.1429383787702531,0,,0.0,0.0,0.0,0.0,620.3198891931152,561.0527126083985,145.84601027890633,27.34735103570315,10,4.2,
AutoClaims,TabPFN-V3,2,1.0,clip,200.0,1,2000,1000,1.0287715968553148,0.2855,205,0.1429383787702531,0,,0.0,0.0,0.0,0.0,620.3198891931152,561.0527126083985,145.84601027890633,27.34735103570315,10,4.3,
AutoClaims,TabPFN-V3,2,1.0,log,0.0,1,2000,1000,1.0287715968553148,0.2855,205,0.1429383787702531,0,,0.10448864716599524,0.06770659441403995,0.009818900589715724,0.174209594977958,621.8499216456913,559.8651384639766,145.8031664868091,25.171636119020512,11,4.5,
AutoClaims,TabPFN-V3,2,1.0,tail_log,50.0,1,2000,1000,1.0287715968553148,0.2855,205,0.1429383787702531,0,,0.0,0.0,0.0,0.0,620.3198891931152,561.0527126083985,145.84601027890633,27.34735103570315,10,4.3,
AutoClaims,TabPFN-V3,2,1.0,evt_trim,0.0,1,2000,1000,1.0287715968553148,0.2855,205,0.1429383787702531,0,,0.0,0.0,0.0,0.0,620.3198891931152,561.0527126083985,145.84601027890633,27.34735103570315,10,4.4,
AutoClaims,TabPFN-V3,2,100.0,raw,0.0,1,2000,1000,3.7269180915848863,0.2855,1,14.293837877025307,0,False,-0.0007502741496887646,-0.02855288388465046,-0.08779316000987886,0.08181078847949337,620.6819848242188,561.8338323984374,149.62936533750005,27.770452363828145,15,4.3,
AutoClaims,TabPFN-V3,2,100.0,clip,50.0,1,2000,1000,3.7269180915848863,0.2855,1,14.293837877025307,1,True,-0.01078548307555559,-0.012688628054550451,0.029339822595771083,0.12785441488205562,620.3196522119141,561.2733347861328,146.0969964312501,26.982548447812523,9,4.5,
AutoClaims,TabPFN-V3,2,100.0,clip,200.0,1,2000,1000,3.7269180915848863,0.2855,1,14.293837877025307,1,True,-0.02766999994549669,-0.014706752619156285,-0.027249617719497698,0.3892992344607254,620.4073437585449,561.2008139121092,147.75980481992195,29.906807412656278,12,4.8,
AutoClaims,TabPFN-V3,2,100.0,log,0.0,1,2000,1000,3.7269180915848863,0.2855,1,14.293837877025307,0,True,0.10858048337183374,0.06527812874591371,0.02665202875350099,0.2515242233620689,622.0378918446303,559.8663483472728,145.79831393587156,26.8876632355521,10,4.8,
AutoClaims,TabPFN-V3,2,100.0,tail_log,50.0,1,2000,1000,3.7269180915848863,0.2855,1,14.293837877025307,1,True,-0.008868953258586247,-0.016249703860827174,0.037617724741840636,0.39195805869880873,620.557480234375,561.0155374179687,146.6183417144532,30.142517043515653,10,4.9,
AutoClaims,TabPFN-V3,2,100.0,evt_trim,0.0,1,2000,1000,3.7269180915848863,0.2855,1,14.293837877025307,0,False,-0.0007502741496887646,-0.02855288388465046,-0.08779316000987886,0.08181078847949337,620.6819848242188,561.8338323984374,149.62936533750005,27.770452363828145,15,4.8,
AutoClaims,TabICLv2,2,1.0,raw,0.0,1,2000,1000,1.0287715968553148,0.2855,205,0.1429383787702531,0,,0.0,0.0,0.0,0.0,621.3420246484375,560.3961652451171,145.04516887265635,31.64229999078126,4,0.0,
AutoClaims,TabICLv2,2,1.0,clip,50.0,1,2000,1000,1.0287715968553148,0.2855,205,0.1429383787702531,0,,0.0,0.0,0.0,0.0,621.3420246484375,560.3961652451171,145.04516887265635,31.64229999078126,4,2.7,
AutoClaims,TabICLv2,2,1.0,clip,200.0,1,2000,1000,1.0287715968553148,0.2855,205,0.1429383787702531,0,,0.0,0.0,0.0,0.0,621.3420246484375,560.3961652451171,145.04516887265635,31.64229999078126,4,2.7,
AutoClaims,TabICLv2,2,1.0,log,0.0,1,2000,1000,1.0287715968553148,0.2855,205,0.1429383787702531,0,,0.020962445741648048,-0.005068749007332291,-0.02895461029070552,0.44200878538105237,621.6785938616491,560.056341335685,144.58988089469642,25.109054730220613,5,2.7,
AutoClaims,TabICLv2,2,1.0,tail_log,50.0,1,2000,1000,1.0287715968553148,0.2855,205,0.1429383787702531,0,,0.0,0.0,0.0,0.0,621.3420246484375,560.3961652451171,145.04516887265635,31.64229999078126,4,2.7,
AutoClaims,TabICLv2,2,1.0,evt_trim,0.0,1,2000,1000,1.0287715968553148,0.2855,205,0.1429383787702531,0,,0.0,0.0,0.0,0.0,621.3420246484375,560.3961652451171,145.04516887265635,31.64229999078126,4,2.6,
AutoClaims,TabICLv2,2,100.0,raw,0.0,1,2000,1000,3.7269180915848863,0.2855,1,14.293837877025307,0,False,0.08289956980767715,0.0904382711589033,0.024503070450292923,0.17693913476826967,623.3911621069335,568.663988892578,152.11485852109385,25.16443510699221,6,2.9,
AutoClaims,TabICLv2,2,100.0,clip,50.0,1,2000,1000,3.7269180915848863,0.2855,1,14.293837877025307,1,True,-0.026489168540839422,0.03379616470413787,0.14818906214833732,0.14339604268631173,620.5526418127441,563.5612226669921,155.2349877398439,27.638831114804706,3,2.7,
AutoClaims,TabICLv2,2,100.0,clip,200.0,1,2000,1000,3.7269180915848863,0.2855,1,14.293837877025307,1,True,0.08633169981464012,0.0678876603340339,0.2402330797841677,0.4064241824475025,623.901393548584,566.402393555664,166.0113604546876,25.32243844976565,2,2.6,
AutoClaims,TabICLv2,2,100.0,log,0.0,1,2000,1000,3.7269180915848863,0.2855,1,14.293837877025307,0,True,0.026173121344022506,0.0017862654094980993,0.05206361472736329,0.7598051070202787,622.0801464144275,560.1021586520058,149.83676651789233,31.284244572336775,3,2.7,
AutoClaims,TabICLv2,2,100.0,tail_log,50.0,1,2000,1000,3.7269180915848863,0.2855,1,14.293837877025307,1,True,0.052909435617768036,0.06793804677390491,0.30565794884928366,0.4282716904798478,622.5188360681152,567.2293084482421,172.63337815976575,25.10882209820315,2,2.7,
AutoClaims,TabICLv2,2,100.0,evt_trim,0.0,1,2000,1000,3.7269180915848863,0.2855,1,14.293837877025307,0,False,0.08289956980767715,0.0904382711589033,0.024503070450292923,0.17693913476826967,623.3911621069335,568.663988892578,152.11485852109385,25.16443510699221,6,2.8,
AutoClaims,GBM,2,1.0,raw,0.0,1,2000,1000,1.0287715968553148,0.2855,205,0.1429383787702531,0,,0.0,0.0,0.0,0.0,623.2825457809203,564.5715308314525,154.4416214212754,43.63186697932646,19,0.0,
AutoClaims,GBM,2,1.0,clip,50.0,1,2000,1000,1.0287715968553148,0.2855,205,0.1429383787702531,0,,0.0,0.0,0.0,0.0,623.2825457809203,564.5715308314525,154.4416214212754,43.63186697932646,19,2.1,
AutoClaims,GBM,2,1.0,clip,200.0,1,2000,1000,1.0287715968553148,0.2855,205,0.1429383787702531,0,,0.0,0.0,0.0,0.0,623.2825457809203,564.5715308314525,154.4416214212754,43.63186697932646,19,1.9,
AutoClaims,GBM,2,1.0,log,0.0,1,2000,1000,1.0287715968553148,0.2855,205,0.1429383787702531,0,,0.005597755833323639,-0.0031482550253875198,0.010864369287073662,-2.346575504222032e-10,622.97710280472,561.8184808623812,150.87066395212082,43.59559004442174,17,2.0,
AutoClaims,GBM,2,1.0,tail_log,50.0,1,2000,1000,1.0287715968553148,0.2855,205,0.1429383787702531,0,,0.0,0.0,0.0,0.0,623.2825457809203,564.5715308314525,154.4416214212754,43.63186697932646,19,1.9,
AutoClaims,GBM,2,1.0,evt_trim,0.0,1,2000,1000,1.0287715968553148,0.2855,205,0.1429383787702531,0,,0.0,0.0,0.0,0.0,623.2825457809203,564.5715308314525,154.4416214212754,43.63186697932646,19,2.1,
AutoClaims,GBM,2,100.0,raw,0.0,1,2000,1000,3.7269180915848863,0.2855,1,14.293837877025307,0,False,0.0,-0.0067438124961602015,0.050527368396347624,1.1794742149016875,623.2825457809203,559.5738799292784,167.15297305301192,69.86591607125169,19,2.4,
AutoClaims,GBM,2,100.0,clip,50.0,1,2000,1000,3.7269180915848863,0.2855,1,14.293837877025307,1,True,0.0,-0.0067438124961602015,0.049481022346393774,0.11187115635809085,623.2825457809203,559.5738799292784,155.28448298753747,29.956628695374572,19,2.3,
AutoClaims,GBM,2,100.0,clip,200.0,1,2000,1000,3.7269180915848863,0.2855,1,14.293837877025307,1,True,0.0,-0.0067438124961602015,0.050527368396347624,0.7734995792841848,623.2825457809203,559.5738799292784,161.7201890661142,47.950140395492404,19,2.3,
AutoClaims,GBM,2,100.0,log,0.0,1,2000,1000,3.7269180915848863,0.2855,1,14.293837877025307,0,True,0.005597755833323639,-0.008787739853963267,0.039055365588563,-0.0011737039000860696,622.97710280472,566.2133120462817,139.78063388631278,62.03343295885704,12,2.4,
AutoClaims,GBM,2,100.0,tail_log,50.0,1,2000,1000,3.7269180915848863,0.2855,1,14.293837877025307,1,True,0.0,-0.0067438124961602015,0.050527368396347624,0.5934412741188053,623.2825457809203,559.5738799292784,159.31063489403527,55.87721305841806,19,2.1,
AutoClaims,GBM,2,100.0,evt_trim,0.0,1,2000,1000,3.7269180915848863,0.2855,1,14.293837877025307,0,False,0.0,-0.0067438124961602015,0.050527368396347624,1.1794742149016875,623.2825457809203,559.5738799292784,167.15297305301192,69.86591607125169,19,2.1,
AutoClaims,TabPFN-V3,3,1.0,raw,0.0,1,2000,1000,1.0469245516044636,0.285,178,0.13933579781214636,0,,0.0,0.0,0.0,0.0,672.5469608776856,639.4806088906249,208.94132188906255,67.72327200140627,19,0.0,
AutoClaims,TabPFN-V3,3,1.0,clip,50.0,1,2000,1000,1.0469245516044636,0.285,178,0.13933579781214636,0,,0.0,0.0,0.0,0.0,672.5469608776856,639.4806088906249,208.94132188906255,67.72327200140627,19,4.8,
AutoClaims,TabPFN-V3,3,1.0,clip,200.0,1,2000,1000,1.0469245516044636,0.285,178,0.13933579781214636,0,,0.0,0.0,0.0,0.0,672.5469608776856,639.4806088906249,208.94132188906255,67.72327200140627,19,4.7,
AutoClaims,TabPFN-V3,3,1.0,log,0.0,1,2000,1000,1.0469245516044636,0.285,178,0.13933579781214636,0,,0.11530210048156667,0.05446173788451002,0.009225841041243046,0.12901848546438247,673.6714946748968,637.9206003938414,210.09591576081817,62.02206736425315,16,4.6,
AutoClaims,TabPFN-V3,3,1.0,tail_log,50.0,1,2000,1000,1.0469245516044636,0.285,178,0.13933579781214636,0,,0.0,0.0,0.0,0.0,672.5469608776856,639.4806088906249,208.94132188906255,67.72327200140627,19,4.3,
AutoClaims,TabPFN-V3,3,1.0,evt_trim,0.0,1,2000,1000,1.0469245516044636,0.285,178,0.13933579781214636,0,,0.0,0.0,0.0,0.0,672.5469608776856,639.4806088906249,208.94132188906255,67.72327200140627,19,4.5,
AutoClaims,TabPFN-V3,3,100.0,raw,0.0,1,2000,1000,4.469714497416519,0.285,1,13.933579781214636,0,False,-0.01774936950022476,-0.045104721034034664,-0.08402622746243527,-0.006637300659126594,671.9706312023925,643.4139433242186,217.44785969179694,68.35148646625002,19,4.5,
AutoClaims,TabPFN-V3,3,100.0,clip,50.0,1,2000,1000,4.469714497416519,0.285,1,13.933579781214636,1,True,-0.010846044347070382,-0.015088595260900083,0.018933514592434156,0.13385928768304606,672.2874529724121,640.7163381484374,206.39531565859383,63.15824092328126,15,4.6,
AutoClaims,TabPFN-V3,3,100.0,clip,200.0,1,2000,1000,4.469714497416519,0.285,1,13.933579781214636,1,True,-0.010388487882004216,-0.020275905272315212,-0.0648528426548445,0.2218638248705966,671.794388314209,640.8809735292969,213.46766639101565,60.34332058148439,18,5.0,
AutoClaims,TabPFN-V3,3,100.0,log,0.0,1,2000,1000,4.469714497416519,0.285,1,13.933579781214636,0,True,0.11954570157551839,0.04861732160846618,0.014009341185796675,0.1521541734986412,673.7837821384808,637.8738545324222,209.8435438263425,60.8165397577889,16,4.7,
AutoClaims,TabPFN-V3,3,100.0,tail_log,50.0,1,2000,1000,4.469714497416519,0.285,1,13.933579781214636,1,True,0.003893893308097738,-0.022267644406833563,-0.013036372472881953,0.2954446541175611,671.7280166796876,641.1342195693358,208.29091729921882,59.048766467092456,18,4.8,
AutoClaims,TabPFN-V3,3,100.0,evt_trim,0.0,1,2000,1000,4.469714497416519,0.285,1,13.933579781214636,1,True,-0.0013006740449068629,-0.004972809537011725,0.014103883458778839,0.05476115662090832,672.2245769360352,640.0509111318358,207.0016974945313,66.27552261078125,15,4.8,
AutoClaims,TabICLv2,3,1.0,raw,0.0,1,2000,1000,1.0469245516044636,0.285,178,0.13933579781214636,0,,0.0,0.0,0.0,0.0,675.8524064404296,644.5196208046875,205.72922620546882,75.36875143499998,13,0.0,
AutoClaims,TabICLv2,3,1.0,clip,50.0,1,2000,1000,1.0469245516044636,0.285,178,0.13933579781214636,0,,0.0,0.0,0.0,0.0,675.8524064404296,644.5196208046875,205.72922620546882,75.36875143499998,13,2.8,
AutoClaims,TabICLv2,3,1.0,clip,200.0,1,2000,1000,1.0469245516044636,0.285,178,0.13933579781214636,0,,0.0,0.0,0.0,0.0,675.8524064404296,644.5196208046875,205.72922620546882,75.36875143499998,13,2.6,
AutoClaims,TabICLv2,3,1.0,log,0.0,1,2000,1000,1.0469245516044636,0.285,178,0.13933579781214636,0,,0.006436141107565782,-0.02301722713318929,-0.0409165605871742,0.319446910159742,676.3223431753652,642.0552539709887,207.66815515305103,56.71456916890448,16,2.7,
AutoClaims,TabICLv2,3,1.0,tail_log,50.0,1,2000,1000,1.0469245516044636,0.285,178,0.13933579781214636,0,,0.0,0.0,0.0,0.0,675.8524064404296,644.5196208046875,205.72922620546882,75.36875143499998,13,2.7,
AutoClaims,TabICLv2,3,1.0,evt_trim,0.0,1,2000,1000,1.0469245516044636,0.285,178,0.13933579781214636,0,,0.0,0.0,0.0,0.0,675.8524064404296,644.5196208046875,205.72922620546882,75.36875143499998,13,2.8,
AutoClaims,TabICLv2,3,100.0,raw,0.0,1,2000,1000,4.469714497416519,0.285,1,13.933579781214636,0,False,0.048244685070589516,0.09398447776530823,-0.05228407228893779,0.07105919107234458,678.0690412487793,645.2896321816406,206.22657039492196,69.27550164007815,12,2.8,
AutoClaims,TabICLv2,3,100.0,clip,50.0,1,2000,1000,4.469714497416519,0.285,1,13.933579781214636,1,True,-0.005648276265493884,0.02553996384711429,0.13564154307074908,0.13877779059542553,675.4854344677734,646.8216600478515,201.1433344671876,63.01470002679688,10,2.7,
AutoClaims,TabICLv2,3,100.0,clip,200.0,1,2000,1000,4.469714497416519,0.285,1,13.933579781214636,1,True,0.10194217336895806,0.0569075664127926,0.14115013397412274,0.2887364569254518,680.1303154919434,648.1390706289062,206.77417276796885,61.9842321830469,9,2.8,
AutoClaims,TabICLv2,3,100.0,log,0.0,1,2000,1000,4.469714497416519,0.285,1,13.933579781214636,0,True,0.009625996774353825,-0.010416652442887952,-0.014506933449186974,0.3936863517677054,677.0516272699092,642.959212802345,207.04804056391382,55.924151097089954,13,2.7,
AutoClaims,TabICLv2,3,100.0,tail_log,50.0,1,2000,1000,4.469714497416519,0.285,1,13.933579781214636,1,True,0.09525598010108896,0.04407541917373904,0.20056255466274242,0.342804639929679,679.0803541259766,647.1863663417968,204.84661596132827,59.06444122210939,7,2.8,
AutoClaims,TabICLv2,3,100.0,evt_trim,0.0,1,2000,1000,4.469714497416519,0.285,1,13.933579781214636,1,True,-0.0029210189267148147,0.009067605773972507,0.054733456392925144,0.05922543430599961,675.6355135083007,645.6725069667968,203.41557971132823,69.57803588714843,12,2.7,
AutoClaims,GBM,3,1.0,raw,0.0,1,2000,1000,1.0469245516044636,0.285,178,0.13933579781214636,0,,0.0,0.0,0.0,0.0,675.2102596718989,628.4383875987063,209.07850168259256,77.06285023490142,17,0.0,
AutoClaims,GBM,3,1.0,clip,50.0,1,2000,1000,1.0469245516044636,0.285,178,0.13933579781214636,0,,0.0,0.0,0.0,0.0,675.2102596718989,628.4383875987063,209.07850168259256,77.06285023490142,17,1.9,
AutoClaims,GBM,3,1.0,clip,200.0,1,2000,1000,1.0469245516044636,0.285,178,0.13933579781214636,0,,0.0,0.0,0.0,0.0,675.2102596718989,628.4383875987063,209.07850168259256,77.06285023490142,17,1.8,
AutoClaims,GBM,3,1.0,log,0.0,1,2000,1000,1.0469245516044636,0.285,178,0.13933579781214636,0,,0.0026770690605228365,0.0020026326314522996,-0.00694001000335432,-1.777102915131282e-11,674.2024962891321,631.2305898687905,210.63602983832257,77.06285023691683,19,2.2,
AutoClaims,GBM,3,1.0,tail_log,50.0,1,2000,1000,1.0469245516044636,0.285,178,0.13933579781214636,0,,0.0,0.0,0.0,0.0,675.2102596718989,628.4383875987063,209.07850168259256,77.06285023490142,17,2.1,
AutoClaims,GBM,3,1.0,evt_trim,0.0,1,2000,1000,1.0469245516044636,0.285,178,0.13933579781214636,0,,0.0,0.0,0.0,0.0,675.2102596718989,628.4383875987063,209.07850168259256,77.06285023490142,17,2.0,
AutoClaims,GBM,3,100.0,raw,0.0,1,2000,1000,4.469714497416519,0.285,1,13.933579781214636,0,False,0.0,0.002235743506459264,-0.009118583492818853,-0.11727295568593037,675.2102596718989,626.9833938181584,221.2584154356736,105.99244254511098,18,1.9,
AutoClaims,GBM,3,100.0,clip,50.0,1,2000,1000,4.469714497416519,0.285,1,13.933579781214636,1,True,0.0,0.002235743506459264,-0.01610374294866652,-0.07182739690804317,675.2102596718989,626.9833938181584,203.59881975670135,80.9150620991602,16,2.0,
AutoClaims,GBM,3,100.0,clip,200.0,1,2000,1000,4.469714497416519,0.285,1,13.933579781214636,1,True,0.0,0.002235743506459264,-0.009118583492818853,-0.07978333109417296,675.2102596718989,626.9833938181584,213.77933038613315,100.38770472738167,18,2.0,
AutoClaims,GBM,3,100.0,log,0.0,1,2000,1000,4.469714497416519,0.285,1,13.933579781214636,0,True,0.0026770690605228365,0.0020026326314522996,0.018748327517892398,-0.07182537662195271,674.2024962891321,631.2305898687905,205.4133235570733,92.14251629145272,16,1.8,
AutoClaims,GBM,3,100.0,tail_log,50.0,1,2000,1000,4.469714497416519,0.285,1,13.933579781214636,1,True,0.0,0.002235743506459264,-0.009118583492818853,-0.09063408442235588,675.2102596718989,626.9833938181584,211.80497496766526,102.44480182688939,18,1.9,
AutoClaims,GBM,3,100.0,evt_trim,0.0,1,2000,1000,4.469714497416519,0.285,1,13.933579781214636,1,True,0.0,0.002235743506459264,-0.00023440618089594462,-0.07182493008672933,675.2102596718989,626.9833938181584,209.54935027106367,79.648564998203,15,1.8,
AutoClaims,TabPFN-V3,4,1.0,raw,0.0,1,2000,1000,1.1327210218261945,0.2325,193,0.06829783333333334,0,,0.0,0.0,0.0,0.0,709.607874691162,681.8861265507813,200.20962400078133,56.155939581718776,18,0.0,
AutoClaims,TabPFN-V3,4,1.0,clip,50.0,1,2000,1000,1.1327210218261945,0.2325,193,0.06829783333333334,1,,0.0009648051988997513,0.001956388846132271,0.003022837140194183,-0.01034606793433096,709.6258441125487,681.6921457402343,199.4060249187501,56.319596710625035,18,5.1,
AutoClaims,TabPFN-V3,4,1.0,clip,200.0,1,2000,1000,1.1327210218261945,0.2325,193,0.06829783333333334,0,,0.0,0.0,0.0,0.0,709.607874691162,681.8861265507813,200.20962400078133,56.155939581718776,18,4.6,
AutoClaims,TabPFN-V3,4,1.0,log,0.0,1,2000,1000,1.1327210218261945,0.2325,193,0.06829783333333334,0,,0.11704657467428624,0.07050480580372774,0.0023524031939928447,0.1690034134270929,711.2156426572573,672.48384685051,194.02935939182575,56.583606694500446,17,4.4,
AutoClaims,TabPFN-V3,4,1.0,tail_log,50.0,1,2000,1000,1.1327210218261945,0.2325,193,0.06829783333333334,1,,3.642589391872331e-05,7.68201035899756e-06,-0.0002382121565193434,-0.0002844754330720398,709.6078754846191,681.8694133183593,200.23071838554694,56.160871062187525,18,4.6,
AutoClaims,TabPFN-V3,4,1.0,evt_trim,0.0,1,2000,1000,1.1327210218261945,0.2325,193,0.06829783333333334,0,,0.0,0.0,0.0,0.0,709.607874691162,681.8861265507813,200.20962400078133,56.155939581718776,18,4.6,
AutoClaims,TabPFN-V3,4,100.0,raw,0.0,1,2000,1000,3.441951562115243,0.2325,1,6.829783333333333,0,False,0.011592353858806595,-0.032786908995184355,-0.11063565810486858,0.12887814188000957,709.5858131396484,688.4279898564454,206.89972591484386,57.37444652117189,22,4.6,
AutoClaims,TabPFN-V3,4,100.0,clip,50.0,1,2000,1000,3.441951562115243,0.2325,1,6.829783333333333,2,True,-0.0004912116366005062,-0.008346061677308137,0.00039237490582575167,0.0789480317382042,709.4539053808594,682.9689220830079,199.29209048515634,57.5814906774219,18,4.6,
AutoClaims,TabPFN-V3,4,100.0,clip,200.0,1,2000,1000,3.441951562115243,0.2325,1,6.829783333333333,1,True,-0.00042030061351997226,-0.012230290620219192,-0.05527798692832232,0.34226290509314783,709.4231286730957,684.0952244023438,201.15064177421883,56.01717267156253,18,4.4,
AutoClaims,TabPFN-V3,4,100.0,log,0.0,1,2000,1000,3.441951562115243,0.2325,1,6.829783333333333,0,True,0.11531016900334241,0.06941447137769889,0.01875419961256406,0.21934760233659753,711.1101216928909,672.3865434709234,193.27979701828352,56.22480680874565,17,4.6,
AutoClaims,TabPFN-V3,4,100.0,tail_log,50.0,1,2000,1000,3.441951562115243,0.2325,1,6.829783333333333,2,True,0.009200496588511565,-0.007035955294659643,-0.01812119841096716,0.3441492167535184,709.8677298828125,682.7081110478515,198.73242653984386,50.91494574127554,18,4.7,
AutoClaims,TabPFN-V3,4,100.0,evt_trim,0.0,1,2000,1000,3.441951562115243,0.2325,1,6.829783333333333,0,False,0.011592353858806595,-0.032786908995184355,-0.11063565810486858,0.12887814188000957,709.5858131396484,688.4279898564454,206.89972591484386,57.37444652117189,22,4.8,
AutoClaims,TabICLv2,4,1.0,raw,0.0,1,2000,1000,1.1327210218261945,0.2325,193,0.06829783333333334,0,,0.0,0.0,0.0,0.0,710.9189049963379,664.675261399414,196.23893664726575,59.99368555632816,6,0.0,
AutoClaims,TabICLv2,4,1.0,clip,50.0,1,2000,1000,1.1327210218261945,0.2325,193,0.06829783333333334,1,,-0.0012736170810338102,-0.000672490182051886,-0.00758691350197812,-0.008777057337505726,710.8607340979005,664.5570677470703,195.47099133476576,60.29182138054689,6,2.8,
AutoClaims,TabICLv2,4,1.0,clip,200.0,1,2000,1000,1.1327210218261945,0.2325,193,0.06829783333333334,0,,0.0,0.0,0.0,0.0,710.9189049963379,664.675261399414,196.23893664726575,59.99368555632816,6,2.9,
AutoClaims,TabICLv2,4,1.0,log,0.0,1,2000,1000,1.1327210218261945,0.2325,193,0.06829783333333334,0,,0.033410759123469844,-0.040551818192254105,-0.1472912481081795,0.2352392975223463,712.5381410767238,665.8011835431291,191.46650289667502,59.10315154513268,12,2.8,
AutoClaims,TabICLv2,4,1.0,tail_log,50.0,1,2000,1000,1.1327210218261945,0.2325,193,0.06829783333333334,1,,-4.1107518770720756e-05,-1.8505616893204088e-05,-0.0001972074468481283,-0.00023528758711649023,710.9172625097657,664.6719306865234,196.21911190117197,60.00205348406253,6,2.8,
AutoClaims,TabICLv2,4,1.0,evt_trim,0.0,1,2000,1000,1.1327210218261945,0.2325,193,0.06829783333333334,0,,0.0,0.0,0.0,0.0,710.9189049963379,664.675261399414,196.23893664726575,59.99368555632816,6,2.8,
AutoClaims,TabICLv2,4,100.0,raw,0.0,1,2000,1000,3.441951562115243,0.2325,1,6.829783333333333,0,False,0.0699181414997015,0.052102283606811114,-0.006996939325732819,0.18426512672492026,715.5431201123047,665.9959563115233,214.9482184148439,58.927279225273466,10,2.8,
AutoClaims,TabICLv2,4,100.0,clip,50.0,1,2000,1000,3.441951562115243,0.2325,1,6.829783333333333,2,True,0.011562951267537062,0.005531106854568784,0.053011761423873205,0.07043126511568179,711.469970583496,664.4618475810547,200.95294329765636,57.02309636101564,6,2.8,
AutoClaims,TabICLv2,4,100.0,clip,200.0,1,2000,1000,3.441951562115243,0.2325,1,6.829783333333333,1,True,0.08674840092526924,0.03178309626405626,0.15861410325419617,0.32460487923524173,715.3426344396972,667.0535370927734,210.27325405937515,54.550018327812516,6,2.8,
AutoClaims,TabICLv2,4,100.0,log,0.0,1,2000,1000,3.441951562115243,0.2325,1,6.829783333333333,0,True,0.038941305083421446,-0.037549201349990194,-0.09970728273207152,0.4525026270069934,712.5710950703601,664.8302390505825,193.93616310400978,59.711230146586075,9,2.8,
AutoClaims,TabICLv2,4,100.0,tail_log,50.0,1,2000,1000,3.441951562115243,0.2325,1,6.829783333333333,2,True,0.07202793975208513,0.022075929746894693,0.16593618950061934,0.2953768789955006,714.0801420092773,666.2841500859374,210.8993614031251,55.14233193328128,6,2.8,
AutoClaims,TabICLv2,4,100.0,evt_trim,0.0,1,2000,1000,3.441951562115243,0.2325,1,6.829783333333333,0,False,0.0699181414997015,0.052102283606811114,-0.006996939325732819,0.18426512672492026,715.5431201123047,665.9959563115233,214.9482184148439,58.927279225273466,10,2.8,
AutoClaims,GBM,4,1.0,raw,0.0,1,2000,1000,1.1327210218261945,0.2325,193,0.06829783333333334,0,,0.0,0.0,0.0,0.0,715.0191342597777,667.2580575434545,214.44590531007083,87.09373466910395,19,0.0,
AutoClaims,GBM,4,1.0,clip,50.0,1,2000,1000,1.1327210218261945,0.2325,193,0.06829783333333334,1,,0.0,0.0,0.037746295516644254,0.0,715.0191342597777,667.2580575434545,218.79042094905464,86.94729915229405,19,1.9,
AutoClaims,GBM,4,1.0,clip,200.0,1,2000,1000,1.1327210218261945,0.2325,193,0.06829783333333334,0,,0.0,0.0,0.0,0.0,715.0191342597777,667.2580575434545,214.44590531007083,87.09373466910395,19,1.9,
AutoClaims,GBM,4,1.0,log,0.0,1,2000,1000,1.1327210218261945,0.2325,193,0.06829783333333334,0,,0.0021837051836206657,0.002940467546919509,-0.014986416322751557,-1.8908989785101593e-11,714.0589136743962,670.7588428253529,226.71948966148673,88.08907590325663,24,1.9,
AutoClaims,GBM,4,1.0,tail_log,50.0,1,2000,1000,1.1327210218261945,0.2325,193,0.06829783333333334,1,,0.0,0.0,9.534857265522203e-06,0.0,715.0191342597777,667.2580575434545,214.44249752348463,87.18358439029593,19,1.7,
AutoClaims,GBM,4,1.0,evt_trim,0.0,1,2000,1000,1.1327210218261945,0.2325,193,0.06829783333333334,0,,0.0,0.0,0.0,0.0,715.0191342597777,667.2580575434545,214.44590531007083,87.09373466910395,19,1.8,
AutoClaims,GBM,4,100.0,raw,0.0,1,2000,1000,3.441951562115243,0.2325,1,6.829783333333333,0,False,0.0,0.00024689774624201126,5.7414953467340023e-05,0.30399065712218476,715.0191342597777,665.8885999251972,357.24386369099074,109.4845421237004,27,2.2,
AutoClaims,GBM,4,100.0,clip,50.0,1,2000,1000,3.441951562115243,0.2325,1,6.829783333333333,2,True,0.0,0.00024689774624201126,0.056711118495631284,0.12058505095101063,715.0191342597777,665.8885999251972,225.3964066649115,87.1925511687222,19,2.1,
AutoClaims,GBM,4,100.0,clip,200.0,1,2000,1000,3.441951562115243,0.2325,1,6.829783333333333,1,True,0.0,0.00024689774624201126,0.0029133291556722113,0.2954688133639807,715.0191342597777,665.8885999251972,291.3099640278444,101.1399645358829,29,2.0,
AutoClaims,GBM,4,100.0,log,0.0,1,2000,1000,3.441951562115243,0.2325,1,6.829783333333333,0,True,0.0021837051836206657,-0.009351446705837995,0.0483688992795204,0.024668067120295054,714.0589136743962,673.7453148196795,220.23253989225097,95.63036752689528,20,1.8,
AutoClaims,GBM,4,100.0,tail_log,50.0,1,2000,1000,3.441951562115243,0.2325,1,6.829783333333333,2,True,0.0,0.00024689774624201126,0.06411221069486886,0.27819852531212586,715.0191342597777,665.8885999251972,225.83993278211128,100.68147192428047,21,1.9,
AutoClaims,GBM,4,100.0,evt_trim,0.0,1,2000,1000,3.441951562115243,0.2325,1,6.829783333333333,0,False,0.0,0.00024689774624201126,5.7414953467340023e-05,0.30399065712218476,715.0191342597777,665.8885999251972,357.24386369099074,109.4845421237004,27,1.8,
AutoClaims,TabPFN-V3,5,1.0,raw,0.0,1,2000,1000,1.0412605027475086,0.2665,360,0.08251044888721237,0,,0.0,0.0,0.0,0.0,637.625812532959,580.2043928437499,160.19558695625008,21.239919529609388,15,0.0,
AutoClaims,TabPFN-V3,5,1.0,clip,50.0,1,2000,1000,1.0412605027475086,0.2665,360,0.08251044888721237,0,,0.0,0.0,0.0,0.0,637.625812532959,580.2043928437499,160.19558695625008,21.239919529609388,15,4.6,
AutoClaims,TabPFN-V3,5,1.0,clip,200.0,1,2000,1000,1.0412605027475086,0.2665,360,0.08251044888721237,0,,0.0,0.0,0.0,0.0,637.625812532959,580.2043928437499,160.19558695625008,21.239919529609388,15,4.8,
AutoClaims,TabPFN-V3,5,1.0,log,0.0,1,2000,1000,1.0412605027475086,0.2665,360,0.08251044888721237,0,,0.1149290080898141,0.061968751954461596,0.000723815094903208,0.1859802412763585,635.3215898187191,579.2943504101108,159.46899590493152,24.795847155842587,16,4.7,
AutoClaims,TabPFN-V3,5,1.0,tail_log,50.0,1,2000,1000,1.0412605027475086,0.2665,360,0.08251044888721237,0,,0.0,0.0,0.0,0.0,637.625812532959,580.2043928437499,160.19558695625008,21.239919529609388,15,4.7,
AutoClaims,TabPFN-V3,5,1.0,evt_trim,0.0,1,2000,1000,1.0412605027475086,0.2665,360,0.08251044888721237,0,,0.0,0.0,0.0,0.0,637.625812532959,580.2043928437499,160.19558695625008,21.239919529609388,15,4.8,
AutoClaims,TabPFN-V3,5,100.0,raw,0.0,1,2000,1000,2.620068953708262,0.2665,1,8.251044888721237,0,False,-0.01623914142273911,-0.02757497152617093,-0.09175837771780376,0.3494208399713961,638.2334784997558,582.113927423828,164.78959964179697,28.5342475530469,19,4.7,
AutoClaims,TabPFN-V3,5,100.0,clip,50.0,1,2000,1000,2.620068953708262,0.2665,1,8.251044888721237,1,True,-0.005606153139721858,-0.01552984363698477,0.027216708267526656,0.11821066065567144,637.7931456555176,580.9275439277343,158.9134864484376,23.413054424140647,15,4.7,
AutoClaims,TabPFN-V3,5,100.0,clip,200.0,1,2000,1000,2.620068953708262,0.2665,1,8.251044888721237,1,True,-0.00918914282307376,-0.019010423085910836,-0.060933375318319646,0.39238369614417895,637.9307924597168,580.7237788642577,161.98672039375006,29.58965601789065,18,4.8,
AutoClaims,TabPFN-V3,5,100.0,log,0.0,1,2000,1000,2.620068953708262,0.2665,1,8.251044888721237,0,True,0.11548474407793208,0.06094260890581893,0.029911822830881774,0.2394591433220984,635.3453910403475,579.277162065474,157.83619610789663,26.64865422113239,15,4.8,
AutoClaims,TabPFN-V3,5,100.0,tail_log,50.0,1,2000,1000,2.620068953708262,0.2665,1,8.251044888721237,1,True,-0.020898208471737283,-0.02606181250453543,0.013476366458540563,0.3827199955704459,638.3785507177734,581.6712514863281,158.3940002082032,29.991640779609398,15,4.8,
AutoClaims,TabPFN-V3,5,100.0,evt_trim,0.0,1,2000,1000,2.620068953708262,0.2665,1,8.251044888721237,0,False,-0.01623914142273911,-0.02757497152617093,-0.09175837771780376,0.3494208399713961,638.2334784997558,582.113927423828,164.78959964179697,28.5342475530469,19,4.5,
AutoClaims,TabICLv2,5,1.0,raw,0.0,1,2000,1000,1.0412605027475086,0.2665,360,0.08251044888721237,0,,0.0,0.0,0.0,0.0,636.0991341149902,582.3530126826172,157.63325585273446,26.000162588203143,12,0.0,
AutoClaims,TabICLv2,5,1.0,clip,50.0,1,2000,1000,1.0412605027475086,0.2665,360,0.08251044888721237,0,,0.0,0.0,0.0,0.0,636.0991341149902,582.3530126826172,157.63325585273446,26.000162588203143,12,2.7,
AutoClaims,TabICLv2,5,1.0,clip,200.0,1,2000,1000,1.0412605027475086,0.2665,360,0.08251044888721237,0,,0.0,0.0,0.0,0.0,636.0991341149902,582.3530126826172,157.63325585273446,26.000162588203143,12,2.6,
AutoClaims,TabICLv2,5,1.0,log,0.0,1,2000,1000,1.0412605027475086,0.2665,360,0.08251044888721237,0,,0.0347049427988038,-0.04086606575973038,-0.04574878959302783,0.35877399921808717,635.5071760418542,581.0092476954582,159.04686562817864,22.469841324937388,12,2.6,
AutoClaims,TabICLv2,5,1.0,tail_log,50.0,1,2000,1000,1.0412605027475086,0.2665,360,0.08251044888721237,0,,0.0,0.0,0.0,0.0,636.0991341149902,582.3530126826172,157.63325585273446,26.000162588203143,12,2.7,
AutoClaims,TabICLv2,5,1.0,evt_trim,0.0,1,2000,1000,1.0412605027475086,0.2665,360,0.08251044888721237,0,,0.0,0.0,0.0,0.0,636.0991341149902,582.3530126826172,157.63325585273446,26.000162588203143,12,2.6,
AutoClaims,TabICLv2,5,100.0,raw,0.0,1,2000,1000,2.620068953708262,0.2665,1,8.251044888721237,0,False,0.09512217668838441,0.04335263799117011,0.15758320252597222,0.3355792047278313,637.0616478320312,588.1255773554686,171.38867808906264,23.309484420234394,10,2.6,
AutoClaims,TabICLv2,5,100.0,clip,50.0,1,2000,1000,2.620068953708262,0.2665,1,8.251044888721237,1,True,-0.010513875764455522,0.014985272316416904,0.10862806235787739,0.11734807324783451,636.492325144043,585.328359743164,159.6562950226564,21.904863633125018,10,2.7,
AutoClaims,TabICLv2,5,100.0,clip,200.0,1,2000,1000,2.620068953708262,0.2665,1,8.251044888721237,1,True,0.0866478681788121,0.04186138506383755,0.211095411598748,0.38460965874428316,637.0972411242676,589.7942913935545,172.4103670734376,23.916274144843772,8,2.7,
AutoClaims,TabICLv2,5,100.0,log,0.0,1,2000,1000,2.620068953708262,0.2665,1,8.251044888721237,0,True,0.038158126938618454,-0.033541541727002744,-0.00770681507469855,0.4719781638543039,635.6872463307711,581.6670121947983,157.32310967017185,24.651880302647122,12,2.7,
AutoClaims,TabICLv2,5,100.0,tail_log,50.0,1,2000,1000,2.620068953708262,0.2665,1,8.251044888721237,1,True,0.04743614323015616,0.030849590231467237,0.25559751989172974,0.361209316668458,636.5498094274902,589.7563801630859,167.3770392902345,22.728765496406268,7,2.6,
AutoClaims,TabICLv2,5,100.0,evt_trim,0.0,1,2000,1000,2.620068953708262,0.2665,1,8.251044888721237,0,False,0.09512217668838441,0.04335263799117011,0.15758320252597222,0.3355792047278313,637.0616478320312,588.1255773554686,171.38867808906264,23.309484420234394,10,2.6,
AutoClaims,GBM,5,1.0,raw,0.0,1,2000,1000,1.0412605027475086,0.2665,360,0.08251044888721237,0,,0.0,0.0,0.0,0.0,640.8356247181605,579.0700316329119,169.37859654574743,21.859365053195102,14,0.0,
AutoClaims,GBM,5,1.0,clip,50.0,1,2000,1000,1.0412605027475086,0.2665,360,0.08251044888721237,0,,0.0,0.0,0.0,0.0,640.8356247181605,579.0700316329119,169.37859654574743,21.859365053195102,14,1.7,
AutoClaims,GBM,5,1.0,clip,200.0,1,2000,1000,1.0412605027475086,0.2665,360,0.08251044888721237,0,,0.0,0.0,0.0,0.0,640.8356247181605,579.0700316329119,169.37859654574743,21.859365053195102,14,1.7,
AutoClaims,GBM,5,1.0,log,0.0,1,2000,1000,1.0412605027475086,0.2665,360,0.08251044888721237,0,,0.001082521880921177,-0.0002669694768134661,-0.038438800538817874,-5.712456323118083e-12,642.2896501301777,583.6899787200515,174.70799753389363,21.82831132799809,16,1.8,
AutoClaims,GBM,5,1.0,tail_log,50.0,1,2000,1000,1.0412605027475086,0.2665,360,0.08251044888721237,0,,0.0,0.0,0.0,0.0,640.8356247181605,579.0700316329119,169.37859654574743,21.859365053195102,14,1.7,
AutoClaims,GBM,5,1.0,evt_trim,0.0,1,2000,1000,1.0412605027475086,0.2665,360,0.08251044888721237,0,,0.0,0.0,0.0,0.0,640.8356247181605,579.0700316329119,169.37859654574743,21.859365053195102,14,1.8,
AutoClaims,GBM,5,100.0,raw,0.0,1,2000,1000,2.620068953708262,0.2665,1,8.251044888721237,0,False,0.0,0.006337177992223981,-0.012568206353736188,0.07164442990636534,640.8356247181605,581.7552797450963,180.4326226209702,35.40223269898908,13,1.7,
AutoClaims,GBM,5,100.0,clip,50.0,1,2000,1000,2.620068953708262,0.2665,1,8.251044888721237,1,True,0.0,0.006337177992223981,-0.030237287637911534,-0.002798674316813096,640.8356247181605,581.7552797450963,166.61417531080417,26.88702476727237,14,1.7,
AutoClaims,GBM,5,100.0,clip,200.0,1,2000,1000,2.620068953708262,0.2665,1,8.251044888721237,1,True,0.0,0.006337177992223981,-0.012568206353736188,0.05377019469533931,640.8356247181605,581.7552797450963,177.8725897017643,33.748657725453505,13,1.7,
AutoClaims,GBM,5,100.0,log,0.0,1,2000,1000,2.620068953708262,0.2665,1,8.251044888721237,0,True,0.001082521880921177,0.002243295785386953,-0.027524617893615447,-0.04422112700880034,642.2896501301777,580.0654847178369,161.7242467280827,31.69344100386939,14,1.7,
AutoClaims,GBM,5,100.0,tail_log,50.0,1,2000,1000,2.620068953708262,0.2665,1,8.251044888721237,1,True,0.0,0.006337177992223981,-0.02136007321573953,0.017119659877289976,640.8356247181605,581.7552797450963,165.27162962984264,34.768068580981634,16,1.7,
AutoClaims,GBM,5,100.0,evt_trim,0.0,1,2000,1000,2.620068953708262,0.2665,1,8.251044888721237,0,False,0.0,0.006337177992223981,-0.012568206353736188,0.07164442990636534,640.8356247181605,581.7552797450963,180.4326226209702,35.40223269898908,13,1.7,
AutoClaims,TabPFN-V3,6,1.0,raw,0.0,1,2000,1000,1.1109773218098262,0.2305,109,0.09858733333333333,0,,0.0,0.0,0.0,0.0,661.0685949377441,613.7114847871093,159.08091321992194,31.391650237031275,16,0.0,
AutoClaims,TabPFN-V3,6,1.0,clip,50.0,1,2000,1000,1.1109773218098262,0.2305,109,0.09858733333333333,0,,0.0,0.0,0.0,0.0,661.0685949377441,613.7114847871093,159.08091321992194,31.391650237031275,16,4.7,
AutoClaims,TabPFN-V3,6,1.0,clip,200.0,1,2000,1000,1.1109773218098262,0.2305,109,0.09858733333333333,0,,0.0,0.0,0.0,0.0,661.0685949377441,613.7114847871093,159.08091321992194,31.391650237031275,16,4.7,
AutoClaims,TabPFN-V3,6,1.0,log,0.0,1,2000,1000,1.1109773218098262,0.2305,109,0.09858733333333333,0,,0.10778796410861788,0.08626514470355486,0.04430181258139275,0.0851793428026877,662.657623187773,605.4930546263909,155.09997601975275,26.28721383549357,12,4.6,
AutoClaims,TabPFN-V3,6,1.0,tail_log,50.0,1,2000,1000,1.1109773218098262,0.2305,109,0.09858733333333333,0,,0.0,0.0,0.0,0.0,661.0685949377441,613.7114847871093,159.08091321992194,31.4282772962548,16,4.7,
AutoClaims,TabPFN-V3,6,1.0,evt_trim,0.0,1,2000,1000,1.1109773218098262,0.2305,109,0.09858733333333333,0,,0.0,0.0,0.0,0.0,661.0685949377441,613.7114847871093,159.08091321992194,31.391650237031275,16,4.8,
AutoClaims,TabPFN-V3,6,100.0,raw,0.0,1,2000,1000,4.534584541859226,0.2305,1,9.858733333333333,0,False,-0.002264832357320665,-0.03195872618971808,-0.10650323731957353,0.10524545688016419,660.2059869702149,616.4907226533203,168.03881087617194,29.231838385468777,21,4.8,
AutoClaims,TabPFN-V3,6,100.0,clip,50.0,1,2000,1000,4.534584541859226,0.2305,1,9.858733333333333,1,True,-0.0027182135599027866,-0.011473900585149391,-0.015104756459520398,0.08677650141478632,661.1295444787597,614.693395109375,161.17219676484382,32.284011057343776,17,4.7,
AutoClaims,TabPFN-V3,6,100.0,clip,200.0,1,2000,1000,4.534584541859226,0.2305,1,9.858733333333333,1,True,-0.022542198077874193,-0.0036525264128267603,-0.061356541786801194,0.440815295156206,660.5227925415039,612.3582172382813,163.27521909882822,35.63446273507816,20,4.8,
AutoClaims,TabPFN-V3,6,100.0,log,0.0,1,2000,1000,4.534584541859226,0.2305,1,9.858733333333333,0,True,0.10726866918249173,0.08642279405364287,0.06367380590164026,0.191160510610427,662.635145398373,605.1738885156665,154.97834592447666,29.834313794207308,12,4.6,
AutoClaims,TabPFN-V3,6,100.0,tail_log,50.0,1,2000,1000,4.534584541859226,0.2305,1,9.858733333333333,1,True,0.00020083247301620752,0.005567492793048707,-0.042909712540960286,0.39413846559131094,660.5138223083496,611.1461361835937,161.9306489718751,34.90906544251396,19,4.7,
AutoClaims,TabPFN-V3,6,100.0,evt_trim,0.0,1,2000,1000,4.534584541859226,0.2305,1,9.858733333333333,0,False,-0.002264832357320665,-0.03195872618971808,-0.10650323731957353,0.10524545688016419,660.2059869702149,616.4907226533203,168.03881087617194,29.231838385468777,21,4.7,
AutoClaims,TabICLv2,6,1.0,raw,0.0,1,2000,1000,1.1109773218098262,0.2305,109,0.09858733333333333,0,,0.0,0.0,0.0,0.0,665.0727563122558,615.8710944892578,168.60382650117197,34.3061723014844,5,0.0,
AutoClaims,TabICLv2,6,1.0,clip,50.0,1,2000,1000,1.1109773218098262,0.2305,109,0.09858733333333333,0,,0.0,0.0,0.0,0.0,665.0727563122558,615.8710944892578,168.60382650117197,34.3061723014844,5,2.6,
AutoClaims,TabICLv2,6,1.0,clip,200.0,1,2000,1000,1.1109773218098262,0.2305,109,0.09858733333333333,0,,0.0,0.0,0.0,0.0,665.0727563122558,615.8710944892578,168.60382650117197,34.3061723014844,5,2.7,
AutoClaims,TabICLv2,6,1.0,log,0.0,1,2000,1000,1.1109773218098262,0.2305,109,0.09858733333333333,0,,0.005017719513707714,-0.030973260041623193,-0.11155864215441416,0.31612823363089526,665.3868641167775,606.9287959796013,155.5711031814342,32.2214119664643,7,2.6,
AutoClaims,TabICLv2,6,1.0,tail_log,50.0,1,2000,1000,1.1109773218098262,0.2305,109,0.09858733333333333,0,,0.0,0.0,0.0,0.0,665.0727563122558,615.8710944892578,168.60382650117197,34.3061723014844,5,2.7,
AutoClaims,TabICLv2,6,1.0,evt_trim,0.0,1,2000,1000,1.1109773218098262,0.2305,109,0.09858733333333333,0,,0.0,0.0,0.0,0.0,665.0727563122558,615.8710944892578,168.60382650117197,34.3061723014844,5,2.6,
AutoClaims,TabICLv2,6,100.0,raw,0.0,1,2000,1000,4.534584541859226,0.2305,1,9.858733333333333,0,False,0.03533466495212391,0.059057112933336535,-0.1317134347219483,0.05318266725242963,667.1881271899415,612.0599979853515,170.5336687375001,38.710178311250026,7,2.6,
AutoClaims,TabICLv2,6,100.0,clip,50.0,1,2000,1000,4.534584541859226,0.2305,1,9.858733333333333,1,True,0.012306984975794891,0.008224444076523183,0.08432187023294165,0.10808924555247931,664.524562211914,611.0785199628906,174.2662970089845,31.63488179953127,4,2.6,
AutoClaims,TabICLv2,6,100.0,clip,200.0,1,2000,1000,4.534584541859226,0.2305,1,9.858733333333333,1,True,0.06438563907605163,0.05599358563056825,0.2999666416048634,0.4929381911382368,666.1375872460936,609.1286629853515,209.6083951437502,34.55409486593753,3,2.6,
AutoClaims,TabICLv2,6,100.0,log,0.0,1,2000,1000,4.534584541859226,0.2305,1,9.858733333333333,0,True,0.008844042055944207,-0.021634412844710006,-0.05189628684247259,0.517351018951799,665.5292753287584,606.5756691427999,158.79393101439015,35.08627308213323,6,2.6,
AutoClaims,TabICLv2,6,100.0,tail_log,50.0,1,2000,1000,4.534584541859226,0.2305,1,9.858733333333333,1,True,0.057343635226488325,0.04371092944490895,0.3001109714039891,0.46463385192895323,665.3187251513673,607.5606461152344,203.2225028488283,33.18190593429691,3,2.7,
AutoClaims,TabICLv2,6,100.0,evt_trim,0.0,1,2000,1000,4.534584541859226,0.2305,1,9.858733333333333,0,False,0.03533466495212391,0.059057112933336535,-0.1317134347219483,0.05318266725242963,667.1881271899415,612.0599979853515,170.5336687375001,38.710178311250026,7,2.6,
AutoClaims,GBM,6,1.0,raw,0.0,1,2000,1000,1.1109773218098262,0.2305,109,0.09858733333333333,0,,0.0,0.0,0.0,0.0,662.9946121230885,618.2010821575772,163.98061381899572,28.73513339469515,14,0.0,
AutoClaims,GBM,6,1.0,clip,50.0,1,2000,1000,1.1109773218098262,0.2305,109,0.09858733333333333,0,,0.0,0.0,0.0,0.0,662.9946121230885,618.2010821575772,163.98061381899572,28.73513339469515,14,1.8,
AutoClaims,GBM,6,1.0,clip,200.0,1,2000,1000,1.1109773218098262,0.2305,109,0.09858733333333333,0,,0.0,0.0,0.0,0.0,662.9946121230885,618.2010821575772,163.98061381899572,28.73513339469515,14,1.8,
AutoClaims,GBM,6,1.0,log,0.0,1,2000,1000,1.1109773218098262,0.2305,109,0.09858733333333333,0,,0.0068590546944371725,-0.005228725324517038,-0.001868825837776999,-7.54684747118108e-12,663.5744556788088,606.9328409848631,163.50351185107522,28.604039214240263,13,1.7,
AutoClaims,GBM,6,1.0,tail_log,50.0,1,2000,1000,1.1109773218098262,0.2305,109,0.09858733333333333,0,,0.0,0.0,0.0,0.0,662.9946121230885,618.2010821575772,163.98061381899572,28.73513339469515,14,1.8,
AutoClaims,GBM,6,1.0,evt_trim,0.0,1,2000,1000,1.1109773218098262,0.2305,109,0.09858733333333333,0,,0.0,0.0,0.0,0.0,662.9946121230885,618.2010821575772,163.98061381899572,28.73513339469515,14,1.7,
AutoClaims,GBM,6,100.0,raw,0.0,1,2000,1000,4.534584541859226,0.2305,1,9.858733333333333,0,False,0.0,-0.003859089692230498,0.01457006754291837,0.11982277976605461,662.9946121230885,616.062218205163,224.3616439921744,36.83022342388476,12,1.8,
AutoClaims,GBM,6,100.0,clip,50.0,1,2000,1000,4.534584541859226,0.2305,1,9.858733333333333,1,True,0.0,-0.003859089692230498,0.01457006754291837,0.11982277976605461,662.9946121230885,616.062218205163,169.7974979812345,34.179636202070554,12,1.7,
AutoClaims,GBM,6,100.0,clip,200.0,1,2000,1000,4.534584541859226,0.2305,1,9.858733333333333,1,True,0.0,-0.003859089692230498,0.01457006754291837,0.11982277976605461,662.9946121230885,616.062218205163,188.43024893977488,35.08476778037935,12,1.8,
AutoClaims,GBM,6,100.0,log,0.0,1,2000,1000,4.534584541859226,0.2305,1,9.858733333333333,0,True,0.0068590546944371725,-0.005228725324517038,-0.008869983581661238,0.1198227797670839,663.5744556788088,606.9328409848631,182.52454716599195,36.79396142795175,14,1.8,
AutoClaims,GBM,6,100.0,tail_log,50.0,1,2000,1000,4.534584541859226,0.2305,1,9.858733333333333,1,True,0.0,-0.003859089692230498,0.01457006754291837,0.11982277976605461,662.9946121230885,616.062218205163,197.18831570902773,36.83022342093299,12,1.8,
AutoClaims,GBM,6,100.0,evt_trim,0.0,1,2000,1000,4.534584541859226,0.2305,1,9.858733333333333,0,False,0.0,-0.003859089692230498,0.01457006754291837,0.11982277976605461,662.9946121230885,616.062218205163,224.3616439921744,36.83022342388476,12,1.8,
AutoClaims,TabPFN-V3,7,1.0,raw,0.0,1,2000,1000,1.1315127774721951,0.246,77,0.120814,0,,0.0,0.0,0.0,0.0,680.2877395996094,634.2918476777344,178.21954541718756,32.84492543429689,14,0.0,
AutoClaims,TabPFN-V3,7,1.0,clip,50.0,1,2000,1000,1.1315127774721951,0.246,77,0.120814,0,,0.0,0.0,0.0,0.0,680.2877395996094,634.2918476777344,178.21954541718756,32.84492543429689,14,4.8,
AutoClaims,TabPFN-V3,7,1.0,clip,200.0,1,2000,1000,1.1315127774721951,0.246,77,0.120814,0,,0.0,0.0,0.0,0.0,680.2877395996094,634.2918476777344,178.21954541718756,32.84492543429689,14,5.0,
AutoClaims,TabPFN-V3,7,1.0,log,0.0,1,2000,1000,1.1315127774721951,0.246,77,0.120814,0,,0.11050394312034356,0.07215118194053889,0.025619924884306124,0.22811940827937835,681.0995751506218,628.4552484366977,178.3080630622009,30.110388244199886,13,4.7,
AutoClaims,TabPFN-V3,7,1.0,tail_log,50.0,1,2000,1000,1.1315127774721951,0.246,77,0.120814,0,,0.0,0.0,0.0,0.0,680.2877395996094,634.2918476777344,178.21954541718756,32.84492543429689,14,4.7,
AutoClaims,TabPFN-V3,7,1.0,evt_trim,0.0,1,2000,1000,1.1315127774721951,0.246,77,0.120814,0,,0.0,0.0,0.0,0.0,680.2877395996094,634.2918476777344,178.21954541718756,32.84492543429689,14,4.6,
AutoClaims,TabPFN-V3,7,100.0,raw,0.0,1,2000,1000,5.912031064964751,0.246,1,12.0814,0,False,0.04435542957982829,-0.014854553036094714,-0.0885028065139829,0.08970246087393575,680.0288726464843,635.256070783203,183.64664683320322,31.72236942062502,18,4.7,
AutoClaims,TabPFN-V3,7,100.0,clip,50.0,1,2000,1000,5.912031064964751,0.246,1,12.0814,1,True,0.001713299167243411,-0.011726889964613203,-0.0009975630569392469,0.09858454966421684,680.2109590820313,635.7436951533202,178.9697708175782,29.07165624875002,14,4.7,
AutoClaims,TabPFN-V3,7,100.0,clip,200.0,1,2000,1000,5.912031064964751,0.246,1,12.0814,1,True,-0.007840861821835174,-0.0066647155051065094,-0.04382991536799026,0.3123276325642196,680.5020956750487,635.3507522871093,181.1303692550782,30.447249580781275,17,4.7,
AutoClaims,TabPFN-V3,7,100.0,log,0.0,1,2000,1000,5.912031064964751,0.246,1,12.0814,0,True,0.11482433248975676,0.067955896526812,0.04078357814216295,0.3307180042012785,681.0774194110918,628.7398619390644,177.4538831670708,28.848883705248078,11,4.8,
AutoClaims,TabPFN-V3,7,100.0,tail_log,50.0,1,2000,1000,5.912031064964751,0.246,1,12.0814,1,True,0.0018427437136018686,-0.004801362496240762,-0.032837466621785986,0.33487727467382006,680.3037154541015,635.0533516035156,180.28746569062508,30.31612812889157,16,4.7,
AutoClaims,TabPFN-V3,7,100.0,evt_trim,0.0,1,2000,1000,5.912031064964751,0.246,1,12.0814,0,False,0.04435542957982829,-0.014854553036094714,-0.0885028065139829,0.08970246087393575,680.0288726464843,635.256070783203,183.64664683320322,31.72236942062502,18,4.7,
AutoClaims,TabICLv2,7,1.0,raw,0.0,1,2000,1000,1.1315127774721951,0.246,77,0.120814,0,,0.0,0.0,0.0,0.0,681.580948729248,630.9943592060547,185.75608339570326,38.84930814523439,10,0.0,
AutoClaims,TabICLv2,7,1.0,clip,50.0,1,2000,1000,1.1315127774721951,0.246,77,0.120814,0,,0.0,0.0,0.0,0.0,681.580948729248,630.9943592060547,185.75608339570326,38.84930814523439,10,2.6,
AutoClaims,TabICLv2,7,1.0,clip,200.0,1,2000,1000,1.1315127774721951,0.246,77,0.120814,0,,0.0,0.0,0.0,0.0,681.580948729248,630.9943592060547,185.75608339570326,38.84930814523439,10,2.7,
AutoClaims,TabICLv2,7,1.0,log,0.0,1,2000,1000,1.1315127774721951,0.246,77,0.120814,0,,0.046418642899789114,-0.03224765224661252,-0.07483555495099362,0.35314371204964345,682.4680618894039,627.7077006536517,180.81069562421007,27.60081820718913,10,2.7,
AutoClaims,TabICLv2,7,1.0,tail_log,50.0,1,2000,1000,1.1315127774721951,0.246,77,0.120814,0,,0.0,0.0,0.0,0.0,681.580948729248,630.9943592060547,185.75608339570326,38.84930814523439,10,2.6,
AutoClaims,TabICLv2,7,1.0,evt_trim,0.0,1,2000,1000,1.1315127774721951,0.246,77,0.120814,0,,0.0,0.0,0.0,0.0,681.580948729248,630.9943592060547,185.75608339570326,38.84930814523439,10,2.6,
AutoClaims,TabICLv2,7,100.0,raw,0.0,1,2000,1000,5.912031064964751,0.246,1,12.0814,0,False,0.044138333907665236,0.09698428848767202,-0.11066168467207255,0.0641460197894843,683.0512708056641,637.0607037910155,193.76348509492195,42.83909553585939,10,2.6,
AutoClaims,TabICLv2,7,100.0,clip,50.0,1,2000,1000,5.912031064964751,0.246,1,12.0814,1,True,0.015484315645749468,0.00491621065898885,0.06630602598874434,0.08767853805404674,681.3312023608398,630.1813084980469,189.63306065156263,34.57444769113283,10,2.7,
AutoClaims,TabICLv2,7,100.0,clip,200.0,1,2000,1000,5.912031064964751,0.246,1,12.0814,1,True,0.09057777196004467,0.027382601203819662,0.17334714177744445,0.3556677569481689,683.9590713964844,629.450250319336,204.12731553437513,30.07129423507815,10,2.6,
AutoClaims,TabICLv2,7,100.0,log,0.0,1,2000,1000,5.912031064964751,0.246,1,12.0814,0,True,0.05127779712533691,-0.022397115244426974,-0.013819737723193552,0.5608143447062675,682.6094384736995,627.7540972995772,181.99867099999682,29.650638523702625,10,2.6,
AutoClaims,TabICLv2,7,100.0,tail_log,50.0,1,2000,1000,5.912031064964751,0.246,1,12.0814,1,True,0.08266911729574364,0.02025223140726626,0.18907305577536512,0.35563801052541905,683.7048465380859,628.8140348359374,202.21249596406264,29.490683076875026,9,2.7,
AutoClaims,TabICLv2,7,100.0,evt_trim,0.0,1,2000,1000,5.912031064964751,0.246,1,12.0814,0,False,0.044138333907665236,0.09698428848767202,-0.11066168467207255,0.0641460197894843,683.0512708056641,637.0607037910155,193.76348509492195,42.83909553585939,10,2.6,
AutoClaims,GBM,7,1.0,raw,0.0,1,2000,1000,1.1315127774721951,0.246,77,0.120814,0,,0.0,0.0,0.0,0.0,686.8128025566633,630.3254972233835,183.20807872189926,46.12036083635017,12,0.0,
AutoClaims,GBM,7,1.0,clip,50.0,1,2000,1000,1.1315127774721951,0.246,77,0.120814,0,,0.0,0.0,0.0,0.0,686.8128025566633,630.3254972233835,183.20807872189926,46.12036083635017,12,1.7,
AutoClaims,GBM,7,1.0,clip,200.0,1,2000,1000,1.1315127774721951,0.246,77,0.120814,0,,0.0,0.0,0.0,0.0,686.8128025566633,630.3254972233835,183.20807872189926,46.12036083635017,12,1.7,
AutoClaims,GBM,7,1.0,log,0.0,1,2000,1000,1.1315127774721951,0.246,77,0.120814,0,,0.012226576955921456,-0.006248249927799746,-0.022251954199801773,-3.1903080231136223e-10,684.8413563853646,632.2181303341191,190.1705654419116,48.749399211141906,16,1.7,
AutoClaims,GBM,7,1.0,tail_log,50.0,1,2000,1000,1.1315127774721951,0.246,77,0.120814,0,,0.0,0.0,0.0,0.0,686.8128025566633,630.3254972233835,183.20807872189926,46.12036083635017,12,1.7,
AutoClaims,GBM,7,1.0,evt_trim,0.0,1,2000,1000,1.1315127774721951,0.246,77,0.120814,0,,0.0,0.0,0.0,0.0,686.8128025566633,630.3254972233835,183.20807872189926,46.12036083635017,12,1.7,
AutoClaims,GBM,7,100.0,raw,0.0,1,2000,1000,5.912031064964751,0.246,1,12.0814,0,False,0.0,0.0,-0.07117525355913265,0.4259142098486349,686.8128025566633,630.3254972233835,304.7045390338388,279.50551963745664,20,1.8,
AutoClaims,GBM,7,100.0,clip,50.0,1,2000,1000,5.912031064964751,0.246,1,12.0814,1,True,0.0,0.0,-0.04665662835636687,0.4259142098486349,686.8128025566633,630.3254972233835,195.61016822624268,38.82615038386952,21,1.8,
AutoClaims,GBM,7,100.0,clip,200.0,1,2000,1000,5.912031064964751,0.246,1,12.0814,1,True,0.0,0.0,-0.07117525355913265,0.4259142098486349,686.8128025566633,630.3254972233835,220.93706929284204,103.99140353172703,20,2.0,
AutoClaims,GBM,7,100.0,log,0.0,1,2000,1000,5.912031064964751,0.246,1,12.0814,0,True,0.012226576955921456,-0.006248249927799746,-0.05706478869937824,0.4259142098266902,684.8413563853646,632.2181303341191,189.91558823822243,246.26151934559545,19,2.0,
AutoClaims,GBM,7,100.0,tail_log,50.0,1,2000,1000,5.912031064964751,0.246,1,12.0814,1,True,0.0,0.0,-0.07117525355913265,0.4259142098486349,686.8128025566633,630.3254972233835,217.89990489836813,250.3913859301239,20,1.9,
AutoClaims,GBM,7,100.0,evt_trim,0.0,1,2000,1000,5.912031064964751,0.246,1,12.0814,0,False,0.0,0.0,-0.07117525355913265,0.4259142098486349,686.8128025566633,630.3254972233835,304.7045390338388,279.50551963745664,20,1.8,
AutoClaims,TabPFN-V3,8,1.0,raw,0.0,1,2000,1000,1.110648729078502,0.223,346,0.04807433333333334,0,,0.0,0.0,0.0,0.0,627.0952614257812,563.3047137333983,139.29000860039068,26.592211165703144,13,0.0,
AutoClaims,TabPFN-V3,8,1.0,clip,50.0,1,2000,1000,1.110648729078502,0.223,346,0.04807433333333334,1,,5.999640787562782e-05,-1.390416683899424e-05,-0.0006275436906982085,-0.0007319765921231397,627.0989250610352,563.3261721074218,139.30266018242196,26.40364057390627,13,4.7,
AutoClaims,TabPFN-V3,8,1.0,clip,200.0,1,2000,1000,1.110648729078502,0.223,346,0.04807433333333334,0,,0.0,0.0,0.0,0.0,627.0952614257812,563.3047137333983,139.29000860039068,26.592211165703144,13,4.7,
AutoClaims,TabPFN-V3,8,1.0,log,0.0,1,2000,1000,1.110648729078502,0.223,346,0.04807433333333334,0,,0.12894899223962053,0.07871366647245769,0.038996990917373506,0.16589032608602866,627.4848939051811,561.5725604139983,139.05272891071374,27.28703715605042,11,4.7,
AutoClaims,TabPFN-V3,8,1.0,tail_log,50.0,1,2000,1000,1.110648729078502,0.223,346,0.04807433333333334,1,,2.1183225794333897e-07,-2.1292719316708995e-07,-1.352056721136327e-06,-1.595264230380612e-06,627.0952714050294,563.3048078984375,139.28655825859383,26.593085427421897,13,4.7,
AutoClaims,TabPFN-V3,8,1.0,evt_trim,0.0,1,2000,1000,1.110648729078502,0.223,346,0.04807433333333334,0,,0.0,0.0,0.0,0.0,627.0952614257812,563.3047137333983,139.29000860039068,26.592211165703144,13,4.8,
AutoClaims,TabPFN-V3,8,100.0,raw,0.0,1,2000,1000,2.367766615488044,0.223,1,4.807433333333333,0,False,-0.023983050378590047,-0.017095592673279217,-0.08491838098953979,0.13184280039076657,628.4320692297364,563.6111295439451,144.15028968437508,32.91287199187503,20,4.7,
AutoClaims,TabPFN-V3,8,100.0,clip,50.0,1,2000,1000,2.367766615488044,0.223,1,4.807433333333333,2,True,-0.003261510561731385,-0.009993360785413465,-0.0031560324921899915,0.061219799134962755,627.2691736206056,563.5370419316406,139.85320615898445,26.103231624687524,13,4.8,
AutoClaims,TabPFN-V3,8,100.0,clip,200.0,1,2000,1000,2.367766615488044,0.223,1,4.807433333333333,1,True,-0.0074783511303108665,-0.0005599703021839915,-0.06687173684947076,0.18595813345805173,627.2676798303223,562.5473193291015,142.81077216484383,30.927123423515653,18,4.7,
AutoClaims,TabPFN-V3,8,100.0,log,0.0,1,2000,1000,2.367766615488044,0.223,1,4.807433333333333,0,True,0.1283735136992502,0.08188147846078539,0.03749916371289254,0.19445262767983715,627.547784700921,561.3036534797228,139.4843020048364,30.29988964081724,12,4.8,
AutoClaims,TabPFN-V3,8,100.0,tail_log,50.0,1,2000,1000,2.367766615488044,0.223,1,4.807433333333333,2,True,-0.009267902192014047,-0.004766492832182039,-0.022074147796950577,0.22117536746497576,627.5799477087403,562.9792429814453,139.9867539812501,29.198534340215417,15,4.7,
AutoClaims,TabPFN-V3,8,100.0,evt_trim,0.0,1,2000,1000,2.367766615488044,0.223,1,4.807433333333333,3,True,0.015376425224815568,0.020831757958865476,0.00974517092086654,-0.1004471765974197,626.9566951672364,562.8209072392578,138.96538490898448,27.52986371843752,12,4.7,
AutoClaims,TabICLv2,8,1.0,raw,0.0,1,2000,1000,1.110648729078502,0.223,346,0.04807433333333334,0,,0.0,0.0,0.0,0.0,632.5878750976563,569.0938609062498,146.05609789726574,26.200448838554703,3,0.0,
AutoClaims,TabICLv2,8,1.0,clip,50.0,1,2000,1000,1.110648729078502,0.223,346,0.04807433333333334,1,,-0.0002337709888105732,-0.00016198072072309816,-0.00045798319621001256,-0.0005877022477046127,632.5936193908692,569.0758087578125,146.00008978203138,26.197374956718768,3,2.6,
AutoClaims,TabICLv2,8,1.0,clip,200.0,1,2000,1000,1.110648729078502,0.223,346,0.04807433333333334,0,,0.0,0.0,0.0,0.0,632.5878750976563,569.0938609062498,146.05609789726574,26.200448838554703,3,2.6,
AutoClaims,TabICLv2,8,1.0,log,0.0,1,2000,1000,1.110648729078502,0.223,346,0.04807433333333334,0,,0.02378123401946774,-0.04634662154732041,-0.10651696933522077,0.3287902453357909,631.6018212189347,564.708482272265,142.07123553794528,26.59579649760402,8,2.8,
AutoClaims,TabICLv2,8,1.0,tail_log,50.0,1,2000,1000,1.110648729078502,0.223,346,0.04807433333333334,1,,-3.1502586188909973e-07,-9.995040625587047e-07,2.1892824764799276e-07,1.9019794043291149e-07,632.5879286560058,569.0938891533202,146.05610864921886,26.200445314140644,3,2.7,
AutoClaims,TabICLv2,8,1.0,evt_trim,0.0,1,2000,1000,1.110648729078502,0.223,346,0.04807433333333334,0,,0.0,0.0,0.0,0.0,632.5878750976563,569.0938609062498,146.05609789726574,26.200448838554703,3,2.6,
AutoClaims,TabICLv2,8,100.0,raw,0.0,1,2000,1000,2.367766615488044,0.223,1,4.807433333333333,0,False,0.09566873768157118,0.0524272099050988,0.1153632531982622,0.30949435150893573,635.7926983532715,576.1529180986328,185.03457274101578,28.3189499352344,4,2.7,
AutoClaims,TabICLv2,8,100.0,clip,50.0,1,2000,1000,2.367766615488044,0.223,1,4.807433333333333,2,True,0.018359984648874145,-0.00063085704453212,0.04237514871299286,0.06399340422284326,632.2540719653321,568.8714270341795,151.6596369304689,25.95269149578127,3,2.7,
AutoClaims,TabICLv2,8,100.0,clip,200.0,1,2000,1000,2.367766615488044,0.223,1,4.807433333333333,1,True,0.09178000910156292,0.04573872942689433,0.09624159052068562,0.24959231591417608,634.8999429626465,575.7437765898437,175.20464456718767,26.57387427996096,3,2.7,
AutoClaims,TabICLv2,8,100.0,log,0.0,1,2000,1000,2.367766615488044,0.223,1,4.807433333333333,0,True,0.025736417844274176,-0.03871384272150754,-0.07524371671034633,0.43481723800341937,631.6090049760517,565.3382117598002,145.89872002659018,30.145606516809554,8,2.6,
AutoClaims,TabICLv2,8,100.0,tail_log,50.0,1,2000,1000,2.367766615488044,0.223,1,4.807433333333333,2,True,0.07146581500884305,0.022354874892158923,0.07950668673362005,0.17309372470736153,632.7984908752442,570.7211007060546,162.6810426238283,25.279455009453148,3,2.6,
AutoClaims,TabICLv2,8,100.0,evt_trim,0.0,1,2000,1000,2.367766615488044,0.223,1,4.807433333333333,3,True,0.009023892943693382,-0.04533234949222901,-0.16144082934583756,-0.16337544997150544,632.9769431018067,565.0851520292969,136.83950970390637,26.469911065117206,10,2.6,
AutoClaims,GBM,8,1.0,raw,0.0,1,2000,1000,1.110648729078502,0.223,346,0.04807433333333334,0,,0.0,0.0,0.0,0.0,628.545986759118,571.2173813545966,145.92460433234717,30.908289396967717,14,0.0,
AutoClaims,GBM,8,1.0,clip,50.0,1,2000,1000,1.110648729078502,0.223,346,0.04807433333333334,1,,0.0,0.0,0.0033466906610298457,0.0,628.545986759118,571.2173813545966,146.0479422974835,30.898833925550008,14,1.6,
AutoClaims,GBM,8,1.0,clip,200.0,1,2000,1000,1.110648729078502,0.223,346,0.04807433333333334,0,,0.0,0.0,0.0,0.0,628.545986759118,571.2173813545966,145.92460433234717,30.908289396967717,14,1.6,
AutoClaims,GBM,8,1.0,log,0.0,1,2000,1000,1.110648729078502,0.223,346,0.04807433333333334,0,,-0.005525680597101956,-0.0024122925733349055,0.006233065632779446,-2.2487512387191548e-12,629.9863338236725,573.244289484919,140.72147529093849,30.763637173029217,11,1.7,
AutoClaims,GBM,8,1.0,tail_log,50.0,1,2000,1000,1.110648729078502,0.223,346,0.04807433333333334,1,,0.0,0.0,7.929421206028906e-06,0.0,628.545986759118,571.2173813545966,145.9241538631073,30.90828252689452,14,1.7,
AutoClaims,GBM,8,1.0,evt_trim,0.0,1,2000,1000,1.110648729078502,0.223,346,0.04807433333333334,0,,0.0,0.0,0.0,0.0,628.545986759118,571.2173813545966,145.92460433234717,30.908289396967717,14,1.7,
AutoClaims,GBM,8,100.0,raw,0.0,1,2000,1000,2.367766615488044,0.223,1,4.807433333333333,0,False,0.0,0.018533800714782424,-0.009564176578771852,-8.846918598143679e-11,628.545986759118,576.6323671172705,154.93858543733654,30.486392451731856,13,1.7,
AutoClaims,GBM,8,100.0,clip,50.0,1,2000,1000,2.367766615488044,0.223,1,4.807433333333333,2,True,0.0,0.018533800714782424,-0.031473735190778104,-8.847760695658568e-11,628.545986759118,576.6323671172705,150.05070078003408,29.05821414058871,17,1.7,
AutoClaims,GBM,8,100.0,clip,200.0,1,2000,1000,2.367766615488044,0.223,1,4.807433333333333,1,True,0.0,0.018533800714782424,-0.009564176578771852,-8.846918598143679e-11,628.545986759118,576.6323671172705,152.58605967510852,30.160218839042702,13,1.7,
AutoClaims,GBM,8,100.0,log,0.0,1,2000,1000,2.367766615488044,0.223,1,4.807433333333333,0,True,-0.005525680597101956,0.01908156078097483,-0.011867629507318976,-1.57366973094951e-12,629.9863338236725,574.9593025631358,145.82326674844523,30.004249777273166,11,2421.7,
AutoClaims,GBM,8,100.0,tail_log,50.0,1,2000,1000,2.367766615488044,0.223,1,4.807433333333333,2,True,0.0,0.018533800714782424,-0.009563293534852012,-8.846918598143679e-11,628.545986759118,576.6323671172705,149.01445131489535,30.199195141376784,13,5119.2,
AutoClaims,GBM,8,100.0,evt_trim,0.0,1,2000,1000,2.367766615488044,0.223,1,4.807433333333333,3,True,0.0,0.018429115717902296,0.005272028465398131,-0.016636664647833473,628.545986759118,574.4559818564943,138.5370828295576,35.12194958178111,13,4.1,
AutoClaims,TabPFN-V3,9,1.0,raw,0.0,1,2000,1000,1.040318691378277,0.2765,377,0.08018951339117315,0,,0.0,0.0,0.0,0.0,629.4567529321289,570.1830085878906,159.74899229531258,26.332207985390646,12,0.0,
AutoClaims,TabPFN-V3,9,1.0,clip,50.0,1,2000,1000,1.040318691378277,0.2765,377,0.08018951339117315,0,,0.0,0.0,0.0,0.0,629.4567529321289,570.1830085878906,159.74899229531258,26.332207985390646,12,4.9,
AutoClaims,TabPFN-V3,9,1.0,clip,200.0,1,2000,1000,1.040318691378277,0.2765,377,0.08018951339117315,0,,0.0,0.0,0.0,0.0,629.4567529321289,570.1830085878906,159.74899229531258,26.332207985390646,12,4.8,
AutoClaims,TabPFN-V3,9,1.0,log,0.0,1,2000,1000,1.040318691378277,0.2765,377,0.08018951339117315,0,,0.1076752283057226,0.06884082942384148,0.012851657469328226,0.14975800531262082,628.4074832208262,566.8440230686081,159.89781097524116,26.03510378273306,12,4.7,
AutoClaims,TabPFN-V3,9,1.0,tail_log,50.0,1,2000,1000,1.040318691378277,0.2765,377,0.08018951339117315,0,,0.0,0.0,0.0,0.0,629.4567529321289,570.1830085878906,159.74899229531258,26.332207985390646,12,4.7,
AutoClaims,TabPFN-V3,9,1.0,evt_trim,0.0,1,2000,1000,1.040318691378277,0.2765,377,0.08018951339117315,0,,0.0,0.0,0.0,0.0,629.4567529321289,570.1830085878906,159.74899229531258,26.332207985390646,12,4.8,
AutoClaims,TabPFN-V3,9,100.0,raw,0.0,1,2000,1000,2.536187549731722,0.2765,1,8.018951339117315,0,False,-0.015916095582523916,-0.01871118140585182,-0.053395088617214564,0.32522159992612654,630.1403535314942,572.1110494814452,162.11693604531257,28.719027403359398,15,4.5,
AutoClaims,TabPFN-V3,9,100.0,clip,50.0,1,2000,1000,2.536187549731722,0.2765,1,8.018951339117315,1,True,-0.003748298385773837,-0.010765511529958756,0.027356214774537323,0.11833720292520465,629.5903632653808,571.0518250917968,159.33242229531257,27.14964944437502,11,4.8,
AutoClaims,TabPFN-V3,9,100.0,clip,200.0,1,2000,1000,2.536187549731722,0.2765,1,8.018951339117315,1,True,-0.012903237268201612,-0.014226313934236004,-0.028555093776052365,0.35333946915895265,630.0111604040528,571.7888027773438,160.66920512734384,29.4837863252344,15,4.6,
AutoClaims,TabPFN-V3,9,100.0,log,0.0,1,2000,1000,2.536187549731722,0.2765,1,8.018951339117315,0,True,0.11200282314357746,0.06530494583743574,0.02365143651175595,0.23016639528778524,628.3011983654005,566.8573206726636,159.09025571328237,26.855791794232186,11,4.5,
AutoClaims,TabPFN-V3,9,100.0,tail_log,50.0,1,2000,1000,2.536187549731722,0.2765,1,8.018951339117315,1,True,-0.018899489610592034,-0.022898845840358124,0.027624238281538996,0.3686094579165835,630.3749436828613,571.9866975039062,158.90494320351573,29.276516667255745,11,4.5,
AutoClaims,TabPFN-V3,9,100.0,evt_trim,0.0,1,2000,1000,2.536187549731722,0.2765,1,8.018951339117315,0,False,-0.015916095582523916,-0.01871118140585182,-0.053395088617214564,0.32522159992612654,630.1403535314942,572.1110494814452,162.11693604531257,28.719027403359398,15,4.9,
AutoClaims,TabICLv2,9,1.0,raw,0.0,1,2000,1000,1.040318691378277,0.2765,377,0.08018951339117315,0,,0.0,0.0,0.0,0.0,629.9437896093749,567.0337297988281,160.2040723050782,36.90855245023439,10,0.0,
AutoClaims,TabICLv2,9,1.0,clip,50.0,1,2000,1000,1.040318691378277,0.2765,377,0.08018951339117315,0,,0.0,0.0,0.0,0.0,629.9437896093749,567.0337297988281,160.2040723050782,36.90855245023439,10,2.9,
AutoClaims,TabICLv2,9,1.0,clip,200.0,1,2000,1000,1.040318691378277,0.2765,377,0.08018951339117315,0,,0.0,0.0,0.0,0.0,629.9437896093749,567.0337297988281,160.2040723050782,36.90855245023439,10,2.9,
AutoClaims,TabICLv2,9,1.0,log,0.0,1,2000,1000,1.040318691378277,0.2765,377,0.08018951339117315,0,,0.0363457905792304,-0.03782394555634509,0.02494163832720925,0.5324472623861268,630.0585346682255,566.4050548645145,160.58466491420842,29.15112311467266,10,2.8,
AutoClaims,TabICLv2,9,1.0,tail_log,50.0,1,2000,1000,1.040318691378277,0.2765,377,0.08018951339117315,0,,0.0,0.0,0.0,0.0,629.9437896093749,567.0337297988281,160.2040723050782,36.90855245023439,10,3.1,
AutoClaims,TabICLv2,9,1.0,evt_trim,0.0,1,2000,1000,1.040318691378277,0.2765,377,0.08018951339117315,0,,0.0,0.0,0.0,0.0,629.9437896093749,567.0337297988281,160.2040723050782,36.90855245023439,10,3.7,
AutoClaims,TabICLv2,9,100.0,raw,0.0,1,2000,1000,2.536187549731722,0.2765,1,8.018951339117315,0,False,0.11651612157745123,0.061328167056961785,0.31688896604902095,0.5265797070486624,628.6799839941406,567.802103939453,178.96046911171888,31.309511040078153,6,2.9,
AutoClaims,TabICLv2,9,100.0,clip,50.0,1,2000,1000,2.536187549731722,0.2765,1,8.018951339117315,1,True,-0.022692597367473144,0.017380360854038674,0.13843179540684966,0.1404912485671036,629.1919932617187,565.6717976113281,164.72911442421886,31.650499081093763,7,2.8,
AutoClaims,TabICLv2,9,100.0,clip,200.0,1,2000,1000,2.536187549731722,0.2765,1,8.018951339117315,1,True,0.10897054032228605,0.056063657624233605,0.34412880133995716,0.5445963710253878,628.416374510498,567.3153787978515,178.51075323281265,30.861102881875027,5,2.7,
AutoClaims,TabICLv2,9,100.0,log,0.0,1,2000,1000,2.536187549731722,0.2765,1,8.018951339117315,0,True,0.04234298691990648,-0.02398961009699828,0.07327989268446389,0.6892773171822291,630.0177810200148,566.7165544428443,161.35179060922067,30.82667630488178,8,2.7,
AutoClaims,TabICLv2,9,100.0,tail_log,50.0,1,2000,1000,2.536187549731722,0.2765,1,8.018951339117315,1,True,0.05197081498232947,0.03026081932853754,0.35937417420763873,0.4700651044438639,628.0747239013672,567.1482794912108,176.27024907265638,29.07482416312502,5,2.7,
AutoClaims,TabICLv2,9,100.0,evt_trim,0.0,1,2000,1000,2.536187549731722,0.2765,1,8.018951339117315,0,False,0.11651612157745123,0.061328167056961785,0.31688896604902095,0.5265797070486624,628.6799839941406,567.802103939453,178.96046911171888,31.309511040078153,6,2.7,
AutoClaims,GBM,9,1.0,raw,0.0,1,2000,1000,1.040318691378277,0.2765,377,0.08018951339117315,0,,0.0,0.0,0.0,0.0,631.1973927020526,570.309117156412,175.06056828040437,42.873658413423634,14,0.0,
AutoClaims,GBM,9,1.0,clip,50.0,1,2000,1000,1.040318691378277,0.2765,377,0.08018951339117315,0,,0.0,0.0,0.0,0.0,631.1973927020526,570.309117156412,175.06056828040437,42.873658413423634,14,2.3,
AutoClaims,GBM,9,1.0,clip,200.0,1,2000,1000,1.040318691378277,0.2765,377,0.08018951339117315,0,,0.0,0.0,0.0,0.0,631.1973927020526,570.309117156412,175.06056828040437,42.873658413423634,14,2.1,
AutoClaims,GBM,9,1.0,log,0.0,1,2000,1000,1.040318691378277,0.2765,377,0.08018951339117315,0,,-0.000757043221686843,0.0024011800416323154,-0.007244249978166599,-0.005759609658305155,631.609825569482,572.1562236806441,179.55391645789496,42.58434314531129,19,2.0,
AutoClaims,GBM,9,1.0,tail_log,50.0,1,2000,1000,1.040318691378277,0.2765,377,0.08018951339117315,0,,0.0,0.0,0.0,0.0,631.1973927020526,570.309117156412,175.06056828040437,42.873658413423634,14,1.8,
AutoClaims,GBM,9,1.0,evt_trim,0.0,1,2000,1000,1.040318691378277,0.2765,377,0.08018951339117315,0,,0.0,0.0,0.0,0.0,631.1973927020526,570.309117156412,175.06056828040437,42.873658413423634,14,1.9,
AutoClaims,GBM,9,100.0,raw,0.0,1,2000,1000,2.536187549731722,0.2765,1,8.018951339117315,0,False,0.0,-0.0031706641996196295,-0.007015992070088982,0.3682742559112358,631.1973927020526,572.7084127788769,171.77914503048282,42.510693401302035,14,2.1,
AutoClaims,GBM,9,100.0,clip,50.0,1,2000,1000,2.536187549731722,0.2765,1,8.018951339117315,1,True,0.0,-0.0031706641996196295,0.012116819417338462,0.11697290817334059,631.1973927020526,572.7084127788769,168.37868872472143,38.157623898713695,12,2.0,
AutoClaims,GBM,9,100.0,clip,200.0,1,2000,1000,2.536187549731722,0.2765,1,8.018951339117315,1,True,0.0,-0.0031706641996196295,-0.007015992070088982,0.3682742559112358,631.1973927020526,572.7084127788769,171.15853201749545,40.939590863012036,14,1.8,
AutoClaims,GBM,9,100.0,log,0.0,1,2000,1000,2.536187549731722,0.2765,1,8.018951339117315,0,True,-0.000757043221686843,-0.0006394637001355548,0.013467599249069331,0.03097240366558397,631.609825569482,571.5533528673767,174.21578480184334,40.63251189007834,14,2.3,
AutoClaims,GBM,9,100.0,tail_log,50.0,1,2000,1000,2.536187549731722,0.2765,1,8.018951339117315,1,True,0.0,-0.0031706641996196295,-0.007015992070088982,0.3693957177041798,631.1973927020526,572.7084127788769,168.9933542293391,34.26275619286185,14,2.1,
AutoClaims,GBM,9,100.0,evt_trim,0.0,1,2000,1000,2.536187549731722,0.2765,1,8.018951339117315,0,False,0.0,-0.0031706641996196295,-0.007015992070088982,0.3682742559112358,631.1973927020526,572.7084127788769,171.77914503048282,42.510693401302035,14,2.0,
MEPS_2016_TOTEXP,TabPFN-V3,0,1.0,raw,0.0,1,2000,1000,1.4442657327068682,0.0685,47,0.056510057867181045,0,,0.0,0.0,0.0,0.0,1752.39009278059,1934.6098553482057,663.5612061499027,136.8025741616212,15,0.0,
MEPS_2016_TOTEXP,TabPFN-V3,0,1.0,clip,50.0,1,2000,1000,1.4442657327068682,0.0685,47,0.056510057867181045,6,,-0.07098720778581283,-0.07901317365610776,-0.05974306983180884,-0.05172256523447088,1750.0844983320237,1892.8094900894162,631.6274172363284,126.50187524511728,17,6.4,
MEPS_2016_TOTEXP,TabPFN-V3,0,1.0,clip,200.0,1,2000,1000,1.4442657327068682,0.0685,47,0.056510057867181045,1,,-0.08627668571405048,-0.03387333215490994,-0.03882906354988259,-0.027526323338851237,1753.7728454971314,1937.1230666992187,654.4215022753909,147.09598799755872,19,6.2,
MEPS_2016_TOTEXP,TabPFN-V3,0,1.0,log,0.0,1,2000,1000,1.4442657327068682,0.0685,47,0.056510057867181045,0,,0.2755818995891294,0.10919019805145572,0.6873540178870172,41429.43772796061,1735.8369064873064,1834.7870816153231,753391328388.6179,3.768267443290833e+52,7,6.2,
MEPS_2016_TOTEXP,TabPFN-V3,0,1.0,tail_log,50.0,1,2000,1000,1.4442657327068682,0.0685,47,0.056510057867181045,6,,-0.03155024148784866,-0.05738030562870566,-0.02655482180704008,0.03527143107866969,1752.1567726716996,1918.4944963246758,1989.5148778543805,69110.49532193238,18,6.2,
MEPS_2016_TOTEXP,TabPFN-V3,0,1.0,evt_trim,0.0,1,2000,1000,1.4442657327068682,0.0685,47,0.056510057867181045,0,,0.0,0.0,0.0,0.0,1752.39009278059,1934.6098553482057,663.5612061499027,136.8025741616212,15,6.2,
MEPS_2016_TOTEXP,TabPFN-V3,0,100.0,raw,0.0,1,2000,1000,4.2234338220447025,0.0685,1,5.6510057867181045,0,False,0.44381649235157733,-0.031513070379081826,-0.06949550347260233,-0.06130200542963171,1758.923191795349,1898.5317781860351,778.4069229724124,214.27414356250014,17,6.6,
MEPS_2016_TOTEXP,TabPFN-V3,0,100.0,clip,50.0,1,2000,1000,4.2234338220447025,0.0685,1,5.6510057867181045,7,True,-0.06972059964319972,-0.0807439752610023,-0.061310566893883076,-0.05493186889204075,1750.1424060468673,1893.0743980712891,632.6962259594729,124.69187413232432,18,6.7,
MEPS_2016_TOTEXP,TabPFN-V3,0,100.0,clip,200.0,1,2000,1000,4.2234338220447025,0.0685,1,5.6510057867181045,2,True,0.028691650845980268,0.01214844092314022,0.000518162753402617,0.0026724078712442624,1756.513396308899,1955.6166443222044,670.9112804931644,142.65395958007824,15,6.8,
MEPS_2016_TOTEXP,TabPFN-V3,0,100.0,log,0.0,1,2000,1000,4.2234338220447025,0.0685,1,5.6510057867181045,0,True,0.2734429075516905,0.10685595797170748,0.7224918002640486,54410.246590653034,1734.883599831921,1836.5833832867072,3781430016510.5996,4.795802606847624e+54,7,6.8,
MEPS_2016_TOTEXP,TabPFN-V3,0,100.0,tail_log,50.0,1,2000,1000,4.2234338220447025,0.0685,1,5.6510057867181045,7,True,-0.011565066889214704,0.012930280823798917,-0.012961319909449931,-0.003224942844716271,1752.2823566246034,1971.1198598749772,58801.689021944825,2815106.669539776,17,6.7,
MEPS_2016_TOTEXP,TabPFN-V3,0,100.0,evt_trim,0.0,1,2000,1000,4.2234338220447025,0.0685,1,5.6510057867181045,0,False,0.44381649235157733,-0.031513070379081826,-0.06949550347260233,-0.06130200542963171,1758.923191795349,1898.5317781860351,778.4069229724124,214.27414356250014,17,6.7,
MEPS_2016_TOTEXP,TabICLv2,0,1.0,raw,0.0,1,2000,1000,1.4442657327068682,0.0685,47,0.056510057867181045,0,,0.0,0.0,0.0,0.0,1964.425044921875,2000.7594449462888,635.5275827954106,120.56507367968756,7,0.0,
MEPS_2016_TOTEXP,TabICLv2,0,1.0,clip,50.0,1,2000,1000,1.4442657327068682,0.0685,47,0.056510057867181045,6,,-0.0024191243077100097,-0.010521205686516124,-0.004868498877990659,-0.08256272609544124,1818.5375638427734,1884.2350462646484,602.4851732910159,150.09305835449223,10,3.9,
MEPS_2016_TOTEXP,TabICLv2,0,1.0,clip,200.0,1,2000,1000,1.4442657327068682,0.0685,47,0.056510057867181045,1,,0.003194305195259164,-8.018935875631835e-05,0.03849847434267356,0.014895609322806262,1946.6495498046875,1978.44093215332,623.0660691455081,115.65823144531255,7,3.9,
MEPS_2016_TOTEXP,TabICLv2,0,1.0,log,0.0,1,2000,1000,1.4442657327068682,0.0685,47,0.056510057867181045,0,,-0.09968496383484732,0.03973688684918858,-0.222634731963039,1611326.6458908953,1766.8398651365246,1980.948193154791,8.598246770113572e+27,8.289992154788712e+68,22,4.0,
MEPS_2016_TOTEXP,TabICLv2,0,1.0,tail_log,50.0,1,2000,1000,1.4442657327068682,0.0685,47,0.056510057867181045,6,,0.004421236108599425,-0.005338218354359305,0.04455872555394766,0.001440023441066466,1903.8044433776367,1965.094158696671,611.8403344951303,124.70176836466226,7,4.1,
MEPS_2016_TOTEXP,TabICLv2,0,1.0,evt_trim,0.0,1,2000,1000,1.4442657327068682,0.0685,47,0.056510057867181045,0,,0.0,0.0,0.0,0.0,1964.425044921875,2000.7594449462888,635.5275827954106,120.56507367968756,7,4.0,
MEPS_2016_TOTEXP,TabICLv2,0,100.0,raw,0.0,1,2000,1000,4.2234338220447025,0.0685,1,5.6510057867181045,0,False,-0.10242713391542035,0.15232759144010666,0.13387555492865522,0.4631936907265687,1990.2810407714844,2528.11061262207,921.2719189770515,157.07528036914073,9,4.0,
MEPS_2016_TOTEXP,TabICLv2,0,100.0,clip,50.0,1,2000,1000,4.2234338220447025,0.0685,1,5.6510057867181045,7,True,-0.003735790270033498,-0.009849493152193474,0.006852019291093759,-0.07223526363511681,1812.5727906494142,1892.4658923461911,607.9624408227543,151.92657558007818,10,4.0,
MEPS_2016_TOTEXP,TabICLv2,0,100.0,clip,200.0,1,2000,1000,4.2234338220447025,0.0685,1,5.6510057867181045,2,True,-0.006446079503389293,0.011353944072719661,0.03550564316933655,0.037556535317344306,1927.7019459228516,2019.1406829345701,652.975574685059,121.31556335253912,7,4.0,
MEPS_2016_TOTEXP,TabICLv2,0,100.0,log,0.0,1,2000,1000,4.2234338220447025,0.0685,1,5.6510057867181045,0,True,-0.09944145306963056,0.04065840135677279,-0.18479408093016975,1924180.4900632794,1767.0309520391447,1995.7558786797154,1.2493385967652501e+28,1.6975662951749581e+69,21,4.0,
MEPS_2016_TOTEXP,TabICLv2,0,100.0,tail_log,50.0,1,2000,1000,4.2234338220447025,0.0685,1,5.6510057867181045,7,True,-0.00560705994248814,-0.0030156621655037684,0.028991109012100988,0.027888061255866972,1924.2682606728356,2042.704334087647,672.3238371848198,127.24828720763878,8,4.0,
MEPS_2016_TOTEXP,TabICLv2,0,100.0,evt_trim,0.0,1,2000,1000,4.2234338220447025,0.0685,1,5.6510057867181045,0,False,-0.10242713391542035,0.15232759144010666,0.13387555492865522,0.4631936907265687,1990.2810407714844,2528.11061262207,921.2719189770515,157.07528036914073,9,3.9,
MEPS_2016_TOTEXP,GBM,0,1.0,raw,0.0,1,2000,1000,1.4442657327068682,0.0685,47,0.056510057867181045,0,,0.0,0.0,0.0,0.0,1775.2617312405673,1964.9144944009013,911.7694773032079,151.7972107065402,21,0.0,
MEPS_2016_TOTEXP,GBM,0,1.0,clip,50.0,1,2000,1000,1.4442657327068682,0.0685,47,0.056510057867181045,6,,0.0,-0.004617037454037143,0.09790362712883215,0.02119897855272196,1775.2617312405673,1953.1411615959114,780.5073688209029,198.50924854171427,17,3.3,
MEPS_2016_TOTEXP,GBM,0,1.0,clip,200.0,1,2000,1000,1.4442657327068682,0.0685,47,0.056510057867181045,1,,0.0,0.0,-0.002403072576812772,0.019022431262652042,1775.2617312405673,1964.9144944009013,891.1457902794986,124.26809682929417,22,3.6,
MEPS_2016_TOTEXP,GBM,0,1.0,log,0.0,1,2000,1000,1.4442657327068682,0.0685,47,0.056510057867181045,0,,-0.08941976412225303,-0.06558977726562795,0.03081438218281636,0.01872160024029747,815819.0323715744,2019.8335775664725,792.3757921665361,124.20734146816847,16,3.2,
MEPS_2016_TOTEXP,GBM,0,1.0,tail_log,50.0,1,2000,1000,1.4442657327068682,0.0685,47,0.056510057867181045,6,,0.0,-0.014218049943352129,0.018215072861790856,0.01950246615125253,1775.2617312405673,1953.3316598758515,815.9226498032224,124.33712018514449,18,3.5,
MEPS_2016_TOTEXP,GBM,0,1.0,evt_trim,0.0,1,2000,1000,1.4442657327068682,0.0685,47,0.056510057867181045,0,,0.0,0.0,0.0,0.0,1775.2617312405673,1964.9144944009013,911.7694773032079,151.7972107065402,21,3.5,
MEPS_2016_TOTEXP,GBM,0,100.0,raw,0.0,1,2000,1000,4.2234338220447025,0.0685,1,5.6510057867181045,0,False,0.0,0.002507122015844661,0.033719559305180155,-0.34502215842940953,1775.2617312405673,1963.4654745168177,1269.3489416804962,138.20111240543676,22,3.6,
MEPS_2016_TOTEXP,GBM,0,100.0,clip,50.0,1,2000,1000,4.2234338220447025,0.0685,1,5.6510057867181045,7,True,0.0,-0.0007048058927548659,0.07497694551305098,0.012399268497722006,1775.2617312405673,1979.536122463716,750.7546505445058,199.06906619217176,20,3.2,
MEPS_2016_TOTEXP,GBM,0,100.0,clip,200.0,1,2000,1000,4.2234338220447025,0.0685,1,5.6510057867181045,2,True,0.0,0.002507122015844661,-0.04381943186528493,-0.36676559458602476,1775.2617312405673,1963.4654745168177,948.4141365675392,199.9370810181394,22,2.9,
MEPS_2016_TOTEXP,GBM,0,100.0,log,0.0,1,2000,1000,4.2234338220447025,0.0685,1,5.6510057867181045,0,True,-0.08802660125078327,-0.1250877051025608,0.08262585979786294,-0.3265039227436492,383665.21385894355,2021.460688456966,821.1148219553398,143.03823284933145,16,3.0,
MEPS_2016_TOTEXP,GBM,0,100.0,tail_log,50.0,1,2000,1000,4.2234338220447025,0.0685,1,5.6510057867181045,7,True,0.0,0.006053104454506882,0.04043440902541473,-0.3383014059414445,1775.2617312405673,1984.8060596690639,846.8468032739297,182.2828094535158,18,2.9,
MEPS_2016_TOTEXP,GBM,0,100.0,evt_trim,0.0,1,2000,1000,4.2234338220447025,0.0685,1,5.6510057867181045,0,False,0.0,0.002507122015844661,0.033719559305180155,-0.34502215842940953,1775.2617312405673,1963.4654745168177,1269.3489416804962,138.20111240543676,22,2.9,
MEPS_2016_TOTEXP,TabPFN-V3,1,1.0,raw,0.0,1,2000,1000,1.0559628362590971,0.1055,148,0.08035967270939949,0,,0.0,0.0,0.0,0.0,2020.2656949090958,2227.1803390289306,784.4609822595219,245.18004240283213,21,0.0,
MEPS_2016_TOTEXP,TabPFN-V3,1,1.0,clip,50.0,1,2000,1000,1.0559628362590971,0.1055,148,0.08035967270939949,6,,-0.007706979388437205,0.01665929576562472,0.021329277488286676,-0.011598259315451439,2018.5051356201172,2220.3122181426997,790.1723963195802,247.443533315918,20,6.3,
MEPS_2016_TOTEXP,TabPFN-V3,1,1.0,clip,200.0,1,2000,1000,1.0559628362590971,0.1055,148,0.08035967270939949,0,,0.0,0.0,0.0,0.0,2020.2656949090958,2227.1803390289306,784.4609822595219,245.18004240283213,21,6.3,
MEPS_2016_TOTEXP,TabPFN-V3,1,1.0,log,0.0,1,2000,1000,1.0559628362590971,0.1055,148,0.08035967270939949,0,,0.37451948798099877,0.31690921421994506,0.9192311799037864,115491.39561831966,2018.9186076390472,2248.5984281227056,115422523081.9602,2.0426160716543302e+50,8,6.3,
MEPS_2016_TOTEXP,TabPFN-V3,1,1.0,tail_log,50.0,1,2000,1000,1.0559628362590971,0.1055,148,0.08035967270939949,6,,0.0013787445637889087,0.0030050818326484287,0.00301904241777732,0.009227518044684769,2020.601085063219,2225.9815469305972,825.1764335427908,6844.410590564411,21,6.2,
MEPS_2016_TOTEXP,TabPFN-V3,1,1.0,evt_trim,0.0,1,2000,1000,1.0559628362590971,0.1055,148,0.08035967270939949,0,,0.0,0.0,0.0,0.0,2020.2656949090958,2227.1803390289306,784.4609822595219,245.18004240283213,21,6.1,
MEPS_2016_TOTEXP,TabPFN-V3,1,100.0,raw,0.0,1,2000,1000,2.8226272964999652,0.1055,1,8.035967270939949,0,False,0.1908132655363,0.09492339261803884,-0.04055211738861266,-0.025901913114049494,2003.1357489681243,2199.1423704162594,724.5200338699343,270.2419298520509,21,6.7,
MEPS_2016_TOTEXP,TabPFN-V3,1,100.0,clip,50.0,1,2000,1000,2.8226272964999652,0.1055,1,8.035967270939949,7,True,-0.0014146758385255556,0.01696932159579245,0.0272723061897217,0.0001731039520717724,2019.100672164917,2216.00525009613,780.442883977051,240.258903475586,20,6.7,
MEPS_2016_TOTEXP,TabPFN-V3,1,100.0,clip,200.0,1,2000,1000,2.8226272964999652,0.1055,1,8.035967270939949,1,True,-0.013798022501082464,0.03198857894849315,0.005962271403855952,0.038698779726724225,2020.200811706543,2218.859462615967,769.7305436718751,240.77346226025398,20,6.8,
MEPS_2016_TOTEXP,TabPFN-V3,1,100.0,log,0.0,1,2000,1000,2.8226272964999652,0.1055,1,8.035967270939949,0,True,0.3844538576500357,0.324063196220454,0.9445279514088649,132596.90810028042,2017.7115762273004,2237.0621061454776,97884982812.32645,2.0033222669688427e+50,6,6.8,
MEPS_2016_TOTEXP,TabPFN-V3,1,100.0,tail_log,50.0,1,2000,1000,2.8226272964999652,0.1055,1,8.035967270939949,7,True,0.009182991922398982,0.02448988633122878,0.014967445705439925,0.06023684717052369,2020.763395415783,2220.4544110891475,855.0074357323102,61660.7865718754,19,6.7,
MEPS_2016_TOTEXP,TabPFN-V3,1,100.0,evt_trim,0.0,1,2000,1000,2.8226272964999652,0.1055,1,8.035967270939949,0,False,0.1908132655363,0.09492339261803884,-0.04055211738861266,-0.025901913114049494,2003.1357489681243,2199.1423704162594,724.5200338699343,270.2419298520509,21,6.8,
MEPS_2016_TOTEXP,TabICLv2,1,1.0,raw,0.0,1,2000,1000,1.0559628362590971,0.1055,148,0.08035967270939949,0,,0.0,0.0,0.0,0.0,2034.5902701416016,2162.35193717041,735.0998221203618,278.7676505498048,10,0.0,
MEPS_2016_TOTEXP,TabICLv2,1,1.0,clip,50.0,1,2000,1000,1.0559628362590971,0.1055,148,0.08035967270939949,6,,0.004183048014158553,-0.00952063857303602,-0.03191502316996268,-0.05057043651339799,2024.7131120605468,2147.6528487060546,779.3231930920412,347.92856085351576,12,4.1,
MEPS_2016_TOTEXP,TabICLv2,1,1.0,clip,200.0,1,2000,1000,1.0559628362590971,0.1055,148,0.08035967270939949,0,,0.0,0.0,0.0,0.0,2034.5902701416016,2162.35193717041,735.0998221203618,278.7676505498048,10,4.1,
MEPS_2016_TOTEXP,TabICLv2,1,1.0,log,0.0,1,2000,1000,1.0559628362590971,0.1055,148,0.08035967270939949,0,,-0.13544244704628938,0.19344320907375523,0.07194945923683224,843375.4417417455,2018.2003969143284,2257.779662429752,2.88300841451987e+33,1.1741859733272278e+75,16,4.0,
MEPS_2016_TOTEXP,TabICLv2,1,1.0,tail_log,50.0,1,2000,1000,1.0559628362590971,0.1055,148,0.08035967270939949,6,,4.252232041451145e-05,-0.00253896935794023,-0.002873829367878198,-0.005322730310902239,2033.4184557495116,2161.2520437223743,738.5732518013295,276.94341786485364,10,3.9,
MEPS_2016_TOTEXP,TabICLv2,1,1.0,evt_trim,0.0,1,2000,1000,1.0559628362590971,0.1055,148,0.08035967270939949,0,,0.0,0.0,0.0,0.0,2034.5902701416016,2162.35193717041,735.0998221203618,278.7676505498048,10,3.9,
MEPS_2016_TOTEXP,TabICLv2,1,100.0,raw,0.0,1,2000,1000,2.8226272964999652,0.1055,1,8.035967270939949,0,False,-0.09043175287091791,0.17275257975138042,0.06563996501605748,0.20740714407393163,2023.0100263671875,2200.0418424072263,698.5240034912114,208.1753269550782,7,4.1,
MEPS_2016_TOTEXP,TabICLv2,1,100.0,clip,50.0,1,2000,1000,2.8226272964999652,0.1055,1,8.035967270939949,7,True,-0.00023308324669279746,-0.00853687951759461,-0.029662619301499854,-0.04455547635801993,2027.1463079223633,2150.400952966308,764.6947703381351,340.24460082714853,12,3.9,
MEPS_2016_TOTEXP,TabICLv2,1,100.0,clip,200.0,1,2000,1000,2.8226272964999652,0.1055,1,8.035967270939949,1,True,-0.02352125467789836,0.042079473354425745,0.048184053910406026,0.08680213083543262,2065.533171875,2232.905917602539,717.3871213696293,217.8874835957032,7,4.0,
MEPS_2016_TOTEXP,TabICLv2,1,100.0,log,0.0,1,2000,1000,2.8226272964999652,0.1055,1,8.035967270939949,0,True,-0.13671775253251234,0.19735654617645415,0.08950273869213457,871451.9103524724,2020.310027219769,2282.6004172641674,2.850529271796857e+33,1.12072385656878e+75,16,4.1,
MEPS_2016_TOTEXP,TabICLv2,1,100.0,tail_log,50.0,1,2000,1000,2.8226272964999652,0.1055,1,8.035967270939949,7,True,-0.01873708738275538,0.03224248418244452,0.04312154675580392,0.07297844986867871,2059.8980970458983,2238.2280457401735,724.6637379787944,211.9126760620925,7,4.1,
MEPS_2016_TOTEXP,TabICLv2,1,100.0,evt_trim,0.0,1,2000,1000,2.8226272964999652,0.1055,1,8.035967270939949,0,False,-0.09043175287091791,0.17275257975138042,0.06563996501605748,0.20740714407393163,2023.0100263671875,2200.0418424072263,698.5240034912114,208.1753269550782,7,4.1,
MEPS_2016_TOTEXP,GBM,1,1.0,raw,0.0,1,2000,1000,1.0559628362590971,0.1055,148,0.08035967270939949,0,,0.0,0.0,0.0,0.0,2052.727325275927,2337.0542251790957,1100.9992155460418,304.97778151978554,20,0.0,
MEPS_2016_TOTEXP,GBM,1,1.0,clip,50.0,1,2000,1000,1.0559628362590971,0.1055,148,0.08035967270939949,6,,0.0,-0.0330950172993405,-0.008625672692510486,-0.21515629939766018,2052.727325275927,2355.8268038418155,1105.801130729926,376.9658945488813,24,3.6,
MEPS_2016_TOTEXP,GBM,1,1.0,clip,200.0,1,2000,1000,1.0559628362590971,0.1055,148,0.08035967270939949,0,,0.0,0.0,0.0,0.0,2052.727325275927,2337.0542251790957,1100.9992155460418,304.97778151978554,20,4.0,
MEPS_2016_TOTEXP,GBM,1,1.0,log,0.0,1,2000,1000,1.0559628362590971,0.1055,148,0.08035967270939949,0,,-0.0843338567184683,-0.11702155948422385,0.012198913265288266,-9.316386263507453e-12,2107.1226719598258,2353.7162715334134,1096.8472657162774,312.56493469107755,25,3.4,
MEPS_2016_TOTEXP,GBM,1,1.0,tail_log,50.0,1,2000,1000,1.0559628362590971,0.1055,148,0.08035967270939949,6,,0.0,-0.006443133912234488,0.04168685410238567,-9.354052718182506e-12,2052.727325275927,2367.6086731534224,1061.7318108718216,309.3128413225845,21,3.6,
MEPS_2016_TOTEXP,GBM,1,1.0,evt_trim,0.0,1,2000,1000,1.0559628362590971,0.1055,148,0.08035967270939949,0,,0.0,0.0,0.0,0.0,2052.727325275927,2337.0542251790957,1100.9992155460418,304.97778151978554,20,3.8,
MEPS_2016_TOTEXP,GBM,1,100.0,raw,0.0,1,2000,1000,2.8226272964999652,0.1055,1,8.035967270939949,0,False,-0.020785348845055857,-0.00975017813318945,0.07545756772396603,0.006444920591720679,2066.171972742674,2440.9393957996017,1052.7197827874218,304.8406241878058,17,3.2,
MEPS_2016_TOTEXP,GBM,1,100.0,clip,50.0,1,2000,1000,2.8226272964999652,0.1055,1,8.035967270939949,7,True,-0.020785348845055857,-0.04517284507944494,0.09143138949879823,-0.32780690990012357,2066.171972742674,2395.5047527749352,931.774559046361,396.54371863702636,17,3.2,
MEPS_2016_TOTEXP,GBM,1,100.0,clip,200.0,1,2000,1000,2.8226272964999652,0.1055,1,8.035967270939949,1,True,-0.020785348845055857,-0.00975017813318945,0.022589329041391097,0.006444920591720679,2066.171972742674,2440.9393957996017,880.2875812930115,300.0100905085136,14,3.1,
MEPS_2016_TOTEXP,GBM,1,100.0,log,0.0,1,2000,1000,2.8226272964999652,0.1055,1,8.035967270939949,0,True,-0.07646817026778557,-0.12191227147466711,0.06701508966502216,0.005186102662461989,120983.21488356341,2387.4854426705465,955.6863951454901,332.9218045757633,17,3.2,
MEPS_2016_TOTEXP,GBM,1,100.0,tail_log,50.0,1,2000,1000,2.8226272964999652,0.1055,1,8.035967270939949,7,True,-0.020785348845055857,-0.03141247880181813,0.029869825519322355,0.005174626922738002,2066.171972742674,2376.621712732062,961.45949087948,310.7387458690812,16,3.1,
MEPS_2016_TOTEXP,GBM,1,100.0,evt_trim,0.0,1,2000,1000,2.8226272964999652,0.1055,1,8.035967270939949,0,False,-0.020785348845055857,-0.00975017813318945,0.07545756772396603,0.006444920591720679,2066.171972742674,2440.9393957996017,1052.7197827874218,304.8406241878058,17,3.1,
MEPS_2016_TOTEXP,TabPFN-V3,2,1.0,raw,0.0,1,2000,1000,1.0396554262771633,0.1195,225,0.06659384824360563,0,,0.0,0.0,0.0,0.0,1626.031450442314,1620.9651576438905,479.3718931756594,84.5651422700196,15,0.0,
MEPS_2016_TOTEXP,TabPFN-V3,2,1.0,clip,50.0,1,2000,1000,1.0396554262771633,0.1195,225,0.06659384824360563,1,,0.001378619400118383,0.0039036028725775006,-0.0034695202794405742,-0.010379678535238253,1625.1698037736417,1620.3729954391479,484.6731683251956,83.82930478564461,15,6.3,
MEPS_2016_TOTEXP,TabPFN-V3,2,1.0,clip,200.0,1,2000,1000,1.0396554262771633,0.1195,225,0.06659384824360563,0,,0.0,0.0,0.0,0.0,1626.031450442314,1620.9651576438905,479.3718931756594,84.5651422700196,15,6.2,
MEPS_2016_TOTEXP,TabPFN-V3,2,1.0,log,0.0,1,2000,1000,1.0396554262771633,0.1195,225,0.06659384824360563,0,,0.2274822681640979,0.28234734793042715,1.0683936777426566,172693.4766421551,1607.9946079929591,1623.1075868308278,947.425305891282,1.1315077859500468e+41,3,6.3,
MEPS_2016_TOTEXP,TabPFN-V3,2,1.0,tail_log,50.0,1,2000,1000,1.0396554262771633,0.1195,225,0.06659384824360563,1,,0.00043855179276900064,-1.3668227611269468e-05,-0.0007486669240898655,-0.0009414131062051407,1625.9865712747574,1620.7976045906066,488.2297352698295,680.8426591748376,15,6.4,
MEPS_2016_TOTEXP,TabPFN-V3,2,1.0,evt_trim,0.0,1,2000,1000,1.0396554262771633,0.1195,225,0.06659384824360563,0,,0.0,0.0,0.0,0.0,1626.031450442314,1620.9651576438905,479.3718931756594,84.5651422700196,15,6.3,
MEPS_2016_TOTEXP,TabPFN-V3,2,100.0,raw,0.0,1,2000,1000,2.124484992463223,0.1195,1,6.659384824360563,0,False,0.08735157971061777,0.051465960082857934,0.05212981345455099,0.22214277324998905,1621.2678983917235,1617.5773550079343,450.1578102465823,102.86780956542978,11,6.3,
MEPS_2016_TOTEXP,TabPFN-V3,2,100.0,clip,50.0,1,2000,1000,2.124484992463223,0.1195,1,6.659384824360563,2,True,-0.007600565009735514,0.001286010399828159,0.01049385946058835,0.017171505502129616,1624.0891433844567,1617.3300212768554,484.42536463501,85.54097914257821,15,6.7,
MEPS_2016_TOTEXP,TabPFN-V3,2,100.0,clip,200.0,1,2000,1000,2.124484992463223,0.1195,1,6.659384824360563,1,True,0.03196551216624315,0.005967054210065107,0.034081488926753965,0.13420381983490498,1624.8798079929352,1610.1512969604491,450.14843064025905,95.29158824072275,13,6.8,
MEPS_2016_TOTEXP,TabPFN-V3,2,100.0,log,0.0,1,2000,1000,2.124484992463223,0.1195,1,6.659384824360563,0,True,0.2237736607596742,0.29299825216313125,1.1104705064367353,337764.94722877827,1606.974867717339,1627.6336263997307,988.1447417243606,3.0177199142381875e+41,3,6.7,
MEPS_2016_TOTEXP,TabPFN-V3,2,100.0,tail_log,50.0,1,2000,1000,2.124484992463223,0.1195,1,6.659384824360563,2,True,0.0752484507197228,-0.004832190988092998,0.022922933114052635,0.11817158033857336,1622.4284173870087,1607.4130698745726,502.4425997640424,6017.172182611981,16,6.8,
MEPS_2016_TOTEXP,TabPFN-V3,2,100.0,evt_trim,0.0,1,2000,1000,2.124484992463223,0.1195,1,6.659384824360563,0,False,0.08735157971061777,0.051465960082857934,0.05212981345455099,0.22214277324998905,1621.2678983917235,1617.5773550079343,450.1578102465823,102.86780956542978,11,6.8,
MEPS_2016_TOTEXP,TabICLv2,2,1.0,raw,0.0,1,2000,1000,1.0396554262771633,0.1195,225,0.06659384824360563,0,,0.0,0.0,0.0,0.0,1636.5345930175781,1605.5601320312499,445.2907202197269,63.63000605175786,8,0.0,
MEPS_2016_TOTEXP,TabICLv2,2,1.0,clip,50.0,1,2000,1000,1.0396554262771633,0.1195,225,0.06659384824360563,1,,-0.00029142378990760175,0.0013468612189127414,-0.007709208506079406,-0.009797695658698608,1636.1766112060548,1603.3009651855468,444.3590681176761,65.74523058496098,9,4.1,
MEPS_2016_TOTEXP,TabICLv2,2,1.0,clip,200.0,1,2000,1000,1.0396554262771633,0.1195,225,0.06659384824360563,0,,0.0,0.0,0.0,0.0,1636.5345930175781,1605.5601320312499,445.2907202197269,63.63000605175786,8,4.1,
MEPS_2016_TOTEXP,TabICLv2,2,1.0,log,0.0,1,2000,1000,1.0396554262771633,0.1195,225,0.06659384824360563,0,,-0.13336737639495472,0.11899241847875006,-0.03665290265248333,775842.0687052542,1665.1090218960348,172438.87107922244,1.4325860151170629e+25,8.456727918797757e+73,15,4.0,
MEPS_2016_TOTEXP,TabICLv2,2,1.0,tail_log,50.0,1,2000,1000,1.0396554262771633,0.1195,225,0.06659384824360563,1,,5.333392515127786e-05,0.0002078867357064354,-0.0007483794902265941,-0.0008511068894259178,1636.4512932128907,1605.0896936523434,445.180566463375,63.90405617546916,8,4.0,
MEPS_2016_TOTEXP,TabICLv2,2,1.0,evt_trim,0.0,1,2000,1000,1.0396554262771633,0.1195,225,0.06659384824360563,0,,0.0,0.0,0.0,0.0,1636.5345930175781,1605.5601320312499,445.2907202197269,63.63000605175786,8,4.0,
MEPS_2016_TOTEXP,TabICLv2,2,100.0,raw,0.0,1,2000,1000,2.124484992463223,0.1195,1,6.659384824360563,0,False,-0.07006713863830971,0.08802970330913854,0.0024520397874109863,0.10361726772341234,1647.08923828125,1672.7770388183594,513.9199805737309,78.27701124414068,8,4.0,
MEPS_2016_TOTEXP,TabICLv2,2,100.0,clip,50.0,1,2000,1000,2.124484992463223,0.1195,1,6.659384824360563,2,True,0.0017555707210243651,0.005659735357446521,0.014951000759061391,0.01571455089733357,1635.1832154541016,1610.0930026611327,449.1028673706058,63.77269056201177,7,4.0,
MEPS_2016_TOTEXP,TabICLv2,2,100.0,clip,200.0,1,2000,1000,2.124484992463223,0.1195,1,6.659384824360563,1,True,-0.02682465152176873,0.006010758378607888,0.05449281026246494,0.11229896422719998,1655.4649798583985,1717.2804740722652,493.5005724121097,71.75334932714848,7,4.1,
MEPS_2016_TOTEXP,TabICLv2,2,100.0,log,0.0,1,2000,1000,2.124484992463223,0.1195,1,6.659384824360563,0,True,-0.13383208989574358,0.1325027459906385,0.008806275364707492,850246.0320293959,1664.0818207480147,181860.5965774015,1.5363371069762298e+25,9.58682325922567e+73,15,4.0,
MEPS_2016_TOTEXP,TabICLv2,2,100.0,tail_log,50.0,1,2000,1000,2.124484992463223,0.1195,1,6.659384824360563,2,True,-0.02019466540755837,-0.006697091194155375,0.0643100044851179,0.10355327899302919,1651.4252122802734,1698.1314822170636,484.2586559593676,69.99883765585462,7,4.0,
MEPS_2016_TOTEXP,TabICLv2,2,100.0,evt_trim,0.0,1,2000,1000,2.124484992463223,0.1195,1,6.659384824360563,0,False,-0.07006713863830971,0.08802970330913854,0.0024520397874109863,0.10361726772341234,1647.08923828125,1672.7770388183594,513.9199805737309,78.27701124414068,8,4.0,
MEPS_2016_TOTEXP,GBM,2,1.0,raw,0.0,1,2000,1000,1.0396554262771633,0.1195,225,0.06659384824360563,0,,0.0,0.0,0.0,0.0,1683.323222038034,1739.545893155389,601.4030385173853,138.4665959100626,15,0.0,
MEPS_2016_TOTEXP,GBM,2,1.0,clip,50.0,1,2000,1000,1.0396554262771633,0.1195,225,0.06659384824360563,1,,0.0,0.0,0.04929604693929879,0.0004301081498798141,1683.323222038034,1739.545893155389,598.1152496816222,105.97642817242199,13,3.2,
MEPS_2016_TOTEXP,GBM,2,1.0,clip,200.0,1,2000,1000,1.0396554262771633,0.1195,225,0.06659384824360563,0,,0.0,0.0,0.0,0.0,1683.323222038034,1739.545893155389,601.4030385173853,138.4665959100626,15,3.0,
MEPS_2016_TOTEXP,GBM,2,1.0,log,0.0,1,2000,1000,1.0396554262771633,0.1195,225,0.06659384824360563,0,,-0.13107254196376938,-0.15338765761739587,-0.06738702172701394,0.012387286415038194,7094.093473177956,1714.0011667044007,628.9573560783784,156.36777408661825,19,3.8,
MEPS_2016_TOTEXP,GBM,2,1.0,tail_log,50.0,1,2000,1000,1.0396554262771633,0.1195,225,0.06659384824360563,1,,0.0,0.0,0.013483597503199874,0.03187370165467681,1683.323222038034,1739.545893155389,609.1587297700387,152.5465890554881,17,3.5,
MEPS_2016_TOTEXP,GBM,2,1.0,evt_trim,0.0,1,2000,1000,1.0396554262771633,0.1195,225,0.06659384824360563,0,,0.0,0.0,0.0,0.0,1683.323222038034,1739.545893155389,601.4030385173853,138.4665959100626,15,3.4,
MEPS_2016_TOTEXP,GBM,2,100.0,raw,0.0,1,2000,1000,2.124484992463223,0.1195,1,6.659384824360563,0,False,0.0,-0.016565774536671383,-0.0119017869172841,0.068665232693942,1683.323222038034,1786.2855147706252,697.5955609682676,118.94447548560059,19,3.6,
MEPS_2016_TOTEXP,GBM,2,100.0,clip,50.0,1,2000,1000,2.124484992463223,0.1195,1,6.659384824360563,2,True,0.0,-0.016565774536671383,-0.005256728859022334,0.07262894161521184,1683.323222038034,1786.2855147706252,667.467755259292,103.43878494439804,21,3.6,
MEPS_2016_TOTEXP,GBM,2,100.0,clip,200.0,1,2000,1000,2.124484992463223,0.1195,1,6.659384824360563,1,True,0.0,-0.016565774536671383,0.02239953746557123,0.1789147883579877,1683.323222038034,1786.2855147706252,679.4304493599737,106.78494735872628,18,3.2,
MEPS_2016_TOTEXP,GBM,2,100.0,log,0.0,1,2000,1000,2.124484992463223,0.1195,1,6.659384824360563,0,True,-0.13107254196376938,-0.15736692443700942,-0.09710931390238815,0.08238088321846508,7094.093473177956,1708.9697792189913,722.0249353830129,114.31698303163068,24,3.1,
MEPS_2016_TOTEXP,GBM,2,100.0,tail_log,50.0,1,2000,1000,2.124484992463223,0.1195,1,6.659384824360563,2,True,0.0,-0.016565774536671383,-0.004666341474930946,0.07162325846217703,1683.323222038034,1786.2855147706252,674.6816976640059,111.0798098757009,20,3.0,
MEPS_2016_TOTEXP,GBM,2,100.0,evt_trim,0.0,1,2000,1000,2.124484992463223,0.1195,1,6.659384824360563,0,False,0.0,-0.016565774536671383,-0.0119017869172841,0.068665232693942,1683.323222038034,1786.2855147706252,697.5955609682676,118.94447548560059,19,3.1,
MEPS_2016_TOTEXP,TabPFN-V3,3,1.0,raw,0.0,1,2000,1000,1.1048765904450133,0.1065,9,0.35742612035961263,0,,0.0,0.0,0.0,0.0,1854.5180021953583,1785.6438411163329,453.7448003076174,90.49742736718757,18,0.0,
MEPS_2016_TOTEXP,TabPFN-V3,3,1.0,clip,50.0,1,2000,1000,1.1048765904450133,0.1065,9,0.35742612035961263,2,,-0.01907025683581012,0.004043066429005926,-0.01031784838410498,-0.013960045842423153,1853.2852569112779,1789.3567762680052,444.4332954382327,87.93973470312507,19,6.4,
MEPS_2016_TOTEXP,TabPFN-V3,3,1.0,clip,200.0,1,2000,1000,1.1048765904450133,0.1065,9,0.35742612035961263,0,,0.0,0.0,0.0,0.0,1854.5180021953583,1785.6438411163329,453.7448003076174,90.49742736718757,18,6.4,
MEPS_2016_TOTEXP,TabPFN-V3,3,1.0,log,0.0,1,2000,1000,1.1048765904450133,0.1065,9,0.35742612035961263,0,,0.23450011231206047,0.2426844037887303,0.7197504091956226,18718.902090412485,1857.503683373008,1716.2189133765357,9377.233667478038,1.2849541302631188e+43,5,6.4,
MEPS_2016_TOTEXP,TabPFN-V3,3,1.0,tail_log,50.0,1,2000,1000,1.1048765904450133,0.1065,9,0.35742612035961263,2,,-0.0005065847434102923,0.008375210611826486,0.0030188743425894225,-0.001247325437167933,1853.633200184822,1784.5548789825439,463.72523044311134,1947.6248901104316,18,60.0,
MEPS_2016_TOTEXP,TabPFN-V3,3,1.0,evt_trim,0.0,1,2000,1000,1.1048765904450133,0.1065,9,0.35742612035961263,0,,0.0,0.0,0.0,0.0,1854.5180021953583,1785.6438411163329,453.7448003076174,90.49742736718757,18,7.7,
MEPS_2016_TOTEXP,TabPFN-V3,3,100.0,raw,0.0,1,2000,1000,15.683624843967117,0.1065,1,35.74261203596126,0,False,0.39955144612668836,0.011836058103056653,-0.21442314698343093,0.07433733721006205,1857.5594212493897,1805.2464358947755,541.8746095922853,82.12706607177742,48,6.4,
MEPS_2016_TOTEXP,TabPFN-V3,3,100.0,clip,50.0,1,2000,1000,15.683624843967117,0.1065,1,35.74261203596126,3,True,-0.019190078258955627,0.0026972681621232142,-0.009420828047253823,-0.011734952653597556,1852.7623470411302,1791.0178320121765,446.81182757080103,88.3522605800782,19,6.4,
MEPS_2016_TOTEXP,TabPFN-V3,3,100.0,clip,200.0,1,2000,1000,15.683624843967117,0.1065,1,35.74261203596126,1,True,-0.03015198215668951,-0.0036471094497133516,-0.009101270552026579,-0.005951289866142746,1860.5477852058411,1780.777418486023,479.3680673925783,100.14498588085945,16,6.5,
MEPS_2016_TOTEXP,TabPFN-V3,3,100.0,log,0.0,1,2000,1000,15.683624843967117,0.1065,1,35.74261203596126,0,True,0.23725671287698857,0.2533693138856641,0.7528849369954673,21020.838601967087,1857.3669295020677,1714.2246058783746,9582.856978954414,1.3065840507272521e+43,5,6.4,
MEPS_2016_TOTEXP,TabPFN-V3,3,100.0,tail_log,50.0,1,2000,1000,15.683624843967117,0.1065,1,35.74261203596126,3,True,0.0329255981321402,0.0625174175563859,0.030424714098230193,0.06688502923299067,1858.7739900112151,1767.1166693740843,506.79925613730313,39109.203935888276,14,6.3,
MEPS_2016_TOTEXP,TabPFN-V3,3,100.0,evt_trim,0.0,1,2000,1000,15.683624843967117,0.1065,1,35.74261203596126,0,False,0.39955144612668836,0.011836058103056653,-0.21442314698343093,0.07433733721006205,1857.5594212493897,1805.2464358947755,541.8746095922853,82.12706607177742,48,6.4,
MEPS_2016_TOTEXP,TabICLv2,3,1.0,raw,0.0,1,2000,1000,1.1048765904450133,0.1065,9,0.35742612035961263,0,,0.0,0.0,0.0,0.0,1858.778137084961,1728.1474353515623,496.1764046875003,119.11450507226566,9,0.0,
MEPS_2016_TOTEXP,TabICLv2,3,1.0,clip,50.0,1,2000,1000,1.1048765904450133,0.1065,9,0.35742612035961263,2,,0.0072169376528638165,0.0373193907821715,-0.02474986335713474,-0.04356357958197969,1852.2003316650391,1721.4781114746092,515.403405371094,150.00369098144535,10,3.9,
MEPS_2016_TOTEXP,TabICLv2,3,1.0,clip,200.0,1,2000,1000,1.1048765904450133,0.1065,9,0.35742612035961263,0,,0.0,0.0,0.0,0.0,1858.778137084961,1728.1474353515623,496.1764046875003,119.11450507226566,9,3.8,
MEPS_2016_TOTEXP,TabICLv2,3,1.0,log,0.0,1,2000,1000,1.1048765904450133,0.1065,9,0.35742612035961263,0,,-0.06729069428635592,0.13904602078948752,-0.21825689159033296,460015.5326073645,1870.4100193541317,2157.080956889085,13098964.207323918,4.401462272535706e+21,22,3.9,
MEPS_2016_TOTEXP,TabICLv2,3,1.0,tail_log,50.0,1,2000,1000,1.1048765904450133,0.1065,9,0.35742612035961263,2,,0.0026510006125779256,0.011294099104307023,-0.001588827668034091,-0.009035000118242003,1855.6115317382812,1725.3408861572264,501.747361118248,126.51429380078663,9,4.0,
MEPS_2016_TOTEXP,TabICLv2,3,1.0,evt_trim,0.0,1,2000,1000,1.1048765904450133,0.1065,9,0.35742612035961263,0,,0.0,0.0,0.0,0.0,1858.778137084961,1728.1474353515623,496.1764046875003,119.11450507226566,9,4.0,
MEPS_2016_TOTEXP,TabICLv2,3,100.0,raw,0.0,1,2000,1000,15.683624843967117,0.1065,1,35.74261203596126,0,False,-0.09520817913299615,0.22054146214306286,0.06968997031959615,0.74980460712301,1865.3528537597656,1687.0117596191405,496.17280089843786,111.4872338984376,8,4.0,
MEPS_2016_TOTEXP,TabICLv2,3,100.0,clip,50.0,1,2000,1000,15.683624843967117,0.1065,1,35.74261203596126,3,True,0.010792769657186927,0.03514790738532226,-0.021258526005178656,-0.03843259705416676,1850.8508663330078,1718.6491131103517,508.13819753662136,138.4456919492188,10,4.1,
MEPS_2016_TOTEXP,TabICLv2,3,100.0,clip,200.0,1,2000,1000,15.683624843967117,0.1065,1,35.74261203596126,1,True,0.011761788493260187,0.01853926556952651,-0.0051663233848735675,0.037340821506429575,1871.5846492919923,1721.8954967041016,454.3010131665042,78.15716759570319,7,4.0,
MEPS_2016_TOTEXP,TabICLv2,3,100.0,log,0.0,1,2000,1000,15.683624843967117,0.1065,1,35.74261203596126,0,True,-0.07130733491277783,0.15210028024868597,-0.19883510941915417,476518.6748481109,1876.8427960100296,2181.184979644862,13540777.205009948,4.508353968471596e+21,20,4.1,
MEPS_2016_TOTEXP,TabICLv2,3,100.0,tail_log,50.0,1,2000,1000,15.683624843967117,0.1065,1,35.74261203596126,3,True,0.002542467914874531,0.04286411811571258,-0.02143087142288446,0.038156417592438194,1873.3466009521485,1712.2902216604496,465.09678231478534,82.4705011393128,8,4.0,
MEPS_2016_TOTEXP,TabICLv2,3,100.0,evt_trim,0.0,1,2000,1000,15.683624843967117,0.1065,1,35.74261203596126,0,False,-0.09520817913299615,0.22054146214306286,0.06968997031959615,0.74980460712301,1865.3528537597656,1687.0117596191405,496.17280089843786,111.4872338984376,8,4.0,
MEPS_2016_TOTEXP,GBM,3,1.0,raw,0.0,1,2000,1000,1.1048765904450133,0.1065,9,0.35742612035961263,0,,0.0,0.0,0.0,0.0,1893.963641447072,1866.513591763127,732.5257745726652,251.92598287992388,22,0.0,
MEPS_2016_TOTEXP,GBM,3,1.0,clip,50.0,1,2000,1000,1.1048765904450133,0.1065,9,0.35742612035961263,2,,0.0,-0.027383488567141984,0.029107698006836387,0.052035529238826574,1893.963641447072,1907.1096042650775,731.4207480930504,257.02140777432777,22,4.1,
MEPS_2016_TOTEXP,GBM,3,1.0,clip,200.0,1,2000,1000,1.1048765904450133,0.1065,9,0.35742612035961263,0,,0.0,0.0,0.0,0.0,1893.963641447072,1866.513591763127,732.5257745726652,251.92598287992388,22,4.2,
MEPS_2016_TOTEXP,GBM,3,1.0,log,0.0,1,2000,1000,1.1048765904450133,0.1065,9,0.35742612035961263,0,,-0.08079340136663285,-0.09715595296141107,0.11110059097410427,-0.030594828611033527,1953.0598865570364,1993.61317178141,730.6561993947869,282.97040756753944,23,3.9,
MEPS_2016_TOTEXP,GBM,3,1.0,tail_log,50.0,1,2000,1000,1.1048765904450133,0.1065,9,0.35742612035961263,2,,0.0,0.0,0.021514167220583892,-1.6826871206504793e-14,1893.963641447072,1866.7644169840057,732.096961064328,256.7410391871203,22,4.0,
MEPS_2016_TOTEXP,GBM,3,1.0,evt_trim,0.0,1,2000,1000,1.1048765904450133,0.1065,9,0.35742612035961263,0,,0.0,0.0,0.0,0.0,1893.963641447072,1866.513591763127,732.5257745726652,251.92598287992388,22,4.1,
MEPS_2016_TOTEXP,GBM,3,100.0,raw,0.0,1,2000,1000,15.683624843967117,0.1065,1,35.74261203596126,0,False,0.0,-0.003294113420143667,-0.1222082456805942,1.353142463426058e-09,1893.963641447072,2185.1256987117317,1615.516572222972,237.73171460704907,20,3.8,
MEPS_2016_TOTEXP,GBM,3,100.0,clip,50.0,1,2000,1000,15.683624843967117,0.1065,1,35.74261203596126,3,True,0.0,-0.01132336607341563,-0.04152102755272381,-4.756664331216199e-10,1893.963641447072,1861.9018214990851,706.9496281937239,232.43636556011626,23,3.5,
MEPS_2016_TOTEXP,GBM,3,100.0,clip,200.0,1,2000,1000,15.683624843967117,0.1065,1,35.74261203596126,1,True,0.0,-0.003294113420143667,-0.14398284492620514,1.353142463426058e-09,1893.963641447072,1884.2462215443861,718.6087977529564,217.8427202873859,27,3.5,
MEPS_2016_TOTEXP,GBM,3,100.0,log,0.0,1,2000,1000,15.683624843967117,0.1065,1,35.74261203596126,0,True,-0.0834445433005166,-0.11395330548645116,-0.152315725062887,5.328955466483056e-10,1995.3629273762224,1957.1132310641299,849.6044564936853,263.05107668600573,28,3.5,
MEPS_2016_TOTEXP,GBM,3,100.0,tail_log,50.0,1,2000,1000,15.683624843967117,0.1065,1,35.74261203596126,3,True,0.0,0.016059796832996236,-0.07416676409600734,1.3358485078605684e-09,1893.963641447072,1898.0999980248703,778.9599175040571,263.9982109885414,21,3.4,
MEPS_2016_TOTEXP,GBM,3,100.0,evt_trim,0.0,1,2000,1000,15.683624843967117,0.1065,1,35.74261203596126,0,False,0.0,-0.003294113420143667,-0.1222082456805942,1.353142463426058e-09,1893.963641447072,2185.1256987117317,1615.516572222972,237.73171460704907,20,3.6,
MEPS_2016_TOTEXP,TabPFN-V3,4,1.0,raw,0.0,1,2000,1000,1.1339659063183642,0.147,95,0.09146904404427741,0,,0.0,0.0,0.0,0.0,1654.339357527256,1695.0798812118528,553.9385951928713,129.55691089843754,21,0.0,
MEPS_2016_TOTEXP,TabPFN-V3,4,1.0,clip,50.0,1,2000,1000,1.1339659063183642,0.147,95,0.09146904404427741,1,,-0.010729180768794297,0.0074382882323339745,0.010194737442973662,-0.009936011722554372,1651.4925476913452,1686.336918986225,552.387066599579,125.96200672363288,21,7.0,
MEPS_2016_TOTEXP,TabPFN-V3,4,1.0,clip,200.0,1,2000,1000,1.1339659063183642,0.147,95,0.09146904404427741,0,,0.0,0.0,0.0,0.0,1654.339357527256,1695.0798812118528,553.9385951928713,129.55691089843754,21,6.7,
MEPS_2016_TOTEXP,TabPFN-V3,4,1.0,log,0.0,1,2000,1000,1.1339659063183642,0.147,95,0.09146904404427741,0,,0.3149002822767889,0.40621102953148985,1.213120818835339,45625.618726538414,1670.2710831871445,1683.338495693362,18255.838516899923,1.6409833389046e+48,4,6.6,
MEPS_2016_TOTEXP,TabPFN-V3,4,1.0,tail_log,50.0,1,2000,1000,1.1339659063183642,0.147,95,0.09146904404427741,1,,0.0008189300840073322,0.003520957479057294,0.003058194802977622,0.001695829460456398,1654.0061204237938,1695.2603040245053,565.7553809058248,436.04017782423773,21,6.6,
MEPS_2016_TOTEXP,TabPFN-V3,4,1.0,evt_trim,0.0,1,2000,1000,1.1339659063183642,0.147,95,0.09146904404427741,0,,0.0,0.0,0.0,0.0,1654.339357527256,1695.0798812118528,553.9385951928713,129.55691089843754,21,6.7,
MEPS_2016_TOTEXP,TabPFN-V3,4,100.0,raw,0.0,1,2000,1000,4.501908195503005,0.147,1,9.146904404427742,0,False,0.4900257071136662,-0.007574686311511158,-0.05283562002790781,0.025839822118336457,1645.1154413502215,1672.0481921081544,531.8509280963137,118.77388034667975,22,6.7,
MEPS_2016_TOTEXP,TabPFN-V3,4,100.0,clip,50.0,1,2000,1000,4.501908195503005,0.147,1,9.146904404427742,2,True,0.0006352760930972267,0.011228786331939503,0.009331593457510433,-0.0004850606210791409,1650.9400455532075,1688.637458094406,553.4760298254397,129.238296163086,21,6.6,
MEPS_2016_TOTEXP,TabPFN-V3,4,100.0,clip,200.0,1,2000,1000,4.501908195503005,0.147,1,9.146904404427742,1,True,-0.0002577469240990835,-0.004515441380644842,0.005890972701806354,0.05807093523943507,1652.6041634244918,1694.17141124115,557.8735910653688,132.2040828408204,19,6.8,
MEPS_2016_TOTEXP,TabPFN-V3,4,100.0,log,0.0,1,2000,1000,4.501908195503005,0.147,1,9.146904404427742,0,True,0.30900563642033624,0.4064033869454734,1.207644563278389,46746.09474985415,1670.318083760532,1684.1945542081276,27151.74780874621,2.3539314448506195e+48,4,6.6,
MEPS_2016_TOTEXP,TabPFN-V3,4,100.0,tail_log,50.0,1,2000,1000,4.501908195503005,0.147,1,9.146904404427742,2,True,0.00900340071944325,-0.01793213709024801,0.00595328395877004,0.05929750222599095,1653.3839383473396,1698.2372917358525,600.7199692751096,6860.903891817152,20,6.7,
MEPS_2016_TOTEXP,TabPFN-V3,4,100.0,evt_trim,0.0,1,2000,1000,4.501908195503005,0.147,1,9.146904404427742,0,False,0.4900257071136662,-0.007574686311511158,-0.05283562002790781,0.025839822118336457,1645.1154413502215,1672.0481921081544,531.8509280963137,118.77388034667975,22,6.7,
MEPS_2016_TOTEXP,TabICLv2,4,1.0,raw,0.0,1,2000,1000,1.1339659063183642,0.147,95,0.09146904404427741,0,,0.0,0.0,0.0,0.0,1654.8481089477539,1731.9988467163084,492.12065744140654,110.59398260986332,10,0.0,
MEPS_2016_TOTEXP,TabICLv2,4,1.0,clip,50.0,1,2000,1000,1.1339659063183642,0.147,95,0.09146904404427741,1,,0.00870197828972629,0.008300961614795443,-0.014630270263540494,-0.028901461885697345,1654.6534900512695,1702.1782246826172,491.22908052001975,122.37924183105474,11,3.9,
MEPS_2016_TOTEXP,TabICLv2,4,1.0,clip,200.0,1,2000,1000,1.1339659063183642,0.147,95,0.09146904404427741,0,,0.0,0.0,0.0,0.0,1654.8481089477539,1731.9988467163084,492.12065744140654,110.59398260986332,10,3.9,
MEPS_2016_TOTEXP,TabICLv2,4,1.0,log,0.0,1,2000,1000,1.1339659063183642,0.147,95,0.09146904404427741,0,,-0.12668299826124163,0.2375828547400682,0.12222271703585068,360353.1555673419,1682.2659681419489,546074860.3737037,1.8404752770281667e+42,4.591590919067994e+81,16,3.9,
MEPS_2016_TOTEXP,TabICLv2,4,1.0,tail_log,50.0,1,2000,1000,1.1339659063183642,0.147,95,0.09146904404427741,1,,0.0010216251538615268,-0.0007696983599313947,-0.0016647326162672511,-0.004901568034297851,1654.5262048950194,1723.4233351196287,491.6101167395023,112.83572093197982,11,4.0,
MEPS_2016_TOTEXP,TabICLv2,4,1.0,evt_trim,0.0,1,2000,1000,1.1339659063183642,0.147,95,0.09146904404427741,0,,0.0,0.0,0.0,0.0,1654.8481089477539,1731.9988467163084,492.12065744140654,110.59398260986332,10,3.9,
MEPS_2016_TOTEXP,TabICLv2,4,100.0,raw,0.0,1,2000,1000,4.501908195503005,0.147,1,9.146904404427742,0,False,-0.1435064769006026,0.21437495000705864,0.030381460698607657,0.25567028301089145,1664.7251812744141,1745.6701729248045,560.6080033715824,107.72373418945318,12,3.9,
MEPS_2016_TOTEXP,TabICLv2,4,100.0,clip,50.0,1,2000,1000,4.501908195503005,0.147,1,9.146904404427742,2,True,0.0028580455552165715,0.0067404292960288915,-0.0039506808204352525,-0.0072875364762074474,1653.0211010131836,1717.2813481811522,494.43380273437526,114.88540794824222,11,4.0,
MEPS_2016_TOTEXP,TabICLv2,4,100.0,clip,200.0,1,2000,1000,4.501908195503005,0.147,1,9.146904404427742,1,True,-0.01450061349105198,0.046361270451217435,0.021204179797242942,0.07086901157549,1659.735051147461,1779.3788558837894,524.1388270141605,112.34309642382819,10,3.9,
MEPS_2016_TOTEXP,TabICLv2,4,100.0,log,0.0,1,2000,1000,4.501908195503005,0.147,1,9.146904404427742,0,True,-0.1266479056243303,0.24989507187074328,0.1545504786576016,370782.84687979997,1682.7676906135082,528750300.0503687,2.1747622619781812e+42,6.096705564526159e+81,15,4.0,
MEPS_2016_TOTEXP,TabICLv2,4,100.0,tail_log,50.0,1,2000,1000,4.501908195503005,0.147,1,9.146904404427742,2,True,-0.01070529266784533,0.037765286377808925,0.016058966016292732,0.06328189782373436,1659.097123413086,1777.2343754566593,521.2474675462757,110.54791712278661,10,4.1,
MEPS_2016_TOTEXP,TabICLv2,4,100.0,evt_trim,0.0,1,2000,1000,4.501908195503005,0.147,1,9.146904404427742,0,False,-0.1435064769006026,0.21437495000705864,0.030381460698607657,0.25567028301089145,1664.7251812744141,1745.6701729248045,560.6080033715824,107.72373418945318,12,4.0,
MEPS_2016_TOTEXP,GBM,4,1.0,raw,0.0,1,2000,1000,1.1339659063183642,0.147,95,0.09146904404427741,0,,0.0,0.0,0.0,0.0,1716.177141680715,1735.1680249057981,638.2284580569022,133.31508517155802,20,0.0,
MEPS_2016_TOTEXP,GBM,4,1.0,clip,50.0,1,2000,1000,1.1339659063183642,0.147,95,0.09146904404427741,1,,0.0,0.016097845260928573,-0.0013690091785700403,-0.13194515127042952,1716.177141680715,1739.298214047831,647.5434617795742,178.919036958333,22,4.5,
MEPS_2016_TOTEXP,GBM,4,1.0,clip,200.0,1,2000,1000,1.1339659063183642,0.147,95,0.09146904404427741,0,,0.0,0.0,0.0,0.0,1716.177141680715,1735.1680249057981,638.2284580569022,133.31508517155802,20,4.5,
MEPS_2016_TOTEXP,GBM,4,1.0,log,0.0,1,2000,1000,1.1339659063183642,0.147,95,0.09146904404427741,0,,-0.15107461206953612,-0.09971315098246596,-0.002095713027026184,-0.10620124662132004,1838.2081410918067,1693.913709073162,630.210437397339,177.09345519714563,23,4.2,
MEPS_2016_TOTEXP,GBM,4,1.0,tail_log,50.0,1,2000,1000,1.1339659063183642,0.147,95,0.09146904404427741,1,,0.0,0.03116449118964268,0.004930736667906535,-0.08379238084310085,1716.177141680715,1733.7798483620275,625.1252947487445,106.54379649345678,20,3.9,
MEPS_2016_TOTEXP,GBM,4,1.0,evt_trim,0.0,1,2000,1000,1.1339659063183642,0.147,95,0.09146904404427741,0,,0.0,0.0,0.0,0.0,1716.177141680715,1735.1680249057981,638.2284580569022,133.31508517155802,20,3.6,
MEPS_2016_TOTEXP,GBM,4,100.0,raw,0.0,1,2000,1000,4.501908195503005,0.147,1,9.146904404427742,0,False,0.0,0.005599496430975367,-0.004955303675500116,-0.21342745985219908,1716.177141680715,1748.4315507040267,859.5884244559834,166.49610710976575,26,3.2,
MEPS_2016_TOTEXP,GBM,4,100.0,clip,50.0,1,2000,1000,4.501908195503005,0.147,1,9.146904404427742,2,True,0.0,-0.007742752269809798,0.04619226310032521,-0.14040280363209778,1716.177141680715,1751.084321186642,649.1787616458172,113.45302541798425,21,3.2,
MEPS_2016_TOTEXP,GBM,4,100.0,clip,200.0,1,2000,1000,4.501908195503005,0.147,1,9.146904404427742,1,True,0.0,0.005599496430975367,-0.00904714694944414,-0.2092105772123536,1716.177141680715,1748.4315507040267,689.84315325385,190.95070754218187,25,3.2,
MEPS_2016_TOTEXP,GBM,4,100.0,log,0.0,1,2000,1000,4.501908195503005,0.147,1,9.146904404427742,0,True,-0.15107461206953612,-0.08254320994810813,-0.005174863747826041,-0.38577129908966007,1838.2081410918067,1728.5713753217092,686.923447520663,308.09305224125075,21,3.2,
MEPS_2016_TOTEXP,GBM,4,100.0,tail_log,50.0,1,2000,1000,4.501908195503005,0.147,1,9.146904404427742,2,True,0.0,-0.01512793533405601,0.009787000188163406,-0.2216558815558017,1716.177141680715,1746.4156556977334,693.8875078167052,186.41622980389133,25,3.2,
MEPS_2016_TOTEXP,GBM,4,100.0,evt_trim,0.0,1,2000,1000,4.501908195503005,0.147,1,9.146904404427742,0,False,0.0,0.005599496430975367,-0.004955303675500116,-0.21342745985219908,1716.177141680715,1748.4315507040267,859.5884244559834,166.49610710976575,26,3.2,
MEPS_2016_TOTEXP,TabPFN-V3,5,1.0,raw,0.0,1,2000,1000,1.124633266735652,0.098,76,0.0928347762018788,0,,0.0,0.0,0.0,0.0,1711.5203042545318,1796.1975815765384,849.5905726428225,234.23231654125988,11,0.0,
MEPS_2016_TOTEXP,TabPFN-V3,5,1.0,clip,50.0,1,2000,1000,1.124633266735652,0.098,76,0.0928347762018788,5,,-0.029632105846919766,0.01452908501683959,-0.01207552444570737,-0.06947164864215039,1709.637873816967,1792.6372748794552,825.0154709582522,257.3691345212403,14,6.6,
MEPS_2016_TOTEXP,TabPFN-V3,5,1.0,clip,200.0,1,2000,1000,1.124633266735652,0.098,76,0.0928347762018788,0,,0.0,0.0,0.0,0.0,1711.5203042545318,1796.1975815765384,849.5905726428225,234.23231654125988,11,6.6,
MEPS_2016_TOTEXP,TabPFN-V3,5,1.0,log,0.0,1,2000,1000,1.124633266735652,0.098,76,0.0928347762018788,0,,0.12711310606428367,0.1937574433241858,0.9569140634099293,20496.310508205708,1709.4220980012324,1768.6050084785156,348176.98042535473,3.611924908366187e+44,5,6.6,
MEPS_2016_TOTEXP,TabPFN-V3,5,1.0,tail_log,50.0,1,2000,1000,1.124633266735652,0.098,76,0.0928347762018788,5,,-0.012607703406051187,0.010612983910550322,0.0006115360538732006,0.0049944075954916674,1710.4491673002244,1798.415212576294,874.5785111783312,5053.2123465333225,11,6.6,
MEPS_2016_TOTEXP,TabPFN-V3,5,1.0,evt_trim,0.0,1,2000,1000,1.124633266735652,0.098,76,0.0928347762018788,0,,0.0,0.0,0.0,0.0,1711.5203042545318,1796.1975815765384,849.5905726428225,234.23231654125988,11,6.7,
MEPS_2016_TOTEXP,TabPFN-V3,5,100.0,raw,0.0,1,2000,1000,4.425401339737228,0.098,1,9.28347762018788,0,False,0.5562055662151508,0.051543699241859406,0.03660910601690742,0.1278999089618706,1732.3682661914825,1765.3609786071777,852.6982565338138,276.14287933508314,14,6.6,
MEPS_2016_TOTEXP,TabPFN-V3,5,100.0,clip,50.0,1,2000,1000,4.425401339737228,0.098,1,9.28347762018788,6,True,-0.03484263459390394,0.014791844635725908,-0.01770476178235276,-0.06633394476992861,1707.773732187748,1799.3625672042847,828.370129839783,254.61778027929697,14,6.6,
MEPS_2016_TOTEXP,TabPFN-V3,5,100.0,clip,200.0,1,2000,1000,4.425401339737228,0.098,1,9.28347762018788,1,True,-0.035889500117394925,0.025603781874905474,0.01910609623533602,0.05561231254414184,1712.723197733879,1794.8059624389648,858.4438356369021,228.9427100991212,14,6.6,
MEPS_2016_TOTEXP,TabPFN-V3,5,100.0,log,0.0,1,2000,1000,4.425401339737228,0.098,1,9.28347762018788,0,True,0.12117225301971656,0.1930955023831118,0.9582847104660903,27258.409892518473,1707.9370123607764,1786.4794501870433,585271.2228518048,7.1198754524030155e+44,5,6.8,
MEPS_2016_TOTEXP,TabPFN-V3,5,100.0,tail_log,50.0,1,2000,1000,4.425401339737228,0.098,1,9.28347762018788,6,True,-0.050579587046688496,0.012212139066801918,0.022949684388225193,0.10386260073451081,1711.6388218612672,1796.7902947113564,929.4810906414921,76070.73691067642,12,6.6,
MEPS_2016_TOTEXP,TabPFN-V3,5,100.0,evt_trim,0.0,1,2000,1000,4.425401339737228,0.098,1,9.28347762018788,0,False,0.5562055662151508,0.051543699241859406,0.03660910601690742,0.1278999089618706,1732.3682661914825,1765.3609786071777,852.6982565338138,276.14287933508314,14,6.6,
MEPS_2016_TOTEXP,TabICLv2,5,1.0,raw,0.0,1,2000,1000,1.124633266735652,0.098,76,0.0928347762018788,0,,0.0,0.0,0.0,0.0,1701.8233372802733,1921.3985779785155,814.3259438964848,301.20031139648444,8,0.0,
MEPS_2016_TOTEXP,TabICLv2,5,1.0,clip,50.0,1,2000,1000,1.124633266735652,0.098,76,0.0928347762018788,5,,0.012310366381408332,-0.021266316487691103,-0.06569397007277253,-0.09825089730566985,1705.4581118164062,1860.1643711914064,788.2842143457034,339.4283175307618,8,3.9,
MEPS_2016_TOTEXP,TabICLv2,5,1.0,clip,200.0,1,2000,1000,1.124633266735652,0.098,76,0.0928347762018788,0,,0.0,0.0,0.0,0.0,1701.8233372802733,1921.3985779785155,814.3259438964848,301.20031139648444,8,3.9,
MEPS_2016_TOTEXP,TabICLv2,5,1.0,log,0.0,1,2000,1000,1.124633266735652,0.098,76,0.0928347762018788,0,,-0.09196204057820945,0.15379806063526108,-0.103851817186038,984282.9174062626,1714.3698600813634,3047.8966409951504,1.1032235763942156e+35,2.2991328601364844e+76,9,4.0,
MEPS_2016_TOTEXP,TabICLv2,5,1.0,tail_log,50.0,1,2000,1000,1.124633266735652,0.098,76,0.0928347762018788,5,,-0.003215989161486993,-0.014035667628956578,-0.02289382220283591,-0.028062892082297043,1701.7403090820312,1896.495343982086,804.582782974561,304.12690172740804,8,4.0,
MEPS_2016_TOTEXP,TabICLv2,5,1.0,evt_trim,0.0,1,2000,1000,1.124633266735652,0.098,76,0.0928347762018788,0,,0.0,0.0,0.0,0.0,1701.8233372802733,1921.3985779785155,814.3259438964848,301.20031139648444,8,4.2,
MEPS_2016_TOTEXP,TabICLv2,5,100.0,raw,0.0,1,2000,1000,4.425401339737228,0.098,1,9.28347762018788,0,False,-0.02222206320044493,0.14914111835631072,0.07260498850163635,0.37565524539790274,1733.1249891357422,1927.2864284667965,883.5071698413091,222.2131033281251,7,3.9,
MEPS_2016_TOTEXP,TabICLv2,5,100.0,clip,50.0,1,2000,1000,4.425401339737228,0.098,1,9.28347762018788,6,True,0.010218878162293402,-0.01438429766586468,-0.06074277234309187,-0.09085388403564743,1700.1125446777344,1881.0109091796874,794.5530654858402,341.35105284375004,8,3.9,
MEPS_2016_TOTEXP,TabICLv2,5,100.0,clip,200.0,1,2000,1000,4.425401339737228,0.098,1,9.28347762018788,1,True,0.0070362030358661325,0.03923758912623743,0.05378761081438578,0.08496944481169377,1694.3233083496093,1976.0661772705078,831.3438554736334,259.9698399414063,7,3.9,
MEPS_2016_TOTEXP,TabICLv2,5,100.0,log,0.0,1,2000,1000,4.425401339737228,0.098,1,9.28347762018788,0,True,-0.09347751569947528,0.16119929533102711,-0.08072882032794787,1027952.9382557021,1713.5379768725904,3084.936194025658,1.2051174426792168e+35,2.5582624777565947e+76,9,3.9,
MEPS_2016_TOTEXP,TabICLv2,5,100.0,tail_log,50.0,1,2000,1000,4.425401339737228,0.098,1,9.28347762018788,6,True,0.008588907349623904,0.03750794083684908,0.05592062943926628,0.08435411303931811,1690.2667471923828,1994.0516565256519,835.7791403981927,242.27332726298056,8,3.9,
MEPS_2016_TOTEXP,TabICLv2,5,100.0,evt_trim,0.0,1,2000,1000,4.425401339737228,0.098,1,9.28347762018788,0,False,-0.02222206320044493,0.14914111835631072,0.07260498850163635,0.37565524539790274,1733.1249891357422,1927.2864284667965,883.5071698413091,222.2131033281251,7,4.0,
MEPS_2016_TOTEXP,GBM,5,1.0,raw,0.0,1,2000,1000,1.124633266735652,0.098,76,0.0928347762018788,0,,0.0,0.0,0.0,0.0,1764.5891083062863,1929.9001774961678,868.854729130897,281.9099683519138,12,0.0,
MEPS_2016_TOTEXP,GBM,5,1.0,clip,50.0,1,2000,1000,1.124633266735652,0.098,76,0.0928347762018788,5,,0.0,0.0075957798394133205,-0.02264942168837892,0.24237926394001608,1764.5891083062863,1932.9511870613344,864.0195595578033,368.04658251724607,12,4.3,
MEPS_2016_TOTEXP,GBM,5,1.0,clip,200.0,1,2000,1000,1.124633266735652,0.098,76,0.0928347762018788,0,,0.0,0.0,0.0,0.0,1764.5891083062863,1929.9001774961678,868.854729130897,281.9099683519138,12,4.2,
MEPS_2016_TOTEXP,GBM,5,1.0,log,0.0,1,2000,1000,1.124633266735652,0.098,76,0.0928347762018788,0,,-0.06984232731561354,-0.13260983291631157,-0.056428786743245765,0.060049936608597865,1748.9488912889306,1886.471956133112,869.9333872647487,284.07782448775527,13,4.4,
MEPS_2016_TOTEXP,GBM,5,1.0,tail_log,50.0,1,2000,1000,1.124633266735652,0.098,76,0.0928347762018788,5,,0.0,0.005760314601962585,0.0001256558398232421,0.04816256690726319,1764.5891083062863,1931.3537859820565,868.0426802950406,283.4954177217483,12,4.4,
MEPS_2016_TOTEXP,GBM,5,1.0,evt_trim,0.0,1,2000,1000,1.124633266735652,0.098,76,0.0928347762018788,0,,0.0,0.0,0.0,0.0,1764.5891083062863,1929.9001774961678,868.854729130897,281.9099683519138,12,3.4,
MEPS_2016_TOTEXP,GBM,5,100.0,raw,0.0,1,2000,1000,4.425401339737228,0.098,1,9.28347762018788,0,False,0.0,-0.005455232035330836,0.0022551476235896403,0.8346242283738603,1764.5891083062863,2158.909114550489,944.7405947791591,223.6228943440824,10,3.1,
MEPS_2016_TOTEXP,GBM,5,100.0,clip,50.0,1,2000,1000,4.425401339737228,0.098,1,9.28347762018788,6,True,0.0,-0.0050229491326420255,0.001884110545991684,0.24237926394001608,1764.5891083062863,1917.0073679119148,862.4852321094726,368.04658251724607,14,3.2,
MEPS_2016_TOTEXP,GBM,5,100.0,clip,200.0,1,2000,1000,4.425401339737228,0.098,1,9.28347762018788,1,True,0.0,-0.01348524779504802,0.000691793021197582,0.8385761425892765,1764.5891083062863,1968.4273917431992,862.2023305123053,221.50851441965466,10,3.2,
MEPS_2016_TOTEXP,GBM,5,100.0,log,0.0,1,2000,1000,4.425401339737228,0.098,1,9.28347762018788,0,True,-0.0698422721150673,-0.1610814464013376,-0.09503556170434387,0.811332247681111,1748.9356019718,1905.3722145206327,1063.0354914372751,219.02621780990413,14,3.2,
MEPS_2016_TOTEXP,GBM,5,100.0,tail_log,50.0,1,2000,1000,4.425401339737228,0.098,1,9.28347762018788,6,True,0.0,-0.022111953526426656,-0.005445506845775617,0.8117891722993988,1764.5891083062863,1934.5164932451098,862.9442586983372,219.48875460485544,10,3.1,
MEPS_2016_TOTEXP,GBM,5,100.0,evt_trim,0.0,1,2000,1000,4.425401339737228,0.098,1,9.28347762018788,0,False,0.0,-0.005455232035330836,0.0022551476235896403,0.8346242283738603,1764.5891083062863,2158.909114550489,944.7405947791591,223.6228943440824,10,3.1,
MEPS_2016_TOTEXP,TabPFN-V3,6,1.0,raw,0.0,1,2000,1000,1.0463821346685465,0.123,100,0.12565761321015934,0,,0.0,0.0,0.0,0.0,1826.7642395563125,1970.326979171753,899.7956178463749,426.45023945507825,16,0.0,
MEPS_2016_TOTEXP,TabPFN-V3,6,1.0,clip,50.0,1,2000,1000,1.0463821346685465,0.123,100,0.12565761321015934,2,,-0.002406559872974813,0.0024519490997004824,-0.0035554434211346317,-0.019289659011908527,1825.7591249537468,1966.5198797164917,887.5103517604067,429.22571571679697,16,6.7,
MEPS_2016_TOTEXP,TabPFN-V3,6,1.0,clip,200.0,1,2000,1000,1.0463821346685465,0.123,100,0.12565761321015934,0,,0.0,0.0,0.0,0.0,1826.7642395563125,1970.326979171753,899.7956178463749,426.45023945507825,16,6.7,
MEPS_2016_TOTEXP,TabPFN-V3,6,1.0,log,0.0,1,2000,1000,1.0463821346685465,0.123,100,0.12565761321015934,0,,0.29594329222134874,0.35848291628515194,0.5308727124587689,73193.76511299441,1843.1792177815446,1972.1240354557153,1238.991039854129,1.338947690834435e+47,7,6.7,
MEPS_2016_TOTEXP,TabPFN-V3,6,1.0,tail_log,50.0,1,2000,1000,1.0463821346685465,0.123,100,0.12565761321015934,2,,0.0003720082856359042,0.00045928191927268626,-0.0016561527497771034,-0.0024328895014383706,1826.613511293888,1969.8570601387023,904.7776157340812,1172.6434241713882,16,6.6,
MEPS_2016_TOTEXP,TabPFN-V3,6,1.0,evt_trim,0.0,1,2000,1000,1.0463821346685465,0.123,100,0.12565761321015934,0,,0.0,0.0,0.0,0.0,1826.7642395563125,1970.326979171753,899.7956178463749,426.45023945507825,16,6.6,
MEPS_2016_TOTEXP,TabPFN-V3,6,100.0,raw,0.0,1,2000,1000,3.9355514880131395,0.123,1,12.565761321015934,0,False,0.24266774126108845,0.008713881134305903,-0.010030479009241366,0.034863754820376375,1832.7107043418885,1950.643461602783,892.229921115723,446.7214745581056,17,6.7,
MEPS_2016_TOTEXP,TabPFN-V3,6,100.0,clip,50.0,1,2000,1000,3.9355514880131395,0.123,1,12.565761321015934,3,True,0.0038343582242313925,0.008709182739292646,0.004205758909042119,0.004037449224435273,1826.0722315876485,1968.8070755012513,896.9297174008182,429.39318740966803,15,6.9,
MEPS_2016_TOTEXP,TabPFN-V3,6,100.0,clip,200.0,1,2000,1000,3.9355514880131395,0.123,1,12.565761321015934,1,True,-0.0035265402580154474,0.005383303712673218,0.023527323233710866,0.07123204981638656,1829.04702039814,1981.1420883651738,922.6708647000125,414.79681900683596,17,6.7,
MEPS_2016_TOTEXP,TabPFN-V3,6,100.0,log,0.0,1,2000,1000,3.9355514880131395,0.123,1,12.565761321015934,0,True,0.3047813428267743,0.3684347370051086,0.5926876269578969,92209.87844253446,1844.0430444989643,1985.8945726816655,1256.4008968570206,1.3584474944473395e+47,7,6.9,
MEPS_2016_TOTEXP,TabPFN-V3,6,100.0,tail_log,50.0,1,2000,1000,3.9355514880131395,0.123,1,12.565761321015934,3,True,0.02080073686240588,0.0047412791947360824,0.02384927522483149,0.08145902897370635,1828.5726599817276,1980.9744447067262,942.733611450744,11788.037388710367,17,6.6,
MEPS_2016_TOTEXP,TabPFN-V3,6,100.0,evt_trim,0.0,1,2000,1000,3.9355514880131395,0.123,1,12.565761321015934,0,False,0.24266774126108845,0.008713881134305903,-0.010030479009241366,0.034863754820376375,1832.7107043418885,1950.643461602783,892.229921115723,446.7214745581056,17,6.8,
MEPS_2016_TOTEXP,TabICLv2,6,1.0,raw,0.0,1,2000,1000,1.0463821346685465,0.123,100,0.12565761321015934,0,,0.0,0.0,0.0,0.0,1802.9508720703125,2014.2505732177733,794.9841918969729,362.7923683457031,9,0.0,
MEPS_2016_TOTEXP,TabICLv2,6,1.0,clip,50.0,1,2000,1000,1.0463821346685465,0.123,100,0.12565761321015934,2,,0.0008713739857265726,-0.00011043405132560291,-0.008260374191604023,-0.01166658780967066,1802.1627694091796,2005.8653948974609,790.3816784375002,365.7934692968751,9,4.0,
MEPS_2016_TOTEXP,TabICLv2,6,1.0,clip,200.0,1,2000,1000,1.0463821346685465,0.123,100,0.12565761321015934,0,,0.0,0.0,0.0,0.0,1802.9508720703125,2014.2505732177733,794.9841918969729,362.7923683457031,9,3.9,
MEPS_2016_TOTEXP,TabICLv2,6,1.0,log,0.0,1,2000,1000,1.0463821346685465,0.123,100,0.12565761321015934,0,,-0.16707385100989025,0.14034231549665827,-0.0368503283211615,588850.937048045,1859.5954287871982,2047.9848732960177,17591350.50151956,1.3029943268773764e+23,17,3.9,
MEPS_2016_TOTEXP,TabICLv2,6,1.0,tail_log,50.0,1,2000,1000,1.0463821346685465,0.123,100,0.12565761321015934,2,,0.00022960705822053636,-7.458472773093664e-05,-0.001428281999113897,-0.0016141341367197064,1802.8027001953126,2012.3133345100923,794.2136389709061,362.6974508169394,9,3.9,
MEPS_2016_TOTEXP,TabICLv2,6,1.0,evt_trim,0.0,1,2000,1000,1.0463821346685465,0.123,100,0.12565761321015934,0,,0.0,0.0,0.0,0.0,1802.9508720703125,2014.2505732177733,794.9841918969729,362.7923683457031,9,4.0,
MEPS_2016_TOTEXP,TabICLv2,6,100.0,raw,0.0,1,2000,1000,3.9355514880131395,0.123,1,12.565761321015934,0,False,-0.09771623619282531,0.19576813858843678,0.00791935998636647,0.19875668746478287,1817.1525808105469,2058.3076977783203,906.5207509912112,371.31226700781264,8,3.9,
MEPS_2016_TOTEXP,TabICLv2,6,100.0,clip,50.0,1,2000,1000,3.9355514880131395,0.123,1,12.565761321015934,3,True,-0.000255351958009422,0.007883863252320124,0.008102224264365073,0.007273569596163329,1803.386942993164,2020.8427025390624,799.0485368432619,362.58755036328137,8,4.0,
MEPS_2016_TOTEXP,TabICLv2,6,100.0,clip,200.0,1,2000,1000,3.9355514880131395,0.123,1,12.565761321015934,1,True,-0.0366839113182053,0.0059137061125745394,0.016631779131697458,0.07450864693876226,1810.33410546875,2082.04615727539,843.0760734521489,353.5635519726563,9,4.0,
MEPS_2016_TOTEXP,TabICLv2,6,100.0,log,0.0,1,2000,1000,3.9355514880131395,0.123,1,12.565761321015934,0,True,-0.17389784079288412,0.15953716956042358,0.024486913054256855,614436.4226914184,1861.3608736495287,2122.211841319259,20951446.313273247,1.7613461711823473e+23,17,3.9,
MEPS_2016_TOTEXP,TabICLv2,6,100.0,tail_log,50.0,1,2000,1000,3.9355514880131395,0.123,1,12.565761321015934,3,True,-0.03793061350057124,0.002538329543218816,0.025760252500959237,0.07850645790191116,1810.0522401123046,2083.357829827729,842.2966896119439,351.4940382046749,9,3.9,
MEPS_2016_TOTEXP,TabICLv2,6,100.0,evt_trim,0.0,1,2000,1000,3.9355514880131395,0.123,1,12.565761321015934,0,False,-0.09771623619282531,0.19576813858843678,0.00791935998636647,0.19875668746478287,1817.1525808105469,2058.3076977783203,906.5207509912112,371.31226700781264,8,4.0,
MEPS_2016_TOTEXP,GBM,6,1.0,raw,0.0,1,2000,1000,1.0463821346685465,0.123,100,0.12565761321015934,0,,0.0,0.0,0.0,0.0,1861.0752959045078,1979.7646163608028,938.6175669904543,434.6777078074023,12,0.0,
MEPS_2016_TOTEXP,GBM,6,1.0,clip,50.0,1,2000,1000,1.0463821346685465,0.123,100,0.12565761321015934,2,,0.0,0.0003648764876887313,0.05362021479527254,0.010339607688882847,1861.0752959045078,1977.765891674221,922.7231319110195,449.4154410264093,10,4.5,
MEPS_2016_TOTEXP,GBM,6,1.0,clip,200.0,1,2000,1000,1.0463821346685465,0.123,100,0.12565761321015934,0,,0.0,0.0,0.0,0.0,1861.0752959045078,1979.7646163608028,938.6175669904543,434.6777078074023,12,4.7,
MEPS_2016_TOTEXP,GBM,6,1.0,log,0.0,1,2000,1000,1.0463821346685465,0.123,100,0.12565761321015934,0,,-0.06881386280549326,-0.06102689727001111,0.028813467140027454,-0.004251337950502337,5063270.066111679,1960.757581669724,936.9556306404958,439.2295880183269,15,4.6,
MEPS_2016_TOTEXP,GBM,6,1.0,tail_log,50.0,1,2000,1000,1.0463821346685465,0.123,100,0.12565761321015934,2,,0.0,0.007076182155937272,-0.04464529227158321,0.004001089200843578,1861.0752959045078,1969.034150324326,944.4993716286476,448.9400124173136,15,4.3,
MEPS_2016_TOTEXP,GBM,6,1.0,evt_trim,0.0,1,2000,1000,1.0463821346685465,0.123,100,0.12565761321015934,0,,0.0,0.0,0.0,0.0,1861.0752959045078,1979.7646163608028,938.6175669904543,434.6777078074023,12,3.6,
MEPS_2016_TOTEXP,GBM,6,100.0,raw,0.0,1,2000,1000,3.9355514880131395,0.123,1,12.565761321015934,0,False,0.0,0.011954549456828837,0.033438292031546454,0.1810784941768747,1861.0752959045078,2543.7239140864917,1013.5345136098723,425.6682322354424,13,3.3,
MEPS_2016_TOTEXP,GBM,6,100.0,clip,50.0,1,2000,1000,3.9355514880131395,0.123,1,12.565761321015934,3,True,0.0,0.002862820363134186,-0.0020457255329304784,0.16690300081466247,1861.0752959045078,2002.3787094167997,905.4760675121753,428.9869268642997,12,3.2,
MEPS_2016_TOTEXP,GBM,6,100.0,clip,200.0,1,2000,1000,3.9355514880131395,0.123,1,12.565761321015934,1,True,0.0,-0.0016314550596168622,0.0877678783745609,0.1793296968281789,1861.0752959045078,2110.9333607223457,935.2652334755396,421.54637977272444,10,3.3,
MEPS_2016_TOTEXP,GBM,6,100.0,log,0.0,1,2000,1000,3.9355514880131395,0.123,1,12.565761321015934,0,True,-0.07536010758908529,-0.07324600559246808,0.06445868394571325,0.17867646394592127,5488147.696053178,2012.9575607125598,1021.6757605701207,425.4202655055142,16,3.3,
MEPS_2016_TOTEXP,GBM,6,100.0,tail_log,50.0,1,2000,1000,3.9355514880131395,0.123,1,12.565761321015934,3,True,0.0,-0.0009287012191153932,0.08455083867888608,0.17938851702426328,1861.0752959045078,2417.6025642107575,934.4072665596079,425.92192212550515,10,3.3,
MEPS_2016_TOTEXP,GBM,6,100.0,evt_trim,0.0,1,2000,1000,3.9355514880131395,0.123,1,12.565761321015934,0,False,0.0,0.011954549456828837,0.033438292031546454,0.1810784941768747,1861.0752959045078,2543.7239140864917,1013.5345136098723,425.6682322354424,13,3.3,
MEPS_2016_TOTEXP,TabPFN-V3,7,1.0,raw,0.0,1,2000,1000,1.6156651262011348,0.068,17,0.08328568476164233,0,,0.0,0.0,0.0,0.0,1916.8245985689164,2001.373867423248,768.7944009014896,278.46616651269545,18,0.0,
MEPS_2016_TOTEXP,TabPFN-V3,7,1.0,clip,50.0,1,2000,1000,1.6156651262011348,0.068,17,0.08328568476164233,7,,-0.10311308465102509,-0.09083486217599698,-0.06894418999014237,-0.07639234627425018,1910.7346101436615,1996.9007888305664,763.9445056282045,264.5935720014649,22,6.6,
MEPS_2016_TOTEXP,TabPFN-V3,7,1.0,clip,200.0,1,2000,1000,1.6156651262011348,0.068,17,0.08328568476164233,1,,-0.12506395849335228,-0.0322915242614355,-0.04311464496889445,-0.052231415673140824,1918.4810762197972,2006.7978094558714,779.2198148464967,280.01561578369154,21,6.8,
MEPS_2016_TOTEXP,TabPFN-V3,7,1.0,log,0.0,1,2000,1000,1.6156651262011348,0.068,17,0.08328568476164233,0,,0.2492435398171582,0.2502312429802018,1.67049158531549,12535.982415409962,1938.9195757848372,2036.377724564409,496203.6410158837,8.713618312249389e+45,3,6.6,
MEPS_2016_TOTEXP,TabPFN-V3,7,1.0,tail_log,50.0,1,2000,1000,1.6156651262011348,0.068,17,0.08328568476164233,7,,-0.05432249394207843,-0.05944100802971457,-0.0504762684622673,-0.04291895283176079,1915.917764120102,2006.46179606373,841.2863357626426,10921.311794232208,22,6.6,
MEPS_2016_TOTEXP,TabPFN-V3,7,1.0,evt_trim,0.0,1,2000,1000,1.6156651262011348,0.068,17,0.08328568476164233,0,,0.0,0.0,0.0,0.0,1916.8245985689164,2001.373867423248,768.7944009014896,278.46616651269545,18,6.5,
MEPS_2016_TOTEXP,TabPFN-V3,7,100.0,raw,0.0,1,2000,1000,6.664999772786585,0.068,1,8.328568476164232,0,False,0.582367779849814,-0.02996783126199002,-0.08771287659029303,0.042702903606339146,1938.1667821736335,2031.6898945190426,843.9850911779788,234.9964506035157,30,6.5,
MEPS_2016_TOTEXP,TabPFN-V3,7,100.0,clip,50.0,1,2000,1000,6.664999772786585,0.068,1,8.328568476164232,8,True,-0.10269246528689155,-0.08766818537060883,-0.06339868941339663,-0.06489615485486167,1909.9117428588868,1996.5309961875917,753.6272159957888,262.8870948764649,22,6.5,
MEPS_2016_TOTEXP,TabPFN-V3,7,100.0,clip,200.0,1,2000,1000,6.664999772786585,0.068,1,8.328568476164232,2,True,0.0313222431396383,0.01163391407607427,0.0052852359041136296,0.009128798340022472,1915.5393349552155,2006.799664540863,760.3322495040895,272.5239867788087,18,6.5,
MEPS_2016_TOTEXP,TabPFN-V3,7,100.0,log,0.0,1,2000,1000,6.664999772786585,0.068,1,8.328568476164232,0,True,0.25200135321627654,0.25702656009823804,1.7351610510863973,14741.309891245339,1939.1773998152662,2037.3447023077206,521379.80157009297,8.358177774320966e+45,3,6.6,
MEPS_2016_TOTEXP,TabPFN-V3,7,100.0,tail_log,50.0,1,2000,1000,6.664999772786585,0.068,1,8.328568476164232,8,True,0.01953546931710171,0.016116922234709577,0.000642230368360986,0.003393141902394681,1917.6034929609298,2007.8085990234408,1036.7001452399222,566099.9249969857,18,6.6,
MEPS_2016_TOTEXP,TabPFN-V3,7,100.0,evt_trim,0.0,1,2000,1000,6.664999772786585,0.068,1,8.328568476164232,0,False,0.582367779849814,-0.02996783126199002,-0.08771287659029303,0.042702903606339146,1938.1667821736335,2031.6898945190426,843.9850911779788,234.9964506035157,30,6.8,
MEPS_2016_TOTEXP,TabICLv2,7,1.0,raw,0.0,1,2000,1000,1.6156651262011348,0.068,17,0.08328568476164233,0,,0.0,0.0,0.0,0.0,1941.1953623657228,1912.9453816772457,563.7541564392093,153.5461997333985,8,0.0,
MEPS_2016_TOTEXP,TabICLv2,7,1.0,clip,50.0,1,2000,1000,1.6156651262011348,0.068,17,0.08328568476164233,7,,0.023992033963751935,-0.04379330352233879,-0.023908072693790833,-0.08748407847793768,1919.549123840332,1914.469856591797,589.2198140917969,187.9300762324219,12,3.8,
MEPS_2016_TOTEXP,TabICLv2,7,1.0,clip,200.0,1,2000,1000,1.6156651262011348,0.068,17,0.08328568476164233,1,,0.005698377609039714,-0.015377729174868116,-0.0074803504913942345,-0.028296091149359597,1944.697829650879,1935.0002377197266,532.4730160937504,138.303488822754,9,3.9,
MEPS_2016_TOTEXP,TabICLv2,7,1.0,log,0.0,1,2000,1000,1.6156651262011348,0.068,17,0.08328568476164233,0,,-0.024737186437065094,0.13208811936118053,-0.11852160519691712,535244.4349657194,1954.3931270127823,2362.5080479394205,7.572464639020863e+28,2.495288391472067e+66,19,3.9,
MEPS_2016_TOTEXP,TabICLv2,7,1.0,tail_log,50.0,1,2000,1000,1.6156651262011348,0.068,17,0.08328568476164233,7,,0.012717951243000437,-0.02995434350300548,-0.012427657264963084,-0.05320038316348802,1935.151731262207,1941.7178417835294,547.3606682118866,144.54130439081067,11,3.9,
MEPS_2016_TOTEXP,TabICLv2,7,1.0,evt_trim,0.0,1,2000,1000,1.6156651262011348,0.068,17,0.08328568476164233,0,,0.0,0.0,0.0,0.0,1941.1953623657228,1912.9453816772457,563.7541564392093,153.5461997333985,8,3.9,
MEPS_2016_TOTEXP,TabICLv2,7,100.0,raw,0.0,1,2000,1000,6.664999772786585,0.068,1,8.328568476164232,0,False,-0.10351280156619594,0.08988948314499828,0.10960944988692901,0.6331905279825171,1937.4874333496093,2008.9700803466797,624.4100261865237,99.68740630078132,9,3.9,
MEPS_2016_TOTEXP,TabICLv2,7,100.0,clip,50.0,1,2000,1000,6.664999772786585,0.068,1,8.328568476164232,8,True,0.02370614462983139,-0.039870917846152834,-0.015250486571124948,-0.07413208903245683,1920.0449325561524,1910.8462243408203,576.2716941845706,177.2294484072266,11,4.0,
MEPS_2016_TOTEXP,TabICLv2,7,100.0,clip,200.0,1,2000,1000,6.664999772786585,0.068,1,8.328568476164232,2,True,0.007162293625353908,0.014330811128094392,0.030447187882070972,0.03769329904237728,1932.5871838378907,1912.3433638183594,557.5630870727541,137.56574353027347,8,4.0,
MEPS_2016_TOTEXP,TabICLv2,7,100.0,log,0.0,1,2000,1000,6.664999772786585,0.068,1,8.328568476164232,0,True,-0.02678051446532871,0.1310736483508029,-0.08372634200255935,584236.2815099865,1954.5100590171473,2355.9624200243593,6.959017555414886e+28,2.3811661470708467e+66,19,4.0,
MEPS_2016_TOTEXP,TabICLv2,7,100.0,tail_log,50.0,1,2000,1000,6.664999772786585,0.068,1,8.328568476164232,8,True,0.007831480973334713,0.008669774481716923,0.029987947762642256,0.0360047302982785,1932.3404404907226,1906.2609698778401,553.0881011860953,125.06439733246764,9,3.8,
MEPS_2016_TOTEXP,TabICLv2,7,100.0,evt_trim,0.0,1,2000,1000,6.664999772786585,0.068,1,8.328568476164232,0,False,-0.10351280156619594,0.08988948314499828,0.10960944988692901,0.6331905279825171,1937.4874333496093,2008.9700803466797,624.4100261865237,99.68740630078132,9,3.9,
MEPS_2016_TOTEXP,GBM,7,1.0,raw,0.0,1,2000,1000,1.6156651262011348,0.068,17,0.08328568476164233,0,,0.0,0.0,0.0,0.0,1949.4302151984496,2180.654006797773,622.0419486127528,349.58999808922584,20,0.0,
MEPS_2016_TOTEXP,GBM,7,1.0,clip,50.0,1,2000,1000,1.6156651262011348,0.068,17,0.08328568476164233,7,,0.0,-0.04914901287583179,0.1027582106453038,0.17556190209272993,1949.4302151984496,2132.79602217356,915.1431024180577,499.0113065676667,22,4.5,
MEPS_2016_TOTEXP,GBM,7,1.0,clip,200.0,1,2000,1000,1.6156651262011348,0.068,17,0.08328568476164233,1,,0.0,-0.007343534762728164,-0.05453904801886371,0.019226983824143853,1949.4302151984496,2168.3704250019646,632.8130497984826,365.4347305008535,19,3.9,
MEPS_2016_TOTEXP,GBM,7,1.0,log,0.0,1,2000,1000,1.6156651262011348,0.068,17,0.08328568476164233,0,,-0.014035231666752458,-0.09274147103642433,-0.052760843393056873,-0.02851088614776153,2025.0249404078922,2159.5943871112804,881.5856412026964,470.289317297045,26,3.9,
MEPS_2016_TOTEXP,GBM,7,1.0,tail_log,50.0,1,2000,1000,1.6156651262011348,0.068,17,0.08328568476164233,7,,0.0,-0.023102079855033812,-0.03329074476776468,0.044804982512260644,1949.4302151984496,2161.4897877557028,705.0293138907579,371.1915759434227,22,4.1,
MEPS_2016_TOTEXP,GBM,7,1.0,evt_trim,0.0,1,2000,1000,1.6156651262011348,0.068,17,0.08328568476164233,0,,0.0,0.0,0.0,0.0,1949.4302151984496,2180.654006797773,622.0419486127528,349.58999808922584,20,3.8,
MEPS_2016_TOTEXP,GBM,7,100.0,raw,0.0,1,2000,1000,6.664999772786585,0.068,1,8.328568476164232,0,False,0.0,0.0,0.029438124997594683,-0.2654546601052707,1949.4302151984496,2180.654006797773,789.2111117016028,687.3057982550494,25,3.3,
MEPS_2016_TOTEXP,GBM,7,100.0,clip,50.0,1,2000,1000,6.664999772786585,0.068,1,8.328568476164232,8,True,0.0,-0.04914901287583179,0.2750811211034437,-0.4868734564650867,1949.4302151984496,2132.79602217356,1008.1304065720507,664.6352222802826,19,3.2,
MEPS_2016_TOTEXP,GBM,7,100.0,clip,200.0,1,2000,1000,6.664999772786585,0.068,1,8.328568476164232,2,True,0.0,-0.007343534762728164,0.03286417963689993,-0.3732851530543944,1949.4302151984496,2168.3704250019646,778.2681452617196,444.3922467413389,20,3.1,
MEPS_2016_TOTEXP,GBM,7,100.0,log,0.0,1,2000,1000,6.664999772786585,0.068,1,8.328568476164232,0,True,-0.014035231666752458,-0.09274147103642433,-0.03818709034692443,-0.6028041035342271,2025.0249404078922,2159.5943871112804,842.7216112081998,514.7182597376551,21,3.1,
MEPS_2016_TOTEXP,GBM,7,100.0,tail_log,50.0,1,2000,1000,6.664999772786585,0.068,1,8.328568476164232,8,True,0.0,-0.023102079855033812,0.0460008977472431,-0.40242041394074046,1949.4302151984496,2161.4897877557028,872.58960068378,464.15462483700156,23,3.0,
MEPS_2016_TOTEXP,GBM,7,100.0,evt_trim,0.0,1,2000,1000,6.664999772786585,0.068,1,8.328568476164232,0,False,0.0,0.0,0.029438124997594683,-0.2654546601052707,1949.4302151984496,2180.654006797773,789.2111117016028,687.3057982550494,25,3.3,
MEPS_2016_TOTEXP,TabPFN-V3,8,1.0,raw,0.0,1,2000,1000,1.091768665299509,0.105,210,0.04275783833361493,0,,0.0,0.0,0.0,0.0,1511.7758016099929,1475.537068687439,444.5488715026858,117.89658620458994,11,0.0,
MEPS_2016_TOTEXP,TabPFN-V3,8,1.0,clip,50.0,1,2000,1000,1.091768665299509,0.105,210,0.04275783833361493,4,,-0.025463623073885236,0.0009526870632603549,-0.004324397316375437,-0.01269676529225303,1511.5001339263915,1479.5437451583862,429.62927934326194,108.79468245849618,11,6.5,
MEPS_2016_TOTEXP,TabPFN-V3,8,1.0,clip,200.0,1,2000,1000,1.091768665299509,0.105,210,0.04275783833361493,0,,0.0,0.0,0.0,0.0,1511.7758016099929,1475.537068687439,444.5488715026858,117.89658620458994,11,6.5,
MEPS_2016_TOTEXP,TabPFN-V3,8,1.0,log,0.0,1,2000,1000,1.091768665299509,0.105,210,0.04275783833361493,0,,0.25073475212307667,0.1933878990987059,1.0321472682316124,1145943.0317157719,1538.4471161802946,1473.3899278041147,56862796718.7694,1.2114456960990263e+69,2,6.9,
MEPS_2016_TOTEXP,TabPFN-V3,8,1.0,tail_log,50.0,1,2000,1000,1.091768665299509,0.105,210,0.04275783833361493,4,,-0.006560266487315268,0.0010473786316883811,-0.0045793767917282025,-0.0011787028682053197,1511.3832058401108,1476.0520386184692,468.52326364178106,3675.565108129033,12,7.1,
MEPS_2016_TOTEXP,TabPFN-V3,8,1.0,evt_trim,0.0,1,2000,1000,1.091768665299509,0.105,210,0.04275783833361493,0,,0.0,0.0,0.0,0.0,1511.7758016099929,1475.537068687439,444.5488715026858,117.89658620458994,11,6.6,
MEPS_2016_TOTEXP,TabPFN-V3,8,100.0,raw,0.0,1,2000,1000,2.008207782905664,0.105,1,4.275783833361492,0,False,0.09953881745501741,0.0906541514030326,0.06783413159512261,0.14259727227814462,1511.64425391078,1481.8243260116576,476.6887228356937,145.57543734033214,9,6.6,
MEPS_2016_TOTEXP,TabPFN-V3,8,100.0,clip,50.0,1,2000,1000,2.008207782905664,0.105,1,4.275783833361492,5,True,-0.009789982188972575,0.005578177550739334,0.014159165632886397,0.028036315591797638,1512.0019724826814,1480.1654414718628,438.27693137085,113.32308697363291,11,6.4,
MEPS_2016_TOTEXP,TabPFN-V3,8,100.0,clip,200.0,1,2000,1000,2.008207782905664,0.105,1,4.275783833361492,1,True,-0.004127294503801659,0.05116310355429059,0.023196163578588072,0.029415281136843243,1513.7423769922257,1469.7571509155273,464.7158616186526,127.25966711816419,10,6.7,
MEPS_2016_TOTEXP,TabPFN-V3,8,100.0,log,0.0,1,2000,1000,2.008207782905664,0.105,1,4.275783833361492,0,True,0.2494930741052629,0.19947271758711105,1.0419703580579656,1380587.1169922475,1538.2163253105102,1479.2261724491757,103951872619.55069,2.9518716788801977e+69,2,6.5,
MEPS_2016_TOTEXP,TabPFN-V3,8,100.0,tail_log,50.0,1,2000,1000,2.008207782905664,0.105,1,4.275783833361492,5,True,0.01870224092167828,0.007005949221172463,0.013587091604570282,0.03706571248773062,1514.3170230398177,1462.5529148773192,511.7530808913751,20198.808277542048,10,6.6,
MEPS_2016_TOTEXP,TabPFN-V3,8,100.0,evt_trim,0.0,1,2000,1000,2.008207782905664,0.105,1,4.275783833361492,0,False,0.09953881745501741,0.0906541514030326,0.06783413159512261,0.14259727227814462,1511.64425391078,1481.8243260116576,476.6887228356937,145.57543734033214,9,6.8,
MEPS_2016_TOTEXP,TabICLv2,8,1.0,raw,0.0,1,2000,1000,1.091768665299509,0.105,210,0.04275783833361493,0,,0.0,0.0,0.0,0.0,1496.265534790039,1419.1014295898433,459.2650019702152,68.64613667919929,2,0.0,
MEPS_2016_TOTEXP,TabICLv2,8,1.0,clip,50.0,1,2000,1000,1.091768665299509,0.105,210,0.04275783833361493,4,,0.007600060969211318,-0.005506672998123116,-0.05008591150432545,-0.07310498156343154,1490.693912109375,1413.159574267578,419.50180732666047,62.721459235839895,3,4.0,
MEPS_2016_TOTEXP,TabICLv2,8,1.0,clip,200.0,1,2000,1000,1.091768665299509,0.105,210,0.04275783833361493,0,,0.0,0.0,0.0,0.0,1496.265534790039,1419.1014295898433,459.2650019702152,68.64613667919929,2,4.1,
MEPS_2016_TOTEXP,TabICLv2,8,1.0,log,0.0,1,2000,1000,1.091768665299509,0.105,210,0.04275783833361493,0,,-0.10911750527434058,0.13543133288003018,-0.15031602281126955,376026.45510169154,1532.136125318184,1658.7951319027716,601.6966377515907,114600471915.47556,13,4.1,
MEPS_2016_TOTEXP,TabICLv2,8,1.0,tail_log,50.0,1,2000,1000,1.091768665299509,0.105,210,0.04275783833361493,4,,-0.00011771152490538736,-0.0036502186318083506,-0.011469670253436589,-0.015171227889443289,1495.386169555664,1417.6396187255857,450.38059322972,67.4628301708687,2,4.2,
MEPS_2016_TOTEXP,TabICLv2,8,1.0,evt_trim,0.0,1,2000,1000,1.091768665299509,0.105,210,0.04275783833361493,0,,0.0,0.0,0.0,0.0,1496.265534790039,1419.1014295898433,459.2650019702152,68.64613667919929,2,4.1,
MEPS_2016_TOTEXP,TabICLv2,8,100.0,raw,0.0,1,2000,1000,2.008207782905664,0.105,1,4.275783833361492,0,False,-0.027618351766355523,0.08673705155056173,0.049676158444576415,0.175958826616192,1504.0315308837892,1599.8063162353515,562.6556548608404,88.72948230371102,2,4.0,
MEPS_2016_TOTEXP,TabICLv2,8,100.0,clip,50.0,1,2000,1000,2.008207782905664,0.105,1,4.275783833361492,5,True,0.0011751198771090636,-0.00401725870446846,-0.03368172516634583,-0.051431437305354766,1489.0086939697267,1417.7010723632811,429.0981779956058,64.1187119882813,3,4.0,
MEPS_2016_TOTEXP,TabICLv2,8,100.0,clip,200.0,1,2000,1000,2.008207782905664,0.105,1,4.275783833361492,1,True,0.0014374304953111293,0.03494569846696284,0.04695867685582497,0.09367410781565476,1494.959880126953,1483.2282226806637,518.055232263184,77.53770019726569,2,4.1,
MEPS_2016_TOTEXP,TabICLv2,8,100.0,log,0.0,1,2000,1000,2.008207782905664,0.105,1,4.275783833361492,0,True,-0.109681684513499,0.1380140473962675,-0.10896950615796201,416062.97587809374,1533.179166785048,1647.739438598041,626.7075449556187,119823914657.90477,13,4.2,
MEPS_2016_TOTEXP,TabICLv2,8,100.0,tail_log,50.0,1,2000,1000,2.008207782905664,0.105,1,4.275783833361492,5,True,-0.003302145173650721,0.017710148472350945,0.03502867039667798,0.06359844150778116,1494.95119140625,1458.5289453845476,501.7453477656976,75.99674090537908,2,4.0,
MEPS_2016_TOTEXP,TabICLv2,8,100.0,evt_trim,0.0,1,2000,1000,2.008207782905664,0.105,1,4.275783833361492,0,False,-0.027618351766355523,0.08673705155056173,0.049676158444576415,0.175958826616192,1504.0315308837892,1599.8063162353515,562.6556548608404,88.72948230371102,2,4.1,
MEPS_2016_TOTEXP,GBM,8,1.0,raw,0.0,1,2000,1000,1.091768665299509,0.105,210,0.04275783833361493,0,,0.0,0.0,0.0,0.0,1575.3819906284352,1547.6299293325944,456.4222401368482,170.31353377321815,9,0.0,
MEPS_2016_TOTEXP,GBM,8,1.0,clip,50.0,1,2000,1000,1.091768665299509,0.105,210,0.04275783833361493,4,,0.0,0.0,-0.010612196778070942,-0.15335819752558844,1575.3819906284352,1546.743285279662,448.05975973088215,85.43264380337435,10,4.1,
MEPS_2016_TOTEXP,GBM,8,1.0,clip,200.0,1,2000,1000,1.091768665299509,0.105,210,0.04275783833361493,0,,0.0,0.0,0.0,0.0,1575.3819906284352,1547.6299293325944,456.4222401368482,170.31353377321815,9,3.8,
MEPS_2016_TOTEXP,GBM,8,1.0,log,0.0,1,2000,1000,1.091768665299509,0.105,210,0.04275783833361493,0,,-0.08218476822768825,-0.08212705333450432,-0.1644155237942826,-0.01893065042913084,41892.2202993165,1581.734330437756,551.6998242626229,149.2603248141787,17,3.9,
MEPS_2016_TOTEXP,GBM,8,1.0,tail_log,50.0,1,2000,1000,1.091768665299509,0.105,210,0.04275783833361493,4,,0.0,0.0,-0.047769198687008144,-0.031624783943992235,1575.3819906284352,1547.2879818136407,442.1473219024116,145.0950880758967,10,3.8,
MEPS_2016_TOTEXP,GBM,8,1.0,evt_trim,0.0,1,2000,1000,1.091768665299509,0.105,210,0.04275783833361493,0,,0.0,0.0,0.0,0.0,1575.3819906284352,1547.6299293325944,456.4222401368482,170.31353377321815,9,4.1,
MEPS_2016_TOTEXP,GBM,8,100.0,raw,0.0,1,2000,1000,2.008207782905664,0.105,1,4.275783833361492,0,False,0.0,-0.0007622536135525851,0.05412928988991486,-0.03048041010578588,1575.3819906284352,1518.5759326187972,640.2772737565725,178.95965361340328,6,4.1,
MEPS_2016_TOTEXP,GBM,8,100.0,clip,50.0,1,2000,1000,2.008207782905664,0.105,1,4.275783833361492,5,True,0.0,-0.0007622536135525851,0.08527045590245477,0.09669122804575397,1575.3819906284352,1517.3937338789901,487.24150116513124,109.1606327935686,7,3.6,
MEPS_2016_TOTEXP,GBM,8,100.0,clip,200.0,1,2000,1000,2.008207782905664,0.105,1,4.275783833361492,1,True,0.0,-0.0007622536135525851,0.06534943450228906,-0.03048041010578588,1575.3819906284352,1518.5759326187972,555.5535771933504,178.8531042654565,6,3.2,
MEPS_2016_TOTEXP,GBM,8,100.0,log,0.0,1,2000,1000,2.008207782905664,0.105,1,4.275783833361492,0,True,-0.08228104485679003,-0.09460495428503207,-0.13116388249722588,-0.03486805976451331,41889.35986159802,1604.0685050542045,502.59354367038617,175.84981551199706,14,3.3,
MEPS_2016_TOTEXP,GBM,8,100.0,tail_log,50.0,1,2000,1000,2.008207782905664,0.105,1,4.275783833361492,5,True,0.0,-0.0007622536135525851,0.09987695696123844,-0.012293318736645515,1575.3819906284352,1518.2339850998437,626.7737347562615,178.06330046048845,6,3.1,
MEPS_2016_TOTEXP,GBM,8,100.0,evt_trim,0.0,1,2000,1000,2.008207782905664,0.105,1,4.275783833361492,0,False,0.0,-0.0007622536135525851,0.05412928988991486,-0.03048041010578588,1575.3819906284352,1518.5759326187972,640.2772737565725,178.95965361340328,6,3.2,
MEPS_2016_TOTEXP,TabPFN-V3,9,1.0,raw,0.0,1,2000,1000,1.2198751625850321,0.069,58,0.059748414673468205,0,,0.0,0.0,0.0,0.0,1609.940402332306,1709.4490467391965,601.9911232611087,281.5807675800782,14,0.0,
MEPS_2016_TOTEXP,TabPFN-V3,9,1.0,clip,50.0,1,2000,1000,1.2198751625850321,0.069,58,0.059748414673468205,8,,-0.0821015187310607,-0.09294076460921906,-0.05325886737892788,-0.05030062126784714,1612.284374444127,1699.3357019866942,588.7667499694827,270.7333588657227,15,6.3,
MEPS_2016_TOTEXP,TabPFN-V3,9,1.0,clip,200.0,1,2000,1000,1.2198751625850321,0.069,58,0.059748414673468205,1,,-0.02273694458026002,0.003379161258744817,-0.009421030244013725,-0.020375070979972806,1608.9448455915451,1705.9674333847047,601.8540413110354,282.48958218164074,14,6.5,
MEPS_2016_TOTEXP,TabPFN-V3,9,1.0,log,0.0,1,2000,1000,1.2198751625850321,0.069,58,0.059748414673468205,0,,0.21220694046960686,0.1711767208240227,1.0327372075139265,11639.456773940376,1628.330908777654,1783.3812090588797,1248694053.881674,2.5365738916136678e+50,4,6.4,
MEPS_2016_TOTEXP,TabPFN-V3,9,1.0,tail_log,50.0,1,2000,1000,1.2198751625850321,0.069,58,0.059748414673468205,8,,-0.04655379474201451,-0.06274205660989138,-0.024550657037355438,-0.015188881064126147,1611.4837598528861,1714.2412806475804,838.5045901154054,108910.22098353726,14,6.6,
MEPS_2016_TOTEXP,TabPFN-V3,9,1.0,evt_trim,0.0,1,2000,1000,1.2198751625850321,0.069,58,0.059748414673468205,0,,0.0,0.0,0.0,0.0,1609.940402332306,1709.4490467391965,601.9911232611087,281.5807675800782,14,6.4,
MEPS_2016_TOTEXP,TabPFN-V3,9,100.0,raw,0.0,1,2000,1000,3.593132194951931,0.069,1,5.97484146734682,0,False,0.4367389733977428,-0.032161463508254426,-0.01158438069893403,0.05233093165004955,1635.9726247711183,1703.4264149475098,640.5103476318362,282.71693323046884,16,6.6,
MEPS_2016_TOTEXP,TabPFN-V3,9,100.0,clip,50.0,1,2000,1000,3.593132194951931,0.069,1,5.97484146734682,9,True,-0.08422115250959963,-0.09653406960913938,-0.055876317532505035,-0.04154276222584894,1613.3077147672177,1698.6693090866088,595.4929810437014,270.35056583984385,15,6.4,
MEPS_2016_TOTEXP,TabPFN-V3,9,100.0,clip,200.0,1,2000,1000,3.593132194951931,0.069,1,5.97484146734682,2,True,0.04072173716209872,-0.015663403524936694,0.027697412495652086,0.07151715455839333,1611.7949944667816,1711.9066738235472,615.7042694879153,283.5741519072267,13,6.7,
MEPS_2016_TOTEXP,TabPFN-V3,9,100.0,log,0.0,1,2000,1000,3.593132194951931,0.069,1,5.97484146734682,0,True,0.21565004082497086,0.17671619450602655,1.0515433489077608,13689.978074303644,1630.8719418403027,1792.2321713181814,1582592873.0568273,7.074618362106275e+50,4,6.6,
MEPS_2016_TOTEXP,TabPFN-V3,9,100.0,tail_log,50.0,1,2000,1000,3.593132194951931,0.069,1,5.97484146734682,9,True,-0.03462385378191905,0.009230736291697836,-0.0008590091299017623,0.047881516279546066,1608.1848303198815,1718.30424875755,917.8144501120846,1132285.6898045123,14,7.0,
MEPS_2016_TOTEXP,TabPFN-V3,9,100.0,evt_trim,0.0,1,2000,1000,3.593132194951931,0.069,1,5.97484146734682,0,False,0.4367389733977428,-0.032161463508254426,-0.01158438069893403,0.05233093165004955,1635.9726247711183,1703.4264149475098,640.5103476318362,282.71693323046884,16,7.0,
MEPS_2016_TOTEXP,TabICLv2,9,1.0,raw,0.0,1,2000,1000,1.2198751625850321,0.069,58,0.059748414673468205,0,,0.0,0.0,0.0,0.0,1622.7513664550781,1844.7026958740232,651.1956792553715,236.20729421972663,11,0.0,
MEPS_2016_TOTEXP,TabICLv2,9,1.0,clip,50.0,1,2000,1000,1.2198751625850321,0.069,58,0.059748414673468205,8,,-0.008124898697290881,-0.0217978007964822,-0.031382269434054255,-0.09776256779259268,1632.4438182373046,1782.184191015625,677.0118130590823,319.13742308691405,12,4.1,
MEPS_2016_TOTEXP,TabICLv2,9,1.0,clip,200.0,1,2000,1000,1.2198751625850321,0.069,58,0.059748414673468205,1,,-0.0012265602131567785,-0.0014241327627910949,-0.002233515383538689,-0.005946908179881742,1621.3916865234376,1840.3673317626951,652.3318486303715,240.34667458984384,11,4.1,
MEPS_2016_TOTEXP,TabICLv2,9,1.0,log,0.0,1,2000,1000,1.2198751625850321,0.069,58,0.059748414673468205,0,,-0.06570549044756,0.015542286591942744,-0.1863433773640834,521291.0136195758,1696.9441219953171,6046.776090088133,1.5605480729255415e+46,3.8510886817373218e+87,22,4.2,
MEPS_2016_TOTEXP,TabICLv2,9,1.0,tail_log,50.0,1,2000,1000,1.2198751625850321,0.069,58,0.059748414673468205,8,,-0.012207513693373714,-0.02060140102992313,-0.013911791935796515,-0.03796386157951462,1624.7983195800782,1817.9316192300585,652.0072608023775,243.86201068286186,12,4.1,
MEPS_2016_TOTEXP,TabICLv2,9,1.0,evt_trim,0.0,1,2000,1000,1.2198751625850321,0.069,58,0.059748414673468205,0,,0.0,0.0,0.0,0.0,1622.7513664550781,1844.7026958740232,651.1956792553715,236.20729421972663,11,4.0,
MEPS_2016_TOTEXP,TabICLv2,9,100.0,raw,0.0,1,2000,1000,3.593132194951931,0.069,1,5.97484146734682,0,False,-0.07552646284313205,0.12155957000832984,0.17489254087076073,0.47093573300703373,1645.7625966796875,1955.196122216797,765.9990425292974,252.86880262890634,5,4.1,
MEPS_2016_TOTEXP,TabICLv2,9,100.0,clip,50.0,1,2000,1000,3.593132194951931,0.069,1,5.97484146734682,9,True,-0.010040389460443843,-0.015631826965146096,-0.023621741026730127,-0.08323368024215824,1630.246064086914,1786.891623876953,680.4559218286137,320.5860669033204,12,4.1,
MEPS_2016_TOTEXP,TabICLv2,9,100.0,clip,200.0,1,2000,1000,3.593132194951931,0.069,1,5.97484146734682,2,True,-0.00023567838494118837,0.02207408647208082,0.03921786171680727,0.05545178272268428,1622.8609116210937,1865.2728691406248,647.8129430493168,241.16161742578132,9,4.3,
MEPS_2016_TOTEXP,TabICLv2,9,100.0,log,0.0,1,2000,1000,3.593132194951931,0.069,1,5.97484146734682,0,True,-0.062583941189705,0.02015967657094856,-0.1577738315891422,554134.2306155458,1701.0847801516704,6089.46302682999,1.826025196003079e+46,4.962053305322221e+87,21,4.0,
MEPS_2016_TOTEXP,TabICLv2,9,100.0,tail_log,50.0,1,2000,1000,3.593132194951931,0.069,1,5.97484146734682,9,True,0.0030088738689206104,0.007409307896635096,0.03388658328783095,0.03596635215995144,1626.761994873047,1898.8610892940042,656.6106622734509,244.5659557582205,10,4.0,
MEPS_2016_TOTEXP,TabICLv2,9,100.0,evt_trim,0.0,1,2000,1000,3.593132194951931,0.069,1,5.97484146734682,0,False,-0.07552646284313205,0.12155957000832984,0.17489254087076073,0.47093573300703373,1645.7625966796875,1955.196122216797,765.9990425292974,252.86880262890634,5,3.9,
MEPS_2016_TOTEXP,GBM,9,1.0,raw,0.0,1,2000,1000,1.2198751625850321,0.069,58,0.059748414673468205,0,,0.0,0.0,0.0,0.0,1730.185218814197,1849.945390535919,805.9447192103939,493.0142544361253,13,0.0,
MEPS_2016_TOTEXP,GBM,9,1.0,clip,50.0,1,2000,1000,1.2198751625850321,0.069,58,0.059748414673468205,8,,0.0,-0.014391562927709288,0.04304549873069588,-0.19104384904169666,1730.185218814197,1826.3384114343708,812.9838879978533,379.0339662294672,21,4.6,
MEPS_2016_TOTEXP,GBM,9,1.0,clip,200.0,1,2000,1000,1.2198751625850321,0.069,58,0.059748414673468205,1,,0.0,0.0,-0.0773135612275105,-0.01918856780920176,1730.185218814197,1847.8778912327314,827.4328517739341,369.94407895746895,18,4.4,
MEPS_2016_TOTEXP,GBM,9,1.0,log,0.0,1,2000,1000,1.2198751625850321,0.069,58,0.059748414673468205,0,,-0.07517908777782287,-0.10687340676434462,-0.07356896076353564,0.01667145582435991,1768.391813675996,1833.6382327900915,787.5063836463396,413.1257127782103,17,4.1,
MEPS_2016_TOTEXP,GBM,9,1.0,tail_log,50.0,1,2000,1000,1.2198751625850321,0.069,58,0.059748414673468205,8,,0.0,-0.04146133436231926,-0.058660232611777934,-0.030738463459397472,1730.185218814197,1828.8351990561396,803.6013181409285,391.4489587858357,19,4.4,
MEPS_2016_TOTEXP,GBM,9,1.0,evt_trim,0.0,1,2000,1000,1.2198751625850321,0.069,58,0.059748414673468205,0,,0.0,0.0,0.0,0.0,1730.185218814197,1849.945390535919,805.9447192103939,493.0142544361253,13,4.1,
MEPS_2016_TOTEXP,GBM,9,100.0,raw,0.0,1,2000,1000,3.593132194951931,0.069,1,5.97484146734682,0,False,0.0,-0.07456149196650744,-0.02071939148997973,-0.21601780793610725,1730.185218814197,2022.5500931856354,985.4070501276599,373.23390563574503,15,3.7,
MEPS_2016_TOTEXP,GBM,9,100.0,clip,50.0,1,2000,1000,3.593132194951931,0.069,1,5.97484146734682,9,True,0.0,-0.03941430253684647,-0.005963309261708929,-0.13969093961501436,1730.185218814197,1802.7651060328064,774.0067787585409,378.56241685989625,14,3.4,
MEPS_2016_TOTEXP,GBM,9,100.0,clip,200.0,1,2000,1000,3.593132194951931,0.069,1,5.97484146734682,2,True,0.0,-0.08245579007850495,-0.0072339932400626115,-0.21865570219290037,1730.185218814197,1886.8084693418662,838.0696826555273,373.43041295262753,14,3.2,
MEPS_2016_TOTEXP,GBM,9,100.0,log,0.0,1,2000,1000,3.593132194951931,0.069,1,5.97484146734682,0,True,-0.07639776737356804,-0.1298674623765677,-0.04541777937641259,-0.18506007044438114,1788.8546097801113,1833.6563582167557,863.5969238317265,361.8932299266752,15,3.3,
MEPS_2016_TOTEXP,GBM,9,100.0,tail_log,50.0,1,2000,1000,3.593132194951931,0.069,1,5.97484146734682,9,True,0.0,-0.04875289605081071,0.04005616943618704,-0.19025222076179094,1730.185218814197,1894.466062520206,814.5022079741431,361.50319294310117,13,3.3,
MEPS_2016_TOTEXP,GBM,9,100.0,evt_trim,0.0,1,2000,1000,3.593132194951931,0.069,1,5.97484146734682,0,False,0.0,-0.07456149196650744,-0.02071939148997973,-0.21601780793610725,1730.185218814197,2022.5500931856354,985.4070501276599,373.23390563574503,15,3.2,
BlogFeedback,TabPFN-V3,0,1.0,raw,0.0,1,2000,1000,1.050051094970537,0.0795,21,0.3944636678200692,0,,0.0,0.0,0.0,0.0,6.521839501500129,4.571143209612369,0.9779567324125775,0.26999620590877554,15,0.0,
BlogFeedback,TabPFN-V3,0,1.0,clip,50.0,1,2000,1000,1.050051094970537,0.0795,21,0.3944636678200692,21,,-0.00015674085334890997,0.008204505476624444,-0.019878086921055776,-0.004193304319732616,6.733322998344899,5.747640736556053,1.974013601596356,0.3515762937107088,16,29.6,
BlogFeedback,TabPFN-V3,0,1.0,clip,200.0,1,2000,1000,1.050051094970537,0.0795,21,0.3944636678200692,0,,0.0,0.0,0.0,0.0,6.521839501500129,4.571143209612369,0.9779567324125775,0.26999620590877554,15,30.0,
BlogFeedback,TabPFN-V3,0,1.0,log,0.0,1,2000,1000,1.050051094970537,0.0795,21,0.3944636678200692,0,,-0.0612490144644569,0.10152035533112963,0.07651982662464135,0.24213956455719585,6.590268537578049,4.270936156660207,0.9922235051271342,0.3565231447470256,9,30.4,
BlogFeedback,TabPFN-V3,0,1.0,tail_log,50.0,1,2000,1000,1.050051094970537,0.0795,21,0.3944636678200692,21,,0.018169021256719257,0.017079844415258928,0.008458904503256096,0.01751563513508763,6.548469192890955,4.53901040399181,1.3678838961022686,302.1672830999726,14,30.7,
BlogFeedback,TabPFN-V3,0,1.0,evt_trim,0.0,1,2000,1000,1.050051094970537,0.0795,21,0.3944636678200692,0,,0.0,0.0,0.0,0.0,6.521839501500129,4.571143209612369,0.9779567324125775,0.26999620590877554,15,30.1,
BlogFeedback,TabPFN-V3,0,100.0,raw,0.0,1,2000,1000,12.442161591325378,0.0795,1,39.44636678200692,0,False,0.30434739047640097,0.26515350982032637,-0.11156211994353646,-0.23526459777639008,6.61305893407762,4.862797574567794,1.2374155310630803,0.3532266138067248,26,30.2,
BlogFeedback,TabPFN-V3,0,100.0,clip,50.0,1,2000,1000,12.442161591325378,0.0795,1,39.44636678200692,21,True,-0.00015674085334890997,0.008204505476624444,-0.019878086921055776,-0.004193304319732616,6.733322998344899,5.747640736556053,1.974013601596356,0.3515762937107088,16,30.3,
BlogFeedback,TabPFN-V3,0,100.0,clip,200.0,1,2000,1000,12.442161591325378,0.0795,1,39.44636678200692,1,True,0.017100564404641104,0.018033790597684236,-0.009251518708273739,-0.014273867723262109,6.406465410768986,4.496222617673873,1.119137345664502,0.2682674801144602,15,30.6,
BlogFeedback,TabPFN-V3,0,100.0,log,0.0,1,2000,1000,12.442161591325378,0.0795,1,39.44636678200692,0,True,-0.06347356436799104,0.08136654401414678,0.08364100082896553,0.30353287203922186,6.399132046175216,4.445064342841752,0.9859230622636204,82172.5994133989,8,30.5,
BlogFeedback,TabPFN-V3,0,100.0,tail_log,50.0,1,2000,1000,12.442161591325378,0.0795,1,39.44636678200692,21,True,0.029992344987902056,0.04066722055031667,0.005489476984416096,-0.006282179681698238,6.399095874919619,4.621903955335803,1.8868771461094802,2026.4191945092753,18,30.5,
BlogFeedback,TabPFN-V3,0,100.0,evt_trim,0.0,1,2000,1000,12.442161591325378,0.0795,1,39.44636678200692,0,False,0.30434739047640097,0.26515350982032637,-0.11156211994353646,-0.23526459777639008,6.61305893407762,4.862797574567794,1.2374155310630803,0.3532266138067248,26,30.7,
BlogFeedback,TabICLv2,0,1.0,raw,0.0,1,2000,1000,1.050051094970537,0.0795,21,0.3944636678200692,0,,0.0,0.0,0.0,0.0,6.4546484203338625,4.864283857727051,1.1146029775905617,0.14965312492752086,12,0.0,
BlogFeedback,TabICLv2,0,1.0,clip,50.0,1,2000,1000,1.050051094970537,0.0795,21,0.3944636678200692,21,,-0.006734390269057299,0.025956541693938455,0.0018366472322315372,-0.06062462319854661,6.796767943382263,6.30773237876892,3.0250694266700746,1.8503706298637392,22,19.9,
BlogFeedback,TabICLv2,0,1.0,clip,200.0,1,2000,1000,1.050051094970537,0.0795,21,0.3944636678200692,0,,0.0,0.0,0.0,0.0,6.4546484203338625,4.864283857727051,1.1146029775905617,0.14965312492752086,12,19.8,
BlogFeedback,TabICLv2,0,1.0,log,0.0,1,2000,1000,1.050051094970537,0.0795,21,0.3944636678200692,0,,-0.05480052789431224,-0.028007614434988354,-0.03319878293512574,0.30194932810947867,6.437527097312169,5.017429383495208,0.9877100023730984,0.23143901671852132,8,19.9,
BlogFeedback,TabICLv2,0,1.0,tail_log,50.0,1,2000,1000,1.050051094970537,0.0795,21,0.3944636678200692,21,,-0.0034446894458969894,0.0023136332441259823,-0.002365326542279132,-0.01595419734205663,6.495534693830694,4.814665122575141,0.9668513968004325,0.14682365040519377,14,19.9,
BlogFeedback,TabICLv2,0,1.0,evt_trim,0.0,1,2000,1000,1.050051094970537,0.0795,21,0.3944636678200692,0,,0.0,0.0,0.0,0.0,6.4546484203338625,4.864283857727051,1.1146029775905617,0.14965312492752086,12,19.9,
BlogFeedback,TabICLv2,0,100.0,raw,0.0,1,2000,1000,12.442161591325378,0.0795,1,39.44636678200692,0,False,0.08155963838659763,0.14011143037356955,0.13448070639755394,0.8971783308086438,6.538856142997742,4.84260368900299,1.1478830190277107,0.2747313188247683,9,20.6,
BlogFeedback,TabICLv2,0,100.0,clip,50.0,1,2000,1000,12.442161591325378,0.0795,1,39.44636678200692,21,True,-0.006734390269057299,0.025956541693938455,0.0018366472322315372,-0.06062462319854661,6.796767943382263,6.30773237876892,3.0250694266700746,1.8503706298637392,22,19.7,
BlogFeedback,TabICLv2,0,100.0,clip,200.0,1,2000,1000,12.442161591325378,0.0795,1,39.44636678200692,1,True,-0.004252592594073469,-0.0011708796730233104,-0.008963631809791922,0.006193550053012216,6.387166531085968,4.825708211517332,1.057967312030793,0.1460938540916444,14,19.9,
BlogFeedback,TabICLv2,0,100.0,log,0.0,1,2000,1000,12.442161591325378,0.0795,1,39.44636678200692,0,True,-0.05155994372224902,-0.023588052150618072,0.004779698723088605,0.39862945684713436,6.4424651408295714,4.977810943846617,1.0542806440939716,0.2710077234780117,7,22.8,
BlogFeedback,TabICLv2,0,100.0,tail_log,50.0,1,2000,1000,12.442161591325378,0.0795,1,39.44636678200692,21,True,-0.010538148071213019,0.0010483332603701064,-0.03811444755135727,-0.022920490279218782,6.1748567246351795,4.87013791646352,1.120811262078506,0.15978829556341387,15,23.8,
BlogFeedback,TabICLv2,0,100.0,evt_trim,0.0,1,2000,1000,12.442161591325378,0.0795,1,39.44636678200692,0,False,0.08155963838659763,0.14011143037356955,0.13448070639755394,0.8971783308086438,6.538856142997742,4.84260368900299,1.1478830190277107,0.2747313188247683,9,17.1,
BlogFeedback,GBM,0,1.0,raw,0.0,1,2000,1000,1.050051094970537,0.0795,21,0.3944636678200692,0,,0.0,0.0,0.0,0.0,8.037155570639651,5.982954709158802,1.7690519613885436,0.8797132793340378,11,0.0,
BlogFeedback,GBM,0,1.0,clip,50.0,1,2000,1000,1.050051094970537,0.0795,21,0.3944636678200692,21,,0.0,-0.014429908348385173,0.10448843592292938,-0.12251141025152165,8.037155570639651,7.0782927342435045,3.975952812904594,2.5799017125277985,22,10.7,
BlogFeedback,GBM,0,1.0,clip,200.0,1,2000,1000,1.050051094970537,0.0795,21,0.3944636678200692,0,,0.0,0.0,0.0,0.0,8.037155570639651,5.982954709158802,1.7690519613885436,0.8797132793340378,11,10.5,
BlogFeedback,GBM,0,1.0,log,0.0,1,2000,1000,1.050051094970537,0.0795,21,0.3944636678200692,0,,0.0006818161637248768,0.013542193281078816,0.011906670645277869,-0.022618973298835787,7.396201495350406,5.491739423454589,1.7122431332555386,1.1351257461348063,14,11.3,
BlogFeedback,GBM,0,1.0,tail_log,50.0,1,2000,1000,1.050051094970537,0.0795,21,0.3944636678200692,21,,0.0,0.010195863922512488,0.002803529160036595,-0.005274541104865977,8.037155570639651,6.130299425239184,1.6382876392424663,0.9177205973048737,11,10.3,
BlogFeedback,GBM,0,1.0,evt_trim,0.0,1,2000,1000,1.050051094970537,0.0795,21,0.3944636678200692,0,,0.0,0.0,0.0,0.0,8.037155570639651,5.982954709158802,1.7690519613885436,0.8797132793340378,11,10.3,
BlogFeedback,GBM,0,100.0,raw,0.0,1,2000,1000,12.442161591325378,0.0795,1,39.44636678200692,0,False,0.0,0.0,-0.23933353832558613,0.029691248226520004,8.037155570639651,5.982954709158802,4.265020722004427,1.037829040608914,13,10.5,
BlogFeedback,GBM,0,100.0,clip,50.0,1,2000,1000,12.442161591325378,0.0795,1,39.44636678200692,21,True,0.0,-0.014429908348385173,0.10448843592292938,-0.12251141025152165,8.037155570639651,7.0782927342435045,3.975952812904594,2.5799017125277985,22,10.4,
BlogFeedback,GBM,0,100.0,clip,200.0,1,2000,1000,12.442161591325378,0.0795,1,39.44636678200692,1,True,0.0,0.0,-0.24492513685590936,0.029691248226520004,8.037155570639651,5.982954709158802,1.4842969348652744,1.037829040608914,11,10.1,
BlogFeedback,GBM,0,100.0,log,0.0,1,2000,1000,12.442161591325378,0.0795,1,39.44636678200692,0,True,0.0006818161637248768,0.013542193281078816,-0.12172242377798798,0.01796273650556421,7.396201495350406,5.491739423454589,2.880631251831389,1.2258492756844939,15,10.2,
BlogFeedback,GBM,0,100.0,tail_log,50.0,1,2000,1000,12.442161591325378,0.0795,1,39.44636678200692,21,True,0.0,0.010195863922512488,-0.045557893564443945,0.023101047740963405,8.037155570639651,6.130299425239184,4.290708547360912,1.1935510369967406,9,10.1,
BlogFeedback,GBM,0,100.0,evt_trim,0.0,1,2000,1000,12.442161591325378,0.0795,1,39.44636678200692,0,False,0.0,0.0,-0.23933353832558613,0.029691248226520004,8.037155570639651,5.982954709158802,4.265020722004427,1.037829040608914,13,10.2,
BlogFeedback,TabPFN-V3,1,1.0,raw,0.0,1,2000,1000,1.0363614327623412,0.088,107,0.12048192771084337,0,,0.0,0.0,0.0,0.0,5.922991906374693,4.025576174032688,1.1706922365713126,0.37291406289887447,20,0.0,
BlogFeedback,TabPFN-V3,1,1.0,clip,50.0,1,2000,1000,1.0363614327623412,0.088,107,0.12048192771084337,18,,-0.007622808134726978,0.005130480978334176,-0.052924594686699994,-0.09781172694485815,5.970431495070457,4.303535399985313,1.1133245603942876,0.29461711787796035,20,26.4,
BlogFeedback,TabPFN-V3,1,1.0,clip,200.0,1,2000,1000,1.0363614327623412,0.088,107,0.12048192771084337,0,,0.0,0.0,0.0,0.0,5.922991906374693,4.025576174032688,1.1706922365713126,0.37291406289887447,20,26.6,
BlogFeedback,TabPFN-V3,1,1.0,log,0.0,1,2000,1000,1.0363614327623412,0.088,107,0.12048192771084337,0,,-0.028065233221931267,0.08687857071994043,0.0716478852709828,0.20879492802061045,5.805407635769297,4.001007895429825,1.176340228085439,0.46071740840778913,17,25.4,
BlogFeedback,TabPFN-V3,1,1.0,tail_log,50.0,1,2000,1000,1.0363614327623412,0.088,107,0.12048192771084337,18,,-0.004455597631836174,-0.005771147740059496,-0.014560930731325626,-0.021057242088414484,5.915692199235029,4.038073536196733,1.5095682375625161,24.718511830069506,22,25.3,
BlogFeedback,TabPFN-V3,1,1.0,evt_trim,0.0,1,2000,1000,1.0363614327623412,0.088,107,0.12048192771084337,0,,0.0,0.0,0.0,0.0,5.922991906374693,4.025576174032688,1.1706922365713126,0.37291406289887447,20,25.9,
BlogFeedback,TabPFN-V3,1,100.0,raw,0.0,1,2000,1000,3.4031183685584767,0.088,1,12.048192771084338,0,False,0.029314284692828936,0.0811510562984948,0.053565547806075656,0.06022490955090168,6.02311898213625,4.262025840401649,1.2694654995608337,0.43766783249044444,27,25.2,
BlogFeedback,TabPFN-V3,1,100.0,clip,50.0,1,2000,1000,3.4031183685584767,0.088,1,12.048192771084338,19,True,-0.006845811739002564,0.012287140510148491,-0.04537758034821628,-0.08075415103379172,5.950613005161285,4.317472365164757,1.125620661730767,0.2985896738967897,20,26.4,
BlogFeedback,TabPFN-V3,1,100.0,clip,200.0,1,2000,1000,3.4031183685584767,0.088,1,12.048192771084338,1,True,-0.030545963548951123,-0.011154792215772171,0.015654473186362223,0.03766710819830222,5.97888453066349,4.116295813679695,1.2452334330439576,0.40758928423619295,22,26.0,
BlogFeedback,TabPFN-V3,1,100.0,log,0.0,1,2000,1000,3.4031183685584767,0.088,1,12.048192771084338,0,True,-0.026059778652144656,0.09574982533909004,0.10243527488198782,0.32611062781285216,5.7233708033349195,4.025137010125186,1.2726973157788506,0.767219467456517,14,28.5,
BlogFeedback,TabPFN-V3,1,100.0,tail_log,50.0,1,2000,1000,3.4031183685584767,0.088,1,12.048192771084338,19,True,-0.02531943728202126,-0.01885177498650744,0.006717477592368567,0.04369871773781427,5.975556970777921,4.136307952034565,1.6818796332376624,426.2275976829524,22,31.2,
BlogFeedback,TabPFN-V3,1,100.0,evt_trim,0.0,1,2000,1000,3.4031183685584767,0.088,1,12.048192771084338,0,False,0.029314284692828936,0.0811510562984948,0.053565547806075656,0.06022490955090168,6.02311898213625,4.262025840401649,1.2694654995608337,0.43766783249044444,27,27.2,
BlogFeedback,TabICLv2,1,1.0,raw,0.0,1,2000,1000,1.0363614327623412,0.088,107,0.12048192771084337,0,,0.0,0.0,0.0,0.0,5.7293479557037355,4.063623559951782,1.1658033082866677,0.21716753744411482,7,0.0,
BlogFeedback,TabICLv2,1,1.0,clip,50.0,1,2000,1000,1.0363614327623412,0.088,107,0.12048192771084337,18,,0.00024981725641982835,0.014066165193513917,-0.0038500267762016007,-0.06469083116046062,5.73753608751297,4.423890741348266,1.6354903179264075,0.6326668890485764,14,16.2,
BlogFeedback,TabICLv2,1,1.0,clip,200.0,1,2000,1000,1.0363614327623412,0.088,107,0.12048192771084337,0,,0.0,0.0,0.0,0.0,5.7293479557037355,4.063623559951782,1.1658033082866677,0.21716753744411482,7,16.3,
BlogFeedback,TabICLv2,1,1.0,log,0.0,1,2000,1000,1.0363614327623412,0.088,107,0.12048192771084337,0,,-0.049489850981939476,-0.02807619393162911,-0.02550172233662852,0.36308826028814356,5.967497258083905,4.143663232174411,1.162406931610642,0.278109899462288,6,16.4,
BlogFeedback,TabICLv2,1,1.0,tail_log,50.0,1,2000,1000,1.0363614327623412,0.088,107,0.12048192771084337,18,,-0.0006716559708574335,0.0011136289709259102,-0.003904159427572302,-0.014287735295357597,5.756889743328094,4.083979192593821,1.1549729214111726,0.2157849908038329,6,17.3,
BlogFeedback,TabICLv2,1,1.0,evt_trim,0.0,1,2000,1000,1.0363614327623412,0.088,107,0.12048192771084337,0,,0.0,0.0,0.0,0.0,5.7293479557037355,4.063623559951782,1.1658033082866677,0.21716753744411482,7,19.1,
BlogFeedback,TabICLv2,1,100.0,raw,0.0,1,2000,1000,3.4031183685584767,0.088,1,12.048192771084338,0,False,0.013576119017400506,0.007916114967798937,-0.038855590762534295,0.20652432523762457,5.65726849937439,4.285533113765716,1.3922542595195782,0.3066682785072329,8,19.7,
BlogFeedback,TabICLv2,1,100.0,clip,50.0,1,2000,1000,3.4031183685584767,0.088,1,12.048192771084338,19,True,0.0008184933301209348,0.013808167188725826,0.001730369472306076,-0.0562180965759846,5.735333031177521,4.435118856239318,1.6310385471916207,0.6364168336353303,13,19.7,
BlogFeedback,TabICLv2,1,100.0,clip,200.0,1,2000,1000,3.4031183685584767,0.088,1,12.048192771084338,1,True,-0.004020746045996252,-0.003857695200430265,0.009147900764860736,0.033095546477182804,5.628034801959991,4.360098119163512,1.2265717909717568,0.22225262312889119,7,20.1,
BlogFeedback,TabICLv2,1,100.0,log,0.0,1,2000,1000,3.4031183685584767,0.088,1,12.048192771084338,0,True,-0.050959738233814125,-0.03094559182615464,0.006144682703244167,0.4654921667987158,5.945400947950902,4.157758214328807,1.2684772775232909,0.33055969011878067,5,20.7,
BlogFeedback,TabICLv2,1,100.0,tail_log,50.0,1,2000,1000,3.4031183685584767,0.088,1,12.048192771084338,19,True,-0.012201395761136529,-0.011061967468810129,0.00011667137485534786,0.01331735162617416,5.606394664341119,4.584548821965695,1.2591723094243035,0.24725378544626067,7,20.0,
BlogFeedback,TabICLv2,1,100.0,evt_trim,0.0,1,2000,1000,3.4031183685584767,0.088,1,12.048192771084338,0,False,0.013576119017400506,0.007916114967798937,-0.038855590762534295,0.20652432523762457,5.65726849937439,4.285533113765716,1.3922542595195782,0.3066682785072329,8,19.7,
BlogFeedback,GBM,1,1.0,raw,0.0,1,2000,1000,1.0363614327623412,0.088,107,0.12048192771084337,0,,0.0,0.0,0.0,0.0,6.324618821394399,5.258248001601337,1.696166888011661,0.4063852388570359,15,0.0,
BlogFeedback,GBM,1,1.0,clip,50.0,1,2000,1000,1.0363614327623412,0.088,107,0.12048192771084337,18,,0.0,0.0368743917895475,-0.03852873251190441,-0.17431353323783483,6.324618821394399,5.119241082335201,2.140691227376543,1.013064420311342,13,11.9,
BlogFeedback,GBM,1,1.0,clip,200.0,1,2000,1000,1.0363614327623412,0.088,107,0.12048192771084337,0,,0.0,0.0,0.0,0.0,6.324618821394399,5.258248001601337,1.696166888011661,0.4063852388570359,15,11.0,
BlogFeedback,GBM,1,1.0,log,0.0,1,2000,1000,1.0363614327623412,0.088,107,0.12048192771084337,0,,-0.022216443841910676,0.020990569348286508,0.06514967074909497,0.2090183795561735,6.125748353872756,5.214461740295131,2.291889745680577,0.5133938472467162,14,11.1,
BlogFeedback,GBM,1,1.0,tail_log,50.0,1,2000,1000,1.0363614327623412,0.088,107,0.12048192771084337,18,,0.0,-0.00019455415796926787,0.14446983306221972,0.1754038834202695,6.324618821394399,4.890470991486858,2.1074251444324243,0.48520038483026146,15,11.3,
BlogFeedback,GBM,1,1.0,evt_trim,0.0,1,2000,1000,1.0363614327623412,0.088,107,0.12048192771084337,0,,0.0,0.0,0.0,0.0,6.324618821394399,5.258248001601337,1.696166888011661,0.4063852388570359,15,14.1,
BlogFeedback,GBM,1,100.0,raw,0.0,1,2000,1000,3.4031183685584767,0.088,1,12.048192771084338,0,False,0.0,0.014640822780084094,0.07172307723328947,0.012503649519970269,6.324618821394399,5.084594593072809,1.785931928818781,0.9073265730976382,13,11.1,
BlogFeedback,GBM,1,100.0,clip,50.0,1,2000,1000,3.4031183685584767,0.088,1,12.048192771084338,19,True,0.0,0.04449591150818959,-0.02905592964592005,-0.17431353323783483,6.324618821394399,5.060270009247868,2.360909251233804,1.013064420311342,16,11.4,
BlogFeedback,GBM,1,100.0,clip,200.0,1,2000,1000,3.4031183685584767,0.088,1,12.048192771084338,1,True,0.0,0.014640822780084094,-0.0633722776335343,0.012429244135895122,6.324618821394399,5.084594593072809,1.6347345188068758,0.6367030609868191,16,12.5,
BlogFeedback,GBM,1,100.0,log,0.0,1,2000,1000,3.4031183685584767,0.088,1,12.048192771084338,0,True,-0.022216443841910676,0.02881099892636196,0.4440945790837293,0.013035923195987223,6.125748353872756,5.257138076805661,1.7979452171506445,0.9548345099828368,12,15.8,
BlogFeedback,GBM,1,100.0,tail_log,50.0,1,2000,1000,3.4031183685584767,0.088,1,12.048192771084338,19,True,0.0,0.02524503687068009,0.26944206501585344,0.013053203768512057,6.324618821394399,5.076308298558219,1.576467875767208,0.9137873148347421,10,16.7,
BlogFeedback,GBM,1,100.0,evt_trim,0.0,1,2000,1000,3.4031183685584767,0.088,1,12.048192771084338,0,False,0.0,0.014640822780084094,0.07172307723328947,0.012503649519970269,6.324618821394399,5.084594593072809,1.785931928818781,0.9073265730976382,13,18.1,
BlogFeedback,TabPFN-V3,2,1.0,raw,0.0,1,2000,1000,1.0530406375251873,0.0755,20,0.32548179871520344,0,,0.0,0.0,0.0,0.0,6.498216948211193,5.5259837657451625,2.195837993724347,0.9870815017762186,32,0.0,
BlogFeedback,TabPFN-V3,2,1.0,clip,50.0,1,2000,1000,1.0530406375251873,0.0755,20,0.32548179871520344,22,,-0.023974443559620803,0.01119489740158209,-0.02234557591167085,-0.0277498332588465,6.435266442626714,6.044338526988029,2.698912211294175,1.293056972457886,35,38.7,
BlogFeedback,TabPFN-V3,2,1.0,clip,200.0,1,2000,1000,1.0530406375251873,0.0755,20,0.32548179871520344,0,,0.0,0.0,0.0,0.0,6.498216948211193,5.5259837657451625,2.195837993724347,0.9870815017762186,32,35.1,
BlogFeedback,TabPFN-V3,2,1.0,log,0.0,1,2000,1000,1.0530406375251873,0.0755,20,0.32548179871520344,0,,-0.06516033840670557,0.08240761627284464,0.09903150222737048,0.28684334115602494,6.313125679402692,5.536065771464037,2.183366376474358,0.7648784778521841,20,37.9,
BlogFeedback,TabPFN-V3,2,1.0,tail_log,50.0,1,2000,1000,1.0530406375251873,0.0755,20,0.32548179871520344,22,,0.011207792395205082,0.0009109784031368682,0.0011680072784284734,0.009201391463703313,6.4739703209258765,5.621925311238396,2.548980503601725,79.31921284736646,32,35.1,
BlogFeedback,TabPFN-V3,2,1.0,evt_trim,0.0,1,2000,1000,1.0530406375251873,0.0755,20,0.32548179871520344,0,,0.0,0.0,0.0,0.0,6.498216948211193,5.5259837657451625,2.195837993724347,0.9870815017762186,32,36.8,
BlogFeedback,TabPFN-V3,2,100.0,raw,0.0,1,2000,1000,10.522277709802577,0.0755,1,32.54817987152034,0,False,0.26250489831752266,0.21664374869547354,-0.1462341456721499,-0.22257083097466102,6.482137501448393,5.893283795070647,2.3947533437824253,1.105458512629509,40,34.9,
BlogFeedback,TabPFN-V3,2,100.0,clip,50.0,1,2000,1000,10.522277709802577,0.0755,1,32.54817987152034,22,True,-0.023974443559620803,0.01119489740158209,-0.02234557591167085,-0.0277498332588465,6.435266442626714,6.044338526988029,2.698912211294175,1.293056972457886,35,41.2,
BlogFeedback,TabPFN-V3,2,100.0,clip,200.0,1,2000,1000,10.522277709802577,0.0755,1,32.54817987152034,1,True,0.018961883165780784,0.013581940371288546,0.001893361409685662,0.004812156370123309,6.615763104319573,5.718170867073536,2.2875239934182177,1.0192196998915677,29,37.1,
BlogFeedback,TabPFN-V3,2,100.0,log,0.0,1,2000,1000,10.522277709802577,0.0755,1,32.54817987152034,0,True,-0.06602373924697089,0.0806179688195464,0.09225430840711599,0.29211934524118854,6.487472410572722,6.280275389112278,5.613800180635273,5437.787162634131,22,38.8,
BlogFeedback,TabPFN-V3,2,100.0,tail_log,50.0,1,2000,1000,10.522277709802577,0.0755,1,32.54817987152034,22,True,0.0180699560586731,0.02046298895648451,0.007800631310566337,0.018029125020540958,6.423927326814075,5.76258218432533,3.5137404891437662,753.6547781907856,33,34.9,
BlogFeedback,TabPFN-V3,2,100.0,evt_trim,0.0,1,2000,1000,10.522277709802577,0.0755,1,32.54817987152034,0,False,0.26250489831752266,0.21664374869547354,-0.1462341456721499,-0.22257083097466102,6.482137501448393,5.893283795070647,2.3947533437824253,1.105458512629509,40,38.2,
BlogFeedback,TabICLv2,2,1.0,raw,0.0,1,2000,1000,1.0530406375251873,0.0755,20,0.32548179871520344,0,,0.0,0.0,0.0,0.0,6.3473430685997005,5.422267028045654,2.0928820739746103,0.8664755029478075,19,0.0,
BlogFeedback,TabICLv2,2,1.0,clip,50.0,1,2000,1000,1.0530406375251873,0.0755,20,0.32548179871520344,22,,-0.0033922366969575805,0.009813994381526275,-0.02639721890296204,-0.11870023923728319,6.398611147880554,6.176880791854858,3.522955297031403,2.181654597661019,31,25.2,
BlogFeedback,TabICLv2,2,1.0,clip,200.0,1,2000,1000,1.0530406375251873,0.0755,20,0.32548179871520344,0,,0.0,0.0,0.0,0.0,6.3473430685997005,5.422267028045654,2.0928820739746103,0.8664755029478075,19,25.0,
BlogFeedback,TabICLv2,2,1.0,log,0.0,1,2000,1000,1.0530406375251873,0.0755,20,0.32548179871520344,0,,-0.04216099834318245,-0.0412116793573633,-0.05815910389791666,0.12212910019641393,6.369921074965432,5.2947879270159035,2.019464442103776,0.6819755628211409,18,22.2,
BlogFeedback,TabICLv2,2,1.0,tail_log,50.0,1,2000,1000,1.0530406375251873,0.0755,20,0.32548179871520344,22,,-0.00672209058046652,-0.0008081041550721197,-0.012173412769162242,-0.039316358041855695,6.396455889857871,5.441492487222396,2.0339712566617982,0.8980749011687688,18,25.7,
BlogFeedback,TabICLv2,2,1.0,evt_trim,0.0,1,2000,1000,1.0530406375251873,0.0755,20,0.32548179871520344,0,,0.0,0.0,0.0,0.0,6.3473430685997005,5.422267028045654,2.0928820739746103,0.8664755029478075,19,25.3,
BlogFeedback,TabICLv2,2,100.0,raw,0.0,1,2000,1000,10.522277709802577,0.0755,1,32.54817987152034,0,False,0.10209758812054137,0.036223274334504944,-0.0013059420864643362,0.6968397039576986,6.543442566871643,5.580642284202575,2.330545162944795,0.6588957605705263,20,23.0,
BlogFeedback,TabICLv2,2,100.0,clip,50.0,1,2000,1000,10.522277709802577,0.0755,1,32.54817987152034,22,True,-0.0033922366969575805,0.009813994381526275,-0.02639721890296204,-0.11870023923728319,6.398611147880554,6.176880791854858,3.522955297031403,2.181654597661019,31,26.7,
BlogFeedback,TabICLv2,2,100.0,clip,200.0,1,2000,1000,10.522277709802577,0.0755,1,32.54817987152034,1,True,-0.0012692872336801113,0.0014291591651745543,0.003989799725055971,0.017101132474606963,6.393817095756531,5.478646385574341,2.0706306104183203,0.8689878939123153,18,25.8,
BlogFeedback,TabICLv2,2,100.0,log,0.0,1,2000,1000,10.522277709802577,0.0755,1,32.54817987152034,0,True,-0.04209433320865042,-0.03993390023750214,-0.037057182880529074,0.16616827664569342,6.423031896193843,5.467179288804486,3.2124626426335343,1.1600738715798524,18,22.8,
BlogFeedback,TabICLv2,2,100.0,tail_log,50.0,1,2000,1000,10.522277709802577,0.0755,1,32.54817987152034,22,True,-0.0039056576760916483,-0.006190904202095273,-0.019833363083812155,-0.017739955228032882,6.531119295571318,5.742775516301343,2.2208009885833917,0.9274818178328981,19,26.6,
BlogFeedback,TabICLv2,2,100.0,evt_trim,0.0,1,2000,1000,10.522277709802577,0.0755,1,32.54817987152034,0,False,0.10209758812054137,0.036223274334504944,-0.0013059420864643362,0.6968397039576986,6.543442566871643,5.580642284202575,2.330545162944795,0.6588957605705263,20,25.7,
BlogFeedback,GBM,2,1.0,raw,0.0,1,2000,1000,1.0530406375251873,0.0755,20,0.32548179871520344,0,,0.0,0.0,0.0,0.0,6.904518138194864,5.898572920268756,2.6609833244748957,0.8262404006684678,15,0.0,
BlogFeedback,GBM,2,1.0,clip,50.0,1,2000,1000,1.0530406375251873,0.0755,20,0.32548179871520344,22,,-0.0039318436067302285,0.06197734941073346,1.234287534266088,-0.43942330168907306,7.1738807806395455,7.018791641730346,4.267060914396372,2.4139917223602847,19,18.3,
BlogFeedback,GBM,2,1.0,clip,200.0,1,2000,1000,1.0530406375251873,0.0755,20,0.32548179871520344,0,,0.0,0.0,0.0,0.0,6.904518138194864,5.898572920268756,2.6609833244748957,0.8262404006684678,15,15.0,
BlogFeedback,GBM,2,1.0,log,0.0,1,2000,1000,1.0530406375251873,0.0755,20,0.32548179871520344,0,,-0.0017509440576023393,-0.023777282566638032,0.14345211851359782,-0.39037807940474717,7.3285866662592785,5.542996077850048,2.5824023441674053,1.0065434859387798,16,15.7,
BlogFeedback,GBM,2,1.0,tail_log,50.0,1,2000,1000,1.0530406375251873,0.0755,20,0.32548179871520344,22,,-0.0016071685095604652,0.021763015664422028,-0.30947826898665415,-0.07796692236423694,7.049586969217942,5.7238105377731925,2.5829019522888026,0.8162508585651399,28,14.6,
BlogFeedback,GBM,2,1.0,evt_trim,0.0,1,2000,1000,1.0530406375251873,0.0755,20,0.32548179871520344,0,,0.0,0.0,0.0,0.0,6.904518138194864,5.898572920268756,2.6609833244748957,0.8262404006684678,15,17.1,
BlogFeedback,GBM,2,100.0,raw,0.0,1,2000,1000,10.522277709802577,0.0755,1,32.54817987152034,0,False,-0.003243925837643502,-0.009687298771526683,-0.43364665683745895,-0.026152653521980863,6.855441617744891,8.058683256401412,5.6929281674425365,1.01088806531044,27,15.0,
BlogFeedback,GBM,2,100.0,clip,50.0,1,2000,1000,10.522277709802577,0.0755,1,32.54817987152034,22,True,-0.0039318436067302285,0.06197734941073346,1.234287534266088,-0.43942330168907306,7.1738807806395455,7.018791641730346,4.267060914396372,2.4139917223602847,19,15.3,
BlogFeedback,GBM,2,100.0,clip,200.0,1,2000,1000,10.522277709802577,0.0755,1,32.54817987152034,1,True,-0.003243925837643502,0.004028234563692288,-0.4583995509571531,-0.0027910702902932696,6.855441617744891,5.730135106829399,2.5252948903929577,0.8010485282405608,26,14.8,
BlogFeedback,GBM,2,100.0,log,0.0,1,2000,1000,10.522277709802577,0.0755,1,32.54817987152034,0,True,-0.01113194947075951,-0.003600987821931984,0.07930300331550943,-0.41616339127614055,7.2055504690937004,6.081200451644961,2.5646214213116103,1.1560404822355563,15,15.6,
BlogFeedback,GBM,2,100.0,tail_log,50.0,1,2000,1000,10.522277709802577,0.0755,1,32.54817987152034,22,True,-0.0015345276674013216,0.02830350039915721,0.05678890208421468,-0.4274943341354389,6.869998378297552,5.715427511207374,2.6102227901106416,1.2560725735311336,16,14.5,
BlogFeedback,GBM,2,100.0,evt_trim,0.0,1,2000,1000,10.522277709802577,0.0755,1,32.54817987152034,0,False,-0.003243925837643502,-0.009687298771526683,-0.43364665683745895,-0.026152653521980863,6.855441617744891,8.058683256401412,5.6929281674425365,1.01088806531044,27,13.2,
BlogFeedback,TabPFN-V3,3,1.0,raw,0.0,1,2000,1000,1.0530024321805462,0.0855,67,0.15455594002306805,0,,0.0,0.0,0.0,0.0,6.1586019994020464,4.818454802906514,1.3302421615755566,0.23220145535993594,24,0.0,
BlogFeedback,TabPFN-V3,3,1.0,clip,50.0,1,2000,1000,1.0530024321805462,0.0855,67,0.15455594002306805,19,,-0.030159732397404975,-0.004053541598219659,-0.04560169726733282,-0.10820332991611994,6.072686142772437,5.470956889128685,1.634991640437842,0.15344056596183792,22,33.7,
BlogFeedback,TabPFN-V3,3,1.0,clip,200.0,1,2000,1000,1.0530024321805462,0.0855,67,0.15455594002306805,0,,0.0,0.0,0.0,0.0,6.1586019994020464,4.818454802906514,1.3302421615755566,0.23220145535993594,24,37.0,
BlogFeedback,TabPFN-V3,3,1.0,log,0.0,1,2000,1000,1.0530024321805462,0.0855,67,0.15455594002306805,0,,-0.07045359535394793,0.14290072946767052,0.08670925790474107,0.13511345800017655,6.0707391942983415,4.696849527535319,1.2417751603116276,0.44046805461957866,12,33.8,
BlogFeedback,TabPFN-V3,3,1.0,tail_log,50.0,1,2000,1000,1.0530024321805462,0.0855,67,0.15455594002306805,19,,-0.015871772621569753,-0.005941857516943549,-0.006711041344453324,-0.012749486683323139,6.12461749684811,4.835674726036776,1.6491177060318583,21.354924144279074,24,36.9,
BlogFeedback,TabPFN-V3,3,1.0,evt_trim,0.0,1,2000,1000,1.0530024321805462,0.0855,67,0.15455594002306805,0,,0.0,0.0,0.0,0.0,6.1586019994020464,4.818454802906514,1.3302421615755566,0.23220145535993594,24,33.7,
BlogFeedback,TabPFN-V3,3,100.0,raw,0.0,1,2000,1000,5.057390832957393,0.0855,1,15.455594002306805,0,False,0.21024771640444317,0.13522732341549948,0.008524771512972908,-0.05756656221166129,6.339288175046444,4.760800054478644,1.3007278796482091,0.23417730012702964,21,36.7,
BlogFeedback,TabPFN-V3,3,100.0,clip,50.0,1,2000,1000,5.057390832957393,0.0855,1,15.455594002306805,20,True,-0.02346456709733105,-0.00398922627792345,-0.04540523657359424,-0.11159091295941474,6.087392196059227,5.43175177975893,1.5810918152201179,0.15768511015701306,23,33.7,
BlogFeedback,TabPFN-V3,3,100.0,clip,200.0,1,2000,1000,5.057390832957393,0.0855,1,15.455594002306805,1,True,-0.029625682687189545,-0.004695442849816279,-0.015162293280718723,-0.03562939873970054,6.170496956557035,4.841754965221882,1.400152990007401,0.2374743894746306,28,37.9,
BlogFeedback,TabPFN-V3,3,100.0,log,0.0,1,2000,1000,5.057390832957393,0.0855,1,15.455594002306805,0,True,-0.06388606181487755,0.14727316598967485,0.10453895070070365,0.16420722777710384,6.059085790555079,4.679791998397608,1.2905349715923518,1.0212447822289068,12,35.3,
BlogFeedback,TabPFN-V3,3,100.0,tail_log,50.0,1,2000,1000,5.057390832957393,0.0855,1,15.455594002306805,20,True,-0.024590654134587844,0.00030895346742391467,-0.019656227194557313,-0.052216336284932274,6.095609451401317,4.925966785743821,2.300041791143742,237.1653826943231,26,37.5,
BlogFeedback,TabPFN-V3,3,100.0,evt_trim,0.0,1,2000,1000,5.057390832957393,0.0855,1,15.455594002306805,0,False,0.21024771640444317,0.13522732341549948,0.008524771512972908,-0.05756656221166129,6.339288175046444,4.760800054478644,1.3007278796482091,0.23417730012702964,21,35.1,
BlogFeedback,TabICLv2,3,1.0,raw,0.0,1,2000,1000,1.0530024321805462,0.0855,67,0.15455594002306805,0,,0.0,0.0,0.0,0.0,6.273806085109711,4.867233606338501,1.034712140150071,0.1374325459995271,9,0.0,
BlogFeedback,TabICLv2,3,1.0,clip,50.0,1,2000,1000,1.0530024321805462,0.0855,67,0.15455594002306805,19,,0.0011891100906201509,0.017636830389969153,0.0019234503385001365,-0.05397515942109829,6.3500242228507995,5.486668784332275,2.2023687505245215,1.0506321674613952,20,23.2,
BlogFeedback,TabICLv2,3,1.0,clip,200.0,1,2000,1000,1.0530024321805462,0.0855,67,0.15455594002306805,0,,0.0,0.0,0.0,0.0,6.273806085109711,4.867233606338501,1.034712140150071,0.1374325459995271,9,24.4,
BlogFeedback,TabICLv2,3,1.0,log,0.0,1,2000,1000,1.0530024321805462,0.0855,67,0.15455594002306805,0,,-0.04377066279208954,0.014679464838949791,-0.029555334315959664,0.2855180251459095,6.392813616971173,4.746589055158098,1.1285527295169921,0.22590547723328763,9,24.4,
BlogFeedback,TabICLv2,3,1.0,tail_log,50.0,1,2000,1000,1.0530024321805462,0.0855,67,0.15455594002306805,19,,-0.0016732286176408266,0.004020112697102436,0.0014562314213389226,-0.009913645291361376,6.305189273997598,4.8606066220546325,1.043308953193321,0.1372689227095218,9,22.8,
BlogFeedback,TabICLv2,3,1.0,evt_trim,0.0,1,2000,1000,1.0530024321805462,0.0855,67,0.15455594002306805,0,,0.0,0.0,0.0,0.0,6.273806085109711,4.867233606338501,1.034712140150071,0.1374325459995271,9,25.1,
BlogFeedback,TabICLv2,3,100.0,raw,0.0,1,2000,1000,5.057390832957393,0.0855,1,15.455594002306805,0,False,0.035660199197987665,0.0089768510616813,-0.048765407401567956,0.3714650187150992,6.25927358675003,4.924504471588134,1.293991403198243,0.20781723901176472,12,24.1,
BlogFeedback,TabICLv2,3,100.0,clip,50.0,1,2000,1000,5.057390832957393,0.0855,1,15.455594002306805,20,True,0.0006265384212245236,0.02184166914792436,0.01803991398021264,-0.035232304449167105,6.372263137817383,5.499605085182189,2.1839966991996773,1.0376052203063966,19,23.5,
BlogFeedback,TabICLv2,3,100.0,clip,200.0,1,2000,1000,5.057390832957393,0.0855,1,15.455594002306805,1,True,-0.006621853687759581,-0.0028349604681470585,0.000778422692608399,0.027118491198696856,6.222658114433289,4.88173222732544,1.1233494321727757,0.14645698607826244,10,24.4,
BlogFeedback,TabICLv2,3,100.0,log,0.0,1,2000,1000,5.057390832957393,0.0855,1,15.455594002306805,0,True,-0.04246954810961154,0.007038206984680658,-0.0024254309660511697,0.37458062385608065,6.368036238869052,4.7389472435708395,1.1646805002532206,0.2766123974765633,8,23.2,
BlogFeedback,TabICLv2,3,100.0,tail_log,50.0,1,2000,1000,5.057390832957393,0.0855,1,15.455594002306805,20,True,-0.008437902445480525,-0.016384540697700095,-0.02044298897933306,0.0052585673367659385,6.092876106102239,4.954635844455256,1.1747011066182436,0.16786974192432205,10,24.2,
BlogFeedback,TabICLv2,3,100.0,evt_trim,0.0,1,2000,1000,5.057390832957393,0.0855,1,15.455594002306805,0,False,0.035660199197987665,0.0089768510616813,-0.048765407401567956,0.3714650187150992,6.25927358675003,4.924504471588134,1.293991403198243,0.20781723901176472,12,24.6,
BlogFeedback,GBM,3,1.0,raw,0.0,1,2000,1000,1.0530024321805462,0.0855,67,0.15455594002306805,0,,0.0,0.0,0.0,0.0,6.8394754120753705,5.886904810939732,2.640893080173268,0.4896923310284075,15,0.0,
BlogFeedback,GBM,3,1.0,clip,50.0,1,2000,1000,1.0530024321805462,0.0855,67,0.15455594002306805,19,,-0.0010812104014831878,0.023222198985807033,-0.024014436731609336,-0.1712986624216367,6.744257840717413,6.500479289403562,3.9135760639056616,1.9052923096959362,22,15.6,
BlogFeedback,GBM,3,1.0,clip,200.0,1,2000,1000,1.0530024321805462,0.0855,67,0.15455594002306805,0,,0.0,0.0,0.0,0.0,6.8394754120753705,5.886904810939732,2.640893080173268,0.4896923310284075,15,15.8,
BlogFeedback,GBM,3,1.0,log,0.0,1,2000,1000,1.0530024321805462,0.0855,67,0.15455594002306805,0,,-0.01154973873871959,0.01380632465329162,-0.046283198623293165,-0.0065779442823561424,6.4124010713879915,5.548409209983097,2.8139335975491058,0.5170428553020211,16,17.1,
BlogFeedback,GBM,3,1.0,tail_log,50.0,1,2000,1000,1.0530024321805462,0.0855,67,0.15455594002306805,19,,-0.000672456254179444,0.04177801386531547,-0.15431262542120677,-0.0056081838502091514,6.840093622105117,5.94678543111232,2.899843790515292,0.48846384133632115,17,16.5,
BlogFeedback,GBM,3,1.0,evt_trim,0.0,1,2000,1000,1.0530024321805462,0.0855,67,0.15455594002306805,0,,0.0,0.0,0.0,0.0,6.8394754120753705,5.886904810939732,2.640893080173268,0.4896923310284075,15,16.5,
BlogFeedback,GBM,3,100.0,raw,0.0,1,2000,1000,5.057390832957393,0.0855,1,15.455594002306805,0,False,0.0,0.001103538674879408,-0.2084700035836818,0.09443878346276567,6.8394754120753705,5.866439418282432,3.3603312320395236,0.6396753951398731,15,16.0,
BlogFeedback,GBM,3,100.0,clip,50.0,1,2000,1000,5.057390832957393,0.0855,1,15.455594002306805,20,True,-0.0010812104014831878,0.023222198985807033,-0.10142484248826329,-0.16986710565369284,6.744257840717413,6.500479289403562,3.3380262410413946,1.9046822778209034,18,16.6,
BlogFeedback,GBM,3,100.0,clip,200.0,1,2000,1000,5.057390832957393,0.0855,1,15.455594002306805,1,True,0.0,0.001103538674879408,-0.15087005841445997,0.09443878346276567,6.8394754120753705,5.866439418282432,2.491961376178532,0.678761293014279,13,17.2,
BlogFeedback,GBM,3,100.0,log,0.0,1,2000,1000,5.057390832957393,0.0855,1,15.455594002306805,0,True,-0.01154973873871959,0.06428914606859917,-0.2978676380997752,0.09015227714875808,6.4124010713879915,5.582412327032982,2.7534323111935772,0.6848863375540143,17,16.9,
BlogFeedback,GBM,3,100.0,tail_log,50.0,1,2000,1000,5.057390832957393,0.0855,1,15.455594002306805,20,True,-0.000672456254179444,0.04109123482717356,-0.1519636794021671,0.09010490430311278,6.840093622105117,5.978978201035891,2.7929879807042313,0.6630180738844748,16,16.8,
BlogFeedback,GBM,3,100.0,evt_trim,0.0,1,2000,1000,5.057390832957393,0.0855,1,15.455594002306805,0,False,0.0,0.001103538674879408,-0.2084700035836818,0.09443878346276567,6.8394754120753705,5.866439418282432,3.3603312320395236,0.6396753951398731,15,16.5,
BlogFeedback,TabPFN-V3,4,1.0,raw,0.0,1,2000,1000,1.1245972372611686,0.0755,6,0.3862359550561798,0,,0.0,0.0,0.0,0.0,5.985510576784611,4.454283643698693,1.1912379064083107,0.2878362853527071,14,0.0,
BlogFeedback,TabPFN-V3,4,1.0,clip,50.0,1,2000,1000,1.1245972372611686,0.0755,6,0.3862359550561798,23,,-0.028173506931051445,-0.00913596324856764,-0.041490798993515,-0.06686670427002,5.815119539231062,4.768683641493319,1.6750977993059164,0.46349439605331433,18,35.6,
BlogFeedback,TabPFN-V3,4,1.0,clip,200.0,1,2000,1000,1.1245972372611686,0.0755,6,0.3862359550561798,1,,-0.012299074799351039,-0.011037360298014757,-0.003815926060251321,-0.012728942900687469,5.970845925152302,4.416478846263884,1.1675742279112347,0.27712994007015257,15,36.6,
BlogFeedback,TabPFN-V3,4,1.0,log,0.0,1,2000,1000,1.1245972372611686,0.0755,6,0.3862359550561798,0,,-0.07707039390401704,0.08050467235942399,0.12998139791196894,0.20191422115138657,5.680363693903431,4.433283135029411,1.2335755477708257,0.43569424705050824,11,35.0,
BlogFeedback,TabPFN-V3,4,1.0,tail_log,50.0,1,2000,1000,1.1245972372611686,0.0755,6,0.3862359550561798,23,,0.00895273492450208,-0.0214734657358207,-0.0016390859947904915,-0.005191571396268808,6.055087886895799,4.620491134785215,3.17305645922235,3902.6521406837055,16,37.0,
BlogFeedback,TabPFN-V3,4,1.0,evt_trim,0.0,1,2000,1000,1.1245972372611686,0.0755,6,0.3862359550561798,0,,0.0,0.0,0.0,0.0,5.985510576784611,4.454283643698693,1.1912379064083107,0.2878362853527071,14,35.7,
BlogFeedback,TabPFN-V3,4,100.0,raw,0.0,1,2000,1000,18.216368733057628,0.0755,1,38.62359550561798,0,False,0.2932012654254959,0.3190620593746164,-0.013379109262903767,-0.15527153174553834,6.135864935543388,4.461897694826126,1.21596886833191,0.40160998774528534,20,36.6,
BlogFeedback,TabPFN-V3,4,100.0,clip,50.0,1,2000,1000,18.216368733057628,0.0755,1,38.62359550561798,23,True,-0.028173506931051445,-0.00913596324856764,-0.041490798993515,-0.06686670427002,5.815119539231062,4.768683641493319,1.6750977993059164,0.46349439605331433,18,36.4,
BlogFeedback,TabPFN-V3,4,100.0,clip,200.0,1,2000,1000,18.216368733057628,0.0755,1,38.62359550561798,2,True,-0.0047543766910228364,0.0005618705163446692,-0.0012440020590633143,-0.002962120737375405,5.922313347756862,4.540977186751364,1.2299817657649526,0.3116339571781161,16,35.3,
BlogFeedback,TabPFN-V3,4,100.0,log,0.0,1,2000,1000,18.216368733057628,0.0755,1,38.62359550561798,0,True,-0.0733323588916987,0.07528111224044699,0.1340045118265003,0.22645813770875442,5.772806928209098,4.714177532815098,10.673591149493845,10699.270615355174,10,37.3,
BlogFeedback,TabPFN-V3,4,100.0,tail_log,50.0,1,2000,1000,18.216368733057628,0.0755,1,38.62359550561798,23,True,-0.01387971862797139,0.005529507016454053,-0.006410094848489624,0.004710221410178635,5.703427576426458,4.716716624657654,7.574885917228031,347843.0071325604,15,35.3,
BlogFeedback,TabPFN-V3,4,100.0,evt_trim,0.0,1,2000,1000,18.216368733057628,0.0755,1,38.62359550561798,0,False,0.2932012654254959,0.3190620593746164,-0.013379109262903767,-0.15527153174553834,6.135864935543388,4.461897694826126,1.21596886833191,0.40160998774528534,20,36.9,
BlogFeedback,TabICLv2,4,1.0,raw,0.0,1,2000,1000,1.1245972372611686,0.0755,6,0.3862359550561798,0,,0.0,0.0,0.0,0.0,6.110185574054718,4.646605366325378,1.133889336452485,0.18764725200843824,8,0.0,
BlogFeedback,TabICLv2,4,1.0,clip,50.0,1,2000,1000,1.1245972372611686,0.0755,6,0.3862359550561798,23,,-0.019548431360048704,0.012344310244697523,-0.03195539601735107,-0.11138866782706625,5.795435347080231,4.795370442581176,2.0917242965888985,1.1006827396030425,15,24.0,
BlogFeedback,TabICLv2,4,1.0,clip,200.0,1,2000,1000,1.1245972372611686,0.0755,6,0.3862359550561798,1,,-0.0013875581686495155,-0.0007042287516429089,0.002106594853681267,-0.0032111958481805787,6.065326091766358,4.5677410862922665,1.120921168603898,0.18079760488128677,8,22.7,
BlogFeedback,TabICLv2,4,1.0,log,0.0,1,2000,1000,1.1245972372611686,0.0755,6,0.3862359550561798,0,,-0.05352347966046756,-0.04606868970632781,-0.0781424030991083,0.18536943905604628,5.718238967630854,4.195706975246583,1.0889068000409288,0.23656404991516017,7,23.8,
BlogFeedback,TabICLv2,4,1.0,tail_log,50.0,1,2000,1000,1.1245972372611686,0.0755,6,0.3862359550561798,23,,-0.011099072196919278,-0.004594633605423428,-0.005337158373272208,-0.026080494058871286,5.972630377122303,4.5834252054965035,1.1222585934453608,0.1921555066488143,7,23.4,
BlogFeedback,TabICLv2,4,1.0,evt_trim,0.0,1,2000,1000,1.1245972372611686,0.0755,6,0.3862359550561798,0,,0.0,0.0,0.0,0.0,6.110185574054718,4.646605366325378,1.133889336452485,0.18764725200843824,8,23.2,
BlogFeedback,TabICLv2,4,100.0,raw,0.0,1,2000,1000,18.216368733057628,0.0755,1,38.62359550561798,0,False,0.11178585649153136,0.0835888687101891,-0.05390075378177607,0.941013632844415,6.051928717613221,5.260543379211425,1.4625700915145885,0.33941511064529456,11,23.7,
BlogFeedback,TabICLv2,4,100.0,clip,50.0,1,2000,1000,18.216368733057628,0.0755,1,38.62359550561798,23,True,-0.019548431360048704,0.012344310244697523,-0.03195539601735107,-0.11138866782706625,5.795435347080231,4.795370442581176,2.0917242965888985,1.1006827396030425,15,22.9,
BlogFeedback,TabICLv2,4,100.0,clip,200.0,1,2000,1000,18.216368733057628,0.0755,1,38.62359550561798,2,True,0.004790615968992288,0.0038310614483751627,0.004843513732839698,0.006823968908630951,6.203494426250458,4.677540228080749,1.152261486072541,0.1863749544858934,9,23.9,
BlogFeedback,TabICLv2,4,100.0,log,0.0,1,2000,1000,18.216368733057628,0.0755,1,38.62359550561798,0,True,-0.060805064869705425,-0.043275832553631696,-0.03993328640874617,0.2850885434407405,5.672029894146958,4.901073370518513,3.509472163547903,1.1542542671244742,7,23.7,
BlogFeedback,TabICLv2,4,100.0,tail_log,50.0,1,2000,1000,18.216368733057628,0.0755,1,38.62359550561798,23,True,0.006106208422815824,-0.005123152668543981,-0.016389678732651784,-0.01482771104187228,6.775711324814315,5.120528710785993,1.2640777355323698,0.22190555943188262,9,22.7,
BlogFeedback,TabICLv2,4,100.0,evt_trim,0.0,1,2000,1000,18.216368733057628,0.0755,1,38.62359550561798,0,False,0.11178585649153136,0.0835888687101891,-0.05390075378177607,0.941013632844415,6.051928717613221,5.260543379211425,1.4625700915145885,0.33941511064529456,11,23.6,
BlogFeedback,GBM,4,1.0,raw,0.0,1,2000,1000,1.1245972372611686,0.0755,6,0.3862359550561798,0,,0.0,0.0,0.0,0.0,6.220670336550144,4.2651113587582685,1.162697418481418,0.41712552956657595,8,0.0,
BlogFeedback,GBM,4,1.0,clip,50.0,1,2000,1000,1.1245972372611686,0.0755,6,0.3862359550561798,23,,-0.007968962667308037,0.0641196087899146,0.04767276818218031,-0.2112980035436451,6.240317018512473,5.0035144584020985,2.2056629284465985,1.5307634981467757,13,17.2,
BlogFeedback,GBM,4,1.0,clip,200.0,1,2000,1000,1.1245972372611686,0.0755,6,0.3862359550561798,1,,0.0,0.0,0.24502568740171216,0.0,6.220670336550144,4.2651113587582685,1.3464653382361194,0.4168634596298569,7,16.5,
BlogFeedback,GBM,4,1.0,log,0.0,1,2000,1000,1.1245972372611686,0.0755,6,0.3862359550561798,0,,0.019717654382370865,0.018578838910722557,0.9057509133104629,-0.01665828111037759,5.540551171003195,4.2965534111355925,1.6393428840240958,0.4087653640980783,6,16.2,
BlogFeedback,GBM,4,1.0,tail_log,50.0,1,2000,1000,1.1245972372611686,0.0755,6,0.3862359550561798,23,,-0.006728474553978807,0.021644353832874972,0.574791264485683,-0.017965336536298854,6.1239874964716945,4.161519154421377,1.5220564564391859,0.4090219281211173,5,16.1,
BlogFeedback,GBM,4,1.0,evt_trim,0.0,1,2000,1000,1.1245972372611686,0.0755,6,0.3862359550561798,0,,0.0,0.0,0.0,0.0,6.220670336550144,4.2651113587582685,1.162697418481418,0.41712552956657595,8,16.7,
BlogFeedback,GBM,4,100.0,raw,0.0,1,2000,1000,18.216368733057628,0.0755,1,38.62359550561798,0,False,0.0,0.0074187786731978265,0.38383489693984163,0.6536844702598208,6.220670336550144,8.223892512310133,2.1007564445024633,0.6557651858099052,8,16.7,
BlogFeedback,GBM,4,100.0,clip,50.0,1,2000,1000,18.216368733057628,0.0755,1,38.62359550561798,23,True,-0.007968962667308037,0.0641196087899146,0.04767276818218031,-0.2112980035436451,6.240317018512473,5.0035144584020985,2.2056629284465985,1.5307634981467757,13,15.5,
BlogFeedback,GBM,4,100.0,clip,200.0,1,2000,1000,18.216368733057628,0.0755,1,38.62359550561798,2,True,0.0,0.0019329099468407217,0.06214969335106874,0.6536844702593844,6.220670336550144,4.2972189738074515,1.3198637564337263,0.6555320478571544,8,16.0,
BlogFeedback,GBM,4,100.0,log,0.0,1,2000,1000,18.216368733057628,0.0755,1,38.62359550561798,0,True,0.021661375801401254,0.026107713556761617,1.069635622900738,0.6536844696196653,5.581664653430819,4.404931188121574,1.8589565752998902,0.654427451716218,7,18.8,
BlogFeedback,GBM,4,100.0,tail_log,50.0,1,2000,1000,18.216368733057628,0.0755,1,38.62359550561798,23,True,-0.006728474553978807,0.03111510192958966,0.32936291907242665,0.6536844696183721,6.1239874964716945,4.257514564374767,1.6422892465053602,0.6551439257388062,9,17.5,
BlogFeedback,GBM,4,100.0,evt_trim,0.0,1,2000,1000,18.216368733057628,0.0755,1,38.62359550561798,0,False,0.0,0.0074187786731978265,0.38383489693984163,0.6536844702598208,6.220670336550144,8.223892512310133,2.1007564445024633,0.6557651858099052,8,17.6,
BlogFeedback,TabPFN-V3,5,1.0,raw,0.0,1,2000,1000,1.0878575648035167,0.0815,48,0.16666666666666666,0,,0.0,0.0,0.0,0.0,6.225732461392879,4.977323338580131,1.2855076869952686,0.2840918806626798,23,0.0,
BlogFeedback,TabPFN-V3,5,1.0,clip,50.0,1,2000,1000,1.0878575648035167,0.0815,48,0.16666666666666666,24,,-0.01268926682729498,0.011486191347202416,-0.031053994125287997,-0.05958238393208931,6.419746388018131,5.648712420511245,1.681496294049025,0.22911768375754368,23,34.7,
BlogFeedback,TabPFN-V3,5,1.0,clip,200.0,1,2000,1000,1.0878575648035167,0.0815,48,0.16666666666666666,0,,0.0,0.0,0.0,0.0,6.225732461392879,4.977323338580131,1.2855076869952686,0.2840918806626798,23,37.0,
BlogFeedback,TabPFN-V3,5,1.0,log,0.0,1,2000,1000,1.0878575648035167,0.0815,48,0.16666666666666666,0,,-0.05029135212240661,0.09484590520516153,0.06716208037544494,0.22078256179987055,6.062299969058266,4.967803106675256,1.2536621880352197,0.6992627555063148,12,35.5,
BlogFeedback,TabPFN-V3,5,1.0,tail_log,50.0,1,2000,1000,1.0878575648035167,0.0815,48,0.16666666666666666,24,,0.012505004417864955,0.014758846152288233,0.0005900350166433933,0.000553410780176881,6.233082568551597,4.901509176183486,2.430029872090654,7219.130987103498,22,35.3,
BlogFeedback,TabPFN-V3,5,1.0,evt_trim,0.0,1,2000,1000,1.0878575648035167,0.0815,48,0.16666666666666666,0,,0.0,0.0,0.0,0.0,6.225732461392879,4.977323338580131,1.2855076869952686,0.2840918806626798,23,37.4,
BlogFeedback,TabPFN-V3,5,100.0,raw,0.0,1,2000,1000,6.759700465277112,0.0815,1,16.666666666666668,0,False,0.33330963339233766,0.09884466847923956,-0.07192172131271686,-0.11093811063081399,6.398478345453739,4.854566352653503,1.1898504484081274,0.33509969865465183,21,35.7,
BlogFeedback,TabPFN-V3,5,100.0,clip,50.0,1,2000,1000,6.759700465277112,0.0815,1,16.666666666666668,25,True,-0.013119471085098566,0.012597800983434371,-0.025086112840231947,-0.04925688882810484,6.412380870938301,5.657120915949345,1.7070971289169794,0.2280518847483398,24,37.2,
BlogFeedback,TabPFN-V3,5,100.0,clip,200.0,1,2000,1000,6.759700465277112,0.0815,1,16.666666666666668,1,True,-0.0019190789886240546,0.01854495344425977,0.013743219890575267,0.03335267428556046,6.233911010593176,4.942888633704185,1.2830039858245856,0.2971863087153437,17,36.0,
BlogFeedback,TabPFN-V3,5,100.0,log,0.0,1,2000,1000,6.759700465277112,0.0815,1,16.666666666666668,0,True,-0.049801000549315785,0.09144473701779404,0.07487047683973648,0.25319956475766114,6.077209955421345,4.989166594075715,1.404168129508399,56490.781656507366,12,37.5,
BlogFeedback,TabPFN-V3,5,100.0,tail_log,50.0,1,2000,1000,6.759700465277112,0.0815,1,16.666666666666668,25,True,0.0005449900602139417,0.017810101535995593,0.014143308774809946,0.02835251105864495,6.245646313131003,4.857706710829008,2.2380973884046527,53098.58805450929,17,35.5,
BlogFeedback,TabPFN-V3,5,100.0,evt_trim,0.0,1,2000,1000,6.759700465277112,0.0815,1,16.666666666666668,0,False,0.33330963339233766,0.09884466847923956,-0.07192172131271686,-0.11093811063081399,6.398478345453739,4.854566352653503,1.1898504484081274,0.33509969865465183,21,37.7,
BlogFeedback,TabICLv2,5,1.0,raw,0.0,1,2000,1000,1.0878575648035167,0.0815,48,0.16666666666666666,0,,0.0,0.0,0.0,0.0,6.839735420227051,5.0712041810989374,1.2838342180633553,0.21425441906166087,13,0.0,
BlogFeedback,TabICLv2,5,1.0,clip,50.0,1,2000,1000,1.0878575648035167,0.0815,48,0.16666666666666666,24,,-0.003696163976846718,0.026026186918925703,0.023350569350541875,-0.049167326307364936,6.603774126052857,5.625656409835816,2.5760283762836464,1.4371102210397722,20,22.1,
BlogFeedback,TabICLv2,5,1.0,clip,200.0,1,2000,1000,1.0878575648035167,0.0815,48,0.16666666666666666,0,,0.0,0.0,0.0,0.0,6.839735420227051,5.0712041810989374,1.2838342180633553,0.21425441906166087,13,24.4,
BlogFeedback,TabICLv2,5,1.0,log,0.0,1,2000,1000,1.0878575648035167,0.0815,48,0.16666666666666666,0,,-0.07058501913287513,-0.002797827616415827,-0.03321863420147469,0.26752652656857845,6.46020475360563,4.979531817219609,1.246178662637722,0.26681104852476833,12,24.7,
BlogFeedback,TabICLv2,5,1.0,tail_log,50.0,1,2000,1000,1.0878575648035167,0.0815,48,0.16666666666666666,24,,0.002618324684908607,0.0012563179040933634,-0.0038217804077692805,-0.0184559639431747,6.651100761411577,5.04813896720702,1.2240241321532097,0.23885861752591303,13,23.7,
BlogFeedback,TabICLv2,5,1.0,evt_trim,0.0,1,2000,1000,1.0878575648035167,0.0815,48,0.16666666666666666,0,,0.0,0.0,0.0,0.0,6.839735420227051,5.0712041810989374,1.2838342180633553,0.21425441906166087,13,23.9,
BlogFeedback,TabICLv2,5,100.0,raw,0.0,1,2000,1000,6.759700465277112,0.0815,1,16.666666666666668,0,False,0.008015924418822342,0.049541225479967935,0.1101905056533508,0.638178867890727,6.397969723701477,4.943419466114043,1.1734847741508492,0.23868261691856402,10,24.5,
BlogFeedback,TabICLv2,5,100.0,clip,50.0,1,2000,1000,6.759700465277112,0.0815,1,16.666666666666668,25,True,-0.0038715754635439926,0.023512839807519108,0.016831007826869155,-0.0521648332692383,6.596413556575775,5.612994950008392,2.57211333393097,1.4462538081474303,20,24.0,
BlogFeedback,TabICLv2,5,100.0,clip,200.0,1,2000,1000,6.759700465277112,0.0815,1,16.666666666666668,1,True,0.004252336495321611,0.00590029937408899,0.0005754248075006639,0.017332570340093365,6.741147314071656,5.055014215660096,1.2068973368644722,0.193946747162819,12,21.5,
BlogFeedback,TabICLv2,5,100.0,log,0.0,1,2000,1000,6.759700465277112,0.0815,1,16.666666666666668,0,True,-0.07276299217328444,0.006856620610976949,0.00033015125770521295,0.34483771383211925,6.533524032729901,4.935864738497121,1.369887324861907,0.3250284087150127,11,24.1,
BlogFeedback,TabICLv2,5,100.0,tail_log,50.0,1,2000,1000,6.759700465277112,0.0815,1,16.666666666666668,25,True,0.0018071435092581252,0.0017606689489736021,-0.011349598840343662,-0.0009250218788136763,6.528756746196687,5.070553407463439,1.215974159579132,0.20145433185481135,11,24.2,
BlogFeedback,TabICLv2,5,100.0,evt_trim,0.0,1,2000,1000,6.759700465277112,0.0815,1,16.666666666666668,0,False,0.008015924418822342,0.049541225479967935,0.1101905056533508,0.638178867890727,6.397969723701477,4.943419466114043,1.1734847741508492,0.23868261691856402,10,23.9,
BlogFeedback,GBM,5,1.0,raw,0.0,1,2000,1000,1.0878575648035167,0.0815,48,0.16666666666666666,0,,0.0,0.0,0.0,0.0,7.059098678984758,5.792101706292365,1.8311288382066127,0.5969033829627401,17,0.0,
BlogFeedback,GBM,5,1.0,clip,50.0,1,2000,1000,1.0878575648035167,0.0815,48,0.16666666666666666,24,,0.003375490839156875,0.04127315649189453,-0.06932536642104915,-0.2699643989529309,7.132961661976612,6.381465972099506,3.0060787598951433,1.9114279487826844,27,16.8,
BlogFeedback,GBM,5,1.0,clip,200.0,1,2000,1000,1.0878575648035167,0.0815,48,0.16666666666666666,0,,0.0,0.0,0.0,0.0,7.059098678984758,5.792101706292365,1.8311288382066127,0.5969033829627401,17,17.1,
BlogFeedback,GBM,5,1.0,log,0.0,1,2000,1000,1.0878575648035167,0.0815,48,0.16666666666666666,0,,-0.031438389498547645,0.018793667208880385,0.26327359468428063,-0.011393028037165973,6.901987919797047,6.008192949631544,2.2119214326712378,0.5932917881682341,14,16.2,
BlogFeedback,GBM,5,1.0,tail_log,50.0,1,2000,1000,1.0878575648035167,0.0815,48,0.16666666666666666,24,,-6.738056420047091e-08,0.025628213451003176,-0.044125379614467476,-0.02510213169295832,7.0587516903995535,5.728751256523849,1.7403433310258725,0.5961541891451775,18,15.3,
BlogFeedback,GBM,5,1.0,evt_trim,0.0,1,2000,1000,1.0878575648035167,0.0815,48,0.16666666666666666,0,,0.0,0.0,0.0,0.0,7.059098678984758,5.792101706292365,1.8311288382066127,0.5969033829627401,17,16.5,
BlogFeedback,GBM,5,100.0,raw,0.0,1,2000,1000,6.759700465277112,0.0815,1,16.666666666666668,0,False,-0.0061654361064403754,0.019875533054222502,-0.07803349537019998,-0.07986380619218332,7.043176180602069,5.631196575452504,2.6237412808170113,0.6442707629006925,15,17.6,
BlogFeedback,GBM,5,100.0,clip,50.0,1,2000,1000,6.759700465277112,0.0815,1,16.666666666666668,25,True,-0.007689938497149525,0.059452903827843503,-0.0809905260688565,-0.2699643989529309,7.012499602283255,6.412499080551482,2.887943294866311,1.9114279487826844,25,17.0,
BlogFeedback,GBM,5,100.0,clip,200.0,1,2000,1000,6.759700465277112,0.0815,1,16.666666666666668,1,True,-0.0061654361064403754,0.019875533054222502,0.29708787845189216,-0.12993495063479849,7.043176180602069,5.631196575452504,2.203275353235405,0.542897087383789,14,18.0,
BlogFeedback,GBM,5,100.0,log,0.0,1,2000,1000,6.759700465277112,0.0815,1,16.666666666666668,0,True,-0.02943164631615301,-0.0010397498959354623,0.28707535687566327,-0.10066099840190908,6.8362886133212495,5.842848571243483,2.1801453834813875,0.6385690148095021,15,18.0,
BlogFeedback,GBM,5,100.0,tail_log,50.0,1,2000,1000,6.759700465277112,0.0815,1,16.666666666666668,25,True,-0.006609593295633041,0.029535238986589347,-0.012454863246056134,-0.09187248119837099,7.047302707508905,5.827356501906452,1.7224908547880617,0.6291226287227358,19,15.7,
BlogFeedback,GBM,5,100.0,evt_trim,0.0,1,2000,1000,6.759700465277112,0.0815,1,16.666666666666668,0,False,-0.0061654361064403754,0.019875533054222502,-0.07803349537019998,-0.07986380619218332,7.043176180602069,5.631196575452504,2.6237412808170113,0.6442707629006925,15,16.3,
BlogFeedback,TabPFN-V3,6,1.0,raw,0.0,1,2000,1000,1.0541876188375285,0.08,145,0.05767012687427912,0,,0.0,0.0,0.0,0.0,6.054146681725979,4.909058493614196,1.4609955312752732,0.24271076984787004,29,0.0,
BlogFeedback,TabPFN-V3,6,1.0,clip,50.0,1,2000,1000,1.0541876188375285,0.08,145,0.05767012687427912,18,,0.005332017118460201,0.018559762963389313,-0.047283121548609246,-0.07042605585097667,6.181610497564077,5.146266792666912,1.410738083542586,0.16552723746418968,28,38.3,
BlogFeedback,TabPFN-V3,6,1.0,clip,200.0,1,2000,1000,1.0541876188375285,0.08,145,0.05767012687427912,0,,0.0,0.0,0.0,0.0,6.054146681725979,4.909058493614196,1.4609955312752732,0.24271076984787004,29,34.8,
BlogFeedback,TabPFN-V3,6,1.0,log,0.0,1,2000,1000,1.0541876188375285,0.08,145,0.05767012687427912,0,,-0.08567565462156362,0.12596799969454908,0.06399245945562483,0.1542930388044362,5.91041203002235,4.681408238178024,1.4235080292601379,0.44507600753717325,16,38.2,
BlogFeedback,TabPFN-V3,6,1.0,tail_log,50.0,1,2000,1000,1.0541876188375285,0.08,145,0.05767012687427912,18,,0.019947478544082825,0.0006418976320031306,-0.015379721777332149,-0.022728309192156723,6.068934061676264,4.924014232918949,1.542018780093904,84.22446336125432,30,34.9,
BlogFeedback,TabPFN-V3,6,1.0,evt_trim,0.0,1,2000,1000,1.0541876188375285,0.08,145,0.05767012687427912,0,,0.0,0.0,0.0,0.0,6.054146681725979,4.909058493614196,1.4609955312752732,0.24271076984787004,29,40.6,
BlogFeedback,TabPFN-V3,6,100.0,raw,0.0,1,2000,1000,2.111809978839709,0.08,1,5.767012687427912,0,False,0.02438314251202319,0.0017010434673720492,-0.019575387617467563,-0.07205000589614341,6.129669312775135,5.148225439584255,1.384058295562268,0.28313202227783224,28,38.5,
BlogFeedback,TabPFN-V3,6,100.0,clip,50.0,1,2000,1000,2.111809978839709,0.08,1,5.767012687427912,19,True,0.008293049277012908,0.016282616348997532,-0.024991903078752535,-0.03056024933265009,6.160575002789497,5.1439660434722905,1.419644532537461,0.17748117926502244,27,38.2,
BlogFeedback,TabPFN-V3,6,100.0,clip,200.0,1,2000,1000,2.111809978839709,0.08,1,5.767012687427912,1,True,0.013891927872099875,0.01368896196138207,0.0051882534473186755,0.02337275898547464,6.061611358314752,5.008578077995777,1.501212568362952,0.29126510859680194,24,38.9,
BlogFeedback,TabPFN-V3,6,100.0,log,0.0,1,2000,1000,2.111809978839709,0.08,1,5.767012687427912,0,True,-0.07581706305778053,0.15236289270894238,0.09518605279742703,0.24474971710592192,5.893752395800278,5.441863682030271,8.417316282363348,183213086.45015737,16,39.5,
BlogFeedback,TabPFN-V3,6,100.0,tail_log,50.0,1,2000,1000,2.111809978839709,0.08,1,5.767012687427912,19,True,0.014896938230427328,0.00902823456784834,0.0017245488533719538,0.0071693910003105925,6.071070382760049,5.07672524256609,1.6438458150435753,1232.8133234837521,30,39.6,
BlogFeedback,TabPFN-V3,6,100.0,evt_trim,0.0,1,2000,1000,2.111809978839709,0.08,1,5.767012687427912,0,False,0.02438314251202319,0.0017010434673720492,-0.019575387617467563,-0.07205000589614341,6.129669312775135,5.148225439584255,1.384058295562268,0.28313202227783224,28,39.0,
BlogFeedback,TabICLv2,6,1.0,raw,0.0,1,2000,1000,1.0541876188375285,0.08,145,0.05767012687427912,0,,0.0,0.0,0.0,0.0,5.901587017536164,4.753394422721863,1.2230701803207404,0.17317076913642898,14,0.0,
BlogFeedback,TabICLv2,6,1.0,clip,50.0,1,2000,1000,1.0541876188375285,0.08,145,0.05767012687427912,18,,0.0025142394621592637,0.026579979962377334,0.005433178674303216,-0.08568444774470366,5.858572872638702,4.97783979730606,1.5890130911254887,0.47344140097045906,15,25.3,
BlogFeedback,TabICLv2,6,1.0,clip,200.0,1,2000,1000,1.0541876188375285,0.08,145,0.05767012687427912,0,,0.0,0.0,0.0,0.0,5.901587017536164,4.753394422721863,1.2230701803207404,0.17317076913642898,14,21.9,
BlogFeedback,TabICLv2,6,1.0,log,0.0,1,2000,1000,1.0541876188375285,0.08,145,0.05767012687427912,0,,-0.038852247321316404,-0.03449876046988262,-0.08599905220321172,0.2152392930091878,5.878642458674369,4.732989551939232,1.2846603461280552,0.2193475650946213,13,21.1,
BlogFeedback,TabICLv2,6,1.0,tail_log,50.0,1,2000,1000,1.0541876188375285,0.08,145,0.05767012687427912,18,,-0.003829203042696791,0.004556489629196943,0.004354506838376576,-0.01989398624031416,5.882695975780487,4.752884906839034,1.2115291571067062,0.1735090396933918,13,23.1,
BlogFeedback,TabICLv2,6,1.0,evt_trim,0.0,1,2000,1000,1.0541876188375285,0.08,145,0.05767012687427912,0,,0.0,0.0,0.0,0.0,5.901587017536164,4.753394422721863,1.2230701803207404,0.17317076913642898,14,25.1,
BlogFeedback,TabICLv2,6,100.0,raw,0.0,1,2000,1000,2.111809978839709,0.08,1,5.767012687427912,0,False,-0.0016826702109952456,0.01423670084850278,-0.11911519846513113,-0.0017372914118892982,5.859441946983337,4.74796198797226,1.3044563461399084,0.21626647819900524,16,24.2,
BlogFeedback,TabICLv2,6,100.0,clip,50.0,1,2000,1000,2.111809978839709,0.08,1,5.767012687427912,19,True,0.0012073966677513845,0.029749014969696758,0.013499135555871424,-0.07529552646059079,5.86119024848938,4.945378480911255,1.5970602162933356,0.48253011398315443,15,26.2,
BlogFeedback,TabICLv2,6,100.0,clip,200.0,1,2000,1000,2.111809978839709,0.08,1,5.767012687427912,1,True,-0.005275869270067219,-0.009573081119070046,-0.022978300143264817,-0.0001802137104562659,5.865719569206238,4.866068212985993,1.298913624668122,0.18567584442901625,15,24.0,
BlogFeedback,TabICLv2,6,100.0,log,0.0,1,2000,1000,2.111809978839709,0.08,1,5.767012687427912,0,True,-0.04652451505134539,-0.030104943357958977,-0.05442192013579922,0.32316354133633096,5.879584424926174,4.68571855483382,1.3217671020451893,0.25869985794772105,11,25.6,
BlogFeedback,TabICLv2,6,100.0,tail_log,50.0,1,2000,1000,2.111809978839709,0.08,1,5.767012687427912,19,True,-0.011381218286430152,-0.0185492764157699,-0.02358893745416172,-0.020163665024136537,5.840067755171095,4.898448446344812,1.3054371318061762,0.18329650989742105,14,24.4,
BlogFeedback,TabICLv2,6,100.0,evt_trim,0.0,1,2000,1000,2.111809978839709,0.08,1,5.767012687427912,0,False,-0.0016826702109952456,0.01423670084850278,-0.11911519846513113,-0.0017372914118892982,5.859441946983337,4.74796198797226,1.3044563461399084,0.21626647819900524,16,25.1,
BlogFeedback,GBM,6,1.0,raw,0.0,1,2000,1000,1.0541876188375285,0.08,145,0.05767012687427912,0,,0.0,0.0,0.0,0.0,6.184559548903244,5.3276888173845895,1.9006531158682438,0.612339429573714,18,0.0,
BlogFeedback,GBM,6,1.0,clip,50.0,1,2000,1000,1.0541876188375285,0.08,145,0.05767012687427912,18,,0.0015490103630952938,0.036648563138590086,0.07949921518452842,0.027888440921740365,6.258454948360147,5.654608877448513,2.350786988444611,0.8290131094491153,19,17.4,
BlogFeedback,GBM,6,1.0,clip,200.0,1,2000,1000,1.0541876188375285,0.08,145,0.05767012687427912,0,,0.0,0.0,0.0,0.0,6.184559548903244,5.3276888173845895,1.9006531158682438,0.612339429573714,18,16.5,
BlogFeedback,GBM,6,1.0,log,0.0,1,2000,1000,1.0541876188375285,0.08,145,0.05767012687427912,0,,-0.029790551695840148,0.01878660074591667,-0.0029485650834512487,-1.3881131107256083e-09,6.294971167642164,5.580057859184708,2.054531944378355,0.5104260909851079,17,16.9,
BlogFeedback,GBM,6,1.0,tail_log,50.0,1,2000,1000,1.0541876188375285,0.08,145,0.05767012687427912,18,,-0.0012662988335974707,0.03100787606676748,0.1929496075618006,-9.651504051545893e-10,6.220821189243732,5.385326584835185,2.0003872394292492,0.631450885511179,16,17.5,
BlogFeedback,GBM,6,1.0,evt_trim,0.0,1,2000,1000,1.0541876188375285,0.08,145,0.05767012687427912,0,,0.0,0.0,0.0,0.0,6.184559548903244,5.3276888173845895,1.9006531158682438,0.612339429573714,18,17.4,
BlogFeedback,GBM,6,100.0,raw,0.0,1,2000,1000,2.111809978839709,0.08,1,5.767012687427912,0,False,0.0,0.007399947988239013,0.6009826287062102,0.02788844526584848,6.184559548903244,5.856533391215357,2.341078347315095,0.29857971471576944,13,15.5,
BlogFeedback,GBM,6,100.0,clip,50.0,1,2000,1000,2.111809978839709,0.08,1,5.767012687427912,19,True,0.0015490103630952938,0.055174082362716426,0.6248712103825586,0.19329058229166932,6.258454948360147,5.678039618042304,2.738792492914783,0.811022186805041,15,15.5,
BlogFeedback,GBM,6,100.0,clip,200.0,1,2000,1000,2.111809978839709,0.08,1,5.767012687427912,1,True,0.0,0.007399947988239013,0.6009826287062102,0.02788844526584848,6.184559548903244,5.475440113878534,2.302968984851248,0.29476877846938476,13,18.1,
BlogFeedback,GBM,6,100.0,log,0.0,1,2000,1000,2.111809978839709,0.08,1,5.767012687427912,0,True,-0.029790551695840148,0.01878660074591667,0.8654458441096671,0.02788844322879052,6.294971167642164,6.379265833314739,2.415928271825865,0.2927050395845659,13,20.6,
BlogFeedback,GBM,6,100.0,tail_log,50.0,1,2000,1000,2.111809978839709,0.08,1,5.767012687427912,19,True,-0.0012662988335974707,0.013581508564669262,0.7869949515111919,0.027888443504078216,6.220821189243732,5.9406896933069016,2.373158965554213,0.2928937855848315,13,20.9,
BlogFeedback,GBM,6,100.0,evt_trim,0.0,1,2000,1000,2.111809978839709,0.08,1,5.767012687427912,0,False,0.0,0.007399947988239013,0.6009826287062102,0.02788844526584848,6.184559548903244,5.856533391215357,2.341078347315095,0.29857971471576944,13,22.1,
BlogFeedback,TabPFN-V3,7,1.0,raw,0.0,1,2000,1000,1.059335618208761,0.076,148,0.05353319057815846,0,,0.0,0.0,0.0,0.0,6.158860103756189,5.488235481762886,1.7497504514932638,0.3412697477455141,31,0.0,
BlogFeedback,TabPFN-V3,7,1.0,clip,50.0,1,2000,1000,1.059335618208761,0.076,148,0.05353319057815846,21,,-0.005693013677045799,0.028942630024348395,-0.036272932486128756,-0.08206428541560001,6.2067157912552355,5.769746825873852,1.7672354822933678,0.20317772814369214,31,41.7,
BlogFeedback,TabPFN-V3,7,1.0,clip,200.0,1,2000,1000,1.059335618208761,0.076,148,0.05353319057815846,0,,0.0,0.0,0.0,0.0,6.158860103756189,5.488235481762886,1.7497504514932638,0.3412697477455141,31,41.7,
BlogFeedback,TabPFN-V3,7,1.0,log,0.0,1,2000,1000,1.059335618208761,0.076,148,0.05353319057815846,0,,-0.08647034100333108,0.10532842884303269,0.07110047569131085,0.1881178649827719,6.150432979740298,5.594132360931119,1.708569573300595,0.39339431071816333,22,40.5,
BlogFeedback,TabPFN-V3,7,1.0,tail_log,50.0,1,2000,1000,1.059335618208761,0.076,148,0.05353319057815846,21,,0.01389618238216107,0.005431246753425908,-0.00022889346806186615,0.004507501082850231,6.15545999974577,5.5136663337169285,1.9030887261336662,294.12820630361165,29,39.4,
BlogFeedback,TabPFN-V3,7,1.0,evt_trim,0.0,1,2000,1000,1.059335618208761,0.076,148,0.05353319057815846,0,,0.0,0.0,0.0,0.0,6.158860103756189,5.488235481762886,1.7497504514932638,0.3412697477455141,31,39.7,
BlogFeedback,TabPFN-V3,7,100.0,raw,0.0,1,2000,1000,2.057676633150568,0.076,1,5.353319057815845,0,False,0.034559880054769024,0.03797038541392585,0.05748274024336939,0.019885738697839862,6.250432839602232,5.557150732040405,1.935408215641976,0.3737516032352449,26,37.7,
BlogFeedback,TabPFN-V3,7,100.0,clip,50.0,1,2000,1000,2.057676633150568,0.076,1,5.353319057815845,22,True,-0.005119534615539174,0.03386913124841212,-0.0354109121586479,-0.08990280876372798,6.219724196791649,5.752436280632018,1.7378488168311124,0.20392448402643218,30,34.2,
BlogFeedback,TabPFN-V3,7,100.0,clip,200.0,1,2000,1000,2.057676633150568,0.076,1,5.353319057815845,1,True,0.01846749543331093,0.023435111299983814,0.007889570781738936,0.016055889985037892,6.146555234074593,5.520178185880185,1.8208545441830166,0.33896441525983834,25,38.6,
BlogFeedback,TabPFN-V3,7,100.0,log,0.0,1,2000,1000,2.057676633150568,0.076,1,5.353319057815845,0,True,-0.0795563593017937,0.11831160300686774,0.09165881605335457,0.23103938455831194,6.184276392535646,5.687964755435123,1.6395522576259032,0.6989498560983599,22,36.4,
BlogFeedback,TabPFN-V3,7,100.0,tail_log,50.0,1,2000,1000,2.057676633150568,0.076,1,5.353319057815845,22,True,0.01248281266654871,0.0067995239979674535,0.009300813777569535,0.016363160937599514,6.211549912746418,5.4840369880369,1.9775734993384106,2811.2618939467975,28,37.4,
BlogFeedback,TabPFN-V3,7,100.0,evt_trim,0.0,1,2000,1000,2.057676633150568,0.076,1,5.353319057815845,0,False,0.034559880054769024,0.03797038541392585,0.05748274024336939,0.019885738697839862,6.250432839602232,5.557150732040405,1.935408215641976,0.3737516032352449,26,38.0,
BlogFeedback,TabICLv2,7,1.0,raw,0.0,1,2000,1000,1.059335618208761,0.076,148,0.05353319057815846,0,,0.0,0.0,0.0,0.0,6.041802314758301,5.380592866039276,1.5742526505088812,0.2780271413764955,14,0.0,
BlogFeedback,TabICLv2,7,1.0,clip,50.0,1,2000,1000,1.059335618208761,0.076,148,0.05353319057815846,21,,-0.006236312996231345,0.001876484661384751,-0.03175473093021143,-0.11275669384994269,5.991873159885406,5.545284497737884,2.2322861971950534,0.9446307491302491,21,24.1,
BlogFeedback,TabICLv2,7,1.0,clip,200.0,1,2000,1000,1.059335618208761,0.076,148,0.05353319057815846,0,,0.0,0.0,0.0,0.0,6.041802314758301,5.380592866039276,1.5742526505088812,0.2780271413764955,14,23.3,
BlogFeedback,TabICLv2,7,1.0,log,0.0,1,2000,1000,1.059335618208761,0.076,148,0.05353319057815846,0,,-0.03623694501224333,-0.02886056926249117,-0.06222625971753282,0.1634401597982773,6.109024566516495,5.383332408469267,1.7519698207076717,0.2651642301063439,18,23.8,
BlogFeedback,TabICLv2,7,1.0,tail_log,50.0,1,2000,1000,1.059335618208761,0.076,148,0.05353319057815846,21,,-0.0033032862784703864,0.0008192194138009904,-0.013593634930233509,-0.032071932143316606,6.111549953460694,5.343197488103936,1.6090764520609253,0.33515582630476287,13,23.7,
BlogFeedback,TabICLv2,7,1.0,evt_trim,0.0,1,2000,1000,1.059335618208761,0.076,148,0.05353319057815846,0,,0.0,0.0,0.0,0.0,6.041802314758301,5.380592866039276,1.5742526505088812,0.2780271413764955,14,23.7,
BlogFeedback,TabICLv2,7,100.0,raw,0.0,1,2000,1000,2.057676633150568,0.076,1,5.353319057815845,0,False,0.00594921909170139,0.009228267552107601,-0.02630102673705786,0.11932434578534064,5.965665772914886,5.7967929788589485,1.7582211236858374,0.3229432918872835,15,24.0,
BlogFeedback,TabICLv2,7,100.0,clip,50.0,1,2000,1000,2.057676633150568,0.076,1,5.353319057815845,22,True,-0.002831004948428769,0.004820870288627524,-0.032171906430880526,-0.10841801752988889,5.967319559574127,5.522168250370025,2.233484748859406,0.9303899428634645,21,23.9,
BlogFeedback,TabICLv2,7,100.0,clip,200.0,1,2000,1000,2.057676633150568,0.076,1,5.353319057815845,1,True,0.0016100001468107674,0.015342655256331762,0.019522557850305034,0.039928767329682105,5.921846745967865,5.471954473400116,1.565159681215287,0.2556449395904542,13,21.6,
BlogFeedback,TabICLv2,7,100.0,log,0.0,1,2000,1000,2.057676633150568,0.076,1,5.353319057815845,0,True,-0.03181472926300899,-0.02583729824654417,-0.05023777766284533,0.1853082138184336,6.091660646886645,5.408155019731746,1.8109303422296084,0.3249080135033718,16,20.0,
BlogFeedback,TabICLv2,7,100.0,tail_log,50.0,1,2000,1000,2.057676633150568,0.076,1,5.353319057815845,22,True,-0.0021055489128227085,0.0078122481490840705,0.0053111380101158075,0.0036480745212952538,5.913700999921799,5.499686575974238,1.6072683377921306,0.2949079494608543,13,21.0,
BlogFeedback,TabICLv2,7,100.0,evt_trim,0.0,1,2000,1000,2.057676633150568,0.076,1,5.353319057815845,0,False,0.00594921909170139,0.009228267552107601,-0.02630102673705786,0.11932434578534064,5.965665772914886,5.7967929788589485,1.7582211236858374,0.3229432918872835,15,23.8,
BlogFeedback,GBM,7,1.0,raw,0.0,1,2000,1000,1.059335618208761,0.076,148,0.05353319057815846,0,,0.0,0.0,0.0,0.0,6.544522427761809,5.929057959278444,1.9955169933819747,0.856989677528971,18,0.0,
BlogFeedback,GBM,7,1.0,clip,50.0,1,2000,1000,1.059335618208761,0.076,148,0.05353319057815846,21,,-0.004645438069557316,0.026151599974332605,-0.03328109721396264,-0.518183149636398,6.483935058515122,6.4240183624311324,2.919259376993398,1.1466750784368307,23,18.6,
BlogFeedback,GBM,7,1.0,clip,200.0,1,2000,1000,1.059335618208761,0.076,148,0.05353319057815846,0,,0.0,0.0,0.0,0.0,6.544522427761809,5.929057959278444,1.9955169933819747,0.856989677528971,18,16.5,
BlogFeedback,GBM,7,1.0,log,0.0,1,2000,1000,1.059335618208761,0.076,148,0.05353319057815846,0,,-0.01667083532423217,0.015696477989429754,-0.09887566398033755,-0.08236980977742044,6.261220338000051,6.365133423184567,2.4368339852597773,0.5438488518745725,21,15.9,
BlogFeedback,GBM,7,1.0,tail_log,50.0,1,2000,1000,1.059335618208761,0.076,148,0.05353319057815846,21,,-0.0060431841007953895,0.000784732776550661,0.02615536957918316,-0.08627869202242483,6.487624562640486,5.993642337475867,2.5454105956581845,0.6810919394601397,25,17.3,
BlogFeedback,GBM,7,1.0,evt_trim,0.0,1,2000,1000,1.059335618208761,0.076,148,0.05353319057815846,0,,0.0,0.0,0.0,0.0,6.544522427761809,5.929057959278444,1.9955169933819747,0.856989677528971,18,15.9,
BlogFeedback,GBM,7,100.0,raw,0.0,1,2000,1000,2.057676633150568,0.076,1,5.353319057815845,0,False,0.00020189796965708432,0.01438560028393687,0.2905511203643909,-0.08647052809327825,6.542720851496,6.168867021818658,2.173653849023349,0.973771000839863,14,18.4,
BlogFeedback,GBM,7,100.0,clip,50.0,1,2000,1000,2.057676633150568,0.076,1,5.353319057815845,22,True,-0.005259547489413258,0.03202771553740978,-0.0746293902504246,-0.518183149636398,6.423628542867096,6.464964173155951,2.873793793726826,1.1466750784368307,24,16.2,
BlogFeedback,GBM,7,100.0,clip,200.0,1,2000,1000,2.057676633150568,0.076,1,5.353319057815845,1,True,0.00020189796965708432,-0.018191419891329684,0.30067741642116974,-0.08647052809327825,6.542720851496,5.864857062623637,1.9985921095060357,0.9716127148998329,15,16.8,
BlogFeedback,GBM,7,100.0,log,0.0,1,2000,1000,2.057676633150568,0.076,1,5.353319057815845,0,True,-0.019591482862730242,0.0030542154420376668,0.2077894804812422,-0.10201765700612345,6.178264417734238,6.310945789375617,2.2806415380947445,0.9885792206293192,17,16.6,
BlogFeedback,GBM,7,100.0,tail_log,50.0,1,2000,1000,2.057676633150568,0.076,1,5.353319057815845,22,True,-0.005824532840843378,0.016805703145101474,0.07077029335467624,-0.0984468862541293,6.48622973871459,6.080466957515285,2.034444753487405,0.9778829491486605,17,15.5,
BlogFeedback,GBM,7,100.0,evt_trim,0.0,1,2000,1000,2.057676633150568,0.076,1,5.353319057815845,0,False,0.00020189796965708432,0.01438560028393687,0.2905511203643909,-0.08647052809327825,6.542720851496,6.168867021818658,2.173653849023349,0.973771000839863,14,16.1,
BlogFeedback,TabPFN-V3,8,1.0,raw,0.0,1,2000,1000,1.0768207717132097,0.081,50,0.1544256120527307,0,,0.0,0.0,0.0,0.0,6.660644941002131,5.37040630506277,1.518991180926562,0.4636196382653715,26,0.0,
BlogFeedback,TabPFN-V3,8,1.0,clip,50.0,1,2000,1000,1.0768207717132097,0.081,50,0.1544256120527307,16,,-0.008439418683044007,0.012213340076011808,-0.04778512437694721,-0.060586573900383314,6.742111166030169,5.590664652216435,1.5898168539011486,0.44077618023872395,25,31.7,
BlogFeedback,TabPFN-V3,8,1.0,clip,200.0,1,2000,1000,1.0768207717132097,0.081,50,0.1544256120527307,0,,0.0,0.0,0.0,0.0,6.660644941002131,5.37040630506277,1.518991180926562,0.4636196382653715,26,36.0,
BlogFeedback,TabPFN-V3,8,1.0,log,0.0,1,2000,1000,1.0768207717132097,0.081,50,0.1544256120527307,0,,-0.06688585359092597,0.1078918917413358,0.11443903332092645,0.2227043162255724,6.701910393809626,5.213536156779505,1.4705200162900613,0.41033042421464005,9,37.6,
BlogFeedback,TabPFN-V3,8,1.0,tail_log,50.0,1,2000,1000,1.0768207717132097,0.081,50,0.1544256120527307,16,,0.019391582271723492,0.0005650386549893832,-0.013985937312532132,-0.018735869694743057,6.639394369651719,5.38092019965415,1.654489564613205,3.4081233259196178,26,38.8,
BlogFeedback,TabPFN-V3,8,1.0,evt_trim,0.0,1,2000,1000,1.0768207717132097,0.081,50,0.1544256120527307,0,,0.0,0.0,0.0,0.0,6.660644941002131,5.37040630506277,1.518991180926562,0.4636196382653715,26,38.6,
BlogFeedback,TabPFN-V3,8,100.0,raw,0.0,1,2000,1000,5.922899038134819,0.081,1,15.44256120527307,0,False,0.08992834978967296,0.11534199703899434,0.014094069398646762,-0.04475651754667867,6.695643227607012,5.346922457671165,1.674331497650147,0.3318241828513147,24,38.1,
BlogFeedback,TabPFN-V3,8,100.0,clip,50.0,1,2000,1000,5.922899038134819,0.081,1,15.44256120527307,17,True,-0.004996682517496569,0.011968959092267039,-0.042300429653536586,-0.05323602911189938,6.721364917308092,5.584649810397624,1.593380059317351,0.45505390818715113,26,38.4,
BlogFeedback,TabPFN-V3,8,100.0,clip,200.0,1,2000,1000,5.922899038134819,0.081,1,15.44256120527307,1,True,0.028187135262506383,0.024551305953675027,0.011707861683479242,0.015016252933017664,6.722531801879406,5.41336113665104,1.5603868671631822,0.46999129365968717,24,39.0,
BlogFeedback,TabPFN-V3,8,100.0,log,0.0,1,2000,1000,5.922899038134819,0.081,1,15.44256120527307,0,True,-0.06945244382308315,0.10755543746298045,0.09755376999822853,0.25245371016107765,6.657133326479525,5.22381388476824,1.4334154123936218,0.5011965952210947,12,38.5,
BlogFeedback,TabPFN-V3,8,100.0,tail_log,50.0,1,2000,1000,5.922899038134819,0.081,1,15.44256120527307,17,True,0.009609498247946284,0.02520232666372169,0.016176687034219532,0.02273634500272877,6.744809570714119,5.362781114391829,1.6679805866368305,24.604407238492694,21,38.3,
BlogFeedback,TabPFN-V3,8,100.0,evt_trim,0.0,1,2000,1000,5.922899038134819,0.081,1,15.44256120527307,0,False,0.08992834978967296,0.11534199703899434,0.014094069398646762,-0.04475651754667867,6.695643227607012,5.346922457671165,1.674331497650147,0.3318241828513147,24,33.2,
BlogFeedback,TabICLv2,8,1.0,raw,0.0,1,2000,1000,1.0768207717132097,0.081,50,0.1544256120527307,0,,0.0,0.0,0.0,0.0,6.651871151924134,5.350450322628022,1.440921444301606,0.4044827287673952,8,0.0,
BlogFeedback,TabICLv2,8,1.0,clip,50.0,1,2000,1000,1.0768207717132097,0.081,50,0.1544256120527307,16,,0.003950413986839949,-0.003154327391231175,-0.009611997032792585,-0.07298800141400247,6.647809993743897,5.752824702835082,2.121413733434678,0.8333904788770676,18,25.1,
BlogFeedback,TabICLv2,8,1.0,clip,200.0,1,2000,1000,1.0768207717132097,0.081,50,0.1544256120527307,0,,0.0,0.0,0.0,0.0,6.651871151924134,5.350450322628022,1.440921444301606,0.4044827287673952,8,24.4,
BlogFeedback,TabICLv2,8,1.0,log,0.0,1,2000,1000,1.0768207717132097,0.081,50,0.1544256120527307,0,,-0.06707431716376101,-0.03858351712430997,-0.024104234499567105,0.2847351201745727,6.604847389061839,5.2589192029269345,1.4572312749421321,0.28454290398832427,9,25.4,
BlogFeedback,TabICLv2,8,1.0,tail_log,50.0,1,2000,1000,1.0768207717132097,0.081,50,0.1544256120527307,16,,-0.0013239480986465667,-0.007576001196005416,-0.0036150577009085687,-0.018168300051498096,6.694124661572687,5.391063687041878,1.4291066059951583,0.4077338286921935,9,24.8,
BlogFeedback,TabICLv2,8,1.0,evt_trim,0.0,1,2000,1000,1.0768207717132097,0.081,50,0.1544256120527307,0,,0.0,0.0,0.0,0.0,6.651871151924134,5.350450322628022,1.440921444301606,0.4044827287673952,8,24.5,
BlogFeedback,TabICLv2,8,100.0,raw,0.0,1,2000,1000,5.922899038134819,0.081,1,15.44256120527307,0,False,0.0335258393106327,0.025323988660066375,0.0008271647340321116,0.4636203428555514,6.5962638325691225,5.230170911884307,1.3877109838485726,0.25223985831832907,13,24.5,
BlogFeedback,TabICLv2,8,100.0,clip,50.0,1,2000,1000,5.922899038134819,0.081,1,15.44256120527307,17,True,0.004558804082214592,-0.0019189893150406254,-0.000863797977416702,-0.057893841594998836,6.645892812728881,5.729278040599824,2.1154431150722512,0.8185523736476898,18,24.2,
BlogFeedback,TabICLv2,8,100.0,clip,200.0,1,2000,1000,5.922899038134819,0.081,1,15.44256120527307,1,True,-0.0027757008074955503,0.0016758848382300057,-0.008651460435952874,0.010915978901535936,6.55363961315155,5.161919114208221,1.4082613902950296,0.305489251851082,8,24.6,
BlogFeedback,TabICLv2,8,100.0,log,0.0,1,2000,1000,5.922899038134819,0.081,1,15.44256120527307,0,True,-0.06675158824287963,-0.04253730672556086,0.004468537472004578,0.3606657747485803,6.580681292613325,5.338009931720327,1.5968739984513218,0.35491789358866876,9,25.5,
BlogFeedback,TabICLv2,8,100.0,tail_log,50.0,1,2000,1000,5.922899038134819,0.081,1,15.44256120527307,17,True,-0.00892733840830965,-0.013163848558227503,-0.03053359986179382,-0.018959465648016028,6.473526270257846,5.2304386355592785,1.4476111457050373,0.32572115894762804,9,24.5,
BlogFeedback,TabICLv2,8,100.0,evt_trim,0.0,1,2000,1000,5.922899038134819,0.081,1,15.44256120527307,0,False,0.0335258393106327,0.025323988660066375,0.0008271647340321116,0.4636203428555514,6.5962638325691225,5.230170911884307,1.3877109838485726,0.25223985831832907,13,24.3,
BlogFeedback,GBM,8,1.0,raw,0.0,1,2000,1000,1.0768207717132097,0.081,50,0.1544256120527307,0,,0.0,0.0,0.0,0.0,7.01578876858191,5.538011336692598,1.8624405968518445,0.5810589003839653,16,0.0,
BlogFeedback,GBM,8,1.0,clip,50.0,1,2000,1000,1.0768207717132097,0.081,50,0.1544256120527307,16,,0.011697625472636416,-0.007565032422953664,0.14345243559465468,-0.24418254927219826,6.879428849479237,5.946433178987419,2.6729331383489536,1.4692715129757898,23,16.8,
BlogFeedback,GBM,8,1.0,clip,200.0,1,2000,1000,1.0768207717132097,0.081,50,0.1544256120527307,0,,0.0,0.0,0.0,0.0,7.01578876858191,5.538011336692598,1.8624405968518445,0.5810589003839653,16,16.6,
BlogFeedback,GBM,8,1.0,log,0.0,1,2000,1000,1.0768207717132097,0.081,50,0.1544256120527307,0,,0.011190354747787453,-0.03953693641434876,0.3003241388812097,-0.022427637279889896,6.627579876027207,5.732880774600815,2.2908770149485056,0.5883085560906882,19,16.8,
BlogFeedback,GBM,8,1.0,tail_log,50.0,1,2000,1000,1.0768207717132097,0.081,50,0.1544256120527307,16,,0.005191464284300998,-0.009218557828408884,0.06040692371350858,-0.021929952345924892,6.951880028069492,5.540477319131758,1.9496864914229983,0.5884630108473734,15,16.8,
BlogFeedback,GBM,8,1.0,evt_trim,0.0,1,2000,1000,1.0768207717132097,0.081,50,0.1544256120527307,0,,0.0,0.0,0.0,0.0,7.01578876858191,5.538011336692598,1.8624405968518445,0.5810589003839653,16,15.8,
BlogFeedback,GBM,8,100.0,raw,0.0,1,2000,1000,5.922899038134819,0.081,1,15.44256120527307,0,False,0.0,0.0,0.3442824380827832,0.008209956405509531,7.01578876858191,5.538011336692598,2.6557833274256275,0.7000545504329362,13,16.7,
BlogFeedback,GBM,8,100.0,clip,50.0,1,2000,1000,5.922899038134819,0.081,1,15.44256120527307,17,True,0.011697625472636416,-0.007565032422953664,0.05299136555081058,-0.24418254927219826,6.879428849479237,5.946433178987419,2.62127359055989,1.4339417230741325,23,16.9,
BlogFeedback,GBM,8,100.0,clip,200.0,1,2000,1000,5.922899038134819,0.081,1,15.44256120527307,1,True,0.0,0.0,0.37133003590651403,0.008209956405509531,7.01578876858191,5.538011336692598,2.111907141497036,0.6638767522324384,12,19.4,
BlogFeedback,GBM,8,100.0,log,0.0,1,2000,1000,5.922899038134819,0.081,1,15.44256120527307,0,True,0.011190354747787453,-0.03953693641434876,0.06435932848378609,-0.02762913320013543,6.627579876027207,5.732880774600815,2.0421847079721154,0.7380614360444158,18,17.5,
BlogFeedback,GBM,8,100.0,tail_log,50.0,1,2000,1000,5.922899038134819,0.081,1,15.44256120527307,17,True,0.005191464284300998,-0.009218557828408884,-0.01740044451164285,0.006611150826386178,6.951880028069492,5.540477319131758,2.0179237390481877,0.7060403321561789,15,17.1,
BlogFeedback,GBM,8,100.0,evt_trim,0.0,1,2000,1000,5.922899038134819,0.081,1,15.44256120527307,0,False,0.0,0.0,0.3442824380827832,0.008209956405509531,7.01578876858191,5.538011336692598,2.6557833274256275,0.7000545504329362,13,17.6,
BlogFeedback,TabPFN-V3,9,1.0,raw,0.0,1,2000,1000,1.0384043800605232,0.084,115,0.09816753926701571,0,,0.0,0.0,0.0,0.0,6.490357244461775,4.60149771848917,1.1936176579034337,0.268862286912203,26,0.0,
BlogFeedback,TabPFN-V3,9,1.0,clip,50.0,1,2000,1000,1.0384043800605232,0.084,115,0.09816753926701571,18,,-0.020934122421634088,0.010142604946395063,-0.008087554168564767,-0.011095659840976727,6.532748323202133,5.636551042044163,2.0803103103995326,0.3634417591590883,29,39.6,
BlogFeedback,TabPFN-V3,9,1.0,clip,200.0,1,2000,1000,1.0384043800605232,0.084,115,0.09816753926701571,0,,0.0,0.0,0.0,0.0,6.490357244461775,4.60149771848917,1.1936176579034337,0.268862286912203,26,39.3,
BlogFeedback,TabPFN-V3,9,1.0,log,0.0,1,2000,1000,1.0384043800605232,0.084,115,0.09816753926701571,0,,-0.08533025638719635,0.0999808814783942,0.10712006858654957,0.28978702771876264,6.536692739355011,4.715564072424109,1.1725287524660561,1.5031293525852247,16,39.4,
BlogFeedback,TabPFN-V3,9,1.0,tail_log,50.0,1,2000,1000,1.0384043800605232,0.084,115,0.09816753926701571,18,,-0.0015140619235538872,0.00013423343697678165,-0.0054803515726568885,-0.005342035166360725,6.476708278905224,4.6050419281499035,1.8761948147213374,2120.2841428622437,26,34.6,
BlogFeedback,TabPFN-V3,9,1.0,evt_trim,0.0,1,2000,1000,1.0384043800605232,0.084,115,0.09816753926701571,0,,0.0,0.0,0.0,0.0,6.490357244461775,4.60149771848917,1.1936176579034337,0.268862286912203,26,34.6,
BlogFeedback,TabPFN-V3,9,100.0,raw,0.0,1,2000,1000,2.8927359393591683,0.084,1,9.81675392670157,0,False,0.13752454689087007,0.05098712549276803,0.03952010863391915,0.04077097476365509,6.538187886476517,5.012415237951278,1.2903316283631332,0.3034199054174425,34,39.1,
BlogFeedback,TabPFN-V3,9,100.0,clip,50.0,1,2000,1000,2.8927359393591683,0.084,1,9.81675392670157,19,True,-0.01516984216173144,0.002515422795248663,-0.010320605387447411,-0.007938074567078006,6.513891468465328,5.696909082555771,2.057835445734263,0.3839804772944452,29,39.7,
BlogFeedback,TabPFN-V3,9,100.0,clip,200.0,1,2000,1000,2.8927359393591683,0.084,1,9.81675392670157,1,True,0.001279344716701941,0.0029723093712522566,0.004057382795479783,0.02195691926745883,6.418795127302408,4.730316030299663,1.2398540025806433,0.28519127107357994,26,39.3,
BlogFeedback,TabPFN-V3,9,100.0,log,0.0,1,2000,1000,2.8927359393591683,0.084,1,9.81675392670157,0,True,-0.07153165062386735,0.10577729518869035,0.11885236370447552,0.3162941134444414,6.523983943935653,4.761712382885619,1.3819809082273367,21280.118121350926,14,39.3,
BlogFeedback,TabPFN-V3,9,100.0,tail_log,50.0,1,2000,1000,2.8927359393591683,0.084,1,9.81675392670157,19,True,-0.004465517981093401,-0.0031007481455906307,0.005828165065431258,0.033348920339433014,6.385678056879953,4.91834030787561,28.94692730886784,77126.1432025219,29,40.3,
BlogFeedback,TabPFN-V3,9,100.0,evt_trim,0.0,1,2000,1000,2.8927359393591683,0.084,1,9.81675392670157,0,False,0.13752454689087007,0.05098712549276803,0.03952010863391915,0.04077097476365509,6.538187886476517,5.012415237951278,1.2903316283631332,0.3034199054174425,34,39.9,
BlogFeedback,TabICLv2,9,1.0,raw,0.0,1,2000,1000,1.0384043800605232,0.084,115,0.09816753926701571,0,,0.0,0.0,0.0,0.0,6.378637280464172,4.805404222393036,1.167967198209763,0.21324419925785076,16,0.0,
BlogFeedback,TabICLv2,9,1.0,clip,50.0,1,2000,1000,1.0384043800605232,0.084,115,0.09816753926701571,18,,-0.0022065120068287297,0.015582617188184024,-0.016232806587064233,-0.08511698741294046,6.531098252773285,5.915606147098542,2.7972825427818306,1.4201308038120268,25,25.8,
BlogFeedback,TabICLv2,9,1.0,clip,200.0,1,2000,1000,1.0384043800605232,0.084,115,0.09816753926701571,0,,0.0,0.0,0.0,0.0,6.378637280464172,4.805404222393036,1.167967198209763,0.21324419925785076,16,25.2,
BlogFeedback,TabICLv2,9,1.0,log,0.0,1,2000,1000,1.0384043800605232,0.084,115,0.09816753926701571,0,,-0.054033238306133685,-0.009964648916760563,0.010298815638204695,0.22422023971108448,6.3801640756474045,4.822600634720776,1.0890575172370245,0.2611197771442454,13,23.0,
BlogFeedback,TabICLv2,9,1.0,tail_log,50.0,1,2000,1000,1.0384043800605232,0.084,115,0.09816753926701571,18,,-0.002679350617676234,-0.0010286614721293531,-0.006882495304240089,-0.021049853978304136,6.409261679843641,4.879457033141989,1.1764033996391166,0.21581559769111305,14,21.2,
BlogFeedback,TabICLv2,9,1.0,evt_trim,0.0,1,2000,1000,1.0384043800605232,0.084,115,0.09816753926701571,0,,0.0,0.0,0.0,0.0,6.378637280464172,4.805404222393036,1.167967198209763,0.21324419925785076,16,22.6,
BlogFeedback,TabICLv2,9,100.0,raw,0.0,1,2000,1000,2.8927359393591683,0.084,1,9.81675392670157,0,False,-0.007659029593929213,0.025425033085833576,-0.03456838218133522,0.1493407805847098,6.4013006548881535,4.99703218793869,1.1541187550258645,0.2230860976018907,19,25.3,
BlogFeedback,TabICLv2,9,100.0,clip,50.0,1,2000,1000,2.8927359393591683,0.084,1,9.81675392670157,19,True,-0.0031866378307881128,0.01800904503784567,-0.008708662422175231,-0.07729903249154974,6.530883337974548,5.924719743347168,2.7717683211517343,1.4138029464387893,25,24.6,
BlogFeedback,TabICLv2,9,100.0,clip,200.0,1,2000,1000,2.8927359393591683,0.084,1,9.81675392670157,1,True,-0.00023099375840955892,0.010324326031984729,0.026029547937290134,0.04080485182152749,6.360923330783844,4.744914062404632,1.0710986468315131,0.21601404288196574,14,25.7,
BlogFeedback,TabICLv2,9,100.0,log,0.0,1,2000,1000,2.8927359393591683,0.084,1,9.81675392670157,0,True,-0.05115633728374412,-0.0017087929272980164,0.03712412567230011,0.2742503982852633,6.374983970535732,4.847374821444966,1.1424021674675897,0.301823710547379,11,24.7,
BlogFeedback,TabICLv2,9,100.0,tail_log,50.0,1,2000,1000,2.8927359393591683,0.084,1,9.81675392670157,19,True,-0.005814168465768563,0.002264840650451596,0.010173633243034247,0.01878920825564815,6.428373859935601,4.825090384965306,1.110601610919753,0.22361617336299167,13,25.3,
BlogFeedback,TabICLv2,9,100.0,evt_trim,0.0,1,2000,1000,2.8927359393591683,0.084,1,9.81675392670157,0,False,-0.007659029593929213,0.025425033085833576,-0.03456838218133522,0.1493407805847098,6.4013006548881535,4.99703218793869,1.1541187550258645,0.2230860976018907,19,24.5,
BlogFeedback,GBM,9,1.0,raw,0.0,1,2000,1000,1.0384043800605232,0.084,115,0.09816753926701571,0,,0.0,0.0,0.0,0.0,6.856404528253476,5.923039870467596,2.4238608542979283,1.101173023340185,21,0.0,
BlogFeedback,GBM,9,1.0,clip,50.0,1,2000,1000,1.0384043800605232,0.084,115,0.09816753926701571,18,,-0.0025730547250641025,0.01882543132515838,0.903377390054817,-3.4953795577543842e-09,6.965117735620078,6.882186418416401,4.09652667272713,2.2969759893206043,19,17.8,
BlogFeedback,GBM,9,1.0,clip,200.0,1,2000,1000,1.0384043800605232,0.084,115,0.09816753926701571,0,,0.0,0.0,0.0,0.0,6.856404528253476,5.923039870467596,2.4238608542979283,1.101173023340185,21,18.0,
BlogFeedback,GBM,9,1.0,log,0.0,1,2000,1000,1.0384043800605232,0.084,115,0.09816753926701571,0,,-0.04192687778344269,0.0005092674485105271,0.6719229724555142,-1.293679245352728e-09,6.5783065039169815,6.569343532398516,2.8663557993639435,1.1263293127104588,14,17.9,
BlogFeedback,GBM,9,1.0,tail_log,50.0,1,2000,1000,1.0384043800605232,0.084,115,0.09816753926701571,18,,0.0005479470787321219,-0.005262033033382631,0.5757124508961626,-9.894810067322862e-10,6.772888366031255,5.86992439390988,2.9195435927595508,1.1200889289132747,17,17.5,
BlogFeedback,GBM,9,1.0,evt_trim,0.0,1,2000,1000,1.0384043800605232,0.084,115,0.09816753926701571,0,,0.0,0.0,0.0,0.0,6.856404528253476,5.923039870467596,2.4238608542979283,1.101173023340185,21,17.0,
BlogFeedback,GBM,9,100.0,raw,0.0,1,2000,1000,2.8927359393591683,0.084,1,9.81675392670157,0,False,-0.014522925069961215,0.006864957306374637,0.572067652276388,0.5375629033567862,7.170475006048377,5.824167594202898,2.935430988291792,0.9037169270307551,17,16.9,
BlogFeedback,GBM,9,100.0,clip,50.0,1,2000,1000,2.8927359393591683,0.084,1,9.81675392670157,19,True,-0.01064587163095821,-0.006085890456411475,0.9197292924585184,-3.4953795577543842e-09,7.194707018967897,6.783828526495777,4.100012506198269,2.2502392233181503,20,18.0,
BlogFeedback,GBM,9,100.0,clip,200.0,1,2000,1000,2.8927359393591683,0.084,1,9.81675392670157,1,True,-0.014522925069961215,0.006864957306374637,0.555351207018952,0.5375629033567862,7.170475006048377,5.824167594202898,2.7419025683231095,0.8717244407396391,16,15.0,
BlogFeedback,GBM,9,100.0,log,0.0,1,2000,1000,2.8927359393591683,0.084,1,9.81675392670157,0,True,-0.03815786462399555,0.007659988902215763,0.7689450563113372,0.3965262376931345,6.69207776350872,6.489001746659258,3.1208373030350147,0.8786774211840289,16,12.7,
BlogFeedback,GBM,9,100.0,tail_log,50.0,1,2000,1000,2.8927359393591683,0.084,1,9.81675392670157,19,True,-0.014522925069961215,0.012641244838258342,0.5689814175248991,0.39949442715248074,7.177977142780839,6.038485027484453,3.1803773789241654,0.8768515395808445,16,19.1,
BlogFeedback,GBM,9,100.0,evt_trim,0.0,1,2000,1000,2.8927359393591683,0.084,1,9.81675392670157,0,False,-0.014522925069961215,0.006864957306374637,0.572067652276388,0.5375629033567862,7.170475006048377,5.824167594202898,2.935430988291792,0.9037169270307551,17,13.4,
