dataset,model,repeat,context,arm,clip_c,n_est,n_fit,n_test,draw_seed,row,sd_shift,natural_shift,share_visible,corrupt_rank,n_touched,reused,d_q50,d_q90,d_q99,d_q999,pb50,pb90,pb99,pb999,n_above99,seconds,reason
freMTPL2sev,TabPFN-V3,0,clean,raw,0.0,1,2000,1000,20261001,-1,3.25826349927359,3.25826349927359,0.9935,,0,False,0.0,0.0,0.0,0.0,834.3896658007812,1175.491861568848,918.0770117904297,551.9088317635158,25,0.0,
freMTPL2sev,TabPFN-V3,0,visible,raw,0.0,1,2000,1000,20261001,1979,3.2348060409436066,3.25826349927359,0.9935,3,0,False,-0.008253056054904846,-0.015257502765827798,0.007897321184074301,0.0061456478210086506,834.9019101599121,1177.942309239746,911.5242440194337,556.4835945799219,25,5.3,
freMTPL2sev,TabPFN-V3,0,random,raw,0.0,1,2000,1000,20261001,278,3.175370829247839,3.25826349927359,0.9935,3,0,False,-0.0027958782537148893,-0.020212524287708054,0.014787774683751444,0.009753138976875641,836.2257262768554,1179.4621469765627,912.45823567959,553.7045614607813,25,9.7,
freMTPL2sev,TabPFN-V3,0,clean,clip,200.0,1,2000,1000,20261001,-1,3.25826349927359,3.25826349927359,0.9935,,3,False,-0.015294899699711728,-0.04086684333480553,0.14593169038491316,-0.09007937223788176,824.1195402282716,1178.899840091797,885.8490173666016,549.9267732459376,21,9.2,
freMTPL2sev,TabPFN-V3,0,visible,clip,200.0,1,2000,1000,20261001,1979,3.2348060409436066,3.25826349927359,0.9935,3,4,False,-0.015317458127558642,-0.043149591667072024,0.14387621220711902,-0.025170335873307116,824.0631388647462,1179.1326473989259,883.0922800570313,530.2987716580469,20,11.5,
freMTPL2sev,TabPFN-V3,0,random,clip,200.0,1,2000,1000,20261001,278,3.175370829247839,3.25826349927359,0.9935,3,4,False,-0.016187956758697032,-0.042214631852031066,0.14920881576704115,-0.02436461057487414,824.0984297326661,1179.6155738686523,886.3281115658206,530.4815298924219,21,10.3,
freMTPL2sev,TabICLv2,0,clean,raw,0.0,1,2000,1000,20261001,-1,3.25826349927359,3.25826349927359,0.9935,,0,False,0.0,0.0,0.0,0.0,862.7490584667969,1192.3502037392575,873.378784939844,536.0971238650782,12,0.0,
freMTPL2sev,TabICLv2,0,visible,raw,0.0,1,2000,1000,20261001,1979,3.2348060409436066,3.25826349927359,0.9935,3,0,False,0.0008505128893276302,-0.03488229243665311,-0.009522180865452572,0.011539574573201476,864.9705551367188,1201.4800240322265,898.6080784603517,537.4473811795314,12,5.7,
freMTPL2sev,TabICLv2,0,random,raw,0.0,1,2000,1000,20261001,278,3.175370829247839,3.25826349927359,0.9935,3,0,False,0.007597746532665408,-0.03653056610047021,0.12536767189785558,0.15371790301540406,865.7165162988282,1220.1834202871094,985.003905589258,540.4945052459375,11,5.9,
freMTPL2sev,TabICLv2,0,clean,clip,200.0,1,2000,1000,20261001,-1,3.25826349927359,3.25826349927359,0.9935,,3,False,0.164163605621861,-0.07709339003016197,0.1983059368940449,-0.3370012933829274,825.6781933679199,1182.8372835927735,821.7381048666018,560.8609596160547,11,5.9,
freMTPL2sev,TabICLv2,0,visible,clip,200.0,1,2000,1000,20261001,1979,3.2348060409436066,3.25826349927359,0.9935,3,4,False,0.16515244023815717,-0.06278406822418069,0.26790386280921796,-0.29172364494696046,825.8939689001464,1181.4313005043944,824.2621462582033,550.3557465545312,10,5.7,
freMTPL2sev,TabICLv2,0,random,clip,200.0,1,2000,1000,20261001,278,3.175370829247839,3.25826349927359,0.9935,3,4,False,0.1644979553100177,-0.07964006160927392,0.22690190586002246,-0.3074995577806079,825.9385528613283,1182.5660264663086,821.7973439486329,552.4212248533594,11,5.6,
freMTPL2sev,GBM,0,clean,raw,0.0,1,2000,1000,20261001,-1,3.25826349927359,3.25826349927359,0.9935,,0,False,0.0,0.0,0.0,0.0,823.7999886664976,1254.697225476233,1011.9340030159597,466.34145441806226,15,0.0,
freMTPL2sev,GBM,0,visible,raw,0.0,1,2000,1000,20261001,1979,3.2348060409436066,3.25826349927359,0.9935,3,0,False,0.0,0.011699398386317079,0.011541373416819743,0.07624076364903482,823.7999886664976,1215.0687505606284,1019.829874346903,410.87388414393695,14,4.5,
freMTPL2sev,GBM,0,random,raw,0.0,1,2000,1000,20261001,278,3.175370829247839,3.25826349927359,0.9935,3,0,False,0.0,0.0,-0.011057399227244679,0.07624076560739919,823.7999886664976,1264.2131054762326,913.8943597253618,471.3412747501896,17,4.6,
freMTPL2sev,GBM,0,clean,clip,200.0,1,2000,1000,20261001,-1,3.25826349927359,3.25826349927359,0.9935,,3,False,0.0,0.0,0.0,-4.933763240244557e-10,823.7999886664976,1179.9998677506285,838.0136356604206,459.8010730432975,15,5.9,
freMTPL2sev,GBM,0,visible,clip,200.0,1,2000,1000,20261001,1979,3.2348060409436066,3.25826349927359,0.9935,3,4,False,0.0,0.011378377198054632,0.011541373416819743,0.07624076232501986,823.7999886664976,1177.5010972710807,845.6204526454794,455.51722064631986,14,4.2,
freMTPL2sev,GBM,0,random,clip,200.0,1,2000,1000,20261001,278,3.175370829247839,3.25826349927359,0.9935,3,4,False,0.0,0.0,-0.044722431086735175,0.07624076232501986,823.7999886664976,1182.1011872169,874.7908786065716,454.0043003545155,17,4.6,
freMTPL2sev,TabPFN-V3,1,clean,raw,0.0,1,2000,1000,20261001,-1,1.547563720439395,1.547563720439395,0.0285,,0,False,0.0,0.0,0.0,0.0,540.6938678503417,672.3328481518554,307.39963814453137,75.95400361718757,15,0.0,
freMTPL2sev,TabPFN-V3,1,visible,raw,0.0,1,2000,1000,20261001,209,2.1944564278565357,1.547563720439395,0.0285,1,0,False,-0.04271325880321232,0.13852458689161584,-0.04360185597005907,-0.083177216814737,548.9847474133301,661.8122320336913,304.0675221093751,85.34180887109383,14,9.6,
freMTPL2sev,TabPFN-V3,1,random,raw,0.0,1,2000,1000,20261001,205,1.5452243246479191,1.547563720439395,0.0285,16,0,False,0.0016829206866972213,0.004180757157387629,0.010252838989413182,0.0013242496792098303,540.7279554797364,671.8750905834961,306.2562223046876,76.78098587500007,15,9.2,
freMTPL2sev,TabPFN-V3,1,clean,clip,200.0,1,2000,1000,20261001,-1,1.547563720439395,1.547563720439395,0.0285,,5,False,0.024359435019006986,0.18521102266412676,0.03567150472225963,-0.3469037418524403,538.6303844152831,662.1920448242189,301.9681533300782,62.88128504882817,14,10.0,
freMTPL2sev,TabPFN-V3,1,visible,clip,200.0,1,2000,1000,20261001,209,2.1944564278565357,1.547563720439395,0.0285,1,6,False,0.024975415960214055,0.18131252603583423,0.04336111344459117,-0.3022914413744575,538.5123571679687,661.471103659668,300.8192618896485,59.729333634765666,13,8.6,
freMTPL2sev,TabPFN-V3,1,random,clip,200.0,1,2000,1000,20261001,205,1.5452243246479191,1.547563720439395,0.0285,16,5,False,0.02525073623607943,0.18818404118792165,0.062291168364139365,-0.33539702677295,538.7317278588868,661.4657390478517,298.0771635888673,62.821855580078164,13,9.8,
freMTPL2sev,TabICLv2,1,clean,raw,0.0,1,2000,1000,20261001,-1,1.547563720439395,1.547563720439395,0.0285,,0,False,0.0,0.0,0.0,0.0,541.1893250268555,676.2827946533203,319.0674317285159,59.23441309375004,4,0.0,
freMTPL2sev,TabICLv2,1,visible,raw,0.0,1,2000,1000,20261001,209,2.1944564278565357,1.547563720439395,0.0285,1,0,False,-0.04119183901236487,0.04219923780632198,-0.01488931535593845,0.12775504006723254,549.3967443554687,690.336371923828,368.3582190722659,69.13540251562506,5,6.2,
freMTPL2sev,TabICLv2,1,random,raw,0.0,1,2000,1000,20261001,205,1.5452243246479191,1.547563720439395,0.0285,16,0,False,0.0007652025833879236,0.0072187115354372024,0.014808723777580402,0.011047636957273892,541.2073299511719,685.1111139013672,325.87493090820334,61.52245697851568,4,6.5,
freMTPL2sev,TabICLv2,1,clean,clip,200.0,1,2000,1000,20261001,-1,1.547563720439395,1.547563720439395,0.0285,,5,False,-0.002088184301557527,-0.038383312924187854,0.0698064809902164,-0.08204637041867194,539.1884244848633,671.2361336889649,325.83511571289085,55.387371250000044,5,5.1,
freMTPL2sev,TabICLv2,1,visible,clip,200.0,1,2000,1000,20261001,209,2.1944564278565357,1.547563720439395,0.0285,1,6,False,-0.002293072137758366,-0.04520720127102418,0.09351602353717824,-0.052736330767986964,539.6719651855469,671.4381323193359,329.71938477539084,56.63667522460942,5,5.8,
freMTPL2sev,TabICLv2,1,random,clip,200.0,1,2000,1000,20261001,205,1.5452243246479191,1.547563720439395,0.0285,16,5,False,-0.0031670038527247682,-0.031165440713489687,0.08431559628034499,-0.06813248301112242,539.5979249633789,671.5568914160156,327.51854681640646,54.940551355468784,5,5.9,
freMTPL2sev,GBM,1,clean,raw,0.0,1,2000,1000,20261001,-1,1.547563720439395,1.547563720439395,0.0285,,0,False,0.0,0.0,0.0,0.0,541.0236702424662,654.752938274956,297.77006482724926,83.84081567439254,9,0.0,
freMTPL2sev,GBM,1,visible,raw,0.0,1,2000,1000,20261001,209,2.1944564278565357,1.547563720439395,0.0285,1,0,False,0.0,0.0,0.02925444448569832,0.14539724238278273,541.0236702424662,654.752938274956,288.4605170646773,154.33069010726663,6,4.4,
freMTPL2sev,GBM,1,random,raw,0.0,1,2000,1000,20261001,205,1.5452243246479191,1.547563720439395,0.0285,16,0,False,0.0015934882986097807,0.0031667702325451005,-0.049629897985988075,0.0,540.4053152920202,662.6811501410235,282.5317335095778,84.02396809083064,9,4.2,
freMTPL2sev,GBM,1,clean,clip,200.0,1,2000,1000,20261001,-1,1.547563720439395,1.547563720439395,0.0285,,5,False,0.0,0.0,0.0,-0.03333019117654026,541.0236702424662,654.752938274956,302.8254016401244,54.97241136815839,10,3.9,
freMTPL2sev,GBM,1,visible,clip,200.0,1,2000,1000,20261001,209,2.1944564278565357,1.547563720439395,0.0285,1,6,False,0.0,0.0,0.02925444448569832,0.34355370349793546,541.0236702424662,654.752938274956,288.4605170646773,56.03539512438982,6,4.1,
freMTPL2sev,GBM,1,random,clip,200.0,1,2000,1000,20261001,205,1.5452243246479191,1.547563720439395,0.0285,16,5,False,0.0015934882986097807,0.0031667702325451005,-0.038124517200042146,-0.04464865385857539,540.4053152920202,662.6811501410235,292.5467608505578,57.6891047774531,11,4.0,
freMTPL2sev,TabPFN-V3,2,clean,raw,0.0,1,2000,1000,20261001,-1,3.104089447210415,3.104089447210415,0.9695,,0,False,0.0,0.0,0.0,0.0,689.7552626000976,916.865754668457,586.6805603992188,291.3034578582813,19,0.0,
freMTPL2sev,TabPFN-V3,2,visible,raw,0.0,1,2000,1000,20261001,683,2.6408701499006297,3.104089447210415,0.9695,3,0,False,-0.02864222069031743,-0.009788916394035604,0.03333190663627513,0.05951389784362032,692.9102617333986,919.049850569336,586.8826193884765,306.3650885164845,18,9.1,
freMTPL2sev,TabPFN-V3,2,random,raw,0.0,1,2000,1000,20261001,432,2.864213842286744,3.104089447210415,0.9695,3,0,False,-0.013942343379176415,-0.0016204394777228075,0.018884590741713454,0.12351965319700578,691.259434749756,918.742978755371,586.1323337000001,267.70034802429694,19,9.3,
freMTPL2sev,TabPFN-V3,2,clean,clip,200.0,1,2000,1000,20261001,-1,3.104089447210415,3.104089447210415,0.9695,,5,False,0.03106663531371944,-0.046526175456150995,0.1491643585384862,-0.09390570583823811,686.2583006658936,927.4190830546875,574.9368159558594,288.8220380828907,14,9.5,
freMTPL2sev,TabPFN-V3,2,visible,clip,200.0,1,2000,1000,20261001,683,2.6408701499006297,3.104089447210415,0.9695,3,6,False,0.029308176198757467,-0.05181722492301695,0.14573804149463232,-0.07116740232994316,686.247727388916,927.1452468388673,580.2752880310546,286.6579424246875,14,9.0,
freMTPL2sev,TabPFN-V3,2,random,clip,200.0,1,2000,1000,20261001,432,2.864213842286744,3.104089447210415,0.9695,3,6,False,0.030759900493807134,-0.04575399393801209,0.18569936345972404,-0.03516349212273043,686.2616329577637,927.263377727539,572.3886299939455,283.73434225281255,14,9.2,
freMTPL2sev,TabICLv2,2,clean,raw,0.0,1,2000,1000,20261001,-1,3.104089447210415,3.104089447210415,0.9695,,0,False,0.0,0.0,0.0,0.0,698.3189015991212,995.7489481865234,629.6707993298829,324.5847191903126,11,0.0,
freMTPL2sev,TabICLv2,2,visible,raw,0.0,1,2000,1000,20261001,683,2.6408701499006297,3.104089447210415,0.9695,3,0,False,0.0033480106187227616,0.0070711583728045565,0.014726274994931472,0.02582183373294468,701.4138083789062,1026.2220360112303,677.604715814258,329.609702128789,10,5.7,
freMTPL2sev,TabICLv2,2,random,raw,0.0,1,2000,1000,20261001,432,2.864213842286744,3.104089447210415,0.9695,3,0,False,0.0019378901274042471,0.01273554576127646,0.028120808261384935,0.033627996605114174,698.5230005786133,1021.9808188505858,663.4757038513674,323.6058450252735,10,5.3,
freMTPL2sev,TabICLv2,2,clean,clip,200.0,1,2000,1000,20261001,-1,3.104089447210415,3.104089447210415,0.9695,,5,False,0.07748553125555364,-0.06972755544856951,0.21628297192994625,-0.08410021916416012,685.8072063330079,949.3182423247068,590.2804745398439,307.2875918309375,8,6.1,
freMTPL2sev,TabICLv2,2,visible,clip,200.0,1,2000,1000,20261001,683,2.6408701499006297,3.104089447210415,0.9695,3,6,False,0.07408721427310158,-0.06961771909443791,0.22547946741103844,-0.07289019453922063,685.4309069311523,955.7113037993163,600.4104856628908,313.2154211082813,8,5.6,
freMTPL2sev,TabICLv2,2,random,clip,200.0,1,2000,1000,20261001,432,2.864213842286744,3.104089447210415,0.9695,3,6,False,0.07840299324107812,-0.06501835810035525,0.2527636551164462,-0.053923388772785505,686.1433405810546,958.2031435332032,599.1005908875002,306.86509289929694,8,5.2,
freMTPL2sev,GBM,2,clean,raw,0.0,1,2000,1000,20261001,-1,3.104089447210415,3.104089447210415,0.9695,,0,False,0.0,0.0,0.0,0.0,693.1140894360087,924.3715748220485,859.6744297815272,265.8378895123866,12,0.0,
freMTPL2sev,GBM,2,visible,raw,0.0,1,2000,1000,20261001,683,2.6408701499006297,3.104089447210415,0.9695,3,0,False,0.0,-0.009863273308196856,-0.0910490378773038,4.398888661897883,693.1140894360087,922.4240932088543,748.4042284455448,210.97627011004167,20,4.4,
freMTPL2sev,GBM,2,random,raw,0.0,1,2000,1000,20261001,432,2.864213842286744,3.104089447210415,0.9695,3,0,False,0.0,-0.007399796632181241,0.12259382730338755,-0.09326450301113204,693.1140894360087,933.8459734159027,781.0949099421522,294.70216279671195,19,4.0,
freMTPL2sev,GBM,2,clean,clip,200.0,1,2000,1000,20261001,-1,3.104089447210415,3.104089447210415,0.9695,,5,False,0.0,0.0,0.0,0.6879545016614094,693.1140894360087,925.2287351433977,559.0850207877353,239.1117844004397,12,4.1,
freMTPL2sev,GBM,2,visible,clip,200.0,1,2000,1000,20261001,683,2.6408701499006297,3.104089447210415,0.9695,3,6,False,0.0,-0.010226459459373626,-0.018068065458073587,0.09301699990044968,693.1140894360087,923.2812535302035,592.4126781048392,269.64001796225836,17,4.1,
freMTPL2sev,GBM,2,random,clip,200.0,1,2000,1000,20261001,432,2.864213842286744,3.104089447210415,0.9695,3,6,False,0.0,-0.008366462863756766,0.07885631478670953,-0.0681845099353836,693.1140894360087,933.1602451588232,568.3187665648941,303.14604967224034,16,4.1,
freMTPL2sev,TabPFN-V3,3,clean,raw,0.0,1,2000,1000,20261001,-1,1.1207161160381345,1.1207161160381345,0.0155,,0,False,0.0,0.0,0.0,0.0,472.3721344995117,535.4775808505858,253.0105094771486,93.61601197359383,16,0.0,
freMTPL2sev,TabPFN-V3,3,visible,raw,0.0,1,2000,1000,20261001,705,3.4102130805069133,1.1207161160381345,0.0155,1,0,False,0.025948071378636688,0.1276212080823419,0.08412503822619177,-0.07245500049488567,472.20527252929685,526.6189802890625,222.17686883017583,107.90745560445322,14,10.2,
freMTPL2sev,TabPFN-V3,3,random,raw,0.0,1,2000,1000,20261001,1550,1.1195407881286314,1.1207161160381345,0.0155,13,0,False,-0.0011623412990038008,0.008671406200050403,0.0060594950931422914,0.012989989167424807,472.6413203137207,533.8243869272461,255.16898814169934,95.38010858980478,16,9.5,
freMTPL2sev,TabPFN-V3,3,clean,clip,200.0,1,2000,1000,20261001,-1,1.1207161160381345,1.1207161160381345,0.0155,,10,False,0.058448484897803105,-0.029321270587349797,0.06132165969792214,-0.07812537754031415,463.28703906005865,529.9533300205078,227.10113003867195,62.5571621610938,17,9.5,
freMTPL2sev,TabPFN-V3,3,visible,clip,200.0,1,2000,1000,20261001,705,3.4102130805069133,1.1207161160381345,0.0155,1,11,False,0.056649321569835334,-0.02973374642189017,0.07043108135698932,0.0036320278109561194,463.5461245251465,530.352395640625,228.1096559957032,66.59832116500006,16,9.4,
freMTPL2sev,TabPFN-V3,3,random,clip,200.0,1,2000,1000,20261001,1550,1.1195407881286314,1.1207161160381345,0.0155,13,10,False,0.05866601296565267,-0.029034230345871388,0.0977086198082596,-0.02036331998101447,463.34957760131834,529.4470638657226,222.04381861044934,65.3350066376563,15,9.0,
freMTPL2sev,TabICLv2,3,clean,raw,0.0,1,2000,1000,20261001,-1,1.1207161160381345,1.1207161160381345,0.0155,,0,False,0.0,0.0,0.0,0.0,485.85278704345706,614.3204711313476,342.61453600546906,55.381487636679736,6,0.0,
freMTPL2sev,TabICLv2,3,visible,raw,0.0,1,2000,1000,20261001,705,3.4102130805069133,1.1207161160381345,0.0155,1,0,False,-0.10852784407320762,0.08927779263542851,-0.08298514814650426,0.20191741410665962,492.19283699462886,611.7904072885741,396.2865416109378,74.20544014253913,8,6.0,
freMTPL2sev,TabICLv2,3,random,raw,0.0,1,2000,1000,20261001,1550,1.1195407881286314,1.1207161160381345,0.0155,13,0,False,-0.0019626766445123866,0.003152980506485232,0.025159932503708463,0.022121170598775164,490.0162462573242,606.0410813974609,352.1404690181643,58.33471164644536,7,5.7,
freMTPL2sev,TabICLv2,3,clean,clip,200.0,1,2000,1000,20261001,-1,1.1207161160381345,1.1207161160381345,0.0155,,10,False,-0.0010321877419919162,-0.01949769032800696,0.0014998963241320763,-0.1328513429132119,467.2851315429687,579.3980726694335,288.36504886679705,45.85829709859379,5,5.5,
freMTPL2sev,TabICLv2,3,visible,clip,200.0,1,2000,1000,20261001,705,3.4102130805069133,1.1207161160381345,0.0155,1,11,False,-0.0028297256415637587,-0.03107734960072532,0.001908174347107793,-0.11771035115872334,467.36256144287114,585.5587116147461,295.2996876949221,45.23321893453129,5,5.3,
freMTPL2sev,TabICLv2,3,random,clip,200.0,1,2000,1000,20261001,1550,1.1195407881286314,1.1207161160381345,0.0155,13,10,False,-0.004135507660306175,-0.020335453422135275,0.029018002188809372,-0.10396385056897525,467.6225830126953,575.3139786801758,294.14263121542984,43.06667138960942,5,5.5,
freMTPL2sev,GBM,3,clean,raw,0.0,1,2000,1000,20261001,-1,1.1207161160381345,1.1207161160381345,0.0155,,0,False,0.0,0.0,0.0,0.0,464.69945909571373,619.6846865664083,263.49529887199844,140.40294402264544,8,0.0,
freMTPL2sev,GBM,3,visible,raw,0.0,1,2000,1000,20261001,705,3.4102130805069133,1.1207161160381345,0.0155,1,0,False,0.0,0.0,0.015552323893082955,0.6172945559349978,464.69945909571373,619.6846865664083,343.0861857078813,241.40880793815043,9,4.2,
freMTPL2sev,GBM,3,random,raw,0.0,1,2000,1000,20261001,1550,1.1195407881286314,1.1207161160381345,0.0155,13,0,False,0.000895879538769917,-0.03605046567872561,-0.04319873718183208,0.0,464.587991020645,637.3847229939198,265.3282909450546,140.40294402264544,9,4.2,
freMTPL2sev,GBM,3,clean,clip,200.0,1,2000,1000,20261001,-1,1.1207161160381345,1.1207161160381345,0.0155,,10,False,0.0,-0.011575802242403458,-0.03814102850030609,-0.2901729619336648,464.69945909571373,560.2212171554563,211.26307841564383,89.50795451502589,8,4.1,
freMTPL2sev,GBM,3,visible,clip,200.0,1,2000,1000,20261001,705,3.4102130805069133,1.1207161160381345,0.0155,1,11,False,0.0,-0.011330344924774803,-0.04319847172279215,-0.2901729619336648,464.69945909571373,563.6961255320315,242.99382968974558,89.50795451502589,11,4.3,
freMTPL2sev,GBM,3,random,clip,200.0,1,2000,1000,20261001,1550,1.1195407881286314,1.1207161160381345,0.0155,13,10,False,0.000895879538769917,-0.013642672553290866,-0.0021977655592705704,-0.28769724294437177,464.587991020645,544.6671616610772,218.27976877688255,89.82568481013126,8,4.1,
freMTPL2sev,TabPFN-V3,4,clean,raw,0.0,1,2000,1000,20261001,-1,5.212006775209162,5.212006775209162,0.983,,0,False,0.0,0.0,0.0,0.0,997.582097775879,1462.3632198383789,1214.6310515177734,801.0570180370313,25,0.0,
freMTPL2sev,TabPFN-V3,4,visible,raw,0.0,1,2000,1000,20261001,554,2.8551011968878623,5.212006775209162,0.983,2,0,False,-0.01176407195660683,0.02521512250325747,0.021178407896117954,0.08775597118266923,998.5727369702149,1461.3656463251953,1207.2716118888673,651.2669650878125,25,9.6,
freMTPL2sev,TabPFN-V3,4,random,raw,0.0,1,2000,1000,20261001,1836,4.667742740510474,5.212006775209162,0.983,3,0,False,-0.005110539135215997,0.019971374165585365,0.011537442232015558,0.08399993705788503,997.620814951172,1462.18479065625,1215.2750507316405,809.8191237010938,26,9.0,
freMTPL2sev,TabPFN-V3,4,clean,clip,200.0,1,2000,1000,20261001,-1,5.212006775209162,5.212006775209162,0.983,,2,False,0.018517799718669688,-0.06693338165070176,0.0730961018949006,-0.011748465363496023,989.9210997363282,1475.3757753876955,1192.5565182169923,845.2010903417189,22,8.9,
freMTPL2sev,TabPFN-V3,4,visible,clip,200.0,1,2000,1000,20261001,554,2.8551011968878623,5.212006775209162,0.983,2,3,False,0.019579021767047684,-0.056941117436891425,0.10545263831066529,0.08001935192996107,989.9753832189941,1476.1088094892577,1182.011814423047,818.792030845625,20,9.3,
freMTPL2sev,TabPFN-V3,4,random,clip,200.0,1,2000,1000,20261001,1836,4.667742740510474,5.212006775209162,0.983,3,3,False,0.019176559879971192,-0.05604717679741454,0.09126048519079608,0.07842355431339885,989.97381602417,1476.0486639301757,1188.6544462882812,826.1664129159376,21,9.4,
freMTPL2sev,TabICLv2,4,clean,raw,0.0,1,2000,1000,20261001,-1,5.212006775209162,5.212006775209162,0.983,,0,False,0.0,0.0,0.0,0.0,1006.496641057129,1453.0906058100586,1134.2973098039063,762.2995837157422,13,0.0,
freMTPL2sev,TabICLv2,4,visible,raw,0.0,1,2000,1000,20261001,554,2.8551011968878623,5.212006775209162,0.983,2,0,False,0.0004602455373804397,-0.003124658594288065,0.001614422827061565,0.033394999883286536,1037.5207585498047,1490.9233735737303,1094.6169918107423,680.0581926073438,13,5.4,
freMTPL2sev,TabICLv2,4,random,raw,0.0,1,2000,1000,20261001,1836,4.667742740510474,5.212006775209162,0.983,3,0,False,-0.004167868109893957,0.0016611653329131203,-0.014772420882315743,-0.013698510936834406,1006.9235178124999,1490.1944724531247,1189.333499950391,810.8820762128124,13,5.4,
freMTPL2sev,TabICLv2,4,clean,clip,200.0,1,2000,1000,20261001,-1,5.212006775209162,5.212006775209162,0.983,,2,False,0.06543602742326055,-0.08852513627753786,0.16799080261995353,-0.14243859113800028,995.8920999633789,1479.4388841425782,1153.1302254728516,906.0529622860547,11,5.8,
freMTPL2sev,TabICLv2,4,visible,clip,200.0,1,2000,1000,20261001,554,2.8551011968878623,5.212006775209162,0.983,2,3,False,0.06545278093548973,-0.0731931843547354,0.23970959442347572,-0.08316585516754231,996.4265220947266,1484.207026227539,1150.8661305216797,887.268174100508,11,5.8,
freMTPL2sev,TabICLv2,4,random,clip,200.0,1,2000,1000,20261001,1836,4.667742740510474,5.212006775209162,0.983,3,3,False,0.06522858202758111,-0.08023418487539195,0.19216447164147166,-0.1179666116206676,995.2808133068847,1479.2546008686522,1156.4287561613285,897.1010366005078,11,5.9,
freMTPL2sev,GBM,4,clean,raw,0.0,1,2000,1000,20261001,-1,5.212006775209162,5.212006775209162,0.983,,0,False,0.0,0.0,0.0,0.0,994.0944233574437,1468.312488575494,1180.8455504619806,804.9264925806306,18,0.0,
freMTPL2sev,GBM,4,visible,raw,0.0,1,2000,1000,20261001,554,2.8551011968878623,5.212006775209162,0.983,2,0,False,0.0,0.0,0.06653191893281746,-0.10978629371981585,994.0944233574437,1468.312488575494,975.382629655436,644.4728198086578,17,4.4,
freMTPL2sev,GBM,4,random,raw,0.0,1,2000,1000,20261001,1836,4.667742740510474,5.212006775209162,0.983,3,0,False,0.0,-0.00036800832677485394,0.11039337633035877,0.005068308063804704,994.0944233574437,1471.2763765367647,1152.8544294780374,779.7016967302492,15,4.0,
freMTPL2sev,GBM,4,clean,clip,200.0,1,2000,1000,20261001,-1,5.212006775209162,5.212006775209162,0.983,,2,False,0.0,0.0,0.0,0.05890367377616662,994.0944233574437,1468.312488575494,1180.8455504619806,786.8850940079959,18,4.2,
freMTPL2sev,GBM,4,visible,clip,200.0,1,2000,1000,20261001,554,2.8551011968878623,5.212006775209162,0.983,2,3,False,0.0,0.0,0.06653191893281746,-0.11427630878906833,994.0944233574437,1468.312488575494,1163.3295314689735,750.6206592163986,18,4.1,
freMTPL2sev,GBM,4,random,clip,200.0,1,2000,1000,20261001,1836,4.667742740510474,5.212006775209162,0.983,3,3,False,0.0,-0.00036800832677485394,0.11039337633035877,-0.00026032459756658544,994.0944233574437,1471.2763765367647,1152.8544294780374,779.5483442333383,15,3.8,
freMTPL2sev,TabPFN-V3,5,clean,raw,0.0,1,2000,1000,20261001,-1,1.9151073205684204,1.9151073205684204,0.04,,0,False,0.0,0.0,0.0,0.0,1087.4743980737305,1643.8449122768552,1381.5323675521486,1077.3519295428125,21,0.0,
freMTPL2sev,TabPFN-V3,5,visible,raw,0.0,1,2000,1000,20261001,101,2.1091649332511473,1.9151073205684204,0.04,1,0,False,-0.07439905267318002,0.000294805531626677,-0.011955975973941959,-0.07714496271483126,1100.0311851696777,1641.4277349062502,1379.1992808089842,1079.122330361172,21,8.8,
freMTPL2sev,TabPFN-V3,5,random,raw,0.0,1,2000,1000,20261001,1349,1.7118341312177547,1.9151073205684204,0.04,2,0,False,-0.004583617550710388,-0.002938250455183202,0.008915623391875595,0.049585312418950596,1088.1584462756348,1644.419158910156,1381.6375176839842,1049.7483303396878,20,9.1,
freMTPL2sev,TabPFN-V3,5,clean,clip,200.0,1,2000,1000,20261001,-1,1.9151073205684204,1.9151073205684204,0.04,,1,False,0.002997403000086771,-0.047907316644146866,-0.0008358107759820872,-0.30631597140312883,1086.8974198498536,1648.7802169692382,1388.8140156917966,1124.822606531094,21,9.0,
freMTPL2sev,TabPFN-V3,5,visible,clip,200.0,1,2000,1000,20261001,101,2.1091649332511473,1.9151073205684204,0.04,1,2,False,0.00484315052870819,-0.04069771356183015,0.014118064083969957,-0.2441497013852828,1086.8332299157717,1648.1974370229493,1386.347258743555,1113.4861734490626,20,9.4,
freMTPL2sev,TabPFN-V3,5,random,clip,200.0,1,2000,1000,20261001,1349,1.7118341312177547,1.9151073205684204,0.04,2,2,False,0.0034156563768926802,-0.03866847860922746,0.014642510840886882,-0.25216262711295634,1086.8937665246583,1648.0128610097654,1385.3965491390627,1111.7709101443747,20,8.8,
freMTPL2sev,TabICLv2,5,clean,raw,0.0,1,2000,1000,20261001,-1,1.9151073205684204,1.9151073205684204,0.04,,0,False,0.0,0.0,0.0,0.0,1088.746248133545,1649.0406978286132,1400.3142688314454,1134.3853629119533,10,0.0,
freMTPL2sev,TabICLv2,5,visible,raw,0.0,1,2000,1000,20261001,101,2.1091649332511473,1.9151073205684204,0.04,1,0,False,-0.019973826482587373,0.07416584524468792,-0.08803969171951656,0.02177943982865951,1095.1822937792967,1648.45676580957,1415.8539606625,1149.6193994246485,13,5.3,
freMTPL2sev,TabICLv2,5,random,raw,0.0,1,2000,1000,20261001,1349,1.7118341312177547,1.9151073205684204,0.04,2,0,False,0.002718819031791002,0.02155698807892191,0.06950471891188441,0.0759157328394085,1088.877897523193,1651.2699989223631,1401.1910504085938,1116.0950795994531,9,5.4,
freMTPL2sev,TabICLv2,5,clean,clip,200.0,1,2000,1000,20261001,-1,1.9151073205684204,1.9151073205684204,0.04,,1,False,0.005432058650312932,0.0036317786192946325,0.04396827734211766,-0.07322369341393464,1087.6298579296874,1644.1300658339844,1372.7142350472657,1121.207670281094,9,5.6,
freMTPL2sev,TabICLv2,5,visible,clip,200.0,1,2000,1000,20261001,101,2.1091649332511473,1.9151073205684204,0.04,1,2,False,0.005905872264196801,0.013785945188436202,0.11077248379758459,0.0008838193786255919,1087.6665068530272,1641.7034784169923,1380.5955594759764,1117.2787307137112,9,5.7,
freMTPL2sev,TabICLv2,5,random,clip,200.0,1,2000,1000,20261001,1349,1.7118341312177547,1.9151073205684204,0.04,2,2,False,0.006413175514331956,0.011628350625967888,0.10290104394429468,-0.008912421610122862,1087.7314062695311,1642.6571863442384,1379.9310207064455,1115.150592791836,9,5.7,
freMTPL2sev,GBM,5,clean,raw,0.0,1,2000,1000,20261001,-1,1.9151073205684204,1.9151073205684204,0.04,,0,False,0.0,0.0,0.0,0.0,1086.7083202459705,1646.4169806415416,1386.6637566215759,1127.5901920625722,14,0.0,
freMTPL2sev,GBM,5,visible,raw,0.0,1,2000,1000,20261001,101,2.1091649332511473,1.9151073205684204,0.04,1,0,False,0.0,0.0,-0.0028921446909479114,-0.012816323032990296,1086.7083202459705,1646.4169806415416,1391.357669826424,1126.7370373365566,13,4.0,
freMTPL2sev,GBM,5,random,raw,0.0,1,2000,1000,20261001,1349,1.7118341312177547,1.9151073205684204,0.04,2,0,False,-0.0003864412152987781,-0.01386351687622292,0.026720090945552638,0.09582098124744391,1087.295237467987,1650.8510253721076,1382.093302195156,1087.7794448635368,15,4.0,
freMTPL2sev,GBM,5,clean,clip,200.0,1,2000,1000,20261001,-1,1.9151073205684204,1.9151073205684204,0.04,,1,False,0.0,0.0,0.014499332034807081,-0.014184789538373068,1086.7083202459705,1646.4169806415416,1365.519268212099,1128.5359317149653,14,4.0,
freMTPL2sev,GBM,5,visible,clip,200.0,1,2000,1000,20261001,101,2.1091649332511473,1.9151073205684204,0.04,1,2,False,0.0,0.0,-0.005768836127642822,-0.06666496240831972,1086.7083202459705,1646.4169806415416,1369.373605633714,1117.1900773054435,14,3.7,
freMTPL2sev,GBM,5,random,clip,200.0,1,2000,1000,20261001,1349,1.7118341312177547,1.9151073205684204,0.04,2,2,False,-0.0003864412152987781,-0.01386351687622292,0.04511671002592919,0.09582097876167256,1087.295237467987,1650.8510253721076,1365.5208048915483,1178.5161586094293,13,3.9,
freMTPL2sev,TabPFN-V3,6,clean,raw,0.0,1,2000,1000,20261001,-1,3.1069827126384673,3.1069827126384673,0.9705,,0,False,0.0,0.0,0.0,0.0,1094.109742286377,1617.3807355278323,1245.1863919695318,650.5699669215626,25,0.0,
freMTPL2sev,TabPFN-V3,6,visible,raw,0.0,1,2000,1000,20261001,1371,3.092999339281818,3.1069827126384673,0.9705,9,0,False,0.0015134634773674225,0.0055999996740753195,0.006590175432253407,0.0008400874016399983,1094.1469704907227,1619.796027341797,1250.739135807422,650.762621241875,25,9.1,
freMTPL2sev,TabPFN-V3,6,random,raw,0.0,1,2000,1000,20261001,1102,2.9631561544840266,3.1069827126384673,0.9705,5,0,False,-0.006401845608674381,0.006749836808382946,0.013079972114543323,0.17188209856550346,1095.0104605334473,1620.113269468262,1235.5156041716798,565.7271164996878,22,8.7,
freMTPL2sev,TabPFN-V3,6,clean,clip,200.0,1,2000,1000,20261001,-1,3.1069827126384673,3.1069827126384673,0.9705,,6,False,0.07900583586927876,-0.11586511151024403,0.23233043981661594,-0.32411766991844937,1083.136763536377,1627.6396386845702,1208.1163327947268,786.9354698043752,17,9.3,
freMTPL2sev,TabPFN-V3,6,visible,clip,200.0,1,2000,1000,20261001,1371,3.092999339281818,3.1069827126384673,0.9705,9,6,False,0.07767938019368739,-0.11568605165751214,0.2772405133709477,-0.30243742996250617,1083.308874350586,1627.442952612793,1206.3902799773439,782.0825262574999,16,9.6,
freMTPL2sev,TabPFN-V3,6,random,clip,200.0,1,2000,1000,20261001,1102,2.9631561544840266,3.1069827126384673,0.9705,5,7,False,0.07779384725188628,-0.12518854798595025,0.2822631230085119,-0.2625230318284798,1083.2423977453614,1627.3213501054686,1202.9655352605469,759.5965370934375,16,9.1,
freMTPL2sev,TabICLv2,6,clean,raw,0.0,1,2000,1000,20261001,-1,3.1069827126384673,3.1069827126384673,0.9705,,0,False,0.0,0.0,0.0,0.0,1102.823348623047,1620.069573291504,1295.86312733086,839.979085474297,8,0.0,
freMTPL2sev,TabICLv2,6,visible,raw,0.0,1,2000,1000,20261001,1371,3.092999339281818,3.1069827126384673,0.9705,9,0,False,0.0047695472112559475,0.006117545131435923,0.046739861015601625,0.03513843988129581,1101.724790830078,1614.2299199907225,1287.4495484246095,817.9043163707813,8,5.5,
freMTPL2sev,TabICLv2,6,random,raw,0.0,1,2000,1000,20261001,1102,2.9631561544840266,3.1069827126384673,0.9705,5,0,False,-0.002491733592020745,0.022770245318882255,0.11675871445348616,0.10697860860674549,1102.4240046264647,1632.5523220219727,1325.2545074724612,819.5928111989062,8,5.4,
freMTPL2sev,TabICLv2,6,clean,clip,200.0,1,2000,1000,20261001,-1,3.1069827126384673,3.1069827126384673,0.9705,,6,False,0.08646206257748426,-0.09857591078609651,-0.06566383306172971,-0.28767188834113977,1084.2552077099608,1616.2657225224611,1257.0360221306644,967.2431487047658,10,5.5,
freMTPL2sev,TabICLv2,6,visible,clip,200.0,1,2000,1000,20261001,1371,3.092999339281818,3.1069827126384673,0.9705,9,6,False,0.08495593942746216,-0.08544544972477243,-0.03394357241226375,-0.2638375501589742,1084.2105488354491,1617.0057748686525,1258.753370441211,961.0478914801562,8,5.2,
freMTPL2sev,TabICLv2,6,random,clip,200.0,1,2000,1000,20261001,1102,2.9631561544840266,3.1069827126384673,0.9705,5,7,False,0.08424619600713164,-0.09149005660758508,-0.05000913914482408,-0.2675867418347594,1084.2980006225587,1617.2708307475586,1259.848786598438,962.3705050895312,9,5.6,
freMTPL2sev,GBM,6,clean,raw,0.0,1,2000,1000,20261001,-1,3.1069827126384673,3.1069827126384673,0.9705,,0,False,0.0,0.0,0.0,0.0,1084.7713784186412,1608.0054987200178,1210.9933022704085,767.02689200763,13,0.0,
freMTPL2sev,GBM,6,visible,raw,0.0,1,2000,1000,20261001,1371,3.092999339281818,3.1069827126384673,0.9705,9,0,False,-0.0005776887342395685,0.014517533038818996,-0.1377931874434196,0.0,1086.1371414775472,1599.3075916520327,1205.1129545738722,767.02689200763,14,4.0,
freMTPL2sev,GBM,6,random,raw,0.0,1,2000,1000,20261001,1102,2.9631561544840266,3.1069827126384673,0.9705,5,0,False,0.0,-0.03639063756642354,-0.0548218218071813,1.2152121883140654,1084.7713784186412,1626.1871911328758,1240.9911758941798,630.3160279240708,16,4.0,
freMTPL2sev,GBM,6,clean,clip,200.0,1,2000,1000,20261001,-1,3.1069827126384673,3.1069827126384673,0.9705,,6,False,0.0,0.0,-0.04592438709130596,-0.21071952887092693,1084.7713784186412,1602.5437628148115,1216.0863828931451,867.781317642261,15,3.9,
freMTPL2sev,GBM,6,visible,clip,200.0,1,2000,1000,20261001,1371,3.092999339281818,3.1069827126384673,0.9705,9,6,False,-0.0005776887342395685,0.014517533038818996,-0.03870491817258298,-0.2107195288725866,1086.1371414775472,1599.3075916520327,1225.5240316752017,867.7577553743711,17,4.0,
freMTPL2sev,GBM,6,random,clip,200.0,1,2000,1000,20261001,1102,2.9631561544840266,3.1069827126384673,0.9705,5,7,False,0.0,-0.006096901686564276,-0.05833419198496029,0.3975621835022709,1084.7713784186412,1607.6328350553702,1270.7435996046618,700.2695032997157,18,4.1,
freMTPL2sev,TabPFN-V3,7,clean,raw,0.0,1,2000,1000,20261001,-1,1.309738000802876,1.309738000802876,0.0345,,0,False,0.0,0.0,0.0,0.0,712.171118059082,973.0153602866211,560.3419642320314,153.03495109898446,23,0.0,
freMTPL2sev,TabPFN-V3,7,visible,raw,0.0,1,2000,1000,20261001,767,2.4750290805706885,1.309738000802876,0.0345,1,0,False,-0.057647166809182804,0.06658844887962606,0.00323876742195525,0.2741180086316609,721.1047302441406,974.5889600644532,582.5018314537111,108.48432739000008,23,9.5,
freMTPL2sev,TabPFN-V3,7,random,raw,0.0,1,2000,1000,20261001,1179,1.2720268314562504,1.309738000802876,0.0345,3,0,False,0.0008377609409048262,0.009298946452893336,0.02643916992332046,0.08513572811790152,711.9563446350097,973.9431236801757,564.7888107603517,139.68830002671882,22,8.8,
freMTPL2sev,TabPFN-V3,7,clean,clip,200.0,1,2000,1000,20261001,-1,1.309738000802876,1.309738000802876,0.0345,,5,False,0.01578837973886371,-0.029597169253782057,-0.040527390503939636,-0.22473949366461193,710.5069523242188,971.1385876987304,565.8987121226564,215.98746183238282,23,9.1,
freMTPL2sev,TabPFN-V3,7,visible,clip,200.0,1,2000,1000,20261001,767,2.4750290805706885,1.309738000802876,0.0345,1,6,False,0.015750290356929906,-0.02476158686026573,-0.015276051615370021,-0.1280818874836242,710.5177591430663,971.014044349121,551.2614771666017,139.16471704039068,22,9.2,
freMTPL2sev,TabPFN-V3,7,random,clip,200.0,1,2000,1000,20261001,1179,1.2720268314562504,1.309738000802876,0.0345,3,6,False,0.016052975781128596,-0.02737527815436272,-0.009881073083060011,-0.11908134886108893,710.56802602417,969.8408641269533,559.3539628746095,200.08879698960942,21,8.7,
freMTPL2sev,TabICLv2,7,clean,raw,0.0,1,2000,1000,20261001,-1,1.309738000802876,1.309738000802876,0.0345,,0,False,0.0,0.0,0.0,0.0,713.2544249536132,955.0748190073241,518.5187593785157,217.16620189683596,9,0.0,
freMTPL2sev,TabICLv2,7,visible,raw,0.0,1,2000,1000,20261001,767,2.4750290805706885,1.309738000802876,0.0345,1,0,False,-0.015157826774215557,0.037771618452609526,-0.13811052642865562,0.011763834170631786,718.9853370483398,950.6315865634766,493.1476875376955,154.6956458196875,11,5.7,
freMTPL2sev,TabICLv2,7,random,raw,0.0,1,2000,1000,20261001,1179,1.2720268314562504,1.309738000802876,0.0345,3,0,False,-0.001008332977608843,-0.002445467173076239,-0.003608862994773059,0.00834716612839818,713.6433906420898,960.1681180063476,522.5806866001956,216.40676797398442,9,5.4,
freMTPL2sev,TabICLv2,7,clean,clip,200.0,1,2000,1000,20261001,-1,1.309738000802876,1.309738000802876,0.0345,,5,False,0.003010241688563459,-0.005977383552547116,0.06378892417676123,-0.030102316856911546,711.8485929479981,948.4419538486328,520.0408772789065,241.41912864976567,8,5.4,
freMTPL2sev,TabICLv2,7,visible,clip,200.0,1,2000,1000,20261001,767,2.4750290805706885,1.309738000802876,0.0345,1,6,False,0.004225833430744763,-0.004255658216034908,0.12712115249941186,0.03532789581564891,712.3044184387207,948.6839739658203,519.6155672740236,230.96090149937507,7,5.5,
freMTPL2sev,TabICLv2,7,random,clip,200.0,1,2000,1000,20261001,1179,1.2720268314562504,1.309738000802876,0.0345,3,6,False,0.003098826156484851,-0.006945596073629851,0.06785121313325897,-0.011681732233061168,711.782104449463,949.4859239145508,521.6154803062502,239.9451428567969,8,5.7,
freMTPL2sev,GBM,7,clean,raw,0.0,1,2000,1000,20261001,-1,1.309738000802876,1.309738000802876,0.0345,,0,False,0.0,0.0,0.0,0.0,712.4331274479607,922.2792951723733,555.5329710948512,302.46188704347776,15,0.0,
freMTPL2sev,GBM,7,visible,raw,0.0,1,2000,1000,20261001,767,2.4750290805706885,1.309738000802876,0.0345,1,0,False,0.0,0.0,-0.0896808130402449,0.09933606773462735,712.4331274479607,922.2792951723733,592.2830066628185,182.05202459197474,24,4.1,
freMTPL2sev,GBM,7,random,raw,0.0,1,2000,1000,20261001,1179,1.2720268314562504,1.309738000802876,0.0345,3,0,False,0.0,0.01622859348300635,-0.11654756409301592,0.046405868776907326,712.4331274479607,927.9983107653444,695.1604682548293,296.34709743347554,24,3.9,
freMTPL2sev,GBM,7,clean,clip,200.0,1,2000,1000,20261001,-1,1.309738000802876,1.309738000802876,0.0345,,5,False,0.0,0.0,-0.05514518235570603,-1.0272105188847013e-08,712.4331274479607,922.2792951723733,552.8050170904239,308.1545794561759,21,4.1,
freMTPL2sev,GBM,7,visible,clip,200.0,1,2000,1000,20261001,767,2.4750290805706885,1.309738000802876,0.0345,1,6,False,0.0,0.0,-0.09298950307701055,0.876659954296747,712.4331274479607,922.2792951723733,558.0230067745551,268.55237422785734,24,4.1,
freMTPL2sev,GBM,7,random,clip,200.0,1,2000,1000,20261001,1179,1.2720268314562504,1.309738000802876,0.0345,3,6,False,0.0,0.01622859348300635,-0.1073765375366312,-1.0272105188847013e-08,712.4331274479607,927.0255575722307,631.1409475456468,304.9617373041673,20,3.9,
freMTPL2sev,TabPFN-V3,8,clean,raw,0.0,1,2000,1000,20261001,-1,1.204474893651094,1.204474893651094,0.035,,0,False,0.0,0.0,0.0,0.0,461.26946885986325,528.6795157626952,254.44948793613287,66.81688439468755,11,0.0,
freMTPL2sev,TabPFN-V3,8,visible,raw,0.0,1,2000,1000,20261001,1890,2.6698245876528977,1.204474893651094,0.035,1,0,False,-0.06940274556131852,0.03105645708784513,-0.026753869302353562,0.335461090319907,470.8876318481445,519.7933871982422,262.1379977017579,93.0368326935157,12,8.8,
freMTPL2sev,TabPFN-V3,8,random,raw,0.0,1,2000,1000,20261001,1979,1.1872161925066806,1.204474893651094,0.035,4,0,False,0.0008970685019951081,0.0020591233823318194,0.01590405190257778,0.03354551740904399,461.46366229370113,528.0903335532228,258.92199837070325,67.80378053335943,11,9.6,
freMTPL2sev,TabPFN-V3,8,clean,clip,200.0,1,2000,1000,20261001,-1,1.204474893651094,1.204474893651094,0.035,,3,False,0.008956192184984304,0.026622332753673747,-0.024410555720881744,-0.2243096016362906,460.55805258056637,528.6412079184571,253.38349942050792,69.47007000796879,11,8.6,
freMTPL2sev,TabPFN-V3,8,visible,clip,200.0,1,2000,1000,20261001,1890,2.6698245876528977,1.204474893651094,0.035,1,4,False,0.012151216126178602,0.021432672582582312,0.000403420832065536,-0.12338416479017784,460.58698350830076,527.2557762387695,255.500115382422,63.859649673984414,11,9.3,
freMTPL2sev,TabPFN-V3,8,random,clip,200.0,1,2000,1000,20261001,1979,1.1872161925066806,1.204474893651094,0.035,4,4,False,0.008560887807872605,0.02432502134202439,-0.005725165818435287,-0.1491604401905662,460.7527767358399,528.080801758789,257.47935130527355,62.773632825351605,11,8.9,
freMTPL2sev,TabICLv2,8,clean,raw,0.0,1,2000,1000,20261001,-1,1.204474893651094,1.204474893651094,0.035,,0,False,0.0,0.0,0.0,0.0,463.3935843017578,534.3084645810546,290.0125448062502,81.40972833707035,3,0.0,
freMTPL2sev,TabICLv2,8,visible,raw,0.0,1,2000,1000,20261001,1890,2.6698245876528977,1.204474893651094,0.035,1,0,False,-0.01906203567027466,0.030511393529443508,-0.1061773480092641,0.05462665996510971,468.94861285400384,540.8702084726563,321.63910086093773,86.0173571407813,5,5.1,
freMTPL2sev,TabICLv2,8,random,raw,0.0,1,2000,1000,20261001,1979,1.1872161925066806,1.204474893651094,0.035,4,0,False,-3.357501934116779e-05,-0.0006728382605904614,0.010101688547125148,0.016017151004185423,463.7923506640625,535.1331643857421,298.3265339175783,80.70673422574222,3,5.5,
freMTPL2sev,TabICLv2,8,clean,clip,200.0,1,2000,1000,20261001,-1,1.204474893651094,1.204474893651094,0.035,,3,False,0.000632138650188687,-0.02848721271328362,-0.022539158562675167,-0.0863494316499697,462.80375235717764,535.8127608798828,278.81596240878923,73.18169304996096,4,5.5,
freMTPL2sev,TabICLv2,8,visible,clip,200.0,1,2000,1000,20261001,1890,2.6698245876528977,1.204474893651094,0.035,1,4,False,0.004283656073522424,-0.033232476709099894,-0.0327993765521902,-0.08652409565140501,463.11069132080075,529.6340984140626,279.54201361972673,73.82466588687504,4,5.4,
freMTPL2sev,TabICLv2,8,random,clip,200.0,1,2000,1000,20261001,1979,1.1872161925066806,1.204474893651094,0.035,4,4,False,0.0003225548360845029,-0.03227053297183316,-0.017817072482833325,-0.06924590462243468,463.32958127807615,536.36832415625,279.5435683121096,72.75534235953128,4,5.4,
freMTPL2sev,GBM,8,clean,raw,0.0,1,2000,1000,20261001,-1,1.204474893651094,1.204474893651094,0.035,,0,False,0.0,0.0,0.0,0.0,461.336924995033,562.879531577281,252.57548785563617,67.17406268037375,10,0.0,
freMTPL2sev,GBM,8,visible,raw,0.0,1,2000,1000,20261001,1890,2.6698245876528977,1.204474893651094,0.035,1,0,False,0.0,0.032264155235474094,0.16518992785906195,0.47781010026488147,461.336924995033,555.2979119472046,272.60545765520004,86.05886309913669,8,3.7,
freMTPL2sev,GBM,8,random,raw,0.0,1,2000,1000,20261001,1979,1.1872161925066806,1.204474893651094,0.035,4,0,False,1.1070435921313665e-05,0.034481599888653514,0.057723315356145465,-0.26316180557321645,465.2144486124121,533.4325349863731,265.5570188884322,71.43505635419045,12,4.1,
freMTPL2sev,GBM,8,clean,clip,200.0,1,2000,1000,20261001,-1,1.204474893651094,1.204474893651094,0.035,,3,False,0.0,-0.0009106289466066725,0.0,0.00370180488869622,461.336924995033,539.367595433972,251.2480586755293,60.645822507790335,10,3.9,
freMTPL2sev,GBM,8,visible,clip,200.0,1,2000,1000,20261001,1890,2.6698245876528977,1.204474893651094,0.035,1,4,False,0.0,0.010700674245985847,0.16518992785906195,0.4778100990194657,461.336924995033,533.1243003637132,247.4771816646813,83.50209660404134,8,3.9,
freMTPL2sev,GBM,8,random,clip,200.0,1,2000,1000,20261001,1979,1.1872161925066806,1.204474893651094,0.035,4,4,False,1.1070435921313665e-05,-0.004502829849598306,0.057723315356145465,0.16584233079316407,465.2144486124121,530.0704017117031,264.5139348916183,66.89642820914746,12,4.0,
freMTPL2sev,TabPFN-V3,9,clean,raw,0.0,1,2000,1000,20261001,-1,1.5096205541777379,1.5096205541777379,0.0395,,0,False,0.0,0.0,0.0,0.0,965.6777419738769,1433.9662518750001,1189.1003204296874,935.2616248574221,20,0.0,
freMTPL2sev,TabPFN-V3,9,visible,raw,0.0,1,2000,1000,20261001,94,2.215782757951575,1.5096205541777379,0.0395,1,0,False,-0.07867417266116591,-0.03495800663428818,-0.004510827401206457,0.034034069669990584,974.6888824353027,1433.411806894531,1186.9715562744143,947.4979374687501,20,9.6,
freMTPL2sev,TabPFN-V3,9,random,raw,0.0,1,2000,1000,20261001,512,1.4160621147553865,1.5096205541777379,0.0395,3,0,False,-0.001709693444071626,0.0018120032019306232,0.025010458057545402,0.07076380665216558,965.573154206543,1432.564997055664,1187.949646098633,933.6710454257812,19,9.3,
freMTPL2sev,TabPFN-V3,9,clean,clip,200.0,1,2000,1000,20261001,-1,1.5096205541777379,1.5096205541777379,0.0395,,2,False,0.006003264370697336,-0.04162985054370551,0.014395966113880812,-0.16872754203784357,965.4002151306153,1434.1912687377933,1187.2131361328127,954.6591865566405,18,9.4,
freMTPL2sev,TabPFN-V3,9,visible,clip,200.0,1,2000,1000,20261001,94,2.215782757951575,1.5096205541777379,0.0395,1,3,False,0.004829981027814907,-0.030859337938914523,0.008583725595225664,-0.1159871567897651,965.5254581103517,1444.0572654907228,1192.049480385742,950.1451064199218,18,9.1,
freMTPL2sev,TabPFN-V3,9,random,clip,200.0,1,2000,1000,20261001,512,1.4160621147553865,1.5096205541777379,0.0395,3,3,False,0.006267111537308239,-0.02692476899998606,0.01645520535978843,-0.10295163324250917,965.6088199157715,1431.8357759790038,1188.683422041016,946.6048120156249,18,9.7,
freMTPL2sev,TabICLv2,9,clean,raw,0.0,1,2000,1000,20261001,-1,1.5096205541777379,1.5096205541777379,0.0395,,0,False,0.0,0.0,0.0,0.0,968.7638470483398,1429.0157564916992,1165.11939125,943.2034064443358,9,0.0,
freMTPL2sev,TabICLv2,9,visible,raw,0.0,1,2000,1000,20261001,94,2.215782757951575,1.5096205541777379,0.0395,1,0,False,-0.021830570129387623,0.06490392975347517,0.012881041929416618,0.16429123055478584,974.818427175293,1440.3351534350586,1194.4222522851564,935.8714350371093,11,6.9,
freMTPL2sev,TabICLv2,9,random,raw,0.0,1,2000,1000,20261001,512,1.4160621147553865,1.5096205541777379,0.0395,3,0,False,-0.0011533726713349572,0.010431593175400189,0.10882255918182233,0.11595077337582009,968.8471416442871,1430.2296489941407,1175.8048933789064,935.9153023984373,9,6.0,
freMTPL2sev,TabICLv2,9,clean,clip,200.0,1,2000,1000,20261001,-1,1.5096205541777379,1.5096205541777379,0.0395,,2,False,0.0053599330962554835,-0.011251168996925355,0.04690622294908953,-0.03734743357851214,970.2208193090821,1431.0934556542968,1156.6591316699219,947.0146746318359,9,5.3,
freMTPL2sev,TabICLv2,9,visible,clip,200.0,1,2000,1000,20261001,94,2.215782757951575,1.5096205541777379,0.0395,1,3,False,0.007107969254030984,-0.006506254659420181,0.10584522349356461,0.029317030980448775,969.906043984375,1435.5488219458005,1161.608347871094,941.1707973095703,8,5.6,
freMTPL2sev,TabICLv2,9,random,clip,200.0,1,2000,1000,20261001,512,1.4160621147553865,1.5096205541777379,0.0395,3,3,False,0.005909475951273738,-0.002175871933292156,0.11358936208180496,0.03648146679272407,969.6137289562989,1433.8750706323244,1158.3355483789067,935.4547497812499,9,5.7,
freMTPL2sev,GBM,9,clean,raw,0.0,1,2000,1000,20261001,-1,1.5096205541777379,1.5096205541777379,0.0395,,0,False,0.0,0.0,0.0,0.0,968.7588038170857,1415.4205766360658,1196.4428218451887,873.6464138445191,19,0.0,
freMTPL2sev,GBM,9,visible,raw,0.0,1,2000,1000,20261001,94,2.215782757951575,1.5096205541777379,0.0395,1,0,False,0.0,0.0,0.0584811525864872,-0.04428659887299374,968.7588038170857,1415.4205766360658,1211.560383396466,893.7009322132187,20,4.0,
freMTPL2sev,GBM,9,random,raw,0.0,1,2000,1000,20261001,512,1.4160621147553865,1.5096205541777379,0.0395,3,0,False,-0.0009293747537180339,0.0027185299293640717,0.039795527789532534,0.6552059462199492,971.9098245891322,1412.1052412566225,1194.0423333497122,930.4018205163143,19,3.9,
freMTPL2sev,GBM,9,clean,clip,200.0,1,2000,1000,20261001,-1,1.5096205541777379,1.5096205541777379,0.0395,,2,False,0.0,0.0,0.0,-0.12550494952794733,968.7588038170857,1415.4205766360658,1196.4428218451887,929.2318807793043,19,3.6,
freMTPL2sev,GBM,9,visible,clip,200.0,1,2000,1000,20261001,94,2.215782757951575,1.5096205541777379,0.0395,1,3,False,0.0,0.0,0.0584811525864872,0.1443719716106795,968.7588038170857,1415.4205766360658,1211.560383396466,881.4904497394765,20,3.9,
freMTPL2sev,GBM,9,random,clip,200.0,1,2000,1000,20261001,512,1.4160621147553865,1.5096205541777379,0.0395,3,3,False,-0.0009293747537180339,0.0027185299293640717,0.039795527789532534,0.5006188686801971,971.9098245891322,1412.1052412566225,1194.0423333497122,912.1007027584244,19,4.1,
freMTPL2sev,TabPFN-V3,10,clean,raw,0.0,1,2000,1000,20261001,-1,1.2760474694092157,1.2760474694092157,0.049,,0,False,0.0,0.0,0.0,0.0,2982.3753214562985,5043.367896437987,5104.411120271484,4698.913655233202,16,0.0,
freMTPL2sev,TabPFN-V3,10,visible,raw,0.0,1,2000,1000,20261001,477,3.6365659739969565,1.2760474694092157,0.049,1,0,False,-0.07549811379871214,-0.10007261257310147,-0.11365374469732575,0.011840418456311723,2991.05619810791,5052.931560578613,5113.396596921875,4642.897979330859,20,9.5,
freMTPL2sev,TabPFN-V3,10,random,raw,0.0,1,2000,1000,20261001,1135,1.222055931274037,1.2760474694092157,0.049,2,0,False,0.0007775693335307092,0.00019075185276169602,0.017214724252787805,0.07767461675942805,2982.625656778564,5043.916307558593,5105.501155208009,4657.475225004687,16,8.8,
freMTPL2sev,TabPFN-V3,10,clean,clip,200.0,1,2000,1000,20261001,-1,1.2760474694092157,1.2760474694092157,0.049,,3,False,-0.004154113559533747,-0.045128050295264344,0.015256615820631866,-0.15550736316071478,2982.173138917236,5045.943755227051,5097.649686418945,4765.763628594532,16,9.0,
freMTPL2sev,TabPFN-V3,10,visible,clip,200.0,1,2000,1000,20261001,477,3.6365659739969565,1.2760474694092157,0.049,1,4,False,-0.0005260206574695049,-0.032044783285640255,0.03095812015317309,-0.0695384726721984,2982.222229554443,5046.340384926757,5096.78943328418,4730.510375973437,15,9.2,
freMTPL2sev,TabPFN-V3,10,random,clip,200.0,1,2000,1000,20261001,1135,1.222055931274037,1.2760474694092157,0.049,2,4,False,0.0008731907970747524,-0.03134566775754867,0.03298101270910635,-0.07283262377947719,2982.2425185913085,5045.63260512207,5099.215301072264,4731.830969127734,15,9.3,
freMTPL2sev,TabICLv2,10,clean,raw,0.0,1,2000,1000,20261001,-1,1.2760474694092157,1.2760474694092157,0.049,,0,False,0.0,0.0,0.0,0.0,2981.8486153991694,5039.438092292481,5064.991019856446,4752.206451304492,11,0.0,
freMTPL2sev,TabICLv2,10,visible,raw,0.0,1,2000,1000,20261001,477,3.6365659739969565,1.2760474694092157,0.049,1,0,False,-0.049152005435493785,0.07119247870928487,-0.12373018833928837,0.08039787217196126,2989.7597203149408,5071.591128195801,5098.165143611328,4724.526023690235,12,5.5,
freMTPL2sev,TabICLv2,10,random,raw,0.0,1,2000,1000,20261001,1135,1.222055931274037,1.2760474694092157,0.049,2,0,False,-0.00026850529953883524,0.022926764510346358,0.052848662355972804,0.06165470294431514,2982.0381097827144,5045.852762890625,5055.0964019218745,4717.71966533086,11,5.1,
freMTPL2sev,TabICLv2,10,clean,clip,200.0,1,2000,1000,20261001,-1,1.2760474694092157,1.2760474694092157,0.049,,3,False,0.0009150824780787047,-0.018248220348681052,-0.0115241233821016,-0.0599777018961565,2981.5135236718747,5026.721847028809,5068.81473394336,4787.858551865039,11,5.5,
freMTPL2sev,TabICLv2,10,visible,clip,200.0,1,2000,1000,20261001,477,3.6365659739969565,1.2760474694092157,0.049,1,4,False,0.0011812066407709335,-0.0164457731911484,0.005500807446459916,-0.02821367669639443,2981.6028861853024,5029.719260854492,5058.849063962891,4762.126816373829,11,5.5,
freMTPL2sev,TabICLv2,10,random,clip,200.0,1,2000,1000,20261001,1135,1.222055931274037,1.2760474694092157,0.049,2,4,False,0.0010566662175689164,0.0021181542705148012,0.03628497242053853,-0.009289339624595942,2981.5719687341307,5035.547884758301,5062.02770472461,4758.962760071094,11,5.7,
freMTPL2sev,GBM,10,clean,raw,0.0,1,2000,1000,20261001,-1,1.2760474694092157,1.2760474694092157,0.049,,0,False,0.0,0.0,0.0,0.0,2981.888679289342,5084.659505733158,5109.950253896618,4671.473960618321,12,0.0,
freMTPL2sev,GBM,10,visible,raw,0.0,1,2000,1000,20261001,477,3.6365659739969565,1.2760474694092157,0.049,1,0,False,0.0,0.0,0.00982437701493852,0.24808463761731958,2981.888679289342,5084.74441015557,5110.172370584553,3887.80961060455,12,4.1,
freMTPL2sev,GBM,10,random,raw,0.0,1,2000,1000,20261001,1135,1.222055931274037,1.2760474694092157,0.049,2,0,False,0.0017617796762121236,0.00038320565033265314,-0.01897138173300121,0.2480846376165255,2983.1104193245783,5084.091540775898,5113.388685786423,4632.624448458431,13,4.1,
freMTPL2sev,GBM,10,clean,clip,200.0,1,2000,1000,20261001,-1,1.2760474694092157,1.2760474694092157,0.049,,3,False,0.0,0.018827152792986315,0.0,0.002383966232277115,2981.888679289342,5080.469741245743,5109.058957218226,4669.849592637007,12,4.0,
freMTPL2sev,GBM,10,visible,clip,200.0,1,2000,1000,20261001,477,3.6365659739969565,1.2760474694092157,0.049,1,4,False,0.0,0.02074760322997031,0.00982437701493852,0.2480846372486787,2981.888679289342,5080.614556919317,5109.28107390616,4610.773656361692,12,4.0,
freMTPL2sev,GBM,10,random,clip,200.0,1,2000,1000,20261001,1135,1.222055931274037,1.2760474694092157,0.049,2,4,False,0.0017617796762121236,0.008306893012909202,-0.01897138173300121,0.24808463725689986,2983.1104193245783,5075.23534139256,5112.503771613585,4635.752744276133,13,4.0,
freMTPL2sev,TabPFN-V3,11,clean,raw,0.0,1,2000,1000,20261001,-1,1.2082264580329007,1.2082264580329007,0.0995,,0,False,0.0,0.0,0.0,0.0,820.5537102969361,1173.5024996000975,832.9273548562501,483.3116634465626,21,0.0,
freMTPL2sev,TabPFN-V3,11,visible,raw,0.0,1,2000,1000,20261001,1790,2.9572317782945263,1.2082264580329007,0.0995,1,0,False,-0.04517911927581435,0.0015918732013240583,0.03361924441387624,0.5208544277039255,826.4494421551514,1173.2100902519533,825.4782269119141,394.20865514968756,21,9.1,
freMTPL2sev,TabPFN-V3,11,random,raw,0.0,1,2000,1000,20261001,1393,4.091251252452578,1.2082264580329007,0.0995,1,0,False,-0.05790090082010157,-0.03255377745100973,-0.0032827983223490476,0.30524837864051557,830.2416290124513,1175.2441022734376,830.33062423125,418.32088347585943,21,9.3,
freMTPL2sev,TabPFN-V3,11,clean,clip,200.0,1,2000,1000,20261001,-1,1.2082264580329007,1.2082264580329007,0.0995,,0,True,0.0,0.0,0.0,0.0,820.5537102969361,1173.5024996000975,832.9273548562501,483.3116634465626,21,0.0,
freMTPL2sev,TabPFN-V3,11,visible,clip,200.0,1,2000,1000,20261001,1790,2.9572317782945263,1.2082264580329007,0.0995,1,1,False,0.0040122670711562215,0.014114309698961835,0.017775700438055292,0.0798715558115482,820.4452520727539,1174.4882711040038,831.0482876296877,453.5246053782032,21,9.1,
freMTPL2sev,TabPFN-V3,11,random,clip,200.0,1,2000,1000,20261001,1393,4.091251252452578,1.2082264580329007,0.0995,1,1,False,0.004988103328795743,0.0128682800712384,0.01919976853307797,0.07912757979033475,820.3910605554199,1174.3772378691408,830.004219934375,452.498178610625,21,9.8,
freMTPL2sev,TabICLv2,11,clean,raw,0.0,1,2000,1000,20261001,-1,1.2082264580329007,1.2082264580329007,0.0995,,0,False,0.0,0.0,0.0,0.0,820.9633054589843,1177.9156210649414,778.7233855837893,513.0952050383595,14,0.0,
freMTPL2sev,TabICLv2,11,visible,raw,0.0,1,2000,1000,20261001,1790,2.9572317782945263,1.2082264580329007,0.0995,1,0,False,-0.017191266239267426,0.017292981386415045,-0.12611168626007357,0.05860602707721364,826.3706803234863,1178.8224163212892,784.2969908035158,489.9426597336719,13,5.5,
freMTPL2sev,TabICLv2,11,random,raw,0.0,1,2000,1000,20261001,1393,4.091251252452578,1.2082264580329007,0.0995,1,0,False,-0.03816358268008001,0.037721225301150345,-0.15940984154196447,0.055595649593794316,829.7999446875,1176.094986934082,767.6693465066407,480.5756492619921,14,5.8,
freMTPL2sev,TabICLv2,11,clean,clip,200.0,1,2000,1000,20261001,-1,1.2082264580329007,1.2082264580329007,0.0995,,0,True,0.0,0.0,0.0,0.0,820.9633054589843,1177.9156210649414,778.7233855837893,513.0952050383595,14,0.0,
freMTPL2sev,TabICLv2,11,visible,clip,200.0,1,2000,1000,20261001,1790,2.9572317782945263,1.2082264580329007,0.0995,1,1,False,0.0005384596127889898,0.0255281508130816,0.08038479433443257,0.09717404034570129,820.8921226123048,1184.0430615581056,769.5716011843753,489.1668566164845,13,5.0,
freMTPL2sev,TabICLv2,11,random,clip,200.0,1,2000,1000,20261001,1393,4.091251252452578,1.2082264580329007,0.0995,1,1,False,-0.0004506619218306142,0.019717376685093192,0.08079264268011652,0.10158939094935461,820.9950286889649,1179.6769564726562,766.4818866970705,482.56027412820316,13,5.8,
freMTPL2sev,GBM,11,clean,raw,0.0,1,2000,1000,20261001,-1,1.2082264580329007,1.2082264580329007,0.0995,,0,False,0.0,0.0,0.0,0.0,821.5237916696191,1168.4335818338193,836.2910698493037,493.42601921350877,23,0.0,
freMTPL2sev,GBM,11,visible,raw,0.0,1,2000,1000,20261001,1790,2.9572317782945263,1.2082264580329007,0.0995,1,0,False,0.0,0.0,-0.02661011642561927,0.02854561114624159,821.5237916696191,1168.4335818338193,819.8766095331702,308.23306374429745,25,4.0,
freMTPL2sev,GBM,11,random,raw,0.0,1,2000,1000,20261001,1393,4.091251252452578,1.2082264580329007,0.0995,1,0,False,0.0,-0.00016392440091125528,-0.08697179384475759,0.008814935846258217,821.5237916696191,1168.7345448686526,883.0796771069953,496.26707963991055,21,4.0,
freMTPL2sev,GBM,11,clean,clip,200.0,1,2000,1000,20261001,-1,1.2082264580329007,1.2082264580329007,0.0995,,0,True,0.0,0.0,0.0,0.0,821.5237916696191,1168.4335818338193,836.2910698493037,493.42601921350877,23,0.0,
freMTPL2sev,GBM,11,visible,clip,200.0,1,2000,1000,20261001,1790,2.9572317782945263,1.2082264580329007,0.0995,1,1,False,0.0,0.0,-0.02661011642561927,0.02854561114624159,821.5237916696191,1168.4335818338193,819.8766095331702,428.3078157435424,25,4.0,
freMTPL2sev,GBM,11,random,clip,200.0,1,2000,1000,20261001,1393,4.091251252452578,1.2082264580329007,0.0995,1,1,False,0.0,-0.00016392440091125528,-0.02360305015405189,0.008814935846258217,821.5237916696191,1168.7345448686526,822.2856737685106,495.66908966850144,19,4.1,
freMTPL2sev,TabPFN-V3,12,clean,raw,0.0,1,2000,1000,20261001,-1,1.1189740851092642,1.1189740851092642,0.1125,,0,False,0.0,0.0,0.0,0.0,509.686020369873,609.3889618154296,279.64444969130864,103.36890907093749,18,0.0,
freMTPL2sev,TabPFN-V3,12,visible,raw,0.0,1,2000,1000,20261001,305,2.1825688127958713,1.1189740851092642,0.1125,1,0,False,-0.01704332896971681,0.030297269323786853,-0.026721391595676935,0.4921125044984287,511.00797837768545,612.5433157070314,278.52130271621104,80.95485625355472,17,8.8,
freMTPL2sev,TabPFN-V3,12,random,raw,0.0,1,2000,1000,20261001,1760,1.268023316994704,1.1189740851092642,0.1125,1,0,False,0.005938462955434049,0.01810647315637267,-0.012786733499010954,0.12369243085583723,509.76255473876955,608.2523132802735,276.5434214295899,96.77178203285158,18,9.7,
freMTPL2sev,TabPFN-V3,12,clean,clip,200.0,1,2000,1000,20261001,-1,1.1189740851092642,1.1189740851092642,0.1125,,0,True,0.0,0.0,0.0,0.0,509.686020369873,609.3889618154296,279.64444969130864,103.36890907093749,18,0.0,
freMTPL2sev,TabPFN-V3,12,visible,clip,200.0,1,2000,1000,20261001,305,2.1825688127958713,1.1189740851092642,0.1125,1,1,False,0.0034813967578382894,0.008669247201711671,-0.0173303298405764,0.08252702408729926,509.69766493286136,608.8311717592773,278.0230996620118,93.64225533851564,19,10.0,
freMTPL2sev,TabPFN-V3,12,random,clip,200.0,1,2000,1000,20261001,1760,1.268023316994704,1.1189740851092642,0.1125,1,1,False,0.004800637864885409,0.009787048783128648,-0.023052133247326065,0.07868637081457333,509.6974272619629,608.952089947754,278.16134787490245,96.43107802503908,18,9.4,
freMTPL2sev,TabICLv2,12,clean,raw,0.0,1,2000,1000,20261001,-1,1.1189740851092642,1.1189740851092642,0.1125,,0,False,0.0,0.0,0.0,0.0,511.8964874401856,625.3352396840821,272.25141312636737,107.4248721832422,6,0.0,
freMTPL2sev,TabICLv2,12,visible,raw,0.0,1,2000,1000,20261001,305,2.1825688127958713,1.1189740851092642,0.1125,1,0,False,-0.0004929478769304045,0.005433035974733063,-0.060949423378194256,0.09809286957633381,511.67733573730465,624.3083430190428,277.6918984437502,99.20422965199221,7,6.1,
freMTPL2sev,TabICLv2,12,random,raw,0.0,1,2000,1000,20261001,1760,1.268023316994704,1.1189740851092642,0.1125,1,0,False,0.001290205654795538,0.01759312723797475,0.0762690386143548,0.1270567418166903,511.1298045373535,626.4644359560547,273.5559710121095,100.55875474183595,5,5.6,
freMTPL2sev,TabICLv2,12,clean,clip,200.0,1,2000,1000,20261001,-1,1.1189740851092642,1.1189740851092642,0.1125,,0,True,0.0,0.0,0.0,0.0,511.8964874401856,625.3352396840821,272.25141312636737,107.4248721832422,6,0.0,
freMTPL2sev,TabICLv2,12,visible,clip,200.0,1,2000,1000,20261001,305,2.1825688127958713,1.1189740851092642,0.1125,1,1,False,0.0010727984137369469,0.004711254838146875,0.056823340679960734,0.09588297869722223,510.73184660522463,625.0428305263671,280.5484461781252,104.99582753382815,6,6.2,
freMTPL2sev,TabICLv2,12,random,clip,200.0,1,2000,1000,20261001,1760,1.268023316994704,1.1189740851092642,0.1125,1,1,False,0.0015371341559469402,0.017259876831633998,0.07569772837537503,0.11713299927536283,511.22452133422854,626.1840780751952,273.5709853773439,101.61978551234378,6,6.1,
freMTPL2sev,GBM,12,clean,raw,0.0,1,2000,1000,20261001,-1,1.1189740851092642,1.1189740851092642,0.1125,,0,False,0.0,0.0,0.0,0.0,513.17684819017,599.5621165933245,275.7419002231988,95.99825098406723,14,0.0,
freMTPL2sev,GBM,12,visible,raw,0.0,1,2000,1000,20261001,305,2.1825688127958713,1.1189740851092642,0.1125,1,0,False,0.0,0.0,-0.011070593989492693,0.06897292911288216,513.17684819017,599.5621165933245,270.5594695275216,153.39843117245593,14,4.3,
freMTPL2sev,GBM,12,random,raw,0.0,1,2000,1000,20261001,1760,1.268023316994704,1.1189740851092642,0.1125,1,0,False,0.0,0.0011861545572769724,0.00992358547806073,0.38389739478720286,513.17684819017,597.7509660411341,281.94925288750443,112.0054043758651,13,4.4,
freMTPL2sev,GBM,12,clean,clip,200.0,1,2000,1000,20261001,-1,1.1189740851092642,1.1189740851092642,0.1125,,0,True,0.0,0.0,0.0,0.0,513.17684819017,599.5621165933245,275.7419002231988,95.99825098406723,14,0.0,
freMTPL2sev,GBM,12,visible,clip,200.0,1,2000,1000,20261001,305,2.1825688127958713,1.1189740851092642,0.1125,1,1,False,0.0,0.0,-0.011070593989492693,0.08586756002811435,513.17684819017,599.5621165933245,270.5594695275216,145.9457755545539,14,5.0,
freMTPL2sev,GBM,12,random,clip,200.0,1,2000,1000,20261001,1760,1.268023316994704,1.1189740851092642,0.1125,1,1,False,0.0,0.0011861545572769724,0.00992358547806073,0.3837512712690788,513.17684819017,597.7509660411341,281.94925288750443,110.11424369388878,13,4.9,
freMTPL2sev,TabPFN-V3,13,clean,raw,0.0,1,2000,1000,20261001,-1,1.0458741950244943,1.0458741950244943,0.1075,,0,False,0.0,0.0,0.0,0.0,932.7526275097657,1353.4938226313477,940.4650098224611,544.5568648401563,22,0.0,
freMTPL2sev,TabPFN-V3,13,visible,raw,0.0,1,2000,1000,20261001,1867,2.0988977971579326,1.0458741950244943,0.1075,1,0,False,-0.010789583634551883,0.006590552361694656,-0.004281895988017146,0.5158138995167754,932.9348369995117,1357.1480040351562,938.221793391797,411.7897723440625,22,10.5,
freMTPL2sev,TabPFN-V3,13,random,raw,0.0,1,2000,1000,20261001,1419,1.2484468376384201,1.0458741950244943,0.1075,1,0,False,0.0014077684803802492,0.0018896676337564807,-0.02705023572718426,0.1668002350946326,932.8876618872071,1358.003141161621,948.4903783454102,501.47785153351566,22,10.2,
freMTPL2sev,TabPFN-V3,13,clean,clip,200.0,1,2000,1000,20261001,-1,1.0458741950244943,1.0458741950244943,0.1075,,0,True,0.0,0.0,0.0,0.0,932.7526275097657,1353.4938226313477,940.4650098224611,544.5568648401563,22,0.0,
freMTPL2sev,TabPFN-V3,13,visible,clip,200.0,1,2000,1000,20261001,1867,2.0988977971579326,1.0458741950244943,0.1075,1,1,False,0.0010497651970801042,-0.004030554741520693,-0.009283447253432208,0.07197890349554434,932.7935546582031,1356.5807736494141,943.0140282184573,529.2534766585155,22,9.7,
freMTPL2sev,TabPFN-V3,13,random,clip,200.0,1,2000,1000,20261001,1419,1.2484468376384201,1.0458741950244943,0.1075,1,1,False,0.0016569812705160667,-0.0014214862491913082,-0.009361783585032505,0.07250352560805692,932.8190218212891,1356.0794570600585,944.1792446198242,529.9501182581251,22,8.9,
freMTPL2sev,TabICLv2,13,clean,raw,0.0,1,2000,1000,20261001,-1,1.0458741950244943,1.0458741950244943,0.1075,,0,False,0.0,0.0,0.0,0.0,932.7897941894531,1346.242534621094,913.8813624738283,629.6082230667188,13,0.0,
freMTPL2sev,TabICLv2,13,visible,raw,0.0,1,2000,1000,20261001,1867,2.0988977971579326,1.0458741950244943,0.1075,1,0,False,-0.0009317188240151753,0.05377360214627695,0.053613044020198466,0.2081616516690353,934.1123420507812,1351.4982862690429,893.8701500128908,576.889893947578,12,4.9,
freMTPL2sev,TabICLv2,13,random,raw,0.0,1,2000,1000,20261001,1419,1.2484468376384201,1.0458741950244943,0.1075,1,0,False,-0.004924129053940114,0.02760171442164043,0.17062152362569943,0.19495236063431792,933.1601110974121,1350.4950254511718,882.7397938605471,567.4936380598828,11,5.3,
freMTPL2sev,TabICLv2,13,clean,clip,200.0,1,2000,1000,20261001,-1,1.0458741950244943,1.0458741950244943,0.1075,,0,True,0.0,0.0,0.0,0.0,932.7897941894531,1346.242534621094,913.8813624738283,629.6082230667188,13,0.0,
freMTPL2sev,TabICLv2,13,visible,clip,200.0,1,2000,1000,20261001,1867,2.0988977971579326,1.0458741950244943,0.1075,1,1,False,-0.0011876211182153809,0.010249286725732816,0.07832297483873256,0.08397888971637175,932.8258047631837,1347.0099119746094,899.4623269953127,601.9644672434766,12,5.5,
freMTPL2sev,TabICLv2,13,random,clip,200.0,1,2000,1000,20261001,1419,1.2484468376384201,1.0458741950244943,0.1075,1,1,False,-0.0005359746909303322,0.014679759074814667,0.08706872240616095,0.09188256625994891,932.9936942700197,1347.211772831543,905.3492153498048,605.2817296624219,13,5.5,
freMTPL2sev,GBM,13,clean,raw,0.0,1,2000,1000,20261001,-1,1.0458741950244943,1.0458741950244943,0.1075,,0,False,0.0,0.0,0.0,0.0,934.7550236234811,1354.6646067865686,917.7324445681409,634.3633245541758,26,0.0,
freMTPL2sev,GBM,13,visible,raw,0.0,1,2000,1000,20261001,1867,2.0988977971579326,1.0458741950244943,0.1075,1,0,False,0.0,0.018145619688018227,-0.056575442508056045,0.16182233972782323,934.7550236234811,1347.248055288857,917.3471236937307,496.86532715693784,21,4.1,
freMTPL2sev,GBM,13,random,raw,0.0,1,2000,1000,20261001,1419,1.2484468376384201,1.0458741950244943,0.1075,1,0,False,0.0,0.025718233980227195,-0.15620859646007015,0.4439268252827456,934.7550236234811,1359.357419972747,924.5700006507457,589.9193232611439,31,4.1,
freMTPL2sev,GBM,13,clean,clip,200.0,1,2000,1000,20261001,-1,1.0458741950244943,1.0458741950244943,0.1075,,0,True,0.0,0.0,0.0,0.0,934.7550236234811,1354.6646067865686,917.7324445681409,634.3633245541758,26,0.0,
freMTPL2sev,GBM,13,visible,clip,200.0,1,2000,1000,20261001,1867,2.0988977971579326,1.0458741950244943,0.1075,1,1,False,0.0,0.018145619688018227,-0.056575442508056045,0.09598043526291025,934.7550236234811,1347.248055288857,917.3471236937307,602.0653559503032,21,4.0,
freMTPL2sev,GBM,13,random,clip,200.0,1,2000,1000,20261001,1419,1.2484468376384201,1.0458741950244943,0.1075,1,1,False,0.0,0.025718233980227195,-0.1170178632381226,0.4155889339687547,934.7550236234811,1359.357419972747,919.8481655435804,586.0618039772024,28,4.1,
freMTPL2sev,TabPFN-V3,14,clean,raw,0.0,1,2000,1000,20261001,-1,1.2406959787966931,1.2406959787966931,0.0225,,0,False,0.0,0.0,0.0,0.0,1363.4795088952635,2132.927194867676,1882.8297374015629,1644.4343051542185,12,0.0,
freMTPL2sev,TabPFN-V3,14,visible,raw,0.0,1,2000,1000,20261001,1701,2.4493943250381185,1.2406959787966931,0.0225,1,0,False,-0.03831552035562413,0.15297796518033602,-0.09136967176725148,0.059954922480876555,1370.3835082409666,2115.5810538764654,1881.8447405509764,1641.8097114530467,15,9.8,
freMTPL2sev,TabPFN-V3,14,random,raw,0.0,1,2000,1000,20261001,1057,1.2306687510033767,1.2406959787966931,0.0225,6,0,False,-0.001698560466690925,0.014854488650720279,0.024621818711347283,0.14467304939275583,1363.5931597546385,2133.1334832124026,1882.119681425,1633.65789983,11,8.8,
freMTPL2sev,TabPFN-V3,14,clean,clip,200.0,1,2000,1000,20261001,-1,1.2406959787966931,1.2406959787966931,0.0225,,5,False,0.046515563596588594,0.05667886669858632,0.031097770679996646,-0.2099800517279628,1358.1703319042967,2128.9685899116207,1884.9052121183595,1656.3581648905465,14,9.4,
freMTPL2sev,TabPFN-V3,14,visible,clip,200.0,1,2000,1000,20261001,1701,2.4493943250381185,1.2406959787966931,0.0225,1,6,False,0.04765730359049632,0.04980225261307669,0.03945527786597632,-0.1332299305710899,1358.3338760375977,2129.3280441425777,1884.7999491691407,1652.0317601796098,14,9.7,
freMTPL2sev,TabPFN-V3,14,random,clip,200.0,1,2000,1000,20261001,1057,1.2306687510033767,1.2406959787966931,0.0225,6,6,False,0.04559841806263089,0.053780847843556426,0.059804658195166005,-0.12459217991081792,1358.232456237793,2128.3452328828125,1884.8784661027341,1654.4783932909372,12,9.3,
freMTPL2sev,TabICLv2,14,clean,raw,0.0,1,2000,1000,20261001,-1,1.2406959787966931,1.2406959787966931,0.0225,,0,False,0.0,0.0,0.0,0.0,1362.8507508911132,2128.0464968720694,1920.8856105558598,1649.8226441444529,6,0.0,
freMTPL2sev,TabICLv2,14,visible,raw,0.0,1,2000,1000,20261001,1701,2.4493943250381185,1.2406959787966931,0.0225,1,0,False,-0.04678997977956196,0.08150701462219416,0.09913573268400436,0.26353038136966683,1369.478990175781,2133.3811589545894,2012.1901453507814,1654.7681897479688,7,5.6,
freMTPL2sev,TabICLv2,14,random,raw,0.0,1,2000,1000,20261001,1057,1.2306687510033767,1.2406959787966931,0.0225,6,0,False,0.0030250440266046345,0.019437930084089373,0.07697933280499392,0.0777800630244399,1362.350876401367,2132.1468182905273,1949.9869686320308,1645.9212846659375,6,5.2,
freMTPL2sev,TabICLv2,14,clean,clip,200.0,1,2000,1000,20261001,-1,1.2406959787966931,1.2406959787966931,0.0225,,5,False,0.013616396194067834,-0.03429595468569285,0.1533222356811873,-0.018815943764629035,1359.4053660498046,2138.8652629096687,1899.2398780167969,1628.604610097578,6,5.4,
freMTPL2sev,TabICLv2,14,visible,clip,200.0,1,2000,1000,20261001,1701,2.4493943250381185,1.2406959787966931,0.0225,1,6,False,0.009850403819798707,-0.029225475322221788,0.1574745212605834,0.004568898052239445,1359.462044555664,2140.935344442871,1906.1232353019532,1632.6664196346874,6,5.6,
freMTPL2sev,TabICLv2,14,random,clip,200.0,1,2000,1000,20261001,1057,1.2306687510033767,1.2406959787966931,0.0225,6,6,False,0.011847965199618313,-0.02386475574582098,0.21880724899971743,0.0481077216809531,1359.5814529663085,2137.90174789502,1911.715651307813,1624.5062629960153,6,5.3,
freMTPL2sev,GBM,14,clean,raw,0.0,1,2000,1000,20261001,-1,1.2406959787966931,1.2406959787966931,0.0225,,0,False,0.0,0.0,0.0,0.0,1360.5421143653446,2119.7910635996077,1932.0994979883899,1660.8760065469112,13,0.0,
freMTPL2sev,GBM,14,visible,raw,0.0,1,2000,1000,20261001,1701,2.4493943250381185,1.2406959787966931,0.0225,1,0,False,0.0,0.0,-0.12266243367652457,1.086717232750268,1360.5421143653446,2119.7910635996077,1981.5420779119831,1628.1029475753705,16,4.2,
freMTPL2sev,GBM,14,random,raw,0.0,1,2000,1000,20261001,1057,1.2306687510033767,1.2406959787966931,0.0225,6,0,False,0.0,0.003983133064748467,0.1428351875834672,0.8233652459901868,1360.5421143653446,2129.745887308128,1890.4577921219918,1588.3701902260752,6,4.0,
freMTPL2sev,GBM,14,clean,clip,200.0,1,2000,1000,20261001,-1,1.2406959787966931,1.2406959787966931,0.0225,,5,False,0.0,0.0,-0.042176579827468946,-0.282853248559101,1360.5421143653446,2119.7910635996077,1965.268934487082,1662.5147556068673,17,4.2,
freMTPL2sev,GBM,14,visible,clip,200.0,1,2000,1000,20261001,1701,2.4493943250381185,1.2406959787966931,0.0225,1,6,False,0.0,0.0,0.030864167136698026,-0.282853248559101,1360.5421143653446,2119.7910635996077,1895.3016307372789,1667.0327555825575,8,4.2,
freMTPL2sev,GBM,14,random,clip,200.0,1,2000,1000,20261001,1057,1.2306687510033767,1.2406959787966931,0.0225,6,6,False,0.0,0.003983133064748467,-0.019233524015806157,0.2601941651708955,1360.5421143653446,2127.1630985776787,1936.7477199529349,1606.875646060517,13,4.0,
freMTPL2sev,TabPFN-V3,15,clean,raw,0.0,1,2000,1000,20261001,-1,1.379092085383388,1.379092085383388,0.043,,0,False,0.0,0.0,0.0,0.0,545.0326483679199,678.2881688710938,372.7423617064455,73.39493702562505,9,0.0,
freMTPL2sev,TabPFN-V3,15,visible,raw,0.0,1,2000,1000,20261001,802,3.329683674590175,1.379092085383388,0.043,1,0,False,-0.06040946789634773,0.07842386070701687,-0.0898381546657788,-0.085204286757105,553.0754805358886,664.315604737793,365.80711529531266,90.64192405101569,11,8.8,
freMTPL2sev,TabPFN-V3,15,random,raw,0.0,1,2000,1000,20261001,1379,1.3749012867831416,1.379092085383388,0.043,12,0,False,0.0007554168567607789,0.004557990291922845,0.03163251397526072,0.03463335900401765,545.0096398510742,676.9150732900391,370.7789587132814,73.65050611937505,9,10.5,
freMTPL2sev,TabPFN-V3,15,clean,clip,200.0,1,2000,1000,20261001,-1,1.379092085383388,1.379092085383388,0.043,,3,False,0.0071222410278146756,-0.025302940984777242,-0.04286820743725049,-0.21835987395430995,544.3265130725098,672.5967261879882,364.80410936269544,83.01518478539069,10,9.2,
freMTPL2sev,TabPFN-V3,15,visible,clip,200.0,1,2000,1000,20261001,802,3.329683674590175,1.379092085383388,0.043,1,4,False,0.010078752130889598,-0.019876854953960035,-0.029898657113988387,-0.1421871651757735,544.4314284533691,679.4595541176757,367.7635465550782,74.28775957250004,10,9.3,
freMTPL2sev,TabPFN-V3,15,random,clip,200.0,1,2000,1000,20261001,1379,1.3749012867831416,1.379092085383388,0.043,12,3,False,0.0053997185433519584,-0.02866613981409748,-0.012435595913255559,-0.1854117428970577,544.434250489502,671.5809595986327,364.6214750560548,80.42648538500003,10,10.1,
freMTPL2sev,TabICLv2,15,clean,raw,0.0,1,2000,1000,20261001,-1,1.379092085383388,1.379092085383388,0.043,,0,False,0.0,0.0,0.0,0.0,551.3966895361328,750.3112713198243,439.53135491933614,153.62231190843752,9,0.0,
freMTPL2sev,TabICLv2,15,visible,raw,0.0,1,2000,1000,20261001,802,3.329683674590175,1.379092085383388,0.043,1,0,False,-0.048761525246633165,0.10010573161717537,0.039802154130145345,0.26453599829435304,561.5381307446288,743.4538135341797,442.48556902089865,103.74489207640629,8,5.0,
freMTPL2sev,TabICLv2,15,random,raw,0.0,1,2000,1000,20261001,1379,1.3749012867831416,1.379092085383388,0.043,12,0,False,0.004915504538851803,0.033776429816151046,0.10922838393751422,0.09727386174366282,554.4627274438476,759.0429776528321,454.9337180687503,150.62236851781253,8,5.5,
freMTPL2sev,TabICLv2,15,clean,clip,200.0,1,2000,1000,20261001,-1,1.379092085383388,1.379092085383388,0.043,,3,False,0.0157406485173718,0.0036192636521062676,0.2042817409074391,0.10670649210105071,549.984928161621,716.292674408203,423.2179507542971,141.64495158812502,6,5.9,
freMTPL2sev,TabICLv2,15,visible,clip,200.0,1,2000,1000,20261001,802,3.329683674590175,1.379092085383388,0.043,1,4,False,0.015940172565772955,0.009693362022488702,0.21793285320779612,0.13154220556221224,549.3362758276367,721.8724983828124,425.3774898949221,136.2264994826563,6,4.8,
freMTPL2sev,TabICLv2,15,random,clip,200.0,1,2000,1000,20261001,1379,1.3749012867831416,1.379092085383388,0.043,12,3,False,0.015281185681585537,0.023040082266204142,0.27225250746556506,0.15394512400008725,549.276872692871,711.9156984560547,428.0902120287111,144.61562198265628,6,5.3,
freMTPL2sev,GBM,15,clean,raw,0.0,1,2000,1000,20261001,-1,1.379092085383388,1.379092085383388,0.043,,0,False,0.0,0.0,0.0,0.0,565.1063181018022,671.6705033185364,402.52101991577047,76.94906142788275,12,0.0,
freMTPL2sev,GBM,15,visible,raw,0.0,1,2000,1000,20261001,802,3.329683674590175,1.379092085383388,0.043,1,0,False,0.0,0.0,-0.0398735977558682,-0.316349072155914,565.1063181018022,671.6705033185364,429.27794439509324,72.2881067932539,12,3.9,
freMTPL2sev,GBM,15,random,raw,0.0,1,2000,1000,20261001,1379,1.3749012867831416,1.379092085383388,0.043,12,0,False,-0.00013173354775089697,-0.0012252990829656465,-0.004866654892098969,0.0,566.1169083213044,674.5329316631235,403.66492912350304,76.94906142788275,11,4.1,
freMTPL2sev,GBM,15,clean,clip,200.0,1,2000,1000,20261001,-1,1.379092085383388,1.379092085383388,0.043,,3,False,0.0,0.0,-0.05194378593583,0.009827860198272666,565.1063181018022,671.6705033185364,399.52582036479595,93.244680691794,12,4.1,
freMTPL2sev,GBM,15,visible,clip,200.0,1,2000,1000,20261001,802,3.329683674590175,1.379092085383388,0.043,1,4,False,0.0,0.0,-0.052544234997056266,0.10700909058152737,565.1063181018022,671.6705033185364,395.90656324603225,97.53133812974713,11,4.0,
freMTPL2sev,GBM,15,random,clip,200.0,1,2000,1000,20261001,1379,1.3749012867831416,1.379092085383388,0.043,12,3,False,-0.00013173354775089697,-0.0012252990829656465,-0.028159286489452887,0.010308553079051767,566.1169083213044,674.5329316631235,399.03209634491674,92.83101076499305,12,4.2,
freMTPL2sev,TabPFN-V3,16,clean,raw,0.0,1,2000,1000,20261001,-1,1.1800679588063119,1.1800679588063119,0.053,,0,False,0.0,0.0,0.0,0.0,1174.6132373181151,1799.8849386621093,1476.55826584375,1136.0916303070312,17,0.0,
freMTPL2sev,TabPFN-V3,16,visible,raw,0.0,1,2000,1000,20261001,1488,2.898797566587411,1.1800679588063119,0.053,1,0,False,-0.08318687167653284,-0.041773295932560926,0.013966662227000867,0.3547520257667821,1184.518835345459,1802.7035697290037,1460.3089225966798,1095.7782578128904,17,9.2,
freMTPL2sev,TabPFN-V3,16,random,raw,0.0,1,2000,1000,20261001,1111,1.1477998094229207,1.1800679588063119,0.053,3,0,False,-0.005173513415115001,0.01392748158192128,0.020788455019736855,0.09003740966386295,1175.0346539929196,1799.159421086426,1475.8621434218749,1118.0619679261717,17,8.7,
freMTPL2sev,TabPFN-V3,16,clean,clip,200.0,1,2000,1000,20261001,-1,1.1800679588063119,1.1800679588063119,0.053,,3,False,-0.007299081228911399,-0.0361082406137347,-0.006183047572577393,-0.12163136588608957,1174.4688239538575,1802.7690712451172,1476.4367905410156,1148.4759171859375,17,9.8,
freMTPL2sev,TabPFN-V3,16,visible,clip,200.0,1,2000,1000,20261001,1488,2.898797566587411,1.1800679588063119,0.053,1,4,False,-0.0043642139921699664,-0.029954834542946007,0.012988593863652087,-0.04318032727089495,1174.4481636560058,1801.4848438427734,1473.8003435585936,1126.8247131351563,17,8.6,
freMTPL2sev,TabPFN-V3,16,random,clip,200.0,1,2000,1000,20261001,1111,1.1477998094229207,1.1800679588063119,0.053,3,4,False,-0.007644485530467919,-0.029462055764475897,0.0071777322994426365,-0.039158821818097794,1174.6081776782225,1802.6083958496092,1478.1297287783204,1132.23009506875,17,9.3,
freMTPL2sev,TabICLv2,16,clean,raw,0.0,1,2000,1000,20261001,-1,1.1800679588063119,1.1800679588063119,0.053,,0,False,0.0,0.0,0.0,0.0,1176.4425802404785,1814.4095495336912,1448.3512507363282,1154.1378126029297,10,0.0,
freMTPL2sev,TabICLv2,16,visible,raw,0.0,1,2000,1000,20261001,1488,2.898797566587411,1.1800679588063119,0.053,1,0,False,-0.051640568395952706,-0.0033951485488667088,-0.0428638868821849,0.17197240536716574,1185.1575500756837,1799.3636528784177,1418.629556649414,1074.638949010156,10,5.6,
freMTPL2sev,TabICLv2,16,random,raw,0.0,1,2000,1000,20261001,1111,1.1477998094229207,1.1800679588063119,0.053,3,0,False,0.00207726817689444,0.0028636666103121055,0.03785402981040892,0.049560687495832784,1176.9480063818357,1816.1712763842772,1448.2316650527348,1135.8371672386718,10,5.7,
freMTPL2sev,TabICLv2,16,clean,clip,200.0,1,2000,1000,20261001,-1,1.1800679588063119,1.1800679588063119,0.053,,3,False,0.0004917395744827426,-0.02804941550278265,-0.04014425263392009,-0.06896472904667303,1175.5999657019042,1802.912080373535,1452.9442265078126,1184.7638839242188,11,5.1,
freMTPL2sev,TabICLv2,16,visible,clip,200.0,1,2000,1000,20261001,1488,2.898797566587411,1.1800679588063119,0.053,1,4,False,0.0007703550403543066,-0.021231281153590763,0.0033172464405467356,-0.017320721640385055,1175.6333802990723,1802.1930829443359,1452.2451934023438,1170.5668166507812,10,5.4,
freMTPL2sev,TabICLv2,16,random,clip,200.0,1,2000,1000,20261001,1111,1.1477998094229207,1.1800679588063119,0.053,3,4,False,0.0007473523533754792,-0.02331296322295578,-0.005457556375989561,-0.02884106858010977,1175.7662430346677,1802.4991133056637,1450.7324597451172,1172.4673091644534,11,5.6,
freMTPL2sev,GBM,16,clean,raw,0.0,1,2000,1000,20261001,-1,1.1800679588063119,1.1800679588063119,0.053,,0,False,0.0,0.0,0.0,0.0,1179.966496971376,1781.4929963000543,1450.0166332541487,1087.944976448376,16,0.0,
freMTPL2sev,GBM,16,visible,raw,0.0,1,2000,1000,20261001,1488,2.898797566587411,1.1800679588063119,0.053,1,0,False,0.0,0.0,-0.003317079064964446,0.05270087144716237,1179.966496971376,1781.4929963000543,1465.2439863198542,1045.421187233005,16,4.0,
freMTPL2sev,GBM,16,random,raw,0.0,1,2000,1000,20261001,1111,1.1477998094229207,1.1800679588063119,0.053,3,0,False,0.0,0.012439401273370333,0.08032879509613831,0.047022685351719565,1179.9671471795953,1782.5229924674081,1497.7680756125292,1076.4768444563242,14,4.0,
freMTPL2sev,GBM,16,clean,clip,200.0,1,2000,1000,20261001,-1,1.1800679588063119,1.1800679588063119,0.053,,3,False,0.0,0.0,0.09217101592135452,-1.5592297005867702e-11,1179.966496971376,1781.4929963000543,1465.6914499246534,1083.4422467681245,14,3.9,
freMTPL2sev,GBM,16,visible,clip,200.0,1,2000,1000,20261001,1488,2.898797566587411,1.1800679588063119,0.053,1,4,False,0.0,0.0,0.010286434968295637,0.052700870907270964,1179.966496971376,1781.4929963000543,1460.9500683203132,1032.2832011322148,14,4.2,
freMTPL2sev,GBM,16,random,clip,200.0,1,2000,1000,20261001,1111,1.1477998094229207,1.1800679588063119,0.053,3,4,False,0.0,0.012439401273370333,0.08422237902551566,-1.5592297005867702e-11,1179.9671471795953,1782.5229924674081,1485.8560252706166,1085.4269724913888,14,3.9,
freMTPL2sev,TabPFN-V3,17,clean,raw,0.0,1,2000,1000,20261001,-1,1.2661190144677903,1.2661190144677903,0.0555,,0,False,0.0,0.0,0.0,0.0,2491.063181912842,4184.979366778321,4229.044960848242,4075.1661279251566,12,0.0,
freMTPL2sev,TabPFN-V3,17,visible,raw,0.0,1,2000,1000,20261001,1863,2.9961396953920283,1.2661190144677903,0.0555,1,0,False,-0.07921327361542571,-0.012505745252631088,-0.028005586709840404,0.32334389771995725,2500.5905214367676,4187.00690483252,4228.720826898047,4065.909123179063,14,9.7,
freMTPL2sev,TabPFN-V3,17,random,raw,0.0,1,2000,1000,20261001,486,1.678488769005642,1.2661190144677903,0.0555,1,0,False,-0.03156429650924774,-0.03147709561596629,0.045114076347678805,0.33738115044470496,2493.767483762208,4188.143161343751,4227.63563315293,4072.3098525735936,11,9.0,
freMTPL2sev,TabPFN-V3,17,clean,clip,200.0,1,2000,1000,20261001,-1,1.2661190144677903,1.2661190144677903,0.0555,,1,False,0.0032203340217098813,-0.008639296834578095,-0.013004336363072837,-0.11983975624025095,2490.898178050538,4184.16778200293,4230.392022620702,4078.7053733450775,14,8.8,
freMTPL2sev,TabPFN-V3,17,visible,clip,200.0,1,2000,1000,20261001,1863,2.9961396953920283,1.2661190144677903,0.0555,1,2,False,0.00389955722941431,-0.006259945618678044,0.0029799268306297255,-0.041427906486589124,2491.1288793750005,4184.441426155761,4228.338320311133,4073.692619112656,12,9.1,
freMTPL2sev,TabPFN-V3,17,random,clip,200.0,1,2000,1000,20261001,486,1.678488769005642,1.2661190144677903,0.0555,1,2,False,0.00429582031374769,-0.006501702172522214,0.006691134868952946,-0.04472091053039888,2491.2979353735354,4185.1182737143545,4228.595135779883,4075.6602515208597,12,8.6,
freMTPL2sev,TabICLv2,17,clean,raw,0.0,1,2000,1000,20261001,-1,1.2661190144677903,1.2661190144677903,0.0555,,0,False,0.0,0.0,0.0,0.0,2494.1524784448243,4222.464794727539,4338.889284280859,4067.9860818294537,4,0.0,
freMTPL2sev,TabICLv2,17,visible,raw,0.0,1,2000,1000,20261001,1863,2.9961396953920283,1.2661190144677903,0.0555,1,0,False,-0.026725752493718453,0.07007227241613004,-0.22378436408558255,-0.050371964216839905,2501.3110531542966,4235.230719363771,4333.392628333593,4058.6087920872656,4,5.6,
freMTPL2sev,TabICLv2,17,random,raw,0.0,1,2000,1000,20261001,486,1.678488769005642,1.2661190144677903,0.0555,1,0,False,0.003954897746230096,0.023146144379354736,-0.09095600424735986,0.023733182836653398,2496.3224998583987,4213.069203487304,4323.501786351172,4054.865807181015,4,5.1,
freMTPL2sev,TabICLv2,17,clean,clip,200.0,1,2000,1000,20261001,-1,1.2661190144677903,1.2661190144677903,0.0555,,1,False,0.0015603599134752346,-0.011582864453959889,-0.09967180858487867,-0.10885224813085169,2493.997036433105,4218.258524751954,4318.076368597266,4080.5974858314057,4,5.3,
freMTPL2sev,TabICLv2,17,visible,clip,200.0,1,2000,1000,20261001,1863,2.9961396953920283,1.2661190144677903,0.0555,1,2,False,0.00216435372252073,-0.009253078952026504,-0.06906287692251187,-0.06569215895845376,2494.334517858887,4220.829493672852,4323.763277425391,4073.1104930872657,4,5.5,
freMTPL2sev,TabICLv2,17,random,clip,200.0,1,2000,1000,20261001,486,1.678488769005642,1.2661190144677903,0.0555,1,2,False,0.0014816196464972234,-0.015602648337894907,-0.09345890794569231,-0.0881521295409897,2493.4611098437495,4217.003024432128,4318.706390882423,4075.547441770859,4,4.7,
freMTPL2sev,GBM,17,clean,raw,0.0,1,2000,1000,20261001,-1,1.2661190144677903,1.2661190144677903,0.0555,,0,False,0.0,0.0,0.0,0.0,2497.214966943462,4224.11693899187,4317.583578031798,4068.764710979703,20,0.0,
freMTPL2sev,GBM,17,visible,raw,0.0,1,2000,1000,20261001,1863,2.9961396953920283,1.2661190144677903,0.0555,1,0,False,0.0,0.0015735848556029336,0.24378827929221838,3.76050347178058e-10,2497.214966943462,4224.8390971375175,4264.76592765072,3428.0545286416445,8,4.0,
freMTPL2sev,GBM,17,random,raw,0.0,1,2000,1000,20261001,486,1.678488769005642,1.2661190144677903,0.0555,1,0,False,0.0,0.003919146194732964,0.16353248394783454,3.76050347178058e-10,2497.214966943462,4227.367495851442,4284.293104735344,4082.538535782957,10,3.8,
freMTPL2sev,GBM,17,clean,clip,200.0,1,2000,1000,20261001,-1,1.2661190144677903,1.2661190144677903,0.0555,,1,False,0.0,0.001736793524891222,0.1285973796545718,0.0,2497.214966943462,4207.065379630038,4252.869586071465,4068.6951246773056,9,4.1,
freMTPL2sev,GBM,17,visible,clip,200.0,1,2000,1000,20261001,1863,2.9961396953920283,1.2661190144677903,0.0555,1,2,False,0.0,0.001736793524891222,0.22502882350613285,0.003869083279955219,2497.214966943462,4207.065379630038,4258.239298629474,4033.3937641552316,8,4.0,
freMTPL2sev,GBM,17,random,clip,200.0,1,2000,1000,20261001,486,1.678488769005642,1.2661190144677903,0.0555,1,2,False,0.0,-0.00029636257769255107,0.12833137588078453,3.753292555604596e-10,2497.214966943462,4216.470943405004,4261.96533848961,4071.3391176938126,9,3.9,
freMTPL2sev,TabPFN-V3,18,clean,raw,0.0,1,2000,1000,20261001,-1,1.2810891504789297,1.2810891504789297,0.036,,0,False,0.0,0.0,0.0,0.0,746.7153514978027,1028.2341833769533,644.7843189998048,150.0398872754688,24,0.0,
freMTPL2sev,TabPFN-V3,18,visible,raw,0.0,1,2000,1000,20261001,1071,2.336863288674205,1.2810891504789297,0.036,1,0,False,-0.06853205074969497,0.05152197868329581,-0.008181127155389628,0.1937789412123317,756.7474408203126,1024.8013158012695,637.7997029890626,96.4584519785938,24,8.7,
freMTPL2sev,TabPFN-V3,18,random,raw,0.0,1,2000,1000,20261001,545,1.275906181042173,1.2810891504789297,0.036,11,0,False,0.0008779952732456286,0.003533967126463692,0.01216017302114112,0.02386140725935325,746.5605198022462,1027.492822739746,644.0817416145508,148.60242851570317,24,9.3,
freMTPL2sev,TabPFN-V3,18,clean,clip,200.0,1,2000,1000,20261001,-1,1.2810891504789297,1.2810891504789297,0.036,,2,False,0.0021495712433171167,-0.0381895913523083,-0.004423214423495447,-0.20093112725123669,744.7633526184081,1029.7998139677734,647.6784556721681,218.0138987500782,27,9.4,
freMTPL2sev,TabPFN-V3,18,visible,clip,200.0,1,2000,1000,20261001,1071,2.336863288674205,1.2810891504789297,0.036,1,3,False,0.0035707631394709238,-0.03544699938272175,0.015472416924524238,-0.1192807381493428,744.5811383581544,1029.5992904082032,644.081250359668,194.6322580899219,26,8.9,
freMTPL2sev,TabPFN-V3,18,random,clip,200.0,1,2000,1000,20261001,545,1.275906181042173,1.2810891504789297,0.036,11,2,False,0.0008083812062214763,-0.039099540503214285,0.012839293260159345,-0.16066915296265616,745.0840749414062,1029.950799097168,648.4080106257812,213.79448067,25,9.5,
freMTPL2sev,TabICLv2,18,clean,raw,0.0,1,2000,1000,20261001,-1,1.2810891504789297,1.2810891504789297,0.036,,0,False,0.0,0.0,0.0,0.0,747.0560955566406,991.9274271000978,573.415261182422,226.52731480769535,12,0.0,
freMTPL2sev,TabICLv2,18,visible,raw,0.0,1,2000,1000,20261001,1071,2.336863288674205,1.2810891504789297,0.036,1,0,False,-0.0378892186018035,0.058926202932089125,-0.23490552488185396,-0.1029312772171396,755.2112838720703,1011.7243788481445,649.456438687305,250.0373930127735,15,5.0,
freMTPL2sev,TabICLv2,18,random,raw,0.0,1,2000,1000,20261001,545,1.275906181042173,1.2810891504789297,0.036,11,0,False,0.0019238337505330535,-0.0031022878466010215,0.02118408922319212,0.018374863039289847,747.1031502685547,985.8694829838868,571.1438110359378,222.49859492488284,13,5.7,
freMTPL2sev,TabICLv2,18,clean,clip,200.0,1,2000,1000,20261001,-1,1.2810891504789297,1.2810891504789297,0.036,,2,False,0.009786934342516254,-0.04782265700534638,-0.10347255286413369,-0.15576002177755693,744.5002273742675,982.4502234062498,575.7526100593752,259.9929584707813,15,5.5,
freMTPL2sev,TabICLv2,18,visible,clip,200.0,1,2000,1000,20261001,1071,2.336863288674205,1.2810891504789297,0.036,1,3,False,0.00808046257919393,-0.044838947703254556,-0.07718750569635327,-0.1145960937239979,744.9080283972169,986.5966157036132,575.2103182527346,248.41391695613285,15,4.8,
freMTPL2sev,TabICLv2,18,random,clip,200.0,1,2000,1000,20261001,545,1.275906181042173,1.2810891504789297,0.036,11,2,False,0.010334935537110648,-0.04542321100536888,-0.07273250879146834,-0.12901704277364673,744.5545385400391,981.1235370976563,575.1051509480471,252.54925103914061,15,5.4,
freMTPL2sev,GBM,18,clean,raw,0.0,1,2000,1000,20261001,-1,1.2810891504789297,1.2810891504789297,0.036,,0,False,0.0,0.0,0.0,0.0,745.1626694143562,1029.185640697122,643.6250291995736,207.94107601689555,23,0.0,
freMTPL2sev,GBM,18,visible,raw,0.0,1,2000,1000,20261001,1071,2.336863288674205,1.2810891504789297,0.036,1,0,False,0.0,-0.011470920648361697,0.12071091845103352,0.08819860111544142,745.1626694143562,1028.8765576086441,562.412750015461,214.35120322526532,20,3.8,
freMTPL2sev,GBM,18,random,raw,0.0,1,2000,1000,20261001,545,1.275906181042173,1.2810891504789297,0.036,11,0,False,0.000170247326664071,-0.01716762354099669,0.2735820870946347,0.0,744.5783557888968,1058.9380595752075,619.3204091585739,207.94107601689555,16,4.1,
freMTPL2sev,GBM,18,clean,clip,200.0,1,2000,1000,20261001,-1,1.2810891504789297,1.2810891504789297,0.036,,2,False,0.0,0.0,0.03037142200116627,-0.0048225417867776,745.1626694143562,1014.1920605585302,630.799968724701,208.97098675371973,18,4.2,
freMTPL2sev,GBM,18,visible,clip,200.0,1,2000,1000,20261001,1071,2.336863288674205,1.2810891504789297,0.036,1,3,False,0.0,-0.012859058668318121,0.05318912970666304,0.08845718508044384,745.1626694143562,992.229167814278,607.2321229232633,213.7780330035652,24,4.0,
freMTPL2sev,GBM,18,random,clip,200.0,1,2000,1000,20261001,545,1.275906181042173,1.2810891504789297,0.036,11,2,False,0.000170247326664071,-0.005139928550628969,0.2735820870946347,-0.006317562434933869,744.5783557888968,1024.9770093348668,611.007425772777,209.21181862020075,16,4.2,
freMTPL2sev,TabPFN-V3,19,clean,raw,0.0,1,2000,1000,20261001,-1,1.295047353624794,1.295047353624794,0.0625,,0,False,0.0,0.0,0.0,0.0,758.3238185351563,1069.0805101767578,774.375700023047,460.62240283921886,11,0.0,
freMTPL2sev,TabPFN-V3,19,visible,raw,0.0,1,2000,1000,20261001,931,11.708370223840063,1.295047353624794,0.0625,1,0,False,0.04582582341562211,0.12713328592091447,-0.07004789828443325,-0.18886821308855417,768.476862512207,1055.4179929672853,772.1136132359377,469.0046832610938,13,9.3,
freMTPL2sev,TabPFN-V3,19,random,raw,0.0,1,2000,1000,20261001,1853,1.237300066075119,1.295047353624794,0.0625,2,0,False,0.0003160139421726615,0.0091701368422595,0.007515992648495743,0.06343482820174223,758.3358736364746,1068.1985779501954,777.075138436133,448.81148979625,11,8.4,
freMTPL2sev,TabPFN-V3,19,clean,clip,200.0,1,2000,1000,20261001,-1,1.295047353624794,1.295047353624794,0.0625,,1,False,-0.0012779591734240069,-0.013613188805404214,-0.019719246844861437,-0.15241592973255147,758.3752195019531,1070.3556688046874,774.6068197740236,461.5082653255469,12,9.3,
freMTPL2sev,TabPFN-V3,19,visible,clip,200.0,1,2000,1000,20261001,931,11.708370223840063,1.295047353624794,0.0625,1,2,False,-0.001369904889218386,-0.00734212806994655,-0.014752309861342482,-0.08937978947245992,758.3650019787598,1070.3447999765626,774.0310173228517,452.549614655625,12,8.5,
freMTPL2sev,TabPFN-V3,19,random,clip,200.0,1,2000,1000,20261001,1853,1.237300066075119,1.295047353624794,0.0625,2,2,False,5.578819375326749e-05,-0.005717875209693797,0.0013280807138948245,-0.07850031914560143,758.262292019043,1071.092615855469,775.5634953697268,451.9110783314064,12,9.7,
freMTPL2sev,TabICLv2,19,clean,raw,0.0,1,2000,1000,20261001,-1,1.295047353624794,1.295047353624794,0.0625,,0,False,0.0,0.0,0.0,0.0,759.7671375756835,1083.525080508789,820.9059239000003,498.39045595640624,7,0.0,
freMTPL2sev,TabICLv2,19,visible,raw,0.0,1,2000,1000,20261001,931,11.708370223840063,1.295047353624794,0.0625,1,0,False,-0.12764821130023102,0.15178450628055562,-0.09761861070813835,0.349335173145723,788.77325796875,1094.5725916733397,823.2489067222658,448.44093760289076,7,5.6,
freMTPL2sev,TabICLv2,19,random,raw,0.0,1,2000,1000,20261001,1853,1.237300066075119,1.295047353624794,0.0625,2,0,False,0.0015144332617167055,0.013466271033400408,0.028686783699704354,0.04092909193954505,760.1927521215821,1084.087931890625,830.9110052769533,496.3992096575782,7,5.7,
freMTPL2sev,TabICLv2,19,clean,clip,200.0,1,2000,1000,20261001,-1,1.295047353624794,1.295047353624794,0.0625,,1,False,0.004933911299667356,-0.014312100834598114,-0.07958078546875569,-0.09936954174492998,758.7168515844727,1076.507751290039,808.1434094175783,511.41599635972653,7,4.7,
freMTPL2sev,TabICLv2,19,visible,clip,200.0,1,2000,1000,20261001,931,11.708370223840063,1.295047353624794,0.0625,1,2,False,0.004991887891236909,0.005814029067262255,-0.05102041970539512,-0.06301811821897832,758.8322373413085,1081.5732060214846,812.5389916539067,508.57540216539064,7,5.3,
freMTPL2sev,TabICLv2,19,random,clip,200.0,1,2000,1000,20261001,1853,1.237300066075119,1.295047353624794,0.0625,2,2,False,0.005547558156193644,-0.0012820176357066155,-0.0511773068522364,-0.05919499039553531,759.0839342016601,1079.7556024277346,815.8828728550782,511.5569010794531,7,5.6,
freMTPL2sev,GBM,19,clean,raw,0.0,1,2000,1000,20261001,-1,1.295047353624794,1.295047353624794,0.0625,,0,False,0.0,0.0,0.0,0.0,760.5979331947718,1086.3114711422734,819.3077418605278,479.0115684892321,14,0.0,
freMTPL2sev,GBM,19,visible,raw,0.0,1,2000,1000,20261001,931,11.708370223840063,1.295047353624794,0.0625,1,0,False,0.0,0.0,-0.027954794072257726,0.4044276264577798,760.5979331947718,1086.3114711422734,818.7323250859943,1008.224570071139,15,3.8,
freMTPL2sev,GBM,19,random,raw,0.0,1,2000,1000,20261001,1853,1.237300066075119,1.295047353624794,0.0625,2,0,False,-0.0007991888118899168,0.005090208242034196,0.022630547575458647,0.0021646922467974646,762.8004375624779,1107.6983202257427,817.2085132268293,463.2988528298455,12,4.1,
freMTPL2sev,GBM,19,clean,clip,200.0,1,2000,1000,20261001,-1,1.295047353624794,1.295047353624794,0.0625,,1,False,0.0,0.007713009975121254,0.012316918637826055,-0.04900045072660702,760.5979331947718,1078.5136021302933,803.56353566052,479.6808773645298,14,3.7,
freMTPL2sev,GBM,19,visible,clip,200.0,1,2000,1000,20261001,931,11.708370223840063,1.295047353624794,0.0625,1,2,False,0.0,0.007713009975121254,0.012316918637826055,0.3934682569609061,760.5979331947718,1078.5136021302933,803.56353566052,426.2098488429115,14,4.0,
freMTPL2sev,GBM,19,random,clip,200.0,1,2000,1000,20261001,1853,1.237300066075119,1.295047353624794,0.0625,2,2,False,-0.0007991888118899168,0.024411189848721874,0.0039230352046461525,-0.050783537834706176,762.8004375624779,1075.5436509406552,818.6727905616083,500.1274262275252,13,4.1,
beMTPL97,TabPFN-V3,0,clean,raw,0.0,1,2000,1000,20261001,-1,1.0570172153420696,1.0570172153420696,0.1035,,0,False,0.0,0.0,0.0,0.0,579.5181562520934,590.9178441700521,271.3482975400617,46.762950052902106,17,0.0,
beMTPL97,TabPFN-V3,0,visible,raw,0.0,1,2000,1000,20261001,1985,3.907530933470234,1.0570172153420696,0.1035,1,0,False,0.8787556393241234,0.13144984780907643,-0.35701607332463037,0.033836953272567596,575.2720517916263,586.6937829314782,299.2121071764259,51.42344332438648,26,10.0,
beMTPL97,TabPFN-V3,0,random,raw,0.0,1,2000,1000,20261001,278,1.4006005189532968,1.0570172153420696,0.1035,1,0,False,-0.021382760453754663,-0.00767469148357074,-0.09706816953380848,0.11898860604464613,579.9185660934008,590.2884277220835,277.01031811621846,44.8028463837912,14,9.6,
beMTPL97,TabPFN-V3,0,clean,clip,200.0,1,2000,1000,20261001,-1,1.0570172153420696,1.0570172153420696,0.1035,,0,True,0.0,0.0,0.0,0.0,579.5181562520934,590.9178441700521,271.3482975400617,46.762950052902106,17,0.0,
beMTPL97,TabPFN-V3,0,visible,clip,200.0,1,2000,1000,20261001,1985,3.907530933470234,1.0570172153420696,0.1035,1,1,False,0.29304195085240026,0.03626687275798271,-0.10193939540311658,0.1771351359461302,575.4544743537436,587.3778021682778,275.087152781775,45.29306475612013,15,9.2,
beMTPL97,TabPFN-V3,0,random,clip,200.0,1,2000,1000,20261001,278,1.4006005189532968,1.0570172153420696,0.1035,1,0,True,-0.021382760453754663,-0.00767469148357074,-0.09706816953380848,0.11898860604464613,579.9185660934008,590.2884277220835,277.01031811621846,44.8028463837912,14,0.0,
beMTPL97,TabICLv2,0,clean,raw,0.0,1,2000,1000,20261001,-1,1.0570172153420696,1.0570172153420696,0.1035,,0,False,0.0,0.0,0.0,0.0,576.5196454984748,610.9340446431581,260.39458178579827,96.09735239288695,11,0.0,
beMTPL97,TabICLv2,0,visible,raw,0.0,1,2000,1000,20261001,1985,3.907530933470234,1.0570172153420696,0.1035,1,0,False,0.20485279775384824,0.0722860013585617,-0.15923910536223362,0.06125046721462615,573.9837958166685,590.9671708380449,265.6075623561347,91.24876123445829,15,5.7,
beMTPL97,TabICLv2,0,random,raw,0.0,1,2000,1000,20261001,278,1.4006005189532968,1.0570172153420696,0.1035,1,0,False,0.05207065850061361,0.014135655801511727,0.14705412155847078,0.2077629869548266,575.503725389754,618.2622263764881,278.2669571460233,91.20664987592916,9,5.6,
beMTPL97,TabICLv2,0,clean,clip,200.0,1,2000,1000,20261001,-1,1.0570172153420696,1.0570172153420696,0.1035,,0,True,0.0,0.0,0.0,0.0,576.5196454984748,610.9340446431581,260.39458178579827,96.09735239288695,11,0.0,
beMTPL97,TabICLv2,0,visible,clip,200.0,1,2000,1000,20261001,1985,3.907530933470234,1.0570172153420696,0.1035,1,1,False,0.09439691337432402,0.02671964096652791,0.13132025942031872,0.24131133433334112,573.6156759777263,602.0271550468956,277.49287716158386,87.2237200402068,9,5.7,
beMTPL97,TabICLv2,0,random,clip,200.0,1,2000,1000,20261001,278,1.4006005189532968,1.0570172153420696,0.1035,1,0,True,0.05207065850061361,0.014135655801511727,0.14705412155847078,0.2077629869548266,575.503725389754,618.2622263764881,278.2669571460233,91.20664987592916,9,0.0,
beMTPL97,GBM,0,clean,raw,0.0,1,2000,1000,20261001,-1,1.0570172153420696,1.0570172153420696,0.1035,,0,False,0.0,0.0,0.0,0.0,576.2452824393625,586.527358723322,258.4872745405699,52.01725006243441,13,0.0,
beMTPL97,GBM,0,visible,raw,0.0,1,2000,1000,20261001,1985,3.907530933470234,1.0570172153420696,0.1035,1,0,False,0.0,0.0,0.25383306963393887,-0.010220460074616715,576.2452824393625,586.527358723322,258.78290876720075,69.00935147348368,11,4.3,
beMTPL97,GBM,0,random,raw,0.0,1,2000,1000,20261001,278,1.4006005189532968,1.0570172153420696,0.1035,1,0,False,0.0,0.023206572051567183,0.25383306963393887,0.10828209529200017,576.2452824393625,586.0362857268115,258.78290876720075,51.76935268019795,11,4.1,
beMTPL97,GBM,0,clean,clip,200.0,1,2000,1000,20261001,-1,1.0570172153420696,1.0570172153420696,0.1035,,0,True,0.0,0.0,0.0,0.0,576.2452824393625,586.527358723322,258.4872745405699,52.01725006243441,13,0.0,
beMTPL97,GBM,0,visible,clip,200.0,1,2000,1000,20261001,1985,3.907530933470234,1.0570172153420696,0.1035,1,1,False,0.0,0.0,0.25383306963393887,-0.010220460074616715,576.2452824393625,586.527358723322,258.78290876720075,58.99442119123862,11,4.0,
beMTPL97,GBM,0,random,clip,200.0,1,2000,1000,20261001,278,1.4006005189532968,1.0570172153420696,0.1035,1,0,True,0.0,0.023206572051567183,0.25383306963393887,0.10828209529200017,576.2452824393625,586.0362857268115,258.78290876720075,51.76935268019795,11,0.0,
beMTPL97,TabPFN-V3,1,clean,raw,0.0,1,2000,1000,20261001,-1,1.1291153826881462,1.1291153826881462,0.0915,,0,False,0.0,0.0,0.0,0.0,639.9181306925074,669.4693951496647,373.3484263647827,75.08564130919228,17,0.0,
beMTPL97,TabPFN-V3,1,visible,raw,0.0,1,2000,1000,20261001,198,2.4777038487962058,1.1291153826881462,0.0915,1,0,False,0.5595427942941309,0.05398874118027805,-0.18198565741361386,0.40520809452688844,632.8300453038539,671.4509339200353,395.299164430081,60.20555246333004,20,9.5,
beMTPL97,TabPFN-V3,1,random,raw,0.0,1,2000,1000,20261001,205,1.126231249506513,1.1291153826881462,0.0915,13,0,False,-0.00012852662108014154,0.0014984437599980856,0.04540616161175655,0.009418467675077855,639.9971856980561,668.8679036240412,369.62280349614537,73.24732563731729,15,10.3,
beMTPL97,TabPFN-V3,1,clean,clip,200.0,1,2000,1000,20261001,-1,1.1291153826881462,1.1291153826881462,0.0915,,0,True,0.0,0.0,0.0,0.0,639.9181306925074,669.4693951496647,373.3484263647827,75.08564130919228,17,0.0,
beMTPL97,TabPFN-V3,1,visible,clip,200.0,1,2000,1000,20261001,198,2.4777038487962058,1.1291153826881462,0.0915,1,1,False,0.3123879027391069,0.04427288360493038,-0.07068339619920344,0.2568711102042843,634.5661545880691,666.2060230955975,379.5983667798218,60.8966028139596,17,9.2,
beMTPL97,TabPFN-V3,1,random,clip,200.0,1,2000,1000,20261001,205,1.126231249506513,1.1291153826881462,0.0915,13,0,True,-0.00012852662108014154,0.0014984437599980856,0.04540616161175655,0.009418467675077855,639.9971856980561,668.8679036240412,369.62280349614537,73.24732563731729,15,0.0,
beMTPL97,TabICLv2,1,clean,raw,0.0,1,2000,1000,20261001,-1,1.1291153826881462,1.1291153826881462,0.0915,,0,False,0.0,0.0,0.0,0.0,637.756768699396,674.9399260154761,380.23441408853813,151.24097133267094,14,0.0,
beMTPL97,TabICLv2,1,visible,raw,0.0,1,2000,1000,20261001,198,2.4777038487962058,1.1291153826881462,0.0915,1,0,False,0.09924946081298919,0.009570689841750264,-0.1850396203812941,-0.010190891265046706,632.8019744093916,674.3453599963793,399.6712144409064,148.29902792409703,16,5.2,
beMTPL97,TabICLv2,1,random,raw,0.0,1,2000,1000,20261001,205,1.126231249506513,1.1291153826881462,0.0915,13,0,False,0.0029491532247754868,0.004293399430143844,0.03139129130377597,0.02862845947063075,637.6249230701756,674.6136978595857,376.53665572428037,140.44464221450693,14,5.8,
beMTPL97,TabICLv2,1,clean,clip,200.0,1,2000,1000,20261001,-1,1.1291153826881462,1.1291153826881462,0.0915,,0,True,0.0,0.0,0.0,0.0,637.756768699396,674.9399260154761,380.23441408853813,151.24097133267094,14,0.0,
beMTPL97,TabICLv2,1,visible,clip,200.0,1,2000,1000,20261001,198,2.4777038487962058,1.1291153826881462,0.0915,1,1,False,0.0937615141859827,0.018509106013721018,-0.011501526565133861,0.09623378542608185,632.0187567645644,675.3797379549944,388.01063873697564,141.83491332692904,14,5.7,
beMTPL97,TabICLv2,1,random,clip,200.0,1,2000,1000,20261001,205,1.126231249506513,1.1291153826881462,0.0915,13,0,True,0.0029491532247754868,0.004293399430143844,0.03139129130377597,0.02862845947063075,637.6249230701756,674.6136978595857,376.53665572428037,140.44464221450693,14,0.0,
beMTPL97,GBM,1,clean,raw,0.0,1,2000,1000,20261001,-1,1.1291153826881462,1.1291153826881462,0.0915,,0,False,0.0,0.0,0.0,0.0,637.9043722148014,657.8739057944033,370.10061701294575,151.76931854332966,16,0.0,
beMTPL97,GBM,1,visible,raw,0.0,1,2000,1000,20261001,198,2.4777038487962058,1.1291153826881462,0.0915,1,0,False,0.0,0.0,0.007812664656356954,0.05084870942054483,637.9043722148014,657.8739057944033,369.64875465746206,123.86586941994723,15,4.2,
beMTPL97,GBM,1,random,raw,0.0,1,2000,1000,20261001,205,1.126231249506513,1.1291153826881462,0.0915,13,0,False,-0.029778469735818464,0.011141733556165058,0.007812664656356954,0.0,634.0409966552221,657.7182337406585,369.64875465746206,151.76931854332966,15,4.1,
beMTPL97,GBM,1,clean,clip,200.0,1,2000,1000,20261001,-1,1.1291153826881462,1.1291153826881462,0.0915,,0,True,0.0,0.0,0.0,0.0,637.9043722148014,657.8739057944033,370.10061701294575,151.76931854332966,16,0.0,
beMTPL97,GBM,1,visible,clip,200.0,1,2000,1000,20261001,198,2.4777038487962058,1.1291153826881462,0.0915,1,1,False,0.0,0.0,0.007812664656356954,0.1368609886495742,637.9043722148014,657.8739057944033,369.64875465746206,106.94934828996337,15,4.0,
beMTPL97,GBM,1,random,clip,200.0,1,2000,1000,20261001,205,1.126231249506513,1.1291153826881462,0.0915,13,0,True,-0.029778469735818464,0.011141733556165058,0.007812664656356954,0.0,634.0409966552221,657.7182337406585,369.64875465746206,151.76931854332966,15,0.0,
beMTPL97,TabPFN-V3,2,clean,raw,0.0,1,2000,1000,20261001,-1,1.0899125249971304,1.0899125249971304,0.0915,,0,False,0.0,0.0,0.0,0.0,529.0982182313595,495.1591480115385,235.0409635873647,84.8867097441004,13,0.0,
beMTPL97,TabPFN-V3,2,visible,raw,0.0,1,2000,1000,20261001,597,2.345052489785616,1.0899125249971304,0.0915,1,0,False,0.7001393534457426,0.02012592268773425,-0.15818160523661645,0.6487668014796787,524.6203912875995,496.14125080317086,230.2969526698003,92.70485636324105,15,9.0,
beMTPL97,TabPFN-V3,2,random,raw,0.0,1,2000,1000,20261001,432,1.2924064593676257,1.0899125249971304,0.0915,1,0,False,0.08056463900986868,0.023963989907778514,-0.06114486968719822,0.13785898795659907,526.2405516986779,494.25712444548316,230.64559605794008,88.0697192050379,14,10.0,
beMTPL97,TabPFN-V3,2,clean,clip,200.0,1,2000,1000,20261001,-1,1.0899125249971304,1.0899125249971304,0.0915,,0,True,0.0,0.0,0.0,0.0,529.0982182313595,495.1591480115385,235.0409635873647,84.8867097441004,13,0.0,
beMTPL97,TabPFN-V3,2,visible,clip,200.0,1,2000,1000,20261001,597,2.345052489785616,1.0899125249971304,0.0915,1,1,False,0.6425489884296542,0.079428586161444,-0.017532412343079652,0.28290008669190847,524.2766179157536,493.5353161541829,229.54819373661232,88.86871514839729,12,9.6,
beMTPL97,TabPFN-V3,2,random,clip,200.0,1,2000,1000,20261001,432,1.2924064593676257,1.0899125249971304,0.0915,1,0,True,0.08056463900986868,0.023963989907778514,-0.06114486968719822,0.13785898795659907,526.2405516986779,494.25712444548316,230.64559605794008,88.0697192050379,14,0.0,
beMTPL97,TabICLv2,2,clean,raw,0.0,1,2000,1000,20261001,-1,1.0899125249971304,1.0899125249971304,0.0915,,0,False,0.0,0.0,0.0,0.0,523.4385965646595,511.87226643495956,242.82708894957238,83.5410068578675,7,0.0,
beMTPL97,TabICLv2,2,visible,raw,0.0,1,2000,1000,20261001,597,2.345052489785616,1.0899125249971304,0.0915,1,0,False,0.07669978999946653,0.02604964904436807,-0.0008448821260151578,0.1827751559629991,524.5739018031021,507.45721375970436,253.26946142002788,86.73026701265506,5,5.0,
beMTPL97,TabICLv2,2,random,raw,0.0,1,2000,1000,20261001,432,1.2924064593676257,1.0899125249971304,0.0915,1,0,False,0.01033786128469052,0.0016741808630642012,0.13285723326088558,0.1817102239284218,523.786311470185,511.99860306416315,248.757643644114,84.91947475874882,4,6.0,
beMTPL97,TabICLv2,2,clean,clip,200.0,1,2000,1000,20261001,-1,1.0899125249971304,1.0899125249971304,0.0915,,0,True,0.0,0.0,0.0,0.0,523.4385965646595,511.87226643495956,242.82708894957238,83.5410068578675,7,0.0,
beMTPL97,TabICLv2,2,visible,clip,200.0,1,2000,1000,20261001,597,2.345052489785616,1.0899125249971304,0.0915,1,1,False,0.04678727591888001,0.006270472982570616,0.1264805972494909,0.21535415271113661,524.024839607731,514.1831363166607,256.5348153970437,86.65955919820195,4,6.0,
beMTPL97,TabICLv2,2,random,clip,200.0,1,2000,1000,20261001,432,1.2924064593676257,1.0899125249971304,0.0915,1,0,True,0.01033786128469052,0.0016741808630642012,0.13285723326088558,0.1817102239284218,523.786311470185,511.99860306416315,248.757643644114,84.91947475874882,4,0.0,
beMTPL97,GBM,2,clean,raw,0.0,1,2000,1000,20261001,-1,1.0899125249971304,1.0899125249971304,0.0915,,0,False,0.0,0.0,0.0,0.0,528.9643806999039,492.98353312944374,243.16424472036795,77.72226899900247,7,0.0,
beMTPL97,GBM,2,visible,raw,0.0,1,2000,1000,20261001,597,2.345052489785616,1.0899125249971304,0.0915,1,0,False,0.0,-0.005447242691441219,0.010616837184423467,0.2821746217626855,528.9643806999039,492.4164515109188,243.65764359674174,85.40412876411801,7,4.1,
beMTPL97,GBM,2,random,raw,0.0,1,2000,1000,20261001,432,1.2924064593676257,1.0899125249971304,0.0915,1,0,False,0.0,-0.005590527366369127,0.010616837184423467,0.2821746217626855,528.9643806999039,493.41062027724166,243.65764359674174,82.55877801831679,7,4.4,
beMTPL97,GBM,2,clean,clip,200.0,1,2000,1000,20261001,-1,1.0899125249971304,1.0899125249971304,0.0915,,0,True,0.0,0.0,0.0,0.0,528.9643806999039,492.98353312944374,243.16424472036795,77.72226899900247,7,0.0,
beMTPL97,GBM,2,visible,clip,200.0,1,2000,1000,20261001,597,2.345052489785616,1.0899125249971304,0.0915,1,1,False,0.0,-0.005447242691441219,0.010616837184423467,0.13261222782406903,528.9643806999039,492.4164515109188,243.65764359674174,81.21969963353814,7,4.2,
beMTPL97,GBM,2,random,clip,200.0,1,2000,1000,20261001,432,1.2924064593676257,1.0899125249971304,0.0915,1,0,True,0.0,-0.005590527366369127,0.010616837184423467,0.2821746217626855,528.9643806999039,493.41062027724166,243.65764359674174,82.55877801831679,7,0.0,
beMTPL97,TabPFN-V3,3,clean,raw,0.0,1,2000,1000,20261001,-1,1.133584922688198,1.133584922688198,0.0945,,0,False,0.0,0.0,0.0,0.0,537.9195392039957,508.0373549362002,217.85314192669165,36.68787395631744,18,0.0,
beMTPL97,TabPFN-V3,3,visible,raw,0.0,1,2000,1000,20261001,415,5.2969458086333425,1.133584922688198,0.0945,1,0,False,1.117840121323655,0.13433313243385142,-0.31333326340010037,-0.20437419875269322,532.3011786952778,506.54128528169605,251.71543494363496,43.95211626602227,25,10.3,
beMTPL97,TabPFN-V3,3,random,raw,0.0,1,2000,1000,20261001,1550,1.1325270830875322,1.133584922688198,0.0945,19,0,False,0.003336740494972305,0.0006920786720370172,0.019595888460245153,0.0032829578886885225,537.9433986705485,508.1257182154007,215.8790170239001,36.79608926295806,16,10.1,
beMTPL97,TabPFN-V3,3,clean,clip,200.0,1,2000,1000,20261001,-1,1.133584922688198,1.133584922688198,0.0945,,0,True,0.0,0.0,0.0,0.0,537.9195392039957,508.0373549362002,217.85314192669165,36.68787395631744,18,0.0,
beMTPL97,TabPFN-V3,3,visible,clip,200.0,1,2000,1000,20261001,415,5.2969458086333425,1.133584922688198,0.0945,1,1,False,0.3456991804009282,0.029806501886789172,-0.07050934533939067,0.23295804443766027,532.3857812322432,506.77733449270653,225.32068551322072,45.97815735678911,18,10.6,
beMTPL97,TabPFN-V3,3,random,clip,200.0,1,2000,1000,20261001,1550,1.1325270830875322,1.133584922688198,0.0945,19,0,True,0.003336740494972305,0.0006920786720370172,0.019595888460245153,0.0032829578886885225,537.9433986705485,508.1257182154007,215.8790170239001,36.79608926295806,16,0.0,
beMTPL97,TabICLv2,3,clean,raw,0.0,1,2000,1000,20261001,-1,1.133584922688198,1.133584922688198,0.0945,,0,False,0.0,0.0,0.0,0.0,530.9786334245713,520.1940650339004,227.9526238787308,60.889033192085975,10,0.0,
beMTPL97,TabICLv2,3,visible,raw,0.0,1,2000,1000,20261001,415,5.2969458086333425,1.133584922688198,0.0945,1,0,False,0.11079314731143354,0.07157426536041764,-0.17256686333536475,0.10248539211094676,531.8445492360217,513.8852308975108,239.7657841003178,56.18732748965509,12,6.0,
beMTPL97,TabICLv2,3,random,raw,0.0,1,2000,1000,20261001,1550,1.1325270830875322,1.133584922688198,0.0945,19,0,False,-0.027740288611050146,0.0016793525693934745,-0.011058859755362398,-0.009212191962572771,531.8401484371069,518.6878757442862,232.31220296564487,61.91388185907816,10,5.8,
beMTPL97,TabICLv2,3,clean,clip,200.0,1,2000,1000,20261001,-1,1.133584922688198,1.133584922688198,0.0945,,0,True,0.0,0.0,0.0,0.0,530.9786334245713,520.1940650339004,227.9526238787308,60.889033192085975,10,0.0,
beMTPL97,TabICLv2,3,visible,clip,200.0,1,2000,1000,20261001,415,5.2969458086333425,1.133584922688198,0.0945,1,1,False,0.024776859789083682,0.005375924577925384,0.19920726005970124,0.2646760731501125,529.8749351152137,514.431985406931,236.59697773578245,51.04584296231133,6,5.4,
beMTPL97,TabICLv2,3,random,clip,200.0,1,2000,1000,20261001,1550,1.1325270830875322,1.133584922688198,0.0945,19,0,True,-0.027740288611050146,0.0016793525693934745,-0.011058859755362398,-0.009212191962572771,531.8401484371069,518.6878757442862,232.31220296564487,61.91388185907816,10,0.0,
beMTPL97,GBM,3,clean,raw,0.0,1,2000,1000,20261001,-1,1.133584922688198,1.133584922688198,0.0945,,0,False,0.0,0.0,0.0,0.0,535.2196310621882,508.9284466918646,232.05356393309842,38.173331314102235,13,0.0,
beMTPL97,GBM,3,visible,raw,0.0,1,2000,1000,20261001,415,5.2969458086333425,1.133584922688198,0.0945,1,0,False,0.0,0.0,0.22030290612580705,-0.07216314994143098,535.2196310621882,508.9284466918646,218.35279566413655,44.494798815349846,10,4.3,
beMTPL97,GBM,3,random,raw,0.0,1,2000,1000,20261001,1550,1.1325270830875322,1.133584922688198,0.0945,19,0,False,0.02506037507389118,0.011744544867374706,0.04994674281860853,0.0,531.7175637758593,510.1173398430883,227.1667366493367,38.173331314102235,12,4.2,
beMTPL97,GBM,3,clean,clip,200.0,1,2000,1000,20261001,-1,1.133584922688198,1.133584922688198,0.0945,,0,True,0.0,0.0,0.0,0.0,535.2196310621882,508.9284466918646,232.05356393309842,38.173331314102235,13,0.0,
beMTPL97,GBM,3,visible,clip,200.0,1,2000,1000,20261001,415,5.2969458086333425,1.133584922688198,0.0945,1,1,False,0.0,0.0,0.22030290612580705,0.03469845658597559,535.2196310621882,508.9284466918646,218.35279566413655,41.05888556239853,10,4.3,
beMTPL97,GBM,3,random,clip,200.0,1,2000,1000,20261001,1550,1.1325270830875322,1.133584922688198,0.0945,19,0,True,0.02506037507389118,0.011744544867374706,0.04994674281860853,0.0,531.7175637758593,510.1173398430883,227.1667366493367,38.173331314102235,12,0.0,
beMTPL97,TabPFN-V3,4,clean,raw,0.0,1,2000,1000,20261001,-1,1.0972923163391275,1.0972923163391275,0.069,,0,False,0.0,0.0,0.0,0.0,565.713506435394,561.1003972807721,269.64066073881776,83.56440140359483,10,0.0,
beMTPL97,TabPFN-V3,4,visible,raw,0.0,1,2000,1000,20261001,543,4.894268585469305,1.0972923163391275,0.069,1,0,False,1.062341464722617,0.1967089593631095,-0.37472065947155897,-0.07443584248179747,563.7469893959483,554.0926477098122,267.0942524317167,91.3966020735167,16,10.4,
beMTPL97,TabPFN-V3,4,random,raw,0.0,1,2000,1000,20261001,1836,1.1862494850023115,1.0972923163391275,0.069,1,0,False,-0.011358387978695126,0.0025979797952225686,-0.09122380171683299,0.12265474715760341,565.7273214551425,560.3989223178125,273.1953137954584,79.71683636354976,10,9.2,
beMTPL97,TabPFN-V3,4,clean,clip,200.0,1,2000,1000,20261001,-1,1.0972923163391275,1.0972923163391275,0.069,,0,True,0.0,0.0,0.0,0.0,565.713506435394,561.1003972807721,269.64066073881776,83.56440140359483,10,0.0,
beMTPL97,TabPFN-V3,4,visible,clip,200.0,1,2000,1000,20261001,543,4.894268585469305,1.0972923163391275,0.069,1,1,False,0.7366931774638399,0.06423154814987395,-0.09944079912229287,0.26881696484901973,562.3428096100265,555.7135783963282,274.11600338041933,81.45175014479976,10,9.8,
beMTPL97,TabPFN-V3,4,random,clip,200.0,1,2000,1000,20261001,1836,1.1862494850023115,1.0972923163391275,0.069,1,0,True,-0.011358387978695126,0.0025979797952225686,-0.09122380171683299,0.12265474715760341,565.7273214551425,560.3989223178125,273.1953137954584,79.71683636354976,10,0.0,
beMTPL97,TabICLv2,4,clean,raw,0.0,1,2000,1000,20261001,-1,1.0972923163391275,1.0972923163391275,0.069,,0,False,0.0,0.0,0.0,0.0,560.526498019712,556.0957059579147,280.2721205171023,93.3959363168153,5,0.0,
beMTPL97,TabICLv2,4,visible,raw,0.0,1,2000,1000,20261001,543,4.894268585469305,1.0972923163391275,0.069,1,0,False,0.05862333277677982,0.07163908598567978,-0.1733188024485518,0.07140901289191162,560.3033583067702,563.5418476585045,252.38073644099958,91.83726595339951,8,5.9,
beMTPL97,TabICLv2,4,random,raw,0.0,1,2000,1000,20261001,1836,1.1862494850023115,1.0972923163391275,0.069,1,0,False,0.03271051124200813,-0.006334091316303945,0.1014629190362416,0.13411210102197235,560.6887483067879,557.0464357146567,284.7877888667117,83.14669621511825,5,5.9,
beMTPL97,TabICLv2,4,clean,clip,200.0,1,2000,1000,20261001,-1,1.0972923163391275,1.0972923163391275,0.069,,0,True,0.0,0.0,0.0,0.0,560.526498019712,556.0957059579147,280.2721205171023,93.3959363168153,5,0.0,
beMTPL97,TabICLv2,4,visible,clip,200.0,1,2000,1000,20261001,543,4.894268585469305,1.0972923163391275,0.069,1,1,False,0.04432935514899858,-0.017187560532582878,0.14025868384013324,0.2181765901704774,560.3093494480238,560.9418082363903,286.7733927835694,79.55087925222765,4,5.5,
beMTPL97,TabICLv2,4,random,clip,200.0,1,2000,1000,20261001,1836,1.1862494850023115,1.0972923163391275,0.069,1,0,True,0.03271051124200813,-0.006334091316303945,0.1014629190362416,0.13411210102197235,560.6887483067879,557.0464357146567,284.7877888667117,83.14669621511825,5,0.0,
beMTPL97,GBM,4,clean,raw,0.0,1,2000,1000,20261001,-1,1.0972923163391275,1.0972923163391275,0.069,,0,False,0.0,0.0,0.0,0.0,563.6443252120627,552.6422199375897,244.68014905901455,75.76705905891473,11,0.0,
beMTPL97,GBM,4,visible,raw,0.0,1,2000,1000,20261001,543,4.894268585469305,1.0972923163391275,0.069,1,0,False,0.0,0.0,0.13672035377490402,0.347688059547099,563.6443252120627,552.6422199375897,249.1222334484534,81.98938317982258,5,4.1,
beMTPL97,GBM,4,random,raw,0.0,1,2000,1000,20261001,1836,1.1862494850023115,1.0972923163391275,0.069,1,0,False,-0.030911316101119427,0.01847117220880797,0.06898401776598012,1.2032687312833628e-10,561.223821812817,552.3109222559806,246.53749765984952,76.99732488471483,7,4.5,
beMTPL97,GBM,4,clean,clip,200.0,1,2000,1000,20261001,-1,1.0972923163391275,1.0972923163391275,0.069,,0,True,0.0,0.0,0.0,0.0,563.6443252120627,552.6422199375897,244.68014905901455,75.76705905891473,11,0.0,
beMTPL97,GBM,4,visible,clip,200.0,1,2000,1000,20261001,543,4.894268585469305,1.0972923163391275,0.069,1,1,False,0.0,0.0,0.13672035377490402,0.347688059547099,563.6443252120627,552.6422199375897,249.1222334484534,75.01549235316993,5,4.3,
beMTPL97,GBM,4,random,clip,200.0,1,2000,1000,20261001,1836,1.1862494850023115,1.0972923163391275,0.069,1,0,True,-0.030911316101119427,0.01847117220880797,0.06898401776598012,1.2032687312833628e-10,561.223821812817,552.3109222559806,246.53749765984952,76.99732488471483,7,0.0,
beMTPL97,TabPFN-V3,5,clean,raw,0.0,1,2000,1000,20261001,-1,1.1713200524871743,1.1713200524871743,0.0895,,0,False,0.0,0.0,0.0,0.0,545.4400648892093,512.2958235223824,213.35887159349647,35.07276745816924,14,0.0,
beMTPL97,TabPFN-V3,5,visible,raw,0.0,1,2000,1000,20261001,122,2.3283117953291863,1.1713200524871743,0.0895,1,0,False,0.5399176145488425,0.06708230957793632,-0.23103545878023207,0.3395485920510801,531.5317858611194,510.3789429842496,232.20735224019253,48.42924253137401,19,10.6,
beMTPL97,TabPFN-V3,5,random,raw,0.0,1,2000,1000,20261001,1349,1.1686286162865411,1.1713200524871743,0.0895,17,0,False,-0.005417241294819115,0.0005313494294957902,0.03588423498360906,0.006185548688053075,545.1391998837162,512.1076465082223,210.049450148184,35.14201729801299,14,10.5,
beMTPL97,TabPFN-V3,5,clean,clip,200.0,1,2000,1000,20261001,-1,1.1713200524871743,1.1713200524871743,0.0895,,0,True,0.0,0.0,0.0,0.0,545.4400648892093,512.2958235223824,213.35887159349647,35.07276745816924,14,0.0,
beMTPL97,TabPFN-V3,5,visible,clip,200.0,1,2000,1000,20261001,122,2.3283117953291863,1.1713200524871743,0.0895,1,1,False,0.14266616812250194,0.024651686015509412,-0.14943420945829777,0.1764624170099577,542.711361007777,511.3446568384563,225.52038007987824,41.95316232434276,16,10.9,
beMTPL97,TabPFN-V3,5,random,clip,200.0,1,2000,1000,20261001,1349,1.1686286162865411,1.1713200524871743,0.0895,17,0,True,-0.005417241294819115,0.0005313494294957902,0.03588423498360906,0.006185548688053075,545.1391998837162,512.1076465082223,210.049450148184,35.14201729801299,14,0.0,
beMTPL97,TabICLv2,5,clean,raw,0.0,1,2000,1000,20261001,-1,1.1713200524871743,1.1713200524871743,0.0895,,0,False,0.0,0.0,0.0,0.0,532.4273864803713,508.2622059058773,235.9244176875056,63.59412898473721,9,0.0,
beMTPL97,TabICLv2,5,visible,raw,0.0,1,2000,1000,20261001,122,2.3283117953291863,1.1713200524871743,0.0895,1,0,False,0.09906348510766873,-0.02615661224785023,-0.1648285175867573,0.01099572511692382,528.6152015991788,520.2211520074054,245.2975066882239,53.19633404050734,12,6.2,
beMTPL97,TabICLv2,5,random,raw,0.0,1,2000,1000,20261001,1349,1.1686286162865411,1.1713200524871743,0.0895,17,0,False,-0.02486458785956543,0.021866548521294406,0.043102401710831365,0.028910289486009957,533.3031324546599,501.8134789039358,229.8569710322322,58.106949801444564,9,5.3,
beMTPL97,TabICLv2,5,clean,clip,200.0,1,2000,1000,20261001,-1,1.1713200524871743,1.1713200524871743,0.0895,,0,True,0.0,0.0,0.0,0.0,532.4273864803713,508.2622059058773,235.9244176875056,63.59412898473721,9,0.0,
beMTPL97,TabICLv2,5,visible,clip,200.0,1,2000,1000,20261001,122,2.3283117953291863,1.1713200524871743,0.0895,1,1,False,0.10388105614045261,-0.040015317227063085,-0.10378245779919373,0.014064613796384627,529.0025842087396,522.5573642039035,238.01241876910518,61.9480703014795,10,5.8,
beMTPL97,TabICLv2,5,random,clip,200.0,1,2000,1000,20261001,1349,1.1686286162865411,1.1713200524871743,0.0895,17,0,True,-0.02486458785956543,0.021866548521294406,0.043102401710831365,0.028910289486009957,533.3031324546599,501.8134789039358,229.8569710322322,58.106949801444564,9,0.0,
beMTPL97,GBM,5,clean,raw,0.0,1,2000,1000,20261001,-1,1.1713200524871743,1.1713200524871743,0.0895,,0,False,0.0,0.0,0.0,0.0,528.1053390058439,505.19723196744326,225.11091327128435,37.235569199516355,19,0.0,
beMTPL97,GBM,5,visible,raw,0.0,1,2000,1000,20261001,122,2.3283117953291863,1.1713200524871743,0.0895,1,0,False,0.0,-0.00373580306213015,0.05388252460178029,0.4024999989443356,528.1053390058439,505.67089394232096,246.60529116799066,43.148122781851754,18,4.3,
beMTPL97,GBM,5,random,raw,0.0,1,2000,1000,20261001,1349,1.1686286162865411,1.1713200524871743,0.0895,17,0,False,0.006291679661245938,0.0034628645382617277,-0.037512196593332645,0.0,525.9176976795742,505.21423865568755,239.2595494331853,37.235569199516355,20,4.4,
beMTPL97,GBM,5,clean,clip,200.0,1,2000,1000,20261001,-1,1.1713200524871743,1.1713200524871743,0.0895,,0,True,0.0,0.0,0.0,0.0,528.1053390058439,505.19723196744326,225.11091327128435,37.235569199516355,19,0.0,
beMTPL97,GBM,5,visible,clip,200.0,1,2000,1000,20261001,122,2.3283117953291863,1.1713200524871743,0.0895,1,1,False,0.0,-0.00373580306213015,-0.11400431749982728,0.4024999989443356,528.1053390058439,505.67089394232096,252.20524272703636,41.14825228095298,22,4.4,
beMTPL97,GBM,5,random,clip,200.0,1,2000,1000,20261001,1349,1.1686286162865411,1.1713200524871743,0.0895,17,0,True,0.006291679661245938,0.0034628645382617277,-0.037512196593332645,0.0,525.9176976795742,505.21423865568755,239.2595494331853,37.235569199516355,20,0.0,
beMTPL97,TabPFN-V3,6,clean,raw,0.0,1,2000,1000,20261001,-1,1.0803019529880284,1.0803019529880284,0.0725,,0,False,0.0,0.0,0.0,0.0,507.80772387266904,462.39847204872837,196.46844900229178,40.407538008216065,8,0.0,
beMTPL97,TabPFN-V3,6,visible,raw,0.0,1,2000,1000,20261001,1327,2.0374212561674514,1.0803019529880284,0.0725,1,0,False,0.2673738877113999,0.0473491784916445,-0.1759507108063465,0.38324726457847164,505.15571857755833,465.14380382484416,203.51186283006646,57.18899233675039,13,9.7,
beMTPL97,TabPFN-V3,6,random,raw,0.0,1,2000,1000,20261001,1102,1.0794287525295487,1.0803019529880284,0.0725,20,0,False,0.0003554471882750202,0.004613304280466168,0.03392925478940742,0.004878147600079131,507.62608798551395,462.19359905782505,195.0696040267058,40.74077275040356,8,10.3,
beMTPL97,TabPFN-V3,6,clean,clip,200.0,1,2000,1000,20261001,-1,1.0803019529880284,1.0803019529880284,0.0725,,0,True,0.0,0.0,0.0,0.0,507.80772387266904,462.39847204872837,196.46844900229178,40.407538008216065,8,0.0,
beMTPL97,TabPFN-V3,6,visible,clip,200.0,1,2000,1000,20261001,1327,2.0374212561674514,1.0803019529880284,0.0725,1,1,False,0.4171697445960453,0.08243534925997253,-0.04122830086127116,0.2303383578037137,507.6444319362076,460.452000341471,199.56408330172573,49.63151257112538,10,9.5,
beMTPL97,TabPFN-V3,6,random,clip,200.0,1,2000,1000,20261001,1102,1.0794287525295487,1.0803019529880284,0.0725,20,0,True,0.0003554471882750202,0.004613304280466168,0.03392925478940742,0.004878147600079131,507.62608798551395,462.19359905782505,195.0696040267058,40.74077275040356,8,0.0,
beMTPL97,TabICLv2,6,clean,raw,0.0,1,2000,1000,20261001,-1,1.0803019529880284,1.0803019529880284,0.0725,,0,False,0.0,0.0,0.0,0.0,503.97213924839315,481.7709946207922,213.65898894043633,46.95694813922704,4,0.0,
beMTPL97,TabICLv2,6,visible,raw,0.0,1,2000,1000,20261001,1327,2.0374212561674514,1.0803019529880284,0.0725,1,0,False,0.10170442839978748,0.03311401049244182,0.01749608876353903,0.16899000414225596,503.34704233149034,478.5926710933241,223.04462468371233,53.89067411954417,4,5.2,
beMTPL97,TabICLv2,6,random,raw,0.0,1,2000,1000,20261001,1102,1.0794287525295487,1.0803019529880284,0.0725,20,0,False,0.0007850020473616144,0.004704851592910493,0.006008490344793571,0.004276798429437406,503.6197825039001,482.4645189652895,215.43355106934263,47.48023390175864,4,5.7,
beMTPL97,TabICLv2,6,clean,clip,200.0,1,2000,1000,20261001,-1,1.0803019529880284,1.0803019529880284,0.0725,,0,True,0.0,0.0,0.0,0.0,503.97213924839315,481.7709946207922,213.65898894043633,46.95694813922704,4,0.0,
beMTPL97,TabICLv2,6,visible,clip,200.0,1,2000,1000,20261001,1327,2.0374212561674514,1.0803019529880284,0.0725,1,1,False,0.06181964563206385,0.0132859842691099,0.14336921513898843,0.22699386440922176,503.54278085283346,490.60657259224456,237.52001307899621,53.68612032413401,3,5.9,
beMTPL97,TabICLv2,6,random,clip,200.0,1,2000,1000,20261001,1102,1.0794287525295487,1.0803019529880284,0.0725,20,0,True,0.0007850020473616144,0.004704851592910493,0.006008490344793571,0.004276798429437406,503.6197825039001,482.4645189652895,215.43355106934263,47.48023390175864,4,0.0,
beMTPL97,GBM,6,clean,raw,0.0,1,2000,1000,20261001,-1,1.0803019529880284,1.0803019529880284,0.0725,,0,False,0.0,0.0,0.0,0.0,502.8084517658157,467.7584858267922,200.7276629931383,41.376025812810155,7,0.0,
beMTPL97,GBM,6,visible,raw,0.0,1,2000,1000,20261001,1327,2.0374212561674514,1.0803019529880284,0.0725,1,0,False,0.0,-0.006681942715996233,-0.0005594553635340606,-0.008130552548946068,502.8084517658157,466.9790466103179,199.06505985070356,48.941477518424314,7,4.4,
beMTPL97,GBM,6,random,raw,0.0,1,2000,1000,20261001,1102,1.0794287525295487,1.0803019529880284,0.0725,20,0,False,-0.01541095996400587,0.0051117831012003,-0.0015384855570575945,0.0,502.08158551827086,469.40110010921836,198.9075152753514,41.376025812810155,8,4.3,
beMTPL97,GBM,6,clean,clip,200.0,1,2000,1000,20261001,-1,1.0803019529880284,1.0803019529880284,0.0725,,0,True,0.0,0.0,0.0,0.0,502.8084517658157,467.7584858267922,200.7276629931383,41.376025812810155,7,0.0,
beMTPL97,GBM,6,visible,clip,200.0,1,2000,1000,20261001,1327,2.0374212561674514,1.0803019529880284,0.0725,1,1,False,0.0,-0.006681942715996233,-0.0005594553635340606,0.05787072504107889,502.8084517658157,466.9790466103179,199.06505985070356,49.97589449241462,7,4.3,
beMTPL97,GBM,6,random,clip,200.0,1,2000,1000,20261001,1102,1.0794287525295487,1.0803019529880284,0.0725,20,0,True,-0.01541095996400587,0.0051117831012003,-0.0015384855570575945,0.0,502.08158551827086,469.40110010921836,198.9075152753514,41.376025812810155,8,0.0,
beMTPL97,TabPFN-V3,7,clean,raw,0.0,1,2000,1000,20261001,-1,1.1378900168140607,1.1378900168140607,0.099,,0,False,0.0,0.0,0.0,0.0,534.9611110833499,491.5350129826694,198.10037748455386,44.20173972601624,10,0.0,
beMTPL97,TabPFN-V3,7,visible,raw,0.0,1,2000,1000,20261001,804,2.1676138457462235,1.1378900168140607,0.099,1,0,False,0.4935053309029871,0.07703765406243647,-0.16320298868626779,0.4202980007547922,526.2812104323191,491.0482651164631,209.56690720913994,50.04815574633989,13,9.2,
beMTPL97,TabPFN-V3,7,random,raw,0.0,1,2000,1000,20261001,1179,1.137703951453869,1.1378900168140607,0.099,52,0,False,0.0043617982349545255,0.001803514960792289,0.0006021832436887938,0.0005723458959670188,535.1077899965311,490.9269281263345,201.6202554484211,44.12419797992249,10,9.7,
beMTPL97,TabPFN-V3,7,clean,clip,200.0,1,2000,1000,20261001,-1,1.1378900168140607,1.1378900168140607,0.099,,0,True,0.0,0.0,0.0,0.0,534.9611110833499,491.5350129826694,198.10037748455386,44.20173972601624,10,0.0,
beMTPL97,TabPFN-V3,7,visible,clip,200.0,1,2000,1000,20261001,804,2.1676138457462235,1.1378900168140607,0.099,1,1,False,0.39063052156099887,0.08151746677703997,-0.03973181980318766,0.19404548321950324,526.3055117657797,487.7861664507983,205.36106028070603,48.71258489007875,11,10.1,
beMTPL97,TabPFN-V3,7,random,clip,200.0,1,2000,1000,20261001,1179,1.137703951453869,1.1378900168140607,0.099,52,0,True,0.0043617982349545255,0.001803514960792289,0.0006021832436887938,0.0005723458959670188,535.1077899965311,490.9269281263345,201.6202554484211,44.12419797992249,10,0.0,
beMTPL97,TabICLv2,7,clean,raw,0.0,1,2000,1000,20261001,-1,1.1378900168140607,1.1378900168140607,0.099,,0,False,0.0,0.0,0.0,0.0,530.6519607886626,496.8610527423464,217.1341816138278,46.58473099338947,9,0.0,
beMTPL97,TabICLv2,7,visible,raw,0.0,1,2000,1000,20261001,804,2.1676138457462235,1.1378900168140607,0.099,1,0,False,0.15425450713803118,0.05165313690008656,0.013898843120148753,0.1649752157210711,523.5581466144272,508.99411209414797,239.55843067027078,50.16498493695374,9,5.5,
beMTPL97,TabICLv2,7,random,raw,0.0,1,2000,1000,20261001,1179,1.137703951453869,1.1378900168140607,0.099,52,0,False,0.0038759037528355543,0.004678099157400539,-0.0001619038601144401,-0.001564420148199996,530.7725619531757,496.77671185915244,218.28745154546846,46.98907627463949,9,5.9,
beMTPL97,TabICLv2,7,clean,clip,200.0,1,2000,1000,20261001,-1,1.1378900168140607,1.1378900168140607,0.099,,0,True,0.0,0.0,0.0,0.0,530.6519607886626,496.8610527423464,217.1341816138278,46.58473099338947,9,0.0,
beMTPL97,TabICLv2,7,visible,clip,200.0,1,2000,1000,20261001,804,2.1676138457462235,1.1378900168140607,0.099,1,1,False,0.09580488745133789,0.017817586935497693,0.07661141151239265,0.17460833026691944,528.3399915464122,502.99486901182985,233.33567578427486,47.02495075238343,8,6.0,
beMTPL97,TabICLv2,7,random,clip,200.0,1,2000,1000,20261001,1179,1.137703951453869,1.1378900168140607,0.099,52,0,True,0.0038759037528355543,0.004678099157400539,-0.0001619038601144401,-0.001564420148199996,530.7725619531757,496.77671185915244,218.28745154546846,46.98907627463949,9,0.0,
beMTPL97,GBM,7,clean,raw,0.0,1,2000,1000,20261001,-1,1.1378900168140607,1.1378900168140607,0.099,,0,False,0.0,0.0,0.0,0.0,528.8881152097448,482.1291121868608,213.08090398298572,40.35409254314868,8,0.0,
beMTPL97,GBM,7,visible,raw,0.0,1,2000,1000,20261001,804,2.1676138457462235,1.1378900168140607,0.099,1,0,False,0.0,-0.009887623693115202,-0.05456550012235823,3.954640060317894e-10,528.8881152097448,490.2063194372191,219.81609810126514,40.52692429925564,9,4.3,
beMTPL97,GBM,7,random,raw,0.0,1,2000,1000,20261001,1179,1.137703951453869,1.1378900168140607,0.099,52,0,False,0.019682341910414198,0.017712267865464162,0.0,0.0,530.7755578928501,490.8808934871744,213.08090398298572,40.35409254314868,8,4.3,
beMTPL97,GBM,7,clean,clip,200.0,1,2000,1000,20261001,-1,1.1378900168140607,1.1378900168140607,0.099,,0,True,0.0,0.0,0.0,0.0,528.8881152097448,482.1291121868608,213.08090398298572,40.35409254314868,8,0.0,
beMTPL97,GBM,7,visible,clip,200.0,1,2000,1000,20261001,804,2.1676138457462235,1.1378900168140607,0.099,1,1,False,0.0,-0.009887623693115202,-0.05456550012235823,3.954640060317894e-10,528.8881152097448,490.2063194372191,217.80356236516045,40.52692429925564,9,4.5,
beMTPL97,GBM,7,random,clip,200.0,1,2000,1000,20261001,1179,1.137703951453869,1.1378900168140607,0.099,52,0,True,0.019682341910414198,0.017712267865464162,0.0,0.0,530.7755578928501,490.8808934871744,213.08090398298572,40.35409254314868,8,0.0,
beMTPL97,TabPFN-V3,8,clean,raw,0.0,1,2000,1000,20261001,-1,1.0936822616935913,1.0936822616935913,0.0695,,0,False,0.0,0.0,0.0,0.0,612.7164432490496,650.8969234958186,345.3891298261643,97.30263063875654,14,0.0,
beMTPL97,TabPFN-V3,8,visible,raw,0.0,1,2000,1000,20261001,1778,2.5033909000758547,1.0936822616935913,0.0695,1,0,False,0.7931827986101179,0.09910050878093327,-0.24198373401276274,0.5581952808326613,606.7432590451625,648.8965493706472,369.1860522266707,114.48140817977217,20,9.7,
beMTPL97,TabPFN-V3,8,random,raw,0.0,1,2000,1000,20261001,1979,1.400437309355532,1.0936822616935913,0.0695,1,0,False,0.5354891842197493,0.06686098079608441,-0.07736468674084972,0.2126422922894422,605.9804698220945,649.1326118278541,352.5879268427659,102.97032678328779,14,9.7,
beMTPL97,TabPFN-V3,8,clean,clip,200.0,1,2000,1000,20261001,-1,1.0936822616935913,1.0936822616935913,0.0695,,0,True,0.0,0.0,0.0,0.0,612.7164432490496,650.8969234958186,345.3891298261643,97.30263063875654,14,0.0,
beMTPL97,TabPFN-V3,8,visible,clip,200.0,1,2000,1000,20261001,1778,2.5033909000758547,1.0936822616935913,0.0695,1,1,False,0.6044642719470996,0.06967417996100596,-0.07185776688028972,0.24844108582306818,605.7920311875312,648.7961190177956,353.6039552753831,102.6991108379753,14,10.2,
beMTPL97,TabPFN-V3,8,random,clip,200.0,1,2000,1000,20261001,1979,1.400437309355532,1.0936822616935913,0.0695,1,0,True,0.5354891842197493,0.06686098079608441,-0.07736468674084972,0.2126422922894422,605.9804698220945,649.1326118278541,352.5879268427659,102.97032678328779,14,0.0,
beMTPL97,TabICLv2,8,clean,raw,0.0,1,2000,1000,20261001,-1,1.0936822616935913,1.0936822616935913,0.0695,,0,False,0.0,0.0,0.0,0.0,604.4085013519904,657.8273024139802,336.76547295434074,119.27484656163304,9,0.0,
beMTPL97,TabICLv2,8,visible,raw,0.0,1,2000,1000,20261001,1778,2.5033909000758547,1.0936822616935913,0.0695,1,0,False,0.18265183597885143,0.03674300460745274,-0.0988177457118791,0.08182465407873188,606.8100054744473,664.961027931825,365.1027378202657,135.52985910716728,9,5.9,
beMTPL97,TabICLv2,8,random,raw,0.0,1,2000,1000,20261001,1979,1.400437309355532,1.0936822616935913,0.0695,1,0,False,0.041388633710694664,-0.010423534878737454,0.0892190299362061,0.16459404151652962,606.5573184491715,660.8896544762647,357.9321445461376,115.6900296276751,9,6.2,
beMTPL97,TabICLv2,8,clean,clip,200.0,1,2000,1000,20261001,-1,1.0936822616935913,1.0936822616935913,0.0695,,0,True,0.0,0.0,0.0,0.0,604.4085013519904,657.8273024139802,336.76547295434074,119.27484656163304,9,0.0,
beMTPL97,TabICLv2,8,visible,clip,200.0,1,2000,1000,20261001,1778,2.5033909000758547,1.0936822616935913,0.0695,1,1,False,0.02947714658127154,-0.012620154711520335,0.07616940119941407,0.15466432922504503,607.5996234160001,659.5770641624201,350.76865727546414,115.33852982298762,8,5.2,
beMTPL97,TabICLv2,8,random,clip,200.0,1,2000,1000,20261001,1979,1.400437309355532,1.0936822616935913,0.0695,1,0,True,0.041388633710694664,-0.010423534878737454,0.0892190299362061,0.16459404151652962,606.5573184491715,660.8896544762647,357.9321445461376,115.6900296276751,9,0.0,
beMTPL97,GBM,8,clean,raw,0.0,1,2000,1000,20261001,-1,1.0936822616935913,1.0936822616935913,0.0695,,0,False,0.0,0.0,0.0,0.0,604.1444223571908,664.140780328454,336.0187645337608,121.31241255308298,11,0.0,
beMTPL97,GBM,8,visible,raw,0.0,1,2000,1000,20261001,1778,2.5033909000758547,1.0936822616935913,0.0695,1,0,False,0.0,0.0,-0.09853708692551123,0.29980225093902746,604.1444223571908,664.140780328454,348.37365174931193,94.47481288682464,12,4.5,
beMTPL97,GBM,8,random,raw,0.0,1,2000,1000,20261001,1979,1.400437309355532,1.0936822616935913,0.0695,1,0,False,0.0,0.002822826485382221,0.013977383023402408,0.7618351489330657,604.1444223571908,672.6207504586471,336.35898259150457,84.15314133998518,11,4.5,
beMTPL97,GBM,8,clean,clip,200.0,1,2000,1000,20261001,-1,1.0936822616935913,1.0936822616935913,0.0695,,0,True,0.0,0.0,0.0,0.0,604.1444223571908,664.140780328454,336.0187645337608,121.31241255308298,11,0.0,
beMTPL97,GBM,8,visible,clip,200.0,1,2000,1000,20261001,1778,2.5033909000758547,1.0936822616935913,0.0695,1,1,False,0.0,0.0,-0.07801448220161022,0.29980225093902746,604.1444223571908,664.140780328454,353.62330206261646,94.47481288682464,11,4.5,
beMTPL97,GBM,8,random,clip,200.0,1,2000,1000,20261001,1979,1.400437309355532,1.0936822616935913,0.0695,1,0,True,0.0,0.002822826485382221,0.013977383023402408,0.7618351489330657,604.1444223571908,672.6207504586471,336.35898259150457,84.15314133998518,11,0.0,
beMTPL97,TabPFN-V3,9,clean,raw,0.0,1,2000,1000,20261001,-1,1.1356641286790916,1.1356641286790916,0.0955,,0,False,0.0,0.0,0.0,0.0,526.4999484024488,519.1863428413657,234.16868967304686,36.152378593285974,14,0.0,
beMTPL97,TabPFN-V3,9,visible,raw,0.0,1,2000,1000,20261001,69,2.174613388442317,1.1356641286790916,0.0955,1,0,False,0.33824476091010697,0.04367787817679573,-0.19335433248460043,0.39535280916381854,523.3139419588617,519.7415937360785,241.3832369741848,51.40049675734849,16,10.2,
beMTPL97,TabPFN-V3,9,random,raw,0.0,1,2000,1000,20261001,512,1.1327489166718427,1.1356641286790916,0.0955,13,0,False,-0.0015570804142501478,0.0015273024297718465,0.0216811484806385,0.008847521237290804,526.4699631912404,519.1432110809302,231.09857889002987,36.53651776906723,13,10.4,
beMTPL97,TabPFN-V3,9,clean,clip,200.0,1,2000,1000,20261001,-1,1.1356641286790916,1.1356641286790916,0.0955,,0,True,0.0,0.0,0.0,0.0,526.4999484024488,519.1863428413657,234.16868967304686,36.152378593285974,14,0.0,
beMTPL97,TabPFN-V3,9,visible,clip,200.0,1,2000,1000,20261001,69,2.174613388442317,1.1356641286790916,0.0955,1,1,False,0.3551415504275821,0.07632788049270034,-0.04977052589804547,0.11923928513626925,524.3731365276079,517.2241001148082,228.5851323781831,42.400182155785984,14,10.4,
beMTPL97,TabPFN-V3,9,random,clip,200.0,1,2000,1000,20261001,512,1.1327489166718427,1.1356641286790916,0.0955,13,0,True,-0.0015570804142501478,0.0015273024297718465,0.0216811484806385,0.008847521237290804,526.4699631912404,519.1432110809302,231.09857889002987,36.53651776906723,13,0.0,
beMTPL97,TabICLv2,9,clean,raw,0.0,1,2000,1000,20261001,-1,1.1356641286790916,1.1356641286790916,0.0955,,0,False,0.0,0.0,0.0,0.0,520.5707028085723,524.4310290446514,221.08629547266295,33.45573187404528,9,0.0,
beMTPL97,TabICLv2,9,visible,raw,0.0,1,2000,1000,20261001,69,2.174613388442317,1.1356641286790916,0.0955,1,0,False,0.16641695834850695,0.05344138824096749,0.08072464910139798,0.2481207085278696,520.8182870740848,527.0833269445691,244.55284928386934,37.81539004884998,7,6.0,
beMTPL97,TabICLv2,9,random,raw,0.0,1,2000,1000,20261001,512,1.1327489166718427,1.1356641286790916,0.0955,13,0,False,0.00595648267298724,0.0035140248748436282,-0.002953410738074658,-0.001633862969099798,520.6583527309915,525.2000190592997,221.2185132998114,33.75632684471728,9,5.2,
beMTPL97,TabICLv2,9,clean,clip,200.0,1,2000,1000,20261001,-1,1.1356641286790916,1.1356641286790916,0.0955,,0,True,0.0,0.0,0.0,0.0,520.5707028085723,524.4310290446514,221.08629547266295,33.45573187404528,9,0.0,
beMTPL97,TabICLv2,9,visible,clip,200.0,1,2000,1000,20261001,69,2.174613388442317,1.1356641286790916,0.0955,1,1,False,0.12077953057127348,0.007544278888784406,0.13153922791482126,0.225221566163833,520.4738019653681,529.1896215063515,232.3161114420725,34.42976693459216,7,5.9,
beMTPL97,TabICLv2,9,random,clip,200.0,1,2000,1000,20261001,512,1.1327489166718427,1.1356641286790916,0.0955,13,0,True,0.00595648267298724,0.0035140248748436282,-0.002953410738074658,-0.001633862969099798,520.6583527309915,525.2000190592997,221.2185132998114,33.75632684471728,9,0.0,
beMTPL97,GBM,9,clean,raw,0.0,1,2000,1000,20261001,-1,1.1356641286790916,1.1356641286790916,0.0955,,0,False,0.0,0.0,0.0,0.0,522.8366949582567,524.6186439327411,234.63002842347169,36.038901687533375,12,0.0,
beMTPL97,GBM,9,visible,raw,0.0,1,2000,1000,20261001,69,2.174613388442317,1.1356641286790916,0.0955,1,0,False,0.0,0.005980526920045215,0.05570678514313345,0.005894000154641717,522.8366949582567,524.5365091393749,234.65847708103973,49.38914025478892,11,4.3,
beMTPL97,GBM,9,random,raw,0.0,1,2000,1000,20261001,512,1.1327489166718427,1.1356641286790916,0.0955,13,0,False,0.003982464351578638,0.018989289216643945,0.030749486171350544,0.0,521.8665969878222,518.5352815505129,232.00167061641753,36.038901687533375,10,4.4,
beMTPL97,GBM,9,clean,clip,200.0,1,2000,1000,20261001,-1,1.1356641286790916,1.1356641286790916,0.0955,,0,True,0.0,0.0,0.0,0.0,522.8366949582567,524.6186439327411,234.63002842347169,36.038901687533375,12,0.0,
beMTPL97,GBM,9,visible,clip,200.0,1,2000,1000,20261001,69,2.174613388442317,1.1356641286790916,0.0955,1,1,False,0.0,0.005980526920045215,0.05570678514313345,0.005894000154641717,522.8366949582567,524.5365091393749,234.65847708103973,43.730292711399144,11,4.3,
beMTPL97,GBM,9,random,clip,200.0,1,2000,1000,20261001,512,1.1327489166718427,1.1356641286790916,0.0955,13,0,True,0.003982464351578638,0.018989289216643945,0.030749486171350544,0.0,521.8665969878222,518.5352815505129,232.00167061641753,36.038901687533375,10,0.0,
beMTPL97,TabPFN-V3,10,clean,raw,0.0,1,2000,1000,20261001,-1,1.0590564680481465,1.0590564680481465,0.1045,,0,False,0.0,0.0,0.0,0.0,616.2548577116501,663.9248708964544,337.2484546633862,77.85152661731004,23,0.0,
beMTPL97,TabPFN-V3,10,visible,raw,0.0,1,2000,1000,20261001,312,2.663365597321521,1.0590564680481465,0.1045,1,0,False,0.34614928907250525,0.042634372733405826,-0.23238895779941032,0.23374749494949965,612.6443547837837,664.7902373048756,353.04546909129056,65.41589963098193,27,10.0,
beMTPL97,TabPFN-V3,10,random,raw,0.0,1,2000,1000,20261001,1135,4.699232053428817,1.0590564680481465,0.1045,1,0,False,0.8155499518896449,0.15999962304971221,-0.2847724104976094,-0.10035136146567561,616.005642015616,661.2377282877636,365.05278723610974,88.88937726536271,30,10.5,
beMTPL97,TabPFN-V3,10,clean,clip,200.0,1,2000,1000,20261001,-1,1.0590564680481465,1.0590564680481465,0.1045,,0,True,0.0,0.0,0.0,0.0,616.2548577116501,663.9248708964544,337.2484546633862,77.85152661731004,23,0.0,
beMTPL97,TabPFN-V3,10,visible,clip,200.0,1,2000,1000,20261001,312,2.663365597321521,1.0590564680481465,0.1045,1,1,False,0.07867110759498255,0.02257209485440547,-0.10187264977191084,0.23000583839944022,616.1624256869666,664.1642441478355,341.4925462278867,56.561546766689965,25,9.3,
beMTPL97,TabPFN-V3,10,random,clip,200.0,1,2000,1000,20261001,1135,4.699232053428817,1.0590564680481465,0.1045,1,1,False,0.08615595289175784,0.021738329878076945,-0.10976610587169465,0.2282626015143792,615.9366857013018,665.1892847484213,344.10353516099224,57.32307260360402,25,9.7,
beMTPL97,TabICLv2,10,clean,raw,0.0,1,2000,1000,20261001,-1,1.0590564680481465,1.0590564680481465,0.1045,,0,False,0.0,0.0,0.0,0.0,615.4474044392755,670.686924076377,308.5826337724506,135.26167458668175,15,0.0,
beMTPL97,TabICLv2,10,visible,raw,0.0,1,2000,1000,20261001,312,2.663365597321521,1.0590564680481465,0.1045,1,0,False,0.0946525309142521,0.03686013521172095,-0.11593203485443362,0.049902196066012205,616.1249188056306,658.790709393582,323.22154805343575,126.3298324818477,18,5.8,
beMTPL97,TabICLv2,10,random,raw,0.0,1,2000,1000,20261001,1135,4.699232053428817,1.0590564680481465,0.1045,1,0,False,0.2129856945343444,0.07731369594850677,-0.14859567402658452,0.09921143174587888,617.0297576109356,667.5903670926119,341.1264228956045,129.9482799277167,20,5.6,
beMTPL97,TabICLv2,10,clean,clip,200.0,1,2000,1000,20261001,-1,1.0590564680481465,1.0590564680481465,0.1045,,0,True,0.0,0.0,0.0,0.0,615.4474044392755,670.686924076377,308.5826337724506,135.26167458668175,15,0.0,
beMTPL97,TabICLv2,10,visible,clip,200.0,1,2000,1000,20261001,312,2.663365597321521,1.0590564680481465,0.1045,1,1,False,0.051177619704659456,0.004191481342780914,0.08544522296833898,0.22434635762883354,615.3776341030995,656.8158311561018,308.94266615979205,113.18653413631887,14,5.4,
beMTPL97,TabICLv2,10,random,clip,200.0,1,2000,1000,20261001,1135,4.699232053428817,1.0590564680481465,0.1045,1,1,False,0.06313919161805975,0.007102028822248041,0.08975121507710623,0.21243479921823882,616.2705006109026,661.7250590864962,313.6553428220189,111.539324089478,15,5.9,
beMTPL97,GBM,10,clean,raw,0.0,1,2000,1000,20261001,-1,1.0590564680481465,1.0590564680481465,0.1045,,0,False,0.0,0.0,0.0,0.0,617.0947318348267,635.1083200818524,294.96812514518257,88.67264646590606,19,0.0,
beMTPL97,GBM,10,visible,raw,0.0,1,2000,1000,20261001,312,2.663365597321521,1.0590564680481465,0.1045,1,0,False,0.0,3.686972593277442e-05,3.184833526833508e-11,0.4236678801447236,617.0947318348267,635.1026870628409,297.66752186290194,103.66805764052546,20,4.2,
beMTPL97,GBM,10,random,raw,0.0,1,2000,1000,20261001,1135,4.699232053428817,1.0590564680481465,0.1045,1,0,False,0.0,0.0,3.184833526833508e-11,0.4236678801447236,617.0947318348267,635.1083200818524,297.66752186290194,78.63247627202382,20,4.3,
beMTPL97,GBM,10,clean,clip,200.0,1,2000,1000,20261001,-1,1.0590564680481465,1.0590564680481465,0.1045,,0,True,0.0,0.0,0.0,0.0,617.0947318348267,635.1083200818524,294.96812514518257,88.67264646590606,19,0.0,
beMTPL97,GBM,10,visible,clip,200.0,1,2000,1000,20261001,312,2.663365597321521,1.0590564680481465,0.1045,1,1,False,0.0,3.686972593277442e-05,3.184833526833508e-11,0.4236678801447236,617.0947318348267,635.1026870628409,297.66752186290194,103.26387880607662,20,4.0,
beMTPL97,GBM,10,random,clip,200.0,1,2000,1000,20261001,1135,4.699232053428817,1.0590564680481465,0.1045,1,1,False,0.0,0.0,3.184833526833508e-11,0.4236678801447236,617.0947318348267,635.1083200818524,297.66752186290194,77.88859893617078,20,4.2,
beMTPL97,TabPFN-V3,11,clean,raw,0.0,1,2000,1000,20261001,-1,1.0563434073102456,1.0563434073102456,0.099,,0,False,0.0,0.0,0.0,0.0,600.3900841477649,599.9744997534698,301.99959044424185,84.51183309566808,15,0.0,
beMTPL97,TabPFN-V3,11,visible,raw,0.0,1,2000,1000,20261001,1787,2.394312748612964,1.0563434073102456,0.099,1,0,False,0.26254335447527466,-0.008832483511139813,-0.2625984047863965,0.31635818493774825,598.4867521997274,607.4730540028492,334.52733307196246,74.97778012146806,21,10.0,
beMTPL97,TabPFN-V3,11,random,raw,0.0,1,2000,1000,20261001,1393,1.1259918298168137,1.0563434073102456,0.099,1,0,False,-0.11004664489552904,-0.02713616703115889,-0.005925408698073939,0.07367150566902735,604.3412385253317,601.7005507790192,305.8491829817237,83.82915207418371,15,10.1,
beMTPL97,TabPFN-V3,11,clean,clip,200.0,1,2000,1000,20261001,-1,1.0563434073102456,1.0563434073102456,0.099,,0,True,0.0,0.0,0.0,0.0,600.3900841477649,599.9744997534698,301.99959044424185,84.51183309566808,15,0.0,
beMTPL97,TabPFN-V3,11,visible,clip,200.0,1,2000,1000,20261001,1787,2.394312748612964,1.0563434073102456,0.099,1,1,False,0.23880392028186598,0.031055078106112993,-0.09532995595666487,0.20550711628168855,597.8308174661087,599.4749916417103,315.3221591416335,75.88819432068681,16,10.4,
beMTPL97,TabPFN-V3,11,random,clip,200.0,1,2000,1000,20261001,1393,1.1259918298168137,1.0563434073102456,0.099,1,0,True,-0.11004664489552904,-0.02713616703115889,-0.005925408698073939,0.07367150566902735,604.3412385253317,601.7005507790192,305.8491829817237,83.82915207418371,15,0.0,
beMTPL97,TabICLv2,11,clean,raw,0.0,1,2000,1000,20261001,-1,1.0563434073102456,1.0563434073102456,0.099,,0,False,0.0,0.0,0.0,0.0,598.3876429773753,597.352142415286,294.27602542914065,125.05050324069673,12,0.0,
beMTPL97,TabICLv2,11,visible,raw,0.0,1,2000,1000,20261001,1787,2.394312748612964,1.0563434073102456,0.099,1,0,False,0.07715718019329668,0.07115821962821253,0.07645330816641564,0.2570096491632947,595.9066907466494,584.7325796087727,269.8676323424554,88.71368234410721,9,5.9,
beMTPL97,TabICLv2,11,random,raw,0.0,1,2000,1000,20261001,1393,1.1259918298168137,1.0563434073102456,0.099,1,0,False,0.0015229776537824793,0.003680116285282493,0.07829964142038603,0.09593920764504996,599.8724310254499,598.4433899976201,295.0130032262444,114.71028757198468,9,6.0,
beMTPL97,TabICLv2,11,clean,clip,200.0,1,2000,1000,20261001,-1,1.0563434073102456,1.0563434073102456,0.099,,0,True,0.0,0.0,0.0,0.0,598.3876429773753,597.352142415286,294.27602542914065,125.05050324069673,12,0.0,
beMTPL97,TabICLv2,11,visible,clip,200.0,1,2000,1000,20261001,1787,2.394312748612964,1.0563434073102456,0.099,1,1,False,-0.008253462839966488,0.014761598356692548,0.13047874639462403,0.24162201081315657,595.2035021637718,586.5645474467501,276.35660135612727,86.79807286741669,9,5.2,
beMTPL97,TabICLv2,11,random,clip,200.0,1,2000,1000,20261001,1393,1.1259918298168137,1.0563434073102456,0.099,1,0,True,0.0015229776537824793,0.003680116285282493,0.07829964142038603,0.09593920764504996,599.8724310254499,598.4433899976201,295.0130032262444,114.71028757198468,9,0.0,
beMTPL97,GBM,11,clean,raw,0.0,1,2000,1000,20261001,-1,1.0563434073102456,1.0563434073102456,0.099,,0,False,0.0,0.0,0.0,0.0,599.0411619939396,597.8490433649725,300.04960508548237,69.46672403676862,15,0.0,
beMTPL97,GBM,11,visible,raw,0.0,1,2000,1000,20261001,1787,2.394312748612964,1.0563434073102456,0.099,1,0,False,0.0,-0.015997484786425636,0.029411764461364058,4.3501962658846367e-10,599.0411619939396,594.8109444638802,298.1680932474691,38.05691507306143,15,4.4,
beMTPL97,GBM,11,random,raw,0.0,1,2000,1000,20261001,1393,1.1259918298168137,1.0563434073102456,0.099,1,0,False,0.001326833811502026,-0.035748680001989455,0.029411764461364058,0.2456417539157392,599.2868023003423,597.1260444013396,298.1680932474691,77.42570604624366,15,4.2,
beMTPL97,GBM,11,clean,clip,200.0,1,2000,1000,20261001,-1,1.0563434073102456,1.0563434073102456,0.099,,0,True,0.0,0.0,0.0,0.0,599.0411619939396,597.8490433649725,300.04960508548237,69.46672403676862,15,0.0,
beMTPL97,GBM,11,visible,clip,200.0,1,2000,1000,20261001,1787,2.394312748612964,1.0563434073102456,0.099,1,1,False,0.0,-0.015997484786425636,0.029411764461364058,4.3501962658846367e-10,599.0411619939396,592.4020169613595,298.1680932474691,36.49852261249996,15,4.1,
beMTPL97,GBM,11,random,clip,200.0,1,2000,1000,20261001,1393,1.1259918298168137,1.0563434073102456,0.099,1,0,True,0.001326833811502026,-0.035748680001989455,0.029411764461364058,0.2456417539157392,599.2868023003423,597.1260444013396,298.1680932474691,77.42570604624366,15,0.0,
beMTPL97,TabPFN-V3,12,clean,raw,0.0,1,2000,1000,20261001,-1,1.1619461419265524,1.1619461419265524,0.097,,0,False,0.0,0.0,0.0,0.0,733.7356604893135,819.6446443599425,409.7764334434113,63.04433649647866,33,0.0,
beMTPL97,TabPFN-V3,12,visible,raw,0.0,1,2000,1000,20261001,306,3.279242509590847,1.1619461419265524,0.097,1,0,False,0.752491090371316,0.12148608408956521,-0.26030602024440674,0.039680573907571445,721.8114907980942,814.3423142345323,472.4601943288178,61.076145493694476,40,10.2,
beMTPL97,TabPFN-V3,12,random,raw,0.0,1,2000,1000,20261001,1760,1.1616516228803573,1.1619461419265524,0.097,46,0,False,0.003020607818153934,0.0009464709741537458,-0.0011335368266535044,0.0007307646323956671,733.644885920997,819.5113813716613,410.7814177524934,62.595975617572414,33,8.8,
beMTPL97,TabPFN-V3,12,clean,clip,200.0,1,2000,1000,20261001,-1,1.1619461419265524,1.1619461419265524,0.097,,0,True,0.0,0.0,0.0,0.0,733.7356604893135,819.6446443599425,409.7764334434113,63.04433649647866,33,0.0,
beMTPL97,TabPFN-V3,12,visible,clip,200.0,1,2000,1000,20261001,306,3.279242509590847,1.1619461419265524,0.097,1,1,False,0.24199413033705397,0.048782377957941395,-0.15132229327971508,0.1342476532364629,726.4187239598459,813.6952043817593,436.86711639146057,60.75340336863787,35,9.9,
beMTPL97,TabPFN-V3,12,random,clip,200.0,1,2000,1000,20261001,1760,1.1616516228803573,1.1619461419265524,0.097,46,0,True,0.003020607818153934,0.0009464709741537458,-0.0011335368266535044,0.0007307646323956671,733.644885920997,819.5113813716613,410.7814177524934,62.595975617572414,33,0.0,
beMTPL97,TabICLv2,12,clean,raw,0.0,1,2000,1000,20261001,-1,1.1619461419265524,1.1619461419265524,0.097,,0,False,0.0,0.0,0.0,0.0,723.6860607579783,806.1028426261134,353.2659044787963,127.24990400049992,21,0.0,
beMTPL97,TabICLv2,12,visible,raw,0.0,1,2000,1000,20261001,306,3.279242509590847,1.1619461419265524,0.097,1,0,False,0.12315519388808896,0.03539668544178712,-0.041990679679000886,0.17584599094170772,724.3416591242916,805.4769685655841,378.1930066259573,93.93577187205547,19,5.9,
beMTPL97,TabICLv2,12,random,raw,0.0,1,2000,1000,20261001,1760,1.1616516228803573,1.1619461419265524,0.097,46,0,False,0.0027174561640967887,0.002853291580568105,0.0006393235105454466,-0.0005314647075919884,723.9927006167937,805.2536550772853,350.052687736343,125.99636352003117,20,5.8,
beMTPL97,TabICLv2,12,clean,clip,200.0,1,2000,1000,20261001,-1,1.1619461419265524,1.1619461419265524,0.097,,0,True,0.0,0.0,0.0,0.0,723.6860607579783,806.1028426261134,353.2659044787963,127.24990400049992,21,0.0,
beMTPL97,TabICLv2,12,visible,clip,200.0,1,2000,1000,20261001,306,3.279242509590847,1.1619461419265524,0.097,1,1,False,0.0532955540817579,0.003193639362231121,0.09334202389928864,0.2055101361019434,724.7386081977016,813.2061806794636,343.42371082502814,88.3101793486869,18,5.3,
beMTPL97,TabICLv2,12,random,clip,200.0,1,2000,1000,20261001,1760,1.1616516228803573,1.1619461419265524,0.097,46,0,True,0.0027174561640967887,0.002853291580568105,0.0006393235105454466,-0.0005314647075919884,723.9927006167937,805.2536550772853,350.052687736343,125.99636352003117,20,0.0,
beMTPL97,GBM,12,clean,raw,0.0,1,2000,1000,20261001,-1,1.1619461419265524,1.1619461419265524,0.097,,0,False,0.0,0.0,0.0,0.0,721.1675169448189,813.583642540628,397.17226612510393,85.95044013936189,29,0.0,
beMTPL97,GBM,12,visible,raw,0.0,1,2000,1000,20261001,306,3.279242509590847,1.1619461419265524,0.097,1,0,False,0.0,0.0,-0.1617382294788111,0.07518279811406606,721.1675169448189,813.583642540628,461.8814922387941,82.80048385989232,34,4.4,
beMTPL97,GBM,12,random,raw,0.0,1,2000,1000,20261001,1760,1.1616516228803573,1.1619461419265524,0.097,46,0,False,0.028667473388181538,0.019900447136474892,0.0,0.0,722.1793749409148,815.4784204508767,397.17226612510393,85.95044013936189,29,4.1,
beMTPL97,GBM,12,clean,clip,200.0,1,2000,1000,20261001,-1,1.1619461419265524,1.1619461419265524,0.097,,0,True,0.0,0.0,0.0,0.0,721.1675169448189,813.583642540628,397.17226612510393,85.95044013936189,29,0.0,
beMTPL97,GBM,12,visible,clip,200.0,1,2000,1000,20261001,306,3.279242509590847,1.1619461419265524,0.097,1,1,False,0.0,0.0,-0.09818848650620679,0.1028208955408601,721.1675169448189,813.583642540628,432.0853262059054,80.0155222920805,33,4.3,
beMTPL97,GBM,12,random,clip,200.0,1,2000,1000,20261001,1760,1.1616516228803573,1.1619461419265524,0.097,46,0,True,0.028667473388181538,0.019900447136474892,0.0,0.0,722.1793749409148,815.4784204508767,397.17226612510393,85.95044013936189,29,0.0,
beMTPL97,TabPFN-V3,13,clean,raw,0.0,1,2000,1000,20261001,-1,1.041186443361798,1.041186443361798,0.1105,,0,False,0.0,0.0,0.0,0.0,539.1398708972017,502.25092232288364,259.13991158667943,87.12228495204434,7,0.0,
beMTPL97,TabPFN-V3,13,visible,raw,0.0,1,2000,1000,20261001,1849,12.482809182527589,1.041186443361798,0.1105,1,0,False,1.4514213355704226,0.3385761518527642,-0.46516607809509714,-0.24777942930704844,531.8374487726644,508.970449668189,260.81733033081883,92.90153137384627,16,10.3,
beMTPL97,TabPFN-V3,13,random,raw,0.0,1,2000,1000,20261001,1419,2.314849825858563,1.041186443361798,0.1105,1,0,False,0.20640872491197787,-0.035015855493239774,-0.2982750332471178,0.2628865274346053,534.626795319092,501.540360707817,256.3619405956598,92.37418929384124,11,9.2,
beMTPL97,TabPFN-V3,13,clean,clip,200.0,1,2000,1000,20261001,-1,1.041186443361798,1.041186443361798,0.1105,,0,True,0.0,0.0,0.0,0.0,539.1398708972017,502.25092232288364,259.13991158667943,87.12228495204434,7,0.0,
beMTPL97,TabPFN-V3,13,visible,clip,200.0,1,2000,1000,20261001,1849,12.482809182527589,1.041186443361798,0.1105,1,1,False,0.18586115903661893,0.017916789403868413,-0.16819253139554083,0.10418342183553934,533.4885779986893,497.89744410850597,259.4528479798829,90.5883046043881,9,10.0,
beMTPL97,TabPFN-V3,13,random,clip,200.0,1,2000,1000,20261001,1419,2.314849825858563,1.041186443361798,0.1105,1,1,False,0.19354324313417728,0.021891251369167752,-0.13458469056744007,0.10790686270472721,533.8509205956308,497.89034619554104,263.46326463515635,90.93778367470061,9,9.9,
beMTPL97,TabICLv2,13,clean,raw,0.0,1,2000,1000,20261001,-1,1.041186443361798,1.041186443361798,0.1105,,0,False,0.0,0.0,0.0,0.0,527.7873326018297,532.7009335254643,255.43871470268644,101.36261684562372,7,0.0,
beMTPL97,TabICLv2,13,visible,raw,0.0,1,2000,1000,20261001,1849,12.482809182527589,1.041186443361798,0.1105,1,0,False,0.11044663849559694,0.22737049658163117,-0.0348351158464741,0.43044135223062757,529.6283709773263,529.5943933662635,261.78037126971526,74.07314454188807,6,5.6,
beMTPL97,TabICLv2,13,random,raw,0.0,1,2000,1000,20261001,1419,2.314849825858563,1.041186443361798,0.1105,1,0,False,0.05964135038977637,0.052883453738022154,0.014374953723095864,0.16571680658838583,530.420314185272,539.1351436923248,272.2950673296223,103.56385246354246,5,5.7,
beMTPL97,TabICLv2,13,clean,clip,200.0,1,2000,1000,20261001,-1,1.041186443361798,1.041186443361798,0.1105,,0,True,0.0,0.0,0.0,0.0,527.7873326018297,532.7009335254643,255.43871470268644,101.36261684562372,7,0.0,
beMTPL97,TabICLv2,13,visible,clip,200.0,1,2000,1000,20261001,1849,12.482809182527589,1.041186443361798,0.1105,1,1,False,0.05968585971682222,0.028372273674012953,0.14994332301416774,0.2580321902060275,528.2113121900655,569.905856870193,282.90087743460276,99.00972594230339,5,5.8,
beMTPL97,TabICLv2,13,random,clip,200.0,1,2000,1000,20261001,1419,2.314849825858563,1.041186443361798,0.1105,1,1,False,0.0420055625964577,0.018569078733036752,0.09852724026530127,0.19996901308191423,528.7274877353923,569.4282536977881,282.6444940141926,103.35006567179559,5,5.4,
beMTPL97,GBM,13,clean,raw,0.0,1,2000,1000,20261001,-1,1.041186443361798,1.041186443361798,0.1105,,0,False,0.0,0.0,0.0,0.0,525.1890889645153,498.8374428717259,245.01694208432374,74.07187940640006,8,0.0,
beMTPL97,GBM,13,visible,raw,0.0,1,2000,1000,20261001,1849,12.482809182527589,1.041186443361798,0.1105,1,0,False,0.0,-0.008203685588968682,0.10775339801946972,0.39394686967114806,525.1890889645153,526.5198574452326,246.90306832922224,114.94479868965502,7,4.3,
beMTPL97,GBM,13,random,raw,0.0,1,2000,1000,20261001,1419,2.314849825858563,1.041186443361798,0.1105,1,0,False,0.0,0.001108708840095945,0.13584660187581,0.39394686967114806,525.1890889645153,503.08646462687165,248.2767068350417,90.69917563768757,7,4.4,
beMTPL97,GBM,13,clean,clip,200.0,1,2000,1000,20261001,-1,1.041186443361798,1.041186443361798,0.1105,,0,True,0.0,0.0,0.0,0.0,525.1890889645153,498.8374428717259,245.01694208432374,74.07187940640006,8,0.0,
beMTPL97,GBM,13,visible,clip,200.0,1,2000,1000,20261001,1849,12.482809182527589,1.041186443361798,0.1105,1,1,False,0.0,-0.008203685588968682,0.10775339801946972,0.39394686967114806,525.1890889645153,510.60823791909064,246.90306832922224,85.34849425487198,7,4.3,
beMTPL97,GBM,13,random,clip,200.0,1,2000,1000,20261001,1419,2.314849825858563,1.041186443361798,0.1105,1,1,False,0.0,0.001108708840095945,0.13584660187581,0.39394686967114806,525.1890889645153,503.08646462687165,248.2767068350417,85.69611031019082,7,4.1,
beMTPL97,TabPFN-V3,14,clean,raw,0.0,1,2000,1000,20261001,-1,1.0786513783020286,1.0786513783020286,0.096,,0,False,0.0,0.0,0.0,0.0,641.1968913190822,680.7614678693533,374.2668525133988,104.02501727295282,15,0.0,
beMTPL97,TabPFN-V3,14,visible,raw,0.0,1,2000,1000,20261001,1712,9.365286185293746,1.0786513783020286,0.096,1,0,False,1.1546979173851355,0.27678626050691735,-0.441874770552668,-0.13403018458855348,630.1043072623218,677.5451170887046,422.1255689043907,116.08540882713473,23,9.3,
beMTPL97,TabPFN-V3,14,random,raw,0.0,1,2000,1000,20261001,1057,1.078519329602881,1.0786513783020286,0.096,43,0,False,0.006436112634258365,0.0022069003128173904,0.0008013214733432188,0.0007708105024463244,641.1542750332836,680.5638170137092,375.4599186559769,103.88855524756221,15,9.7,
beMTPL97,TabPFN-V3,14,clean,clip,200.0,1,2000,1000,20261001,-1,1.0786513783020286,1.0786513783020286,0.096,,0,True,0.0,0.0,0.0,0.0,641.1968913190822,680.7614678693533,374.2668525133988,104.02501727295282,15,0.0,
beMTPL97,TabPFN-V3,14,visible,clip,200.0,1,2000,1000,20261001,1712,9.365286185293746,1.0786513783020286,0.096,1,1,False,0.3589172477325194,0.037960889149211995,-0.18587606963458836,0.17450196285055933,631.5100778087733,678.7634061377912,389.48809263548515,82.37364362825438,19,9.7,
beMTPL97,TabPFN-V3,14,random,clip,200.0,1,2000,1000,20261001,1057,1.078519329602881,1.0786513783020286,0.096,43,0,True,0.006436112634258365,0.0022069003128173904,0.0008013214733432188,0.0007708105024463244,641.1542750332836,680.5638170137092,375.4599186559769,103.88855524756221,15,0.0,
beMTPL97,TabICLv2,14,clean,raw,0.0,1,2000,1000,20261001,-1,1.0786513783020286,1.0786513783020286,0.096,,0,False,0.0,0.0,0.0,0.0,631.402818502767,672.3937959825153,365.615244924309,151.8507291748878,12,0.0,
beMTPL97,TabICLv2,14,visible,raw,0.0,1,2000,1000,20261001,1712,9.365286185293746,1.0786513783020286,0.096,1,0,False,0.10016537073537654,0.09865412566273835,-0.15776804909461045,0.2868700259978102,633.6006411180474,685.2662708194048,390.2201461243907,133.45484914878912,15,5.2,
beMTPL97,TabICLv2,14,random,raw,0.0,1,2000,1000,20261001,1057,1.078519329602881,1.0786513783020286,0.096,43,0,False,0.02973638764410444,-0.007955224828129355,-0.00061951699173005,0.0024528903675002456,630.340557439059,674.2474730370005,367.02973809325425,152.69786600202266,12,6.0,
beMTPL97,TabICLv2,14,clean,clip,200.0,1,2000,1000,20261001,-1,1.0786513783020286,1.0786513783020286,0.096,,0,True,0.0,0.0,0.0,0.0,631.402818502767,672.3937959825153,365.615244924309,151.8507291748878,12,0.0,
beMTPL97,TabICLv2,14,visible,clip,200.0,1,2000,1000,20261001,1712,9.365286185293746,1.0786513783020286,0.096,1,1,False,0.0846924665429175,-0.015248962708097651,0.01042179457579926,0.12615666676289877,630.3274308802017,689.2678984269378,369.518372424309,131.89846754937915,12,5.8,
beMTPL97,TabICLv2,14,random,clip,200.0,1,2000,1000,20261001,1057,1.078519329602881,1.0786513783020286,0.096,43,0,True,0.02973638764410444,-0.007955224828129355,-0.00061951699173005,0.0024528903675002456,630.340557439059,674.2474730370005,367.02973809325425,152.69786600202266,12,0.0,
beMTPL97,GBM,14,clean,raw,0.0,1,2000,1000,20261001,-1,1.0786513783020286,1.0786513783020286,0.096,,0,False,0.0,0.0,0.0,0.0,632.2451674543814,684.9224016370598,392.7007449044139,93.77210435834346,18,0.0,
beMTPL97,GBM,14,visible,raw,0.0,1,2000,1000,20261001,1712,9.365286185293746,1.0786513783020286,0.096,1,0,False,0.0,0.0,0.013937035351784189,0.16517733330409304,632.2451674543814,684.9224016370598,624.5896289448482,107.524207217232,21,4.3,
beMTPL97,GBM,14,random,raw,0.0,1,2000,1000,20261001,1057,1.078519329602881,1.0786513783020286,0.096,43,0,False,0.012795214864361134,-0.003976647730460893,0.0,0.0,631.4326256126013,684.963292942939,392.7007449044139,93.77210435834346,18,4.2,
beMTPL97,GBM,14,clean,clip,200.0,1,2000,1000,20261001,-1,1.0786513783020286,1.0786513783020286,0.096,,0,True,0.0,0.0,0.0,0.0,632.2451674543814,684.9224016370598,392.7007449044139,93.77210435834346,18,0.0,
beMTPL97,GBM,14,visible,clip,200.0,1,2000,1000,20261001,1712,9.365286185293746,1.0786513783020286,0.096,1,1,False,0.0,0.0,-0.012107330657174401,0.16517733330409304,632.2451674543814,684.9224016370598,432.55826836431385,83.25481410542713,19,4.3,
beMTPL97,GBM,14,random,clip,200.0,1,2000,1000,20261001,1057,1.078519329602881,1.0786513783020286,0.096,43,0,True,0.012795214864361134,-0.003976647730460893,0.0,0.0,631.4326256126013,684.963292942939,392.7007449044139,93.77210435834346,18,0.0,
beMTPL97,TabPFN-V3,15,clean,raw,0.0,1,2000,1000,20261001,-1,1.0925550382128313,1.0925550382128313,0.062,,0,False,0.0,0.0,0.0,0.0,617.3171485074578,658.1328170361239,371.76739218624067,71.51372345151093,13,0.0,
beMTPL97,TabPFN-V3,15,visible,raw,0.0,1,2000,1000,20261001,677,22.062104861942533,1.0925550382128313,0.062,1,0,False,1.7500000032794496,0.1685965155603466,-0.08265559610462654,-0.19770074159927153,621.0222714744829,660.829830739061,390.7554241224461,111.31078982902174,18,10.0,
beMTPL97,TabPFN-V3,15,random,raw,0.0,1,2000,1000,20261001,1379,1.2813914451081603,1.0925550382128313,0.062,1,0,False,0.20290475486901993,0.027960875230041354,-0.058762115581306965,0.12905072236520937,613.8161496485587,656.6246149200199,372.7059122497173,66.79344377182343,13,9.7,
beMTPL97,TabPFN-V3,15,clean,clip,200.0,1,2000,1000,20261001,-1,1.0925550382128313,1.0925550382128313,0.062,,0,True,0.0,0.0,0.0,0.0,617.3171485074578,658.1328170361239,371.76739218624067,71.51372345151093,13,0.0,
beMTPL97,TabPFN-V3,15,visible,clip,200.0,1,2000,1000,20261001,677,22.062104861942533,1.0925550382128313,0.062,1,1,False,0.46201436440354404,0.04810478422188676,-0.10417318105538584,0.20204115429245348,612.632103253535,656.4149790560067,375.2564587572989,68.49911465067181,14,10.0,
beMTPL97,TabPFN-V3,15,random,clip,200.0,1,2000,1000,20261001,1379,1.2813914451081603,1.0925550382128313,0.062,1,0,True,0.20290475486901993,0.027960875230041354,-0.058762115581306965,0.12905072236520937,613.8161496485587,656.6246149200199,372.7059122497173,66.79344377182343,13,0.0,
beMTPL97,TabICLv2,15,clean,raw,0.0,1,2000,1000,20261001,-1,1.0925550382128313,1.0925550382128313,0.062,,0,False,0.0,0.0,0.0,0.0,610.1344152499803,662.3948018321884,361.99681516082626,120.50616412687329,12,0.0,
beMTPL97,TabICLv2,15,visible,raw,0.0,1,2000,1000,20261001,677,22.062104861942533,1.0925550382128313,0.062,1,0,False,0.13345686629719491,0.21270880457163388,-0.2073914251563725,0.41522539516035645,612.5781978837657,670.1455579508992,350.97301882660344,71.10508199901393,12,5.9,
beMTPL97,TabICLv2,15,random,raw,0.0,1,2000,1000,20261001,1379,1.2813914451081603,1.0925550382128313,0.062,1,0,False,0.007524062905908497,0.013454561135445391,0.15165219634443175,0.18223844418581553,611.5417447476757,659.9644220282939,356.4090054893341,97.94714801065481,10,5.7,
beMTPL97,TabICLv2,15,clean,clip,200.0,1,2000,1000,20261001,-1,1.0925550382128313,1.0925550382128313,0.062,,0,True,0.0,0.0,0.0,0.0,610.1344152499803,662.3948018321884,361.99681516082626,120.50616412687329,12,0.0,
beMTPL97,TabICLv2,15,visible,clip,200.0,1,2000,1000,20261001,677,22.062104861942533,1.0925550382128313,0.062,1,1,False,0.02843812572005599,0.02566530796037665,0.199283889138572,0.2494265696708852,611.2668648656208,663.2971923813843,355.80080285261533,89.4152575809673,10,5.4,
beMTPL97,TabICLv2,15,random,clip,200.0,1,2000,1000,20261001,1379,1.2813914451081603,1.0925550382128313,0.062,1,0,True,0.007524062905908497,0.013454561135445391,0.15165219634443175,0.18223844418581553,611.5417447476757,659.9644220282939,356.4090054893341,97.94714801065481,10,0.0,
beMTPL97,GBM,15,clean,raw,0.0,1,2000,1000,20261001,-1,1.0925550382128313,1.0925550382128313,0.062,,0,False,0.0,0.0,0.0,0.0,613.3015926330253,659.0823021127966,366.38842913127866,97.60159763598466,12,0.0,
beMTPL97,GBM,15,visible,raw,0.0,1,2000,1000,20261001,677,22.062104861942533,1.0925550382128313,0.062,1,0,False,0.0,0.007492531191146526,0.021257162102458333,8.75197534487029e-11,613.3015926330253,699.0419603511721,366.22788054578086,97.60159762504884,12,4.0,
beMTPL97,GBM,15,random,raw,0.0,1,2000,1000,20261001,1379,1.2813914451081603,1.0925550382128313,0.062,1,0,False,0.0,0.03059999997248411,0.013474448118046779,0.21027335035448894,613.3015926330253,658.8397013332211,365.2049073047998,84.65832014669388,12,3.9,
beMTPL97,GBM,15,clean,clip,200.0,1,2000,1000,20261001,-1,1.0925550382128313,1.0925550382128313,0.062,,0,True,0.0,0.0,0.0,0.0,613.3015926330253,659.0823021127966,366.38842913127866,97.60159763598466,12,0.0,
beMTPL97,GBM,15,visible,clip,200.0,1,2000,1000,20261001,677,22.062104861942533,1.0925550382128313,0.062,1,1,False,0.0,-0.01354444579771881,0.021257162102458333,8.75197534487029e-11,613.3015926330253,659.7443168547463,366.22788054578086,97.60159762504884,12,4.0,
beMTPL97,GBM,15,random,clip,200.0,1,2000,1000,20261001,1379,1.2813914451081603,1.0925550382128313,0.062,1,0,True,0.0,0.03059999997248411,0.013474448118046779,0.21027335035448894,613.3015926330253,658.8397013332211,365.2049073047998,84.65832014669388,12,0.0,
beMTPL97,TabPFN-V3,16,clean,raw,0.0,1,2000,1000,20261001,-1,1.1687124239137787,1.1687124239137787,0.085,,0,False,0.0,0.0,0.0,0.0,566.2179534698878,552.1488940255834,234.2399319110053,51.89988035481785,15,0.0,
beMTPL97,TabPFN-V3,16,visible,raw,0.0,1,2000,1000,20261001,1317,2.108770940194079,1.1687124239137787,0.085,1,0,False,0.38079568293567423,0.05691605875245918,-0.26088580068918493,0.31744375212587983,559.0917117859469,552.890577442388,255.44487749387667,47.76810505485075,23,10.4,
beMTPL97,TabPFN-V3,16,random,raw,0.0,1,2000,1000,20261001,1111,1.2860338575673809,1.1687124239137787,0.085,1,0,False,0.05957915084065523,0.005429466196807185,-0.13211283177444583,0.07250846517504408,565.1341899919616,552.3375083754527,244.99294198776383,49.903951091145984,18,9.6,
beMTPL97,TabPFN-V3,16,clean,clip,200.0,1,2000,1000,20261001,-1,1.1687124239137787,1.1687124239137787,0.085,,0,True,0.0,0.0,0.0,0.0,566.2179534698878,552.1488940255834,234.2399319110053,51.89988035481785,15,0.0,
beMTPL97,TabPFN-V3,16,visible,clip,200.0,1,2000,1000,20261001,1317,2.108770940194079,1.1687124239137787,0.085,1,1,False,0.08409044443946297,0.007602242370081081,-0.22790522628175902,0.10033431778352128,564.2542265902417,553.2461353484148,255.052345763734,52.95491270833349,22,10.1,
beMTPL97,TabPFN-V3,16,random,clip,200.0,1,2000,1000,20261001,1111,1.2860338575673809,1.1687124239137787,0.085,1,0,True,0.05957915084065523,0.005429466196807185,-0.13211283177444583,0.07250846517504408,565.1341899919616,552.3375083754527,244.99294198776383,49.903951091145984,18,0.0,
beMTPL97,TabICLv2,16,clean,raw,0.0,1,2000,1000,20261001,-1,1.1687124239137787,1.1687124239137787,0.085,,0,False,0.0,0.0,0.0,0.0,554.2004435855868,546.2677705142372,222.78127466771892,65.64033244680289,10,0.0,
beMTPL97,TabICLv2,16,visible,raw,0.0,1,2000,1000,20261001,1317,2.108770940194079,1.1687124239137787,0.085,1,0,False,0.11489132044850836,0.022131636665908536,-0.0032079809272738805,0.16680921807343618,550.7087683888716,547.4843957810554,225.6463685374049,57.708922522786594,9,5.6,
beMTPL97,TabICLv2,16,random,raw,0.0,1,2000,1000,20261001,1111,1.2860338575673809,1.1687124239137787,0.085,1,0,False,0.05085584763982458,0.000703552036030321,0.08614335421532476,0.13994740665554944,552.1899499300612,549.1923652146828,228.75899193549157,60.87003955472454,9,5.8,
beMTPL97,TabICLv2,16,clean,clip,200.0,1,2000,1000,20261001,-1,1.1687124239137787,1.1687124239137787,0.085,,0,True,0.0,0.0,0.0,0.0,554.2004435855868,546.2677705142372,222.78127466771892,65.64033244680289,10,0.0,
beMTPL97,TabICLv2,16,visible,clip,200.0,1,2000,1000,20261001,1317,2.108770940194079,1.1687124239137787,0.085,1,1,False,0.09598820616211923,-0.004991922988017232,0.056575282568798346,0.1740857331756668,551.0184159461224,548.5216703433255,227.28435947705262,57.55493063313817,8,5.3,
beMTPL97,TabICLv2,16,random,clip,200.0,1,2000,1000,20261001,1111,1.2860338575673809,1.1687124239137787,0.085,1,0,True,0.05085584763982458,0.000703552036030321,0.08614335421532476,0.13994740665554944,552.1899499300612,549.1923652146828,228.75899193549157,60.87003955472454,9,0.0,
beMTPL97,GBM,16,clean,raw,0.0,1,2000,1000,20261001,-1,1.1687124239137787,1.1687124239137787,0.085,,0,False,0.0,0.0,0.0,0.0,547.8754969763567,546.5626078248965,222.85331143168943,64.572992490588,14,0.0,
beMTPL97,GBM,16,visible,raw,0.0,1,2000,1000,20261001,1317,2.108770940194079,1.1687124239137787,0.085,1,0,False,0.0,-0.0017380968157370209,0.1457790392230805,0.025551772811970772,547.8754969763567,546.6854329805362,219.61165668371655,69.10757671593004,13,4.2,
beMTPL97,GBM,16,random,raw,0.0,1,2000,1000,20261001,1111,1.2860338575673809,1.1687124239137787,0.085,1,0,False,0.008045008694310725,-0.011661402993684199,0.011574515507246762,0.05827299400722464,548.6499581065278,549.3905701630463,254.90156953045965,74.18520384508761,18,4.0,
beMTPL97,GBM,16,clean,clip,200.0,1,2000,1000,20261001,-1,1.1687124239137787,1.1687124239137787,0.085,,0,True,0.0,0.0,0.0,0.0,547.8754969763567,546.5626078248965,222.85331143168943,64.572992490588,14,0.0,
beMTPL97,GBM,16,visible,clip,200.0,1,2000,1000,20261001,1317,2.108770940194079,1.1687124239137787,0.085,1,1,False,0.0,-0.0017380968157370209,0.1457790392230805,0.025551772811970772,547.8754969763567,546.6854329805362,219.61165668371655,66.505513670867,13,4.2,
beMTPL97,GBM,16,random,clip,200.0,1,2000,1000,20261001,1111,1.2860338575673809,1.1687124239137787,0.085,1,0,True,0.008045008694310725,-0.011661402993684199,0.011574515507246762,0.05827299400722464,548.6499581065278,549.3905701630463,254.90156953045965,74.18520384508761,18,0.0,
beMTPL97,TabPFN-V3,17,clean,raw,0.0,1,2000,1000,20261001,-1,1.1097506750661237,1.1097506750661237,0.0985,,0,False,0.0,0.0,0.0,0.0,621.5229862369489,673.8514154443014,347.1640935429664,52.88739172268807,14,0.0,
beMTPL97,TabPFN-V3,17,visible,raw,0.0,1,2000,1000,20261001,1810,2.2168398644558645,1.1097506750661237,0.0985,1,0,False,0.30781237918144705,0.020596876999814537,-0.29073374466528124,0.25870486723456376,620.258797853599,680.2599780552082,379.4464013075501,47.610445668506856,18,9.9,
beMTPL97,TabPFN-V3,17,random,raw,0.0,1,2000,1000,20261001,486,11.22433529429276,1.1097506750661237,0.0985,1,0,False,1.4415046865914485,0.4257643383449417,-0.505579078955787,-0.14075439930969508,629.4762326522754,674.9346260322037,414.79111669537986,71.83385230455676,23,9.2,
beMTPL97,TabPFN-V3,17,clean,clip,200.0,1,2000,1000,20261001,-1,1.1097506750661237,1.1097506750661237,0.0985,,0,True,0.0,0.0,0.0,0.0,621.5229862369489,673.8514154443014,347.1640935429664,52.88739172268807,14,0.0,
beMTPL97,TabPFN-V3,17,visible,clip,200.0,1,2000,1000,20261001,1810,2.2168398644558645,1.1097506750661237,0.0985,1,1,False,0.3782112689184072,0.02137280579734268,-0.10604288901738954,0.08870353133044001,620.8304269694816,675.7518834811759,357.2179292527395,45.26961692558032,16,9.9,
beMTPL97,TabPFN-V3,17,random,clip,200.0,1,2000,1000,20261001,486,11.22433529429276,1.1097506750661237,0.0985,1,1,False,0.39795365357043966,0.031620285168735066,-0.14218402771675276,0.08387604036084527,620.5550091780308,675.5570135683685,361.7672299070363,47.92720517558032,16,9.5,
beMTPL97,TabICLv2,17,clean,raw,0.0,1,2000,1000,20261001,-1,1.1097506750661237,1.1097506750661237,0.0985,,0,False,0.0,0.0,0.0,0.0,619.2153412572607,678.8197724322199,342.1592521808654,118.46413086219043,12,0.0,
beMTPL97,TabICLv2,17,visible,raw,0.0,1,2000,1000,20261001,1810,2.2168398644558645,1.1097506750661237,0.0985,1,0,False,0.15910893431362885,0.04915341313016292,0.06398155524898959,0.22970339415033014,619.9027585429417,670.1451070449077,321.3218384661842,71.46974456945799,11,5.0,
beMTPL97,TabICLv2,17,random,raw,0.0,1,2000,1000,20261001,486,11.22433529429276,1.1097506750661237,0.0985,1,0,False,0.10608916395532621,0.1832214625218061,-0.15229006239393883,0.30415035427046966,617.8790525239777,684.6689361829132,331.2814262827276,61.038778341784564,14,5.7,
beMTPL97,TabICLv2,17,clean,clip,200.0,1,2000,1000,20261001,-1,1.1097506750661237,1.1097506750661237,0.0985,,0,True,0.0,0.0,0.0,0.0,619.2153412572607,678.8197724322199,342.1592521808654,118.46413086219043,12,0.0,
beMTPL97,TabICLv2,17,visible,clip,200.0,1,2000,1000,20261001,1810,2.2168398644558645,1.1097506750661237,0.0985,1,1,False,0.11487537528245899,0.004160677449536625,0.15428166616303773,0.24882768425619553,620.0052871162724,672.2590602323039,325.22984516914664,73.14502047873607,12,6.0,
beMTPL97,TabICLv2,17,random,clip,200.0,1,2000,1000,20261001,486,11.22433529429276,1.1097506750661237,0.0985,1,1,False,0.09801912122064411,0.0018557929983221261,0.1891429502412203,0.28557280130979523,619.5121678938225,670.6449735290091,319.4312619171935,69.52659309094236,12,5.2,
beMTPL97,GBM,17,clean,raw,0.0,1,2000,1000,20261001,-1,1.1097506750661237,1.1097506750661237,0.0985,,0,False,0.0,0.0,0.0,0.0,625.2053928365037,671.0515337639014,354.7900533312997,97.36470126334623,16,0.0,
beMTPL97,GBM,17,visible,raw,0.0,1,2000,1000,20261001,1810,2.2168398644558645,1.1097506750661237,0.0985,1,0,False,0.0,-0.0008120082736061412,-0.007447854504271259,3.1971476432730364e-10,625.2053928365037,671.2003518390055,335.57859896430745,111.84642374167287,15,4.3,
beMTPL97,GBM,17,random,raw,0.0,1,2000,1000,20261001,486,11.22433529429276,1.1097506750661237,0.0985,1,0,False,0.0,0.0,0.015361091374368026,-0.147686628971479,625.2053928365037,671.0515337639014,346.04854835562367,210.1895751147567,16,4.0,
beMTPL97,GBM,17,clean,clip,200.0,1,2000,1000,20261001,-1,1.1097506750661237,1.1097506750661237,0.0985,,0,True,0.0,0.0,0.0,0.0,625.2053928365037,671.0515337639014,354.7900533312997,97.36470126334623,16,0.0,
beMTPL97,GBM,17,visible,clip,200.0,1,2000,1000,20261001,1810,2.2168398644558645,1.1097506750661237,0.0985,1,1,False,0.0,-0.0008120082736061412,-0.007447854504271259,0.019245200198359933,625.2053928365037,671.2003518390055,335.57859896430745,106.79020259729181,15,4.2,
beMTPL97,GBM,17,random,clip,200.0,1,2000,1000,20261001,486,11.22433529429276,1.1097506750661237,0.0985,1,1,False,0.0,0.0,0.015361091374368026,-0.2087859821617961,625.2053928365037,671.0515337639014,346.04854835562367,134.4477842171484,16,4.3,
beMTPL97,TabPFN-V3,18,clean,raw,0.0,1,2000,1000,20261001,-1,1.060452747791021,1.060452747791021,0.1065,,0,False,0.0,0.0,0.0,0.0,618.4966121476057,624.2289157285637,279.3803050543127,42.93134196452475,20,0.0,
beMTPL97,TabPFN-V3,18,visible,raw,0.0,1,2000,1000,20261001,890,16.86184258891856,1.060452747791021,0.1065,1,0,False,1.5682991759255165,0.3072495242232951,-0.3201429377468501,-0.26114130035606653,602.9126040670895,620.3195049648459,331.0522284796216,75.23487075886068,31,10.2,
beMTPL97,TabPFN-V3,18,random,raw,0.0,1,2000,1000,20261001,545,2.035273121430114,1.060452747791021,0.1065,1,0,False,0.04022947389934735,0.005864269747048912,-0.23296132232561356,0.2363624702094575,622.8478446780001,627.7551775169416,309.52437143453557,43.37270829972017,23,10.2,
beMTPL97,TabPFN-V3,18,clean,clip,200.0,1,2000,1000,20261001,-1,1.060452747791021,1.060452747791021,0.1065,,0,True,0.0,0.0,0.0,0.0,618.4966121476057,624.2289157285637,279.3803050543127,42.93134196452475,20,0.0,
beMTPL97,TabPFN-V3,18,visible,clip,200.0,1,2000,1000,20261001,890,16.86184258891856,1.060452747791021,0.1065,1,1,False,0.11327748729994358,0.021642964525980274,-0.16568445966664425,0.20704559960326377,621.3523476265874,624.4659158500392,299.10287306291315,41.371522986380164,22,9.8,
beMTPL97,TabPFN-V3,18,random,clip,200.0,1,2000,1000,20261001,545,2.035273121430114,1.060452747791021,0.1065,1,1,False,0.11707634252606124,0.023912276865601913,-0.13203613194226116,0.20935642613306374,620.6796152543998,623.8465608871142,295.19954970842093,41.24035550786454,22,9.7,
beMTPL97,TabICLv2,18,clean,raw,0.0,1,2000,1000,20261001,-1,1.060452747791021,1.060452747791021,0.1065,,0,False,0.0,0.0,0.0,0.0,609.3128371941805,610.2667058750753,264.83489743284275,94.5857694552131,11,0.0,
beMTPL97,TabICLv2,18,visible,raw,0.0,1,2000,1000,20261001,890,16.86184258891856,1.060452747791021,0.1065,1,0,False,0.24341594839535502,0.23021836742309457,-0.06766307283870701,0.4745106708311315,605.4153068292244,606.6429904218539,276.40108206819997,57.55215304642147,13,5.7,
beMTPL97,TabICLv2,18,random,raw,0.0,1,2000,1000,20261001,545,2.035273121430114,1.060452747791021,0.1065,1,0,False,0.16779886609492292,0.04248845610015143,0.12666055726747266,0.27206620478257426,606.0737961169241,615.1322458687627,291.4720863203759,92.15824146973308,13,6.1,
beMTPL97,TabICLv2,18,clean,clip,200.0,1,2000,1000,20261001,-1,1.060452747791021,1.060452747791021,0.1065,,0,True,0.0,0.0,0.0,0.0,609.3128371941805,610.2667058750753,264.83489743284275,94.5857694552131,11,0.0,
beMTPL97,TabICLv2,18,visible,clip,200.0,1,2000,1000,20261001,890,16.86184258891856,1.060452747791021,0.1065,1,1,False,0.125239633369805,0.037793107610773716,0.15950754654658322,0.27717871616100076,607.7173360477916,611.1256867256964,288.0205165626785,83.57527774072919,13,5.7,
beMTPL97,TabICLv2,18,random,clip,200.0,1,2000,1000,20261001,545,2.035273121430114,1.060452747791021,0.1065,1,1,False,0.12102751491676192,0.03411194560060444,0.1614939534139247,0.2898661928976258,606.8310110074726,616.5636906929815,288.9813044087145,86.82489028662762,12,5.5,
beMTPL97,GBM,18,clean,raw,0.0,1,2000,1000,20261001,-1,1.060452747791021,1.060452747791021,0.1065,,0,False,0.0,0.0,0.0,0.0,609.6615432782706,616.0119219806193,292.2630846076164,77.03759412477197,19,0.0,
beMTPL97,GBM,18,visible,raw,0.0,1,2000,1000,20261001,890,16.86184258891856,1.060452747791021,0.1065,1,0,False,0.0,0.0,0.0016191415850260787,0.0013399546468391707,609.6615432782706,616.0119219806193,353.3433755158272,71.72587243015718,17,4.2,
beMTPL97,GBM,18,random,raw,0.0,1,2000,1000,20261001,545,2.035273121430114,1.060452747791021,0.1065,1,0,False,0.0,0.005839324313078575,0.05617012303856221,0.0013399546468391707,609.6615432782706,612.8977931947155,295.1052513418066,70.36973973700522,17,4.0,
beMTPL97,GBM,18,clean,clip,200.0,1,2000,1000,20261001,-1,1.060452747791021,1.060452747791021,0.1065,,0,True,0.0,0.0,0.0,0.0,609.6615432782706,616.0119219806193,292.2630846076164,77.03759412477197,19,0.0,
beMTPL97,GBM,18,visible,clip,200.0,1,2000,1000,20261001,890,16.86184258891856,1.060452747791021,0.1065,1,1,False,0.0,0.0,0.0016191415850260787,0.0013399546468391707,609.6615432782706,616.0119219806193,285.1716410336212,70.32948173679044,17,4.2,
beMTPL97,GBM,18,random,clip,200.0,1,2000,1000,20261001,545,2.035273121430114,1.060452747791021,0.1065,1,1,False,0.0,0.005839324313078575,0.05617012303856221,0.0013399546468391707,609.6615432782706,612.8977931947155,295.1052513418066,70.34199660768188,17,4.2,
beMTPL97,TabPFN-V3,19,clean,raw,0.0,1,2000,1000,20261001,-1,1.0823422230813726,1.0823422230813726,0.06,,0,False,0.0,0.0,0.0,0.0,500.6798106607858,480.04340863046514,239.3919847863377,67.60901104925375,5,0.0,
beMTPL97,TabPFN-V3,19,visible,raw,0.0,1,2000,1000,20261001,843,7.6097963095267875,1.0823422230813726,0.06,1,0,False,1.2503504343475518,0.37585183800401384,-0.4025430311557701,-0.07779149854926948,507.52550693622345,478.9423202420601,238.14343362663212,71.11688852894507,15,10.0,
beMTPL97,TabPFN-V3,19,random,raw,0.0,1,2000,1000,20261001,1853,1.0816944992173343,1.0823422230813726,0.06,28,0,False,0.009060803052980664,0.002985509640744015,0.017250246991170073,0.0034439898804010933,500.52863560432826,480.12900498056285,243.1459175915135,67.70629508050376,5,9.8,
beMTPL97,TabPFN-V3,19,clean,clip,200.0,1,2000,1000,20261001,-1,1.0823422230813726,1.0823422230813726,0.06,,0,True,0.0,0.0,0.0,0.0,500.6798106607858,480.04340863046514,239.3919847863377,67.60901104925375,5,0.0,
beMTPL97,TabPFN-V3,19,visible,clip,200.0,1,2000,1000,20261001,843,7.6097963095267875,1.0823422230813726,0.06,1,1,False,0.5971466583567171,0.06562791453288178,-0.06833718626061894,0.19138981190196752,501.9325214618861,477.8724057159041,235.822446436525,72.76576189691002,7,10.5,
beMTPL97,TabPFN-V3,19,random,clip,200.0,1,2000,1000,20261001,1853,1.0816944992173343,1.0823422230813726,0.06,28,0,True,0.009060803052980664,0.002985509640744015,0.017250246991170073,0.0034439898804010933,500.52863560432826,480.12900498056285,243.1459175915135,67.70629508050376,5,0.0,
beMTPL97,TabICLv2,19,clean,raw,0.0,1,2000,1000,20261001,-1,1.0823422230813726,1.0823422230813726,0.06,,0,False,0.0,0.0,0.0,0.0,505.92378333142074,515.1004596256403,260.37158199914734,71.08835710804662,4,0.0,
beMTPL97,TabICLv2,19,visible,raw,0.0,1,2000,1000,20261001,843,7.6097963095267875,1.0823422230813726,0.06,1,0,False,-0.08452702738410894,0.18240810666137613,-0.12754562194147712,0.23255076608187783,501.716107299053,534.311218092456,256.902381327743,81.44575576560656,6,6.1,
beMTPL97,TabICLv2,19,random,raw,0.0,1,2000,1000,20261001,1853,1.0816944992173343,1.0823422230813726,0.06,28,0,False,0.009783581625379173,-0.004422102257316331,0.004148773840548414,0.004137508465750629,505.26600551843086,514.3539601813789,262.71012643762384,70.88681279607911,4,5.6,
beMTPL97,TabICLv2,19,clean,clip,200.0,1,2000,1000,20261001,-1,1.0823422230813726,1.0823422230813726,0.06,,0,True,0.0,0.0,0.0,0.0,505.92378333142074,515.1004596256403,260.37158199914734,71.08835710804662,4,0.0,
beMTPL97,TabICLv2,19,visible,clip,200.0,1,2000,1000,20261001,843,7.6097963095267875,1.0823422230813726,0.06,1,1,False,0.035216133791356935,0.005535223083487577,0.11982615093528709,0.17273729142120095,507.0820246687138,538.2685872415925,274.11546889930287,79.47834219573812,4,5.9,
beMTPL97,TabICLv2,19,random,clip,200.0,1,2000,1000,20261001,1853,1.0816944992173343,1.0823422230813726,0.06,28,0,True,0.009783581625379173,-0.004422102257316331,0.004148773840548414,0.004137508465750629,505.26600551843086,514.3539601813789,262.71012643762384,70.88681279607911,4,0.0,
beMTPL97,GBM,19,clean,raw,0.0,1,2000,1000,20261001,-1,1.0823422230813726,1.0823422230813726,0.06,,0,False,0.0,0.0,0.0,0.0,513.1257725557198,487.0226778835455,281.57517207348775,59.943398410758505,5,0.0,
beMTPL97,GBM,19,visible,raw,0.0,1,2000,1000,20261001,843,7.6097963095267875,1.0823422230813726,0.06,1,0,False,0.0,0.0,-0.0024541121177800657,0.06048246770719577,513.1257725557198,487.0226778835455,282.4308386021051,84.41654914624017,5,4.1,
beMTPL97,GBM,19,random,raw,0.0,1,2000,1000,20261001,1853,1.0816944992173343,1.0823422230813726,0.06,28,0,False,-0.008654536301299611,0.011150458570811527,0.0023492950710105568,0.0,511.7033575489258,479.5087178275841,284.1928427752139,59.943398410758505,5,4.2,
beMTPL97,GBM,19,clean,clip,200.0,1,2000,1000,20261001,-1,1.0823422230813726,1.0823422230813726,0.06,,0,True,0.0,0.0,0.0,0.0,513.1257725557198,487.0226778835455,281.57517207348775,59.943398410758505,5,0.0,
beMTPL97,GBM,19,visible,clip,200.0,1,2000,1000,20261001,843,7.6097963095267875,1.0823422230813726,0.06,1,1,False,0.0,0.0,-0.0024541121177800657,0.06048246770719577,513.1257725557198,487.0226778835455,282.4308386021051,57.99517545654826,5,4.2,
beMTPL97,GBM,19,random,clip,200.0,1,2000,1000,20261001,1853,1.0816944992173343,1.0823422230813726,0.06,28,0,True,-0.008654536301299611,0.011150458570811527,0.0023492950710105568,0.0,511.7033575489258,479.5087178275841,284.1928427752139,59.943398410758505,5,0.0,
ausprivauto0405,TabPFN-V3,0,clean,raw,0.0,1,2000,1000,20261001,-1,1.0426428062084778,1.0426428062084778,0.201,,0,False,0.0,0.0,0.0,0.0,798.2505733799145,754.9793513710771,206.17426644613175,45.23363185524287,10,0.0,
ausprivauto0405,TabPFN-V3,0,visible,raw,0.0,1,2000,1000,20261001,1985,2.9767692702766766,1.0426428062084778,0.201,1,0,False,0.022142308582511552,-0.027109902670890907,-0.11534543768833849,-0.022400742175405917,796.5869550937931,760.7860130973708,214.32271122954734,45.644096343524126,12,8.5,
ausprivauto0405,TabPFN-V3,0,random,raw,0.0,1,2000,1000,20261001,278,2.545308397115749,1.0426428062084778,0.201,1,0,False,-0.01857988008563294,-0.024676303783466816,-0.12322167756328146,0.019820851039814527,798.2831570448134,760.533581350738,214.6964237458817,43.940756783258514,12,8.9,
ausprivauto0405,TabPFN-V3,0,clean,clip,200.0,1,2000,1000,20261001,-1,1.0426428062084778,1.0426428062084778,0.201,,0,True,0.0,0.0,0.0,0.0,798.2505733799145,754.9793513710771,206.17426644613175,45.23363185524287,10,0.0,
ausprivauto0405,TabPFN-V3,0,visible,clip,200.0,1,2000,1000,20261001,1985,2.9767692702766766,1.0426428062084778,0.201,1,1,False,-0.0711732953645018,-0.02686068872406026,-0.09355675047578271,0.14522990301856115,799.3832289108312,760.9568369812832,212.53294696490673,44.514341869195995,11,9.1,
ausprivauto0405,TabPFN-V3,0,random,clip,200.0,1,2000,1000,20261001,278,2.545308397115749,1.0426428062084778,0.201,1,1,False,-0.07071564975776753,-0.02818564624196884,-0.09526653315171975,0.14776590892399358,799.8584560197884,760.4038360412521,212.8722758223286,43.81236419341476,11,8.8,
ausprivauto0405,TabICLv2,0,clean,raw,0.0,1,2000,1000,20261001,-1,1.0426428062084778,1.0426428062084778,0.201,,0,False,0.0,0.0,0.0,0.0,798.9839402276895,751.7003799170786,219.8189977620224,59.72358470536787,7,0.0,
ausprivauto0405,TabICLv2,0,visible,raw,0.0,1,2000,1000,20261001,1985,2.9767692702766766,1.0426428062084778,0.201,1,0,False,0.05475740232238313,0.06884778744397542,-0.08631539486405476,0.009482242777892879,802.2165096113696,765.8065503343443,222.41480883511616,51.40679259157099,7,4.7,
ausprivauto0405,TabICLv2,0,random,raw,0.0,1,2000,1000,20261001,278,2.545308397115749,1.0426428062084778,0.201,1,0,False,0.058953485671576614,0.061442568898205666,-0.0024874712754238033,0.10538335119774472,800.4595223992213,763.08456894696,229.69564960706927,51.746841939227245,6,5.4,
ausprivauto0405,TabICLv2,0,clean,clip,200.0,1,2000,1000,20261001,-1,1.0426428062084778,1.0426428062084778,0.201,,0,True,0.0,0.0,0.0,0.0,798.9839402276895,751.7003799170786,219.8189977620224,59.72358470536787,7,0.0,
ausprivauto0405,TabICLv2,0,visible,clip,200.0,1,2000,1000,20261001,1985,2.9767692702766766,1.0426428062084778,0.201,1,1,False,0.04342646330834249,0.03421070597015656,0.07537389000898788,0.18398510069329416,800.5104890978114,764.6730638401928,235.33212160249116,50.25625165797726,5,4.6,
ausprivauto0405,TabICLv2,0,random,clip,200.0,1,2000,1000,20261001,278,2.545308397115749,1.0426428062084778,0.201,1,1,False,0.04167313759372772,0.050050192066805506,0.11691100764455499,0.21834469195953674,802.0485226433146,768.1903484165537,237.8358565608349,51.562516804461616,4,5.1,
ausprivauto0405,GBM,0,clean,raw,0.0,1,2000,1000,20261001,-1,1.0426428062084778,1.0426428062084778,0.201,,0,False,0.0,0.0,0.0,0.0,801.1169547690779,783.5952807197277,200.60159237593075,60.20979224671645,8,0.0,
ausprivauto0405,GBM,0,visible,raw,0.0,1,2000,1000,20261001,1985,2.9767692702766766,1.0426428062084778,0.201,1,0,False,0.0,-0.009039777838580947,0.05371843989669282,-0.13527396410478568,801.1169547690779,772.7512663611111,208.48704763426446,58.72377092009104,5,3.1,
ausprivauto0405,GBM,0,random,raw,0.0,1,2000,1000,20261001,278,2.545308397115749,1.0426428062084778,0.201,1,0,False,0.0,-0.025107488106786778,-0.027105083760556814,0.17348922238144834,801.1169547690779,788.5548307247867,233.21671399107476,62.533107237871995,10,3.2,
ausprivauto0405,GBM,0,clean,clip,200.0,1,2000,1000,20261001,-1,1.0426428062084778,1.0426428062084778,0.201,,0,True,0.0,0.0,0.0,0.0,801.1169547690779,783.5952807197277,200.60159237593075,60.20979224671645,8,0.0,
ausprivauto0405,GBM,0,visible,clip,200.0,1,2000,1000,20261001,1985,2.9767692702766766,1.0426428062084778,0.201,1,1,False,0.0,-0.009039777838580947,0.010188994498837228,-0.14524668502739282,801.1169547690779,772.7512663611111,202.72235657976282,49.53880330596398,11,3.2,
ausprivauto0405,GBM,0,random,clip,200.0,1,2000,1000,20261001,278,2.545308397115749,1.0426428062084778,0.201,1,1,False,0.0,-0.025107488106786778,-0.052056984840139243,0.17348922238144834,801.1169547690779,788.5548307247867,223.6007483689283,60.32029743561435,11,3.6,
ausprivauto0405,TabPFN-V3,1,clean,raw,0.0,1,2000,1000,20261001,-1,1.0403949561558263,1.0403949561558263,0.1945,,0,False,0.0,0.0,0.0,0.0,852.6885241032205,812.9922605150699,206.5804310522284,33.32224953547754,15,0.0,
ausprivauto0405,TabPFN-V3,1,visible,raw,0.0,1,2000,1000,20261001,216,3.0054626510198728,1.0403949561558263,0.1945,1,0,False,0.09215738330726397,-0.035743012558556414,-0.08801632162282316,0.04779493344119699,849.7880392499663,824.030147142298,213.6755712865034,30.425429076774417,17,8.2,
ausprivauto0405,TabPFN-V3,1,random,raw,0.0,1,2000,1000,20261001,205,1.9676679767804512,1.0403949561558263,0.1945,1,0,False,0.03122213442300606,0.005160669261753261,-0.062402418232851045,0.19145711585963246,851.6907198343924,823.4773223100043,214.15849082478462,32.32844783263379,19,8.3,
ausprivauto0405,TabPFN-V3,1,clean,clip,200.0,1,2000,1000,20261001,-1,1.0403949561558263,1.0403949561558263,0.1945,,0,True,0.0,0.0,0.0,0.0,852.6885241032205,812.9922605150699,206.5804310522284,33.32224953547754,15,0.0,
ausprivauto0405,TabPFN-V3,1,visible,clip,200.0,1,2000,1000,20261001,216,3.0054626510198728,1.0403949561558263,0.1945,1,1,False,-0.013916833412983443,-0.019849190118131813,-0.062460654303210225,0.19324127146267756,853.4796587257991,825.3290719407589,214.7898603209721,32.15440296739941,18,8.7,
ausprivauto0405,TabPFN-V3,1,random,clip,200.0,1,2000,1000,20261001,205,1.9676679767804512,1.0403949561558263,0.1945,1,1,False,-0.0124323486197057,-0.011752784425893793,-0.06434278085141358,0.18990131501747237,853.178596375506,825.508014933923,213.89182093220646,32.03915658361036,19,8.0,
ausprivauto0405,TabICLv2,1,clean,raw,0.0,1,2000,1000,20261001,-1,1.0403949561558263,1.0403949561558263,0.1945,,0,False,0.0,0.0,0.0,0.0,847.3189866024059,800.7201312940512,190.29798013029088,41.671493013016594,5,0.0,
ausprivauto0405,TabICLv2,1,visible,raw,0.0,1,2000,1000,20261001,216,3.0054626510198728,1.0403949561558263,0.1945,1,0,False,0.026771202455088367,0.10538856209842963,-0.08298733310550813,0.007218899733167144,847.4698545099056,809.9945041260714,218.54601757560337,39.7704405208291,10,5.4,
ausprivauto0405,TabICLv2,1,random,raw,0.0,1,2000,1000,20261001,205,1.9676679767804512,1.0403949561558263,0.1945,1,0,False,0.03432747101497807,0.03350310627161535,-0.016840172994126774,0.060394060472239434,844.7129935289303,830.32193431552,215.6523264620253,36.384931373368154,9,4.8,
ausprivauto0405,TabICLv2,1,clean,clip,200.0,1,2000,1000,20261001,-1,1.0403949561558263,1.0403949561558263,0.1945,,0,True,0.0,0.0,0.0,0.0,847.3189866024059,800.7201312940512,190.29798013029088,41.671493013016594,5,0.0,
ausprivauto0405,TabICLv2,1,visible,clip,200.0,1,2000,1000,20261001,216,3.0054626510198728,1.0403949561558263,0.1945,1,1,False,0.03140205560827079,0.033674803449212816,0.02494793161074632,0.10500508681357465,845.2060574708814,840.7178260147246,213.87978359093157,36.23050351106346,9,5.2,
ausprivauto0405,TabICLv2,1,random,clip,200.0,1,2000,1000,20261001,205,1.9676679767804512,1.0403949561558263,0.1945,1,1,False,0.035071295469380426,0.028690206373477828,-0.0013800417413771895,0.07345577032150719,844.3876520257655,836.0049221817168,215.18194066124403,36.62896355110254,9,4.9,
ausprivauto0405,GBM,1,clean,raw,0.0,1,2000,1000,20261001,-1,1.0403949561558263,1.0403949561558263,0.1945,,0,False,0.0,0.0,0.0,0.0,855.0861537433332,791.2265914683852,213.62252054977748,45.41528625503805,19,0.0,
ausprivauto0405,GBM,1,visible,raw,0.0,1,2000,1000,20261001,216,3.0054626510198728,1.0403949561558263,0.1945,1,0,False,0.0,-0.00012655960837993374,0.05010800285660795,-0.0199328092892039,855.0861537433332,797.4824904251918,196.40182633241565,59.614395477647015,13,3.3,
ausprivauto0405,GBM,1,random,raw,0.0,1,2000,1000,20261001,205,1.9676679767804512,1.0403949561558263,0.1945,1,0,False,0.0,0.0015750825897110424,0.031788228476003495,-0.33594416816433126,855.0861537433332,799.2712138103881,204.80320270926512,40.558399628078575,16,3.2,
ausprivauto0405,GBM,1,clean,clip,200.0,1,2000,1000,20261001,-1,1.0403949561558263,1.0403949561558263,0.1945,,0,True,0.0,0.0,0.0,0.0,855.0861537433332,791.2265914683852,213.62252054977748,45.41528625503805,19,0.0,
ausprivauto0405,GBM,1,visible,clip,200.0,1,2000,1000,20261001,216,3.0054626510198728,1.0403949561558263,0.1945,1,1,False,0.0,-0.00012655960837993374,0.03631379014450632,0.005544353602355749,855.0861537433332,797.4824904251918,197.33875280157793,57.43391685485429,16,4.3,
ausprivauto0405,GBM,1,random,clip,200.0,1,2000,1000,20261001,205,1.9676679767804512,1.0403949561558263,0.1945,1,1,False,0.0,0.0015750825897110424,0.031788228476003495,-0.33404857244735114,855.0861537433332,799.2712138103881,204.80320270926512,46.60029346970272,16,3.4,
ausprivauto0405,TabPFN-V3,2,clean,raw,0.0,1,2000,1000,20261001,-1,1.0447676623078372,1.0447676623078372,0.195,,0,False,0.0,0.0,0.0,0.0,840.709112912621,830.7504465778599,211.69401280110205,26.01260143170646,17,0.0,
ausprivauto0405,TabPFN-V3,2,visible,raw,0.0,1,2000,1000,20261001,650,2.344795194444096,1.0447676623078372,0.195,1,0,False,-0.0061642717217571,-0.028373464585885487,-0.07242815127335325,0.06442596730728335,840.6765167603181,836.3379435490474,218.15534676605986,31.299689708073657,21,9.3,
ausprivauto0405,TabPFN-V3,2,random,raw,0.0,1,2000,1000,20261001,432,1.0441217032021015,1.0447676623078372,0.195,16,0,False,0.0008556856548495083,0.003991577981493874,0.006792042359270846,0.00668349409441998,840.7786452879589,829.9352371112864,211.49756480137546,26.38787411334709,17,8.3,
ausprivauto0405,TabPFN-V3,2,clean,clip,200.0,1,2000,1000,20261001,-1,1.0447676623078372,1.0447676623078372,0.195,,0,True,0.0,0.0,0.0,0.0,840.709112912621,830.7504465778599,211.69401280110205,26.01260143170646,17,0.0,
ausprivauto0405,TabPFN-V3,2,visible,clip,200.0,1,2000,1000,20261001,650,2.344795194444096,1.0447676623078372,0.195,1,1,False,-0.0522681351566567,-0.027648393504758974,-0.05836126172206675,0.14164959599787497,843.0749126486319,838.7562699132005,217.15053151703637,32.05391393854241,21,9.0,
ausprivauto0405,TabPFN-V3,2,random,clip,200.0,1,2000,1000,20261001,432,1.0441217032021015,1.0447676623078372,0.195,16,0,True,0.0008556856548495083,0.003991577981493874,0.006792042359270846,0.00668349409441998,840.7786452879589,829.9352371112864,211.49756480137546,26.38787411334709,17,0.0,
ausprivauto0405,TabICLv2,2,clean,raw,0.0,1,2000,1000,20261001,-1,1.0447676623078372,1.0447676623078372,0.195,,0,False,0.0,0.0,0.0,0.0,835.8006476665009,805.1178689272638,198.78069303589268,32.112066248073646,12,0.0,
ausprivauto0405,TabICLv2,2,visible,raw,0.0,1,2000,1000,20261001,650,2.344795194444096,1.0447676623078372,0.195,1,0,False,0.06999018275449628,0.020909254394164717,-0.09778676578781725,-0.0033880166575897853,835.5758447199958,786.5600206412145,205.72695426277394,26.52175220917522,12,5.4,
ausprivauto0405,TabICLv2,2,random,raw,0.0,1,2000,1000,20261001,432,1.0441217032021015,1.0447676623078372,0.195,16,0,False,-0.0012204035765518233,-0.001625897447278474,0.001958520196212056,0.002856808023163037,835.6283661113251,803.5400792803332,198.78029910358018,32.89397088283928,11,4.9,
ausprivauto0405,TabICLv2,2,clean,clip,200.0,1,2000,1000,20261001,-1,1.0447676623078372,1.0447676623078372,0.195,,0,True,0.0,0.0,0.0,0.0,835.8006476665009,805.1178689272638,198.78069303589268,32.112066248073646,12,0.0,
ausprivauto0405,TabICLv2,2,visible,clip,200.0,1,2000,1000,20261001,650,2.344795194444096,1.0447676623078372,0.195,1,1,False,0.06696529278010481,0.009521548020690229,-0.04431205794614165,0.04623893152732382,836.1462381831384,783.0237563360324,205.06480592090836,25.905008887362715,10,5.1,
ausprivauto0405,TabICLv2,2,random,clip,200.0,1,2000,1000,20261001,432,1.0441217032021015,1.0447676623078372,0.195,16,0,True,-0.0012204035765518233,-0.001625897447278474,0.001958520196212056,0.002856808023163037,835.6283661113251,803.5400792803332,198.78029910358018,32.89397088283928,11,0.0,
ausprivauto0405,GBM,2,clean,raw,0.0,1,2000,1000,20261001,-1,1.0447676623078372,1.0447676623078372,0.195,,0,False,0.0,0.0,0.0,0.0,842.4304771910307,815.6765560556834,224.78905630628051,83.78052462899022,20,0.0,
ausprivauto0405,GBM,2,visible,raw,0.0,1,2000,1000,20261001,650,2.344795194444096,1.0447676623078372,0.195,1,0,False,0.0,0.009434635110939045,0.0581733410680216,-0.060062814308946666,842.4304771910307,816.3199055785158,225.2878836990186,62.135670797826094,19,3.2,
ausprivauto0405,GBM,2,random,raw,0.0,1,2000,1000,20261001,432,1.0441217032021015,1.0447676623078372,0.195,16,0,False,0.0029647283113423606,0.009454178218756455,0.08085171602254197,0.0,839.1516090055276,812.6719979506589,225.18105997119233,83.78052462899022,17,3.6,
ausprivauto0405,GBM,2,clean,clip,200.0,1,2000,1000,20261001,-1,1.0447676623078372,1.0447676623078372,0.195,,0,True,0.0,0.0,0.0,0.0,842.4304771910307,815.6765560556834,224.78905630628051,83.78052462899022,20,0.0,
ausprivauto0405,GBM,2,visible,clip,200.0,1,2000,1000,20261001,650,2.344795194444096,1.0447676623078372,0.195,1,1,False,0.0,0.009434635110939045,0.0581733410680216,-0.07081812658474335,842.4304771910307,816.3199055785158,223.61294930919684,58.160427687603836,19,3.3,
ausprivauto0405,GBM,2,random,clip,200.0,1,2000,1000,20261001,432,1.0441217032021015,1.0447676623078372,0.195,16,0,True,0.0029647283113423606,0.009454178218756455,0.08085171602254197,0.0,839.1516090055276,812.6719979506589,225.18105997119233,83.78052462899022,17,0.0,
ausprivauto0405,TabPFN-V3,3,clean,raw,0.0,1,2000,1000,20261001,-1,1.0562685711786712,1.0562685711786712,0.1835,,0,False,0.0,0.0,0.0,0.0,801.2707154851121,735.5308358482247,171.26693342280572,27.951142008668086,12,0.0,
ausprivauto0405,TabPFN-V3,3,visible,raw,0.0,1,2000,1000,20261001,491,3.2295117230885544,1.0562685711786712,0.1835,1,0,False,0.03589288863128198,-0.05433429599305155,-0.09777990077914556,0.008582784141960035,800.0208290239965,739.8685918584778,171.61729813893692,33.07117040124621,14,8.6,
ausprivauto0405,TabPFN-V3,3,random,raw,0.0,1,2000,1000,20261001,1550,1.0511614698543212,1.0562685711786712,0.1835,2,0,False,-0.023080526281868515,-0.0009522818848738811,0.005230212457899917,0.041693545204291596,802.137849845424,737.1509757926652,170.75134071566507,29.754554371949336,11,8.6,
ausprivauto0405,TabPFN-V3,3,clean,clip,200.0,1,2000,1000,20261001,-1,1.0562685711786712,1.0562685711786712,0.1835,,0,True,0.0,0.0,0.0,0.0,801.2707154851121,735.5308358482247,171.26693342280572,27.951142008668086,12,0.0,
ausprivauto0405,TabPFN-V3,3,visible,clip,200.0,1,2000,1000,20261001,491,3.2295117230885544,1.0562685711786712,0.1835,1,1,False,-0.036950835084764495,-0.0022153046513055993,-0.07777626048748462,0.14949357771353444,803.1028844448531,735.0905266001951,174.82780028308696,34.763727092652466,11,8.4,
ausprivauto0405,TabPFN-V3,3,random,clip,200.0,1,2000,1000,20261001,1550,1.0511614698543212,1.0562685711786712,0.1835,2,0,True,-0.023080526281868515,-0.0009522818848738811,0.005230212457899917,0.041693545204291596,802.137849845424,737.1509757926652,170.75134071566507,29.754554371949336,11,0.0,
ausprivauto0405,TabICLv2,3,clean,raw,0.0,1,2000,1000,20261001,-1,1.0562685711786712,1.0562685711786712,0.1835,,0,False,0.0,0.0,0.0,0.0,796.8114197498373,720.3289146700043,187.63294122382138,30.19611297191808,6,0.0,
ausprivauto0405,TabICLv2,3,visible,raw,0.0,1,2000,1000,20261001,491,3.2295117230885544,1.0562685711786712,0.1835,1,0,False,0.02528354307955019,0.09227370417424699,-0.09614744785610446,0.008218880066362434,796.86062486459,720.4128888702387,180.212456838337,27.78744114148059,7,4.9,
ausprivauto0405,TabICLv2,3,random,raw,0.0,1,2000,1000,20261001,1550,1.0511614698543212,1.0562685711786712,0.1835,2,0,False,0.0034598586859433053,0.009436423954191036,0.038135936475667306,0.04413430041739988,796.5769219413886,721.0717759463528,189.3939713214776,29.33389854613683,6,5.2,
ausprivauto0405,TabICLv2,3,clean,clip,200.0,1,2000,1000,20261001,-1,1.0562685711786712,1.0562685711786712,0.1835,,0,True,0.0,0.0,0.0,0.0,796.8114197498373,720.3289146700043,187.63294122382138,30.19611297191808,6,0.0,
ausprivauto0405,TabICLv2,3,visible,clip,200.0,1,2000,1000,20261001,491,3.2295117230885544,1.0562685711786712,0.1835,1,1,False,0.05171213541744254,0.023723737038876244,0.09997911765063594,0.2211824955853786,795.5523976898056,725.5055562778465,208.41651654435267,31.808297237183716,1,5.2,
ausprivauto0405,TabICLv2,3,random,clip,200.0,1,2000,1000,20261001,1550,1.0511614698543212,1.0562685711786712,0.1835,2,0,True,0.0034598586859433053,0.009436423954191036,0.038135936475667306,0.04413430041739988,796.5769219413886,721.0717759463528,189.3939713214776,29.33389854613683,6,0.0,
ausprivauto0405,GBM,3,clean,raw,0.0,1,2000,1000,20261001,-1,1.0562685711786712,1.0562685711786712,0.1835,,0,False,0.0,0.0,0.0,0.0,796.7653628924144,736.2291732971557,180.25659840904444,32.22000917142045,15,0.0,
ausprivauto0405,GBM,3,visible,raw,0.0,1,2000,1000,20261001,491,3.2295117230885544,1.0562685711786712,0.1835,1,0,False,0.0,-0.0030324424434701736,0.044220832916433694,-0.05090549519454081,796.7653628924144,738.4318904090321,178.89229034700784,32.16104601642892,10,3.6,
ausprivauto0405,GBM,3,random,raw,0.0,1,2000,1000,20261001,1550,1.0511614698543212,1.0562685711786712,0.1835,2,0,False,-0.0020744273338653228,-0.00010283670717912163,0.015068239021650269,-0.032206013776790186,801.7077084119784,714.4314151017384,180.6713022798795,32.748090279101895,11,3.2,
ausprivauto0405,GBM,3,clean,clip,200.0,1,2000,1000,20261001,-1,1.0562685711786712,1.0562685711786712,0.1835,,0,True,0.0,0.0,0.0,0.0,796.7653628924144,736.2291732971557,180.25659840904444,32.22000917142045,15,0.0,
ausprivauto0405,GBM,3,visible,clip,200.0,1,2000,1000,20261001,491,3.2295117230885544,1.0562685711786712,0.1835,1,1,False,0.0,-0.0030324424434701736,0.0399807511169605,-0.05090549519454081,796.7653628924144,738.4318904090321,176.1091892428625,29.74690427938543,9,3.5,
ausprivauto0405,GBM,3,random,clip,200.0,1,2000,1000,20261001,1550,1.0511614698543212,1.0562685711786712,0.1835,2,0,True,-0.0020744273338653228,-0.00010283670717912163,0.015068239021650269,-0.032206013776790186,801.7077084119784,714.4314151017384,180.6713022798795,32.748090279101895,11,0.0,
ausprivauto0405,TabPFN-V3,4,clean,raw,0.0,1,2000,1000,20261001,-1,1.0578517000088863,1.0578517000088863,0.1825,,0,False,0.0,0.0,0.0,0.0,766.0431424687476,692.5098420497764,173.46363286715697,38.95183712536884,13,0.0,
ausprivauto0405,TabPFN-V3,4,visible,raw,0.0,1,2000,1000,20261001,561,5.5904058871619,1.0578517000088863,0.1825,1,0,False,0.2111591874824604,0.0099256682065572,-0.08389018909033248,0.05598727208837445,764.4815861659528,701.7290320018637,174.57639846735384,38.47521696716571,15,8.7,
ausprivauto0405,TabPFN-V3,4,random,raw,0.0,1,2000,1000,20261001,1836,1.76805225962508,1.0578517000088863,0.1825,1,0,False,-0.03638076198141095,-0.018850226168800242,-0.08123654970522633,0.08359891904590072,766.2211594399768,693.9013243183107,182.33560751032257,42.42648922302509,15,8.8,
ausprivauto0405,TabPFN-V3,4,clean,clip,200.0,1,2000,1000,20261001,-1,1.0578517000088863,1.0578517000088863,0.1825,,0,True,0.0,0.0,0.0,0.0,766.0431424687476,692.5098420497764,173.46363286715697,38.95183712536884,13,0.0,
ausprivauto0405,TabPFN-V3,4,visible,clip,200.0,1,2000,1000,20261001,561,5.5904058871619,1.0578517000088863,0.1825,1,1,False,-0.04154873837696734,-0.016598002029355727,-0.0782337324245938,0.08818190459442737,766.3657312363918,694.2497067012747,182.34188178766635,42.47322753161884,15,8.7,
ausprivauto0405,TabPFN-V3,4,random,clip,200.0,1,2000,1000,20261001,1836,1.76805225962508,1.0578517000088863,0.1825,1,0,True,-0.03638076198141095,-0.018850226168800242,-0.08123654970522633,0.08359891904590072,766.2211594399768,693.9013243183107,182.33560751032257,42.42648922302509,15,0.0,
ausprivauto0405,TabICLv2,4,clean,raw,0.0,1,2000,1000,20261001,-1,1.0578517000088863,1.0578517000088863,0.1825,,0,False,0.0,0.0,0.0,0.0,763.3915066559275,672.6392746589544,179.92336553920387,34.23735009509539,3,0.0,
ausprivauto0405,TabICLv2,4,visible,raw,0.0,1,2000,1000,20261001,561,5.5904058871619,1.0578517000088863,0.1825,1,0,False,-0.004874963700072685,0.12635602145681368,-0.1867183995375975,-0.031825162886818414,765.2743921454587,685.1822556242747,181.7782898670945,37.01612653747821,9,4.6,
ausprivauto0405,TabICLv2,4,random,raw,0.0,1,2000,1000,20261001,1836,1.76805225962508,1.0578517000088863,0.1825,1,0,False,0.04603132367587712,0.029023211446587472,-0.06425897243079812,0.0020149493244530346,762.9653047163525,712.0936449871433,207.58012523883667,39.637439818728204,8,5.3,
ausprivauto0405,TabICLv2,4,clean,clip,200.0,1,2000,1000,20261001,-1,1.0578517000088863,1.0578517000088863,0.1825,,0,True,0.0,0.0,0.0,0.0,763.3915066559275,672.6392746589544,179.92336553920387,34.23735009509539,3,0.0,
ausprivauto0405,TabICLv2,4,visible,clip,200.0,1,2000,1000,20261001,561,5.5904058871619,1.0578517000088863,0.1825,1,1,False,0.0535941643333215,0.02488919192624623,-0.07496293447093882,-0.006901773707724482,764.5222697193739,702.4695593928981,207.75278724214138,40.40685145154071,8,4.8,
ausprivauto0405,TabICLv2,4,random,clip,200.0,1,2000,1000,20261001,1836,1.76805225962508,1.0578517000088863,0.1825,1,0,True,0.04603132367587712,0.029023211446587472,-0.06425897243079812,0.0020149493244530346,762.9653047163525,712.0936449871433,207.58012523883667,39.637439818728204,8,0.0,
ausprivauto0405,GBM,4,clean,raw,0.0,1,2000,1000,20261001,-1,1.0578517000088863,1.0578517000088863,0.1825,,0,False,0.0,0.0,0.0,0.0,757.6803763478757,688.8053397805402,180.3416402028962,33.80093884676413,14,0.0,
ausprivauto0405,GBM,4,visible,raw,0.0,1,2000,1000,20261001,561,5.5904058871619,1.0578517000088863,0.1825,1,0,False,0.0,0.005951691286222301,-0.01760515322599318,-0.06317288505854401,757.6803763478757,683.7718916541428,209.4424533988217,41.97766308429021,18,3.1,
ausprivauto0405,GBM,4,random,raw,0.0,1,2000,1000,20261001,1836,1.76805225962508,1.0578517000088863,0.1825,1,0,False,0.0,-0.009169783897592008,0.017065428653586807,-0.0012844897029063056,757.6803763478757,687.5067764759852,172.33546654728454,31.740110375383853,13,3.3,
ausprivauto0405,GBM,4,clean,clip,200.0,1,2000,1000,20261001,-1,1.0578517000088863,1.0578517000088863,0.1825,,0,True,0.0,0.0,0.0,0.0,757.6803763478757,688.8053397805402,180.3416402028962,33.80093884676413,14,0.0,
ausprivauto0405,GBM,4,visible,clip,200.0,1,2000,1000,20261001,561,5.5904058871619,1.0578517000088863,0.1825,1,1,False,0.0,0.005951691286222301,-0.01760515322599318,-0.05642342706433908,757.6803763478757,683.7718916541428,182.7980708157035,33.520267517160995,18,3.1,
ausprivauto0405,GBM,4,random,clip,200.0,1,2000,1000,20261001,1836,1.76805225962508,1.0578517000088863,0.1825,1,0,True,0.0,-0.009169783897592008,0.017065428653586807,-0.0012844897029063056,757.6803763478757,687.5067764759852,172.33546654728454,31.740110375383853,13,0.0,
ausprivauto0405,TabPFN-V3,5,clean,raw,0.0,1,2000,1000,20261001,-1,1.0624663143521766,1.0624663143521766,0.198,,0,False,0.0,0.0,0.0,0.0,815.3701022523138,794.8271537027177,203.47503338145034,35.53751620881536,12,0.0,
ausprivauto0405,TabPFN-V3,5,visible,raw,0.0,1,2000,1000,20261001,108,2.938897716829313,1.0624663143521766,0.198,1,0,False,0.034278580890099775,-0.034146244553996896,-0.11566302213941278,-0.022835680314226094,816.1536885522011,804.0699270400272,223.53003719970815,44.08411710432318,17,8.4,
ausprivauto0405,TabPFN-V3,5,random,raw,0.0,1,2000,1000,20261001,1349,2.243870179666053,1.0624663143521766,0.198,1,0,False,0.005719872703643622,0.007090917775807431,-0.09504596121394496,0.022441786302625104,816.7709225113927,798.5197614449099,212.61944865936437,41.68357494226849,15,8.9,
ausprivauto0405,TabPFN-V3,5,clean,clip,200.0,1,2000,1000,20261001,-1,1.0624663143521766,1.0624663143521766,0.198,,0,True,0.0,0.0,0.0,0.0,815.3701022523138,794.8271537027177,203.47503338145034,35.53751620881536,12,0.0,
ausprivauto0405,TabPFN-V3,5,visible,clip,200.0,1,2000,1000,20261001,108,2.938897716829313,1.0624663143521766,0.198,1,1,False,-0.055227842371961884,-0.013653563258417585,-0.08841092659519993,0.10197910908220681,819.1107125199546,799.6447642022132,205.81515086151285,41.77412163953411,15,8.8,
ausprivauto0405,TabPFN-V3,5,random,clip,200.0,1,2000,1000,20261001,1349,2.243870179666053,1.0624663143521766,0.198,1,1,False,-0.05348802762782549,-0.014598186775913439,-0.09199528157723924,0.09145762366518109,819.0730451863502,799.5167146599975,208.57050906463783,41.449346821174736,15,8.8,
ausprivauto0405,TabICLv2,5,clean,raw,0.0,1,2000,1000,20261001,-1,1.0624663143521766,1.0624663143521766,0.198,,0,False,0.0,0.0,0.0,0.0,810.0031999247323,784.1982728527147,219.6058667060441,45.58340504287004,8,0.0,
ausprivauto0405,TabICLv2,5,visible,raw,0.0,1,2000,1000,20261001,108,2.938897716829313,1.0624663143521766,0.198,1,0,False,0.05447889148528777,0.09797649427751687,-0.07984587410158339,0.021619892972762483,815.759685570042,792.0134295423616,205.16843264976288,37.29795484168255,6,5.6,
ausprivauto0405,TabICLv2,5,random,raw,0.0,1,2000,1000,20261001,1349,2.243870179666053,1.0624663143521766,0.198,1,0,False,0.05967382539399753,0.05293146627853965,0.03227597824084424,0.15559269234952028,814.3145821049509,789.1404999434491,224.4999331388254,38.808260492073174,5,5.1,
ausprivauto0405,TabICLv2,5,clean,clip,200.0,1,2000,1000,20261001,-1,1.0624663143521766,1.0624663143521766,0.198,,0,True,0.0,0.0,0.0,0.0,810.0031999247323,784.1982728527147,219.6058667060441,45.58340504287004,8,0.0,
ausprivauto0405,TabICLv2,5,visible,clip,200.0,1,2000,1000,20261001,108,2.938897716829313,1.0624663143521766,0.198,1,1,False,0.06382629036416912,0.03859965223651183,0.05136963427951004,0.1679228068400728,812.2406500885794,787.6687870286194,227.55892854898167,38.358773346565364,5,5.6,
ausprivauto0405,TabICLv2,5,random,clip,200.0,1,2000,1000,20261001,1349,2.243870179666053,1.0624663143521766,0.198,1,1,False,0.06480497824289114,0.03857880394869986,0.0914324818778086,0.21419362314510648,810.7880248816299,783.8110630020819,230.13302149820043,38.70551127429974,5,5.4,
ausprivauto0405,GBM,5,clean,raw,0.0,1,2000,1000,20261001,-1,1.0624663143521766,1.0624663143521766,0.198,,0,False,0.0,0.0,0.0,0.0,818.6333685629221,812.3185943280007,219.86101166173975,68.80513460486176,17,0.0,
ausprivauto0405,GBM,5,visible,raw,0.0,1,2000,1000,20261001,108,2.938897716829313,1.0624663143521766,0.198,1,0,False,0.0,0.012814224033733173,0.036651231410563784,-0.01412174634125593,818.6333685629221,809.3723172760111,212.6533461883823,83.73813037987537,13,3.5,
ausprivauto0405,GBM,5,random,raw,0.0,1,2000,1000,20261001,1349,2.243870179666053,1.0624663143521766,0.198,1,0,False,0.0,0.02236360537001343,0.1267403104790908,0.11461947964936602,818.6333685629221,809.9160095663201,211.25408797291564,65.97101433992796,10,3.5,
ausprivauto0405,GBM,5,clean,clip,200.0,1,2000,1000,20261001,-1,1.0624663143521766,1.0624663143521766,0.198,,0,True,0.0,0.0,0.0,0.0,818.6333685629221,812.3185943280007,219.86101166173975,68.80513460486176,17,0.0,
ausprivauto0405,GBM,5,visible,clip,200.0,1,2000,1000,20261001,108,2.938897716829313,1.0624663143521766,0.198,1,1,False,0.0,0.012814224033733173,0.036651231410563784,-0.01412174634125593,818.6333685629221,809.3723172760111,212.6533461883823,76.5664568437257,13,3.4,
ausprivauto0405,GBM,5,random,clip,200.0,1,2000,1000,20261001,1349,2.243870179666053,1.0624663143521766,0.198,1,1,False,0.0,0.02236360537001343,0.1267403104790908,0.11461947964936602,818.6333685629221,809.9160095663201,211.25408797291564,63.51702731031174,10,3.5,
ausprivauto0405,TabPFN-V3,6,clean,raw,0.0,1,2000,1000,20261001,-1,1.0417175052632694,1.0417175052632694,0.1945,,0,False,0.0,0.0,0.0,0.0,914.400232229951,867.9918154976774,246.19991915456927,48.70072319192569,14,0.0,
ausprivauto0405,TabPFN-V3,6,visible,raw,0.0,1,2000,1000,20261001,1386,3.518661173953831,1.0417175052632694,0.1945,1,0,False,0.043484130264192934,-0.057473001028153045,-0.10987500810443127,-0.03913460358785838,915.9180044963534,873.6167478911867,240.12245585614735,44.119624615753814,18,8.5,
ausprivauto0405,TabPFN-V3,6,random,raw,0.0,1,2000,1000,20261001,1102,1.1008476878414424,1.0417175052632694,0.1945,1,0,False,-0.010275502907189116,-0.013329496221211882,-0.009899723918778419,0.014840434548453333,914.4293943641272,868.1458427648336,243.10951237875676,44.69015201907413,15,8.6,
ausprivauto0405,TabPFN-V3,6,clean,clip,200.0,1,2000,1000,20261001,-1,1.0417175052632694,1.0417175052632694,0.1945,,0,True,0.0,0.0,0.0,0.0,914.400232229951,867.9918154976774,246.19991915456927,48.70072319192569,14,0.0,
ausprivauto0405,TabPFN-V3,6,visible,clip,200.0,1,2000,1000,20261001,1386,3.518661173953831,1.0417175052632694,0.1945,1,1,False,-0.03356385295688331,-0.009540967268392488,-0.06235402371846975,0.1836625978587914,920.5354442760923,866.5583703694587,232.904906664038,37.65879211603507,17,9.4,
ausprivauto0405,TabPFN-V3,6,random,clip,200.0,1,2000,1000,20261001,1102,1.1008476878414424,1.0417175052632694,0.1945,1,0,True,-0.010275502907189116,-0.013329496221211882,-0.009899723918778419,0.014840434548453333,914.4293943641272,868.1458427648336,243.10951237875676,44.69015201907413,15,0.0,
ausprivauto0405,TabICLv2,6,clean,raw,0.0,1,2000,1000,20261001,-1,1.0417175052632694,1.0417175052632694,0.1945,,0,False,0.0,0.0,0.0,0.0,907.8789766902928,854.1883405418164,241.44626413466304,61.61630635266006,9,0.0,
ausprivauto0405,TabICLv2,6,visible,raw,0.0,1,2000,1000,20261001,1386,3.518661173953831,1.0417175052632694,0.1945,1,0,False,0.01632712194241704,0.10167548849060937,-0.016890298990033446,0.11247222019385135,915.5433419514134,862.3056159279367,232.38460316038177,47.249058919066314,7,5.9,
ausprivauto0405,TabICLv2,6,random,raw,0.0,1,2000,1000,20261001,1102,1.1008476878414424,1.0417175052632694,0.1945,1,0,False,-0.009843770536443829,-0.0018028525726455108,0.07901929481398648,0.09368977186369352,908.4550697269464,854.5206388295884,242.2689941008349,53.51015245491007,8,5.0,
ausprivauto0405,TabICLv2,6,clean,clip,200.0,1,2000,1000,20261001,-1,1.0417175052632694,1.0417175052632694,0.1945,,0,True,0.0,0.0,0.0,0.0,907.8789766902928,854.1883405418164,241.44626413466304,61.61630635266006,9,0.0,
ausprivauto0405,TabICLv2,6,visible,clip,200.0,1,2000,1000,20261001,1386,3.518661173953831,1.0417175052632694,0.1945,1,1,False,0.05490683770925604,0.04744572043709706,0.14518584697032322,0.25728630875531167,912.0702266998375,872.0183037162883,246.56435365889746,42.939459992706944,6,5.3,
ausprivauto0405,TabICLv2,6,random,clip,200.0,1,2000,1000,20261001,1102,1.1008476878414424,1.0417175052632694,0.1945,1,0,True,-0.009843770536443829,-0.0018028525726455108,0.07901929481398648,0.09368977186369352,908.4550697269464,854.5206388295884,242.2689941008349,53.51015245491007,8,0.0,
ausprivauto0405,GBM,6,clean,raw,0.0,1,2000,1000,20261001,-1,1.0417175052632694,1.0417175052632694,0.1945,,0,False,0.0,0.0,0.0,0.0,919.3123835147862,866.7634188934973,233.41464504555037,69.1367398004484,17,0.0,
ausprivauto0405,GBM,6,visible,raw,0.0,1,2000,1000,20261001,1386,3.518661173953831,1.0417175052632694,0.1945,1,0,False,-0.005068514842593061,-0.022217635056270692,0.05183119793461646,0.022781032391887304,918.2420423979573,878.6762996366881,221.3138142411764,74.83201024649145,12,3.2,
ausprivauto0405,GBM,6,random,raw,0.0,1,2000,1000,20261001,1102,1.1008476878414424,1.0417175052632694,0.1945,1,0,False,-0.006614843897476165,-0.014466832024534138,-0.016647544429783813,-0.16055705650839378,918.3581740390814,862.1905277499509,220.07448028907163,49.55101255200333,14,3.4,
ausprivauto0405,GBM,6,clean,clip,200.0,1,2000,1000,20261001,-1,1.0417175052632694,1.0417175052632694,0.1945,,0,True,0.0,0.0,0.0,0.0,919.3123835147862,866.7634188934973,233.41464504555037,69.1367398004484,17,0.0,
ausprivauto0405,GBM,6,visible,clip,200.0,1,2000,1000,20261001,1386,3.518661173953831,1.0417175052632694,0.1945,1,1,False,-0.005068514842593061,-0.022217635056270692,-0.004279837102842635,0.022781032391887304,918.2420423979573,865.343861559519,224.21513915709133,74.07375979791168,14,3.3,
ausprivauto0405,GBM,6,random,clip,200.0,1,2000,1000,20261001,1102,1.1008476878414424,1.0417175052632694,0.1945,1,0,True,-0.006614843897476165,-0.014466832024534138,-0.016647544429783813,-0.16055705650839378,918.3581740390814,862.1905277499509,220.07448028907163,49.55101255200333,14,0.0,
ausprivauto0405,TabPFN-V3,7,clean,raw,0.0,1,2000,1000,20261001,-1,1.0553711367751881,1.0553711367751881,0.1845,,0,False,0.0,0.0,0.0,0.0,802.6896604729916,758.7058246618952,210.42248733366858,29.453326830936398,14,0.0,
ausprivauto0405,TabPFN-V3,7,visible,raw,0.0,1,2000,1000,20261001,810,7.9559097507805125,1.0553711367751881,0.1845,1,0,False,0.2156463549052075,0.033695916450765084,-0.16948966260888212,0.01086875080269364,806.6017692111468,757.9326788480093,225.0588595972357,31.164547399295778,19,9.2,
ausprivauto0405,TabPFN-V3,7,random,raw,0.0,1,2000,1000,20261001,1179,1.0546805216590518,1.0553711367751881,0.1845,17,0,False,0.0019678090105722866,0.0006657277023660329,0.005607824670071429,0.00564494029742625,802.310925100446,756.9208124838437,203.56786773894197,29.959490557498903,14,9.4,
ausprivauto0405,TabPFN-V3,7,clean,clip,200.0,1,2000,1000,20261001,-1,1.0553711367751881,1.0553711367751881,0.1845,,0,True,0.0,0.0,0.0,0.0,802.6896604729916,758.7058246618952,210.42248733366858,29.453326830936398,14,0.0,
ausprivauto0405,TabPFN-V3,7,visible,clip,200.0,1,2000,1000,20261001,810,7.9559097507805125,1.0553711367751881,0.1845,1,1,False,-0.07686716928756596,-0.010613726007799525,-0.07750752438902422,0.20830608109462956,805.0711445876278,763.5614929406702,214.7691739792389,37.793321442264535,16,8.7,
ausprivauto0405,TabPFN-V3,7,random,clip,200.0,1,2000,1000,20261001,1179,1.0546805216590518,1.0553711367751881,0.1845,17,0,True,0.0019678090105722866,0.0006657277023660329,0.005607824670071429,0.00564494029742625,802.310925100446,756.9208124838437,203.56786773894197,29.959490557498903,14,0.0,
ausprivauto0405,TabICLv2,7,clean,raw,0.0,1,2000,1000,20261001,-1,1.0553711367751881,1.0553711367751881,0.1845,,0,False,0.0,0.0,0.0,0.0,803.80125917658,749.7703329570905,203.069390213942,30.322847263014523,9,0.0,
ausprivauto0405,TabICLv2,7,visible,raw,0.0,1,2000,1000,20261001,810,7.9559097507805125,1.0553711367751881,0.1845,1,0,False,-0.05581322155673488,0.1881384985653225,-0.07042183853467651,0.1723536362340945,808.1092821835622,749.7960020904655,187.20747332609827,29.064658899295775,9,5.4,
ausprivauto0405,TabICLv2,7,random,raw,0.0,1,2000,1000,20261001,1179,1.0546805216590518,1.0553711367751881,0.1845,17,0,False,0.0006818428374360261,0.003687942705546586,0.01727588014311641,0.017197992655591514,803.905311127035,749.1672987573859,203.96281868861388,30.071382938795775,6,4.6,
ausprivauto0405,TabICLv2,7,clean,clip,200.0,1,2000,1000,20261001,-1,1.0553711367751881,1.0553711367751881,0.1845,,0,True,0.0,0.0,0.0,0.0,803.80125917658,749.7703329570905,203.069390213942,30.322847263014523,9,0.0,
ausprivauto0405,TabICLv2,7,visible,clip,200.0,1,2000,1000,20261001,810,7.9559097507805125,1.0553711367751881,0.1845,1,1,False,0.06316404994218891,0.029940850821647692,0.04551671446519158,0.1501615229674782,809.2796005338555,758.4933711992921,214.6243265280358,29.460854159061405,6,5.1,
ausprivauto0405,TabICLv2,7,random,clip,200.0,1,2000,1000,20261001,1179,1.0546805216590518,1.0553711367751881,0.1845,17,0,True,0.0006818428374360261,0.003687942705546586,0.01727588014311641,0.017197992655591514,803.905311127035,749.1672987573859,203.96281868861388,30.071382938795775,6,0.0,
ausprivauto0405,GBM,7,clean,raw,0.0,1,2000,1000,20261001,-1,1.0553711367751881,1.0553711367751881,0.1845,,0,False,0.0,0.0,0.0,0.0,800.7050153154996,753.921602234103,199.7041707697832,37.84692348990785,11,0.0,
ausprivauto0405,GBM,7,visible,raw,0.0,1,2000,1000,20261001,810,7.9559097507805125,1.0553711367751881,0.1845,1,0,False,0.0,0.0,-0.004428480428007638,-0.021615861350349146,800.7050153154996,753.921602234103,226.70441696005457,70.99379560377504,10,3.4,
ausprivauto0405,GBM,7,random,raw,0.0,1,2000,1000,20261001,1179,1.0546805216590518,1.0553711367751881,0.1845,17,0,False,0.005244303092652276,-0.01804470310377594,-0.0005948609630305062,0.0,806.4274400246408,745.2052787905102,191.4007911558921,37.84692348990785,9,3.2,
ausprivauto0405,GBM,7,clean,clip,200.0,1,2000,1000,20261001,-1,1.0553711367751881,1.0553711367751881,0.1845,,0,True,0.0,0.0,0.0,0.0,800.7050153154996,753.921602234103,199.7041707697832,37.84692348990785,11,0.0,
ausprivauto0405,GBM,7,visible,clip,200.0,1,2000,1000,20261001,810,7.9559097507805125,1.0553711367751881,0.1845,1,1,False,0.0,0.0,-0.004428480428007638,-0.021615861350349146,800.7050153154996,753.921602234103,192.22864190779882,42.18509671673147,10,3.2,
ausprivauto0405,GBM,7,random,clip,200.0,1,2000,1000,20261001,1179,1.0546805216590518,1.0553711367751881,0.1845,17,0,True,0.005244303092652276,-0.01804470310377594,-0.0005948609630305062,0.0,806.4274400246408,745.2052787905102,191.4007911558921,37.84692348990785,9,0.0,
ausprivauto0405,TabPFN-V3,8,clean,raw,0.0,1,2000,1000,20261001,-1,1.0564498516494785,1.0564498516494785,0.1855,,0,False,0.0,0.0,0.0,0.0,808.7611394376615,775.8327750432867,237.77540200764923,37.65034850598651,18,0.0,
ausprivauto0405,TabPFN-V3,8,visible,raw,0.0,1,2000,1000,20261001,1884,2.3780451994524694,1.0564498516494785,0.1855,1,0,False,-0.005407126462553355,-0.006827954366004175,-0.08778836871577866,0.011277912966152517,809.3630687541785,778.0961094809336,241.73373444640237,43.792630844853704,19,8.7,
ausprivauto0405,TabPFN-V3,8,random,raw,0.0,1,2000,1000,20261001,1979,2.1277760185442394,1.0564498516494785,0.1855,1,0,False,0.012418149935720236,0.014353041243452387,-0.06421333747047163,0.05984804150518092,809.112697823982,774.8988831443727,235.3709307305821,43.51074152649433,19,8.7,
ausprivauto0405,TabPFN-V3,8,clean,clip,200.0,1,2000,1000,20261001,-1,1.0564498516494785,1.0564498516494785,0.1855,,0,True,0.0,0.0,0.0,0.0,808.7611394376615,775.8327750432867,237.77540200764923,37.65034850598651,18,0.0,
ausprivauto0405,TabPFN-V3,8,visible,clip,200.0,1,2000,1000,20261001,1884,2.3780451994524694,1.0564498516494785,0.1855,1,1,False,-0.0563414168445847,-0.002928208817627776,-0.0570050010112584,0.09483201496017495,811.6227816152393,776.6742428564571,241.02324927370395,42.18053005774432,20,8.9,
ausprivauto0405,TabPFN-V3,8,random,clip,200.0,1,2000,1000,20261001,1979,2.1277760185442394,1.0564498516494785,0.1855,1,1,False,-0.05501421392811126,-0.001051863981571507,-0.050507635443576636,0.10101953914959941,811.6042849111378,776.3874027685665,236.8794415493836,40.92798407239276,19,8.8,
ausprivauto0405,TabICLv2,8,clean,raw,0.0,1,2000,1000,20261001,-1,1.0564498516494785,1.0564498516494785,0.1855,,0,False,0.0,0.0,0.0,0.0,805.3751850530591,776.8566572296587,218.2809457168649,31.960791851634934,11,0.0,
ausprivauto0405,TabICLv2,8,visible,raw,0.0,1,2000,1000,20261001,1884,2.3780451994524694,1.0564498516494785,0.1855,1,0,False,0.048877320930956925,0.07882291034935074,-0.02184011784543962,0.06231633152596215,809.7096677414487,791.9353594205634,227.63156863748992,36.08496845032244,10,5.4,
ausprivauto0405,TabICLv2,8,random,raw,0.0,1,2000,1000,20261001,1979,2.1277760185442394,1.0564498516494785,0.1855,1,0,False,0.05433791250235355,0.0643806877556473,-0.010828596540741024,0.07609530758249199,809.5071762320521,793.0954796522353,229.75230275858368,36.742844118291195,10,4.5,
ausprivauto0405,TabICLv2,8,clean,clip,200.0,1,2000,1000,20261001,-1,1.0564498516494785,1.0564498516494785,0.1855,,0,True,0.0,0.0,0.0,0.0,805.3751850530591,776.8566572296587,218.2809457168649,31.960791851634934,11,0.0,
ausprivauto0405,TabICLv2,8,visible,clip,200.0,1,2000,1000,20261001,1884,2.3780451994524694,1.0564498516494785,0.1855,1,1,False,0.04910791827810707,0.04062917338461244,0.023960042077780408,0.10133638729444637,808.9037013866421,795.2923088026087,226.77095964291965,34.25603872961931,8,5.5,
ausprivauto0405,TabICLv2,8,random,clip,200.0,1,2000,1000,20261001,1979,2.1277760185442394,1.0564498516494785,0.1855,1,1,False,0.05320175195020389,0.043676210774820354,0.019628526726725257,0.10374558398163948,808.9508869878835,794.4908130848695,227.16382656186494,35.18268392297868,8,4.9,
ausprivauto0405,GBM,8,clean,raw,0.0,1,2000,1000,20261001,-1,1.0564498516494785,1.0564498516494785,0.1855,,0,False,0.0,0.0,0.0,0.0,808.0937582165075,770.0538607667204,232.14736229746376,38.10364068502651,20,0.0,
ausprivauto0405,GBM,8,visible,raw,0.0,1,2000,1000,20261001,1884,2.3780451994524694,1.0564498516494785,0.1855,1,0,False,0.0,0.0010241183608857098,0.053201698068979245,-0.03625662414782584,808.0937582165075,764.960596855337,218.15122552963163,50.35126512359256,15,3.1,
ausprivauto0405,GBM,8,random,raw,0.0,1,2000,1000,20261001,1979,2.1277760185442394,1.0564498516494785,0.1855,1,0,False,0.0,-0.009082228146973128,0.03296187822068693,0.11739375268013728,808.0937582165075,773.1535511758233,207.91685945774503,62.91485845999163,13,3.5,
ausprivauto0405,GBM,8,clean,clip,200.0,1,2000,1000,20261001,-1,1.0564498516494785,1.0564498516494785,0.1855,,0,True,0.0,0.0,0.0,0.0,808.0937582165075,770.0538607667204,232.14736229746376,38.10364068502651,20,0.0,
ausprivauto0405,GBM,8,visible,clip,200.0,1,2000,1000,20261001,1884,2.3780451994524694,1.0564498516494785,0.1855,1,1,False,0.0,0.0010241183608857098,0.053201698068979245,0.06394389018343849,808.0937582165075,764.960596855337,218.15122552963163,44.97255848950797,15,3.2,
ausprivauto0405,GBM,8,random,clip,200.0,1,2000,1000,20261001,1979,2.1277760185442394,1.0564498516494785,0.1855,1,1,False,0.0,-0.009082228146973128,0.03296187822068693,0.11739375268013728,808.0937582165075,773.1535511758233,207.91685945774503,56.09996884734379,13,3.3,
ausprivauto0405,TabPFN-V3,9,clean,raw,0.0,1,2000,1000,20261001,-1,1.0550597559293435,1.0550597559293435,0.1915,,0,False,0.0,0.0,0.0,0.0,785.3269405384144,750.6875133545648,203.61497896911098,28.658759802825955,13,0.0,
ausprivauto0405,TabPFN-V3,9,visible,raw,0.0,1,2000,1000,20261001,27,7.281940455947826,1.0550597559293435,0.1915,1,0,False,0.2528797715655471,0.025387687708115673,-0.12336926754508484,0.009873136603423606,781.0810353717654,752.5368099167024,209.66702966248596,32.362681622216584,20,8.8,
ausprivauto0405,TabPFN-V3,9,random,raw,0.0,1,2000,1000,20261001,512,3.078457642611974,1.0550597559293435,0.1915,1,0,False,0.038293395429800633,-0.031477811232347615,-0.10902047893064837,-0.023001288173887878,783.8703293764103,766.5315726644851,216.54319370062657,32.16304808120096,18,9.0,
ausprivauto0405,TabPFN-V3,9,clean,clip,200.0,1,2000,1000,20261001,-1,1.0550597559293435,1.0550597559293435,0.1915,,0,True,0.0,0.0,0.0,0.0,785.3269405384144,750.6875133545648,203.61497896911098,28.658759802825955,13,0.0,
ausprivauto0405,TabPFN-V3,9,visible,clip,200.0,1,2000,1000,20261001,27,7.281940455947826,1.0550597559293435,0.1915,1,1,False,-0.04079472975708609,-0.011569924606585829,-0.08767843273205922,0.14440943633833636,790.1055294876154,756.7266913331116,206.58643553025942,34.918321038232214,16,9.0,
ausprivauto0405,TabPFN-V3,9,random,clip,200.0,1,2000,1000,20261001,512,3.078457642611974,1.0550597559293435,0.1915,1,1,False,-0.04414876533756065,-0.014484755852282014,-0.0791438227237698,0.13423839678370514,787.2321122760711,762.7513817554649,205.13668972459536,34.692069301904084,16,9.0,
ausprivauto0405,TabICLv2,9,clean,raw,0.0,1,2000,1000,20261001,-1,1.0550597559293435,1.0550597559293435,0.1915,,0,False,0.0,0.0,0.0,0.0,780.2720324017026,753.6722903251648,196.10609358994694,26.104044952810323,8,0.0,
ausprivauto0405,TabICLv2,9,visible,raw,0.0,1,2000,1000,20261001,27,7.281940455947826,1.0550597559293435,0.1915,1,0,False,0.018072084519857985,0.1578070353971258,-0.1158390147929326,0.10143959723645671,781.5583882358006,765.9907183055585,203.7845250323219,27.018768157888452,11,5.2,
ausprivauto0405,TabICLv2,9,random,raw,0.0,1,2000,1000,20261001,512,3.078457642611974,1.0550597559293435,0.1915,1,0,False,0.06084067072169881,0.11379452363892226,-0.07039859252930732,0.023173078623179265,785.6023752076042,770.0236394328584,204.68157124449382,26.380893841607204,11,4.7,
ausprivauto0405,TabICLv2,9,clean,clip,200.0,1,2000,1000,20261001,-1,1.0550597559293435,1.0550597559293435,0.1915,,0,True,0.0,0.0,0.0,0.0,780.2720324017026,753.6722903251648,196.10609358994694,26.104044952810323,8,0.0,
ausprivauto0405,TabICLv2,9,visible,clip,200.0,1,2000,1000,20261001,27,7.281940455947826,1.0550597559293435,0.1915,1,1,False,0.058860821718264775,0.036466671494464614,0.05417980399707712,0.15833417263454097,784.9753024331781,807.8347680794101,214.14680013515007,28.602328754693144,9,5.4,
ausprivauto0405,TabICLv2,9,random,clip,200.0,1,2000,1000,20261001,512,3.078457642611974,1.0550597559293435,0.1915,1,1,False,0.06126073798099303,0.04538592030240176,0.05482259341577012,0.1546709480764296,785.0964694787937,808.7368108986101,213.3830585125251,28.346375924950955,8,4.9,
ausprivauto0405,GBM,9,clean,raw,0.0,1,2000,1000,20261001,-1,1.0550597559293435,1.0550597559293435,0.1915,,0,False,0.0,0.0,0.0,0.0,788.6280586597079,767.5510051168732,182.8677599865013,45.117364672979406,12,0.0,
ausprivauto0405,GBM,9,visible,raw,0.0,1,2000,1000,20261001,27,7.281940455947826,1.0550597559293435,0.1915,1,0,False,0.0,0.0,-0.02673281548787035,0.011789776152815403,788.6280586597079,767.5510051168732,186.71081687287648,40.2739962153214,13,3.2,
ausprivauto0405,GBM,9,random,raw,0.0,1,2000,1000,20261001,512,3.078457642611974,1.0550597559293435,0.1915,1,0,False,0.0,0.0068114223251021675,0.003211855352333152,-0.03174946236918453,788.6280586597079,766.7694995073232,239.61360251016828,58.70171621328967,15,3.3,
ausprivauto0405,GBM,9,clean,clip,200.0,1,2000,1000,20261001,-1,1.0550597559293435,1.0550597559293435,0.1915,,0,True,0.0,0.0,0.0,0.0,788.6280586597079,767.5510051168732,182.8677599865013,45.117364672979406,12,0.0,
ausprivauto0405,GBM,9,visible,clip,200.0,1,2000,1000,20261001,27,7.281940455947826,1.0550597559293435,0.1915,1,1,False,0.0,0.0,-0.02673281548787035,0.011789776152815403,788.6280586597079,767.5510051168732,186.71081687287648,32.85135447467476,13,3.3,
ausprivauto0405,GBM,9,random,clip,200.0,1,2000,1000,20261001,512,3.078457642611974,1.0550597559293435,0.1915,1,1,False,0.0,0.0068114223251021675,0.003211855352333152,-0.021299431839143894,788.6280586597079,766.7694995073232,224.38496538134257,45.018717149610104,15,3.2,
ausprivauto0405,TabPFN-V3,10,clean,raw,0.0,1,2000,1000,20261001,-1,1.0488550169845936,1.0488550169845936,0.211,,0,False,0.0,0.0,0.0,0.0,839.5810653645134,811.355010899952,253.95178843058233,49.093012739540264,18,0.0,
ausprivauto0405,TabPFN-V3,10,visible,raw,0.0,1,2000,1000,20261001,293,6.049690915596128,1.0488550169845936,0.211,1,0,False,0.23418257406238263,0.009432359712286153,-0.1109052953938939,0.08491854528078892,836.6640342684333,825.0877959500832,254.93820149098858,45.687650276649656,21,8.3,
ausprivauto0405,TabPFN-V3,10,random,raw,0.0,1,2000,1000,20261001,1135,1.0480755268831183,1.0488550169845936,0.211,11,0,False,0.0010594787614863633,-0.0001055214596416557,0.006928653030173022,0.007107599838447961,839.2382928787291,811.8759725195285,254.63186270792613,50.38488129032153,18,8.5,
ausprivauto0405,TabPFN-V3,10,clean,clip,200.0,1,2000,1000,20261001,-1,1.0488550169845936,1.0488550169845936,0.211,,0,True,0.0,0.0,0.0,0.0,839.5810653645134,811.355010899952,253.95178843058233,49.093012739540264,18,0.0,
ausprivauto0405,TabPFN-V3,10,visible,clip,200.0,1,2000,1000,20261001,293,6.049690915596128,1.0488550169845936,0.211,1,1,False,-0.03359703577727728,-0.008965943446644056,-0.051279208579732186,0.29089840495761354,841.8660532134634,818.6727890249692,235.13401076382297,39.286319782790294,18,8.4,
ausprivauto0405,TabPFN-V3,10,random,clip,200.0,1,2000,1000,20261001,1135,1.0480755268831183,1.0488550169845936,0.211,11,0,True,0.0010594787614863633,-0.0001055214596416557,0.006928653030173022,0.007107599838447961,839.2382928787291,811.8759725195285,254.63186270792613,50.38488129032153,18,0.0,
ausprivauto0405,TabICLv2,10,clean,raw,0.0,1,2000,1000,20261001,-1,1.0488550169845936,1.0488550169845936,0.211,,0,False,0.0,0.0,0.0,0.0,833.6886650062916,808.933642589602,245.513899026137,70.04884996475901,11,0.0,
ausprivauto0405,TabICLv2,10,visible,raw,0.0,1,2000,1000,20261001,293,6.049690915596128,1.0488550169845936,0.211,1,0,False,-0.011021114117400591,0.09444876244304967,-0.08242641777577685,0.11906333705373601,842.5144556342635,809.3370096231442,242.37922096394956,60.909239850469966,11,5.0,
ausprivauto0405,TabICLv2,10,random,raw,0.0,1,2000,1000,20261001,1135,1.0480755268831183,1.0488550169845936,0.211,11,0,False,0.00016377501217162293,0.0011481247909922953,0.012601087020045186,0.014086345950236757,833.3397515884822,810.0445569419738,245.8784399245745,69.3892697020637,11,5.1,
ausprivauto0405,TabICLv2,10,clean,clip,200.0,1,2000,1000,20261001,-1,1.0488550169845936,1.0488550169845936,0.211,,0,True,0.0,0.0,0.0,0.0,833.6886650062916,808.933642589602,245.513899026137,70.04884996475901,11,0.0,
ausprivauto0405,TabICLv2,10,visible,clip,200.0,1,2000,1000,20261001,293,6.049690915596128,1.0488550169845936,0.211,1,1,False,0.07907217932768877,0.031716471159173004,0.0501890274656977,0.15820120567298657,833.1768161807945,802.8124485192254,246.2970870041527,57.2870235149309,8,5.1,
ausprivauto0405,TabICLv2,10,random,clip,200.0,1,2000,1000,20261001,1135,1.0480755268831183,1.0488550169845936,0.211,11,0,True,0.00016377501217162293,0.0011481247909922953,0.012601087020045186,0.014086345950236757,833.3397515884822,810.0445569419738,245.8784399245745,69.3892697020637,11,0.0,
ausprivauto0405,GBM,10,clean,raw,0.0,1,2000,1000,20261001,-1,1.0488550169845936,1.0488550169845936,0.211,,0,False,0.0,0.0,0.0,0.0,841.5385448994509,835.9695293741244,243.02502151870434,68.02778490358752,19,0.0,
ausprivauto0405,GBM,10,visible,raw,0.0,1,2000,1000,20261001,293,6.049690915596128,1.0488550169845936,0.211,1,0,False,0.0,-0.0007698054560340802,0.05039693236585757,8.748348129042697e-11,841.5385448994509,837.8328561362276,246.89787089321217,69.74708350833296,14,3.3,
ausprivauto0405,GBM,10,random,raw,0.0,1,2000,1000,20261001,1135,1.0480755268831183,1.0488550169845936,0.211,11,0,False,0.010665446224542057,0.01384462695516813,0.027356440769310104,0.0,842.6525845257872,836.2140922177725,242.69152008679848,68.02778490358752,19,3.2,
ausprivauto0405,GBM,10,clean,clip,200.0,1,2000,1000,20261001,-1,1.0488550169845936,1.0488550169845936,0.211,,0,True,0.0,0.0,0.0,0.0,841.5385448994509,835.9695293741244,243.02502151870434,68.02778490358752,19,0.0,
ausprivauto0405,GBM,10,visible,clip,200.0,1,2000,1000,20261001,293,6.049690915596128,1.0488550169845936,0.211,1,1,False,0.0,-0.0007698054560340802,0.0483602631593008,8.748348129042697e-11,841.5385448994509,837.8328561362276,229.45875418129268,68.50228143173887,14,3.5,
ausprivauto0405,GBM,10,random,clip,200.0,1,2000,1000,20261001,1135,1.0480755268831183,1.0488550169845936,0.211,11,0,True,0.010665446224542057,0.01384462695516813,0.027356440769310104,0.0,842.6525845257872,836.2140922177725,242.69152008679848,68.02778490358752,19,0.0,
ausprivauto0405,TabPFN-V3,11,clean,raw,0.0,1,2000,1000,20261001,-1,1.041184334248293,1.041184334248293,0.2015,,0,False,0.0,0.0,0.0,0.0,794.9264194394779,736.8311686492125,209.35065156334932,33.03480025847338,14,0.0,
ausprivauto0405,TabPFN-V3,11,visible,raw,0.0,1,2000,1000,20261001,1859,5.55680103268166,1.041184334248293,0.2015,1,0,False,0.1777267547016133,-0.010531514291931502,-0.07995163129790767,0.03945282315155669,789.3425178079909,740.4290638674361,216.49297868461497,33.20188599284839,17,8.9,
ausprivauto0405,TabPFN-V3,11,random,raw,0.0,1,2000,1000,20261001,1393,1.0406385612614524,1.041184334248293,0.2015,17,0,False,0.0005815649644592134,0.004241358016487379,0.01984197002488715,0.017686561064886707,795.1475401698789,736.7707358946235,208.53869290384307,32.74909306902026,12,8.8,
ausprivauto0405,TabPFN-V3,11,clean,clip,200.0,1,2000,1000,20261001,-1,1.041184334248293,1.041184334248293,0.2015,,0,True,0.0,0.0,0.0,0.0,794.9264194394779,736.8311686492125,209.35065156334932,33.03480025847338,14,0.0,
ausprivauto0405,TabPFN-V3,11,visible,clip,200.0,1,2000,1000,20261001,1859,5.55680103268166,1.041184334248293,0.2015,1,1,False,-0.06386924116913051,-0.021850504870460145,-0.06383295968762129,0.21620188072085905,798.1966966335145,741.46176108995,219.178166480279,40.13182044402027,15,8.6,
ausprivauto0405,TabPFN-V3,11,random,clip,200.0,1,2000,1000,20261001,1393,1.0406385612614524,1.041184334248293,0.2015,17,0,True,0.0005815649644592134,0.004241358016487379,0.01984197002488715,0.017686561064886707,795.1475401698789,736.7707358946235,208.53869290384307,32.74909306902026,12,0.0,
ausprivauto0405,TabICLv2,11,clean,raw,0.0,1,2000,1000,20261001,-1,1.041184334248293,1.041184334248293,0.2015,,0,False,0.0,0.0,0.0,0.0,790.0395186901786,736.0482142299251,206.31392025840563,34.58501414186401,8,0.0,
ausprivauto0405,TabICLv2,11,visible,raw,0.0,1,2000,1000,20261001,1859,5.55680103268166,1.041184334248293,0.2015,1,0,False,0.0029238835571869307,0.10693995387386365,-0.09985631633904095,0.06646765508427539,788.6052752043349,753.0777081426329,210.2783379644837,36.12470606012963,10,4.6,
ausprivauto0405,TabICLv2,11,random,raw,0.0,1,2000,1000,20261001,1393,1.0406385612614524,1.041184334248293,0.2015,17,0,False,0.00036937229214378364,0.001192134097537623,0.013077745389136024,0.013888239053412042,789.8452987700159,736.2842564379906,206.86937303184314,34.173152700457756,8,5.5,
ausprivauto0405,TabICLv2,11,clean,clip,200.0,1,2000,1000,20261001,-1,1.041184334248293,1.041184334248293,0.2015,,0,True,0.0,0.0,0.0,0.0,790.0395186901786,736.0482142299251,206.31392025840563,34.58501414186401,8,0.0,
ausprivauto0405,TabICLv2,11,visible,clip,200.0,1,2000,1000,20261001,1859,5.55680103268166,1.041184334248293,0.2015,1,1,False,0.06124601152123137,0.01910453508727407,0.0873099022470828,0.21280492612280957,789.492721140432,753.5679318498359,230.69533384503063,36.485411811207754,8,4.9,
ausprivauto0405,TabICLv2,11,random,clip,200.0,1,2000,1000,20261001,1393,1.0406385612614524,1.041184334248293,0.2015,17,0,True,0.00036937229214378364,0.001192134097537623,0.013077745389136024,0.013888239053412042,789.8452987700159,736.2842564379906,206.86937303184314,34.173152700457756,8,0.0,
ausprivauto0405,GBM,11,clean,raw,0.0,1,2000,1000,20261001,-1,1.041184334248293,1.041184334248293,0.2015,,0,False,0.0,0.0,0.0,0.0,788.688968586404,734.741912343695,222.36444087324438,44.00767427297192,16,0.0,
ausprivauto0405,GBM,11,visible,raw,0.0,1,2000,1000,20261001,1859,5.55680103268166,1.041184334248293,0.2015,1,0,False,0.0,0.010132500298363522,-0.0033809345929197866,0.013283333730631076,788.688968586404,733.6497742151154,244.1880572019196,52.47671549976772,19,3.2,
ausprivauto0405,GBM,11,random,raw,0.0,1,2000,1000,20261001,1393,1.0406385612614524,1.041184334248293,0.2015,17,0,False,-0.001677341448478327,0.01647685814507456,0.04394786795082914,0.01203093691010616,787.6207887145426,736.7832473257289,217.3750805989831,41.82508377146144,14,3.3,
ausprivauto0405,GBM,11,clean,clip,200.0,1,2000,1000,20261001,-1,1.041184334248293,1.041184334248293,0.2015,,0,True,0.0,0.0,0.0,0.0,788.688968586404,734.741912343695,222.36444087324438,44.00767427297192,16,0.0,
ausprivauto0405,GBM,11,visible,clip,200.0,1,2000,1000,20261001,1859,5.55680103268166,1.041184334248293,0.2015,1,1,False,0.0,0.010132500298363522,-0.04390759649423808,0.013283333730631076,788.688968586404,733.6497742151154,265.31708325834165,44.72754501169101,21,3.4,
ausprivauto0405,GBM,11,random,clip,200.0,1,2000,1000,20261001,1393,1.0406385612614524,1.041184334248293,0.2015,17,0,True,-0.001677341448478327,0.01647685814507456,0.04394786795082914,0.01203093691010616,787.6207887145426,736.7832473257289,217.3750805989831,41.82508377146144,14,0.0,
ausprivauto0405,TabPFN-V3,12,clean,raw,0.0,1,2000,1000,20261001,-1,1.0502275114719553,1.0502275114719553,0.2015,,0,False,0.0,0.0,0.0,0.0,907.6034935706701,936.2996655888631,302.527705609153,62.24173435629499,19,0.0,
ausprivauto0405,TabPFN-V3,12,visible,raw,0.0,1,2000,1000,20261001,322,5.057903235434727,1.0502275114719553,0.2015,1,0,False,0.10090960801184541,-0.007360885795086864,-0.10076972339941082,-0.028620547359005457,907.4486592700194,937.5040188555147,321.4256521175436,63.67032734457624,25,8.6,
ausprivauto0405,TabPFN-V3,12,random,raw,0.0,1,2000,1000,20261001,1760,1.0479402317224968,1.0502275114719553,0.2015,4,0,False,0.004141335453375024,0.001260149032060242,0.018588319305766755,0.027776869236485476,907.4668824666438,935.9907839795505,301.062976400278,60.9005700672325,18,8.7,
ausprivauto0405,TabPFN-V3,12,clean,clip,200.0,1,2000,1000,20261001,-1,1.0502275114719553,1.0502275114719553,0.2015,,0,True,0.0,0.0,0.0,0.0,907.6034935706701,936.2996655888631,302.527705609153,62.24173435629499,19,0.0,
ausprivauto0405,TabPFN-V3,12,visible,clip,200.0,1,2000,1000,20261001,322,5.057903235434727,1.0502275114719553,0.2015,1,1,False,-0.07113575120580085,-0.02696743699348786,-0.10250430517342227,0.06628363847305954,909.0920496796099,942.6551675798148,301.8392066897311,47.44191063168562,23,8.4,
ausprivauto0405,TabPFN-V3,12,random,clip,200.0,1,2000,1000,20261001,1760,1.0479402317224968,1.0502275114719553,0.2015,4,0,True,0.004141335453375024,0.001260149032060242,0.018588319305766755,0.027776869236485476,907.4668824666438,935.9907839795505,301.062976400278,60.9005700672325,18,0.0,
ausprivauto0405,TabICLv2,12,clean,raw,0.0,1,2000,1000,20261001,-1,1.0502275114719553,1.0502275114719553,0.2015,,0,False,0.0,0.0,0.0,0.0,906.6816375821486,910.9872842794881,290.0464747898717,101.43936342123249,13,0.0,
ausprivauto0405,TabICLv2,12,visible,raw,0.0,1,2000,1000,20261001,322,5.057903235434727,1.0502275114719553,0.2015,1,0,False,0.06377870703372221,0.16733386282611934,-0.12245614127122252,0.02195655743641474,908.6248106724738,909.668801512324,264.7868132687311,60.069883207638746,14,5.3,
ausprivauto0405,TabICLv2,12,random,raw,0.0,1,2000,1000,20261001,1760,1.0479402317224968,1.0502275114719553,0.2015,4,0,False,0.00030292118040393284,0.0036659317459673962,0.005364545855266715,0.011245921092826515,907.0983978617988,911.2046243673786,290.6866190867467,100.81201034310749,13,4.8,
ausprivauto0405,TabICLv2,12,clean,clip,200.0,1,2000,1000,20261001,-1,1.0502275114719553,1.0502275114719553,0.2015,,0,True,0.0,0.0,0.0,0.0,906.6816375821486,910.9872842794881,290.0464747898717,101.43936342123249,13,0.0,
ausprivauto0405,TabICLv2,12,visible,clip,200.0,1,2000,1000,20261001,322,5.057903235434727,1.0502275114719553,0.2015,1,1,False,0.0953863436792175,0.09657336866564689,0.08575222466778573,0.18663032591796874,904.1393406374115,911.2506249793896,248.16828373062174,49.06070470199811,8,5.1,
ausprivauto0405,TabICLv2,12,random,clip,200.0,1,2000,1000,20261001,1760,1.0479402317224968,1.0502275114719553,0.2015,4,0,True,0.00030292118040393284,0.0036659317459673962,0.005364545855266715,0.011245921092826515,907.0983978617988,911.2046243673786,290.6866190867467,100.81201034310749,13,0.0,
ausprivauto0405,GBM,12,clean,raw,0.0,1,2000,1000,20261001,-1,1.0502275114719553,1.0502275114719553,0.2015,,0,False,0.0,0.0,0.0,0.0,910.9601122569561,936.8971896573723,311.7148303469067,126.09235160649018,25,0.0,
ausprivauto0405,GBM,12,visible,raw,0.0,1,2000,1000,20261001,322,5.057903235434727,1.0502275114719553,0.2015,1,0,False,0.0,0.0,0.04080165920198472,0.1011053620026176,910.9601122569561,936.8971896573723,304.9239219282839,112.28816101523796,22,3.3,
ausprivauto0405,GBM,12,random,raw,0.0,1,2000,1000,20261001,1760,1.0479402317224968,1.0502275114719553,0.2015,4,0,False,0.0010487682907792592,0.010798857169380095,0.007982818006803486,-0.0452941377496054,910.1067260939216,934.8202889630425,331.2453167960037,125.03986333185503,25,3.3,
ausprivauto0405,GBM,12,clean,clip,200.0,1,2000,1000,20261001,-1,1.0502275114719553,1.0502275114719553,0.2015,,0,True,0.0,0.0,0.0,0.0,910.9601122569561,936.8971896573723,311.7148303469067,126.09235160649018,25,0.0,
ausprivauto0405,GBM,12,visible,clip,200.0,1,2000,1000,20261001,322,5.057903235434727,1.0502275114719553,0.2015,1,1,False,0.0,0.0,0.04080165920198472,0.13074192535934764,910.9601122569561,936.8971896573723,304.9239219282839,91.16985943098788,22,3.2,
ausprivauto0405,GBM,12,random,clip,200.0,1,2000,1000,20261001,1760,1.0479402317224968,1.0502275114719553,0.2015,4,0,True,0.0010487682907792592,0.010798857169380095,0.007982818006803486,-0.0452941377496054,910.1067260939216,934.8202889630425,331.2453167960037,125.03986333185503,25,0.0,
ausprivauto0405,TabPFN-V3,13,clean,raw,0.0,1,2000,1000,20261001,-1,1.0559164890392232,1.0559164890392232,0.1815,,0,False,0.0,0.0,0.0,0.0,823.9821289241046,824.1863369438753,206.39710364966496,28.30267526094933,20,0.0,
ausprivauto0405,TabPFN-V3,13,visible,raw,0.0,1,2000,1000,20261001,1828,7.321653919169386,1.0559164890392232,0.1815,1,0,False,0.3223969643923386,-0.0026055828579350437,-0.12511382346632438,0.017605358261073553,819.8620963110386,820.1915944771894,237.1044421405556,29.821680163293077,31,8.8,
ausprivauto0405,TabPFN-V3,13,random,raw,0.0,1,2000,1000,20261001,1419,1.9534438821568734,1.0559164890392232,0.1815,1,0,False,0.025916675763671636,0.01850419113041967,-0.04608300781015645,0.2240646462308004,822.5861809689824,818.4209102319081,211.65511082514936,36.854218366418074,21,9.0,
ausprivauto0405,TabPFN-V3,13,clean,clip,200.0,1,2000,1000,20261001,-1,1.0559164890392232,1.0559164890392232,0.1815,,0,True,0.0,0.0,0.0,0.0,823.9821289241046,824.1863369438753,206.39710364966496,28.30267526094933,20,0.0,
ausprivauto0405,TabPFN-V3,13,visible,clip,200.0,1,2000,1000,20261001,1828,7.321653919169386,1.0559164890392232,0.1815,1,1,False,-0.0421985095596746,-0.004534319288435601,-0.06358468818804186,0.1973776013975155,824.0860108558903,824.5668357934317,214.83388009237277,35.933818180871214,23,8.8,
ausprivauto0405,TabPFN-V3,13,random,clip,200.0,1,2000,1000,20261001,1419,1.9534438821568734,1.0559164890392232,0.1815,1,1,False,-0.03795339771092052,-0.0032280836132762315,-0.05271687326413489,0.20903725724205718,824.9535330354961,822.4423565453847,212.36650780598532,36.39248600704309,22,8.4,
ausprivauto0405,TabICLv2,13,clean,raw,0.0,1,2000,1000,20261001,-1,1.0559164890392232,1.0559164890392232,0.1815,,0,False,0.0,0.0,0.0,0.0,814.4199921281312,811.4184763586815,190.9137060197431,25.61964919463682,9,0.0,
ausprivauto0405,TabICLv2,13,visible,raw,0.0,1,2000,1000,20261001,1828,7.321653919169386,1.0559164890392232,0.1815,1,0,False,-0.035612073429490486,0.10773985344773954,-0.0608131807530584,0.20755191748375146,820.8426289357876,813.7662618783003,196.46148430077437,30.4126133826212,13,5.1,
ausprivauto0405,TabICLv2,13,random,raw,0.0,1,2000,1000,20261001,1419,1.9534438821568734,1.0559164890392232,0.1815,1,0,False,0.06415495829561901,0.02512963504515065,0.17748660254684384,0.3193564802854819,816.6350645331881,826.4722210931409,215.3274957641494,32.3540410558712,3,4.7,
ausprivauto0405,TabICLv2,13,clean,clip,200.0,1,2000,1000,20261001,-1,1.0559164890392232,1.0559164890392232,0.1815,,0,True,0.0,0.0,0.0,0.0,814.4199921281312,811.4184763586815,190.9137060197431,25.61964919463682,9,0.0,
ausprivauto0405,TabICLv2,13,visible,clip,200.0,1,2000,1000,20261001,1828,7.321653919169386,1.0559164890392232,0.1815,1,1,False,0.06006090311527343,0.016393083096778498,0.22051142734540086,0.3655653026087191,816.2731803168796,830.1212745247924,218.36690404539945,32.88041670040245,3,5.4,
ausprivauto0405,TabICLv2,13,random,clip,200.0,1,2000,1000,20261001,1419,1.9534438821568734,1.0559164890392232,0.1815,1,1,False,0.05831666320355615,0.017941070621319645,0.2097480716337656,0.3439448107876846,816.2650590514711,828.3155126229441,216.47288436766507,32.40767212813683,3,4.9,
ausprivauto0405,GBM,13,clean,raw,0.0,1,2000,1000,20261001,-1,1.0559164890392232,1.0559164890392232,0.1815,,0,False,0.0,0.0,0.0,0.0,820.7911687789892,803.2710588650208,209.37971238934102,28.315312778258612,24,0.0,
ausprivauto0405,GBM,13,visible,raw,0.0,1,2000,1000,20261001,1828,7.321653919169386,1.0559164890392232,0.1815,1,0,False,0.0,0.0,0.06430640735907507,0.05789490250977326,820.7911687789892,803.2710588650208,279.907429713481,41.0977991468322,18,3.2,
ausprivauto0405,GBM,13,random,raw,0.0,1,2000,1000,20261001,1419,1.9534438821568734,1.0559164890392232,0.1815,1,0,False,0.0,0.0032139395534637695,0.045884341422071574,5.6310190218386555e-09,820.7911687789892,802.12752186559,186.32661798043523,51.37386481357771,18,3.4,
ausprivauto0405,GBM,13,clean,clip,200.0,1,2000,1000,20261001,-1,1.0559164890392232,1.0559164890392232,0.1815,,0,True,0.0,0.0,0.0,0.0,820.7911687789892,803.2710588650208,209.37971238934102,28.315312778258612,24,0.0,
ausprivauto0405,GBM,13,visible,clip,200.0,1,2000,1000,20261001,1828,7.321653919169386,1.0559164890392232,0.1815,1,1,False,0.0,0.0,0.06430640735907507,0.05789490250977326,820.7911687789892,803.2710588650208,214.50083458633327,34.37169123487362,18,3.2,
ausprivauto0405,GBM,13,random,clip,200.0,1,2000,1000,20261001,1419,1.9534438821568734,1.0559164890392232,0.1815,1,1,False,0.0,0.0032139395534637695,0.045884341422071574,5.6310190218386555e-09,820.7911687789892,802.12752186559,186.32661798043523,48.500641230872276,18,3.3,
ausprivauto0405,TabPFN-V3,14,clean,raw,0.0,1,2000,1000,20261001,-1,1.0501455618071946,1.0501455618071946,0.2065,,0,False,0.0,0.0,0.0,0.0,825.1916887501441,787.549830380683,184.29679260581463,30.178344827529134,16,0.0,
ausprivauto0405,TabPFN-V3,14,visible,raw,0.0,1,2000,1000,20261001,1764,2.6000134406889517,1.0501455618071946,0.2065,1,0,False,-0.004935145411196638,0.00401184978895187,-0.10597484010310514,0.27056766646060637,827.3354454001393,784.0682734866057,198.95341909549123,35.90859455845883,21,8.8,
ausprivauto0405,TabPFN-V3,14,random,raw,0.0,1,2000,1000,20261001,1057,1.8367528522417218,1.0501455618071946,0.2065,1,0,False,-0.038939985921434925,-0.007128126601159674,-0.050310747397941814,0.292654755244016,827.9532360418984,788.80560228339,188.3445733578881,35.96240538072446,18,8.5,
ausprivauto0405,TabPFN-V3,14,clean,clip,200.0,1,2000,1000,20261001,-1,1.0501455618071946,1.0501455618071946,0.2065,,0,True,0.0,0.0,0.0,0.0,825.1916887501441,787.549830380683,184.29679260581463,30.178344827529134,16,0.0,
ausprivauto0405,TabPFN-V3,14,visible,clip,200.0,1,2000,1000,20261001,1764,2.6000134406889517,1.0501455618071946,0.2065,1,1,False,-0.05837923052325735,-0.006324899202576138,-0.06867518032105059,0.32313703445663755,828.8974415334642,788.8340045725705,192.85353064304437,36.61707513658383,18,8.9,
ausprivauto0405,TabPFN-V3,14,random,clip,200.0,1,2000,1000,20261001,1057,1.8367528522417218,1.0501455618071946,0.2065,1,0,True,-0.038939985921434925,-0.007128126601159674,-0.050310747397941814,0.292654755244016,827.9532360418984,788.80560228339,188.3445733578881,35.96240538072446,18,0.0,
ausprivauto0405,TabICLv2,14,clean,raw,0.0,1,2000,1000,20261001,-1,1.0501455618071946,1.0501455618071946,0.2065,,0,False,0.0,0.0,0.0,0.0,826.5365329173468,748.5222811961752,171.85467553436936,27.967884099013503,11,0.0,
ausprivauto0405,TabICLv2,14,visible,raw,0.0,1,2000,1000,20261001,1764,2.6000134406889517,1.0501455618071946,0.2065,1,0,False,0.07065911954597047,0.059125721383122616,0.049836300803780056,0.19228534052245097,825.4696733812551,752.3481959268034,194.20171233947877,27.24193245103695,8,5.0,
ausprivauto0405,TabICLv2,14,random,raw,0.0,1,2000,1000,20261001,1057,1.8367528522417218,1.0501455618071946,0.2065,1,0,False,0.06369588251376243,0.042791554469941775,0.16299879509078652,0.2812390141689566,825.1366204704602,753.5768091532112,196.18017034246316,27.772985362169763,6,4.8,
ausprivauto0405,TabICLv2,14,clean,clip,200.0,1,2000,1000,20261001,-1,1.0501455618071946,1.0501455618071946,0.2065,,0,True,0.0,0.0,0.0,0.0,826.5365329173468,748.5222811961752,171.85467553436936,27.967884099013503,11,0.0,
ausprivauto0405,TabICLv2,14,visible,clip,200.0,1,2000,1000,20261001,1764,2.6000134406889517,1.0501455618071946,0.2065,1,1,False,0.06708841059117676,0.037470686890774485,0.13842584094517538,0.27000375371120444,824.7567878126403,753.6753379495735,198.3331182847991,28.0904738690057,7,5.6,
ausprivauto0405,TabICLv2,14,random,clip,200.0,1,2000,1000,20261001,1057,1.8367528522417218,1.0501455618071946,0.2065,1,0,True,0.06369588251376243,0.042791554469941775,0.16299879509078652,0.2812390141689566,825.1366204704602,753.5768091532112,196.18017034246316,27.772985362169763,6,0.0,
ausprivauto0405,GBM,14,clean,raw,0.0,1,2000,1000,20261001,-1,1.0501455618071946,1.0501455618071946,0.2065,,0,False,0.0,0.0,0.0,0.0,821.5298037285668,750.0808611121397,184.50950201692837,29.1562049379916,19,0.0,
ausprivauto0405,GBM,14,visible,raw,0.0,1,2000,1000,20261001,1764,2.6000134406889517,1.0501455618071946,0.2065,1,0,False,0.0,-0.00570782646335025,-0.008006313136319304,-0.06266190957206765,821.5298037285668,754.2547425532958,188.98147404922904,37.582349836249634,21,3.3,
ausprivauto0405,GBM,14,random,raw,0.0,1,2000,1000,20261001,1057,1.8367528522417218,1.0501455618071946,0.2065,1,0,False,0.0,0.004940600589520481,0.05040281728041965,0.0497292576604243,821.5298037285668,751.2061776986598,180.68851765476177,34.92918789535799,17,3.2,
ausprivauto0405,GBM,14,clean,clip,200.0,1,2000,1000,20261001,-1,1.0501455618071946,1.0501455618071946,0.2065,,0,True,0.0,0.0,0.0,0.0,821.5298037285668,750.0808611121397,184.50950201692837,29.1562049379916,19,0.0,
ausprivauto0405,GBM,14,visible,clip,200.0,1,2000,1000,20261001,1764,2.6000134406889517,1.0501455618071946,0.2065,1,1,False,0.0,-0.00570782646335025,-0.008006313136319304,-0.0845494750767796,821.5298037285668,753.234768839258,188.98147404922904,39.970663702029675,21,3.4,
ausprivauto0405,GBM,14,random,clip,200.0,1,2000,1000,20261001,1057,1.8367528522417218,1.0501455618071946,0.2065,1,0,True,0.0,0.004940600589520481,0.05040281728041965,0.0497292576604243,821.5298037285668,751.2061776986598,180.68851765476177,34.92918789535799,17,0.0,
ausprivauto0405,TabPFN-V3,15,clean,raw,0.0,1,2000,1000,20261001,-1,1.0213002937115725,1.0213002937115725,0.208,,0,False,0.0,0.0,0.0,0.0,768.6744083412821,725.7704564059879,209.2487556608947,50.88809777457542,9,0.0,
ausprivauto0405,TabPFN-V3,15,visible,raw,0.0,1,2000,1000,20261001,785,9.325387913307265,1.0213002937115725,0.208,1,0,False,0.3131705190362871,0.00356269693812596,-0.18271970038687574,-0.022882924019578026,773.3676293542981,727.9920951263144,208.01667407492596,49.31206019156761,13,8.9,
ausprivauto0405,TabPFN-V3,15,random,raw,0.0,1,2000,1000,20261001,1379,3.9813851628240617,1.0213002937115725,0.208,1,0,False,0.06526363630988458,-0.06358235432443202,-0.13131973644314718,-0.060563821337775686,770.0591226471935,735.1449155147832,211.95217948155093,49.50347231559104,12,8.8,
ausprivauto0405,TabPFN-V3,15,clean,clip,200.0,1,2000,1000,20261001,-1,1.0213002937115725,1.0213002937115725,0.208,,0,True,0.0,0.0,0.0,0.0,768.6744083412821,725.7704564059879,209.2487556608947,50.88809777457542,9,0.0,
ausprivauto0405,TabPFN-V3,15,visible,clip,200.0,1,2000,1000,20261001,785,9.325387913307265,1.0213002937115725,0.208,1,1,False,-0.043360479458329076,-0.024260088637408445,-0.08053563614507234,0.1704868662443202,770.445731364125,732.8394930030378,201.99506439330094,39.8302545189973,10,8.8,
ausprivauto0405,TabPFN-V3,15,random,clip,200.0,1,2000,1000,20261001,1379,3.9813851628240617,1.0213002937115725,0.208,1,1,False,-0.044089604256076886,-0.022972798656250997,-0.07358009279323198,0.17298439205970334,769.9860488595173,733.1272614356552,203.62890307494155,39.75472627290355,10,8.7,
ausprivauto0405,TabICLv2,15,clean,raw,0.0,1,2000,1000,20261001,-1,1.0213002937115725,1.0213002937115725,0.208,,0,False,0.0,0.0,0.0,0.0,765.8150459612582,722.0611981460097,217.44995466991037,55.825331653294164,6,0.0,
ausprivauto0405,TabICLv2,15,visible,raw,0.0,1,2000,1000,20261001,785,9.325387913307265,1.0213002937115725,0.208,1,0,False,-0.0495194703033016,0.2311558868577503,-0.08043613828978122,0.14937766890397713,772.8950940102247,760.2979866185426,216.17791593178535,53.397265184731665,6,4.8,
ausprivauto0405,TabICLv2,15,random,raw,0.0,1,2000,1000,20261001,1379,3.9813851628240617,1.0213002937115725,0.208,1,0,False,0.0219727160396741,0.12804864089298543,-0.02938099982683845,0.08763949273680685,773.0080450247777,754.3622981141004,221.6450781727541,52.61198600338791,5,5.3,
ausprivauto0405,TabICLv2,15,clean,clip,200.0,1,2000,1000,20261001,-1,1.0213002937115725,1.0213002937115725,0.208,,0,True,0.0,0.0,0.0,0.0,765.8150459612582,722.0611981460097,217.44995466991037,55.825331653294164,6,0.0,
ausprivauto0405,TabICLv2,15,visible,clip,200.0,1,2000,1000,20261001,785,9.325387913307265,1.0213002937115725,0.208,1,1,False,0.06419274909225997,0.0580139987491142,0.19759003227604033,0.3210164010292631,770.7664797590801,737.2297034095973,236.23015945205097,49.02777789371605,4,4.8,
ausprivauto0405,TabICLv2,15,random,clip,200.0,1,2000,1000,20261001,1379,3.9813851628240617,1.0213002937115725,0.208,1,1,False,0.06299692317760565,0.045066991843083444,0.18033314953345442,0.3065500312176115,771.8538218897351,735.6511277336521,235.6835486317385,49.79269834684104,4,5.1,
ausprivauto0405,GBM,15,clean,raw,0.0,1,2000,1000,20261001,-1,1.0213002937115725,1.0213002937115725,0.208,,0,False,0.0,0.0,0.0,0.0,769.8337254362286,738.6958947428558,229.09765368608683,72.52134943211813,8,0.0,
ausprivauto0405,GBM,15,visible,raw,0.0,1,2000,1000,20261001,785,9.325387913307265,1.0213002937115725,0.208,1,0,False,0.0,-0.001453668551474051,0.011726148749692156,0.04464871051925491,769.8337254362286,734.4547646072772,229.87757726423604,71.70156418194075,8,3.2,
ausprivauto0405,GBM,15,random,raw,0.0,1,2000,1000,20261001,1379,3.9813851628240617,1.0213002937115725,0.208,1,0,False,0.0,-0.012704818338376169,0.026538091024860523,0.19218007314680882,769.8337254362286,766.2065278725604,229.61568586266,65.18186427831371,8,3.6,
ausprivauto0405,GBM,15,clean,clip,200.0,1,2000,1000,20261001,-1,1.0213002937115725,1.0213002937115725,0.208,,0,True,0.0,0.0,0.0,0.0,769.8337254362286,738.6958947428558,229.09765368608683,72.52134943211813,8,0.0,
ausprivauto0405,GBM,15,visible,clip,200.0,1,2000,1000,20261001,785,9.325387913307265,1.0213002937115725,0.208,1,1,False,0.0,-0.001453668551474051,0.011726148749692156,0.05173768369816685,769.8337254362286,734.4547646072772,229.87757726423604,68.92848989438266,8,3.1,
ausprivauto0405,GBM,15,random,clip,200.0,1,2000,1000,20261001,1379,3.9813851628240617,1.0213002937115725,0.208,1,1,False,0.0,-0.012704818338376169,0.026538091024860523,0.19218007314680882,769.8337254362286,748.4619597674864,229.61568586266,65.01692354446428,8,3.6,
ausprivauto0405,TabPFN-V3,16,clean,raw,0.0,1,2000,1000,20261001,-1,1.060686954124016,1.060686954124016,0.1835,,0,False,0.0,0.0,0.0,0.0,877.352701938007,874.6209562222997,264.5075920666417,50.3760909545337,19,0.0,
ausprivauto0405,TabPFN-V3,16,visible,raw,0.0,1,2000,1000,20261001,1344,2.200885088195438,1.060686954124016,0.1835,1,0,False,-0.01298660313257792,-0.01790150237199298,-0.0823417526011209,0.09462365179189372,878.6197573389687,877.9676977555388,245.96031741648537,57.024175765768085,18,8.5,
ausprivauto0405,TabPFN-V3,16,random,raw,0.0,1,2000,1000,20261001,1111,1.1889067385126446,1.060686954124016,0.1835,1,0,False,-0.03856850969436728,-0.012817357201304627,-0.016174803506469868,0.05799541472137401,878.9010210094254,882.1591909619982,251.13031606566508,50.9365035470181,19,8.6,
ausprivauto0405,TabPFN-V3,16,clean,clip,200.0,1,2000,1000,20261001,-1,1.060686954124016,1.060686954124016,0.1835,,0,True,0.0,0.0,0.0,0.0,877.352701938007,874.6209562222997,264.5075920666417,50.3760909545337,19,0.0,
ausprivauto0405,TabPFN-V3,16,visible,clip,200.0,1,2000,1000,20261001,1344,2.200885088195438,1.060686954124016,0.1835,1,1,False,-0.043107264547949754,-0.0190374556901325,-0.07217678774890059,0.14766518318225813,880.1544379319865,880.1615273697622,243.3408260039307,55.253933076314965,17,8.5,
ausprivauto0405,TabPFN-V3,16,random,clip,200.0,1,2000,1000,20261001,1111,1.1889067385126446,1.060686954124016,0.1835,1,0,True,-0.03856850969436728,-0.012817357201304627,-0.016174803506469868,0.05799541472137401,878.9010210094254,882.1591909619982,251.13031606566508,50.9365035470181,19,0.0,
ausprivauto0405,TabICLv2,16,clean,raw,0.0,1,2000,1000,20261001,-1,1.060686954124016,1.060686954124016,0.1835,,0,False,0.0,0.0,0.0,0.0,878.8580405331379,836.8408188179247,249.7772252292823,49.973099605416515,13,0.0,
ausprivauto0405,TabICLv2,16,visible,raw,0.0,1,2000,1000,20261001,1344,2.200885088195438,1.060686954124016,0.1835,1,0,False,0.06676091108055418,0.03756254210034003,-0.004951139478620129,0.10756366653154793,881.6733654037535,832.5993082137965,245.2553029434308,54.87767578685402,8,5.2,
ausprivauto0405,TabICLv2,16,random,raw,0.0,1,2000,1000,20261001,1111,1.1889067385126446,1.060686954124016,0.1835,1,0,False,0.043852234904488016,0.017360435770787712,0.06069769154211273,0.08957539601571843,880.2994933825233,846.6009122575107,232.48048665955577,45.12627740892433,9,5.0,
ausprivauto0405,TabICLv2,16,clean,clip,200.0,1,2000,1000,20261001,-1,1.060686954124016,1.060686954124016,0.1835,,0,True,0.0,0.0,0.0,0.0,878.8580405331379,836.8408188179247,249.7772252292823,49.973099605416515,13,0.0,
ausprivauto0405,TabICLv2,16,visible,clip,200.0,1,2000,1000,20261001,1344,2.200885088195438,1.060686954124016,0.1835,1,1,False,0.06446439852807206,0.027766186631224044,0.04622906207129417,0.14968856256254048,881.183215922943,836.50087991742,247.16875859343077,52.54709871458841,7,4.8,
ausprivauto0405,TabICLv2,16,random,clip,200.0,1,2000,1000,20261001,1111,1.1889067385126446,1.060686954124016,0.1835,1,0,True,0.043852234904488016,0.017360435770787712,0.06069769154211273,0.08957539601571843,880.2994933825233,846.6009122575107,232.48048665955577,45.12627740892433,9,0.0,
ausprivauto0405,GBM,16,clean,raw,0.0,1,2000,1000,20261001,-1,1.060686954124016,1.060686954124016,0.1835,,0,False,0.0,0.0,0.0,0.0,881.7197294523336,841.7575604504086,254.32783508798715,96.3815668018407,18,0.0,
ausprivauto0405,GBM,16,visible,raw,0.0,1,2000,1000,20261001,1344,2.200885088195438,1.060686954124016,0.1835,1,0,False,0.0,0.01424116770987278,0.004599836800492493,0.05577548518477705,881.7197294523336,834.4681149999876,235.56261638701852,100.98210488865912,19,3.2,
ausprivauto0405,GBM,16,random,raw,0.0,1,2000,1000,20261001,1111,1.1889067385126446,1.060686954124016,0.1835,1,0,False,0.0,-0.0009966230164880948,-0.026650467419994654,-0.0031060565061605968,881.7197294523336,831.8290537602687,257.65818771733285,76.36909541956896,16,3.4,
ausprivauto0405,GBM,16,clean,clip,200.0,1,2000,1000,20261001,-1,1.060686954124016,1.060686954124016,0.1835,,0,True,0.0,0.0,0.0,0.0,881.7197294523336,841.7575604504086,254.32783508798715,96.3815668018407,18,0.0,
ausprivauto0405,GBM,16,visible,clip,200.0,1,2000,1000,20261001,1344,2.200885088195438,1.060686954124016,0.1835,1,1,False,0.0,0.01424116770987278,0.004599836800492493,0.05138264335513517,881.7197294523336,834.4681149999876,234.98058628909416,100.19292211102199,19,3.2,
ausprivauto0405,GBM,16,random,clip,200.0,1,2000,1000,20261001,1111,1.1889067385126446,1.060686954124016,0.1835,1,0,True,0.0,-0.0009966230164880948,-0.026650467419994654,-0.0031060565061605968,881.7197294523336,831.8290537602687,257.65818771733285,76.36909541956896,16,0.0,
ausprivauto0405,TabPFN-V3,17,clean,raw,0.0,1,2000,1000,20261001,-1,1.0273523531411624,1.0273523531411624,0.197,,0,False,0.0,0.0,0.0,0.0,825.5750857833428,799.9417527990117,233.89559252439034,38.19874580112029,14,0.0,
ausprivauto0405,TabPFN-V3,17,visible,raw,0.0,1,2000,1000,20261001,1837,2.482076198204041,1.0273523531411624,0.197,1,0,False,-0.027484518941637427,-0.02676774135436634,-0.12885370888955344,0.10377779174427151,826.5444108680284,798.3020530687526,243.3845414158825,29.569018037729677,17,9.1,
ausprivauto0405,TabPFN-V3,17,random,raw,0.0,1,2000,1000,20261001,486,1.0649896481160197,1.0273523531411624,0.197,1,0,False,-0.020297010966394934,-0.008413064814570163,0.006029057489417784,0.060538354884438664,826.0881871169563,800.3947713292854,234.9669481298591,36.291653730807795,14,9.0,
ausprivauto0405,TabPFN-V3,17,clean,clip,200.0,1,2000,1000,20261001,-1,1.0273523531411624,1.0273523531411624,0.197,,0,True,0.0,0.0,0.0,0.0,825.5750857833428,799.9417527990117,233.89559252439034,38.19874580112029,14,0.0,
ausprivauto0405,TabPFN-V3,17,visible,clip,200.0,1,2000,1000,20261001,1837,2.482076198204041,1.0273523531411624,0.197,1,1,False,-0.08521627892690672,-0.03068362807206529,-0.1016162399856654,0.17803136782888287,829.5478113864485,799.5540698671102,235.11041824346066,30.985437750620303,15,8.6,
ausprivauto0405,TabPFN-V3,17,random,clip,200.0,1,2000,1000,20261001,486,1.0649896481160197,1.0273523531411624,0.197,1,0,True,-0.020297010966394934,-0.008413064814570163,0.006029057489417784,0.060538354884438664,826.0881871169563,800.3947713292854,234.9669481298591,36.291653730807795,14,0.0,
ausprivauto0405,TabICLv2,17,clean,raw,0.0,1,2000,1000,20261001,-1,1.0273523531411624,1.0273523531411624,0.197,,0,False,0.0,0.0,0.0,0.0,822.3726311858373,761.6846698430414,240.79280570939036,66.2818457103781,11,0.0,
ausprivauto0405,TabICLv2,17,visible,raw,0.0,1,2000,1000,20261001,1837,2.482076198204041,1.0273523531411624,0.197,1,0,False,0.06031315081132771,0.03608586618725469,-0.006847633854862173,0.11176446311386656,822.6237051128824,747.5537986684462,226.47996569496848,40.767075703073424,9,5.8,
ausprivauto0405,TabICLv2,17,random,raw,0.0,1,2000,1000,20261001,486,1.0649896481160197,1.0273523531411624,0.197,1,0,False,-0.023834097569408665,0.006780893694793136,0.0894978853185892,0.0972811156979308,822.5573057297179,762.0702616017571,240.07071289023415,53.46810199173748,9,5.0,
ausprivauto0405,TabICLv2,17,clean,clip,200.0,1,2000,1000,20261001,-1,1.0273523531411624,1.0273523531411624,0.197,,0,True,0.0,0.0,0.0,0.0,822.3726311858373,761.6846698430414,240.79280570939036,66.2818457103781,11,0.0,
ausprivauto0405,TabICLv2,17,visible,clip,200.0,1,2000,1000,20261001,1837,2.482076198204041,1.0273523531411624,0.197,1,1,False,0.051126772020270585,0.0027340522552101033,0.058761459409681416,0.1713142744619474,822.1392244361883,746.2251828480994,228.37477055735914,40.38830866141717,7,5.2,
ausprivauto0405,TabICLv2,17,random,clip,200.0,1,2000,1000,20261001,486,1.0649896481160197,1.0273523531411624,0.197,1,0,True,-0.023834097569408665,0.006780893694793136,0.0894978853185892,0.0972811156979308,822.5573057297179,762.0702616017571,240.07071289023415,53.46810199173748,9,0.0,
ausprivauto0405,GBM,17,clean,raw,0.0,1,2000,1000,20261001,-1,1.0273523531411624,1.0273523531411624,0.197,,0,False,0.0,0.0,0.0,0.0,824.0081083647063,768.8393071368448,236.5985074069135,87.61024351335708,12,0.0,
ausprivauto0405,GBM,17,visible,raw,0.0,1,2000,1000,20261001,1837,2.482076198204041,1.0273523531411624,0.197,1,0,False,-0.002697357825492881,-0.0023178423781280606,-0.032296647367897585,0.07904243998738666,825.2269524212096,781.7859199974208,234.70954586375228,83.29525585932294,12,3.3,
ausprivauto0405,GBM,17,random,raw,0.0,1,2000,1000,20261001,486,1.0649896481160197,1.0273523531411624,0.197,1,0,False,-0.0021767721220233884,0.0038951300954113846,-0.02247784073163897,0.5159434619955573,825.3582200388386,774.8917851988633,223.15961985489616,68.15510993533005,13,3.2,
ausprivauto0405,GBM,17,clean,clip,200.0,1,2000,1000,20261001,-1,1.0273523531411624,1.0273523531411624,0.197,,0,True,0.0,0.0,0.0,0.0,824.0081083647063,768.8393071368448,236.5985074069135,87.61024351335708,12,0.0,
ausprivauto0405,GBM,17,visible,clip,200.0,1,2000,1000,20261001,1837,2.482076198204041,1.0273523531411624,0.197,1,1,False,-0.002697357825492881,-0.0023178423781280606,-0.032296647367897585,0.07904243998738666,825.2269524212096,780.8334201083862,230.8416089075374,82.99011940100564,12,3.1,
ausprivauto0405,GBM,17,random,clip,200.0,1,2000,1000,20261001,486,1.0649896481160197,1.0273523531411624,0.197,1,0,True,-0.0021767721220233884,0.0038951300954113846,-0.02247784073163897,0.5159434619955573,825.3582200388386,774.8917851988633,223.15961985489616,68.15510993533005,13,0.0,
ausprivauto0405,TabPFN-V3,18,clean,raw,0.0,1,2000,1000,20261001,-1,1.0452170492911055,1.0452170492911055,0.2055,,0,False,0.0,0.0,0.0,0.0,748.7669322910953,702.7797581232871,176.7371714485652,29.9508067064081,12,0.0,
ausprivauto0405,TabPFN-V3,18,visible,raw,0.0,1,2000,1000,20261001,1069,3.2342801910999053,1.0452170492911055,0.2055,1,0,False,0.019143525393259288,-0.035882822678039855,-0.12367321488460724,0.04495440998201665,748.6782557833961,708.4380643070708,178.9169931603824,28.829031353173725,15,9.6,
ausprivauto0405,TabPFN-V3,18,random,raw,0.0,1,2000,1000,20261001,545,1.0445474104041643,1.0452170492911055,0.2055,13,0,False,0.0012795771250200371,0.002891646589930294,0.007065989235183364,0.007217936417666816,749.0021076021839,702.5392888086808,177.29508810383868,31.401115103869028,12,9.1,
ausprivauto0405,TabPFN-V3,18,clean,clip,200.0,1,2000,1000,20261001,-1,1.0452170492911055,1.0452170492911055,0.2055,,0,True,0.0,0.0,0.0,0.0,748.7669322910953,702.7797581232871,176.7371714485652,29.9508067064081,12,0.0,
ausprivauto0405,TabPFN-V3,18,visible,clip,200.0,1,2000,1000,20261001,1069,3.2342801910999053,1.0452170492911055,0.2055,1,1,False,-0.04583509777121837,-0.016182516811515606,-0.07188921707718327,0.19784906911008404,751.1262859414497,710.1266819888574,182.4381061558902,32.48780465981436,14,8.7,
ausprivauto0405,TabPFN-V3,18,random,clip,200.0,1,2000,1000,20261001,545,1.0445474104041643,1.0452170492911055,0.2055,13,0,True,0.0012795771250200371,0.002891646589930294,0.007065989235183364,0.007217936417666816,749.0021076021839,702.5392888086808,177.29508810383868,31.401115103869028,12,0.0,
ausprivauto0405,TabICLv2,18,clean,raw,0.0,1,2000,1000,20261001,-1,1.0452170492911055,1.0452170492911055,0.2055,,0,False,0.0,0.0,0.0,0.0,748.423640584517,696.4843831080543,182.79244277497148,48.56935319986903,5,0.0,
ausprivauto0405,TabICLv2,18,visible,raw,0.0,1,2000,1000,20261001,1069,3.2342801910999053,1.0452170492911055,0.2055,1,0,False,0.03525666619523493,0.09351911148792202,-0.010344179030141966,0.11655980714761946,752.0697563324203,705.355045323723,189.20999876712776,39.132271646158095,6,5.4,
ausprivauto0405,TabICLv2,18,random,raw,0.0,1,2000,1000,20261001,545,1.0445474104041643,1.0452170492911055,0.2055,13,0,False,0.0017802828148337866,0.0008829328568009448,0.011550940060263321,0.013362225838973752,748.9903437858105,697.6554735225277,184.96365057282307,48.73435150162683,5,4.5,
ausprivauto0405,TabICLv2,18,clean,clip,200.0,1,2000,1000,20261001,-1,1.0452170492911055,1.0452170492911055,0.2055,,0,True,0.0,0.0,0.0,0.0,748.423640584517,696.4843831080543,182.79244277497148,48.56935319986903,5,0.0,
ausprivauto0405,TabICLv2,18,visible,clip,200.0,1,2000,1000,20261001,1069,3.2342801910999053,1.0452170492911055,0.2055,1,1,False,0.03883694041342494,0.04560668604318028,0.10712428672008487,0.22067763526164016,751.1758981681178,716.743816008473,206.41007751565124,37.62833402476746,3,5.4,
ausprivauto0405,TabICLv2,18,random,clip,200.0,1,2000,1000,20261001,545,1.0445474104041643,1.0452170492911055,0.2055,13,0,True,0.0017802828148337866,0.0008829328568009448,0.011550940060263321,0.013362225838973752,748.9903437858105,697.6554735225277,184.96365057282307,48.73435150162683,5,0.0,
ausprivauto0405,GBM,18,clean,raw,0.0,1,2000,1000,20261001,-1,1.0452170492911055,1.0452170492911055,0.2055,,0,False,0.0,0.0,0.0,0.0,755.8327990122862,700.3615648223158,184.51573543688616,49.58427808824783,11,0.0,
ausprivauto0405,GBM,18,visible,raw,0.0,1,2000,1000,20261001,1069,3.2342801910999053,1.0452170492911055,0.2055,1,0,False,0.0,0.027243625985838377,1.0991165218216909e-05,0.2112292382739465,755.8327990122862,701.4217035068697,188.44612411698577,80.8604208696037,11,3.4,
ausprivauto0405,GBM,18,random,raw,0.0,1,2000,1000,20261001,545,1.0445474104041643,1.0452170492911055,0.2055,13,0,False,0.00039303203571160026,0.023473138155882887,0.03324267497505683,0.0,757.1812271848883,707.0598605972741,195.91118990023026,49.58427808824783,11,3.3,
ausprivauto0405,GBM,18,clean,clip,200.0,1,2000,1000,20261001,-1,1.0452170492911055,1.0452170492911055,0.2055,,0,True,0.0,0.0,0.0,0.0,755.8327990122862,700.3615648223158,184.51573543688616,49.58427808824783,11,0.0,
ausprivauto0405,GBM,18,visible,clip,200.0,1,2000,1000,20261001,1069,3.2342801910999053,1.0452170492911055,0.2055,1,1,False,0.0,0.027243625985838377,1.0991165218216909e-05,0.19675905606439967,755.8327990122862,701.4217035068697,188.44612411698577,55.1222861266651,11,3.5,
ausprivauto0405,GBM,18,random,clip,200.0,1,2000,1000,20261001,545,1.0445474104041643,1.0452170492911055,0.2055,13,0,True,0.00039303203571160026,0.023473138155882887,0.03324267497505683,0.0,757.1812271848883,707.0598605972741,195.91118990023026,49.58427808824783,11,0.0,
ausprivauto0405,TabPFN-V3,19,clean,raw,0.0,1,2000,1000,20261001,-1,1.047903292492582,1.047903292492582,0.2035,,0,False,0.0,0.0,0.0,0.0,843.4121431028613,809.3734250252221,241.55919406830077,38.97953196609181,14,0.0,
ausprivauto0405,TabPFN-V3,19,visible,raw,0.0,1,2000,1000,20261001,765,3.567331747509942,1.047903292492582,0.2035,1,0,False,0.023079813756079724,-0.05926615138901009,-0.10619289705085003,0.05485951835254428,843.2698407242161,822.1214790941643,255.53113682451948,34.536691602623065,21,8.8,
ausprivauto0405,TabPFN-V3,19,random,raw,0.0,1,2000,1000,20261001,1853,1.1044302047727326,1.047903292492582,0.2035,1,0,False,-0.01583986669304115,-0.01008924359879153,0.003929561412895175,0.04759472247848605,843.9273128540349,810.4444340321112,238.99359078445704,32.04067487820119,13,9.0,
ausprivauto0405,TabPFN-V3,19,clean,clip,200.0,1,2000,1000,20261001,-1,1.047903292492582,1.047903292492582,0.2035,,0,True,0.0,0.0,0.0,0.0,843.4121431028613,809.3734250252221,241.55919406830077,38.97953196609181,14,0.0,
ausprivauto0405,TabPFN-V3,19,visible,clip,200.0,1,2000,1000,20261001,765,3.567331747509942,1.047903292492582,0.2035,1,1,False,-0.07144659982917417,-0.033112944479349336,-0.06210103305311354,0.24509223334519836,846.7716927969353,814.7595736240957,241.69646431867574,36.02198037709182,14,9.0,
ausprivauto0405,TabPFN-V3,19,random,clip,200.0,1,2000,1000,20261001,1853,1.1044302047727326,1.047903292492582,0.2035,1,0,True,-0.01583986669304115,-0.01008924359879153,0.003929561412895175,0.04759472247848605,843.9273128540349,810.4444340321112,238.99359078445704,32.04067487820119,13,0.0,
ausprivauto0405,TabICLv2,19,clean,raw,0.0,1,2000,1000,20261001,-1,1.047903292492582,1.047903292492582,0.2035,,0,False,0.0,0.0,0.0,0.0,838.5861221315549,774.2798749460713,240.01029317766802,66.55261857029492,9,0.0,
ausprivauto0405,TabICLv2,19,visible,raw,0.0,1,2000,1000,20261001,765,3.567331747509942,1.047903292492582,0.2035,1,0,False,0.03135825943579393,0.08665251093852559,-0.09389368685469172,0.018467413360419693,840.6317272226562,781.176744334144,235.52651480127733,35.83055247361525,12,5.0,
ausprivauto0405,TabICLv2,19,random,raw,0.0,1,2000,1000,20261001,1853,1.1044302047727326,1.047903292492582,0.2035,1,0,False,0.010113062515632695,0.017609249076681373,0.0928861024106521,0.10800370615949159,839.7015322315299,775.3819158702019,241.523324408543,58.47954429881057,8,5.0,
ausprivauto0405,TabICLv2,19,clean,clip,200.0,1,2000,1000,20261001,-1,1.047903292492582,1.047903292492582,0.2035,,0,True,0.0,0.0,0.0,0.0,838.5861221315549,774.2798749460713,240.01029317766802,66.55261857029492,9,0.0,
ausprivauto0405,TabICLv2,19,visible,clip,200.0,1,2000,1000,20261001,765,3.567331747509942,1.047903292492582,0.2035,1,1,False,0.0671116827198496,0.03722601804028983,0.1170225780981162,0.2302592636352328,839.2969874384243,780.2802781303067,241.4859775404805,35.61266501009181,7,5.6,
ausprivauto0405,TabICLv2,19,random,clip,200.0,1,2000,1000,20261001,1853,1.1044302047727326,1.047903292492582,0.2035,1,0,True,0.010113062515632695,0.017609249076681373,0.0928861024106521,0.10800370615949159,839.7015322315299,775.3819158702019,241.523324408543,58.47954429881057,8,0.0,
ausprivauto0405,GBM,19,clean,raw,0.0,1,2000,1000,20261001,-1,1.047903292492582,1.047903292492582,0.2035,,0,False,0.0,0.0,0.0,0.0,836.7618583816954,789.70590522325,259.25471928648204,68.37186327881865,19,0.0,
ausprivauto0405,GBM,19,visible,raw,0.0,1,2000,1000,20261001,765,3.567331747509942,1.047903292492582,0.2035,1,0,False,0.0,0.0046882009919722014,0.050674701332339936,-0.0778550847139205,836.7618583816954,820.7698111607723,257.9589437312949,43.907055333735,17,3.5,
ausprivauto0405,GBM,19,random,raw,0.0,1,2000,1000,20261001,1853,1.1044302047727326,1.047903292492582,0.2035,1,0,False,0.008573222105585325,-0.011943668037474745,0.031759110206659134,0.24686154304083308,838.2809752731961,804.2406284783066,260.2149247216187,48.54759543177095,16,3.1,
ausprivauto0405,GBM,19,clean,clip,200.0,1,2000,1000,20261001,-1,1.047903292492582,1.047903292492582,0.2035,,0,True,0.0,0.0,0.0,0.0,836.7618583816954,789.70590522325,259.25471928648204,68.37186327881865,19,0.0,
ausprivauto0405,GBM,19,visible,clip,200.0,1,2000,1000,20261001,765,3.567331747509942,1.047903292492582,0.2035,1,1,False,0.0,0.0046882009919722014,0.050674701332339936,-0.10763407917875348,836.7618583816954,813.1780697046377,257.9589437312949,29.077899870795573,17,3.3,
ausprivauto0405,GBM,19,random,clip,200.0,1,2000,1000,20261001,1853,1.1044302047727326,1.047903292492582,0.2035,1,0,True,0.008573222105585325,-0.011943668037474745,0.031759110206659134,0.24686154304083308,838.2809752731961,804.2406284783066,260.2149247216187,48.54759543177095,16,0.0,
norauto,TabPFN-V3,0,clean,raw,0.0,1,2000,1000,20261001,-1,1.0428174973394757,1.0428174973394757,0.3625,,0,False,0.0,0.0,0.0,0.0,7808.123814941407,6846.976474218749,1763.2465109375007,445.46978021875015,17,0.0,
norauto,TabPFN-V3,0,visible,raw,0.0,1,2000,1000,20261001,1985,2.7012053920673487,1.0428174973394757,0.3625,1,0,False,-0.02427491502934715,-0.0048941778967600815,-0.04591307385891222,0.2677358049505321,7827.545713378906,6851.76657265625,1812.2444070312508,448.89743279687525,19,8.6,
norauto,TabPFN-V3,0,random,raw,0.0,1,2000,1000,20261001,278,1.9709286418574254,1.0428174973394757,0.3625,1,0,False,-0.0059890617108195624,-0.011987303672040102,0.020225686982547106,0.386518330933885,7813.2065234375,6861.2161140625,1746.765866562501,446.80533684375024,16,8.7,
norauto,TabPFN-V3,0,clean,clip,200.0,1,2000,1000,20261001,-1,1.0428174973394757,1.0428174973394757,0.3625,,0,True,0.0,0.0,0.0,0.0,7808.123814941407,6846.976474218749,1763.2465109375007,445.46978021875015,17,0.0,
norauto,TabPFN-V3,0,visible,clip,200.0,1,2000,1000,20261001,1985,2.7012053920673487,1.0428174973394757,0.3625,1,1,False,-0.017978950128163487,-0.0011411844407652819,-0.037373494710227294,0.2994741708801316,7821.832914550781,6843.744043749999,1802.4501675781257,449.56452625000026,19,8.4,
norauto,TabPFN-V3,0,random,clip,200.0,1,2000,1000,20261001,278,1.9709286418574254,1.0428174973394757,0.3625,1,0,True,-0.0059890617108195624,-0.011987303672040102,0.020225686982547106,0.386518330933885,7813.2065234375,6861.2161140625,1746.765866562501,446.80533684375024,16,0.0,
norauto,TabICLv2,0,clean,raw,0.0,1,2000,1000,20261001,-1,1.0428174973394757,1.0428174973394757,0.3625,,0,False,0.0,0.0,0.0,0.0,7790.681157226562,6700.400401171874,1691.268833046876,442.3168271562502,10,0.0,
norauto,TabICLv2,0,visible,raw,0.0,1,2000,1000,20261001,1985,2.7012053920673487,1.0428174973394757,0.3625,1,0,False,0.0481558401471339,0.022222740286570994,0.24559046768715104,0.4591891882444995,7753.812810546875,6699.6294546875,1822.701640937501,445.4848152812503,4,4.6,
norauto,TabICLv2,0,random,raw,0.0,1,2000,1000,20261001,278,1.9709286418574254,1.0428174973394757,0.3625,1,0,False,0.029034435966683727,0.017949317079617135,0.3507030644917237,0.4963437715066159,7762.487596679687,6712.1174828125,1896.9823040625015,426.03676095312517,3,5.1,
norauto,TabICLv2,0,clean,clip,200.0,1,2000,1000,20261001,-1,1.0428174973394757,1.0428174973394757,0.3625,,0,True,0.0,0.0,0.0,0.0,7790.681157226562,6700.400401171874,1691.268833046876,442.3168271562502,10,0.0,
norauto,TabICLv2,0,visible,clip,200.0,1,2000,1000,20261001,1985,2.7012053920673487,1.0428174973394757,0.3625,1,1,False,0.04582028074109794,0.02139617999373818,0.26732954697624095,0.47656845928739267,7754.308608398437,6700.989437109375,1839.1282417187517,443.15168992187523,4,4.7,
norauto,TabICLv2,0,random,clip,200.0,1,2000,1000,20261001,278,1.9709286418574254,1.0428174973394757,0.3625,1,0,True,0.029034435966683727,0.017949317079617135,0.3507030644917237,0.4963437715066159,7762.487596679687,6712.1174828125,1896.9823040625015,426.03676095312517,3,0.0,
norauto,GBM,0,clean,raw,0.0,1,2000,1000,20261001,-1,1.0428174973394757,1.0428174973394757,0.3625,,0,False,0.0,0.0,0.0,0.0,7782.9001586518125,6716.664668011193,1958.1607707664832,454.34676597756436,16,0.0,
norauto,GBM,0,visible,raw,0.0,1,2000,1000,20261001,1985,2.7012053920673487,1.0428174973394757,0.3625,1,0,False,0.0,0.009956853555730897,0.0035141587558992294,0.17055984420951373,7782.9001586518125,6724.769024063958,1965.9216085096664,1047.9814794397498,17,2.5,
norauto,GBM,0,random,raw,0.0,1,2000,1000,20261001,278,1.9709286418574254,1.0428174973394757,0.3625,1,0,False,0.0,0.023378806412475278,0.006269680002010875,-0.03605025856567725,7782.9001586518125,6693.7358801497385,1817.2801573683942,694.9926717604241,13,2.9,
norauto,GBM,0,clean,clip,200.0,1,2000,1000,20261001,-1,1.0428174973394757,1.0428174973394757,0.3625,,0,True,0.0,0.0,0.0,0.0,7782.9001586518125,6716.664668011193,1958.1607707664832,454.34676597756436,16,0.0,
norauto,GBM,0,visible,clip,200.0,1,2000,1000,20261001,1985,2.7012053920673487,1.0428174973394757,0.3625,1,1,False,0.0,0.009956853555730897,0.0035141587558992294,0.17055984420951373,7782.9001586518125,6724.769024063958,1965.9216085096664,1011.2318774858174,17,2.4,
norauto,GBM,0,random,clip,200.0,1,2000,1000,20261001,278,1.9709286418574254,1.0428174973394757,0.3625,1,0,True,0.0,0.023378806412475278,0.006269680002010875,-0.03605025856567725,7782.9001586518125,6693.7358801497385,1817.2801573683942,694.9926717604241,13,0.0,
norauto,TabPFN-V3,1,clean,raw,0.0,1,2000,1000,20261001,-1,1.0207029563431667,1.0207029563431667,0.3865,,0,False,0.0,0.0,0.0,0.0,9242.548072753907,8687.444791015625,2661.8363078125008,864.6337736250001,26,0.0,
norauto,TabPFN-V3,1,visible,raw,0.0,1,2000,1000,20261001,226,4.061908614763751,1.0207029563431667,0.3865,1,0,False,0.0018437799460783737,-0.02544884195806568,-0.055077466879068955,0.10597914410320408,9241.528678222656,8763.214524609375,2773.6883714843757,811.2705866250001,31,8.7,
norauto,TabPFN-V3,1,random,raw,0.0,1,2000,1000,20261001,205,1.8013303187062042,1.0207029563431667,0.3865,1,0,False,0.0025378615271238222,-0.019601889869007495,0.04545776627986281,0.37940691569861035,9240.495251464843,8741.505331640623,2587.5234378906257,722.1965846093753,22,8.9,
norauto,TabPFN-V3,1,clean,clip,200.0,1,2000,1000,20261001,-1,1.0207029563431667,1.0207029563431667,0.3865,,0,True,0.0,0.0,0.0,0.0,9242.548072753907,8687.444791015625,2661.8363078125008,864.6337736250001,26,0.0,
norauto,TabPFN-V3,1,visible,clip,200.0,1,2000,1000,20261001,226,4.061908614763751,1.0207029563431667,0.3865,1,1,False,-0.0011959497683350535,-0.006578519435976819,0.0021355281103887158,0.30316405784107653,9245.913684082032,8705.380028515625,2653.604747031251,740.74884521875,26,8.7,
norauto,TabPFN-V3,1,random,clip,200.0,1,2000,1000,20261001,205,1.8013303187062042,1.0207029563431667,0.3865,1,0,True,0.0025378615271238222,-0.019601889869007495,0.04545776627986281,0.37940691569861035,9240.495251464843,8741.505331640623,2587.5234378906257,722.1965846093753,22,0.0,
norauto,TabICLv2,1,clean,raw,0.0,1,2000,1000,20261001,-1,1.0207029563431667,1.0207029563431667,0.3865,,0,False,0.0,0.0,0.0,0.0,9220.160752929687,8395.440404687499,2528.9650579687504,1004.2641747968753,19,0.0,
norauto,TabICLv2,1,visible,raw,0.0,1,2000,1000,20261001,226,4.061908614763751,1.0207029563431667,0.3865,1,0,False,0.03393027619700075,0.052960248553364175,0.06854355595163206,0.24432211007368176,9204.703146484375,8314.083129687499,2485.393612109376,870.8285580625002,19,4.6,
norauto,TabICLv2,1,random,raw,0.0,1,2000,1000,20261001,205,1.8013303187062042,1.0207029563431667,0.3865,1,0,False,0.014056499072695279,0.018205175064681816,0.33794873163480843,0.4684386800067856,9209.032659667968,8359.624000781248,2403.3220239062516,787.0837167187503,9,5.0,
norauto,TabICLv2,1,clean,clip,200.0,1,2000,1000,20261001,-1,1.0207029563431667,1.0207029563431667,0.3865,,0,True,0.0,0.0,0.0,0.0,9220.160752929687,8395.440404687499,2528.9650579687504,1004.2641747968753,19,0.0,
norauto,TabICLv2,1,visible,clip,200.0,1,2000,1000,20261001,226,4.061908614763751,1.0207029563431667,0.3865,1,1,False,0.03643123275426216,0.029901880206058357,0.2685181728324959,0.4740573456512774,9196.316709472656,8342.55759375,2399.5652137500015,791.6338098750002,10,5.1,
norauto,TabICLv2,1,random,clip,200.0,1,2000,1000,20261001,205,1.8013303187062042,1.0207029563431667,0.3865,1,0,True,0.014056499072695279,0.018205175064681816,0.33794873163480843,0.4684386800067856,9209.032659667968,8359.624000781248,2403.3220239062516,787.0837167187503,9,0.0,
norauto,GBM,1,clean,raw,0.0,1,2000,1000,20261001,-1,1.0207029563431667,1.0207029563431667,0.3865,,0,False,0.0,0.0,0.0,0.0,9244.762903564639,8645.815122765933,2642.842872117501,791.2143620058097,25,0.0,
norauto,GBM,1,visible,raw,0.0,1,2000,1000,20261001,226,4.061908614763751,1.0207029563431667,0.3865,1,0,False,0.0,-0.001275037111435386,0.025518662223732756,-0.003248814919620082,9244.762903564639,8696.982512336053,2561.8891855799206,879.5884603630724,21,2.8,
norauto,GBM,1,random,raw,0.0,1,2000,1000,20261001,205,1.8013303187062042,1.0207029563431667,0.3865,1,0,False,0.0,-0.0008131160193649674,0.016704410421601007,-0.1335001849467026,9244.762903564639,8703.918779074658,2799.7260994386684,1502.3361713267082,28,3.1,
norauto,GBM,1,clean,clip,200.0,1,2000,1000,20261001,-1,1.0207029563431667,1.0207029563431667,0.3865,,0,True,0.0,0.0,0.0,0.0,9244.762903564639,8645.815122765933,2642.842872117501,791.2143620058097,25,0.0,
norauto,GBM,1,visible,clip,200.0,1,2000,1000,20261001,226,4.061908614763751,1.0207029563431667,0.3865,1,1,False,0.0,-0.001275037111435386,0.025518662223732756,-0.003248814919620082,9244.762903564639,8696.982512336053,2555.0266672033454,872.2205010534257,21,3.9,
norauto,GBM,1,random,clip,200.0,1,2000,1000,20261001,205,1.8013303187062042,1.0207029563431667,0.3865,1,0,True,0.0,-0.0008131160193649674,0.016704410421601007,-0.1335001849467026,9244.762903564639,8703.918779074658,2799.7260994386684,1502.3361713267082,28,0.0,
norauto,TabPFN-V3,2,clean,raw,0.0,1,2000,1000,20261001,-1,1.1536710503810867,1.1536710503810867,0.313,,0,False,0.0,0.0,0.0,0.0,7406.642423339844,6547.109983203124,2131.245713828126,804.6671216875001,11,0.0,
norauto,TabPFN-V3,2,visible,raw,0.0,1,2000,1000,20261001,692,2.0720302359361362,1.1536710503810867,0.313,1,0,False,0.004079528141619593,-0.009193345023032448,-0.026018620214584984,0.3535637118476601,7404.39766796875,6549.446930078125,2132.435950703126,742.2203107812502,11,8.8,
norauto,TabPFN-V3,2,random,raw,0.0,1,2000,1000,20261001,432,4.408998332796985,1.1536710503810867,0.313,1,0,False,-0.02392670429809931,-0.03836301930872283,-0.06566419838835977,0.06231017930501669,7422.100021484375,6574.037021875,2148.1115186718757,807.5754888125001,13,8.7,
norauto,TabPFN-V3,2,clean,clip,200.0,1,2000,1000,20261001,-1,1.1536710503810867,1.1536710503810867,0.313,,0,True,0.0,0.0,0.0,0.0,7406.642423339844,6547.109983203124,2131.245713828126,804.6671216875001,11,0.0,
norauto,TabPFN-V3,2,visible,clip,200.0,1,2000,1000,20261001,692,2.0720302359361362,1.1536710503810867,0.313,1,0,True,0.004079528141619593,-0.009193345023032448,-0.026018620214584984,0.3535637118476601,7404.39766796875,6549.446930078125,2132.435950703126,742.2203107812502,11,0.0,
norauto,TabPFN-V3,2,random,clip,200.0,1,2000,1000,20261001,432,4.408998332796985,1.1536710503810867,0.313,1,1,False,-0.008846114771681773,-0.004497979368960483,-0.03870088098334637,0.3128710946536333,7410.913195800781,6543.05984609375,2138.420417031251,746.9317647812503,12,8.7,
norauto,TabICLv2,2,clean,raw,0.0,1,2000,1000,20261001,-1,1.1536710503810867,1.1536710503810867,0.313,,0,False,0.0,0.0,0.0,0.0,7415.459012695313,6619.122711718749,2247.1532092187513,873.0111642656252,5,0.0,
norauto,TabICLv2,2,visible,raw,0.0,1,2000,1000,20261001,692,2.0720302359361362,1.1536710503810867,0.313,1,0,False,0.06799692269115622,0.004400892443546706,0.17768909291104462,0.36974523990861674,7391.056383789062,6649.75621484375,2482.1382923437513,788.6903081093752,4,5.5,
norauto,TabICLv2,2,random,raw,0.0,1,2000,1000,20261001,432,4.408998332796985,1.1536710503810867,0.313,1,0,False,0.06519948087323821,0.022692466424638867,-0.10974779162042969,0.055309981547377755,7401.790211914063,6678.500005468751,2316.0321983593763,854.0588225468754,9,4.6,
norauto,TabICLv2,2,clean,clip,200.0,1,2000,1000,20261001,-1,1.1536710503810867,1.1536710503810867,0.313,,0,True,0.0,0.0,0.0,0.0,7415.459012695313,6619.122711718749,2247.1532092187513,873.0111642656252,5,0.0,
norauto,TabICLv2,2,visible,clip,200.0,1,2000,1000,20261001,692,2.0720302359361362,1.1536710503810867,0.313,1,0,True,0.06799692269115622,0.004400892443546706,0.17768909291104462,0.36974523990861674,7391.056383789062,6649.75621484375,2482.1382923437513,788.6903081093752,4,0.0,
norauto,TabICLv2,2,random,clip,200.0,1,2000,1000,20261001,432,4.408998332796985,1.1536710503810867,0.313,1,1,False,0.07090483114086416,0.0074883049006373706,0.1681230742405125,0.3823997998677269,7392.873090332031,6663.968408984375,2508.2894604687513,796.0233225625002,3,5.4,
norauto,GBM,2,clean,raw,0.0,1,2000,1000,20261001,-1,1.1536710503810867,1.1536710503810867,0.313,,0,False,0.0,0.0,0.0,0.0,7413.704687891676,6703.092082147423,2139.5183092177035,894.7567809740066,12,0.0,
norauto,GBM,2,visible,raw,0.0,1,2000,1000,20261001,692,2.0720302359361362,1.1536710503810867,0.313,1,0,False,0.0,0.011393605905020306,-0.058623385282158734,0.05204386310659444,7413.704687891676,6705.6618548589695,2011.1948130036662,1379.599854012235,13,3.2,
norauto,GBM,2,random,raw,0.0,1,2000,1000,20261001,432,4.408998332796985,1.1536710503810867,0.313,1,0,False,0.0,1.8560159486452058e-07,0.0014299357422008147,0.05204386289669002,7413.704687891676,6703.093715098052,2114.674107799041,2129.991859391289,11,2.5,
norauto,GBM,2,clean,clip,200.0,1,2000,1000,20261001,-1,1.1536710503810867,1.1536710503810867,0.313,,0,True,0.0,0.0,0.0,0.0,7413.704687891676,6703.092082147423,2139.5183092177035,894.7567809740066,12,0.0,
norauto,GBM,2,visible,clip,200.0,1,2000,1000,20261001,692,2.0720302359361362,1.1536710503810867,0.313,1,0,True,0.0,0.011393605905020306,-0.058623385282158734,0.05204386310659444,7413.704687891676,6705.6618548589695,2011.1948130036662,1379.599854012235,13,0.0,
norauto,GBM,2,random,clip,200.0,1,2000,1000,20261001,432,4.408998332796985,1.1536710503810867,0.313,1,1,False,0.0,1.8560159486452058e-07,0.0014299357422008147,0.05204386289909536,7413.704687891676,6703.093715098052,2114.674107799041,1459.9291091306002,11,3.0,
norauto,TabPFN-V3,3,clean,raw,0.0,1,2000,1000,20261001,-1,1.0199170707961236,1.0199170707961236,0.387,,0,False,0.0,0.0,0.0,0.0,7754.111423828125,6782.268674609374,2186.3219463281257,704.3118019375003,19,0.0,
norauto,TabPFN-V3,3,visible,raw,0.0,1,2000,1000,20261001,414,2.516876678041714,1.0199170707961236,0.387,1,0,False,-0.00781532279223129,-0.009913581801754057,-0.01906281731783311,0.23917972406879745,7755.913318847656,6779.223360546875,2207.591232343751,558.0731169687501,19,4.8,
norauto,TabPFN-V3,3,random,raw,0.0,1,2000,1000,20261001,1550,1.811554457303208,1.0199170707961236,0.387,1,0,False,-0.006228796384639551,-0.025418088069008794,0.02338803158811268,0.29647022700269227,7754.215056640625,6799.816011328126,2158.8400225781256,540.8737278750002,18,4.8,
norauto,TabPFN-V3,3,clean,clip,200.0,1,2000,1000,20261001,-1,1.0199170707961236,1.0199170707961236,0.387,,0,True,0.0,0.0,0.0,0.0,7754.111423828125,6782.268674609374,2186.3219463281257,704.3118019375003,19,0.0,
norauto,TabPFN-V3,3,visible,clip,200.0,1,2000,1000,20261001,414,2.516876678041714,1.0199170707961236,0.387,1,0,True,-0.00781532279223129,-0.009913581801754057,-0.01906281731783311,0.23917972406879745,7755.913318847656,6779.223360546875,2207.591232343751,558.0731169687501,19,0.0,
norauto,TabPFN-V3,3,random,clip,200.0,1,2000,1000,20261001,1550,1.811554457303208,1.0199170707961236,0.387,1,0,True,-0.006228796384639551,-0.025418088069008794,0.02338803158811268,0.29647022700269227,7754.215056640625,6799.816011328126,2158.8400225781256,540.8737278750002,18,0.0,
norauto,TabICLv2,3,clean,raw,0.0,1,2000,1000,20261001,-1,1.0199170707961236,1.0199170707961236,0.387,,0,False,0.0,0.0,0.0,0.0,7755.857967773438,6794.388166796874,2125.9645035937506,809.7415825937502,15,0.0,
norauto,TabICLv2,3,visible,raw,0.0,1,2000,1000,20261001,414,2.516876678041714,1.0199170707961236,0.387,1,0,False,0.01655226027819,0.0011055042317408208,0.1648031569816851,0.3289097197839842,7776.722569335938,6804.854764843749,2096.337820156251,636.7908753750003,9,2.9,
norauto,TabICLv2,3,random,raw,0.0,1,2000,1000,20261001,1550,1.811554457303208,1.0199170707961236,0.387,1,0,False,0.005097478840885475,0.006221497513111405,0.27687968050177636,0.414062580709096,7764.006148925781,6806.0083546874985,2096.330349218751,591.9699853437503,9,2.9,
norauto,TabICLv2,3,clean,clip,200.0,1,2000,1000,20261001,-1,1.0199170707961236,1.0199170707961236,0.387,,0,True,0.0,0.0,0.0,0.0,7755.857967773438,6794.388166796874,2125.9645035937506,809.7415825937502,15,0.0,
norauto,TabICLv2,3,visible,clip,200.0,1,2000,1000,20261001,414,2.516876678041714,1.0199170707961236,0.387,1,0,True,0.01655226027819,0.0011055042317408208,0.1648031569816851,0.3289097197839842,7776.722569335938,6804.854764843749,2096.337820156251,636.7908753750003,9,0.0,
norauto,TabICLv2,3,random,clip,200.0,1,2000,1000,20261001,1550,1.811554457303208,1.0199170707961236,0.387,1,0,True,0.005097478840885475,0.006221497513111405,0.27687968050177636,0.414062580709096,7764.006148925781,6806.0083546874985,2096.330349218751,591.9699853437503,9,0.0,
norauto,GBM,3,clean,raw,0.0,1,2000,1000,20261001,-1,1.0199170707961236,1.0199170707961236,0.387,,0,False,0.0,0.0,0.0,0.0,7772.15705221528,6789.5540160136,2223.334566551753,870.2444580877009,16,0.0,
norauto,GBM,3,visible,raw,0.0,1,2000,1000,20261001,414,2.516876678041714,1.0199170707961236,0.387,1,0,False,0.0,-0.008870855886978219,0.003153924100749897,-0.008197251203559509,7772.15705221528,6770.797426312993,2220.5965999812893,954.85701163328,17,1.8,
norauto,GBM,3,random,raw,0.0,1,2000,1000,20261001,1550,1.811554457303208,1.0199170707961236,0.387,1,0,False,0.004188427915837043,-0.0019705461857487294,0.0048605003203709566,0.10317019345313581,7771.578165875913,6775.214959085487,2284.2388802044075,796.5451588747827,15,1.7,
norauto,GBM,3,clean,clip,200.0,1,2000,1000,20261001,-1,1.0199170707961236,1.0199170707961236,0.387,,0,True,0.0,0.0,0.0,0.0,7772.15705221528,6789.5540160136,2223.334566551753,870.2444580877009,16,0.0,
norauto,GBM,3,visible,clip,200.0,1,2000,1000,20261001,414,2.516876678041714,1.0199170707961236,0.387,1,0,True,0.0,-0.008870855886978219,0.003153924100749897,-0.008197251203559509,7772.15705221528,6770.797426312993,2220.5965999812893,954.85701163328,17,0.0,
norauto,GBM,3,random,clip,200.0,1,2000,1000,20261001,1550,1.811554457303208,1.0199170707961236,0.387,1,0,True,0.004188427915837043,-0.0019705461857487294,0.0048605003203709566,0.10317019345313581,7771.578165875913,6775.214959085487,2284.2388802044075,796.5451588747827,15,0.0,
norauto,TabPFN-V3,4,clean,raw,0.0,1,2000,1000,20261001,-1,1.1590638112925475,1.1590638112925475,0.329,,0,False,0.0,0.0,0.0,0.0,7368.686354980468,6578.350751171874,1846.764384062501,353.4106523750001,18,0.0,
norauto,TabPFN-V3,4,visible,raw,0.0,1,2000,1000,20261001,523,3.7087128511955827,1.1590638112925475,0.329,1,0,False,0.0062777718097992785,-0.006414870191966387,-0.0710491158396203,0.10600247087964437,7369.480931640625,6582.409924609375,1930.7887645312508,283.8696735625002,24,4.8,
norauto,TabPFN-V3,4,random,raw,0.0,1,2000,1000,20261001,1836,1.375808566121771,1.1590638112925475,0.329,1,0,False,-0.0003719743017064321,-0.013804150376073432,-0.007878364020766773,0.2330869519572766,7367.7413046875,6586.286453906249,1851.254559453126,305.77434967187526,19,4.9,
norauto,TabPFN-V3,4,clean,clip,200.0,1,2000,1000,20261001,-1,1.1590638112925475,1.1590638112925475,0.329,,0,True,0.0,0.0,0.0,0.0,7368.686354980468,6578.350751171874,1846.764384062501,353.4106523750001,18,0.0,
norauto,TabPFN-V3,4,visible,clip,200.0,1,2000,1000,20261001,523,3.7087128511955827,1.1590638112925475,0.329,1,1,False,-0.0010504069211222785,0.008379668504313355,-0.04940674616221612,0.2760721968521327,7368.33982421875,6575.981459765624,1889.6843141406257,280.3428866093752,22,4.8,
norauto,TabPFN-V3,4,random,clip,200.0,1,2000,1000,20261001,1836,1.375808566121771,1.1590638112925475,0.329,1,0,True,-0.0003719743017064321,-0.013804150376073432,-0.007878364020766773,0.2330869519572766,7367.7413046875,6586.286453906249,1851.254559453126,305.77434967187526,19,0.0,
norauto,TabICLv2,4,clean,raw,0.0,1,2000,1000,20261001,-1,1.1590638112925475,1.1590638112925475,0.329,,0,False,0.0,0.0,0.0,0.0,7365.068899414063,6581.770233203124,1788.8921989062512,392.8305587031252,8,0.0,
norauto,TabICLv2,4,visible,raw,0.0,1,2000,1000,20261001,523,3.7087128511955827,1.1590638112925475,0.329,1,0,False,0.061278268521181775,-0.012002486674698859,-0.10557396475362982,0.060784447107149475,7377.678561523438,6603.983484765625,1890.832216640626,323.9087381406252,11,2.9,
norauto,TabICLv2,4,random,raw,0.0,1,2000,1000,20261001,1836,1.375808566121771,1.1590638112925475,0.329,1,0,False,0.04156570087509054,-0.013416490739244138,0.21492199596652115,0.3182078285644848,7368.48786328125,6602.938509374999,1940.1272967187515,334.25687895312524,5,2.9,
norauto,TabICLv2,4,clean,clip,200.0,1,2000,1000,20261001,-1,1.1590638112925475,1.1590638112925475,0.329,,0,True,0.0,0.0,0.0,0.0,7365.068899414063,6581.770233203124,1788.8921989062512,392.8305587031252,8,0.0,
norauto,TabICLv2,4,visible,clip,200.0,1,2000,1000,20261001,523,3.7087128511955827,1.1590638112925475,0.329,1,1,False,0.06757619125279987,-0.02080811075037438,0.05743700009458989,0.2511324685571481,7369.305821289063,6601.058483593749,1982.0359242187512,331.4168427187502,8,2.8,
norauto,TabICLv2,4,random,clip,200.0,1,2000,1000,20261001,1836,1.375808566121771,1.1590638112925475,0.329,1,0,True,0.04156570087509054,-0.013416490739244138,0.21492199596652115,0.3182078285644848,7368.48786328125,6602.938509374999,1940.1272967187515,334.25687895312524,5,0.0,
norauto,GBM,4,clean,raw,0.0,1,2000,1000,20261001,-1,1.1590638112925475,1.1590638112925475,0.329,,0,False,0.0,0.0,0.0,0.0,7423.38183054308,6614.166619770302,2044.2603910939388,597.3550493096111,22,0.0,
norauto,GBM,4,visible,raw,0.0,1,2000,1000,20261001,523,3.7087128511955827,1.1590638112925475,0.329,1,0,False,0.0,0.006586272571511634,-0.0036579684520763526,-0.024809194794375482,7423.38183054308,6617.972619599584,2407.298095404824,574.9207981991176,22,1.8,
norauto,GBM,4,random,raw,0.0,1,2000,1000,20261001,1836,1.375808566121771,1.1590638112925475,0.329,1,0,False,-0.0016183679518451887,0.002804085539245801,-0.010685284097205764,0.5354153001505985,7421.156455886267,6624.597788832129,2097.073419123332,387.2576973877595,23,1.8,
norauto,GBM,4,clean,clip,200.0,1,2000,1000,20261001,-1,1.1590638112925475,1.1590638112925475,0.329,,0,True,0.0,0.0,0.0,0.0,7423.38183054308,6614.166619770302,2044.2603910939388,597.3550493096111,22,0.0,
norauto,GBM,4,visible,clip,200.0,1,2000,1000,20261001,523,3.7087128511955827,1.1590638112925475,0.329,1,1,False,0.0,0.006586272571511634,-0.004176012924111165,6.502461227218142e-05,7423.38183054308,6617.972619599584,2254.002988727519,593.8568783972452,22,1.9,
norauto,GBM,4,random,clip,200.0,1,2000,1000,20261001,1836,1.375808566121771,1.1590638112925475,0.329,1,0,True,-0.0016183679518451887,0.002804085539245801,-0.010685284097205764,0.5354153001505985,7421.156455886267,6624.597788832129,2097.073419123332,387.2576973877595,23,0.0,
norauto,TabPFN-V3,5,clean,raw,0.0,1,2000,1000,20261001,-1,1.0459160405824082,1.0459160405824082,0.385,,0,False,0.0,0.0,0.0,0.0,7166.2648984375,6082.678960546875,1626.689311328126,312.7517167187502,15,0.0,
norauto,TabPFN-V3,5,visible,raw,0.0,1,2000,1000,20261001,106,6.726179727497275,1.0459160405824082,0.385,1,0,False,-0.036949739453896416,-0.04593760647207383,-0.08679352011189732,0.1190647474977993,7192.990062011719,6124.355042578124,1687.8508034375006,276.2329964218752,17,4.9,
norauto,TabPFN-V3,5,random,raw,0.0,1,2000,1000,20261001,1349,1.5274950837271988,1.0459160405824082,0.385,1,0,False,-0.006778137705934332,-0.02137773579867467,0.02609309567923234,0.2922381340668938,7174.603643554688,6095.802830078125,1609.704427265626,237.1030067343752,15,4.8,
norauto,TabPFN-V3,5,clean,clip,200.0,1,2000,1000,20261001,-1,1.0459160405824082,1.0459160405824082,0.385,,0,True,0.0,0.0,0.0,0.0,7166.2648984375,6082.678960546875,1626.689311328126,312.7517167187502,15,0.0,
norauto,TabPFN-V3,5,visible,clip,200.0,1,2000,1000,20261001,106,6.726179727497275,1.0459160405824082,0.385,1,1,False,-0.009545696376544366,-0.005624383507559585,-0.04078402183230555,0.26630686968769934,7176.297416503906,6089.227265624999,1636.9667262500009,239.45079125000018,15,4.8,
norauto,TabPFN-V3,5,random,clip,200.0,1,2000,1000,20261001,1349,1.5274950837271988,1.0459160405824082,0.385,1,0,True,-0.006778137705934332,-0.02137773579867467,0.02609309567923234,0.2922381340668938,7174.603643554688,6095.802830078125,1609.704427265626,237.1030067343752,15,0.0,
norauto,TabICLv2,5,clean,raw,0.0,1,2000,1000,20261001,-1,1.0459160405824082,1.0459160405824082,0.385,,0,False,0.0,0.0,0.0,0.0,7158.048665039062,6075.467133984374,1587.844354453126,374.04519953125015,11,0.0,
norauto,TabICLv2,5,visible,raw,0.0,1,2000,1000,20261001,106,6.726179727497275,1.0459160405824082,0.385,1,0,False,0.0324229707342599,0.03248777121262402,-0.08263519311865768,0.08300873288415074,7162.454700683594,6099.250688671874,1684.3473996093758,321.32350000000014,15,2.8,
norauto,TabICLv2,5,random,raw,0.0,1,2000,1000,20261001,1349,1.5274950837271988,1.0459160405824082,0.385,1,0,False,0.024058817002746,0.004212676704246521,0.21015195569100437,0.3004984657610661,7153.074667480469,6069.25465,1736.9711778125013,292.3586654687502,4,2.9,
norauto,TabICLv2,5,clean,clip,200.0,1,2000,1000,20261001,-1,1.0459160405824082,1.0459160405824082,0.385,,0,True,0.0,0.0,0.0,0.0,7158.048665039062,6075.467133984374,1587.844354453126,374.04519953125015,11,0.0,
norauto,TabICLv2,5,visible,clip,200.0,1,2000,1000,20261001,106,6.726179727497275,1.0459160405824082,0.385,1,1,False,0.052140615835968726,0.01607900245020411,0.19261720951305772,0.39092557547193857,7146.960307617188,6095.3778464843745,1747.7526947656263,280.1449790468753,4,2.9,
norauto,TabICLv2,5,random,clip,200.0,1,2000,1000,20261001,1349,1.5274950837271988,1.0459160405824082,0.385,1,0,True,0.024058817002746,0.004212676704246521,0.21015195569100437,0.3004984657610661,7153.074667480469,6069.25465,1736.9711778125013,292.3586654687502,4,0.0,
norauto,GBM,5,clean,raw,0.0,1,2000,1000,20261001,-1,1.0459160405824082,1.0459160405824082,0.385,,0,False,0.0,0.0,0.0,0.0,7226.849406377155,6036.768353478007,1715.850087395977,440.59650291342183,22,0.0,
norauto,GBM,5,visible,raw,0.0,1,2000,1000,20261001,106,6.726179727497275,1.0459160405824082,0.385,1,0,False,0.0,0.0,-0.009201962652363874,1.209714833467043e-10,7226.849406377155,6036.768353478007,2589.8435559303484,434.2198234532253,18,1.6,
norauto,GBM,5,random,raw,0.0,1,2000,1000,20261001,1349,1.5274950837271988,1.0459160405824082,0.385,1,0,False,0.000753268978516846,-0.005652474738115564,-0.0024684454415301676,1.209714833467043e-10,7220.535147917283,6037.234414538377,1705.3092244124043,373.8908298792175,21,1.8,
norauto,GBM,5,clean,clip,200.0,1,2000,1000,20261001,-1,1.0459160405824082,1.0459160405824082,0.385,,0,True,0.0,0.0,0.0,0.0,7226.849406377155,6036.768353478007,1715.850087395977,440.59650291342183,22,0.0,
norauto,GBM,5,visible,clip,200.0,1,2000,1000,20261001,106,6.726179727497275,1.0459160405824082,0.385,1,1,False,0.0,0.0,-0.009201962652363874,1.209714833467043e-10,7226.849406377155,6036.768353478007,1974.164461326119,389.17015102120325,18,1.6,
norauto,GBM,5,random,clip,200.0,1,2000,1000,20261001,1349,1.5274950837271988,1.0459160405824082,0.385,1,0,True,0.000753268978516846,-0.005652474738115564,-0.0024684454415301676,1.209714833467043e-10,7220.535147917283,6037.234414538377,1705.3092244124043,373.8908298792175,21,0.0,
norauto,TabPFN-V3,6,clean,raw,0.0,1,2000,1000,20261001,-1,1.1500113994460857,1.1500113994460857,0.3075,,0,False,0.0,0.0,0.0,0.0,7160.595219238281,5806.1709382812505,1502.8751405468759,361.42999181250025,12,0.0,
norauto,TabPFN-V3,6,visible,raw,0.0,1,2000,1000,20261001,1362,3.097842739148244,1.1500113994460857,0.3075,1,0,False,-0.01123139507046556,-0.022884136860717524,-0.05257153259652597,0.37296188952956644,7169.235479003906,5825.290863671875,1516.5954836718756,321.8254964062503,16,5.1,
norauto,TabPFN-V3,6,random,raw,0.0,1,2000,1000,20261001,1102,1.3239374791994767,1.1500113994460857,0.3075,1,0,False,-0.0013698650906816205,-0.017360700817159243,0.010972376206605376,0.32272455001219735,7160.250240234375,5817.251258984375,1510.2241251562507,379.0158782500003,12,4.7,
norauto,TabPFN-V3,6,clean,clip,200.0,1,2000,1000,20261001,-1,1.1500113994460857,1.1500113994460857,0.3075,,0,True,0.0,0.0,0.0,0.0,7160.595219238281,5806.1709382812505,1502.8751405468759,361.42999181250025,12,0.0,
norauto,TabPFN-V3,6,visible,clip,200.0,1,2000,1000,20261001,1362,3.097842739148244,1.1500113994460857,0.3075,1,1,False,-0.012447057541451154,-0.0043066206649642665,-0.024195812404290175,0.5279548918971004,7169.432499023437,5807.724246874999,1499.6595575000008,357.25403306250035,13,4.7,
norauto,TabPFN-V3,6,random,clip,200.0,1,2000,1000,20261001,1102,1.3239374791994767,1.1500113994460857,0.3075,1,0,True,-0.0013698650906816205,-0.017360700817159243,0.010972376206605376,0.32272455001219735,7160.250240234375,5817.251258984375,1510.2241251562507,379.0158782500003,12,0.0,
norauto,TabICLv2,6,clean,raw,0.0,1,2000,1000,20261001,-1,1.1500113994460857,1.1500113994460857,0.3075,,0,False,0.0,0.0,0.0,0.0,7139.244711425781,5845.718630078124,1653.5422192187514,353.6788565312502,4,0.0,
norauto,TabICLv2,6,visible,raw,0.0,1,2000,1000,20261001,1362,3.097842739148244,1.1500113994460857,0.3075,1,0,False,0.054721353580361044,-0.011222591830490528,0.0036659268975317164,0.21565294795307513,7130.427267578125,5845.820434765625,1843.5742834375012,367.6913235625002,5,2.9,
norauto,TabICLv2,6,random,raw,0.0,1,2000,1000,20261001,1102,1.3239374791994767,1.1500113994460857,0.3075,1,0,False,0.029241859352336103,-0.010852845258589284,0.1123633583211647,0.19289350470838942,7124.681398925782,5838.566296484374,1794.0809189062513,362.1819444375002,3,2.9,
norauto,TabICLv2,6,clean,clip,200.0,1,2000,1000,20261001,-1,1.1500113994460857,1.1500113994460857,0.3075,,0,True,0.0,0.0,0.0,0.0,7139.244711425781,5845.718630078124,1653.5422192187514,353.6788565312502,4,0.0,
norauto,TabICLv2,6,visible,clip,200.0,1,2000,1000,20261001,1362,3.097842739148244,1.1500113994460857,0.3075,1,1,False,0.05449840792472761,-0.009866306148084656,0.1661458282970561,0.3831114231842472,7122.806369140625,5846.290369140625,1988.1202575000018,386.78768434375024,3,2.8,
norauto,TabICLv2,6,random,clip,200.0,1,2000,1000,20261001,1102,1.3239374791994767,1.1500113994460857,0.3075,1,0,True,0.029241859352336103,-0.010852845258589284,0.1123633583211647,0.19289350470838942,7124.681398925782,5838.566296484374,1794.0809189062513,362.1819444375002,3,0.0,
norauto,GBM,6,clean,raw,0.0,1,2000,1000,20261001,-1,1.1500113994460857,1.1500113994460857,0.3075,,0,False,0.0,0.0,0.0,0.0,7146.740482708281,5776.88960910685,1714.867306033044,271.33615132008805,16,0.0,
norauto,GBM,6,visible,raw,0.0,1,2000,1000,20261001,1362,3.097842739148244,1.1500113994460857,0.3075,1,0,False,0.0,0.005196351642483687,0.03165928727896294,0.4309109232548738,7146.740482708281,5766.53084804925,1630.9938971552963,386.1134334060162,12,1.7,
norauto,GBM,6,random,raw,0.0,1,2000,1000,20261001,1102,1.3239374791994767,1.1500113994460857,0.3075,1,0,False,-0.003947131630997503,-0.0011642242012040419,0.027736274828284578,0.5970566167215254,7215.686824635427,5776.267124439089,1596.1621521716615,420.9480467757266,13,1.6,
norauto,GBM,6,clean,clip,200.0,1,2000,1000,20261001,-1,1.1500113994460857,1.1500113994460857,0.3075,,0,True,0.0,0.0,0.0,0.0,7146.740482708281,5776.88960910685,1714.867306033044,271.33615132008805,16,0.0,
norauto,GBM,6,visible,clip,200.0,1,2000,1000,20261001,1362,3.097842739148244,1.1500113994460857,0.3075,1,1,False,0.0,0.005196351642483687,0.03165928727896294,0.4309109232548738,7146.740482708281,5766.53084804925,1611.1016914601144,340.3613603070987,12,1.7,
norauto,GBM,6,random,clip,200.0,1,2000,1000,20261001,1102,1.3239374791994767,1.1500113994460857,0.3075,1,0,True,-0.003947131630997503,-0.0011642242012040419,0.027736274828284578,0.5970566167215254,7215.686824635427,5776.267124439089,1596.1621521716615,420.9480467757266,13,0.0,
norauto,TabPFN-V3,7,clean,raw,0.0,1,2000,1000,20261001,-1,1.0189108610025752,1.0189108610025752,0.3685,,0,False,0.0,0.0,0.0,0.0,7462.569709960938,6498.9367578125,1933.893404218751,673.3077090000002,10,0.0,
norauto,TabPFN-V3,7,visible,raw,0.0,1,2000,1000,20261001,856,4.123537820665045,1.0189108610025752,0.3685,1,0,False,-0.008953663383505483,-0.016058864747138912,-0.06423910001305909,0.06246889511925789,7463.213947265625,6512.021399218749,1943.1050742187504,624.9429856250002,13,4.8,
norauto,TabPFN-V3,7,random,raw,0.0,1,2000,1000,20261001,1179,1.5660412184837083,1.0189108610025752,0.3685,1,0,False,-0.006111292812435628,-0.02192709970146927,0.044040801751818986,0.28082846811634266,7463.5174609375,6515.86269453125,1935.5675411718757,539.1549950781251,10,4.8,
norauto,TabPFN-V3,7,clean,clip,200.0,1,2000,1000,20261001,-1,1.0189108610025752,1.0189108610025752,0.3685,,0,True,0.0,0.0,0.0,0.0,7462.569709960938,6498.9367578125,1933.893404218751,673.3077090000002,10,0.0,
norauto,TabPFN-V3,7,visible,clip,200.0,1,2000,1000,20261001,856,4.123537820665045,1.0189108610025752,0.3685,1,1,False,-0.013681488653394795,0.006911832374837711,-0.027692748489958702,0.2103122942184395,7465.007364257813,6487.598410546874,1931.419582578126,563.4220232343752,12,4.8,
norauto,TabPFN-V3,7,random,clip,200.0,1,2000,1000,20261001,1179,1.5660412184837083,1.0189108610025752,0.3685,1,0,True,-0.006111292812435628,-0.02192709970146927,0.044040801751818986,0.28082846811634266,7463.5174609375,6515.86269453125,1935.5675411718757,539.1549950781251,10,0.0,
norauto,TabICLv2,7,clean,raw,0.0,1,2000,1000,20261001,-1,1.0189108610025752,1.0189108610025752,0.3685,,0,False,0.0,0.0,0.0,0.0,7459.053010253906,6496.357511328125,1934.366335937501,779.8592262031252,10,0.0,
norauto,TabICLv2,7,visible,raw,0.0,1,2000,1000,20261001,856,4.123537820665045,1.0189108610025752,0.3685,1,0,False,0.006483442076369406,0.05598721714903824,0.048393086883455685,0.19815572438996495,7463.046822753906,6563.880471875,1943.4222585937512,637.1754462500002,7,2.8,
norauto,TabICLv2,7,random,raw,0.0,1,2000,1000,20261001,1179,1.5660412184837083,1.0189108610025752,0.3685,1,0,False,-0.024758518067345997,0.02665649309444276,0.3402921318929385,0.42699950130977027,7455.706649414063,6502.715801953125,2096.0947831250014,520.0314148437503,4,2.8,
norauto,TabICLv2,7,clean,clip,200.0,1,2000,1000,20261001,-1,1.0189108610025752,1.0189108610025752,0.3685,,0,True,0.0,0.0,0.0,0.0,7459.053010253906,6496.357511328125,1934.366335937501,779.8592262031252,10,0.0,
norauto,TabICLv2,7,visible,clip,200.0,1,2000,1000,20261001,856,4.123537820665045,1.0189108610025752,0.3685,1,1,False,0.007589188165988938,0.025249423432283126,0.2156393850611698,0.3878898906552284,7462.586224609375,6511.2202265625,2017.8124135156263,499.1334432500002,4,2.9,
norauto,TabICLv2,7,random,clip,200.0,1,2000,1000,20261001,1179,1.5660412184837083,1.0189108610025752,0.3685,1,0,True,-0.024758518067345997,0.02665649309444276,0.3402921318929385,0.42699950130977027,7455.706649414063,6502.715801953125,2096.0947831250014,520.0314148437503,4,0.0,
norauto,GBM,7,clean,raw,0.0,1,2000,1000,20261001,-1,1.0189108610025752,1.0189108610025752,0.3685,,0,False,0.0,0.0,0.0,0.0,7479.388652725341,6514.498318886526,1953.8834723808368,805.0696538342456,11,0.0,
norauto,GBM,7,visible,raw,0.0,1,2000,1000,20261001,856,4.123537820665045,1.0189108610025752,0.3685,1,0,False,0.0,-0.003745243814575722,0.0032980116241480783,0.04579771021094472,7479.388652725341,6481.97686696219,2135.511362321566,1514.1816834955753,17,1.7,
norauto,GBM,7,random,raw,0.0,1,2000,1000,20261001,1179,1.5660412184837083,1.0189108610025752,0.3685,1,0,False,0.002920915058437139,0.011686657454221133,-0.011019862705989345,4.470885769413573e-11,7477.959351346476,6575.456035410212,2098.090208235578,811.0871287851394,16,1.8,
norauto,GBM,7,clean,clip,200.0,1,2000,1000,20261001,-1,1.0189108610025752,1.0189108610025752,0.3685,,0,True,0.0,0.0,0.0,0.0,7479.388652725341,6514.498318886526,1953.8834723808368,805.0696538342456,11,0.0,
norauto,GBM,7,visible,clip,200.0,1,2000,1000,20261001,856,4.123537820665045,1.0189108610025752,0.3685,1,1,False,0.0,-0.003745243814575722,0.0032980116241480783,0.03789887019042515,7479.388652725341,6481.97686696219,2128.282834839876,1162.0854886920458,17,1.8,
norauto,GBM,7,random,clip,200.0,1,2000,1000,20261001,1179,1.5660412184837083,1.0189108610025752,0.3685,1,0,True,0.002920915058437139,0.011686657454221133,-0.011019862705989345,4.470885769413573e-11,7477.959351346476,6575.456035410212,2098.090208235578,811.0871287851394,16,0.0,
norauto,TabPFN-V3,8,clean,raw,0.0,1,2000,1000,20261001,-1,1.144883031795358,1.144883031795358,0.302,,0,False,0.0,0.0,0.0,0.0,7213.8289057617185,5689.203044531249,1381.182836093751,222.7165688593752,10,0.0,
norauto,TabPFN-V3,8,visible,raw,0.0,1,2000,1000,20261001,1863,3.0857961999379424,1.144883031795358,0.302,1,0,False,-0.006703101976680325,-0.01698804518836875,-0.0589107066508899,0.09474543304972695,7218.79425390625,5705.479957421875,1391.810610078126,261.1613182656252,12,4.9,
norauto,TabPFN-V3,8,random,raw,0.0,1,2000,1000,20261001,1979,1.126195908045218,1.144883031795358,0.302,2,0,False,-0.000982729827037981,-0.003100915615673179,0.014758406288265833,0.0982907309523651,7214.786703613281,5693.210685156249,1383.617191562501,242.28497859375022,10,4.9,
norauto,TabPFN-V3,8,clean,clip,200.0,1,2000,1000,20261001,-1,1.144883031795358,1.144883031795358,0.302,,0,True,0.0,0.0,0.0,0.0,7213.8289057617185,5689.203044531249,1381.182836093751,222.7165688593752,10,0.0,
norauto,TabPFN-V3,8,visible,clip,200.0,1,2000,1000,20261001,1863,3.0857961999379424,1.144883031795358,0.302,1,1,False,-0.0057092935888983145,-0.0004980530533397137,-0.02609017809140171,0.2734326421265334,7219.928576171875,5687.247712109376,1389.237938515626,301.2135666250002,11,4.8,
norauto,TabPFN-V3,8,random,clip,200.0,1,2000,1000,20261001,1979,1.126195908045218,1.144883031795358,0.302,2,0,True,-0.000982729827037981,-0.003100915615673179,0.014758406288265833,0.0982907309523651,7214.786703613281,5693.210685156249,1383.617191562501,242.28497859375022,10,0.0,
norauto,TabICLv2,8,clean,raw,0.0,1,2000,1000,20261001,-1,1.144883031795358,1.144883031795358,0.302,,0,False,0.0,0.0,0.0,0.0,7231.494952148438,5677.419918359375,1522.252776718751,212.48522273437516,3,0.0,
norauto,TabICLv2,8,visible,raw,0.0,1,2000,1000,20261001,1863,3.0857961999379424,1.144883031795358,0.302,1,0,False,0.08490896579125834,0.03956826799969551,0.06542658547831362,0.26718400592245706,7162.533952636719,5730.959222265625,1820.1994814062514,293.56472557812526,4,3.0,
norauto,TabICLv2,8,random,raw,0.0,1,2000,1000,20261001,1979,1.126195908045218,1.144883031795358,0.302,2,0,False,0.00590269795547403,0.004044065331188189,0.0545183666730696,0.0668933899213085,7225.455494628906,5682.269829296874,1587.4077807812514,217.8426357968752,3,2.9,
norauto,TabICLv2,8,clean,clip,200.0,1,2000,1000,20261001,-1,1.144883031795358,1.144883031795358,0.302,,0,True,0.0,0.0,0.0,0.0,7231.494952148438,5677.419918359375,1522.252776718751,212.48522273437516,3,0.0,
norauto,TabICLv2,8,visible,clip,200.0,1,2000,1000,20261001,1863,3.0857961999379424,1.144883031795358,0.302,1,1,False,0.08095077061609324,0.019774763972515767,0.12596183686961943,0.30561023033459256,7165.398760253906,5702.223540624999,1798.1287850000015,288.5980351562502,3,2.8,
norauto,TabICLv2,8,random,clip,200.0,1,2000,1000,20261001,1979,1.126195908045218,1.144883031795358,0.302,2,0,True,0.00590269795547403,0.004044065331188189,0.0545183666730696,0.0668933899213085,7225.455494628906,5682.269829296874,1587.4077807812514,217.8426357968752,3,0.0,
norauto,GBM,8,clean,raw,0.0,1,2000,1000,20261001,-1,1.144883031795358,1.144883031795358,0.302,,0,False,0.0,0.0,0.0,0.0,7176.125657482295,5657.291744886405,1385.3969936318185,191.8613776511445,9,0.0,
norauto,GBM,8,visible,raw,0.0,1,2000,1000,20261001,1863,3.0857961999379424,1.144883031795358,0.302,1,0,False,0.0,-8.84761897739252e-05,0.029009103400172286,0.09428957207600891,7176.125657482295,5649.645914540807,1426.5854455195436,707.5547282373359,8,1.7,
norauto,GBM,8,random,raw,0.0,1,2000,1000,20261001,1979,1.126195908045218,1.144883031795358,0.302,2,0,False,0.0026493073204295553,-0.01842869420056695,0.02906135947741173,0.007166378336473499,7183.224409018947,5651.542561449222,1387.0252652390354,332.8724993732079,9,1.7,
norauto,GBM,8,clean,clip,200.0,1,2000,1000,20261001,-1,1.144883031795358,1.144883031795358,0.302,,0,True,0.0,0.0,0.0,0.0,7176.125657482295,5657.291744886405,1385.3969936318185,191.8613776511445,9,0.0,
norauto,GBM,8,visible,clip,200.0,1,2000,1000,20261001,1863,3.0857961999379424,1.144883031795358,0.302,1,1,False,0.0,-8.84761897739252e-05,0.029009103400172286,0.09428957207600891,7176.125657482295,5649.645914540807,1424.0995916292543,545.104176631462,8,1.7,
norauto,GBM,8,random,clip,200.0,1,2000,1000,20261001,1979,1.126195908045218,1.144883031795358,0.302,2,0,True,0.0026493073204295553,-0.01842869420056695,0.02906135947741173,0.007166378336473499,7183.224409018947,5651.542561449222,1387.0252652390354,332.8724993732079,9,0.0,
norauto,TabPFN-V3,9,clean,raw,0.0,1,2000,1000,20261001,-1,1.1580522355843623,1.1580522355843623,0.3175,,0,False,0.0,0.0,0.0,0.0,7829.071258789062,7055.98244140625,2011.9925057031257,682.5025602031253,18,0.0,
norauto,TabPFN-V3,9,visible,raw,0.0,1,2000,1000,20261001,40,7.74392374785415,1.1580522355843623,0.3175,1,0,False,0.004901614215260725,-0.049086572588729574,-0.09578439992992932,0.15040715481646186,7818.140764648438,7092.129458984375,2202.968188515626,680.6032082187503,25,4.7,
norauto,TabPFN-V3,9,random,raw,0.0,1,2000,1000,20261001,512,2.0161690815567708,1.1580522355843623,0.3175,1,0,False,0.00785764835586626,-0.003700573693218254,-0.015799428933960337,0.3979764667695176,7823.501878417968,7051.314842578125,2036.5569096093757,674.7768265312502,19,5.0,
norauto,TabPFN-V3,9,clean,clip,200.0,1,2000,1000,20261001,-1,1.1580522355843623,1.1580522355843623,0.3175,,0,True,0.0,0.0,0.0,0.0,7829.071258789062,7055.98244140625,2011.9925057031257,682.5025602031253,18,0.0,
norauto,TabPFN-V3,9,visible,clip,200.0,1,2000,1000,20261001,40,7.74392374785415,1.1580522355843623,0.3175,1,1,False,-0.0043729415649774745,-0.0013530153969836909,-0.032864528158577266,0.37236110015212576,7832.309228515625,7051.7613511718755,2071.813510468751,651.5125966250002,20,4.8,
norauto,TabPFN-V3,9,random,clip,200.0,1,2000,1000,20261001,512,2.0161690815567708,1.1580522355843623,0.3175,1,0,True,0.00785764835586626,-0.003700573693218254,-0.015799428933960337,0.3979764667695176,7823.501878417968,7051.314842578125,2036.5569096093757,674.7768265312502,19,0.0,
norauto,TabICLv2,9,clean,raw,0.0,1,2000,1000,20261001,-1,1.1580522355843623,1.1580522355843623,0.3175,,0,False,0.0,0.0,0.0,0.0,7816.59024609375,6991.259399218749,1926.9240628125012,665.0616366562501,8,0.0,
norauto,TabICLv2,9,visible,raw,0.0,1,2000,1000,20261001,40,7.74392374785415,1.1580522355843623,0.3175,1,0,False,0.0348951182517917,0.05212382068206643,-0.1628536131644363,0.014922151009467904,7836.136336425781,6990.388270703126,2102.107549843751,671.673537796875,19,2.9,
norauto,TabICLv2,9,random,raw,0.0,1,2000,1000,20261001,512,2.0161690815567708,1.1580522355843623,0.3175,1,0,False,0.05989527530169025,0.018116161119450365,0.1867664887322889,0.3724633806991947,7809.303456054688,7005.692557812499,2144.7375950000014,664.1731271562502,3,2.9,
norauto,TabICLv2,9,clean,clip,200.0,1,2000,1000,20261001,-1,1.1580522355843623,1.1580522355843623,0.3175,,0,True,0.0,0.0,0.0,0.0,7816.59024609375,6991.259399218749,1926.9240628125012,665.0616366562501,8,0.0,
norauto,TabICLv2,9,visible,clip,200.0,1,2000,1000,20261001,40,7.74392374785415,1.1580522355843623,0.3175,1,1,False,0.055131901150030645,0.01940594153073827,0.1737087286685795,0.38243890159127825,7812.341313476562,7001.7284515625,2131.3763345312514,657.4074185312502,3,2.8,
norauto,TabICLv2,9,random,clip,200.0,1,2000,1000,20261001,512,2.0161690815567708,1.1580522355843623,0.3175,1,0,True,0.05989527530169025,0.018116161119450365,0.1867664887322889,0.3724633806991947,7809.303456054688,7005.692557812499,2144.7375950000014,664.1731271562502,3,0.0,
norauto,GBM,9,clean,raw,0.0,1,2000,1000,20261001,-1,1.1580522355843623,1.1580522355843623,0.3175,,0,False,0.0,0.0,0.0,0.0,7820.713595829692,7058.513703525854,2199.847839087578,795.9339371194911,21,0.0,
norauto,GBM,9,visible,raw,0.0,1,2000,1000,20261001,40,7.74392374785415,1.1580522355843623,0.3175,1,0,False,0.0,0.0,-0.007358533914353509,0.0716207621391238,7820.713595829692,7058.513703525854,2339.784800929433,1573.5252975421065,22,1.8,
norauto,GBM,9,random,raw,0.0,1,2000,1000,20261001,512,2.0161690815567708,1.1580522355843623,0.3175,1,0,False,0.0,0.00018252416088004137,1.7835479434274087e-14,-3.547139968913364e-10,7820.713595829692,7049.681990152195,2211.109056451289,798.3417696555371,22,1.8,
norauto,GBM,9,clean,clip,200.0,1,2000,1000,20261001,-1,1.1580522355843623,1.1580522355843623,0.3175,,0,True,0.0,0.0,0.0,0.0,7820.713595829692,7058.513703525854,2199.847839087578,795.9339371194911,21,0.0,
norauto,GBM,9,visible,clip,200.0,1,2000,1000,20261001,40,7.74392374785415,1.1580522355843623,0.3175,1,1,False,0.0,0.0,-0.007358533914353509,0.03540412475113294,7820.713595829692,7058.513703525854,2266.072656014682,984.9248032840014,22,1.8,
norauto,GBM,9,random,clip,200.0,1,2000,1000,20261001,512,2.0161690815567708,1.1580522355843623,0.3175,1,0,True,0.0,0.00018252416088004137,1.7835479434274087e-14,-3.547139968913364e-10,7820.713595829692,7049.681990152195,2211.109056451289,798.3417696555371,22,0.0,
norauto,TabPFN-V3,10,clean,raw,0.0,1,2000,1000,20261001,-1,1.1432035809031473,1.1432035809031473,0.2975,,0,False,0.0,0.0,0.0,0.0,8509.469435546875,7681.251774218749,2346.203181406251,796.8812706718752,19,0.0,
norauto,TabPFN-V3,10,visible,raw,0.0,1,2000,1000,20261001,274,2.1948729761060752,1.1432035809031473,0.2975,1,0,False,-0.004405687976126278,-0.0034978480799413864,-0.021538119446330477,0.4942946569729053,8512.08596826172,7684.537909375,2382.9711989062503,706.3675435625003,19,4.8,
norauto,TabPFN-V3,10,random,raw,0.0,1,2000,1000,20261001,1135,1.1417860378026423,1.1432035809031473,0.2975,12,0,False,-0.0005260622614617931,0.0022857867547586555,0.008918758242490412,0.0038578322008856964,8509.217193359375,7677.020457421874,2338.545470703126,792.5695136718753,19,4.8,
norauto,TabPFN-V3,10,clean,clip,200.0,1,2000,1000,20261001,-1,1.1432035809031473,1.1432035809031473,0.2975,,0,True,0.0,0.0,0.0,0.0,8509.469435546875,7681.251774218749,2346.203181406251,796.8812706718752,19,0.0,
norauto,TabPFN-V3,10,visible,clip,200.0,1,2000,1000,20261001,274,2.1948729761060752,1.1432035809031473,0.2975,1,0,True,-0.004405687976126278,-0.0034978480799413864,-0.021538119446330477,0.4942946569729053,8512.08596826172,7684.537909375,2382.9711989062503,706.3675435625003,19,0.0,
norauto,TabPFN-V3,10,random,clip,200.0,1,2000,1000,20261001,1135,1.1417860378026423,1.1432035809031473,0.2975,12,0,True,-0.0005260622614617931,0.0022857867547586555,0.008918758242490412,0.0038578322008856964,8509.217193359375,7677.020457421874,2338.545470703126,792.5695136718753,19,0.0,
norauto,TabICLv2,10,clean,raw,0.0,1,2000,1000,20261001,-1,1.1432035809031473,1.1432035809031473,0.2975,,0,False,0.0,0.0,0.0,0.0,8519.980111816407,7538.9673890625,2215.329460625001,807.2205202656253,5,0.0,
norauto,TabICLv2,10,visible,raw,0.0,1,2000,1000,20261001,274,2.1948729761060752,1.1432035809031473,0.2975,1,0,False,0.07305153504150941,0.012591228665693559,0.25539425904960056,0.4727118490640567,8495.325724609374,7571.965753515625,2586.065374843752,728.1731026562502,2,2.8,
norauto,TabICLv2,10,random,raw,0.0,1,2000,1000,20261001,1135,1.1417860378026423,1.1432035809031473,0.2975,12,0,False,-0.001556798901728548,-0.00023393105243087962,0.007172768577630901,0.007333624385743421,8517.79571875,7536.4363265625,2222.9551482812517,804.9460426562501,5,3.0,
norauto,TabICLv2,10,clean,clip,200.0,1,2000,1000,20261001,-1,1.1432035809031473,1.1432035809031473,0.2975,,0,True,0.0,0.0,0.0,0.0,8519.980111816407,7538.9673890625,2215.329460625001,807.2205202656253,5,0.0,
norauto,TabICLv2,10,visible,clip,200.0,1,2000,1000,20261001,274,2.1948729761060752,1.1432035809031473,0.2975,1,0,True,0.07305153504150941,0.012591228665693559,0.25539425904960056,0.4727118490640567,8495.325724609374,7571.965753515625,2586.065374843752,728.1731026562502,2,0.0,
norauto,TabICLv2,10,random,clip,200.0,1,2000,1000,20261001,1135,1.1417860378026423,1.1432035809031473,0.2975,12,0,True,-0.001556798901728548,-0.00023393105243087962,0.007172768577630901,0.007333624385743421,8517.79571875,7536.4363265625,2222.9551482812517,804.9460426562501,5,0.0,
norauto,GBM,10,clean,raw,0.0,1,2000,1000,20261001,-1,1.1432035809031473,1.1432035809031473,0.2975,,0,False,0.0,0.0,0.0,0.0,8518.796923250642,7573.728878254354,2303.6535436183967,781.366420692499,21,0.0,
norauto,GBM,10,visible,raw,0.0,1,2000,1000,20261001,274,2.1948729761060752,1.1432035809031473,0.2975,1,0,False,0.0,0.0016474087423239852,0.01344928179276947,0.18700028459491064,8518.796923250642,7574.84067296686,2336.8686667042134,695.6333543826065,20,1.7,
norauto,GBM,10,random,raw,0.0,1,2000,1000,20261001,1135,1.1417860378026423,1.1432035809031473,0.2975,12,0,False,-0.0011504848318045285,-0.0009074821402215781,0.02970849245045596,0.0,8541.347481638304,7600.844378250608,2283.7109832324068,781.366420692499,18,1.7,
norauto,GBM,10,clean,clip,200.0,1,2000,1000,20261001,-1,1.1432035809031473,1.1432035809031473,0.2975,,0,True,0.0,0.0,0.0,0.0,8518.796923250642,7573.728878254354,2303.6535436183967,781.366420692499,21,0.0,
norauto,GBM,10,visible,clip,200.0,1,2000,1000,20261001,274,2.1948729761060752,1.1432035809031473,0.2975,1,0,True,0.0,0.0016474087423239852,0.01344928179276947,0.18700028459491064,8518.796923250642,7574.84067296686,2336.8686667042134,695.6333543826065,20,0.0,
norauto,GBM,10,random,clip,200.0,1,2000,1000,20261001,1135,1.1417860378026423,1.1432035809031473,0.2975,12,0,True,-0.0011504848318045285,-0.0009074821402215781,0.02970849245045596,0.0,8541.347481638304,7600.844378250608,2283.7109832324068,781.366420692499,18,0.0,
norauto,TabPFN-V3,11,clean,raw,0.0,1,2000,1000,20261001,-1,1.072163010552238,1.072163010552238,0.3485,,0,False,0.0,0.0,0.0,0.0,7968.52651171875,6918.395429296875,1648.7447409375006,253.79442275000014,16,0.0,
norauto,TabPFN-V3,11,visible,raw,0.0,1,2000,1000,20261001,1769,4.85752748103404,1.072163010552238,0.3485,1,0,False,-0.020070464193269605,-0.03855291635625843,-0.0676389043322074,0.048177580455216217,7982.492573242187,7018.019661328124,1712.6180437500007,236.22653771875022,19,4.8,
norauto,TabPFN-V3,11,random,raw,0.0,1,2000,1000,20261001,1393,2.1467712539284807,1.072163010552238,0.3485,1,0,False,0.003573217868773995,-0.006486186208001598,-0.026820695761644996,0.38185572024394343,7970.144206054688,6934.943102734375,1675.6408740625009,287.44237781250024,18,4.8,
norauto,TabPFN-V3,11,clean,clip,200.0,1,2000,1000,20261001,-1,1.072163010552238,1.072163010552238,0.3485,,0,True,0.0,0.0,0.0,0.0,7968.52651171875,6918.395429296875,1648.7447409375006,253.79442275000014,16,0.0,
norauto,TabPFN-V3,11,visible,clip,200.0,1,2000,1000,20261001,1769,4.85752748103404,1.072163010552238,0.3485,1,1,False,-0.009698462000144025,-0.003714861533505062,-0.04222286310890508,0.33279245113718536,7976.3310322265625,6932.95160546875,1691.065870703126,277.40751209375026,18,5.0,
norauto,TabPFN-V3,11,random,clip,200.0,1,2000,1000,20261001,1393,2.1467712539284807,1.072163010552238,0.3485,1,0,True,0.003573217868773995,-0.006486186208001598,-0.026820695761644996,0.38185572024394343,7970.144206054688,6934.943102734375,1675.6408740625009,287.44237781250024,18,0.0,
norauto,TabICLv2,11,clean,raw,0.0,1,2000,1000,20261001,-1,1.072163010552238,1.072163010552238,0.3485,,0,False,0.0,0.0,0.0,0.0,7990.701703125,6833.7707222656245,1683.7107296093764,292.65804226562517,11,0.0,
norauto,TabICLv2,11,visible,raw,0.0,1,2000,1000,20261001,1769,4.85752748103404,1.072163010552238,0.3485,1,0,False,0.0351426061649224,0.018826790819489375,-0.11311099228092038,0.019345769585700463,8006.585354003906,6725.760739062499,1732.2325131250009,316.3583024218752,14,2.8,
norauto,TabICLv2,11,random,raw,0.0,1,2000,1000,20261001,1393,2.1467712539284807,1.072163010552238,0.3485,1,0,False,0.049533935063063125,0.0008200405666166225,0.20335678357271084,0.3699253203244368,7999.147083984375,6785.943245703124,1886.4938025781264,260.6347376875002,7,2.8,
norauto,TabICLv2,11,clean,clip,200.0,1,2000,1000,20261001,-1,1.072163010552238,1.072163010552238,0.3485,,0,True,0.0,0.0,0.0,0.0,7990.701703125,6833.7707222656245,1683.7107296093764,292.65804226562517,11,0.0,
norauto,TabICLv2,11,visible,clip,200.0,1,2000,1000,20261001,1769,4.85752748103404,1.072163010552238,0.3485,1,1,False,0.04690926418453771,-0.008887209673617391,0.12569459033196095,0.30525705752877996,7990.696794433594,6769.369952734375,1846.3006571875012,252.3151759843752,8,2.8,
norauto,TabICLv2,11,random,clip,200.0,1,2000,1000,20261001,1393,2.1467712539284807,1.072163010552238,0.3485,1,0,True,0.049533935063063125,0.0008200405666166225,0.20335678357271084,0.3699253203244368,7999.147083984375,6785.943245703124,1886.4938025781264,260.6347376875002,7,0.0,
norauto,GBM,11,clean,raw,0.0,1,2000,1000,20261001,-1,1.072163010552238,1.072163010552238,0.3485,,0,False,0.0,0.0,0.0,0.0,7962.3834439000175,6867.746851610772,1835.2719381257425,241.54353624158958,22,0.0,
norauto,GBM,11,visible,raw,0.0,1,2000,1000,20261001,1769,4.85752748103404,1.072163010552238,0.3485,1,0,False,0.0,-0.0006690833550103793,-0.004490408890396422,-0.09050105387014773,7962.3834439000175,6879.579856779867,1944.9021917812065,1116.2310949662872,21,1.9,
norauto,GBM,11,random,raw,0.0,1,2000,1000,20261001,1393,2.1467712539284807,1.072163010552238,0.3485,1,0,False,0.0,-0.003232531180739961,-0.001740832692796241,5.947774160828664e-09,7962.3834439000175,7143.3486161708415,2239.005853364822,242.460176153708,21,1.8,
norauto,GBM,11,clean,clip,200.0,1,2000,1000,20261001,-1,1.072163010552238,1.072163010552238,0.3485,,0,True,0.0,0.0,0.0,0.0,7962.3834439000175,6867.746851610772,1835.2719381257425,241.54353624158958,22,0.0,
norauto,GBM,11,visible,clip,200.0,1,2000,1000,20261001,1769,4.85752748103404,1.072163010552238,0.3485,1,1,False,0.0,-0.0006690833550103793,-0.004490408890396422,-0.04070172756674058,7962.3834439000175,6879.579856779867,1944.9021917812065,691.3061915559302,21,1.8,
norauto,GBM,11,random,clip,200.0,1,2000,1000,20261001,1393,2.1467712539284807,1.072163010552238,0.3485,1,0,True,0.0,-0.003232531180739961,-0.001740832692796241,5.947774160828664e-09,7962.3834439000175,7143.3486161708415,2239.005853364822,242.460176153708,21,0.0,
norauto,TabPFN-V3,12,clean,raw,0.0,1,2000,1000,20261001,-1,1.1499955025540356,1.1499955025540356,0.3165,,0,False,0.0,0.0,0.0,0.0,6895.253919921875,5943.764810546874,1331.0349236718762,219.52458662500018,9,0.0,
norauto,TabPFN-V3,12,visible,raw,0.0,1,2000,1000,20261001,345,2.1318334217676984,1.1499955025540356,0.3165,1,0,False,-6.827015131004415e-05,-0.001008968647662587,-0.033542619833373186,0.33242725674172596,6895.841443359375,5933.918475781249,1333.703696250001,303.36415406250023,11,4.8,
norauto,TabPFN-V3,12,random,raw,0.0,1,2000,1000,20261001,1760,1.542533264162806,1.1499955025540356,0.3165,1,0,False,-0.0020800164122122774,-0.020313192161280535,0.005362748095318869,0.30270275328752927,6894.888113769532,5943.399028125,1344.450910546876,301.0924952500003,9,4.8,
norauto,TabPFN-V3,12,clean,clip,200.0,1,2000,1000,20261001,-1,1.1499955025540356,1.1499955025540356,0.3165,,0,True,0.0,0.0,0.0,0.0,6895.253919921875,5943.764810546874,1331.0349236718762,219.52458662500018,9,0.0,
norauto,TabPFN-V3,12,visible,clip,200.0,1,2000,1000,20261001,345,2.1318334217676984,1.1499955025540356,0.3165,1,0,True,-6.827015131004415e-05,-0.001008968647662587,-0.033542619833373186,0.33242725674172596,6895.841443359375,5933.918475781249,1333.703696250001,303.36415406250023,11,0.0,
norauto,TabPFN-V3,12,random,clip,200.0,1,2000,1000,20261001,1760,1.542533264162806,1.1499955025540356,0.3165,1,0,True,-0.0020800164122122774,-0.020313192161280535,0.005362748095318869,0.30270275328752927,6894.888113769532,5943.399028125,1344.450910546876,301.0924952500003,9,0.0,
norauto,TabICLv2,12,clean,raw,0.0,1,2000,1000,20261001,-1,1.1499955025540356,1.1499955025540356,0.3165,,0,False,0.0,0.0,0.0,0.0,6899.767997558593,6002.0623097656235,1467.0239204687512,202.18020617187517,2,0.0,
norauto,TabICLv2,12,visible,raw,0.0,1,2000,1000,20261001,345,2.1318334217676984,1.1499955025540356,0.3165,1,0,False,0.0771361122293186,-0.009311717071529575,0.13687537901533267,0.32885529376040123,6928.291696289062,6036.092928515624,1754.3775192187518,288.0421090468753,1,2.9,
norauto,TabICLv2,12,random,raw,0.0,1,2000,1000,20261001,1760,1.542533264162806,1.1499955025540356,0.3165,1,0,False,0.060255712519020926,-0.009433585571115932,0.15165463720041045,0.26598208135432677,6912.234760742187,6018.248409765624,1721.5380479687515,265.8835826875002,1,2.8,
norauto,TabICLv2,12,clean,clip,200.0,1,2000,1000,20261001,-1,1.1499955025540356,1.1499955025540356,0.3165,,0,True,0.0,0.0,0.0,0.0,6899.767997558593,6002.0623097656235,1467.0239204687512,202.18020617187517,2,0.0,
norauto,TabICLv2,12,visible,clip,200.0,1,2000,1000,20261001,345,2.1318334217676984,1.1499955025540356,0.3165,1,0,True,0.0771361122293186,-0.009311717071529575,0.13687537901533267,0.32885529376040123,6928.291696289062,6036.092928515624,1754.3775192187518,288.0421090468753,1,0.0,
norauto,TabICLv2,12,random,clip,200.0,1,2000,1000,20261001,1760,1.542533264162806,1.1499955025540356,0.3165,1,0,True,0.060255712519020926,-0.009433585571115932,0.15165463720041045,0.26598208135432677,6912.234760742187,6018.248409765624,1721.5380479687515,265.8835826875002,1,0.0,
norauto,GBM,12,clean,raw,0.0,1,2000,1000,20261001,-1,1.1499955025540356,1.1499955025540356,0.3165,,0,False,0.0,0.0,0.0,0.0,7000.791387843559,6106.605763511661,1353.9666664952003,182.41490920536341,9,0.0,
norauto,GBM,12,visible,raw,0.0,1,2000,1000,20261001,345,2.1318334217676984,1.1499955025540356,0.3165,1,0,False,0.0,0.003280554884118925,0.03156228026535885,1.9862665789153047e-10,7000.791387843559,6109.547213571388,1359.9944276877698,419.8697174216444,7,1.7,
norauto,GBM,12,random,raw,0.0,1,2000,1000,20261001,1760,1.542533264162806,1.1499955025540356,0.3165,1,0,False,0.0034661921644695394,-0.005923189637469241,0.004895661309348093,0.2088053098872911,7005.014999535921,6132.679074390776,1434.7514640158681,261.6079293312058,11,1.7,
norauto,GBM,12,clean,clip,200.0,1,2000,1000,20261001,-1,1.1499955025540356,1.1499955025540356,0.3165,,0,True,0.0,0.0,0.0,0.0,7000.791387843559,6106.605763511661,1353.9666664952003,182.41490920536341,9,0.0,
norauto,GBM,12,visible,clip,200.0,1,2000,1000,20261001,345,2.1318334217676984,1.1499955025540356,0.3165,1,0,True,0.0,0.003280554884118925,0.03156228026535885,1.9862665789153047e-10,7000.791387843559,6109.547213571388,1359.9944276877698,419.8697174216444,7,0.0,
norauto,GBM,12,random,clip,200.0,1,2000,1000,20261001,1760,1.542533264162806,1.1499955025540356,0.3165,1,0,True,0.0034661921644695394,-0.005923189637469241,0.004895661309348093,0.2088053098872911,7005.014999535921,6132.679074390776,1434.7514640158681,261.6079293312058,11,0.0,
norauto,TabPFN-V3,13,clean,raw,0.0,1,2000,1000,20261001,-1,1.0644633235884169,1.0644633235884169,0.3345,,0,False,0.0,0.0,0.0,0.0,7191.581102539062,6213.9601859375,1753.7988713281259,516.1476526406251,6,0.0,
norauto,TabPFN-V3,13,visible,raw,0.0,1,2000,1000,20261001,1830,4.677070095750545,1.0644633235884169,0.3345,1,0,False,-0.022224079521132784,-0.032720528813542156,-0.04573865835873997,0.1434511360797811,7209.996424804687,6242.800381640624,1730.9654992187507,449.54620100000017,7,5.1,
norauto,TabPFN-V3,13,random,raw,0.0,1,2000,1000,20261001,1419,3.971276274791078,1.0644633235884169,0.3345,1,0,False,-0.00634539384533607,-0.018018292094221816,-0.05921160441175503,0.19361339797090904,7197.126108886719,6229.4268140625,1727.3313222656259,441.0132959375002,8,4.8,
norauto,TabPFN-V3,13,clean,clip,200.0,1,2000,1000,20261001,-1,1.0644633235884169,1.0644633235884169,0.3345,,0,True,0.0,0.0,0.0,0.0,7191.581102539062,6213.9601859375,1753.7988713281259,516.1476526406251,6,0.0,
norauto,TabPFN-V3,13,visible,clip,200.0,1,2000,1000,20261001,1830,4.677070095750545,1.0644633235884169,0.3345,1,1,False,-0.00906413961045085,0.009859934720405548,-0.0246697800259881,0.4042026014325702,7199.7346430664065,6212.319155468751,1739.110548203126,417.3924374375003,7,4.7,
norauto,TabPFN-V3,13,random,clip,200.0,1,2000,1000,20261001,1419,3.971276274791078,1.0644633235884169,0.3345,1,1,False,-0.009534993181723959,0.008046833338901705,-0.023273899645211073,0.4206785440281569,7199.904061523437,6210.779462890625,1740.0205460937507,427.88992421875025,7,4.7,
norauto,TabICLv2,13,clean,raw,0.0,1,2000,1000,20261001,-1,1.0644633235884169,1.0644633235884169,0.3345,,0,False,0.0,0.0,0.0,0.0,7184.575671386719,6200.46590625,1864.947028281251,537.5085615156252,5,0.0,
norauto,TabICLv2,13,visible,raw,0.0,1,2000,1000,20261001,1830,4.677070095750545,1.0644633235884169,0.3345,1,0,False,0.0491422449269489,0.00084516227216358,-0.12952411101789318,0.019125709233821488,7182.590373535157,6238.051981640624,1838.035809531251,533.8511509218752,7,2.9,
norauto,TabICLv2,13,random,raw,0.0,1,2000,1000,20261001,1419,3.971276274791078,1.0644633235884169,0.3345,1,0,False,0.060251514560946164,0.005937377419525578,-0.04796894824472961,0.12213354301303378,7174.342353027344,6222.43167578125,1927.7814718750012,497.6782264843752,5,2.8,
norauto,TabICLv2,13,clean,clip,200.0,1,2000,1000,20261001,-1,1.0644633235884169,1.0644633235884169,0.3345,,0,True,0.0,0.0,0.0,0.0,7184.575671386719,6200.46590625,1864.947028281251,537.5085615156252,5,0.0,
norauto,TabICLv2,13,visible,clip,200.0,1,2000,1000,20261001,1830,4.677070095750545,1.0644633235884169,0.3345,1,1,False,0.06452847521790576,-0.002180715810965216,0.20196054158875604,0.41797868102986013,7172.581371582031,6217.774656249999,2137.5059671875015,453.8696762812503,4,2.8,
norauto,TabICLv2,13,random,clip,200.0,1,2000,1000,20261001,1419,3.971276274791078,1.0644633235884169,0.3345,1,1,False,0.07054689426484483,0.018176266169764976,0.2701593235802788,0.4978262921633265,7166.806958984375,6222.669453906249,2206.5392973437515,446.85761409375027,3,2.8,
norauto,GBM,13,clean,raw,0.0,1,2000,1000,20261001,-1,1.0644633235884169,1.0644633235884169,0.3345,,0,False,0.0,0.0,0.0,0.0,7194.357212569874,6393.98544171836,1913.9350037143847,602.8067227925397,11,0.0,
norauto,GBM,13,visible,raw,0.0,1,2000,1000,20261001,1830,4.677070095750545,1.0644633235884169,0.3345,1,0,False,0.0,0.0027904798948132016,0.007814699677191696,0.2231169098234992,7194.357212569874,6340.899964417252,2030.3267480506993,655.0667829782047,14,1.8,
norauto,GBM,13,random,raw,0.0,1,2000,1000,20261001,1419,3.971276274791078,1.0644633235884169,0.3345,1,0,False,0.0,0.004592511982698132,0.0028711425552142102,0.22311690987595625,7194.357212569874,6288.912686882315,1900.2842086005483,1960.2965843291631,11,1.7,
norauto,GBM,13,clean,clip,200.0,1,2000,1000,20261001,-1,1.0644633235884169,1.0644633235884169,0.3345,,0,True,0.0,0.0,0.0,0.0,7194.357212569874,6393.98544171836,1913.9350037143847,602.8067227925397,11,0.0,
norauto,GBM,13,visible,clip,200.0,1,2000,1000,20261001,1830,4.677070095750545,1.0644633235884169,0.3345,1,1,False,0.0,0.0027904798948132016,0.007814699677191696,0.2231169098234992,7194.357212569874,6340.899964417252,2030.3267480506993,591.8381903499335,14,1.7,
norauto,GBM,13,random,clip,200.0,1,2000,1000,20261001,1419,3.971276274791078,1.0644633235884169,0.3345,1,1,False,0.0,0.004592511982698132,0.0028711425552142102,0.22311690987595625,7194.357212569874,6288.912686882315,1900.2842086005483,1207.7998817289651,11,1.7,
norauto,TabPFN-V3,14,clean,raw,0.0,1,2000,1000,20261001,-1,1.0683354492996446,1.0683354492996446,0.3495,,0,False,0.0,0.0,0.0,0.0,7059.379323242188,5849.0692421875,1454.874020468751,202.50732254687517,10,0.0,
norauto,TabPFN-V3,14,visible,raw,0.0,1,2000,1000,20261001,1744,3.088583005779711,1.0683354492996446,0.3495,1,0,False,-0.009893720151578916,-0.0075754772575359446,-0.036668581597459136,0.3213040734575106,7063.086396972656,5862.0804296875,1466.457130000001,278.07820243750024,12,4.8,
norauto,TabPFN-V3,14,random,raw,0.0,1,2000,1000,20261001,1057,1.221063554163249,1.0683354492996446,0.3495,1,0,False,-0.00388279676282984,-0.00524906379565189,0.02237087451585909,0.20018171611423607,7060.648551269531,5858.215261328125,1462.3108796093757,247.82143678125024,10,4.7,
norauto,TabPFN-V3,14,clean,clip,200.0,1,2000,1000,20261001,-1,1.0683354492996446,1.0683354492996446,0.3495,,0,True,0.0,0.0,0.0,0.0,7059.379323242188,5849.0692421875,1454.874020468751,202.50732254687517,10,0.0,
norauto,TabPFN-V3,14,visible,clip,200.0,1,2000,1000,20261001,1744,3.088583005779711,1.0683354492996446,0.3495,1,1,False,-0.010868131571438528,0.005893075532360974,-0.009879042387318899,0.43739330663303405,7061.868159179688,5846.384553515625,1461.9801071875006,301.58472193750026,10,5.0,
norauto,TabPFN-V3,14,random,clip,200.0,1,2000,1000,20261001,1057,1.221063554163249,1.0683354492996446,0.3495,1,0,True,-0.00388279676282984,-0.00524906379565189,0.02237087451585909,0.20018171611423607,7060.648551269531,5858.215261328125,1462.3108796093757,247.82143678125024,10,0.0,
norauto,TabICLv2,14,clean,raw,0.0,1,2000,1000,20261001,-1,1.0683354492996446,1.0683354492996446,0.3495,,0,False,0.0,0.0,0.0,0.0,7069.482724609375,5887.2258546875,1531.6544328125012,212.71048221875017,8,0.0,
norauto,TabICLv2,14,visible,raw,0.0,1,2000,1000,20261001,1744,3.088583005779711,1.0683354492996446,0.3495,1,0,False,0.06489911297019928,0.0061624168412614646,0.08745769245274072,0.28575552087126294,7049.417701171875,5875.287690234375,1641.2138214062513,256.8727723593752,6,2.9,
norauto,TabICLv2,14,random,raw,0.0,1,2000,1000,20261001,1057,1.221063554163249,1.0683354492996446,0.3495,1,0,False,0.007182834708614425,0.007288282822169943,0.1791605446485296,0.20440832083539218,7065.897072265625,5887.700267968749,1670.3959564062516,226.08227776562518,5,2.9,
norauto,TabICLv2,14,clean,clip,200.0,1,2000,1000,20261001,-1,1.0683354492996446,1.0683354492996446,0.3495,,0,True,0.0,0.0,0.0,0.0,7069.482724609375,5887.2258546875,1531.6544328125012,212.71048221875017,8,0.0,
norauto,TabICLv2,14,visible,clip,200.0,1,2000,1000,20261001,1744,3.088583005779711,1.0683354492996446,0.3495,1,1,False,0.06141023090895115,-0.000575638144367418,0.1949282048112024,0.40404562842344116,7049.135956054687,5866.341980859374,1740.6817731250014,277.6630420156253,4,2.9,
norauto,TabICLv2,14,random,clip,200.0,1,2000,1000,20261001,1057,1.221063554163249,1.0683354492996446,0.3495,1,0,True,0.007182834708614425,0.007288282822169943,0.1791605446485296,0.20440832083539218,7065.897072265625,5887.700267968749,1670.3959564062516,226.08227776562518,5,0.0,
norauto,GBM,14,clean,raw,0.0,1,2000,1000,20261001,-1,1.0683354492996446,1.0683354492996446,0.3495,,0,False,0.0,0.0,0.0,0.0,7076.822291299071,5915.981129714984,1521.0353151011086,285.3567837297124,11,0.0,
norauto,GBM,14,visible,raw,0.0,1,2000,1000,20261001,1744,3.088583005779711,1.0683354492996446,0.3495,1,0,False,0.0,0.021351744725795305,0.010841820511758003,0.047259741092254066,7076.822291299071,5946.23436603112,1543.370651160848,543.7324501516985,12,1.8,
norauto,GBM,14,random,raw,0.0,1,2000,1000,20261001,1057,1.221063554163249,1.0683354492996446,0.3495,1,0,False,0.004411559019194337,0.018571047472694818,0.025261404109281432,0.24124307532812028,7086.121106586794,5907.489286511019,1487.9380600608592,319.8854879450651,11,1.8,
norauto,GBM,14,clean,clip,200.0,1,2000,1000,20261001,-1,1.0683354492996446,1.0683354492996446,0.3495,,0,True,0.0,0.0,0.0,0.0,7076.822291299071,5915.981129714984,1521.0353151011086,285.3567837297124,11,0.0,
norauto,GBM,14,visible,clip,200.0,1,2000,1000,20261001,1744,3.088583005779711,1.0683354492996446,0.3495,1,1,False,0.0,0.021351744725795305,0.010841820511758003,0.047259741092254066,7076.822291299071,5946.23436603112,1543.370651160848,477.29155136565856,12,1.8,
norauto,GBM,14,random,clip,200.0,1,2000,1000,20261001,1057,1.221063554163249,1.0683354492996446,0.3495,1,0,True,0.004411559019194337,0.018571047472694818,0.025261404109281432,0.24124307532812028,7086.121106586794,5907.489286511019,1487.9380600608592,319.8854879450651,11,0.0,
norauto,TabPFN-V3,15,clean,raw,0.0,1,2000,1000,20261001,-1,1.0201866345242996,1.0201866345242996,0.3795,,0,False,0.0,0.0,0.0,0.0,7570.216937988282,6435.306376953125,1516.9396531250009,277.3541952500001,16,0.0,
norauto,TabPFN-V3,15,visible,raw,0.0,1,2000,1000,20261001,731,5.239342697829882,1.0201866345242996,0.3795,1,0,False,-0.029641829549951364,-0.04372198083167323,-0.042048727311575815,0.04132299701280257,7591.713707519531,6476.769879687499,1557.7245017187508,243.3150577343752,17,4.8,
norauto,TabPFN-V3,15,random,raw,0.0,1,2000,1000,20261001,1379,1.7478571377287428,1.0201866345242996,0.3795,1,0,False,-0.004779447961085259,-0.025424855151966408,0.04643924620578105,0.3874435452770477,7574.1945390625,6454.2944574218745,1501.2087810156256,266.69380831250027,12,5.0,
norauto,TabPFN-V3,15,clean,clip,200.0,1,2000,1000,20261001,-1,1.0201866345242996,1.0201866345242996,0.3795,,0,True,0.0,0.0,0.0,0.0,7570.216937988282,6435.306376953125,1516.9396531250009,277.3541952500001,16,0.0,
norauto,TabPFN-V3,15,visible,clip,200.0,1,2000,1000,20261001,731,5.239342697829882,1.0201866345242996,0.3795,1,1,False,-0.011373076308804093,-0.007899352161467251,-0.026773354678190406,0.2692257892018508,7577.186920898437,6438.159196874999,1540.865831328126,242.7225686875002,19,4.9,
norauto,TabPFN-V3,15,random,clip,200.0,1,2000,1000,20261001,1379,1.7478571377287428,1.0201866345242996,0.3795,1,0,True,-0.004779447961085259,-0.025424855151966408,0.04643924620578105,0.3874435452770477,7574.1945390625,6454.2944574218745,1501.2087810156256,266.69380831250027,12,0.0,
norauto,TabICLv2,15,clean,raw,0.0,1,2000,1000,20261001,-1,1.0201866345242996,1.0201866345242996,0.3795,,0,False,0.0,0.0,0.0,0.0,7539.128211914062,6397.341500390625,1483.8760743750008,319.21335989062516,13,0.0,
norauto,TabICLv2,15,visible,raw,0.0,1,2000,1000,20261001,731,5.239342697829882,1.0201866345242996,0.3795,1,0,False,0.010697377118074322,0.014153777466789648,-0.0645858871173671,0.06862613065848573,7553.966228027344,6431.23960546875,1564.4734282031259,313.2329104687501,16,2.9,
norauto,TabICLv2,15,random,raw,0.0,1,2000,1000,20261001,1379,1.7478571377287428,1.0201866345242996,0.3795,1,0,False,-5.898997566288827e-05,0.0013639944436072476,0.25721016183409606,0.3823507928191022,7547.414051757813,6410.888519921875,1630.0580639843763,233.56494982812518,5,2.9,
norauto,TabICLv2,15,clean,clip,200.0,1,2000,1000,20261001,-1,1.0201866345242996,1.0201866345242996,0.3795,,0,True,0.0,0.0,0.0,0.0,7539.128211914062,6397.341500390625,1483.8760743750008,319.21335989062516,13,0.0,
norauto,TabICLv2,15,visible,clip,200.0,1,2000,1000,20261001,731,5.239342697829882,1.0201866345242996,0.3795,1,1,False,0.02473180082743431,-0.001980618203715814,0.11037592308030413,0.276157956843332,7542.6709799804685,6409.830146484375,1582.051810703126,262.86294417187514,7,2.9,
norauto,TabICLv2,15,random,clip,200.0,1,2000,1000,20261001,1379,1.7478571377287428,1.0201866345242996,0.3795,1,0,True,-5.898997566288827e-05,0.0013639944436072476,0.25721016183409606,0.3823507928191022,7547.414051757813,6410.888519921875,1630.0580639843763,233.56494982812518,5,0.0,
norauto,GBM,15,clean,raw,0.0,1,2000,1000,20261001,-1,1.0201866345242996,1.0201866345242996,0.3795,,0,False,0.0,0.0,0.0,0.0,7577.465559184512,6510.264712141367,1667.556894194509,301.0376157534397,17,0.0,
norauto,GBM,15,visible,raw,0.0,1,2000,1000,20261001,731,5.239342697829882,1.0201866345242996,0.3795,1,0,False,0.0,0.0,0.012869721479060977,1.5689934031832144e-10,7577.465559184512,6510.264712141367,1680.8458146903208,825.8271020656549,18,1.8,
norauto,GBM,15,random,raw,0.0,1,2000,1000,20261001,1379,1.7478571377287428,1.0201866345242996,0.3795,1,0,False,0.010079775559125556,0.005038480414112932,0.011535151902337849,0.01134721849858145,7583.567073074373,6524.675611297053,1846.4539730303088,538.1458156509646,22,1.7,
norauto,GBM,15,clean,clip,200.0,1,2000,1000,20261001,-1,1.0201866345242996,1.0201866345242996,0.3795,,0,True,0.0,0.0,0.0,0.0,7577.465559184512,6510.264712141367,1667.556894194509,301.0376157534397,17,0.0,
norauto,GBM,15,visible,clip,200.0,1,2000,1000,20261001,731,5.239342697829882,1.0201866345242996,0.3795,1,1,False,0.0,0.0,0.012869721479060977,1.5689934031832144e-10,7577.465559184512,6510.264712141367,1680.8458146903208,519.4714522803885,18,1.7,
norauto,GBM,15,random,clip,200.0,1,2000,1000,20261001,1379,1.7478571377287428,1.0201866345242996,0.3795,1,0,True,0.010079775559125556,0.005038480414112932,0.011535151902337849,0.01134721849858145,7583.567073074373,6524.675611297053,1846.4539730303088,538.1458156509646,22,0.0,
norauto,TabPFN-V3,16,clean,raw,0.0,1,2000,1000,20261001,-1,1.0226467317007992,1.0226467317007992,0.389,,0,False,0.0,0.0,0.0,0.0,8478.631063964844,7904.855198046876,2405.9108008593757,716.9104389062501,31,0.0,
norauto,TabPFN-V3,16,visible,raw,0.0,1,2000,1000,20261001,1361,2.3326421774060946,1.0226467317007992,0.389,1,0,False,0.0014502910231641347,-0.011340360832963662,-0.006769728549362937,0.20308524395046804,8476.56954736328,7912.211099609375,2415.2849330468757,573.4048043906251,30,4.9,
norauto,TabPFN-V3,16,random,raw,0.0,1,2000,1000,20261001,1111,1.50620712568227,1.0226467317007992,0.389,1,0,False,-0.0065898632123487936,-0.014332625345428595,0.05557370356929092,0.25360004732855457,8482.76753076172,7919.053057421875,2289.9285375000004,554.8729849531253,25,4.8,
norauto,TabPFN-V3,16,clean,clip,200.0,1,2000,1000,20261001,-1,1.0226467317007992,1.0226467317007992,0.389,,0,True,0.0,0.0,0.0,0.0,8478.631063964844,7904.855198046876,2405.9108008593757,716.9104389062501,31,0.0,
norauto,TabPFN-V3,16,visible,clip,200.0,1,2000,1000,20261001,1361,2.3326421774060946,1.0226467317007992,0.389,1,0,True,0.0014502910231641347,-0.011340360832963662,-0.006769728549362937,0.20308524395046804,8476.56954736328,7912.211099609375,2415.2849330468757,573.4048043906251,30,0.0,
norauto,TabPFN-V3,16,random,clip,200.0,1,2000,1000,20261001,1111,1.50620712568227,1.0226467317007992,0.389,1,0,True,-0.0065898632123487936,-0.014332625345428595,0.05557370356929092,0.25360004732855457,8482.76753076172,7919.053057421875,2289.9285375000004,554.8729849531253,25,0.0,
norauto,TabICLv2,16,clean,raw,0.0,1,2000,1000,20261001,-1,1.0226467317007992,1.0226467317007992,0.389,,0,False,0.0,0.0,0.0,0.0,8463.562400878905,7848.034301171874,2300.816543984376,872.2852136875001,25,0.0,
norauto,TabICLv2,16,visible,raw,0.0,1,2000,1000,20261001,1361,2.3326421774060946,1.0226467317007992,0.389,1,0,False,0.02735513804158612,0.018663290783512893,0.2637082638493098,0.44990523196924426,8451.097239257813,7840.219912109375,2149.7815940625014,598.5936251875002,11,2.9,
norauto,TabICLv2,16,random,raw,0.0,1,2000,1000,20261001,1111,1.50620712568227,1.0226467317007992,0.389,1,0,False,-0.01436138341782463,0.020895631957408903,0.31541265225079784,0.3984900154312062,8467.542282226563,7839.09282265625,2127.7533292187513,597.8611608437502,9,2.9,
norauto,TabICLv2,16,clean,clip,200.0,1,2000,1000,20261001,-1,1.0226467317007992,1.0226467317007992,0.389,,0,True,0.0,0.0,0.0,0.0,8463.562400878905,7848.034301171874,2300.816543984376,872.2852136875001,25,0.0,
norauto,TabICLv2,16,visible,clip,200.0,1,2000,1000,20261001,1361,2.3326421774060946,1.0226467317007992,0.389,1,0,True,0.02735513804158612,0.018663290783512893,0.2637082638493098,0.44990523196924426,8451.097239257813,7840.219912109375,2149.7815940625014,598.5936251875002,11,0.0,
norauto,TabICLv2,16,random,clip,200.0,1,2000,1000,20261001,1111,1.50620712568227,1.0226467317007992,0.389,1,0,True,-0.01436138341782463,0.020895631957408903,0.31541265225079784,0.3984900154312062,8467.542282226563,7839.09282265625,2127.7533292187513,597.8611608437502,9,0.0,
norauto,GBM,16,clean,raw,0.0,1,2000,1000,20261001,-1,1.0226467317007992,1.0226467317007992,0.389,,0,False,0.0,0.0,0.0,0.0,8462.359506751425,7955.491339850591,2843.344514902234,934.0913703872711,33,0.0,
norauto,GBM,16,visible,raw,0.0,1,2000,1000,20261001,1361,2.3326421774060946,1.0226467317007992,0.389,1,0,False,0.0,-0.005097520454235818,0.016145612434281077,0.36738494580985165,8462.359506751425,7967.027489602347,2641.7006208274233,704.8274250383101,37,1.7,
norauto,GBM,16,random,raw,0.0,1,2000,1000,20261001,1111,1.50620712568227,1.0226467317007992,0.389,1,0,False,-0.0017806996771520657,-0.006541012562219298,0.05010154247133597,0.3242809065042185,8461.68752046982,8022.040551037008,2641.003471371419,782.4435818843551,33,1.6,
norauto,GBM,16,clean,clip,200.0,1,2000,1000,20261001,-1,1.0226467317007992,1.0226467317007992,0.389,,0,True,0.0,0.0,0.0,0.0,8462.359506751425,7955.491339850591,2843.344514902234,934.0913703872711,33,0.0,
norauto,GBM,16,visible,clip,200.0,1,2000,1000,20261001,1361,2.3326421774060946,1.0226467317007992,0.389,1,0,True,0.0,-0.005097520454235818,0.016145612434281077,0.36738494580985165,8462.359506751425,7967.027489602347,2641.7006208274233,704.8274250383101,37,0.0,
norauto,GBM,16,random,clip,200.0,1,2000,1000,20261001,1111,1.50620712568227,1.0226467317007992,0.389,1,0,True,-0.0017806996771520657,-0.006541012562219298,0.05010154247133597,0.3242809065042185,8461.68752046982,8022.040551037008,2641.003471371419,782.4435818843551,33,0.0,
norauto,TabPFN-V3,17,clean,raw,0.0,1,2000,1000,20261001,-1,1.1146639504894489,1.1146639504894489,0.265,,0,False,0.0,0.0,0.0,0.0,7163.198376953125,5916.453408203125,1496.6274711718759,242.9603072812502,11,0.0,
norauto,TabPFN-V3,17,visible,raw,0.0,1,2000,1000,20261001,1858,13.232889328803306,1.1146639504894489,0.265,1,0,False,0.12370267218385866,0.04351622535386991,-0.20566169144066987,-0.10962051819152227,7164.193427246094,5931.301466796875,1598.2091742187506,208.88690018750017,24,4.9,
norauto,TabPFN-V3,17,random,raw,0.0,1,2000,1000,20261001,486,4.040805488151962,1.1146639504894489,0.265,1,0,False,-0.030852971601933836,-0.050286990315165356,-0.04766597332046983,0.23064103655856524,7181.90596484375,5937.282748046875,1488.6433386718759,304.49236757812525,13,4.9,
norauto,TabPFN-V3,17,clean,clip,200.0,1,2000,1000,20261001,-1,1.1146639504894489,1.1146639504894489,0.265,,0,True,0.0,0.0,0.0,0.0,7163.198376953125,5916.453408203125,1496.6274711718759,242.9603072812502,11,0.0,
norauto,TabPFN-V3,17,visible,clip,200.0,1,2000,1000,20261001,1858,13.232889328803306,1.1146639504894489,0.265,1,1,False,-0.01734638845344218,-0.0019103617445343768,-0.04344251497429755,0.5945229588323528,7170.542408691406,5912.798322656249,1495.4841925781259,399.1251531875003,13,4.8,
norauto,TabPFN-V3,17,random,clip,200.0,1,2000,1000,20261001,486,4.040805488151962,1.1146639504894489,0.265,1,1,False,-0.016906870890357306,-0.0016661709174471619,-0.03402943262938421,0.6015800215429695,7170.884874511718,5911.564173828125,1488.771287187501,403.7202931250003,12,4.8,
norauto,TabICLv2,17,clean,raw,0.0,1,2000,1000,20261001,-1,1.1146639504894489,1.1146639504894489,0.265,,0,False,0.0,0.0,0.0,0.0,7153.61933203125,6027.221144921875,1583.6682832812514,217.04891434375017,5,0.0,
norauto,TabICLv2,17,visible,raw,0.0,1,2000,1000,20261001,1858,13.232889328803306,1.1146639504894489,0.265,1,0,False,0.02658345305819474,0.025107379198968355,-0.16377793639721366,0.16200540793574683,7216.456930664062,5999.472194531249,1534.3631559375012,272.18143721875026,8,2.8,
norauto,TabICLv2,17,random,raw,0.0,1,2000,1000,20261001,486,4.040805488151962,1.1146639504894489,0.265,1,0,False,0.03911725423893685,0.008617648681225035,-0.11047781560498234,0.0567763955043198,7192.958712890625,5998.2119234374995,1669.1093120312514,269.8237939375002,9,2.9,
norauto,TabICLv2,17,clean,clip,200.0,1,2000,1000,20261001,-1,1.1146639504894489,1.1146639504894489,0.265,,0,True,0.0,0.0,0.0,0.0,7153.61933203125,6027.221144921875,1583.6682832812514,217.04891434375017,5,0.0,
norauto,TabICLv2,17,visible,clip,200.0,1,2000,1000,20261001,1858,13.232889328803306,1.1146639504894489,0.265,1,1,False,0.055063816609228974,-0.0047670131463460694,0.2077600097893147,0.4060735405718644,7155.844418945312,6018.1763611328115,2020.8315368750016,337.04669779687526,2,2.8,
norauto,TabICLv2,17,random,clip,200.0,1,2000,1000,20261001,486,4.040805488151962,1.1146639504894489,0.265,1,1,False,0.055626017236807164,-0.0010751639023763681,0.22651868940256692,0.43144000952481115,7155.512185058594,6023.991116406249,2068.314710468752,343.6555259843753,2,2.9,
norauto,GBM,17,clean,raw,0.0,1,2000,1000,20261001,-1,1.1146639504894489,1.1146639504894489,0.265,,0,False,0.0,0.0,0.0,0.0,7160.172838132965,6005.728867469771,1527.0112568437783,271.59074897935625,12,0.0,
norauto,GBM,17,visible,raw,0.0,1,2000,1000,20261001,1858,13.232889328803306,1.1146639504894489,0.265,1,0,False,0.0,0.0,0.0,0.325182008310532,7160.172838132965,6005.728867469771,1527.0112568437783,7981.136870598125,12,1.6,
norauto,GBM,17,random,raw,0.0,1,2000,1000,20261001,486,4.040805488151962,1.1146639504894489,0.265,1,0,False,0.0,-0.00016161891610568131,0.0048366604303045815,0.325182008310532,7160.172838132965,6005.741324747473,1547.0933835703192,2488.6762748628707,11,1.7,
norauto,GBM,17,clean,clip,200.0,1,2000,1000,20261001,-1,1.1146639504894489,1.1146639504894489,0.265,,0,True,0.0,0.0,0.0,0.0,7160.172838132965,6005.728867469771,1527.0112568437783,271.59074897935625,12,0.0,
norauto,GBM,17,visible,clip,200.0,1,2000,1000,20261001,1858,13.232889328803306,1.1146639504894489,0.265,1,1,False,0.0,0.0,0.0,0.325182008310532,7160.172838132965,6005.728867469771,1527.0112568437783,1266.0521898011982,12,1.6,
norauto,GBM,17,random,clip,200.0,1,2000,1000,20261001,486,4.040805488151962,1.1146639504894489,0.265,1,1,False,0.0,-0.00016161891610568131,0.0048366604303045815,0.325182008310532,7160.172838132965,6005.741324747473,1547.0933835703192,1266.0521898011982,11,1.7,
norauto,TabPFN-V3,18,clean,raw,0.0,1,2000,1000,20261001,-1,1.0372397682144954,1.0372397682144954,0.3505,,0,False,0.0,0.0,0.0,0.0,7883.9198203125,6687.174266406249,1295.4428478125008,225.4752807500002,11,0.0,
norauto,TabPFN-V3,18,visible,raw,0.0,1,2000,1000,20261001,1020,10.01688148218451,1.0372397682144954,0.3505,1,0,False,0.01818661997122751,-0.011415946655186136,-0.14081079441236066,0.04720971350035325,7888.420052734375,6740.087578125,1372.158236796876,241.54590328125022,19,4.8,
norauto,TabPFN-V3,18,random,raw,0.0,1,2000,1000,20261001,545,1.2005738378066382,1.0372397682144954,0.3505,1,0,False,-0.00573623388170952,-0.012237646698081844,0.004262263735746194,0.13012563711687902,7891.868122558593,6754.09975625,1350.733804609376,279.2876297187502,12,4.8,
norauto,TabPFN-V3,18,clean,clip,200.0,1,2000,1000,20261001,-1,1.0372397682144954,1.0372397682144954,0.3505,,0,True,0.0,0.0,0.0,0.0,7883.9198203125,6687.174266406249,1295.4428478125008,225.4752807500002,11,0.0,
norauto,TabPFN-V3,18,visible,clip,200.0,1,2000,1000,20261001,1020,10.01688148218451,1.0372397682144954,0.3505,1,1,False,-0.0036433139872854943,-0.006115416293476334,-0.06034800046347111,0.3499113019144424,7887.786502441406,6698.810235937501,1345.391747265626,322.9100581562503,14,4.9,
norauto,TabPFN-V3,18,random,clip,200.0,1,2000,1000,20261001,545,1.2005738378066382,1.0372397682144954,0.3505,1,0,True,-0.00573623388170952,-0.012237646698081844,0.004262263735746194,0.13012563711687902,7891.868122558593,6754.09975625,1350.733804609376,279.2876297187502,12,0.0,
norauto,TabICLv2,18,clean,raw,0.0,1,2000,1000,20261001,-1,1.0372397682144954,1.0372397682144954,0.3505,,0,False,0.0,0.0,0.0,0.0,7872.245770019531,6613.815832812499,1371.919514609376,175.46369759375014,7,0.0,
norauto,TabICLv2,18,visible,raw,0.0,1,2000,1000,20261001,1020,10.01688148218451,1.0372397682144954,0.3505,1,0,False,0.028130499539029817,0.10510722759421431,-0.05977168136917765,0.13730458628700384,7890.180329101562,6555.63415234375,1383.764352500001,209.45149896875017,8,2.9,
norauto,TabICLv2,18,random,raw,0.0,1,2000,1000,20261001,545,1.2005738378066382,1.0372397682144954,0.3505,1,0,False,-0.0337934863187608,-0.004324132008595085,0.18965842596104032,0.20767564701549068,7902.938491210937,6775.220633984374,1558.8401431250013,217.02891881250017,3,2.8,
norauto,TabICLv2,18,clean,clip,200.0,1,2000,1000,20261001,-1,1.0372397682144954,1.0372397682144954,0.3505,,0,True,0.0,0.0,0.0,0.0,7872.245770019531,6613.815832812499,1371.919514609376,175.46369759375014,7,0.0,
norauto,TabICLv2,18,visible,clip,200.0,1,2000,1000,20261001,1020,10.01688148218451,1.0372397682144954,0.3505,1,1,False,0.039177263870635214,0.003219738091068092,0.1663859574466591,0.3448445794083632,7863.166846679687,6667.3272125,1672.4349708593763,259.74722418750025,4,2.9,
norauto,TabICLv2,18,random,clip,200.0,1,2000,1000,20261001,545,1.2005738378066382,1.0372397682144954,0.3505,1,0,True,-0.0337934863187608,-0.004324132008595085,0.18965842596104032,0.20767564701549068,7902.938491210937,6775.220633984374,1558.8401431250013,217.02891881250017,3,0.0,
norauto,GBM,18,clean,raw,0.0,1,2000,1000,20261001,-1,1.0372397682144954,1.0372397682144954,0.3505,,0,False,0.0,0.0,0.0,0.0,7910.269649136469,6666.595539111624,1367.7575904658993,189.28672457626038,14,0.0,
norauto,GBM,18,visible,raw,0.0,1,2000,1000,20261001,1020,10.01688148218451,1.0372397682144954,0.3505,1,0,False,0.0,0.0,0.0025597919986134416,0.08988305532017205,7910.269649136469,6666.595539111624,1501.8253624600932,569.6381252227264,11,1.8,
norauto,GBM,18,random,raw,0.0,1,2000,1000,20261001,545,1.2005738378066382,1.0372397682144954,0.3505,1,0,False,0.0011871031623129796,0.0027187326366420075,0.010557265056403453,-1.9941125112743228e-10,7906.536649918433,6710.192882870631,1349.9810663614896,187.806031606238,10,1.9,
norauto,GBM,18,clean,clip,200.0,1,2000,1000,20261001,-1,1.0372397682144954,1.0372397682144954,0.3505,,0,True,0.0,0.0,0.0,0.0,7910.269649136469,6666.595539111624,1367.7575904658993,189.28672457626038,14,0.0,
norauto,GBM,18,visible,clip,200.0,1,2000,1000,20261001,1020,10.01688148218451,1.0372397682144954,0.3505,1,1,False,0.0,0.0,0.0025597919986134416,0.09075966096231369,7910.269649136469,6666.595539111624,1358.0350417776303,300.29480800395606,11,1.8,
norauto,GBM,18,random,clip,200.0,1,2000,1000,20261001,545,1.2005738378066382,1.0372397682144954,0.3505,1,0,True,0.0011871031623129796,0.0027187326366420075,0.010557265056403453,-1.9941125112743228e-10,7906.536649918433,6710.192882870631,1349.9810663614896,187.806031606238,10,0.0,
norauto,TabPFN-V3,19,clean,raw,0.0,1,2000,1000,20261001,-1,1.142447807813607,1.142447807813607,0.3035,,0,False,0.0,0.0,0.0,0.0,7708.625641601562,6641.9165828125,1504.1883834375008,339.19369554687523,12,0.0,
norauto,TabPFN-V3,19,visible,raw,0.0,1,2000,1000,20261001,953,3.426858873038623,1.142447807813607,0.3035,1,0,False,-0.008462937928484834,-0.015913719872684782,-0.05517363968410912,0.06255796778412509,7720.223067871094,6658.76402734375,1530.5047818750008,388.73780121875023,16,4.9,
norauto,TabPFN-V3,19,random,raw,0.0,1,2000,1000,20261001,1853,1.3123986564459225,1.142447807813607,0.3035,1,0,False,0.004914949757053347,-0.017824367130307894,0.0036291650726984347,0.2821519074833648,7706.540774902343,6666.53335078125,1505.7676647656258,353.5038998437502,12,4.9,
norauto,TabPFN-V3,19,clean,clip,200.0,1,2000,1000,20261001,-1,1.142447807813607,1.142447807813607,0.3035,,0,True,0.0,0.0,0.0,0.0,7708.625641601562,6641.9165828125,1504.1883834375008,339.19369554687523,12,0.0,
norauto,TabPFN-V3,19,visible,clip,200.0,1,2000,1000,20261001,953,3.426858873038623,1.142447807813607,0.3035,1,1,False,-0.0038205265912730816,-0.0019236634058226007,-0.02303337844639795,0.3841414244113052,7714.0332182617185,6645.003460156249,1510.6245303906258,380.6243582500003,14,4.7,
norauto,TabPFN-V3,19,random,clip,200.0,1,2000,1000,20261001,1853,1.3123986564459225,1.142447807813607,0.3035,1,0,True,0.004914949757053347,-0.017824367130307894,0.0036291650726984347,0.2821519074833648,7706.540774902343,6666.53335078125,1505.7676647656258,353.5038998437502,12,0.0,
norauto,TabICLv2,19,clean,raw,0.0,1,2000,1000,20261001,-1,1.142447807813607,1.142447807813607,0.3035,,0,False,0.0,0.0,0.0,0.0,7710.1898193359375,6515.76818671875,1640.0382076562512,336.1131994375002,3,0.0,
norauto,TabICLv2,19,visible,raw,0.0,1,2000,1000,20261001,953,3.426858873038623,1.142447807813607,0.3035,1,0,False,0.06188539604300003,0.0021974478551140837,-0.029973145524923257,0.16814388662827534,7718.173096191406,6543.705669921875,1857.3263849218763,398.0170641875003,4,2.8,
norauto,TabICLv2,19,random,raw,0.0,1,2000,1000,20261001,1853,1.3123986564459225,1.142447807813607,0.3035,1,0,False,0.037859725909399525,-0.0010874853223300112,0.1287678594322753,0.2038688027964822,7695.269069824219,6532.000856249999,1836.5208243750014,347.61199523437523,3,2.9,
norauto,TabICLv2,19,clean,clip,200.0,1,2000,1000,20261001,-1,1.142447807813607,1.142447807813607,0.3035,,0,True,0.0,0.0,0.0,0.0,7710.1898193359375,6515.76818671875,1640.0382076562512,336.1131994375002,3,0.0,
norauto,TabICLv2,19,visible,clip,200.0,1,2000,1000,20261001,953,3.426858873038623,1.142447807813607,0.3035,1,1,False,0.06892198179951423,-0.002985476064513132,0.23020567782006335,0.46547884318707383,7706.649067871093,6542.094746484375,2150.816692031252,393.7085215312503,2,2.8,
norauto,TabICLv2,19,random,clip,200.0,1,2000,1000,20261001,1853,1.3123986564459225,1.142447807813607,0.3035,1,0,True,0.037859725909399525,-0.0010874853223300112,0.1287678594322753,0.2038688027964822,7695.269069824219,6532.000856249999,1836.5208243750014,347.61199523437523,3,0.0,
norauto,GBM,19,clean,raw,0.0,1,2000,1000,20261001,-1,1.142447807813607,1.142447807813607,0.3035,,0,False,0.0,0.0,0.0,0.0,7778.57340058328,6571.018384640974,1496.203598045125,339.7591370922383,13,0.0,
norauto,GBM,19,visible,raw,0.0,1,2000,1000,20261001,953,3.426858873038623,1.142447807813607,0.3035,1,0,False,0.0,-0.0017935531183171682,-0.07015651437455177,0.1764508747340327,7778.57340058328,6610.250241574013,1928.6735005815156,368.5629651424914,21,1.9,
norauto,GBM,19,random,raw,0.0,1,2000,1000,20261001,1853,1.3123986564459225,1.142447807813607,0.3035,1,0,False,0.0012482488648704925,0.0048037529036302675,0.002185911116002527,0.014956207834348584,7814.204703085733,6592.909412783738,1547.3849806877415,359.4778508152156,12,1.8,
norauto,GBM,19,clean,clip,200.0,1,2000,1000,20261001,-1,1.142447807813607,1.142447807813607,0.3035,,0,True,0.0,0.0,0.0,0.0,7778.57340058328,6571.018384640974,1496.203598045125,339.7591370922383,13,0.0,
norauto,GBM,19,visible,clip,200.0,1,2000,1000,20261001,953,3.426858873038623,1.142447807813607,0.3035,1,1,False,0.0,-0.0017935531183171682,-0.07015651437455177,0.1764508747340327,7778.57340058328,6610.250241574013,1829.4689409530758,365.26329577417437,21,1.9,
norauto,GBM,19,random,clip,200.0,1,2000,1000,20261001,1853,1.3123986564459225,1.142447807813607,0.3035,1,0,True,0.0012482488648704925,0.0048037529036302675,0.002185911116002527,0.014956207834348584,7814.204703085733,6592.909412783738,1547.3849806877415,359.4778508152156,12,0.0,
AutoClaims,TabPFN-V3,0,clean,raw,0.0,1,2000,1000,20261001,-1,1.0385956421406712,1.0385956421406712,0.2515,,0,False,0.0,0.0,0.0,0.0,660.765277196045,600.8113817060547,191.51697920429694,64.40663911476565,10,0.0,
AutoClaims,TabPFN-V3,0,visible,raw,0.0,1,2000,1000,20261001,1984,2.1939582007294627,1.0385956421406712,0.2515,1,0,False,0.00040543857168655047,-0.008313175679265707,-0.043637833693675375,0.40514046868561615,661.333228112793,600.8584987226561,190.50893256367195,57.93080427296877,11,4.7,
AutoClaims,TabPFN-V3,0,random,raw,0.0,1,2000,1000,20261001,278,3.7115829613685465,1.0385956421406712,0.2515,1,0,False,-0.0009560943665031794,-0.03973606555501347,-0.0920001108432225,0.12322182149849187,661.7369035229493,603.5116733710938,191.34534716328128,57.751395858906285,13,5.0,
AutoClaims,TabPFN-V3,0,clean,clip,200.0,1,2000,1000,20261001,-1,1.0385956421406712,1.0385956421406712,0.2515,,0,True,0.0,0.0,0.0,0.0,660.765277196045,600.8113817060547,191.51697920429694,64.40663911476565,10,0.0,
AutoClaims,TabPFN-V3,0,visible,clip,200.0,1,2000,1000,20261001,1984,2.1939582007294627,1.0385956421406712,0.2515,1,0,True,0.00040543857168655047,-0.008313175679265707,-0.043637833693675375,0.40514046868561615,661.333228112793,600.8584987226561,190.50893256367195,57.93080427296877,11,0.0,
AutoClaims,TabPFN-V3,0,random,clip,200.0,1,2000,1000,20261001,278,3.7115829613685465,1.0385956421406712,0.2515,1,1,False,-0.0009715606840514424,-0.008857119664349029,-0.04436061952734742,0.40777819781555324,661.5128720678711,600.6759153730469,189.93419593281257,56.23599257375003,11,4.7,
AutoClaims,TabICLv2,0,clean,raw,0.0,1,2000,1000,20261001,-1,1.0385956421406712,1.0385956421406712,0.2515,,0,False,0.0,0.0,0.0,0.0,656.3538440222168,602.0778767695313,196.67352521015636,72.80815359621096,7,0.0,
AutoClaims,TabICLv2,0,visible,raw,0.0,1,2000,1000,20261001,1984,2.1939582007294627,1.0385956421406712,0.2515,1,0,False,0.046560734852291105,0.0471810733524711,0.1329691413942402,0.2756908986405103,655.6626364990234,608.4025484736327,222.61875987812513,70.53200452101564,6,2.8,
AutoClaims,TabICLv2,0,random,raw,0.0,1,2000,1000,20261001,278,3.7115829613685465,1.0385956421406712,0.2515,1,0,False,0.04193629144103626,0.08113252167920129,-0.07837404526074093,0.04277392653458459,655.2707037927246,608.4281247089842,208.8648623830079,75.79494517726565,9,2.8,
AutoClaims,TabICLv2,0,clean,clip,200.0,1,2000,1000,20261001,-1,1.0385956421406712,1.0385956421406712,0.2515,,0,True,0.0,0.0,0.0,0.0,656.3538440222168,602.0778767695313,196.67352521015636,72.80815359621096,7,0.0,
AutoClaims,TabICLv2,0,visible,clip,200.0,1,2000,1000,20261001,1984,2.1939582007294627,1.0385956421406712,0.2515,1,0,True,0.046560734852291105,0.0471810733524711,0.1329691413942402,0.2756908986405103,655.6626364990234,608.4025484736327,222.61875987812513,70.53200452101564,6,0.0,
AutoClaims,TabICLv2,0,random,clip,200.0,1,2000,1000,20261001,278,3.7115829613685465,1.0385956421406712,0.2515,1,1,False,0.037450032355271425,0.040295638244031,0.11971199708993381,0.25085601839639754,655.5437016723633,608.8136595332031,222.71503063007827,72.57215064015627,6,2.7,
AutoClaims,GBM,0,clean,raw,0.0,1,2000,1000,20261001,-1,1.0385956421406712,1.0385956421406712,0.2515,,0,False,0.0,0.0,0.0,0.0,659.9829584603153,610.4226113403779,208.1160002393194,76.15052816945835,17,0.0,
AutoClaims,GBM,0,visible,raw,0.0,1,2000,1000,20261001,1984,2.1939582007294627,1.0385956421406712,0.2515,1,0,False,0.0,-0.001579945582417865,-0.011004980737585959,0.012065668364369312,659.9829584603153,608.2966923038817,216.6573340519477,69.87945514286842,23,1.6,
AutoClaims,GBM,0,random,raw,0.0,1,2000,1000,20261001,278,3.7115829613685465,1.0385956421406712,0.2515,1,0,False,0.0,-0.017123457671460472,-0.01694597653206609,-0.17198864914054024,659.9829584603153,613.2555010504705,217.09992509349027,159.11925551285023,21,1.6,
AutoClaims,GBM,0,clean,clip,200.0,1,2000,1000,20261001,-1,1.0385956421406712,1.0385956421406712,0.2515,,0,True,0.0,0.0,0.0,0.0,659.9829584603153,610.4226113403779,208.1160002393194,76.15052816945835,17,0.0,
AutoClaims,GBM,0,visible,clip,200.0,1,2000,1000,20261001,1984,2.1939582007294627,1.0385956421406712,0.2515,1,0,True,0.0,-0.001579945582417865,-0.011004980737585959,0.012065668364369312,659.9829584603153,608.2966923038817,216.6573340519477,69.87945514286842,23,0.0,
AutoClaims,GBM,0,random,clip,200.0,1,2000,1000,20261001,278,3.7115829613685465,1.0385956421406712,0.2515,1,1,False,0.0,-0.017123457671460472,-0.01694597653206609,-0.17019511939313955,659.9829584603153,613.2555010504705,217.09992509349027,125.71966763809884,21,1.6,
AutoClaims,TabPFN-V3,1,clean,raw,0.0,1,2000,1000,20261001,-1,1.028154910734518,1.028154910734518,0.2815,,0,False,0.0,0.0,0.0,0.0,653.8935045507814,584.9132659501953,177.44902408085946,63.38665215125002,9,0.0,
AutoClaims,TabPFN-V3,1,visible,raw,0.0,1,2000,1000,20261001,234,2.161815062584071,1.028154910734518,0.2815,1,0,False,-0.010531455765215048,-0.016992978598680195,-0.013233689721736058,0.3560884406371022,654.7449947619629,585.3986039238281,176.9986037000001,55.71391193250002,10,4.9,
AutoClaims,TabPFN-V3,1,random,raw,0.0,1,2000,1000,20261001,205,1.3768480160294991,1.028154910734518,0.2815,1,0,False,-0.029272912795199883,-0.028305735195880165,0.03649224955966016,0.34827081311404295,655.3497716430664,586.6543655546875,178.17826394414072,55.70666200476565,8,4.8,
AutoClaims,TabPFN-V3,1,clean,clip,200.0,1,2000,1000,20261001,-1,1.028154910734518,1.028154910734518,0.2815,,0,True,0.0,0.0,0.0,0.0,653.8935045507814,584.9132659501953,177.44902408085946,63.38665215125002,9,0.0,
AutoClaims,TabPFN-V3,1,visible,clip,200.0,1,2000,1000,20261001,234,2.161815062584071,1.028154910734518,0.2815,1,0,True,-0.010531455765215048,-0.016992978598680195,-0.013233689721736058,0.3560884406371022,654.7449947619629,585.3986039238281,176.9986037000001,55.71391193250002,10,0.0,
AutoClaims,TabPFN-V3,1,random,clip,200.0,1,2000,1000,20261001,205,1.3768480160294991,1.028154910734518,0.2815,1,0,True,-0.029272912795199883,-0.028305735195880165,0.03649224955966016,0.34827081311404295,655.3497716430664,586.6543655546875,178.17826394414072,55.70666200476565,8,0.0,
AutoClaims,TabICLv2,1,clean,raw,0.0,1,2000,1000,20261001,-1,1.028154910734518,1.028154910734518,0.2815,,0,False,0.0,0.0,0.0,0.0,649.9224369140625,589.165257151367,182.23974386601571,72.83991788367187,7,0.0,
AutoClaims,TabICLv2,1,visible,raw,0.0,1,2000,1000,20261001,234,2.161815062584071,1.028154910734518,0.2815,1,0,False,0.08770585191494226,0.07218882527037845,0.27120939679528566,0.42963940609560264,649.0944534118653,592.0403421855469,201.56615318242206,53.275492196171896,3,2.8,
AutoClaims,TabICLv2,1,random,raw,0.0,1,2000,1000,20261001,205,1.3768480160294991,1.028154910734518,0.2815,1,0,False,0.012230316033321196,0.04731922032385467,0.25208504639395135,0.293487717351389,649.7325038183593,591.9257730009765,202.16574743046885,61.43363717859379,3,2.8,
AutoClaims,TabICLv2,1,clean,clip,200.0,1,2000,1000,20261001,-1,1.028154910734518,1.028154910734518,0.2815,,0,True,0.0,0.0,0.0,0.0,649.9224369140625,589.165257151367,182.23974386601571,72.83991788367187,7,0.0,
AutoClaims,TabICLv2,1,visible,clip,200.0,1,2000,1000,20261001,234,2.161815062584071,1.028154910734518,0.2815,1,0,True,0.08770585191494226,0.07218882527037845,0.27120939679528566,0.42963940609560264,649.0944534118653,592.0403421855469,201.56615318242206,53.275492196171896,3,0.0,
AutoClaims,TabICLv2,1,random,clip,200.0,1,2000,1000,20261001,205,1.3768480160294991,1.028154910734518,0.2815,1,0,True,0.012230316033321196,0.04731922032385467,0.25208504639395135,0.293487717351389,649.7325038183593,591.9257730009765,202.16574743046885,61.43363717859379,3,0.0,
AutoClaims,GBM,1,clean,raw,0.0,1,2000,1000,20261001,-1,1.028154910734518,1.028154910734518,0.2815,,0,False,0.0,0.0,0.0,0.0,656.0041330701528,589.390658429202,195.54190001498918,73.66228352341426,15,0.0,
AutoClaims,GBM,1,visible,raw,0.0,1,2000,1000,20261001,234,2.161815062584071,1.028154910734518,0.2815,1,0,False,0.0,0.003427658770948034,0.00872934924368656,-0.04824456682149338,656.0041330701528,588.7347248332776,200.14108149819762,90.68470946753767,11,1.7,
AutoClaims,GBM,1,random,raw,0.0,1,2000,1000,20261001,205,1.3768480160294991,1.028154910734518,0.2815,1,0,False,0.0,0.0011849977315640961,-0.02250617949741987,-0.03203173223557612,656.0041330701528,591.8700972633341,204.56567672115355,73.7997034919624,17,1.7,
AutoClaims,GBM,1,clean,clip,200.0,1,2000,1000,20261001,-1,1.028154910734518,1.028154910734518,0.2815,,0,True,0.0,0.0,0.0,0.0,656.0041330701528,589.390658429202,195.54190001498918,73.66228352341426,15,0.0,
AutoClaims,GBM,1,visible,clip,200.0,1,2000,1000,20261001,234,2.161815062584071,1.028154910734518,0.2815,1,0,True,0.0,0.003427658770948034,0.00872934924368656,-0.04824456682149338,656.0041330701528,588.7347248332776,200.14108149819762,90.68470946753767,11,0.0,
AutoClaims,GBM,1,random,clip,200.0,1,2000,1000,20261001,205,1.3768480160294991,1.028154910734518,0.2815,1,0,True,0.0,0.0011849977315640961,-0.02250617949741987,-0.03203173223557612,656.0041330701528,591.8700972633341,204.56567672115355,73.7997034919624,17,0.0,
AutoClaims,TabPFN-V3,2,clean,raw,0.0,1,2000,1000,20261001,-1,1.0266632217718497,1.0266632217718497,0.2885,,0,False,0.0,0.0,0.0,0.0,631.4626321875,572.9539868583984,147.1983807390626,22.944948974296896,14,0.0,
AutoClaims,TabPFN-V3,2,visible,raw,0.0,1,2000,1000,20261001,671,6.556341618267597,1.0266632217718497,0.2885,1,0,False,0.04349344423691209,-0.021991798749100906,-0.09680080353859472,0.027165376756736047,631.48188227417,575.9018348271484,155.48484369804694,22.85283029851564,21,4.7,
AutoClaims,TabPFN-V3,2,random,raw,0.0,1,2000,1000,20261001,432,1.953679182507514,1.0266632217718497,0.2885,1,0,False,0.010227669033859731,-0.0206079159807757,0.009225103774152149,0.36366044072784165,631.4920875402833,575.3921682304687,147.32873545585946,26.4965681071094,14,4.7,
AutoClaims,TabPFN-V3,2,clean,clip,200.0,1,2000,1000,20261001,-1,1.0266632217718497,1.0266632217718497,0.2885,,0,True,0.0,0.0,0.0,0.0,631.4626321875,572.9539868583984,147.1983807390626,22.944948974296896,14,0.0,
AutoClaims,TabPFN-V3,2,visible,clip,200.0,1,2000,1000,20261001,671,6.556341618267597,1.0266632217718497,0.2885,1,1,False,-0.0078392381627084,-0.017234314055314934,-0.03693266649359766,0.3025521796245485,631.6857330566407,575.306815569336,149.90016001640632,25.205431441093772,14,4.9,
AutoClaims,TabPFN-V3,2,random,clip,200.0,1,2000,1000,20261001,432,1.953679182507514,1.0266632217718497,0.2885,1,0,True,0.010227669033859731,-0.0206079159807757,0.009225103774152149,0.36366044072784165,631.4920875402833,575.3921682304687,147.32873545585946,26.4965681071094,14,0.0,
AutoClaims,TabICLv2,2,clean,raw,0.0,1,2000,1000,20261001,-1,1.0266632217718497,1.0266632217718497,0.2885,,0,False,0.0,0.0,0.0,0.0,631.4567380334473,579.2451718144531,147.38008404960948,23.14462678777345,11,0.0,
AutoClaims,TabICLv2,2,visible,raw,0.0,1,2000,1000,20261001,671,6.556341618267597,1.0266632217718497,0.2885,1,0,False,0.0526329045502142,0.16558135940963603,-0.023452880191018974,0.12862190426558645,633.3779071362305,595.6026127617187,155.21904037773447,26.668159517265643,13,2.8,
AutoClaims,TabICLv2,2,random,raw,0.0,1,2000,1000,20261001,432,1.953679182507514,1.0266632217718497,0.2885,1,0,False,0.07194604068160151,0.07724024800947013,0.3138677564102174,0.4465888282809174,634.3478981079102,583.6697770585937,162.2869934734376,23.39907736882815,5,2.8,
AutoClaims,TabICLv2,2,clean,clip,200.0,1,2000,1000,20261001,-1,1.0266632217718497,1.0266632217718497,0.2885,,0,True,0.0,0.0,0.0,0.0,631.4567380334473,579.2451718144531,147.38008404960948,23.14462678777345,11,0.0,
AutoClaims,TabICLv2,2,visible,clip,200.0,1,2000,1000,20261001,671,6.556341618267597,1.0266632217718497,0.2885,1,1,False,0.10057567986144192,0.09390654634306723,0.2578038637983424,0.40789755451138077,635.8600942944336,584.5205143144531,161.57859414726573,23.973154995781268,6,2.8,
AutoClaims,TabICLv2,2,random,clip,200.0,1,2000,1000,20261001,432,1.953679182507514,1.0266632217718497,0.2885,1,0,True,0.07194604068160151,0.07724024800947013,0.3138677564102174,0.4465888282809174,634.3478981079102,583.6697770585937,162.2869934734376,23.39907736882815,5,0.0,
AutoClaims,GBM,2,clean,raw,0.0,1,2000,1000,20261001,-1,1.0266632217718497,1.0266632217718497,0.2885,,0,False,0.0,0.0,0.0,0.0,632.4219313082631,589.3359062800091,148.69282432708292,23.32630389914703,16,0.0,
AutoClaims,GBM,2,visible,raw,0.0,1,2000,1000,20261001,671,6.556341618267597,1.0266632217718497,0.2885,1,0,False,0.0,0.0,0.008225137776077062,-0.019384018646953754,632.4219313082631,589.3359062800091,192.62273436468803,25.27566111065247,16,1.7,
AutoClaims,GBM,2,random,raw,0.0,1,2000,1000,20261001,432,1.953679182507514,1.0266632217718497,0.2885,1,0,False,0.0,0.0025364680493076244,0.013326070743125477,8.490518368644457e-11,632.4219313082631,586.7537302427168,167.33986905341143,23.268497408621712,20,1.7,
AutoClaims,GBM,2,clean,clip,200.0,1,2000,1000,20261001,-1,1.0266632217718497,1.0266632217718497,0.2885,,0,True,0.0,0.0,0.0,0.0,632.4219313082631,589.3359062800091,148.69282432708292,23.32630389914703,16,0.0,
AutoClaims,GBM,2,visible,clip,200.0,1,2000,1000,20261001,671,6.556341618267597,1.0266632217718497,0.2885,1,1,False,0.0,0.0,0.008225137776077062,-0.019384018646953754,632.4219313082631,589.3359062800091,161.43227452665909,25.27566111065247,16,1.7,
AutoClaims,GBM,2,random,clip,200.0,1,2000,1000,20261001,432,1.953679182507514,1.0266632217718497,0.2885,1,0,True,0.0,0.0025364680493076244,0.013326070743125477,8.490518368644457e-11,632.4219313082631,586.7537302427168,167.33986905341143,23.268497408621712,20,0.0,
AutoClaims,TabPFN-V3,3,clean,raw,0.0,1,2000,1000,20261001,-1,1.1250754354545565,1.1250754354545565,0.2435,,0,False,0.0,0.0,0.0,0.0,653.9524519091798,592.8884968310547,156.1966139628907,25.81340346171877,16,0.0,
AutoClaims,TabPFN-V3,3,visible,raw,0.0,1,2000,1000,20261001,403,11.678831176584636,1.1250754354545565,0.2435,1,0,False,0.15251939420593838,0.2786533026212592,-0.15917478404300028,0.014739836955751722,654.9840209826659,590.2500975585938,167.97360515429693,25.83598903984377,22,4.7,
AutoClaims,TabPFN-V3,3,random,raw,0.0,1,2000,1000,20261001,1550,1.1082721999011431,1.1250754354545565,0.2435,1,0,False,0.0016020627270630907,-0.007721310390939339,0.0010762814776489205,0.1016174835354336,654.116035349121,593.590056743164,155.2265918925782,26.786742217578148,15,4.8,
AutoClaims,TabPFN-V3,3,clean,clip,200.0,1,2000,1000,20261001,-1,1.1250754354545565,1.1250754354545565,0.2435,,0,True,0.0,0.0,0.0,0.0,653.9524519091798,592.8884968310547,156.1966139628907,25.81340346171877,16,0.0,
AutoClaims,TabPFN-V3,3,visible,clip,200.0,1,2000,1000,20261001,403,11.678831176584636,1.1250754354545565,0.2435,1,1,False,-0.013841203964924517,-0.016091816516305184,-0.0639851687509707,0.3445618490695061,654.5474638500976,594.6540396777342,157.09764180468756,32.13024342265628,18,4.6,
AutoClaims,TabPFN-V3,3,random,clip,200.0,1,2000,1000,20261001,1550,1.1082721999011431,1.1250754354545565,0.2435,1,0,True,0.0016020627270630907,-0.007721310390939339,0.0010762814776489205,0.1016174835354336,654.116035349121,593.590056743164,155.2265918925782,26.786742217578148,15,0.0,
AutoClaims,TabICLv2,3,clean,raw,0.0,1,2000,1000,20261001,-1,1.1250754354545565,1.1250754354545565,0.2435,,0,False,0.0,0.0,0.0,0.0,656.8728704772949,592.037182314453,159.48541218554698,27.84429765410158,7,0.0,
AutoClaims,TabICLv2,3,visible,raw,0.0,1,2000,1000,20261001,403,11.678831176584636,1.1250754354545565,0.2435,1,0,False,-0.0017988429185357702,0.11138200432274808,-0.14354940667520683,0.13236801497887904,660.5902391894531,595.9244534082031,156.50881230273447,28.47073557500002,11,2.9,
AutoClaims,TabICLv2,3,random,raw,0.0,1,2000,1000,20261001,1550,1.1082721999011431,1.1250754354545565,0.2435,1,0,False,0.019335637652167004,0.01595330896007628,0.04117145323222596,0.05836160819908373,656.6940877307128,595.1112063623046,163.08159579882823,27.595251538867203,6,2.8,
AutoClaims,TabICLv2,3,clean,clip,200.0,1,2000,1000,20261001,-1,1.1250754354545565,1.1250754354545565,0.2435,,0,True,0.0,0.0,0.0,0.0,656.8728704772949,592.037182314453,159.48541218554698,27.84429765410158,7,0.0,
AutoClaims,TabICLv2,3,visible,clip,200.0,1,2000,1000,20261001,403,11.678831176584636,1.1250754354545565,0.2435,1,1,False,0.08516394001288391,0.06569332653601373,0.16679217550769343,0.34056263681771387,657.77258913208,588.420277055664,180.21211809375015,29.752232141406274,3,2.8,
AutoClaims,TabICLv2,3,random,clip,200.0,1,2000,1000,20261001,1550,1.1082721999011431,1.1250754354545565,0.2435,1,0,True,0.019335637652167004,0.01595330896007628,0.04117145323222596,0.05836160819908373,656.6940877307128,595.1112063623046,163.08159579882823,27.595251538867203,6,0.0,
AutoClaims,GBM,3,clean,raw,0.0,1,2000,1000,20261001,-1,1.1250754354545565,1.1250754354545565,0.2435,,0,False,0.0,0.0,0.0,0.0,658.1251694873104,610.6247897941848,169.2520547374325,39.56602867329988,22,0.0,
AutoClaims,GBM,3,visible,raw,0.0,1,2000,1000,20261001,403,11.678831176584636,1.1250754354545565,0.2435,1,0,False,0.0,0.0,0.025375363542783653,3.0480894918895e-07,658.1251694873104,610.6247897941848,167.53708532773865,242.99314142874547,22,1.7,
AutoClaims,GBM,3,random,raw,0.0,1,2000,1000,20261001,1550,1.1082721999011431,1.1250754354545565,0.2435,1,0,False,0.004535071897639658,0.004932752780289276,0.004848404166467295,0.06335018596347901,656.7594390466955,610.840620847807,175.7259176503675,50.813612600233476,23,1.7,
AutoClaims,GBM,3,clean,clip,200.0,1,2000,1000,20261001,-1,1.1250754354545565,1.1250754354545565,0.2435,,0,True,0.0,0.0,0.0,0.0,658.1251694873104,610.6247897941848,169.2520547374325,39.56602867329988,22,0.0,
AutoClaims,GBM,3,visible,clip,200.0,1,2000,1000,20261001,403,11.678831176584636,1.1250754354545565,0.2435,1,1,False,0.0,0.0,0.025375363542783653,-0.018462046467032686,658.1251694873104,610.6247897941848,167.53708532773865,68.23609131938831,22,1.7,
AutoClaims,GBM,3,random,clip,200.0,1,2000,1000,20261001,1550,1.1082721999011431,1.1250754354545565,0.2435,1,0,True,0.004535071897639658,0.004932752780289276,0.004848404166467295,0.06335018596347901,656.7594390466955,610.840620847807,175.7259176503675,50.813612600233476,23,0.0,
AutoClaims,TabPFN-V3,4,clean,raw,0.0,1,2000,1000,20261001,-1,1.0409399481405925,1.0409399481405925,0.2745,,0,False,0.0,0.0,0.0,0.0,662.2181462805175,600.224108366211,164.56065890937512,59.32907476593751,8,0.0,
AutoClaims,TabPFN-V3,4,visible,raw,0.0,1,2000,1000,20261001,544,2.2326181884716134,1.0409399481405925,0.2745,1,0,False,0.010750298554071325,-0.005726697321697898,-0.016711528843461405,0.3153051585068603,662.6306380895996,602.2397980781249,164.1099423175782,58.47308103937502,8,4.7,
AutoClaims,TabPFN-V3,4,random,raw,0.0,1,2000,1000,20261001,1836,1.0980157191000768,1.0409399481405925,0.2745,1,0,False,-0.003878704834141862,-0.008468092126315274,0.022629073026362283,0.09123816377161673,662.3473747912598,601.0623406513671,165.79880347968756,59.48303314875002,7,4.6,
AutoClaims,TabPFN-V3,4,clean,clip,200.0,1,2000,1000,20261001,-1,1.0409399481405925,1.0409399481405925,0.2745,,0,True,0.0,0.0,0.0,0.0,662.2181462805175,600.224108366211,164.56065890937512,59.32907476593751,8,0.0,
AutoClaims,TabPFN-V3,4,visible,clip,200.0,1,2000,1000,20261001,544,2.2326181884716134,1.0409399481405925,0.2745,1,0,True,0.010750298554071325,-0.005726697321697898,-0.016711528843461405,0.3153051585068603,662.6306380895996,602.2397980781249,164.1099423175782,58.47308103937502,8,0.0,
AutoClaims,TabPFN-V3,4,random,clip,200.0,1,2000,1000,20261001,1836,1.0980157191000768,1.0409399481405925,0.2745,1,0,True,-0.003878704834141862,-0.008468092126315274,0.022629073026362283,0.09123816377161673,662.3473747912598,601.0623406513671,165.79880347968756,59.48303314875002,7,0.0,
AutoClaims,TabICLv2,4,clean,raw,0.0,1,2000,1000,20261001,-1,1.0409399481405925,1.0409399481405925,0.2745,,0,False,0.0,0.0,0.0,0.0,658.9492231335449,596.2658810712891,170.04959314765634,59.55037952863281,5,0.0,
AutoClaims,TabICLv2,4,visible,raw,0.0,1,2000,1000,20261001,544,2.2326181884716134,1.0409399481405925,0.2745,1,0,False,0.09621569207448312,0.06711843600068795,0.21626640155765076,0.37594062361487246,659.724565378418,599.9156678583983,191.06090797187514,48.5518318186719,3,2.8,
AutoClaims,TabICLv2,4,random,raw,0.0,1,2000,1000,20261001,1836,1.0980157191000768,1.0409399481405925,0.2745,1,0,False,-0.012498507680355722,0.02631101739446961,0.10208632350096064,0.10024581775513393,658.6703210900879,597.127895080078,177.55799909492197,57.229723851875,4,2.7,
AutoClaims,TabICLv2,4,clean,clip,200.0,1,2000,1000,20261001,-1,1.0409399481405925,1.0409399481405925,0.2745,,0,True,0.0,0.0,0.0,0.0,658.9492231335449,596.2658810712891,170.04959314765634,59.55037952863281,5,0.0,
AutoClaims,TabICLv2,4,visible,clip,200.0,1,2000,1000,20261001,544,2.2326181884716134,1.0409399481405925,0.2745,1,0,True,0.09621569207448312,0.06711843600068795,0.21626640155765076,0.37594062361487246,659.724565378418,599.9156678583983,191.06090797187514,48.5518318186719,3,0.0,
AutoClaims,TabICLv2,4,random,clip,200.0,1,2000,1000,20261001,1836,1.0980157191000768,1.0409399481405925,0.2745,1,0,True,-0.012498507680355722,0.02631101739446961,0.10208632350096064,0.10024581775513393,658.6703210900879,597.127895080078,177.55799909492197,57.229723851875,4,0.0,
AutoClaims,GBM,4,clean,raw,0.0,1,2000,1000,20261001,-1,1.0409399481405925,1.0409399481405925,0.2745,,0,False,0.0,0.0,0.0,0.0,664.8382964504511,589.7417317709969,181.4853579383839,59.158882314785295,11,0.0,
AutoClaims,GBM,4,visible,raw,0.0,1,2000,1000,20261001,544,2.2326181884716134,1.0409399481405925,0.2745,1,0,False,0.0,-0.007435842614025872,0.014532458853491475,0.12150348207115506,664.8382964504511,592.3651253181476,186.04412889694868,87.42192313780129,14,1.7,
AutoClaims,GBM,4,random,raw,0.0,1,2000,1000,20261001,1836,1.0980157191000768,1.0409399481405925,0.2745,1,0,False,-0.0034346580107106443,0.003819627723313224,0.004691814858726877,0.051143782954184036,664.9073945511464,590.9438349545302,181.237691525481,76.1325666740936,11,1.8,
AutoClaims,GBM,4,clean,clip,200.0,1,2000,1000,20261001,-1,1.0409399481405925,1.0409399481405925,0.2745,,0,True,0.0,0.0,0.0,0.0,664.8382964504511,589.7417317709969,181.4853579383839,59.158882314785295,11,0.0,
AutoClaims,GBM,4,visible,clip,200.0,1,2000,1000,20261001,544,2.2326181884716134,1.0409399481405925,0.2745,1,0,True,0.0,-0.007435842614025872,0.014532458853491475,0.12150348207115506,664.8382964504511,592.3651253181476,186.04412889694868,87.42192313780129,14,0.0,
AutoClaims,GBM,4,random,clip,200.0,1,2000,1000,20261001,1836,1.0980157191000768,1.0409399481405925,0.2745,1,0,True,-0.0034346580107106443,0.003819627723313224,0.004691814858726877,0.051143782954184036,664.9073945511464,590.9438349545302,181.237691525481,76.1325666740936,11,0.0,
AutoClaims,TabPFN-V3,5,clean,raw,0.0,1,2000,1000,20261001,-1,1.147842726457856,1.147842726457856,0.268,,0,False,0.0,0.0,0.0,0.0,643.0766375024414,606.3220345302734,217.8492174378907,68.82257496351565,16,0.0,
AutoClaims,TabPFN-V3,5,visible,raw,0.0,1,2000,1000,20261001,109,2.0650141460318947,1.147842726457856,0.268,1,0,False,0.0035916721596887928,-0.0060787858890819155,-0.04786956320164241,0.1381043617447521,643.2023412536621,607.4268267910155,222.70640911757818,56.784340791640645,17,4.7,
AutoClaims,TabPFN-V3,5,random,raw,0.0,1,2000,1000,20261001,1349,4.331733870312388,1.147842726457856,0.268,1,0,False,-0.021107654290579737,-0.0540409840311708,-0.04532194842633894,0.021090422246062272,644.0521192211913,608.9008810292969,220.30948735976574,71.10176400941408,18,4.7,
AutoClaims,TabPFN-V3,5,clean,clip,200.0,1,2000,1000,20261001,-1,1.147842726457856,1.147842726457856,0.268,,0,True,0.0,0.0,0.0,0.0,643.0766375024414,606.3220345302734,217.8492174378907,68.82257496351565,16,0.0,
AutoClaims,TabPFN-V3,5,visible,clip,200.0,1,2000,1000,20261001,109,2.0650141460318947,1.147842726457856,0.268,1,0,True,0.0035916721596887928,-0.0060787858890819155,-0.04786956320164241,0.1381043617447521,643.2023412536621,607.4268267910155,222.70640911757818,56.784340791640645,17,0.0,
AutoClaims,TabPFN-V3,5,random,clip,200.0,1,2000,1000,20261001,1349,4.331733870312388,1.147842726457856,0.268,1,1,False,-0.007721342381880141,-0.012678637421250302,-0.05500354572912396,0.12807734980519755,643.6340359826661,607.9467537880859,223.0098732582032,59.58958785218751,18,4.9,
AutoClaims,TabICLv2,5,clean,raw,0.0,1,2000,1000,20261001,-1,1.147842726457856,1.147842726457856,0.268,,0,False,0.0,0.0,0.0,0.0,641.2650979382324,616.5679820839844,208.8324411000001,68.27712286781252,9,0.0,
AutoClaims,TabICLv2,5,visible,raw,0.0,1,2000,1000,20261001,109,2.0650141460318947,1.147842726457856,0.268,1,0,False,0.11969415142225995,0.04785833753748897,0.15430301210298836,0.31721268795592533,643.5685630761718,616.663132899414,213.91814561171887,45.17275586585939,8,2.8,
AutoClaims,TabICLv2,5,random,raw,0.0,1,2000,1000,20261001,1349,4.331733870312388,1.147842726457856,0.268,1,0,False,0.0948285491256278,0.08696744778931163,-0.12072968733918724,0.004788879496904333,643.1853906445313,627.2943195058592,224.03462743789072,75.98919606605469,11,2.7,
AutoClaims,TabICLv2,5,clean,clip,200.0,1,2000,1000,20261001,-1,1.147842726457856,1.147842726457856,0.268,,0,True,0.0,0.0,0.0,0.0,641.2650979382324,616.5679820839844,208.8324411000001,68.27712286781252,9,0.0,
AutoClaims,TabICLv2,5,visible,clip,200.0,1,2000,1000,20261001,109,2.0650141460318947,1.147842726457856,0.268,1,0,True,0.11969415142225995,0.04785833753748897,0.15430301210298836,0.31721268795592533,643.5685630761718,616.663132899414,213.91814561171887,45.17275586585939,8,0.0,
AutoClaims,TabICLv2,5,random,clip,200.0,1,2000,1000,20261001,1349,4.331733870312388,1.147842726457856,0.268,1,1,False,0.12785987906850538,0.048945973830341494,0.15762097075315734,0.33413129750374876,643.2658155859375,617.5880762978516,218.04703235976578,44.654459043593775,7,2.8,
AutoClaims,GBM,5,clean,raw,0.0,1,2000,1000,20261001,-1,1.147842726457856,1.147842726457856,0.268,,0,False,0.0,0.0,0.0,0.0,642.6147211331605,618.4682162321342,223.60173551005045,84.01441577366131,22,0.0,
AutoClaims,GBM,5,visible,raw,0.0,1,2000,1000,20261001,109,2.0650141460318947,1.147842726457856,0.268,1,0,False,0.0,-0.003179354976383719,0.007483111236316896,-0.007319679743276659,642.6147211331605,608.68133949113,222.56383155136382,92.88491977250081,17,1.8,
AutoClaims,GBM,5,random,raw,0.0,1,2000,1000,20261001,1349,4.331733870312388,1.147842726457856,0.268,1,0,False,0.0,-0.008478858890813713,-0.002764640866610002,-0.027308132787645135,642.6147211331605,619.0142489457971,251.09838708891726,128.20027268011134,20,1.8,
AutoClaims,GBM,5,clean,clip,200.0,1,2000,1000,20261001,-1,1.147842726457856,1.147842726457856,0.268,,0,True,0.0,0.0,0.0,0.0,642.6147211331605,618.4682162321342,223.60173551005045,84.01441577366131,22,0.0,
AutoClaims,GBM,5,visible,clip,200.0,1,2000,1000,20261001,109,2.0650141460318947,1.147842726457856,0.268,1,0,True,0.0,-0.003179354976383719,0.007483111236316896,-0.007319679743276659,642.6147211331605,608.68133949113,222.56383155136382,92.88491977250081,17,0.0,
AutoClaims,GBM,5,random,clip,200.0,1,2000,1000,20261001,1349,4.331733870312388,1.147842726457856,0.268,1,1,False,0.0,-0.008478858890813713,-0.002764640866610002,-0.0246372678707782,642.6147211331605,619.0142489457971,243.069686433617,127.13759995318114,20,1.8,
AutoClaims,TabPFN-V3,6,clean,raw,0.0,1,2000,1000,20261001,-1,1.1322601012187616,1.1322601012187616,0.2415,,0,False,0.0,0.0,0.0,0.0,637.9947514624023,587.2607685380858,165.78839833085948,28.367711898515648,18,0.0,
AutoClaims,TabPFN-V3,6,visible,raw,0.0,1,2000,1000,20261001,1397,3.657421952369639,1.1322601012187616,0.2415,1,0,False,0.0023789702458764913,-0.030710419762063762,-0.08662794391696846,0.007871311741577663,637.2912339233399,588.7995026982422,165.12238875078134,28.49254417976565,21,4.8,
AutoClaims,TabPFN-V3,6,random,raw,0.0,1,2000,1000,20261001,1102,1.2827505997052204,1.1322601012187616,0.2415,1,0,False,-0.011866843202761612,-0.01962049202572649,-0.013582170867387524,0.17187740064491558,638.6584864831543,588.5248171220702,167.1151183796876,26.666715900468773,18,4.7,
AutoClaims,TabPFN-V3,6,clean,clip,200.0,1,2000,1000,20261001,-1,1.1322601012187616,1.1322601012187616,0.2415,,0,True,0.0,0.0,0.0,0.0,637.9947514624023,587.2607685380858,165.78839833085948,28.367711898515648,18,0.0,
AutoClaims,TabPFN-V3,6,visible,clip,200.0,1,2000,1000,20261001,1397,3.657421952369639,1.1322601012187616,0.2415,1,1,False,0.001465966758693304,-0.011791635078654692,-0.055306259586721265,0.27189546413414256,637.0041321044922,588.5641522978515,166.04471274492198,29.8357547149219,18,4.7,
AutoClaims,TabPFN-V3,6,random,clip,200.0,1,2000,1000,20261001,1102,1.2827505997052204,1.1322601012187616,0.2415,1,0,True,-0.011866843202761612,-0.01962049202572649,-0.013582170867387524,0.17187740064491558,638.6584864831543,588.5248171220702,167.1151183796876,26.666715900468773,18,0.0,
AutoClaims,TabICLv2,6,clean,raw,0.0,1,2000,1000,20261001,-1,1.1322601012187616,1.1322601012187616,0.2415,,0,False,0.0,0.0,0.0,0.0,633.7734340026856,592.3209732451171,171.3608947566407,34.585166502031264,12,0.0,
AutoClaims,TabICLv2,6,visible,raw,0.0,1,2000,1000,20261001,1397,3.657421952369639,1.1322601012187616,0.2415,1,0,False,0.1052884177917637,0.08390619211879986,0.02319526762688101,0.2253195915920148,631.8658621240234,598.0505625664061,186.44789260332044,26.56527987507815,11,2.8,
AutoClaims,TabICLv2,6,random,raw,0.0,1,2000,1000,20261001,1102,1.2827505997052204,1.1322601012187616,0.2415,1,0,False,0.04146157764706893,0.021525571183930493,0.15028405466252448,0.20483646130250635,633.3984392700195,590.3693394267577,179.76036002031262,29.281232885820337,8,2.8,
AutoClaims,TabICLv2,6,clean,clip,200.0,1,2000,1000,20261001,-1,1.1322601012187616,1.1322601012187616,0.2415,,0,True,0.0,0.0,0.0,0.0,633.7734340026856,592.3209732451171,171.3608947566407,34.585166502031264,12,0.0,
AutoClaims,TabICLv2,6,visible,clip,200.0,1,2000,1000,20261001,1397,3.657421952369639,1.1322601012187616,0.2415,1,1,False,0.10250422684877314,0.06634198090644342,0.1952979663524898,0.3621214260162601,632.6315115771484,594.7186123173828,189.36716533281265,26.362734771562522,8,2.7,
AutoClaims,TabICLv2,6,random,clip,200.0,1,2000,1000,20261001,1102,1.2827505997052204,1.1322601012187616,0.2415,1,0,True,0.04146157764706893,0.021525571183930493,0.15028405466252448,0.20483646130250635,633.3984392700195,590.3693394267577,179.76036002031262,29.281232885820337,8,0.0,
AutoClaims,GBM,6,clean,raw,0.0,1,2000,1000,20261001,-1,1.1322601012187616,1.1322601012187616,0.2415,,0,False,0.0,0.0,0.0,0.0,636.4010721540996,605.3767283730198,166.56136135553976,26.87906974426866,21,0.0,
AutoClaims,GBM,6,visible,raw,0.0,1,2000,1000,20261001,1397,3.657421952369639,1.1322601012187616,0.2415,1,0,False,0.0,0.001964025052240557,0.0324452423708582,0.05581447814723752,636.4010721540996,603.2621038053218,161.63023501168442,43.51872760036175,19,1.8,
AutoClaims,GBM,6,random,raw,0.0,1,2000,1000,20261001,1102,1.2827505997052204,1.1322601012187616,0.2415,1,0,False,-0.0026408585124385233,0.00787975397974176,0.024120011197237626,0.23072861301229125,652.5439972743117,603.628193064264,165.19821323615975,37.04670101961895,19,1.8,
AutoClaims,GBM,6,clean,clip,200.0,1,2000,1000,20261001,-1,1.1322601012187616,1.1322601012187616,0.2415,,0,True,0.0,0.0,0.0,0.0,636.4010721540996,605.3767283730198,166.56136135553976,26.87906974426866,21,0.0,
AutoClaims,GBM,6,visible,clip,200.0,1,2000,1000,20261001,1397,3.657421952369639,1.1322601012187616,0.2415,1,1,False,0.0,0.001964025052240557,0.0324452423708582,0.015963555164068784,636.4010721540996,603.2621038053218,161.63023501168442,34.8184796120027,19,1.8,
AutoClaims,GBM,6,random,clip,200.0,1,2000,1000,20261001,1102,1.2827505997052204,1.1322601012187616,0.2415,1,0,True,-0.0026408585124385233,0.00787975397974176,0.024120011197237626,0.23072861301229125,652.5439972743117,603.628193064264,165.19821323615975,37.04670101961895,19,0.0,
AutoClaims,TabPFN-V3,7,clean,raw,0.0,1,2000,1000,20261001,-1,1.0923297110911825,1.0923297110911825,0.2075,,0,False,0.0,0.0,0.0,0.0,650.8465638354492,588.4374217363281,151.85588720976574,28.081134653593775,14,0.0,
AutoClaims,TabPFN-V3,7,visible,raw,0.0,1,2000,1000,20261001,845,3.0029482239722722,1.0923297110911825,0.2075,1,0,False,-0.024568653456643705,-0.017342965986518043,-0.09578251765939672,0.3206119779088159,651.619031057129,590.2932227373046,155.08957237578133,38.30522092117191,17,4.6,
AutoClaims,TabPFN-V3,7,random,raw,0.0,1,2000,1000,20261001,1179,1.4872822238249754,1.0923297110911825,0.2075,1,0,False,-0.01771520082989252,-0.007164691468427046,-0.015178126431688305,0.3852997882315606,651.7173636279297,589.6674227080077,151.3757933035157,39.129359040312536,14,4.6,
AutoClaims,TabPFN-V3,7,clean,clip,200.0,1,2000,1000,20261001,-1,1.0923297110911825,1.0923297110911825,0.2075,,0,True,0.0,0.0,0.0,0.0,650.8465638354492,588.4374217363281,151.85588720976574,28.081134653593775,14,0.0,
AutoClaims,TabPFN-V3,7,visible,clip,200.0,1,2000,1000,20261001,845,3.0029482239722722,1.0923297110911825,0.2075,1,1,False,-0.010962982855868214,-0.004232364379822785,-0.046525877667102714,0.3773155314851036,651.3753724609375,589.2200687041014,151.4628929128907,40.97600245828129,14,4.7,
AutoClaims,TabPFN-V3,7,random,clip,200.0,1,2000,1000,20261001,1179,1.4872822238249754,1.0923297110911825,0.2075,1,0,True,-0.01771520082989252,-0.007164691468427046,-0.015178126431688305,0.3852997882315606,651.7173636279297,589.6674227080077,151.3757933035157,39.129359040312536,14,0.0,
AutoClaims,TabICLv2,7,clean,raw,0.0,1,2000,1000,20261001,-1,1.0923297110911825,1.0923297110911825,0.2075,,0,False,0.0,0.0,0.0,0.0,648.7209365527343,592.058905666992,162.83768692656264,24.009082126250018,5,0.0,
AutoClaims,TabICLv2,7,visible,raw,0.0,1,2000,1000,20261001,845,3.0029482239722722,1.0923297110911825,0.2075,1,0,False,0.1231064373651061,0.07000040489264914,0.23061075164319353,0.49691144161777895,653.2875086694336,607.0958563749999,204.7522793972658,34.206769602812535,5,2.7,
AutoClaims,TabICLv2,7,random,raw,0.0,1,2000,1000,20261001,1179,1.4872822238249754,1.0923297110911825,0.2075,1,0,False,0.06717413643514153,0.018305613467324226,0.13845310917276935,0.23648835358634596,649.8643363989258,598.5328120732421,182.44475730742204,27.117889235625025,2,2.8,
AutoClaims,TabICLv2,7,clean,clip,200.0,1,2000,1000,20261001,-1,1.0923297110911825,1.0923297110911825,0.2075,,0,True,0.0,0.0,0.0,0.0,648.7209365527343,592.058905666992,162.83768692656264,24.009082126250018,5,0.0,
AutoClaims,TabICLv2,7,visible,clip,200.0,1,2000,1000,20261001,845,3.0029482239722722,1.0923297110911825,0.2075,1,1,False,0.10451656801512707,0.03800475273476035,0.29835041388467737,0.4897617003975641,651.5677522387696,604.0755246513671,207.10458150664078,32.749846079375025,3,2.7,
AutoClaims,TabICLv2,7,random,clip,200.0,1,2000,1000,20261001,1179,1.4872822238249754,1.0923297110911825,0.2075,1,0,True,0.06717413643514153,0.018305613467324226,0.13845310917276935,0.23648835358634596,649.8643363989258,598.5328120732421,182.44475730742204,27.117889235625025,2,0.0,
AutoClaims,GBM,7,clean,raw,0.0,1,2000,1000,20261001,-1,1.0923297110911825,1.0923297110911825,0.2075,,0,False,0.0,0.0,0.0,0.0,659.4908451037866,595.5729917129366,151.96552877689527,30.63558846956375,16,0.0,
AutoClaims,GBM,7,visible,raw,0.0,1,2000,1000,20261001,845,3.0029482239722722,1.0923297110911825,0.2075,1,0,False,0.0,0.004298546592732059,0.0081070995753367,-0.00382640498359545,659.4908451037866,594.849670578192,156.58998927081825,30.905361868464052,18,1.8,
AutoClaims,GBM,7,random,raw,0.0,1,2000,1000,20261001,1179,1.4872822238249754,1.0923297110911825,0.2075,1,0,False,0.0,0.005238611547103152,0.04434830953740281,0.0005830715248979067,659.4908451037866,594.8580425388969,155.20114208853093,49.40770174355061,12,1.8,
AutoClaims,GBM,7,clean,clip,200.0,1,2000,1000,20261001,-1,1.0923297110911825,1.0923297110911825,0.2075,,0,True,0.0,0.0,0.0,0.0,659.4908451037866,595.5729917129366,151.96552877689527,30.63558846956375,16,0.0,
AutoClaims,GBM,7,visible,clip,200.0,1,2000,1000,20261001,845,3.0029482239722722,1.0923297110911825,0.2075,1,1,False,0.0,0.004298546592732059,0.0081070995753367,-0.02895489692052044,659.4908451037866,594.849670578192,156.58998927081825,28.18151745982782,18,1.8,
AutoClaims,GBM,7,random,clip,200.0,1,2000,1000,20261001,1179,1.4872822238249754,1.0923297110911825,0.2075,1,0,True,0.0,0.005238611547103152,0.04434830953740281,0.0005830715248979067,659.4908451037866,594.8580425388969,155.20114208853093,49.40770174355061,12,0.0,
AutoClaims,TabPFN-V3,8,clean,raw,0.0,1,2000,1000,20261001,-1,1.1402260544700404,1.1402260544700404,0.2595,,0,False,0.0,0.0,0.0,0.0,644.1377234973144,579.0480494746093,145.68511243671884,22.675673776875012,14,0.0,
AutoClaims,TabPFN-V3,8,visible,raw,0.0,1,2000,1000,20261001,1879,6.572082056285104,1.1402260544700404,0.2595,1,0,False,0.05680185737421976,-0.017005821032616966,-0.14473156251160446,0.04909097687817056,642.6697549121094,585.5565305976563,162.88539683125006,21.65219399562502,25,4.8,
AutoClaims,TabPFN-V3,8,random,raw,0.0,1,2000,1000,20261001,1979,3.0920900853411966,1.1402260544700404,0.2595,1,0,False,0.010516484962811984,-0.018066521906101127,-0.07271702268857672,0.08821191708153871,644.1008081555176,584.2718805976561,151.0936832472657,23.60956842531252,18,4.7,
AutoClaims,TabPFN-V3,8,clean,clip,200.0,1,2000,1000,20261001,-1,1.1402260544700404,1.1402260544700404,0.2595,,0,True,0.0,0.0,0.0,0.0,644.1377234973144,579.0480494746093,145.68511243671884,22.675673776875012,14,0.0,
AutoClaims,TabPFN-V3,8,visible,clip,200.0,1,2000,1000,20261001,1879,6.572082056285104,1.1402260544700404,0.2595,1,1,False,0.0016681720196367368,-0.01669786155260701,-0.07137079391546172,0.22998690506173436,644.2258705773925,582.3535796992187,151.44448811054696,25.529933726093777,17,4.7,
AutoClaims,TabPFN-V3,8,random,clip,200.0,1,2000,1000,20261001,1979,3.0920900853411966,1.1402260544700404,0.2595,1,1,False,0.007397746151687625,-0.0034890636367247907,-0.05226454886651451,0.2600322525143672,644.2382941052246,581.2097918232421,149.10984417500006,26.442059341328147,17,4.7,
AutoClaims,TabICLv2,8,clean,raw,0.0,1,2000,1000,20261001,-1,1.1402260544700404,1.1402260544700404,0.2595,,0,False,0.0,0.0,0.0,0.0,647.2164033837892,586.3540576777343,152.9633201125001,25.36150544191408,9,0.0,
AutoClaims,TabICLv2,8,visible,raw,0.0,1,2000,1000,20261001,1879,6.572082056285104,1.1402260544700404,0.2595,1,0,False,0.05861751573237224,0.1532083249832557,-0.17695976328761887,-0.027670478908409176,646.3111090332031,588.4523790791015,162.16051268085948,27.468405259296887,16,2.8,
AutoClaims,TabICLv2,8,random,raw,0.0,1,2000,1000,20261001,1979,3.0920900853411966,1.1402260544700404,0.2595,1,0,False,0.11802564839807247,0.12560033367069803,0.10250900065678659,0.2716858006078642,646.4612054711913,598.2903563154296,180.93061948750014,27.659294817890647,8,2.8,
AutoClaims,TabICLv2,8,clean,clip,200.0,1,2000,1000,20261001,-1,1.1402260544700404,1.1402260544700404,0.2595,,0,True,0.0,0.0,0.0,0.0,647.2164033837892,586.3540576777343,152.9633201125001,25.36150544191408,9,0.0,
AutoClaims,TabICLv2,8,visible,clip,200.0,1,2000,1000,20261001,1879,6.572082056285104,1.1402260544700404,0.2595,1,1,False,0.11289741350463221,0.0874701592594725,0.19678679364028306,0.3626046447473862,645.9949134106445,582.3217799580078,173.94222530781263,26.791938587421896,5,2.7,
AutoClaims,TabICLv2,8,random,clip,200.0,1,2000,1000,20261001,1979,3.0920900853411966,1.1402260544700404,0.2595,1,1,False,0.11825091395212607,0.09290752499120614,0.18080954104329233,0.35418017948046643,646.040097841797,581.9171778388671,174.04367925312513,26.791287144062515,5,2.8,
AutoClaims,GBM,8,clean,raw,0.0,1,2000,1000,20261001,-1,1.1402260544700404,1.1402260544700404,0.2595,,0,False,0.0,0.0,0.0,0.0,647.8697963428742,600.8129452725518,151.22173713166808,19.801598221127414,14,0.0,
AutoClaims,GBM,8,visible,raw,0.0,1,2000,1000,20261001,1879,6.572082056285104,1.1402260544700404,0.2595,1,0,False,0.0,0.0,-0.02134306107601873,0.07579960838215631,647.8697963428742,600.8129452725518,204.08310877414496,109.72580101014904,19,1.9,
AutoClaims,GBM,8,random,raw,0.0,1,2000,1000,20261001,1979,3.0920900853411966,1.1402260544700404,0.2595,1,0,False,0.0,0.02304907560580019,0.013466163303020562,0.06871463521344788,647.8697963428742,592.4948007564356,161.9529168735512,34.985488716023085,15,1.9,
AutoClaims,GBM,8,clean,clip,200.0,1,2000,1000,20261001,-1,1.1402260544700404,1.1402260544700404,0.2595,,0,True,0.0,0.0,0.0,0.0,647.8697963428742,600.8129452725518,151.22173713166808,19.801598221127414,14,0.0,
AutoClaims,GBM,8,visible,clip,200.0,1,2000,1000,20261001,1879,6.572082056285104,1.1402260544700404,0.2595,1,1,False,0.0,0.0,-0.02134306107601873,0.08129175961472987,647.8697963428742,600.8129452725518,164.70447634923417,48.77795826744543,19,1.9,
AutoClaims,GBM,8,random,clip,200.0,1,2000,1000,20261001,1979,3.0920900853411966,1.1402260544700404,0.2595,1,1,False,0.0,0.02304907560580019,0.013466163303020562,0.06871463521344788,647.8697963428742,592.4948007564356,157.74823595074542,29.76591810688883,15,1.8,
AutoClaims,TabPFN-V3,9,clean,raw,0.0,1,2000,1000,20261001,-1,1.1077487888654516,1.1077487888654516,0.216,,0,False,0.0,0.0,0.0,0.0,686.5925693395997,609.1241268603516,141.72874332421884,23.559743219140646,13,0.0,
AutoClaims,TabPFN-V3,9,visible,raw,0.0,1,2000,1000,20261001,36,2.9257701115315604,1.1077487888654516,0.216,1,0,False,-0.02559054174471936,-0.009574365115266766,-0.09603184472867432,0.06067324134655879,686.8346884729004,609.9074160009766,147.97201347070322,31.780873928125033,19,4.7,
AutoClaims,TabPFN-V3,9,random,raw,0.0,1,2000,1000,20261001,512,1.869274388073383,1.1077487888654516,0.216,1,0,False,-0.001241871000161052,0.008698732877512329,-0.056078436525326805,0.24222571330878692,686.4207125537109,607.3925094482421,145.1074131777345,34.151524545312526,15,4.7,
AutoClaims,TabPFN-V3,9,clean,clip,200.0,1,2000,1000,20261001,-1,1.1077487888654516,1.1077487888654516,0.216,,0,True,0.0,0.0,0.0,0.0,686.5925693395997,609.1241268603516,141.72874332421884,23.559743219140646,13,0.0,
AutoClaims,TabPFN-V3,9,visible,clip,200.0,1,2000,1000,20261001,36,2.9257701115315604,1.1077487888654516,0.216,1,1,False,-0.006144767780020026,0.0060337436002059425,-0.06675995569511362,0.20385691656835853,687.0592286767578,607.8782399169921,145.66230611718757,33.719820797265655,16,4.6,
AutoClaims,TabPFN-V3,9,random,clip,200.0,1,2000,1000,20261001,512,1.869274388073383,1.1077487888654516,0.216,1,0,True,-0.001241871000161052,0.008698732877512329,-0.056078436525326805,0.24222571330878692,686.4207125537109,607.3925094482421,145.1074131777345,34.151524545312526,15,0.0,
AutoClaims,TabICLv2,9,clean,raw,0.0,1,2000,1000,20261001,-1,1.1077487888654516,1.1077487888654516,0.216,,0,False,0.0,0.0,0.0,0.0,682.0834997363281,588.4306017431641,155.5637290078126,23.83175679726564,6,0.0,
AutoClaims,TabICLv2,9,visible,raw,0.0,1,2000,1000,20261001,36,2.9257701115315604,1.1077487888654516,0.216,1,0,False,0.09973456913679996,0.011659084401808094,0.12549779689628332,0.3700452260955872,682.3771974572753,593.906696220703,196.9799041347658,31.020804705468777,4,2.8,
AutoClaims,TabICLv2,9,random,raw,0.0,1,2000,1000,20261001,512,1.869274388073383,1.1077487888654516,0.216,1,0,False,0.07755767400373874,0.0007878919172900898,0.19641228322946516,0.36961327059643806,681.5683701599121,600.2072731787108,189.78916381250014,28.540746654687524,3,2.7,
AutoClaims,TabICLv2,9,clean,clip,200.0,1,2000,1000,20261001,-1,1.1077487888654516,1.1077487888654516,0.216,,0,True,0.0,0.0,0.0,0.0,682.0834997363281,588.4306017431641,155.5637290078126,23.83175679726564,6,0.0,
AutoClaims,TabICLv2,9,visible,clip,200.0,1,2000,1000,20261001,36,2.9257701115315604,1.1077487888654516,0.216,1,1,False,0.08518991996209278,-0.0023566724728239195,0.2117033290945191,0.40609767193271906,681.3990750317382,598.0618961035156,194.99914623437516,29.625044213281274,3,2.8,
AutoClaims,TabICLv2,9,random,clip,200.0,1,2000,1000,20261001,512,1.869274388073383,1.1077487888654516,0.216,1,0,True,0.07755767400373874,0.0007878919172900898,0.19641228322946516,0.36961327059643806,681.5683701599121,600.2072731787108,189.78916381250014,28.540746654687524,3,0.0,
AutoClaims,GBM,9,clean,raw,0.0,1,2000,1000,20261001,-1,1.1077487888654516,1.1077487888654516,0.216,,0,False,0.0,0.0,0.0,0.0,684.1256822058947,584.0390333283442,143.97661105351216,27.544356312511045,18,0.0,
AutoClaims,GBM,9,visible,raw,0.0,1,2000,1000,20261001,36,2.9257701115315604,1.1077487888654516,0.216,1,0,False,0.0,-0.0041011012851720555,-0.01656956491848661,5.906037789766706e-10,684.1256822058947,582.376846603872,147.37240183163837,32.81263779002494,19,1.7,
AutoClaims,GBM,9,random,raw,0.0,1,2000,1000,20261001,512,1.869274388073383,1.1077487888654516,0.216,1,0,False,0.0,-0.001963690707886923,-0.04357042560848457,0.011458663904974515,684.1256822058947,591.3796967072284,195.7878192308717,40.15533732863282,18,1.8,
AutoClaims,GBM,9,clean,clip,200.0,1,2000,1000,20261001,-1,1.1077487888654516,1.1077487888654516,0.216,,0,True,0.0,0.0,0.0,0.0,684.1256822058947,584.0390333283442,143.97661105351216,27.544356312511045,18,0.0,
AutoClaims,GBM,9,visible,clip,200.0,1,2000,1000,20261001,36,2.9257701115315604,1.1077487888654516,0.216,1,1,False,0.0,-0.0041011012851720555,-0.01656956491848661,5.906037789766706e-10,684.1256822058947,582.376846603872,147.37240183163837,32.25515903645233,19,1.7,
AutoClaims,GBM,9,random,clip,200.0,1,2000,1000,20261001,512,1.869274388073383,1.1077487888654516,0.216,1,0,True,0.0,-0.001963690707886923,-0.04357042560848457,0.011458663904974515,684.1256822058947,591.3796967072284,195.7878192308717,40.15533732863282,18,0.0,
AutoClaims,TabPFN-V3,10,clean,raw,0.0,1,2000,1000,20261001,-1,1.0276175820485114,1.0276175820485114,0.27,,0,False,0.0,0.0,0.0,0.0,709.6561672814942,653.4784133935547,189.15200001562508,59.155948661718774,11,0.0,
AutoClaims,TabPFN-V3,10,visible,raw,0.0,1,2000,1000,20261001,285,4.029845486208382,1.0276175820485114,0.27,1,0,False,-0.00831304601410032,-0.04665033471825349,-0.0823707840613516,0.05823287109285437,710.6681744091796,662.5544700195312,190.56873346289066,58.303073814062515,13,4.4,
AutoClaims,TabPFN-V3,10,random,raw,0.0,1,2000,1000,20261001,1135,1.082577539788273,1.0276175820485114,0.27,1,0,False,-0.008968900905156525,-0.0073357291300195655,0.02539452808896213,0.0777139902083782,709.9787977453612,654.4056030810547,189.15397819921887,58.86184405820315,10,4.7,
AutoClaims,TabPFN-V3,10,clean,clip,200.0,1,2000,1000,20261001,-1,1.0276175820485114,1.0276175820485114,0.27,,0,True,0.0,0.0,0.0,0.0,709.6561672814942,653.4784133935547,189.15200001562508,59.155948661718774,11,0.0,
AutoClaims,TabPFN-V3,10,visible,clip,200.0,1,2000,1000,20261001,285,4.029845486208382,1.0276175820485114,0.27,1,1,False,-0.005450239759831808,-0.017840790776589524,-0.019744734240357706,0.31463680991335885,709.7878167089843,656.7451669042969,189.58137845312507,57.46603224765628,11,4.7,
AutoClaims,TabPFN-V3,10,random,clip,200.0,1,2000,1000,20261001,1135,1.082577539788273,1.0276175820485114,0.27,1,0,True,-0.008968900905156525,-0.0073357291300195655,0.02539452808896213,0.0777139902083782,709.9787977453612,654.4056030810547,189.15397819921887,58.86184405820315,10,0.0,
AutoClaims,TabICLv2,10,clean,raw,0.0,1,2000,1000,20261001,-1,1.0276175820485114,1.0276175820485114,0.27,,0,False,0.0,0.0,0.0,0.0,707.6111586437988,640.4349808496092,190.54675348242196,65.8619896714844,9,0.0,
AutoClaims,TabICLv2,10,visible,raw,0.0,1,2000,1000,20261001,285,4.029845486208382,1.0276175820485114,0.27,1,0,False,0.09583999463923311,0.09931519954288347,0.022177631968975778,0.17598211756770882,708.7053765869141,643.9392660986327,198.055525279297,65.84515526621097,8,2.5,
AutoClaims,TabICLv2,10,random,raw,0.0,1,2000,1000,20261001,1135,1.082577539788273,1.0276175820485114,0.27,1,0,False,-0.024089043344978286,0.016774744160387125,0.10024245367564832,0.09812044726615607,708.1128219641113,641.5189751025389,194.35798395117197,63.15974301328126,7,2.5,
AutoClaims,TabICLv2,10,clean,clip,200.0,1,2000,1000,20261001,-1,1.0276175820485114,1.0276175820485114,0.27,,0,True,0.0,0.0,0.0,0.0,707.6111586437988,640.4349808496092,190.54675348242196,65.8619896714844,9,0.0,
AutoClaims,TabICLv2,10,visible,clip,200.0,1,2000,1000,20261001,285,4.029845486208382,1.0276175820485114,0.27,1,1,False,0.11065288351060582,0.08376766521248763,0.24191516705852006,0.4023745601257458,708.4000905163574,642.983693510742,208.76878693945324,59.61298982578128,6,2.7,
AutoClaims,TabICLv2,10,random,clip,200.0,1,2000,1000,20261001,1135,1.082577539788273,1.0276175820485114,0.27,1,0,True,-0.024089043344978286,0.016774744160387125,0.10024245367564832,0.09812044726615607,708.1128219641113,641.5189751025389,194.35798395117197,63.15974301328126,7,0.0,
AutoClaims,GBM,10,clean,raw,0.0,1,2000,1000,20261001,-1,1.0276175820485114,1.0276175820485114,0.27,,0,False,0.0,0.0,0.0,0.0,710.0840969087541,655.6766914673611,191.63756575573578,58.85239840918782,12,0.0,
AutoClaims,GBM,10,visible,raw,0.0,1,2000,1000,20261001,285,4.029845486208382,1.0276175820485114,0.27,1,0,False,0.0,0.008461134680975719,-0.009209835221904702,0.22828762073977746,710.0840969087541,659.6659934567244,192.241660409996,65.45290554318059,12,1.7,
AutoClaims,GBM,10,random,raw,0.0,1,2000,1000,20261001,1135,1.082577539788273,1.0276175820485114,0.27,1,0,False,-0.0029385256394221996,0.003240470247580793,0.012860931502153027,0.09664171763524919,709.5961196162649,653.820400832049,193.15555082642788,68.85465258610161,12,1.7,
AutoClaims,GBM,10,clean,clip,200.0,1,2000,1000,20261001,-1,1.0276175820485114,1.0276175820485114,0.27,,0,True,0.0,0.0,0.0,0.0,710.0840969087541,655.6766914673611,191.63756575573578,58.85239840918782,12,0.0,
AutoClaims,GBM,10,visible,clip,200.0,1,2000,1000,20261001,285,4.029845486208382,1.0276175820485114,0.27,1,1,False,0.0,0.008461134680975719,-0.009209835221904702,0.22828762073977746,710.0840969087541,659.6659934567244,192.241660409996,62.34192748907444,12,1.7,
AutoClaims,GBM,10,random,clip,200.0,1,2000,1000,20261001,1135,1.082577539788273,1.0276175820485114,0.27,1,0,True,-0.0029385256394221996,0.003240470247580793,0.012860931502153027,0.09664171763524919,709.5961196162649,653.820400832049,193.15555082642788,68.85465258610161,12,0.0,
AutoClaims,TabPFN-V3,11,clean,raw,0.0,1,2000,1000,20261001,-1,1.026539791322268,1.026539791322268,0.303,,0,False,0.0,0.0,0.0,0.0,679.9902724255371,627.7804217128905,183.0816974046876,44.77804738890627,18,0.0,
AutoClaims,TabPFN-V3,11,visible,raw,0.0,1,2000,1000,20261001,1826,5.671787317788506,1.026539791322268,0.303,1,0,False,0.01191730208449231,-0.05151567312653091,-0.06430857312256419,0.10095480533266712,680.2527268090821,630.0376082216796,190.49736871328133,39.900670814687516,24,4.6,
AutoClaims,TabPFN-V3,11,random,raw,0.0,1,2000,1000,20261001,1393,1.1448796440751305,1.026539791322268,0.303,1,0,False,-0.016882873138045408,-0.01909726071690363,0.018548796024784056,0.13201356324991176,680.5890686279297,627.6624842861328,181.31374082265634,36.62222438890627,17,4.4,
AutoClaims,TabPFN-V3,11,clean,clip,200.0,1,2000,1000,20261001,-1,1.026539791322268,1.026539791322268,0.303,,0,True,0.0,0.0,0.0,0.0,679.9902724255371,627.7804217128905,183.0816974046876,44.77804738890627,18,0.0,
AutoClaims,TabPFN-V3,11,visible,clip,200.0,1,2000,1000,20261001,1826,5.671787317788506,1.026539791322268,0.303,1,1,False,-0.015463372395540385,-0.031111752753576236,-0.03454336946394343,0.3640194421943995,681.0715841149902,629.3856819521484,186.67928396718756,27.302075623281272,20,4.4,
AutoClaims,TabPFN-V3,11,random,clip,200.0,1,2000,1000,20261001,1393,1.1448796440751305,1.026539791322268,0.303,1,0,True,-0.016882873138045408,-0.01909726071690363,0.018548796024784056,0.13201356324991176,680.5890686279297,627.6624842861328,181.31374082265634,36.62222438890627,17,0.0,
AutoClaims,TabICLv2,11,clean,raw,0.0,1,2000,1000,20261001,-1,1.026539791322268,1.026539791322268,0.303,,0,False,0.0,0.0,0.0,0.0,678.8462216137696,632.4627213906249,180.73445526601571,55.631441230703146,13,0.0,
AutoClaims,TabICLv2,11,visible,raw,0.0,1,2000,1000,20261001,1826,5.671787317788506,1.026539791322268,0.303,1,0,False,0.022993139454085418,0.10468152729258488,-0.06976440282563394,0.07518543729850918,678.4051956811523,647.9113997451171,183.07346927968763,50.15025278832033,19,2.6,
AutoClaims,TabICLv2,11,random,raw,0.0,1,2000,1000,20261001,1393,1.1448796440751305,1.026539791322268,0.303,1,0,False,-0.026579535568491887,0.03483550083370204,0.15845369724669542,0.1608534730549957,679.0922745288086,636.0109926308593,181.1963003050782,44.16375948070314,8,2.6,
AutoClaims,TabICLv2,11,clean,clip,200.0,1,2000,1000,20261001,-1,1.026539791322268,1.026539791322268,0.303,,0,True,0.0,0.0,0.0,0.0,678.8462216137696,632.4627213906249,180.73445526601571,55.631441230703146,13,0.0,
AutoClaims,TabICLv2,11,visible,clip,200.0,1,2000,1000,20261001,1826,5.671787317788506,1.026539791322268,0.303,1,1,False,0.08057681258163346,0.08165993788804242,0.1682349781216136,0.3106245503202035,680.8624867199705,641.5911751992188,187.17244991445327,39.333287943593774,9,2.6,
AutoClaims,TabICLv2,11,random,clip,200.0,1,2000,1000,20261001,1393,1.1448796440751305,1.026539791322268,0.303,1,0,True,-0.026579535568491887,0.03483550083370204,0.15845369724669542,0.1608534730549957,679.0922745288086,636.0109926308593,181.1963003050782,44.16375948070314,8,0.0,
AutoClaims,GBM,11,clean,raw,0.0,1,2000,1000,20261001,-1,1.026539791322268,1.026539791322268,0.303,,0,False,0.0,0.0,0.0,0.0,679.952406842065,631.035651248164,193.02512688167272,48.73448319135838,22,0.0,
AutoClaims,GBM,11,visible,raw,0.0,1,2000,1000,20261001,1826,5.671787317788506,1.026539791322268,0.303,1,0,False,0.0,0.0001355835642888589,-0.034379694580413026,4.2313168372401255e-11,679.952406842065,631.0533513536574,291.32119707781794,105.91155578878202,22,1.7,
AutoClaims,GBM,11,random,raw,0.0,1,2000,1000,20261001,1393,1.1448796440751305,1.026539791322268,0.303,1,0,False,-0.002977873112621308,0.0035513664270843937,-0.01278873145449064,4.2313168372401255e-11,679.8925117048542,632.9368495275111,196.41702101154704,51.33677270090642,21,1.7,
AutoClaims,GBM,11,clean,clip,200.0,1,2000,1000,20261001,-1,1.026539791322268,1.026539791322268,0.303,,0,True,0.0,0.0,0.0,0.0,679.952406842065,631.035651248164,193.02512688167272,48.73448319135838,22,0.0,
AutoClaims,GBM,11,visible,clip,200.0,1,2000,1000,20261001,1826,5.671787317788506,1.026539791322268,0.303,1,1,False,0.0,0.0001355835642888589,-0.034379694580413026,4.2313168372401255e-11,679.952406842065,631.0533513536574,240.033272917219,67.76093622618163,22,1.7,
AutoClaims,GBM,11,random,clip,200.0,1,2000,1000,20261001,1393,1.1448796440751305,1.026539791322268,0.303,1,0,True,-0.002977873112621308,0.0035513664270843937,-0.01278873145449064,4.2313168372401255e-11,679.8925117048542,632.9368495275111,196.41702101154704,51.33677270090642,21,0.0,
AutoClaims,TabPFN-V3,12,clean,raw,0.0,1,2000,1000,20261001,-1,1.1457945201641304,1.1457945201641304,0.255,,0,False,0.0,0.0,0.0,0.0,683.5568531689453,636.1183542861329,189.89082289687508,65.0945885767969,19,0.0,
AutoClaims,TabPFN-V3,12,visible,raw,0.0,1,2000,1000,20261001,284,2.6372598906699127,1.1457945201641304,0.255,1,0,False,-0.006898217038933998,-0.004539798444930582,-0.05092306621007839,0.36362126564272323,684.0685580151368,638.9875349355468,190.98649983046886,55.97057207875002,22,4.7,
AutoClaims,TabPFN-V3,12,random,raw,0.0,1,2000,1000,20261001,1760,1.3951907743659275,1.1457945201641304,0.255,1,0,False,-3.951362908066895e-05,-0.008528450809234773,-0.007971459488978726,0.2523112212297345,684.0166248388672,639.8571238564454,188.78550468886726,54.73859733070314,19,4.5,
AutoClaims,TabPFN-V3,12,clean,clip,200.0,1,2000,1000,20261001,-1,1.1457945201641304,1.1457945201641304,0.255,,0,True,0.0,0.0,0.0,0.0,683.5568531689453,636.1183542861329,189.89082289687508,65.0945885767969,19,0.0,
AutoClaims,TabPFN-V3,12,visible,clip,200.0,1,2000,1000,20261001,284,2.6372598906699127,1.1457945201641304,0.255,1,1,False,-0.010173453928833774,0.003166122387291356,-0.031261369043992335,0.4636922893188534,684.2704352856445,637.5999514248047,189.63659209609384,54.63436012953128,21,4.6,
AutoClaims,TabPFN-V3,12,random,clip,200.0,1,2000,1000,20261001,1760,1.3951907743659275,1.1457945201641304,0.255,1,0,True,-3.951362908066895e-05,-0.008528450809234773,-0.007971459488978726,0.2523112212297345,684.0166248388672,639.8571238564454,188.78550468886726,54.73859733070314,19,0.0,
AutoClaims,TabICLv2,12,clean,raw,0.0,1,2000,1000,20261001,-1,1.1457945201641304,1.1457945201641304,0.255,,0,False,0.0,0.0,0.0,0.0,681.1543438500976,620.4896562294922,191.0122391566407,66.89814564808593,7,0.0,
AutoClaims,TabICLv2,12,visible,raw,0.0,1,2000,1000,20261001,284,2.6372598906699127,1.1457945201641304,0.255,1,0,False,0.0814316957414522,0.042679012187005726,0.10063980035213095,0.3010700985402679,686.0968945288087,629.2963992226562,224.35232556289074,60.903436781875016,6,2.6,
AutoClaims,TabICLv2,12,random,raw,0.0,1,2000,1000,20261001,1760,1.3951907743659275,1.1457945201641304,0.255,1,0,False,0.051554051569290806,0.03266083129812998,0.19215769364316698,0.27049759963101816,682.3336661828614,623.3570538564452,206.0740171156251,56.99993105140627,4,2.6,
AutoClaims,TabICLv2,12,clean,clip,200.0,1,2000,1000,20261001,-1,1.1457945201641304,1.1457945201641304,0.255,,0,True,0.0,0.0,0.0,0.0,681.1543438500976,620.4896562294922,191.0122391566407,66.89814564808593,7,0.0,
AutoClaims,TabICLv2,12,visible,clip,200.0,1,2000,1000,20261001,284,2.6372598906699127,1.1457945201641304,0.255,1,1,False,0.07786604167170325,0.03694385268396816,0.15174072958827733,0.332339196614236,685.659701854248,627.8591052871093,220.3363275257814,59.08666740101564,5,2.6,
AutoClaims,TabICLv2,12,random,clip,200.0,1,2000,1000,20261001,1760,1.3951907743659275,1.1457945201641304,0.255,1,0,True,0.051554051569290806,0.03266083129812998,0.19215769364316698,0.27049759963101816,682.3336661828614,623.3570538564452,206.0740171156251,56.99993105140627,4,0.0,
AutoClaims,GBM,12,clean,raw,0.0,1,2000,1000,20261001,-1,1.1457945201641304,1.1457945201641304,0.255,,0,False,0.0,0.0,0.0,0.0,683.052870665668,629.0751635560243,192.34301065443216,60.89711319973331,22,0.0,
AutoClaims,GBM,12,visible,raw,0.0,1,2000,1000,20261001,284,2.6372598906699127,1.1457945201641304,0.255,1,0,False,0.0,-0.0016537731415135204,-0.004722256739333762,0.024855033580921986,683.052870665668,629.0831425942937,214.63895922611684,66.39577064886456,19,1.9,
AutoClaims,GBM,12,random,raw,0.0,1,2000,1000,20261001,1760,1.3951907743659275,1.1457945201641304,0.255,1,0,False,0.0,-0.007089710428033362,0.04338272162363429,0.04382110047829522,683.052870665668,628.2660801406249,190.02856714042477,79.90678802659097,20,1.7,
AutoClaims,GBM,12,clean,clip,200.0,1,2000,1000,20261001,-1,1.1457945201641304,1.1457945201641304,0.255,,0,True,0.0,0.0,0.0,0.0,683.052870665668,629.0751635560243,192.34301065443216,60.89711319973331,22,0.0,
AutoClaims,GBM,12,visible,clip,200.0,1,2000,1000,20261001,284,2.6372598906699127,1.1457945201641304,0.255,1,1,False,0.0,-0.0016537731415135204,-0.004722256739333762,0.029338066967543923,683.052870665668,629.0831425942937,211.63481900506866,65.15686492347862,19,1.8,
AutoClaims,GBM,12,random,clip,200.0,1,2000,1000,20261001,1760,1.3951907743659275,1.1457945201641304,0.255,1,0,True,0.0,-0.007089710428033362,0.04338272162363429,0.04382110047829522,683.052870665668,628.2660801406249,190.02856714042477,79.90678802659097,20,0.0,
AutoClaims,TabPFN-V3,13,clean,raw,0.0,1,2000,1000,20261001,-1,1.1353226390700975,1.1353226390700975,0.2645,,0,False,0.0,0.0,0.0,0.0,635.959454296875,584.0057045595702,162.97058548671882,36.23591651937502,11,0.0,
AutoClaims,TabPFN-V3,13,visible,raw,0.0,1,2000,1000,20261001,1854,3.8199236131777137,1.1353226390700975,0.2645,1,0,False,0.005445276838138502,-0.016999402585398258,-0.05193951313239466,0.14668034396598514,635.176923737793,584.4982075576172,168.38623016445322,34.62899231234376,14,4.4,
AutoClaims,TabPFN-V3,13,random,raw,0.0,1,2000,1000,20261001,1419,1.603051421694094,1.1353226390700975,0.2645,1,0,False,0.0009227746203941429,-0.026196140310018406,-0.01626170867684945,0.29154877294117976,644.6312779571533,591.7796231972656,163.76649416347664,30.457125203945335,13,4.3,
AutoClaims,TabPFN-V3,13,clean,clip,200.0,1,2000,1000,20261001,-1,1.1353226390700975,1.1353226390700975,0.2645,,0,True,0.0,0.0,0.0,0.0,635.959454296875,584.0057045595702,162.97058548671882,36.23591651937502,11,0.0,
AutoClaims,TabPFN-V3,13,visible,clip,200.0,1,2000,1000,20261001,1854,3.8199236131777137,1.1353226390700975,0.2645,1,1,False,-0.003975567097676042,0.004525628942972292,-0.037799156781353926,0.34043809295580263,635.2550491467285,581.4061967958984,166.76887316250006,34.3811628377344,14,4.3,
AutoClaims,TabPFN-V3,13,random,clip,200.0,1,2000,1000,20261001,1419,1.603051421694094,1.1353226390700975,0.2645,1,0,True,0.0009227746203941429,-0.026196140310018406,-0.01626170867684945,0.29154877294117976,644.6312779571533,591.7796231972656,163.76649416347664,30.457125203945335,13,0.0,
AutoClaims,TabICLv2,13,clean,raw,0.0,1,2000,1000,20261001,-1,1.1353226390700975,1.1353226390700975,0.2645,,0,False,0.0,0.0,0.0,0.0,636.2533358435059,577.4738883046874,164.43512808437512,36.14843970003908,5,0.0,
AutoClaims,TabICLv2,13,visible,raw,0.0,1,2000,1000,20261001,1854,3.8199236131777137,1.1353226390700975,0.2645,1,0,False,0.0944334131922211,0.06810260593877261,-0.015237452848465515,0.1823329981029002,638.006263203125,583.8248832265624,175.75738629726573,35.56751386898439,5,2.7,
AutoClaims,TabICLv2,13,random,raw,0.0,1,2000,1000,20261001,1419,1.603051421694094,1.1353226390700975,0.2645,1,0,False,0.06628256796009664,0.04333641537885399,0.3487198019259191,0.4805287865799255,637.5565447302247,578.0766078554688,186.4458152523439,27.753728253750023,3,2.5,
AutoClaims,TabICLv2,13,clean,clip,200.0,1,2000,1000,20261001,-1,1.1353226390700975,1.1353226390700975,0.2645,,0,True,0.0,0.0,0.0,0.0,636.2533358435059,577.4738883046874,164.43512808437512,36.14843970003908,5,0.0,
AutoClaims,TabICLv2,13,visible,clip,200.0,1,2000,1000,20261001,1854,3.8199236131777137,1.1353226390700975,0.2645,1,1,False,0.09566891553441031,0.05213929783878761,0.33600193324896677,0.5703093129395895,638.4111716845703,580.5140698671875,198.28653421718766,29.89185063656253,3,2.6,
AutoClaims,TabICLv2,13,random,clip,200.0,1,2000,1000,20261001,1419,1.603051421694094,1.1353226390700975,0.2645,1,0,True,0.06628256796009664,0.04333641537885399,0.3487198019259191,0.4805287865799255,637.5565447302247,578.0766078554688,186.4458152523439,27.753728253750023,3,0.0,
AutoClaims,GBM,13,clean,raw,0.0,1,2000,1000,20261001,-1,1.1353226390700975,1.1353226390700975,0.2645,,0,False,0.0,0.0,0.0,0.0,638.5756426636101,586.1448554538704,167.51730014453193,44.901429128410676,16,0.0,
AutoClaims,GBM,13,visible,raw,0.0,1,2000,1000,20261001,1854,3.8199236131777137,1.1353226390700975,0.2645,1,0,False,0.0,0.001694540046298982,0.020520200293887396,0.019103329428439574,638.5756426636101,586.0649444963527,172.29931608934587,61.31976370590727,13,1.7,
AutoClaims,GBM,13,random,raw,0.0,1,2000,1000,20261001,1419,1.603051421694094,1.1353226390700975,0.2645,1,0,False,0.0,-0.004782081263397691,0.04111013817707885,0.024982919422736085,638.5756426636101,593.6021537531128,168.5462267429448,44.88505617621776,18,1.7,
AutoClaims,GBM,13,clean,clip,200.0,1,2000,1000,20261001,-1,1.1353226390700975,1.1353226390700975,0.2645,,0,True,0.0,0.0,0.0,0.0,638.5756426636101,586.1448554538704,167.51730014453193,44.901429128410676,16,0.0,
AutoClaims,GBM,13,visible,clip,200.0,1,2000,1000,20261001,1854,3.8199236131777137,1.1353226390700975,0.2645,1,1,False,0.0,0.001694540046298982,0.020520200293887396,0.001466016907356667,638.5756426636101,586.0649444963527,169.5891734293755,53.62933979728284,13,1.7,
AutoClaims,GBM,13,random,clip,200.0,1,2000,1000,20261001,1419,1.603051421694094,1.1353226390700975,0.2645,1,0,True,0.0,-0.004782081263397691,0.04111013817707885,0.024982919422736085,638.5756426636101,593.6021537531128,168.5462267429448,44.88505617621776,18,0.0,
AutoClaims,TabPFN-V3,14,clean,raw,0.0,1,2000,1000,20261001,-1,1.1230407635406436,1.1230407635406436,0.219,,0,False,0.0,0.0,0.0,0.0,605.3747987683106,519.407813095703,113.79719556152352,24.322443304687525,5,0.0,
AutoClaims,TabPFN-V3,14,visible,raw,0.0,1,2000,1000,20261001,1745,2.5178511883187347,1.1230407635406436,0.219,1,0,False,-0.02022616248493184,-0.03423611051769509,-0.054820259172326566,0.30788661223155733,606.4336106298829,523.5378226074218,112.31066302246103,33.98395571289066,9,4.5,
AutoClaims,TabPFN-V3,14,random,raw,0.0,1,2000,1000,20261001,1057,1.1203310197607526,1.1230407635406436,0.219,11,0,False,-0.0010983396812562162,-0.00043079117482119103,0.015589277969617446,0.009049030347402637,605.18283758667,519.1917175976562,114.98841470703134,24.725465445312523,4,4.3,
AutoClaims,TabPFN-V3,14,clean,clip,200.0,1,2000,1000,20261001,-1,1.1230407635406436,1.1230407635406436,0.219,,0,True,0.0,0.0,0.0,0.0,605.3747987683106,519.407813095703,113.79719556152352,24.322443304687525,5,0.0,
AutoClaims,TabPFN-V3,14,visible,clip,200.0,1,2000,1000,20261001,1745,2.5178511883187347,1.1230407635406436,0.219,1,1,False,-0.007915311463897907,-0.014208142776194477,-0.022631956940421395,0.32510425515452146,605.7521548742675,520.9940115625,114.47445060546883,35.092946326171905,6,4.3,
AutoClaims,TabPFN-V3,14,random,clip,200.0,1,2000,1000,20261001,1057,1.1203310197607526,1.1230407635406436,0.219,11,0,True,-0.0010983396812562162,-0.00043079117482119103,0.015589277969617446,0.009049030347402637,605.18283758667,519.1917175976562,114.98841470703134,24.725465445312523,4,0.0,
AutoClaims,TabICLv2,14,clean,raw,0.0,1,2000,1000,20261001,-1,1.1230407635406436,1.1230407635406436,0.219,,0,False,0.0,0.0,0.0,0.0,649.5406752197265,540.3051394824219,138.47267061523448,22.605375942382825,3,0.0,
AutoClaims,TabICLv2,14,visible,raw,0.0,1,2000,1000,20261001,1745,2.5178511883187347,1.1230407635406436,0.219,1,0,False,0.11089873592987354,0.08561915647719151,0.16327493180964875,0.3557553513272256,603.5864664111328,519.262900776367,167.26656296875012,27.71429766406252,1,2.6,
AutoClaims,TabICLv2,14,random,raw,0.0,1,2000,1000,20261001,1057,1.1203310197607526,1.1230407635406436,0.219,11,0,False,-0.0005135541133223388,0.0009688745889741034,0.010704437923171549,0.013090765787529716,649.245291574707,540.8337210986327,140.86759509765636,22.92308040820314,3,2.6,
AutoClaims,TabICLv2,14,clean,clip,200.0,1,2000,1000,20261001,-1,1.1230407635406436,1.1230407635406436,0.219,,0,True,0.0,0.0,0.0,0.0,649.5406752197265,540.3051394824219,138.47267061523448,22.605375942382825,3,0.0,
AutoClaims,TabICLv2,14,visible,clip,200.0,1,2000,1000,20261001,1745,2.5178511883187347,1.1230407635406436,0.219,1,1,False,0.09307075705584097,0.05653019626066243,0.216911905477985,0.38216344969578236,604.9154650354003,527.0770419726563,170.51748490234388,26.939755111328147,1,2.6,
AutoClaims,TabICLv2,14,random,clip,200.0,1,2000,1000,20261001,1057,1.1203310197607526,1.1230407635406436,0.219,11,0,True,-0.0005135541133223388,0.0009688745889741034,0.010704437923171549,0.013090765787529716,649.245291574707,540.8337210986327,140.86759509765636,22.92308040820314,3,0.0,
AutoClaims,GBM,14,clean,raw,0.0,1,2000,1000,20261001,-1,1.1230407635406436,1.1230407635406436,0.219,,0,False,0.0,0.0,0.0,0.0,609.4746843116191,512.9786662683952,123.62810725412253,21.730649644126295,7,0.0,
AutoClaims,GBM,14,visible,raw,0.0,1,2000,1000,20261001,1745,2.5178511883187347,1.1230407635406436,0.219,1,0,False,0.0,-0.017239894955663845,0.027515543367479134,0.07157950107858009,609.4746843116191,519.7146701672993,130.42744783770482,26.820035079719773,5,1.7,
AutoClaims,GBM,14,random,raw,0.0,1,2000,1000,20261001,1057,1.1203310197607526,1.1230407635406436,0.219,11,0,False,-0.005290088668857177,-0.002760444901071476,0.00908697973765657,0.0,608.4751240461467,506.124814401629,125.32464086847358,21.730649644126295,7,1.7,
AutoClaims,GBM,14,clean,clip,200.0,1,2000,1000,20261001,-1,1.1230407635406436,1.1230407635406436,0.219,,0,True,0.0,0.0,0.0,0.0,609.4746843116191,512.9786662683952,123.62810725412253,21.730649644126295,7,0.0,
AutoClaims,GBM,14,visible,clip,200.0,1,2000,1000,20261001,1745,2.5178511883187347,1.1230407635406436,0.219,1,1,False,0.0,-0.017239894955663845,0.027515543367479134,0.07157950107858009,609.4746843116191,519.7146701672993,129.37957160345724,26.212650764148286,5,1.7,
AutoClaims,GBM,14,random,clip,200.0,1,2000,1000,20261001,1057,1.1203310197607526,1.1230407635406436,0.219,11,0,True,-0.005290088668857177,-0.002760444901071476,0.00908697973765657,0.0,608.4751240461467,506.124814401629,125.32464086847358,21.730649644126295,7,0.0,
AutoClaims,TabPFN-V3,15,clean,raw,0.0,1,2000,1000,20261001,-1,1.122377214693274,1.122377214693274,0.2475,,0,False,0.0,0.0,0.0,0.0,605.2854488549805,501.399500149414,111.94303686796886,24.049767675078147,4,0.0,
AutoClaims,TabPFN-V3,15,visible,raw,0.0,1,2000,1000,20261001,774,3.4667431963759685,1.122377214693274,0.2475,1,0,False,0.010878752866271029,-0.026210331929134228,-0.13562706188256968,0.053839670676626185,605.4005643115235,504.61799226367185,105.1006484988282,25.6465694992969,8,4.3,
AutoClaims,TabPFN-V3,15,random,raw,0.0,1,2000,1000,20261001,1379,1.1001902244488047,1.122377214693274,0.2475,2,0,False,-0.0027823056637850518,-0.008067446269258895,0.0079502084872285,0.08281387969099441,605.3109139318848,502.27936845019525,112.57723459257821,26.54259142312502,4,4.3,
AutoClaims,TabPFN-V3,15,clean,clip,200.0,1,2000,1000,20261001,-1,1.122377214693274,1.122377214693274,0.2475,,0,True,0.0,0.0,0.0,0.0,605.2854488549805,501.399500149414,111.94303686796886,24.049767675078147,4,0.0,
AutoClaims,TabPFN-V3,15,visible,clip,200.0,1,2000,1000,20261001,774,3.4667431963759685,1.122377214693274,0.2475,1,1,False,-0.021046587090238707,-0.011658289325776297,-0.05259960861632671,0.3109386024061254,605.9440895080567,502.77325761035155,108.58305782500008,31.88500744851565,6,4.3,
AutoClaims,TabPFN-V3,15,random,clip,200.0,1,2000,1000,20261001,1379,1.1001902244488047,1.122377214693274,0.2475,2,0,True,-0.0027823056637850518,-0.008067446269258895,0.0079502084872285,0.08281387969099441,605.3109139318848,502.27936845019525,112.57723459257821,26.54259142312502,4,0.0,
AutoClaims,TabICLv2,15,clean,raw,0.0,1,2000,1000,20261001,-1,1.122377214693274,1.122377214693274,0.2475,,0,False,0.0,0.0,0.0,0.0,607.1125563513184,503.05523576953124,132.5766761062501,18.304173907500015,2,0.0,
AutoClaims,TabICLv2,15,visible,raw,0.0,1,2000,1000,20261001,774,3.4667431963759685,1.122377214693274,0.2475,1,0,False,0.08842429552800499,0.06517269565232645,0.1003506582687084,0.30163788987205276,609.9233856738282,510.5823813261718,159.7566920242189,26.779268030546902,2,2.6,
AutoClaims,TabICLv2,15,random,raw,0.0,1,2000,1000,20261001,1379,1.1001902244488047,1.122377214693274,0.2475,2,0,False,0.012096884030358909,0.01622874960881208,0.06099045612843412,0.07538045572903276,606.9005455822754,502.86432852343745,141.07019479765637,19.905206997343768,1,2.7,
AutoClaims,TabICLv2,15,clean,clip,200.0,1,2000,1000,20261001,-1,1.122377214693274,1.122377214693274,0.2475,,0,True,0.0,0.0,0.0,0.0,607.1125563513184,503.05523576953124,132.5766761062501,18.304173907500015,2,0.0,
AutoClaims,TabICLv2,15,visible,clip,200.0,1,2000,1000,20261001,774,3.4667431963759685,1.122377214693274,0.2475,1,1,False,0.09293002491353487,0.037247683539689755,0.17759187132579096,0.35875226868520593,608.9360223474121,506.76430337207023,164.97013476835951,26.852211934843773,1,2.6,
AutoClaims,TabICLv2,15,random,clip,200.0,1,2000,1000,20261001,1379,1.1001902244488047,1.122377214693274,0.2475,2,0,True,0.012096884030358909,0.01622874960881208,0.06099045612843412,0.07538045572903276,606.9005455822754,502.86432852343745,141.07019479765637,19.905206997343768,1,0.0,
AutoClaims,GBM,15,clean,raw,0.0,1,2000,1000,20261001,-1,1.122377214693274,1.122377214693274,0.2475,,0,False,0.0,0.0,0.0,0.0,609.414913610148,508.79879899749665,124.16599179479654,21.93479663977241,13,0.0,
AutoClaims,GBM,15,visible,raw,0.0,1,2000,1000,20261001,774,3.4667431963759685,1.122377214693274,0.2475,1,0,False,0.0,-0.008444298382884213,0.018314257470443126,9.446014673312991e-11,609.414913610148,505.27278054168255,182.45064414377657,22.952251355209988,11,1.7,
AutoClaims,GBM,15,random,raw,0.0,1,2000,1000,20261001,1379,1.1001902244488047,1.122377214693274,0.2475,2,0,False,0.0019976686737483186,-0.0005172611583511964,0.010291087127315024,9.571226672703347e-11,609.9434058138737,503.7966911469507,125.75877653628449,30.135355775225165,9,1.6,
AutoClaims,GBM,15,clean,clip,200.0,1,2000,1000,20261001,-1,1.122377214693274,1.122377214693274,0.2475,,0,True,0.0,0.0,0.0,0.0,609.414913610148,508.79879899749665,124.16599179479654,21.93479663977241,13,0.0,
AutoClaims,GBM,15,visible,clip,200.0,1,2000,1000,20261001,774,3.4667431963759685,1.122377214693274,0.2475,1,1,False,0.0,-0.008444298382884213,-0.011445244719846396,9.446014673312991e-11,609.414913610148,505.27278054168255,163.140265347576,22.775490328818755,12,1.7,
AutoClaims,GBM,15,random,clip,200.0,1,2000,1000,20261001,1379,1.1001902244488047,1.122377214693274,0.2475,2,0,True,0.0019976686737483186,-0.0005172611583511964,0.010291087127315024,9.571226672703347e-11,609.9434058138737,503.7966911469507,125.75877653628449,30.135355775225165,9,0.0,
AutoClaims,TabPFN-V3,16,clean,raw,0.0,1,2000,1000,20261001,-1,1.0239645757112992,1.0239645757112992,0.2805,,0,False,0.0,0.0,0.0,0.0,653.9369571044922,627.0159259257813,208.27819317070322,66.18349257390626,14,0.0,
AutoClaims,TabPFN-V3,16,visible,raw,0.0,1,2000,1000,20261001,1407,4.066066382023265,1.0239645757112992,0.2805,1,0,False,-0.008496681469962205,-0.033856039885546196,-0.11301029033793725,0.001829348745368683,654.1069279931642,632.2281332353515,213.5515284734376,67.52291210320314,17,4.3,
AutoClaims,TabPFN-V3,16,random,raw,0.0,1,2000,1000,20261001,1111,4.471152711256017,1.0239645757112992,0.2805,1,0,False,-0.012376135301849105,-0.04015662606287648,-0.09521010954629042,-0.009348223021848867,654.3223661962891,633.2814604814452,212.72535315117196,68.36833863445315,16,4.3,
AutoClaims,TabPFN-V3,16,clean,clip,200.0,1,2000,1000,20261001,-1,1.0239645757112992,1.0239645757112992,0.2805,,0,True,0.0,0.0,0.0,0.0,653.9369571044922,627.0159259257813,208.27819317070322,66.18349257390626,14,0.0,
AutoClaims,TabPFN-V3,16,visible,clip,200.0,1,2000,1000,20261001,1407,4.066066382023265,1.0239645757112992,0.2805,1,1,False,-0.012776873156164026,-0.0010222486531183286,-0.05692902812113114,0.30900297450716896,653.9906152062989,630.737852,209.60096657890634,57.30796130046877,14,4.3,
AutoClaims,TabPFN-V3,16,random,clip,200.0,1,2000,1000,20261001,1111,4.471152711256017,1.0239645757112992,0.2805,1,1,False,-0.008315988345033758,-0.00032215064117152266,-0.05516062159808683,0.28945626515851075,653.9270388439942,630.4159046562501,209.59185097343763,58.64266721062502,14,4.3,
AutoClaims,TabICLv2,16,clean,raw,0.0,1,2000,1000,20261001,-1,1.0239645757112992,1.0239645757112992,0.2805,,0,False,0.0,0.0,0.0,0.0,656.5193210791017,629.5515172685546,207.89570904960942,78.72740293328127,11,0.0,
AutoClaims,TabICLv2,16,visible,raw,0.0,1,2000,1000,20261001,1407,4.066066382023265,1.0239645757112992,0.2805,1,0,False,0.056457113983157184,0.11270667961728685,0.047299759102248665,0.19782377791711042,660.153064230957,641.8982095830078,215.36368808281262,69.72033819304689,9,2.6,
AutoClaims,TabICLv2,16,random,raw,0.0,1,2000,1000,20261001,1111,4.471152711256017,1.0239645757112992,0.2805,1,0,False,0.04855351782111771,0.13557831878674464,0.059225323940630056,0.2116964638049656,658.9548033178711,644.2600095781248,218.72236505546886,73.2810635885547,9,2.6,
AutoClaims,TabICLv2,16,clean,clip,200.0,1,2000,1000,20261001,-1,1.0239645757112992,1.0239645757112992,0.2805,,0,True,0.0,0.0,0.0,0.0,656.5193210791017,629.5515172685546,207.89570904960942,78.72740293328127,11,0.0,
AutoClaims,TabICLv2,16,visible,clip,200.0,1,2000,1000,20261001,1407,4.066066382023265,1.0239645757112992,0.2805,1,1,False,0.08031557682785412,0.07348543271753008,0.20139690842276903,0.3519897824145515,662.3123094201661,640.0821740751953,210.42419185234385,59.789648809257834,8,2.6,
AutoClaims,TabICLv2,16,random,clip,200.0,1,2000,1000,20261001,1111,4.471152711256017,1.0239645757112992,0.2805,1,1,False,0.07620189854663294,0.08436872004954193,0.21344848131542174,0.3563462679701922,661.5254396887208,638.6561527128906,210.73607688164074,59.60458489812503,8,2.5,
AutoClaims,GBM,16,clean,raw,0.0,1,2000,1000,20261001,-1,1.0239645757112992,1.0239645757112992,0.2805,,0,False,0.0,0.0,0.0,0.0,655.1509504457018,648.2380561478701,237.99695460167067,73.09659621261758,16,0.0,
AutoClaims,GBM,16,visible,raw,0.0,1,2000,1000,20261001,1407,4.066066382023265,1.0239645757112992,0.2805,1,0,False,0.0,-0.008729746610186022,0.002395132052105671,-0.000650662457758588,655.1509504457018,648.256002613803,254.72542855597325,82.63743396975366,15,1.6,
AutoClaims,GBM,16,random,raw,0.0,1,2000,1000,20261001,1111,4.471152711256017,1.0239645757112992,0.2805,1,0,False,0.0,0.007348688282346255,-0.04110972581307807,-0.09336639137480394,655.1509504457018,645.9585893445249,323.02317083950857,75.88949493551348,22,1.7,
AutoClaims,GBM,16,clean,clip,200.0,1,2000,1000,20261001,-1,1.0239645757112992,1.0239645757112992,0.2805,,0,True,0.0,0.0,0.0,0.0,655.1509504457018,648.2380561478701,237.99695460167067,73.09659621261758,16,0.0,
AutoClaims,GBM,16,visible,clip,200.0,1,2000,1000,20261001,1407,4.066066382023265,1.0239645757112992,0.2805,1,1,False,0.0,-0.008729746610186022,0.002395132052105671,-0.000650662457758588,655.1509504457018,648.256002613803,234.19171818532828,77.62312957672573,15,1.6,
AutoClaims,GBM,16,random,clip,200.0,1,2000,1000,20261001,1111,4.471152711256017,1.0239645757112992,0.2805,1,1,False,0.0,0.007348688282346255,-0.0445647261701137,-0.07969529429571619,655.1509504457018,645.9585893445249,274.8919245254217,79.16194368455508,21,1.7,
AutoClaims,TabPFN-V3,17,clean,raw,0.0,1,2000,1000,20261001,-1,1.0411444915330061,1.0411444915330061,0.2745,,0,False,0.0,0.0,0.0,0.0,653.1307888256837,584.5516290585937,165.89107782968756,32.30786373609377,11,0.0,
AutoClaims,TabPFN-V3,17,visible,raw,0.0,1,2000,1000,20261001,1848,2.1123395145147184,1.0411444915330061,0.2745,1,0,False,0.009977894548547831,-0.014056793560932687,-0.027284926741276,0.27095197988107245,652.7589734655761,586.0298115341797,165.48301211679697,28.0510014489844,11,4.4,
AutoClaims,TabPFN-V3,17,random,raw,0.0,1,2000,1000,20261001,486,2.4535455313469536,1.0411444915330061,0.2745,1,0,False,-0.009103383075190385,-0.01914002119358551,-0.07043929343413352,0.19891672687193596,652.9483639916991,586.4507592636719,165.97032595468758,27.9698206364844,12,4.3,
AutoClaims,TabPFN-V3,17,clean,clip,200.0,1,2000,1000,20261001,-1,1.0411444915330061,1.0411444915330061,0.2745,,0,True,0.0,0.0,0.0,0.0,653.1307888256837,584.5516290585937,165.89107782968756,32.30786373609377,11,0.0,
AutoClaims,TabPFN-V3,17,visible,clip,200.0,1,2000,1000,20261001,1848,2.1123395145147184,1.0411444915330061,0.2745,1,0,True,0.009977894548547831,-0.014056793560932687,-0.027284926741276,0.27095197988107245,652.7589734655761,586.0298115341797,165.48301211679697,28.0510014489844,11,0.0,
AutoClaims,TabPFN-V3,17,random,clip,200.0,1,2000,1000,20261001,486,2.4535455313469536,1.0411444915330061,0.2745,1,1,False,-0.0008069359844375039,-0.012090449895953616,-0.05480894031917539,0.2368180023455703,652.8326595385743,586.0606449570312,165.65531761484382,27.793545122812525,11,4.5,
AutoClaims,TabICLv2,17,clean,raw,0.0,1,2000,1000,20261001,-1,1.0411444915330061,1.0411444915330061,0.2745,,0,False,0.0,0.0,0.0,0.0,652.8477456958008,590.7412040341796,169.39462631601572,40.29414364820313,9,0.0,
AutoClaims,TabICLv2,17,visible,raw,0.0,1,2000,1000,20261001,1848,2.1123395145147184,1.0411444915330061,0.2745,1,0,False,0.07965808169002717,0.0713290878582017,0.26953399826379654,0.42134176756646213,654.383441566162,590.9758520126953,186.18844588632825,27.522953615000024,4,2.6,
AutoClaims,TabICLv2,17,random,raw,0.0,1,2000,1000,20261001,486,2.4535455313469536,1.0411444915330061,0.2745,1,0,False,0.08947217752433659,0.082301848842466,0.19802242290407532,0.3615920775107736,654.7146300732421,590.8484739609374,184.74334897226575,31.114586357187523,7,2.5,
AutoClaims,TabICLv2,17,clean,clip,200.0,1,2000,1000,20261001,-1,1.0411444915330061,1.0411444915330061,0.2745,,0,True,0.0,0.0,0.0,0.0,652.8477456958008,590.7412040341796,169.39462631601572,40.29414364820313,9,0.0,
AutoClaims,TabICLv2,17,visible,clip,200.0,1,2000,1000,20261001,1848,2.1123395145147184,1.0411444915330061,0.2745,1,0,True,0.07965808169002717,0.0713290878582017,0.26953399826379654,0.42134176756646213,654.383441566162,590.9758520126953,186.18844588632825,27.522953615000024,4,0.0,
AutoClaims,TabICLv2,17,random,clip,200.0,1,2000,1000,20261001,486,2.4535455313469536,1.0411444915330061,0.2745,1,1,False,0.08562744565815075,0.07955020253611958,0.2226055243947359,0.3817523185927961,654.3543458972168,590.6334112070313,185.20421015390636,30.309929654062522,6,2.6,
AutoClaims,GBM,17,clean,raw,0.0,1,2000,1000,20261001,-1,1.0411444915330061,1.0411444915330061,0.2745,,0,False,0.0,0.0,0.0,0.0,653.844223481921,594.5714480062202,184.10834595938442,39.846726432840995,17,0.0,
AutoClaims,GBM,17,visible,raw,0.0,1,2000,1000,20261001,1848,2.1123395145147184,1.0411444915330061,0.2745,1,0,False,0.0,-0.0021665204125810005,0.005002409349888432,0.11673900987011919,653.844223481921,593.8442536825544,185.16474854446872,47.89715885845866,15,1.6,
AutoClaims,GBM,17,random,raw,0.0,1,2000,1000,20261001,486,2.4535455313469536,1.0411444915330061,0.2745,1,0,False,0.0,0.001701220730090348,0.032699241313537825,-0.005954758784271498,653.844223481921,594.9235372167508,221.60274860903556,42.67354000502224,20,1.7,
AutoClaims,GBM,17,clean,clip,200.0,1,2000,1000,20261001,-1,1.0411444915330061,1.0411444915330061,0.2745,,0,True,0.0,0.0,0.0,0.0,653.844223481921,594.5714480062202,184.10834595938442,39.846726432840995,17,0.0,
AutoClaims,GBM,17,visible,clip,200.0,1,2000,1000,20261001,1848,2.1123395145147184,1.0411444915330061,0.2745,1,0,True,0.0,-0.0021665204125810005,0.005002409349888432,0.11673900987011919,653.844223481921,593.8442536825544,185.16474854446872,47.89715885845866,15,0.0,
AutoClaims,GBM,17,random,clip,200.0,1,2000,1000,20261001,486,2.4535455313469536,1.0411444915330061,0.2745,1,1,False,0.0,0.001701220730090348,0.032699241313537825,-0.010221970687494036,653.844223481921,594.9235372167508,218.81229257108072,42.60910437566713,20,1.7,
AutoClaims,TabPFN-V3,18,clean,raw,0.0,1,2000,1000,20261001,-1,1.0263157593094483,1.0263157593094483,0.2835,,0,False,0.0,0.0,0.0,0.0,732.1180324816895,664.0727111533203,204.61201958359388,75.7424391224219,14,0.0,
AutoClaims,TabPFN-V3,18,visible,raw,0.0,1,2000,1000,20261001,1003,7.584500224408354,1.0263157593094483,0.2835,1,0,False,0.03323821564051485,-0.008626501421611898,-0.11265799980173638,0.13085610611533743,731.0894634155273,665.4170776523438,214.00381041367194,70.9839033489844,22,4.3,
AutoClaims,TabPFN-V3,18,random,raw,0.0,1,2000,1000,20261001,545,1.1544714663569153,1.0263157593094483,0.2835,1,0,False,-0.011165130529662911,-0.013313579743742612,0.018669883592420937,0.08573855113697271,732.5570630041505,666.4622059091796,204.87079718125008,72.4811382552344,15,4.2,
AutoClaims,TabPFN-V3,18,clean,clip,200.0,1,2000,1000,20261001,-1,1.0263157593094483,1.0263157593094483,0.2835,,0,True,0.0,0.0,0.0,0.0,732.1180324816895,664.0727111533203,204.61201958359388,75.7424391224219,14,0.0,
AutoClaims,TabPFN-V3,18,visible,clip,200.0,1,2000,1000,20261001,1003,7.584500224408354,1.0263157593094483,0.2835,1,1,False,-0.01199004157627568,-0.01880639793333886,-0.038786403494619426,0.25084213862074667,732.7273651916504,666.3166164072265,206.57991409531257,65.38018231382814,18,4.3,
AutoClaims,TabPFN-V3,18,random,clip,200.0,1,2000,1000,20261001,545,1.1544714663569153,1.0263157593094483,0.2835,1,0,True,-0.011165130529662911,-0.013313579743742612,0.018669883592420937,0.08573855113697271,732.5570630041505,666.4622059091796,204.87079718125008,72.4811382552344,15,0.0,
AutoClaims,TabICLv2,18,clean,raw,0.0,1,2000,1000,20261001,-1,1.0263157593094483,1.0263157593094483,0.2835,,0,False,0.0,0.0,0.0,0.0,733.1874345263672,659.7698292343749,207.2033055406251,81.74467796128907,14,0.0,
AutoClaims,TabICLv2,18,visible,raw,0.0,1,2000,1000,20261001,1003,7.584500224408354,1.0263157593094483,0.2835,1,0,False,0.021078883797771574,0.19671765996276544,-0.036816637339555265,0.11597600863586618,732.7160080249023,665.3404568222657,203.96511769882824,74.94600625230471,13,2.6,
AutoClaims,TabICLv2,18,random,raw,0.0,1,2000,1000,20261001,545,1.1544714663569153,1.0263157593094483,0.2835,1,0,False,-0.023662450618029546,0.036999116338666135,0.16079519807841458,0.16106494221840417,733.1405751269532,662.9954740830078,208.36091350937514,75.53639488902346,8,2.5,
AutoClaims,TabICLv2,18,clean,clip,200.0,1,2000,1000,20261001,-1,1.0263157593094483,1.0263157593094483,0.2835,,0,True,0.0,0.0,0.0,0.0,733.1874345263672,659.7698292343749,207.2033055406251,81.74467796128907,14,0.0,
AutoClaims,TabICLv2,18,visible,clip,200.0,1,2000,1000,20261001,1003,7.584500224408354,1.0263157593094483,0.2835,1,1,False,0.06881808837905576,0.08291246918969165,0.1645197880939493,0.2936767104730843,732.5097860144044,658.7267711679688,207.60051059921886,66.71736980601565,9,2.6,
AutoClaims,TabICLv2,18,random,clip,200.0,1,2000,1000,20261001,545,1.1544714663569153,1.0263157593094483,0.2835,1,0,True,-0.023662450618029546,0.036999116338666135,0.16079519807841458,0.16106494221840417,733.1405751269532,662.9954740830078,208.36091350937514,75.53639488902346,8,0.0,
AutoClaims,GBM,18,clean,raw,0.0,1,2000,1000,20261001,-1,1.0263157593094483,1.0263157593094483,0.2835,,0,False,0.0,0.0,0.0,0.0,732.4609417515699,671.4072424013553,218.9642917155127,74.96513525336762,27,0.0,
AutoClaims,GBM,18,visible,raw,0.0,1,2000,1000,20261001,1003,7.584500224408354,1.0263157593094483,0.2835,1,0,False,0.0,0.00046121550887910645,0.042099141586233214,9.234454049059654e-11,732.4609417515699,671.6098819399308,226.37638147082146,76.55066658906534,27,1.7,
AutoClaims,GBM,18,random,raw,0.0,1,2000,1000,20261001,545,1.1544714663569153,1.0263157593094483,0.2835,1,0,False,-0.0009587304503278442,-0.022635451694505357,0.03825025747573161,1.7057752678664801e-10,732.7952906806022,682.016294842755,224.4428315380392,74.78972604969981,20,1.7,
AutoClaims,GBM,18,clean,clip,200.0,1,2000,1000,20261001,-1,1.0263157593094483,1.0263157593094483,0.2835,,0,True,0.0,0.0,0.0,0.0,732.4609417515699,671.4072424013553,218.9642917155127,74.96513525336762,27,0.0,
AutoClaims,GBM,18,visible,clip,200.0,1,2000,1000,20261001,1003,7.584500224408354,1.0263157593094483,0.2835,1,1,False,0.0,0.00046121550887910645,0.042099141586233214,9.234454049059654e-11,732.4609417515699,671.6098819399308,215.200558587241,74.2463732126332,27,1.7,
AutoClaims,GBM,18,random,clip,200.0,1,2000,1000,20261001,545,1.1544714663569153,1.0263157593094483,0.2835,1,0,True,-0.0009587304503278442,-0.022635451694505357,0.03825025747573161,1.7057752678664801e-10,732.7952906806022,682.016294842755,224.4428315380392,74.78972604969981,20,0.0,
AutoClaims,TabPFN-V3,19,clean,raw,0.0,1,2000,1000,20261001,-1,1.1324310987967763,1.1324310987967763,0.249,,0,False,0.0,0.0,0.0,0.0,706.694368112793,627.5010174199219,191.73005253593757,56.506825195000026,15,0.0,
AutoClaims,TabPFN-V3,19,visible,raw,0.0,1,2000,1000,20261001,880,5.7802518101517215,1.1324310987967763,0.249,1,0,False,0.054579306364455626,-0.01352546480658465,-0.13550577725120222,-0.02506836731196646,703.6279277758789,630.8567196806641,200.41476246757819,56.006839255546886,21,4.3,
AutoClaims,TabPFN-V3,19,random,raw,0.0,1,2000,1000,20261001,1853,1.1319774056409766,1.1324310987967763,0.249,46,0,False,0.0014639134174401405,0.0022682242644855846,0.0014327855726652254,0.001368292776386037,706.7070861987305,627.2662528203125,191.5842644304688,56.41876664031253,15,4.2,
AutoClaims,TabPFN-V3,19,clean,clip,200.0,1,2000,1000,20261001,-1,1.1324310987967763,1.1324310987967763,0.249,,0,True,0.0,0.0,0.0,0.0,706.694368112793,627.5010174199219,191.73005253593757,56.506825195000026,15,0.0,
AutoClaims,TabPFN-V3,19,visible,clip,200.0,1,2000,1000,20261001,880,5.7802518101517215,1.1324310987967763,0.249,1,1,False,-0.0038684321594290513,-0.01124028358942395,-0.07174816184299018,0.30103966470996657,706.4924990625,630.0796910722656,193.48091793632818,56.69508154460941,16,4.3,
AutoClaims,TabPFN-V3,19,random,clip,200.0,1,2000,1000,20261001,1853,1.1319774056409766,1.1324310987967763,0.249,46,0,True,0.0014639134174401405,0.0022682242644855846,0.0014327855726652254,0.001368292776386037,706.7070861987305,627.2662528203125,191.5842644304688,56.41876664031253,15,0.0,
AutoClaims,TabICLv2,19,clean,raw,0.0,1,2000,1000,20261001,-1,1.1324310987967763,1.1324310987967763,0.249,,0,False,0.0,0.0,0.0,0.0,703.8684345812989,618.8224629716797,192.55747536796883,61.30153871843751,8,0.0,
AutoClaims,TabICLv2,19,visible,raw,0.0,1,2000,1000,20261001,880,5.7802518101517215,1.1324310987967763,0.249,1,0,False,0.07790193776423024,0.11549236742136171,-0.09053800626472133,0.09905947638610355,702.7570242333985,627.7898902226561,198.53895764335948,62.12751514910158,9,2.6,
AutoClaims,TabICLv2,19,random,raw,0.0,1,2000,1000,20261001,1853,1.1319774056409766,1.1324310987967763,0.249,46,0,False,0.0007052548799791701,0.0028121189441847687,-0.0008272190632846587,-0.0012996913662584398,703.7646986315918,619.1220399296875,192.62953450859385,61.366578265312505,8,2.6,
AutoClaims,TabICLv2,19,clean,clip,200.0,1,2000,1000,20261001,-1,1.1324310987967763,1.1324310987967763,0.249,,0,True,0.0,0.0,0.0,0.0,703.8684345812989,618.8224629716797,192.55747536796883,61.30153871843751,8,0.0,
AutoClaims,TabICLv2,19,visible,clip,200.0,1,2000,1000,20261001,880,5.7802518101517215,1.1324310987967763,0.249,1,1,False,0.12083734187704764,0.0432434693511647,0.21531695106472995,0.406290137557235,703.8771482666016,621.1475505986327,201.50219470390635,44.5757264821094,7,2.6,
AutoClaims,TabICLv2,19,random,clip,200.0,1,2000,1000,20261001,1853,1.1319774056409766,1.1324310987967763,0.249,46,0,True,0.0007052548799791701,0.0028121189441847687,-0.0008272190632846587,-0.0012996913662584398,703.7646986315918,619.1220399296875,192.62953450859385,61.366578265312505,8,0.0,
AutoClaims,GBM,19,clean,raw,0.0,1,2000,1000,20261001,-1,1.1324310987967763,1.1324310987967763,0.249,,0,False,0.0,0.0,0.0,0.0,707.0859703979024,620.0336627362506,197.84232099308267,58.97064290871828,16,0.0,
AutoClaims,GBM,19,visible,raw,0.0,1,2000,1000,20261001,880,5.7802518101517215,1.1324310987967763,0.249,1,0,False,0.0,0.0,-0.029594005233881573,8.812436998287773e-12,707.0859703979024,620.0336627362506,232.93943769211057,75.52973573000439,16,1.8,
AutoClaims,GBM,19,random,raw,0.0,1,2000,1000,20261001,1853,1.1319774056409766,1.1324310987967763,0.249,46,0,False,0.0019555395221573135,0.0009923449989081385,0.0,0.0,705.699277695185,621.2271457303988,197.80997186608386,58.97064290871828,16,1.7,
AutoClaims,GBM,19,clean,clip,200.0,1,2000,1000,20261001,-1,1.1324310987967763,1.1324310987967763,0.249,,0,True,0.0,0.0,0.0,0.0,707.0859703979024,620.0336627362506,197.84232099308267,58.97064290871828,16,0.0,
AutoClaims,GBM,19,visible,clip,200.0,1,2000,1000,20261001,880,5.7802518101517215,1.1324310987967763,0.249,1,1,False,0.0,0.0,-0.029594005233881573,8.812436998287773e-12,707.0859703979024,620.0336627362506,212.51246923250122,70.9082496564302,16,1.8,
AutoClaims,GBM,19,random,clip,200.0,1,2000,1000,20261001,1853,1.1319774056409766,1.1324310987967763,0.249,46,0,True,0.0019555395221573135,0.0009923449989081385,0.0,0.0,705.699277695185,621.2271457303988,197.80997186608386,58.97064290871828,16,0.0,
