dataset,model,repeat,factor,arm,clip_c,n_est,n_fit,n_test,sd_shift,share_visible,corrupt_rank,corrupt_over_next,n_touched,hit,d_q50,d_q90,d_q99,d_q999,pb50,pb90,pb99,pb999,n_above99,seconds,reason
freMTPL2sev,LimiX-2,0,1.0,raw,0.0,1,2000,1000,1.22365220397439,0.035,48,0.03901677198077068,0,,0.0,0.0,0.0,0.0,2001.2080732186182,3276.513984251908,3192.02765346035,2612.9252517603627,31,0.0,
freMTPL2sev,LimiX-2,0,1.0,clip,50.0,1,2000,1000,1.22365220397439,0.035,48,0.03901677198077068,11,,0.002206674359721084,-0.08046682564178505,0.09007423660297062,-0.3152226901382725,2000.8387025210181,3285.2859592699447,3166.5050877054673,2934.548270578547,29,5.7,
freMTPL2sev,LimiX-2,0,1.0,clip,200.0,1,2000,1000,1.22365220397439,0.035,48,0.03901677198077068,3,,0.005496064661803471,-0.0443393867348718,0.015397827334263911,0.01098939618458072,2001.083921611306,3283.897217700634,3164.5982319837326,2660.8127177295883,30,5.2,
freMTPL2sev,LimiX-2,0,1.0,sd_cap,1.2,1,2000,1000,1.22365220397439,0.035,48,0.03901677198077068,2,,0.0016599918947287652,-0.008904066441297669,-0.0036358130818328616,-0.03304547955420513,2001.1754742777323,3277.822935047226,3191.90355622318,2640.373351634755,32,5.1,
freMTPL2sev,LimiX-2,0,100.0,raw,0.0,1,2000,1000,2.475231671302376,0.035,1,3.901677198077068,0,False,-0.024005156929106163,0.028221270598791013,0.09829081649333199,0.18461056606289383,2005.157594975051,3273.779276783371,3178.1882174124607,2637.76484201969,26,5.6,
freMTPL2sev,LimiX-2,0,100.0,clip,50.0,1,2000,1000,2.475231671302376,0.035,1,3.901677198077068,12,True,0.0023783669480077108,-0.07099365690740125,0.08916021798595605,-0.315039002239471,2000.4457143627228,3287.9394955227745,3162.5943413437853,2940.323662432091,27,5.7,
freMTPL2sev,LimiX-2,0,100.0,clip,200.0,1,2000,1000,2.475231671302376,0.035,1,3.901677198077068,4,True,0.005830952917261175,-0.04240983870847656,0.0013623586382862922,-0.049344331569657986,2000.9327457669708,3289.723358161057,3152.079279338696,2671.0005394082505,30,5.3,
freMTPL2sev,LimiX-2,0,100.0,sd_cap,1.2,1,2000,1000,2.475231671302376,0.035,1,3.901677198077068,1,True,-0.0002951949113126576,-0.0055954162201314874,0.022635544824358915,0.023178669063849057,2001.4152305483449,3281.2006705135263,3153.82984783394,2592.454741888334,26,5.4,
freMTPL2sev,LimiX-2,1,1.0,raw,0.0,1,2000,1000,1.190379752558811,0.0415,60,0.04465944460387188,0,,0.0,0.0,0.0,0.0,631.7625465860846,825.9288889245545,511.6234652115538,156.6273737167285,27,0.0,
freMTPL2sev,LimiX-2,1,1.0,clip,50.0,1,2000,1000,1.190379752558811,0.0415,60,0.04465944460387188,20,,3.634275372725263e-05,-0.0886138725212576,-0.004625729365386214,-0.47152392886695726,632.1908882470207,825.1821826455028,511.4071559898453,279.5714538426846,27,5.1,
freMTPL2sev,LimiX-2,1,1.0,clip,200.0,1,2000,1000,1.190379752558811,0.0415,60,0.04465944460387188,4,,0.0051078356584064715,-0.025234398856223902,-0.06186510647748924,-0.21607428896741643,631.4611895684444,821.1002681366056,530.9401108165472,204.96940125061838,32,5.1,
freMTPL2sev,LimiX-2,1,1.0,sd_cap,1.2,1,2000,1000,1.190379752558811,0.0415,60,0.04465944460387188,0,,0.0,0.0,0.0,0.0,631.7625465860846,825.9288889245545,511.6234652115538,156.6273737167285,27,5.4,
freMTPL2sev,LimiX-2,1,100.0,raw,0.0,1,2000,1000,2.6410400741541395,0.0415,1,4.465944460387188,0,False,-0.010308512874729288,0.0729438962257481,0.1510986242684117,0.2969958529980399,633.971013978344,815.7476549324298,498.4637758074304,136.04019422125106,23,5.2,
freMTPL2sev,LimiX-2,1,100.0,clip,50.0,1,2000,1000,2.6410400741541395,0.0415,1,4.465944460387188,21,True,-0.00030600787125108675,-0.08544663230428803,0.018178295326935087,-0.4709344575390308,632.1177542083346,822.857544063445,502.7124907756007,279.5119030922752,27,5.2,
freMTPL2sev,LimiX-2,1,100.0,clip,200.0,1,2000,1000,2.6410400741541395,0.0415,1,4.465944460387188,5,True,0.0042136690562481535,-0.023011476963114612,-0.06989030927113027,-0.21357946647207865,631.4589819877646,819.2400200422886,537.8255414522356,216.47019940313876,32,5.3,
freMTPL2sev,LimiX-2,1,100.0,sd_cap,1.2,1,2000,1000,2.6410400741541395,0.0415,1,4.465944460387188,1,True,0.004220917074573527,0.027779785943207992,0.03495769241039187,0.06033796152808692,631.4929139024141,819.800395489077,498.33407840483966,113.75016639871377,25,5.1,
freMTPL2sev,LimiX-2,2,1.0,raw,0.0,1,2000,1000,1.1504825991718886,0.034,57,0.041376211744954115,0,,0.0,0.0,0.0,0.0,701.6654188747927,982.7195418559199,790.2239000836549,615.8274061567049,15,0.0,
freMTPL2sev,LimiX-2,2,1.0,clip,50.0,1,2000,1000,1.1504825991718886,0.034,57,0.041376211744954115,12,,-0.005091467109259055,-0.11260876634257001,-0.005126233842544577,-0.0022129808320772654,702.5616849083324,967.7280198911834,741.3536050474784,565.8364684134693,16,5.3,
freMTPL2sev,LimiX-2,2,1.0,clip,200.0,1,2000,1000,1.1504825991718886,0.034,57,0.041376211744954115,6,,0.0011818098135611857,-0.0362579420710433,-0.02331521883069374,0.1324509976931905,701.2451321238317,967.956061769476,755.9284346756634,487.88568493836635,16,5.5,
freMTPL2sev,LimiX-2,2,1.0,sd_cap,1.2,1,2000,1000,1.1504825991718886,0.034,57,0.041376211744954115,0,,0.0,0.0,0.0,0.0,701.6654188747927,982.7195418559199,790.2239000836549,615.8274061567049,15,8.0,
freMTPL2sev,LimiX-2,2,100.0,raw,0.0,1,2000,1000,2.2921766896704265,0.034,1,4.137621174495411,0,False,-0.024747798725668697,-0.01930323130451049,0.05452418217891894,0.5585524424129165,704.7453355515281,1338.2269889082816,986.9947897487881,538.6636021937309,15,5.8,
freMTPL2sev,LimiX-2,2,100.0,clip,50.0,1,2000,1000,2.2921766896704265,0.034,1,4.137621174495411,13,True,-0.0055379145437241106,-0.12731620779523795,-0.03949921389177162,-0.008291107215156397,703.3979208133084,978.1619703555148,743.736034472425,569.5781846556866,15,6.1,
freMTPL2sev,LimiX-2,2,100.0,clip,200.0,1,2000,1000,2.2921766896704265,0.034,1,4.137621174495411,7,True,-4.434566562349317e-05,-0.050441277209641,-0.04806951405389861,0.16101254363012585,701.173739494013,966.6242634048944,766.768924295493,490.08958111920606,16,5.2,
freMTPL2sev,LimiX-2,2,100.0,sd_cap,1.2,1,2000,1000,2.2921766896704265,0.034,1,4.137621174495411,1,True,0.004004605377429124,0.006941288316658087,0.03218905026296863,0.08171446785540745,701.5988739606515,1043.6983875822275,860.2722730642287,616.4933111725298,15,5.3,
freMTPL2sev,LimiX-2,3,1.0,raw,0.0,1,2000,1000,1.2692119672812667,0.0355,45,0.038688000671390395,0,,0.0,0.0,0.0,0.0,626.4196896155876,832.1839607846738,596.4819347840604,256.7521886755285,17,0.0,
freMTPL2sev,LimiX-2,3,1.0,clip,50.0,1,2000,1000,1.2692119672812667,0.0355,45,0.038688000671390395,17,,-0.004873858509195096,-0.12546973807490008,-0.038903943233908445,-0.3429428524900979,632.4201704044049,835.3745124774056,550.2302561297828,371.48003800289496,17,5.2,
freMTPL2sev,LimiX-2,3,1.0,clip,200.0,1,2000,1000,1.2692119672812667,0.0355,45,0.038688000671390395,4,,0.0030562303079166263,-0.041400041351232236,0.00245162321876902,0.16846944813651826,625.01283705515,837.0682478538877,580.8136244713152,252.90083723837557,17,5.2,
freMTPL2sev,LimiX-2,3,1.0,sd_cap,1.2,1,2000,1000,1.2692119672812667,0.0355,45,0.038688000671390395,2,,-0.00039088893914894426,0.00429378059845274,0.00010756011337379858,-0.04989680016126726,626.7153595606808,833.4816378629522,578.2184355574236,257.72466588893167,15,5.7,
freMTPL2sev,LimiX-2,3,100.0,raw,0.0,1,2000,1000,2.597782429961985,0.0355,1,3.8688000671390395,0,False,-0.02638183574236883,0.015318647369061446,0.09773275087305591,0.8729331026317412,635.336570616047,824.8842619275233,574.1892447937769,285.4658898943387,16,5.2,
freMTPL2sev,LimiX-2,3,100.0,clip,50.0,1,2000,1000,2.597782429961985,0.0355,1,3.8688000671390395,18,True,-0.00491016310777079,-0.12276624370496397,-0.014370677989863037,-0.3396567598409812,632.8095583131947,835.1813006233104,554.2232165328945,370.12600232028217,17,5.3,
freMTPL2sev,LimiX-2,3,100.0,clip,200.0,1,2000,1000,2.597782429961985,0.0355,1,3.8688000671390395,5,True,0.0039470570063735765,-0.044682042780760836,0.01122954352345076,0.34983183737208146,628.2955032369124,835.0229445820638,575.2949053627514,252.6083563742881,17,5.2,
freMTPL2sev,LimiX-2,3,100.0,sd_cap,1.2,1,2000,1000,2.597782429961985,0.0355,1,3.8688000671390395,1,True,0.006363383758978053,0.0050396216137925665,0.043308282534130646,0.28445373465329293,629.657480283912,830.7155963461764,586.6269328613838,255.99138652531832,17,5.2,
freMTPL2sev,LimiX-2,4,1.0,raw,0.0,1,2000,1000,1.3806792761737792,0.036,16,0.08017361171513762,0,,0.0,0.0,0.0,0.0,1293.1418423892135,2003.143736474573,1911.556125790485,1731.6089133442138,13,0.0,
freMTPL2sev,LimiX-2,4,1.0,clip,50.0,1,2000,1000,1.3806792761737792,0.036,16,0.08017361171513762,16,,-0.0016975275645196527,-0.16349314833013562,-0.04666181063291222,-0.2036090206442009,1293.9671755430315,2010.8316561545469,1882.615249635921,1728.7330149114662,14,5.3,
freMTPL2sev,LimiX-2,4,1.0,clip,200.0,1,2000,1000,1.3806792761737792,0.036,16,0.08017361171513762,3,,0.004250090683173854,-0.0614361742310063,-0.03298771071283127,0.08609575508313583,1293.2031986797294,2005.2377582568317,1896.492228939833,1711.0692607890928,14,5.3,
freMTPL2sev,LimiX-2,4,1.0,sd_cap,1.2,1,2000,1000,1.3806792761737792,0.036,16,0.08017361171513762,2,,-0.0010162559736265275,-0.01963285952355348,0.00961266038965402,0.06201075831012981,1293.126803801741,2003.6159625808225,1904.2591776847555,1719.7248565249422,13,5.3,
freMTPL2sev,LimiX-2,4,100.0,raw,0.0,1,2000,1000,5.658156018924014,0.036,1,8.017361171513762,0,False,-0.026944157197376306,0.08882560365611342,0.18360849898649406,0.868360048355445,1298.1252331602348,1999.7993362443237,2092.7716599675928,1787.0768917628382,10,5.3,
freMTPL2sev,LimiX-2,4,100.0,clip,50.0,1,2000,1000,5.658156018924014,0.036,1,8.017361171513762,16,True,-0.0016975275645196527,-0.16349314833013562,-0.04666181063291222,-0.2036090206442009,1293.9671755430315,2010.8316561545469,1882.615249635921,1728.7330149114662,14,5.1,
freMTPL2sev,LimiX-2,4,100.0,clip,200.0,1,2000,1000,5.658156018924014,0.036,1,8.017361171513762,4,True,0.0037155306482439194,-0.058506955106602206,-0.05022765341434235,0.16662417718977268,1292.8558318524617,2004.169148782003,1897.475033949637,1705.5470986579662,14,5.1,
freMTPL2sev,LimiX-2,4,100.0,sd_cap,1.2,1,2000,1000,5.658156018924014,0.036,1,8.017361171513762,2,True,0.0028336140000260203,-0.001550555045414867,0.030072559154786037,0.07794034392367519,1293.0054846363012,2001.7535912782278,1904.0543421388943,1739.5281468009132,13,5.4,
freMTPL2sev,LimiX-2,5,1.0,raw,0.0,1,2000,1000,1.3200845992013304,0.0205,19,0.042737225044165744,0,,0.0,0.0,0.0,0.0,553.190163900837,777.3835861046197,526.9920674409149,195.19329241673216,17,0.0,
freMTPL2sev,LimiX-2,5,1.0,clip,50.0,1,2000,1000,1.3200845992013304,0.0205,19,0.042737225044165744,13,,0.0008926698853705792,-0.09893676891915784,-0.03686331866555653,-0.257085959847865,552.0429055206505,696.5025250950546,421.3908969334606,221.61948664519235,20,5.2,
freMTPL2sev,LimiX-2,5,1.0,clip,200.0,1,2000,1000,1.3200845992013304,0.0205,19,0.042737225044165744,5,,0.002073206515192008,-0.05546277864171528,-0.07551636815547258,0.11022908508843424,552.209832025987,697.9224985216466,446.0370785763365,164.46056633876114,20,5.2,
freMTPL2sev,LimiX-2,5,1.0,sd_cap,1.2,1,2000,1000,1.3200845992013304,0.0205,19,0.042737225044165744,2,,0.004305722403524948,-0.0015072995192840178,0.019805740287752657,-0.03072137973364751,553.0949841499413,776.4601012453868,499.6967852923191,191.73120723409363,17,5.1,
freMTPL2sev,LimiX-2,5,100.0,raw,0.0,1,2000,1000,2.9756911123939402,0.0205,1,4.2737225044165745,0,False,-0.02720279064002352,0.03334684954888703,0.08554002397089208,0.4849224433995737,557.5658553837567,697.3950317126033,551.1474472370874,255.8931066250996,16,5.3,
freMTPL2sev,LimiX-2,5,100.0,clip,50.0,1,2000,1000,2.9756911123939402,0.0205,1,4.2737225044165745,14,True,0.00024667765052017754,-0.10296796247147638,-0.04310459088630689,-0.25887993021720623,552.0433087394994,697.6071344044482,421.6145952152994,221.17423851783406,21,5.1,
freMTPL2sev,LimiX-2,5,100.0,clip,200.0,1,2000,1000,2.9756911123939402,0.0205,1,4.2737225044165745,6,True,0.0002585490371763505,-0.0566279928473111,-0.058474407559393635,0.443365644233407,552.0448761037921,696.4687790963626,454.72356108848015,153.96229940874957,20,5.1,
freMTPL2sev,LimiX-2,5,100.0,sd_cap,1.2,1,2000,1000,2.9756911123939402,0.0205,1,4.2737225044165745,1,True,-0.004476543216216466,0.013427230450382105,-0.0040475829840222214,0.12799404586961857,553.3598359809847,765.7521773212145,510.3793447967353,192.401778501411,18,5.3,
freMTPL2sev,LimiX-2,6,1.0,raw,0.0,1,2000,1000,1.2180061869432446,0.073,125,0.03340222440205332,0,,0.0,0.0,0.0,0.0,1015.49154495551,1486.244114795764,1140.2144915674905,754.5769314470074,35,0.0,
freMTPL2sev,LimiX-2,6,1.0,clip,50.0,1,2000,1000,1.2180061869432446,0.073,125,0.03340222440205332,10,,-0.004995776019886444,-0.085234561028907,-0.10412067045465453,-0.01826196092272591,1016.580809897389,1513.3706647480021,1155.9654661782824,884.7813126256002,41,5.2,
freMTPL2sev,LimiX-2,6,1.0,clip,200.0,1,2000,1000,1.2180061869432446,0.073,125,0.03340222440205332,2,,-0.005065807560331299,-0.011247990760015602,-0.06410244427395981,-0.07062359774741869,1015.1331250093763,1481.6598022191124,1141.328752996868,778.7557565544915,39,5.6,
freMTPL2sev,LimiX-2,6,1.0,sd_cap,1.2,1,2000,1000,1.2180061869432446,0.073,125,0.03340222440205332,2,,-0.001400605755158471,-0.0021129170933937534,-0.014529781569848946,-0.0019315608338473468,1015.3965530416544,1483.2840245551145,1137.6217254837873,758.1245441135032,37,5.6,
freMTPL2sev,LimiX-2,6,100.0,raw,0.0,1,2000,1000,2.170816181425236,0.073,1,3.3402224402053324,0,False,-0.007429045963632953,0.026299846134870266,0.034262298330215546,0.13802126958890348,1016.378980597313,1499.1348539289052,1167.6557861737256,772.5497072569899,34,5.3,
freMTPL2sev,LimiX-2,6,100.0,clip,50.0,1,2000,1000,2.170816181425236,0.073,1,3.3402224402053324,11,True,-0.004506979163367864,-0.084533253763018,-0.06157483245417375,0.07443966998904257,1016.6210079528307,1513.8068922154212,1145.755672724358,856.1202212906451,40,5.2,
freMTPL2sev,LimiX-2,6,100.0,clip,200.0,1,2000,1000,2.170816181425236,0.073,1,3.3402224402053324,3,True,-0.0028346202352695677,-0.029262649919906916,-0.030100211410687857,0.03183646426020102,1036.7585447919068,1494.4002506463569,1115.561693094756,741.9703405313028,38,5.2,
freMTPL2sev,LimiX-2,6,100.0,sd_cap,1.2,1,2000,1000,2.170816181425236,0.073,1,3.3402224402053324,1,True,-0.0024444628143751755,0.0018011414821730715,0.016510552321261918,0.04376857322858532,1016.0032398021457,1489.5446386957653,1129.9231896476376,760.3494322664199,35,5.4,
freMTPL2sev,LimiX-2,7,1.0,raw,0.0,1,2000,1000,4.329917599470167,0.9745,1800,0.00013232581973926066,0,,0.0,0.0,0.0,0.0,947.5179544298911,1379.1845415072582,1066.8119782933525,579.8410861289348,25,0.0,
freMTPL2sev,LimiX-2,7,1.0,clip,50.0,1,2000,1000,4.329917599470167,0.9745,1800,0.00013232581973926066,16,,0.024385459204045667,-0.16062009358931978,-0.10845788886218458,-0.665131362973765,943.3320945775008,1392.0124886054657,1069.4072691039012,825.1147286221732,26,5.2,
freMTPL2sev,LimiX-2,7,1.0,clip,200.0,1,2000,1000,4.329917599470167,0.9745,1800,0.00013232581973926066,4,,0.031007521793026044,-0.09587150037087164,-0.1550825186398557,-0.2653215452975983,943.2481371382398,1388.6279228479284,1071.466418716236,583.2681373701558,27,5.3,
freMTPL2sev,LimiX-2,7,1.0,sd_cap,1.2,1,2000,1000,4.329917599470167,0.9745,1800,0.00013232581973926066,1,,0.0322508560644518,-0.06386427170749417,-0.1551077036026012,-0.17019631150871795,943.0531689906198,1385.262041278785,1089.55710703355,562.7665858715777,26,5.3,
freMTPL2sev,LimiX-2,7,100.0,raw,0.0,1,2000,1000,4.324932589596834,0.9745,22,0.013232581973926067,0,False,0.0025312040678157257,0.0004159555138420042,0.018735387567783972,0.017811999335017387,947.1759249258448,1379.4540802359813,1063.5968459458713,585.012495349227,25,5.2,
freMTPL2sev,LimiX-2,7,100.0,clip,50.0,1,2000,1000,4.324932589596834,0.9745,22,0.013232581973926067,16,False,0.024711677587332954,-0.16287729932718978,-0.08027833957693609,-0.6643283873710487,943.2943941903466,1392.546584917754,1066.8701475447174,824.8458183739921,26,5.3,
freMTPL2sev,LimiX-2,7,100.0,clip,200.0,1,2000,1000,4.324932589596834,0.9745,22,0.013232581973926067,4,False,0.031342581822082036,-0.09625992395275468,-0.12750808492744142,-0.23709728015934972,943.2673324279283,1388.2987043331389,1070.7693803671486,579.2529165801012,27,5.2,
freMTPL2sev,LimiX-2,7,100.0,sd_cap,1.2,1,2000,1000,4.324932589596834,0.9745,22,0.013232581973926067,1,False,0.03219341147359014,-0.06482882531179243,-0.1350758805967292,-0.13415843336142524,943.1334830768786,1386.0003392267843,1086.1436393719023,553.3537153927044,26,5.2,
freMTPL2sev,LimiX-2,8,1.0,raw,0.0,1,2000,1000,4.154660842160417,0.9755,204,0.0020011600746317336,0,,0.0,0.0,0.0,0.0,623.2936372063823,783.4685472961543,413.8806115575209,142.38221433170034,12,0.0,
freMTPL2sev,LimiX-2,8,1.0,clip,50.0,1,2000,1000,4.154660842160417,0.9755,204,0.0020011600746317336,14,,0.03176342277816145,-0.13199158529507654,-0.19530013949338282,-0.5999437240608829,617.7348578770127,798.3929086786197,400.70393600134724,236.27875702871162,23,5.1,
freMTPL2sev,LimiX-2,8,1.0,clip,200.0,1,2000,1000,4.154660842160417,0.9755,204,0.0020011600746317336,3,,0.03922073134933636,-0.10819762492583074,-0.19253665314230892,-0.4567751685560689,617.9816469765952,797.0094371770267,416.697118534428,172.4455359754213,23,5.2,
freMTPL2sev,LimiX-2,8,1.0,sd_cap,1.2,1,2000,1000,4.154660842160417,0.9755,204,0.0020011600746317336,1,,0.032546825025814415,-0.048426759838202896,-0.15166650273378926,-0.43636064635983896,618.5232918913264,788.147169525728,409.788045011327,114.60037869855559,22,5.2,
freMTPL2sev,LimiX-2,8,100.0,raw,0.0,1,2000,1000,3.299777814584543,0.9755,2,0.20011600746317337,0,False,-0.01033480555762355,0.009706904885956427,0.016353191161009424,0.10935702541915321,624.5714972770105,781.4938261653065,436.4678289178887,158.92511753665082,10,5.2,
freMTPL2sev,LimiX-2,8,100.0,clip,50.0,1,2000,1000,3.299777814584543,0.9755,2,0.20011600746317337,15,True,0.031417488690705916,-0.13136089877319934,-0.1683599377149147,-0.5942964216135703,617.6791861769545,797.7339602291381,400.95008068637395,231.75856608689165,23,5.4,
freMTPL2sev,LimiX-2,8,100.0,clip,200.0,1,2000,1000,3.299777814584543,0.9755,2,0.20011600746317337,4,True,0.03394298365435504,-0.10562890400538205,-0.20486273777018954,-0.37355864340310285,618.1186331931661,798.3215397564699,429.2225878926704,171.58837759823672,27,5.4,
freMTPL2sev,LimiX-2,8,100.0,sd_cap,1.2,1,2000,1000,3.299777814584543,0.9755,2,0.20011600746317337,1,False,0.03525924330543105,-0.036575727356193945,-0.10574015161566505,-0.14997405335958283,618.3944213886483,788.2791067352392,396.47803441041714,96.08633436289306,20,5.3,
freMTPL2sev,LimiX-2,9,1.0,raw,0.0,1,2000,1000,3.2643406623071347,0.97,1689,0.00033923247384705146,0,,0.0,0.0,0.0,0.0,2690.125337848653,4488.665060167343,4655.168522417222,3706.755214655902,14,0.0,
freMTPL2sev,LimiX-2,9,1.0,clip,50.0,1,2000,1000,3.2643406623071347,0.97,1689,0.00033923247384705146,17,,0.030241043112466892,-0.18300589156204178,-0.13328017469390463,-0.6844679793152735,2684.0955200705166,4500.974631042893,4547.816937317815,4423.636031451142,19,5.8,
freMTPL2sev,LimiX-2,9,1.0,clip,200.0,1,2000,1000,3.2643406623071347,0.97,1689,0.00033923247384705146,6,,0.02863027411543745,-0.12389956960496831,-0.1303017110593931,-0.43038139227146,2684.8062659382704,4488.393897844575,4575.685875142469,4346.090186964093,18,5.3,
freMTPL2sev,LimiX-2,9,1.0,sd_cap,1.2,1,2000,1000,3.2643406623071347,0.97,1689,0.00033923247384705146,1,,0.03231551235497657,-0.05588115311085881,-0.08050839282560464,-0.37780757704316487,2685.038232608942,4486.020053362371,4597.827627656153,4241.99675170344,16,5.3,
freMTPL2sev,LimiX-2,9,100.0,raw,0.0,1,2000,1000,3.249545429007761,0.97,11,0.033923247384705146,0,False,0.0006736843972903635,0.001536154655353653,0.010066207852600786,0.05680552358197154,2690.2364387608463,4488.909936977285,4655.744016823555,3011.2521493756076,14,5.2,
freMTPL2sev,LimiX-2,9,100.0,clip,50.0,1,2000,1000,3.249545429007761,0.97,11,0.033923247384705146,18,True,0.0302038238096786,-0.19575466718571521,-0.13273867427560807,-0.6699152866451019,2684.236043834167,4502.906803407499,4545.115260966476,4421.802565988809,18,5.3,
freMTPL2sev,LimiX-2,9,100.0,clip,200.0,1,2000,1000,3.249545429007761,0.97,11,0.033923247384705146,6,False,0.02898621267509651,-0.12007117193203923,-0.10310273777289539,-0.3558271169812166,2684.8917742160606,4486.267912576723,4568.557658479221,4348.287918514805,18,5.4,
freMTPL2sev,LimiX-2,9,100.0,sd_cap,1.2,1,2000,1000,3.249545429007761,0.97,11,0.033923247384705146,1,False,0.031789610842042265,-0.0508446915698298,-0.07381610808644484,-0.36793851822989854,2685.2370350116234,4484.40502621867,4590.866518753978,4235.142272583566,15,5.2,
beMTPL97,LimiX-2,0,1.0,raw,0.0,1,2000,1000,1.1199847463822687,0.0925,146,0.03977943172799799,0,,0.0,0.0,0.0,0.0,649.0029870793527,711.0461522868422,450.94934835118534,168.6326544594529,34,0.0,
beMTPL97,LimiX-2,0,1.0,clip,50.0,1,2000,1000,1.1199847463822687,0.0925,146,0.03977943172799799,2,,0.08645575841174025,0.01948324407821212,0.10004640940613932,-0.04399286161638455,644.3569150866109,707.7299720645703,431.4552812829736,161.25292104414095,34,5.5,
beMTPL97,LimiX-2,0,1.0,clip,200.0,1,2000,1000,1.1199847463822687,0.0925,146,0.03977943172799799,0,,0.0,0.0,0.0,0.0,649.0029870793527,711.0461522868422,450.94934835118534,168.6326544594529,34,5.4,
beMTPL97,LimiX-2,0,1.0,sd_cap,1.2,1,2000,1000,1.1199847463822687,0.0925,146,0.03977943172799799,0,,0.0,0.0,0.0,0.0,649.0029870793527,711.0461522868422,450.94934835118534,168.6326544594529,34,5.3,
beMTPL97,LimiX-2,0,100.0,raw,0.0,1,2000,1000,2.0718912334579174,0.0925,1,3.9779431727997996,0,False,0.28247413981290465,0.027989301612104323,0.15484634742083342,0.48125753474873834,641.9127646753869,709.463114900107,445.9075430840814,110.46485930801083,33,5.3,
beMTPL97,LimiX-2,0,100.0,clip,50.0,1,2000,1000,2.0718912334579174,0.0925,1,3.9779431727997996,3,True,0.0976511843268601,0.012884366228588913,0.0837242092310447,0.06618072009636325,644.7236498172277,708.3205756462514,438.98439284492235,133.08364366500146,34,5.3,
beMTPL97,LimiX-2,0,100.0,clip,200.0,1,2000,1000,2.0718912334579174,0.0925,1,3.9779431727997996,1,True,0.07538152397959344,0.018532360972708085,0.12394980448241746,0.3869310205033211,646.8097701219624,711.800297468675,450.68901990719627,114.75468759008415,31,5.3,
beMTPL97,LimiX-2,0,100.0,sd_cap,1.2,1,2000,1000,2.0718912334579174,0.0925,1,3.9779431727997996,1,True,-0.0324192257394694,-0.009363063831611423,0.041470453777215685,0.12332184541882979,649.5734807104242,713.4800626720812,453.4428024310664,137.30728366804976,34,5.3,
beMTPL97,LimiX-2,1,1.0,raw,0.0,1,2000,1000,1.10915450471181,0.092,14,0.30975425276810675,0,,0.0,0.0,0.0,0.0,547.4161111571724,514.6174149016686,232.96823622139476,45.38860920003108,18,0.0,
beMTPL97,LimiX-2,1,1.0,clip,50.0,1,2000,1000,1.10915450471181,0.092,14,0.30975425276810675,1,,0.021932346253755723,0.007551438714430308,0.06135046218516545,-0.07551229666434156,547.1814023751353,513.7989922288813,229.75588052485313,41.65365866611099,18,5.3,
beMTPL97,LimiX-2,1,1.0,clip,200.0,1,2000,1000,1.10915450471181,0.092,14,0.30975425276810675,0,,0.0,0.0,0.0,0.0,547.4161111571724,514.6174149016686,232.96823622139476,45.38860920003108,18,5.5,
beMTPL97,LimiX-2,1,1.0,sd_cap,1.2,1,2000,1000,1.10915450471181,0.092,14,0.30975425276810675,0,,0.0,0.0,0.0,0.0,547.4161111571724,514.6174149016686,232.96823622139476,45.38860920003108,18,5.5,
beMTPL97,LimiX-2,1,100.0,raw,0.0,1,2000,1000,13.794143833695193,0.092,1,30.97542527681068,0,False,1.4899637688089724,0.3965821955651734,0.3199595278269998,-0.10804345073790626,541.1695225409688,501.50443662207806,390.5476936364509,261.21155817816737,11,5.4,
beMTPL97,LimiX-2,1,100.0,clip,50.0,1,2000,1000,13.794143833695193,0.092,1,30.97542527681068,2,True,0.007342113540962545,0.0005177804823481025,0.019160536979114375,-0.06117306129121398,547.3740513419823,514.5116599182259,230.7406791671156,41.913490146765604,18,5.4,
beMTPL97,LimiX-2,1,100.0,clip,200.0,1,2000,1000,13.794143833695193,0.092,1,30.97542527681068,1,True,-0.006983169331626644,0.017469832310269717,0.040649196502120025,0.2528696015945143,547.3708290154859,521.1342503826542,246.33075606064446,68.25178131157736,19,5.4,
beMTPL97,LimiX-2,1,100.0,sd_cap,1.2,1,2000,1000,13.794143833695193,0.092,1,30.97542527681068,1,True,-0.09602405864092659,-0.013410036570305445,-0.017341613644061407,0.18856892291773608,549.5776999195493,516.0445946445446,236.0932445442469,55.78020623184115,19,5.6,
beMTPL97,LimiX-2,2,1.0,raw,0.0,1,2000,1000,1.0784447259566148,0.0605,90,0.062315579957953136,0,,0.0,0.0,0.0,0.0,564.3470132348338,559.7863382140947,282.2257674440499,55.86290647111058,16,0.0,
beMTPL97,LimiX-2,2,1.0,clip,50.0,1,2000,1000,1.0784447259566148,0.0605,90,0.062315579957953136,5,,-0.014393899551073109,0.042595687551315584,0.12962165757309008,-0.17665006675170936,563.8208727450836,554.4230739128401,270.6828237790178,83.54024822113483,14,5.5,
beMTPL97,LimiX-2,2,1.0,clip,200.0,1,2000,1000,1.0784447259566148,0.0605,90,0.062315579957953136,0,,0.0,0.0,0.0,0.0,564.3470132348338,559.7863382140947,282.2257674440499,55.86290647111058,16,5.3,
beMTPL97,LimiX-2,2,1.0,sd_cap,1.2,1,2000,1000,1.0784447259566148,0.0605,90,0.062315579957953136,0,,0.0,0.0,0.0,0.0,564.3470132348338,559.7863382140947,282.2257674440499,55.86290647111058,16,5.3,
beMTPL97,LimiX-2,2,100.0,raw,0.0,1,2000,1000,2.5775724875554644,0.0605,1,6.231557995795313,0,False,0.27508095052616444,0.06861995363445147,0.20453802572865565,0.4744853496566387,563.2688624203911,556.0896961634528,271.77166206565903,77.60107856332141,11,5.4,
beMTPL97,LimiX-2,2,100.0,clip,50.0,1,2000,1000,2.5775724875554644,0.0605,1,6.231557995795313,6,True,-0.030133974033219185,0.023950811009211044,0.14320163289532437,-0.09715377135929025,563.9939591957864,556.0074636743553,270.72382554614114,84.5454259948248,14,5.6,
beMTPL97,LimiX-2,2,100.0,clip,200.0,1,2000,1000,2.5775724875554644,0.0605,1,6.231557995795313,1,True,0.0342736218253968,0.03323297501358479,0.05109802845372616,0.1811323795139454,566.815915112968,557.7189019233856,275.9487807205466,66.99613387021131,15,5.3,
beMTPL97,LimiX-2,2,100.0,sd_cap,1.2,1,2000,1000,2.5775724875554644,0.0605,1,6.231557995795313,1,True,-0.04133949584968702,0.0006455918270182345,0.10108563296506204,0.2419226746008783,566.6897579222962,560.4358121788933,278.0888161350068,61.298405831680384,13,5.5,
beMTPL97,LimiX-2,3,1.0,raw,0.0,1,2000,1000,1.1302546329114334,0.0985,85,0.06085340699815837,0,,0.0,0.0,0.0,0.0,547.2284482240847,543.273670485494,282.6249943980673,117.5858513673066,15,0.0,
beMTPL97,LimiX-2,3,1.0,clip,50.0,1,2000,1000,1.1302546329114334,0.0985,85,0.06085340699815837,1,,-0.002586168461425581,-0.0001139683865208855,0.003882033618582148,-0.056360839644695446,547.0310024246475,536.231826289454,283.29520588772584,119.19759596745877,14,5.3,
beMTPL97,LimiX-2,3,1.0,clip,200.0,1,2000,1000,1.1302546329114334,0.0985,85,0.06085340699815837,0,,0.0,0.0,0.0,0.0,547.2284482240847,543.273670485494,282.6249943980673,117.5858513673066,15,5.2,
beMTPL97,LimiX-2,3,1.0,sd_cap,1.2,1,2000,1000,1.1302546329114334,0.0985,85,0.06085340699815837,0,,0.0,0.0,0.0,0.0,547.2284482240847,543.273670485494,282.6249943980673,117.5858513673066,15,5.2,
beMTPL97,LimiX-2,3,100.0,raw,0.0,1,2000,1000,3.0515972421121482,0.0985,1,6.085340699815838,0,False,0.21711193375513554,0.04459030579566747,0.213983122185545,0.2932898602000108,546.9956481577193,531.0674520663056,292.50955745003245,118.44655002842686,13,5.3,
beMTPL97,LimiX-2,3,100.0,clip,50.0,1,2000,1000,3.0515972421121482,0.0985,1,6.085340699815838,2,True,-0.0013405561364768024,0.00042309835480630565,-0.00742924680923709,0.0036015038002645923,547.4318803860615,544.9736505174749,285.0176257285764,116.76459933736865,15,5.2,
beMTPL97,LimiX-2,3,100.0,clip,200.0,1,2000,1000,3.0515972421121482,0.0985,1,6.085340699815838,1,True,0.023070150731363842,0.009907640022865965,0.08865488986750908,0.22138922960748442,547.8792541520824,537.1016954999118,300.2857207662304,121.29567292954862,13,5.3,
beMTPL97,LimiX-2,3,100.0,sd_cap,1.2,1,2000,1000,3.0515972421121482,0.0985,1,6.085340699815838,1,True,0.04122205381319047,-0.004724146944482642,-0.0011175649866030962,0.07498517574498742,547.6520069328496,545.6401744552167,291.34618634711137,122.43964008588073,16,5.2,
beMTPL97,LimiX-2,4,1.0,raw,0.0,1,2000,1000,1.0506555529276198,0.109,198,0.060826515190994836,0,,0.0,0.0,0.0,0.0,483.95035359404204,437.99663633395477,158.00021633929822,33.36544905085514,16,0.0,
beMTPL97,LimiX-2,4,1.0,clip,50.0,1,2000,1000,1.0506555529276198,0.109,198,0.060826515190994836,0,,0.0,0.0,0.0,0.0,483.95035359404204,437.99663633395477,158.00021633929822,33.36544905085514,16,5.5,
beMTPL97,LimiX-2,4,1.0,clip,200.0,1,2000,1000,1.0506555529276198,0.109,198,0.060826515190994836,0,,0.0,0.0,0.0,0.0,483.95035359404204,437.99663633395477,158.00021633929822,33.36544905085514,16,5.3,
beMTPL97,LimiX-2,4,1.0,sd_cap,1.2,1,2000,1000,1.0506555529276198,0.109,198,0.060826515190994836,0,,0.0,0.0,0.0,0.0,483.95035359404204,437.99663633395477,158.00021633929822,33.36544905085514,16,6.5,
beMTPL97,LimiX-2,4,100.0,raw,0.0,1,2000,1000,2.163645076408276,0.109,1,6.082651519099484,0,False,-0.06802161541476823,-0.0032303477537698752,0.19129546368387174,0.6159700615561443,485.2226430813272,437.9367948113079,161.80614486471512,56.744062724113,14,6.3,
beMTPL97,LimiX-2,4,100.0,clip,50.0,1,2000,1000,2.163645076408276,0.109,1,6.082651519099484,1,True,0.08074087749856645,0.003684922429435363,0.013338557011761738,0.2871691301508572,482.26389054046666,436.49869435626584,157.49792589705729,38.484067780439375,17,6.3,
beMTPL97,LimiX-2,4,100.0,clip,200.0,1,2000,1000,2.163645076408276,0.109,1,6.082651519099484,1,True,-0.01925737293959989,0.0012538922142163397,0.08857616562065163,0.5743203103413292,482.53200940429105,435.0095702753614,151.25562158018545,51.68261986570099,15,5.4,
beMTPL97,LimiX-2,4,100.0,sd_cap,1.2,1,2000,1000,2.163645076408276,0.109,1,6.082651519099484,1,True,0.13797964389755069,-0.0014118687939761079,0.06157849184748333,0.48092756073527493,482.931049787418,439.1282219719527,155.28451136494516,44.21619227724107,17,5.2,
beMTPL97,LimiX-2,5,1.0,raw,0.0,1,2000,1000,1.1345200757181524,0.0875,85,0.05266084981397116,0,,0.0,0.0,0.0,0.0,605.3708644583857,654.1010867020453,447.0978135231071,198.26643224448028,28,0.0,
beMTPL97,LimiX-2,5,1.0,clip,50.0,1,2000,1000,1.1345200757181524,0.0875,85,0.05266084981397116,2,,0.04225708610625918,0.006636185662590319,0.04840336115527306,0.02515643439801417,603.0238680559397,655.2525981983932,442.7880868828724,178.52150556584814,27,5.7,
beMTPL97,LimiX-2,5,1.0,clip,200.0,1,2000,1000,1.1345200757181524,0.0875,85,0.05266084981397116,0,,0.0,0.0,0.0,0.0,605.3708644583857,654.1010867020453,447.0978135231071,198.26643224448028,28,5.4,
beMTPL97,LimiX-2,5,1.0,sd_cap,1.2,1,2000,1000,1.1345200757181524,0.0875,85,0.05266084981397116,0,,0.0,0.0,0.0,0.0,605.3708644583857,654.1010867020453,447.0978135231071,198.26643224448028,28,5.9,
beMTPL97,LimiX-2,5,100.0,raw,0.0,1,2000,1000,2.7116157484351744,0.0875,1,5.266084981397116,0,False,0.2570489625998513,0.05956797810644558,0.099964327516191,0.4198647219863225,601.2467655456347,644.4899643936221,442.1302349490879,166.96340735990856,27,5.7,
beMTPL97,LimiX-2,5,100.0,clip,50.0,1,2000,1000,2.7116157484351744,0.0875,1,5.266084981397116,3,True,0.025064246863897313,0.004580476439794808,0.014583160940014935,-0.05768523930465727,604.5079805233103,652.6287103593293,447.55593516455707,202.19303859699548,28,5.4,
beMTPL97,LimiX-2,5,100.0,clip,200.0,1,2000,1000,2.7116157484351744,0.0875,1,5.266084981397116,1,True,0.020060576740456495,0.014252249162197137,0.07402756732012883,0.22852787238252048,604.9782787519457,650.3584428296084,456.0976367688121,184.30946249964813,27,5.7,
beMTPL97,LimiX-2,5,100.0,sd_cap,1.2,1,2000,1000,2.7116157484351744,0.0875,1,5.266084981397116,1,True,-0.05419109562857766,-0.0006128658281660195,0.05370902971833853,0.04821333956019094,607.4141746288168,650.7069789211555,447.5629275566819,195.48145856014173,27,5.5,
beMTPL97,LimiX-2,6,1.0,raw,0.0,1,2000,1000,1.1080930338557713,0.09,36,0.1350576025437534,0,,0.0,0.0,0.0,0.0,546.5966424731238,527.1395459510268,245.03180929816338,48.14256553152862,20,0.0,
beMTPL97,LimiX-2,6,1.0,clip,50.0,1,2000,1000,1.1080930338557713,0.09,36,0.1350576025437534,2,,0.03457058182743261,0.0002449370417150305,0.00456137405943405,-0.026495605295378567,544.812821281995,526.5246836740268,247.12302218996612,48.911013343967475,21,5.4,
beMTPL97,LimiX-2,6,1.0,clip,200.0,1,2000,1000,1.1080930338557713,0.09,36,0.1350576025437534,0,,0.0,0.0,0.0,0.0,546.5966424731238,527.1395459510268,245.03180929816338,48.14256553152862,20,5.3,
beMTPL97,LimiX-2,6,1.0,sd_cap,1.2,1,2000,1000,1.1080930338557713,0.09,36,0.1350576025437534,0,,0.0,0.0,0.0,0.0,546.5966424731238,527.1395459510268,245.03180929816338,48.14256553152862,20,5.4,
beMTPL97,LimiX-2,6,100.0,raw,0.0,1,2000,1000,6.010342635317371,0.09,1,13.505760254375339,0,False,0.5220369551345543,0.17485645692008894,0.1990094078811448,0.05987985383704113,791.3025156088609,780.7669655741786,284.0774768323861,89.01517935552695,18,5.5,
beMTPL97,LimiX-2,6,100.0,clip,50.0,1,2000,1000,6.010342635317371,0.09,1,13.505760254375339,3,True,0.048546712199856124,0.0003721560315507796,0.0024849794238972524,-0.016028565571297504,544.9524894225896,526.4438655798784,248.8893899451076,49.607861518686974,21,5.6,
beMTPL97,LimiX-2,6,100.0,clip,200.0,1,2000,1000,6.010342635317371,0.09,1,13.505760254375339,1,True,-0.06752262305138992,0.020416046133808676,0.09114026969081088,0.2534136398958785,620.6303328055262,592.0820569464058,278.5900817807147,67.69489933502713,21,5.5,
beMTPL97,LimiX-2,6,100.0,sd_cap,1.2,1,2000,1000,6.010342635317371,0.09,1,13.505760254375339,1,True,-0.16220648779331853,-0.0054273256525838335,0.018120511377720312,0.1527177087584241,548.8253244968508,548.881952546872,263.75919544556854,58.62664687449255,22,5.5,
beMTPL97,LimiX-2,7,1.0,raw,0.0,1,2000,1000,1.0633630543397554,0.0865,22,0.26832552882139665,0,,0.0,0.0,0.0,0.0,608.4102424505782,652.8489598121118,391.7926023092598,114.91049956483647,23,0.0,
beMTPL97,LimiX-2,7,1.0,clip,50.0,1,2000,1000,1.0633630543397554,0.0865,22,0.26832552882139665,1,,-0.01831080306453054,-0.0005498019482449884,-0.00552574229281996,-0.036483970078191874,608.7961877744183,652.7037857691489,391.7818760895162,117.06756656655679,23,5.5,
beMTPL97,LimiX-2,7,1.0,clip,200.0,1,2000,1000,1.0633630543397554,0.0865,22,0.26832552882139665,0,,0.0,0.0,0.0,0.0,608.4102424505782,652.8489598121118,391.7926023092598,114.91049956483647,23,5.5,
beMTPL97,LimiX-2,7,1.0,sd_cap,1.2,1,2000,1000,1.0633630543397554,0.0865,22,0.26832552882139665,0,,0.0,0.0,0.0,0.0,608.4102424505782,652.8489598121118,391.7926023092598,114.91049956483647,23,5.5,
beMTPL97,LimiX-2,7,100.0,raw,0.0,1,2000,1000,9.43786375179839,0.0865,1,26.832552882139662,0,False,1.1470016533500984,0.20583526142495545,0.2909280738923246,0.05676368713978475,606.4183334885904,880.4109944720796,503.16032561801944,199.52319135147263,16,5.8,
beMTPL97,LimiX-2,7,100.0,clip,50.0,1,2000,1000,9.43786375179839,0.0865,1,26.832552882139662,2,True,-0.009162183674796348,-0.005732060720266702,-0.06804105070549787,-0.10642091037168784,608.6007201583251,655.298486129407,400.0296757737972,122.02106230132598,24,5.4,
beMTPL97,LimiX-2,7,100.0,clip,200.0,1,2000,1000,9.43786375179839,0.0865,1,26.832552882139662,1,True,-0.060671465486419086,0.0037688426403427937,0.14701894622110778,0.40459344263535774,609.8905285121275,656.2536190167972,373.0095039300121,95.0456242604118,18,5.6,
beMTPL97,LimiX-2,7,100.0,sd_cap,1.2,1,2000,1000,9.43786375179839,0.0865,1,26.832552882139662,1,True,-0.12740733288286837,-0.016081077252993212,0.01454658207077026,0.12811899369787852,610.9892131492363,656.389269206364,389.2235754135489,107.8036594561835,22,5.5,
beMTPL97,LimiX-2,8,1.0,raw,0.0,1,2000,1000,1.0772243376282644,0.092,13,0.3388033690972757,0,,0.0,0.0,0.0,0.0,511.3448085531471,486.5900275654991,194.5630986777353,42.80952810672781,20,0.0,
beMTPL97,LimiX-2,8,1.0,clip,50.0,1,2000,1000,1.0772243376282644,0.092,13,0.3388033690972757,2,,0.010135363564354257,0.01625750168018473,0.040351944050467936,-0.1298139410793477,510.61599956334925,484.26976487705593,191.06292637017157,36.88896411606487,18,5.3,
beMTPL97,LimiX-2,8,1.0,clip,200.0,1,2000,1000,1.0772243376282644,0.092,13,0.3388033690972757,0,,0.0,0.0,0.0,0.0,511.3448085531471,486.5900275654991,194.5630986777353,42.80952810672781,20,5.3,
beMTPL97,LimiX-2,8,1.0,sd_cap,1.2,1,2000,1000,1.0772243376282644,0.092,13,0.3388033690972757,0,,0.0,0.0,0.0,0.0,511.3448085531471,486.5900275654991,194.5630986777353,42.80952810672781,20,5.4,
beMTPL97,LimiX-2,8,100.0,raw,0.0,1,2000,1000,13.001137925146184,0.092,1,33.88033690972757,0,False,1.6844104234929633,0.36769519706885834,0.42216004455690137,-0.0008823362825386506,509.9274673398993,468.5392936401053,319.7809018990781,174.13794749430286,10,5.4,
beMTPL97,LimiX-2,8,100.0,clip,50.0,1,2000,1000,13.001137925146184,0.092,1,33.88033690972757,3,True,-0.0024151275244821023,0.005864230489867693,0.0032152482978572384,-0.11560069239842238,511.75841340591137,485.53668645913035,192.33472601674566,37.225916451051276,19,5.7,
beMTPL97,LimiX-2,8,100.0,clip,200.0,1,2000,1000,13.001137925146184,0.092,1,33.88033690972757,1,True,0.048068863400810444,0.03382401828444825,0.16312576183633024,0.2883565533728355,510.84946275842225,480.65640269378395,183.66861347229946,61.0439090344329,13,5.5,
beMTPL97,LimiX-2,8,100.0,sd_cap,1.2,1,2000,1000,13.001137925146184,0.092,1,33.88033690972757,1,True,-0.03497140079578903,-0.0073539777854897395,0.04414478280332833,0.10111983292370727,513.6054008578266,487.18583100886553,189.8494330207404,48.065605907147464,17,5.4,
beMTPL97,LimiX-2,9,1.0,raw,0.0,1,2000,1000,1.0423389816393103,0.112,137,0.07306484946523568,0,,0.0,0.0,0.0,0.0,661.8542134159534,714.4758139217328,443.86688783010294,191.56697397020127,25,0.0,
beMTPL97,LimiX-2,9,1.0,clip,50.0,1,2000,1000,1.0423389816393103,0.112,137,0.07306484946523568,0,,0.0,0.0,0.0,0.0,661.8542134159534,714.4758139217328,443.86688783010294,191.56697397020127,25,5.4,
beMTPL97,LimiX-2,9,1.0,clip,200.0,1,2000,1000,1.0423389816393103,0.112,137,0.07306484946523568,0,,0.0,0.0,0.0,0.0,661.8542134159534,714.4758139217328,443.86688783010294,191.56697397020127,25,5.3,
beMTPL97,LimiX-2,9,1.0,sd_cap,1.2,1,2000,1000,1.0423389816393103,0.112,137,0.07306484946523568,0,,0.0,0.0,0.0,0.0,661.8542134159534,714.4758139217328,443.86688783010294,191.56697397020127,25,5.7,
beMTPL97,LimiX-2,9,100.0,raw,0.0,1,2000,1000,2.3475835096590933,0.112,1,7.30648494652357,0,False,0.15940779611136013,0.01801177211690093,0.18999427024643423,0.43986124906563784,657.474551876853,714.8914474013305,422.53430345038237,129.91902770792734,23,5.6,
beMTPL97,LimiX-2,9,100.0,clip,50.0,1,2000,1000,2.3475835096590933,0.112,1,7.30648494652357,1,True,-0.013648450899961088,-0.006364340412768505,-6.87089864305759e-05,0.037586322213638945,662.934839997832,717.0022966341882,442.400246639871,160.72037214317436,25,5.4,
beMTPL97,LimiX-2,9,100.0,clip,200.0,1,2000,1000,2.3475835096590933,0.112,1,7.30648494652357,1,True,0.00268512188304945,0.03265130507502109,0.10661092602929653,0.47013719641206286,659.5354257461834,708.0747392793188,432.6278818808119,126.81890842362417,22,5.5,
beMTPL97,LimiX-2,9,100.0,sd_cap,1.2,1,2000,1000,2.3475835096590933,0.112,1,7.30648494652357,1,True,0.04427324026121238,-0.015715319520175252,-0.01688162324902691,0.045997368952247014,660.2039677805682,715.5685822272471,444.1816165738368,139.18070565969333,26,5.4,
ausprivauto0405,LimiX-2,0,1.0,raw,0.0,1,2000,1000,1.0450985225829723,0.197,119,0.16086436488762262,0,,0.0,0.0,0.0,0.0,834.6594843123069,848.727582878971,263.29874374497996,55.61572482987273,24,0.0,
ausprivauto0405,LimiX-2,0,1.0,clip,50.0,1,2000,1000,1.0450985225829723,0.197,119,0.16086436488762262,0,,0.0,0.0,0.0,0.0,834.6594843123069,848.727582878971,263.29874374497996,55.61572482987273,24,5.2,
ausprivauto0405,LimiX-2,0,1.0,clip,200.0,1,2000,1000,1.0450985225829723,0.197,119,0.16086436488762262,0,,0.0,0.0,0.0,0.0,834.6594843123069,848.727582878971,263.29874374497996,55.61572482987273,24,5.2,
ausprivauto0405,LimiX-2,0,1.0,sd_cap,1.2,1,2000,1000,1.0450985225829723,0.197,119,0.16086436488762262,0,,0.0,0.0,0.0,0.0,834.6594843123069,848.727582878971,263.29874374497996,55.61572482987273,24,5.1,
ausprivauto0405,LimiX-2,0,100.0,raw,0.0,1,2000,1000,4.982030985629849,0.197,1,16.086436488762264,0,False,0.26053475757845923,0.07626970293622198,0.00895977117797362,0.029433843829690394,828.0716953183687,822.4061422485032,352.8618456936862,103.57071868006463,21,5.1,
ausprivauto0405,LimiX-2,0,100.0,clip,50.0,1,2000,1000,4.982030985629849,0.197,1,16.086436488762264,1,True,0.05166083275343522,0.02217564687304835,-0.0020710492195442362,0.0067718240621412,833.653794526616,838.7275329053354,263.1249810033094,55.33467968543245,25,5.0,
ausprivauto0405,LimiX-2,0,100.0,clip,200.0,1,2000,1000,4.982030985629849,0.197,1,16.086436488762264,1,True,0.0726530512057485,0.018341207067869802,-0.006386064587467075,0.013019023781719544,832.3969556239423,861.1674603921364,313.5305941488193,72.9195889019542,23,5.0,
ausprivauto0405,LimiX-2,0,100.0,sd_cap,1.2,1,2000,1000,4.982030985629849,0.197,1,16.086436488762264,1,True,0.11632302230382434,0.040057045937093534,0.016879472280015108,0.016897689320973228,831.2735291442792,841.2484935962001,276.09422132694027,60.89843022387415,23,5.0,
ausprivauto0405,LimiX-2,1,1.0,raw,0.0,1,2000,1000,1.0658634843461645,0.2005,160,0.109276596018166,0,,0.0,0.0,0.0,0.0,834.8719411582709,801.2539546237297,200.6505323629221,37.374735442018064,20,0.0,
ausprivauto0405,LimiX-2,1,1.0,clip,50.0,1,2000,1000,1.0658634843461645,0.2005,160,0.109276596018166,0,,0.0,0.0,0.0,0.0,834.8719411582709,801.2539546237297,200.6505323629221,37.374735442018064,20,5.1,
ausprivauto0405,LimiX-2,1,1.0,clip,200.0,1,2000,1000,1.0658634843461645,0.2005,160,0.109276596018166,0,,0.0,0.0,0.0,0.0,834.8719411582709,801.2539546237297,200.6505323629221,37.374735442018064,20,5.2,
ausprivauto0405,LimiX-2,1,1.0,sd_cap,1.2,1,2000,1000,1.0658634843461645,0.2005,160,0.109276596018166,0,,0.0,0.0,0.0,0.0,834.8719411582709,801.2539546237297,200.6505323629221,37.374735442018064,20,5.1,
ausprivauto0405,LimiX-2,1,100.0,raw,0.0,1,2000,1000,4.041657415881043,0.2005,1,10.9276596018166,0,False,0.2294667434641161,0.01883032746183961,0.009104936185254712,0.11397074096145851,826.9538831728689,801.5951500516612,246.57435905662743,47.41150954855754,20,5.5,
ausprivauto0405,LimiX-2,1,100.0,clip,50.0,1,2000,1000,4.041657415881043,0.2005,1,10.9276596018166,1,True,0.0474424303762781,0.005228551950027167,0.0016384480153871066,0.0807630017963608,832.1017643692821,805.6442598367676,201.81282930188272,36.8079014765677,20,5.0,
ausprivauto0405,LimiX-2,1,100.0,clip,200.0,1,2000,1000,4.041657415881043,0.2005,1,10.9276596018166,1,True,0.0382967431811375,-0.009468181836558493,0.001336765619396628,0.06777570997726386,832.5812922175495,824.4905457759681,229.33388213899136,44.986867879322396,19,5.1,
ausprivauto0405,LimiX-2,1,100.0,sd_cap,1.2,1,2000,1000,4.041657415881043,0.2005,1,10.9276596018166,1,True,0.14029877386659365,0.02633234778084853,0.005358010417534124,0.07032137447612906,828.6246233554497,805.6751137429588,209.30037063623257,34.80083103106868,19,5.2,
ausprivauto0405,LimiX-2,2,1.0,raw,0.0,1,2000,1000,1.06107759987464,0.199,19,0.3148005983111099,0,,0.0,0.0,0.0,0.0,859.373873602802,865.4807904267769,241.91465867536107,55.34315299896734,21,0.0,
ausprivauto0405,LimiX-2,2,1.0,clip,50.0,1,2000,1000,1.06107759987464,0.199,19,0.3148005983111099,0,,0.0,0.0,0.0,0.0,859.373873602802,865.4807904267769,241.91465867536107,55.34315299896734,21,5.2,
ausprivauto0405,LimiX-2,2,1.0,clip,200.0,1,2000,1000,1.06107759987464,0.199,19,0.3148005983111099,0,,0.0,0.0,0.0,0.0,859.373873602802,865.4807904267769,241.91465867536107,55.34315299896734,21,5.2,
ausprivauto0405,LimiX-2,2,1.0,sd_cap,1.2,1,2000,1000,1.06107759987464,0.199,19,0.3148005983111099,0,,0.0,0.0,0.0,0.0,859.373873602802,865.4807904267769,241.91465867536107,55.34315299896734,21,5.1,
ausprivauto0405,LimiX-2,2,100.0,raw,0.0,1,2000,1000,11.026187380171429,0.199,1,31.48005983111099,0,False,0.4518550901042615,0.11314373852041548,0.10645308802745254,0.10944371447012385,852.5392042929467,831.9657638167879,397.3780456496681,121.62243626291027,17,5.4,
ausprivauto0405,LimiX-2,2,100.0,clip,50.0,1,2000,1000,11.026187380171429,0.199,1,31.48005983111099,1,True,0.03939824481449454,0.02381981280937544,0.013366453535690503,0.026702689501213326,857.7587443303843,855.8816418689214,246.87961408880383,56.58270432640336,23,5.4,
ausprivauto0405,LimiX-2,2,100.0,clip,200.0,1,2000,1000,11.026187380171429,0.199,1,31.48005983111099,1,True,0.053008309721358254,0.02500975852189029,0.018661442616792055,0.03813073474645464,856.2271986146167,884.8013817172593,271.25687268409786,65.74504858534453,21,5.2,
ausprivauto0405,LimiX-2,2,100.0,sd_cap,1.2,1,2000,1000,11.026187380171429,0.199,1,31.48005983111099,1,True,0.08867674318468785,0.03410835304712291,0.024136064271200658,0.042810675443403154,855.0671564389933,856.3112349160272,252.28526041080298,58.42001800489022,22,5.2,
ausprivauto0405,LimiX-2,3,1.0,raw,0.0,1,2000,1000,1.0430050696487105,0.2005,311,0.07836638855464229,0,,0.0,0.0,0.0,0.0,808.4142208806417,734.5281079080698,179.4187855799992,28.962480107011608,16,0.0,
ausprivauto0405,LimiX-2,3,1.0,clip,50.0,1,2000,1000,1.0430050696487105,0.2005,311,0.07836638855464229,0,,0.0,0.0,0.0,0.0,808.4142208806417,734.5281079080698,179.4187855799992,28.962480107011608,16,5.2,
ausprivauto0405,LimiX-2,3,1.0,clip,200.0,1,2000,1000,1.0430050696487105,0.2005,311,0.07836638855464229,0,,0.0,0.0,0.0,0.0,808.4142208806417,734.5281079080698,179.4187855799992,28.962480107011608,16,5.1,
ausprivauto0405,LimiX-2,3,1.0,sd_cap,1.2,1,2000,1000,1.0430050696487105,0.2005,311,0.07836638855464229,0,,0.0,0.0,0.0,0.0,808.4142208806417,734.5281079080698,179.4187855799992,28.962480107011608,16,5.2,
ausprivauto0405,LimiX-2,3,100.0,raw,0.0,1,2000,1000,2.526319333088405,0.2005,1,7.836638855464229,0,False,0.14646776458949012,0.0664049782423504,-0.0020328227150236107,-0.014984692017264517,800.4545700131368,760.0266881378153,210.34066830829192,49.50902220917558,16,5.1,
ausprivauto0405,LimiX-2,3,100.0,clip,50.0,1,2000,1000,2.526319333088405,0.2005,1,7.836638855464229,1,True,0.038324397868595816,0.015573915373700203,-0.0023202042538420465,-0.0161771673098567,806.772461459041,735.1539147452623,176.5543647569186,31.77241918195339,14,5.3,
ausprivauto0405,LimiX-2,3,100.0,clip,200.0,1,2000,1000,2.526319333088405,0.2005,1,7.836638855464229,1,True,0.06268241675855707,0.018685348272147618,-0.021829520443142673,-0.02689028425034417,804.8280769481013,758.0658951696272,198.26407580630692,45.398164208231876,18,5.1,
ausprivauto0405,LimiX-2,3,100.0,sd_cap,1.2,1,2000,1000,2.526319333088405,0.2005,1,7.836638855464229,1,True,0.1187817007641608,0.03335078794966072,0.007084818896353348,-0.007360008667005449,804.0110820686272,732.7645903026493,176.2747016170161,34.158942706883806,14,5.0,
ausprivauto0405,LimiX-2,4,1.0,raw,0.0,1,2000,1000,1.0205635841440217,0.213,80,0.29070637126490784,0,,0.0,0.0,0.0,0.0,784.7704540843116,764.8165383599259,242.6913143785658,49.49196464194986,27,0.0,
ausprivauto0405,LimiX-2,4,1.0,clip,50.0,1,2000,1000,1.0205635841440217,0.213,80,0.29070637126490784,0,,0.0,0.0,0.0,0.0,784.7704540843116,764.8165383599259,242.6913143785658,49.49196464194986,27,5.1,
ausprivauto0405,LimiX-2,4,1.0,clip,200.0,1,2000,1000,1.0205635841440217,0.213,80,0.29070637126490784,0,,0.0,0.0,0.0,0.0,784.7704540843116,764.8165383599259,242.6913143785658,49.49196464194986,27,5.3,
ausprivauto0405,LimiX-2,4,1.0,sd_cap,1.2,1,2000,1000,1.0205635841440217,0.213,80,0.29070637126490784,0,,0.0,0.0,0.0,0.0,784.7704540843116,764.8165383599259,242.6913143785658,49.49196464194986,27,5.4,
ausprivauto0405,LimiX-2,4,100.0,raw,0.0,1,2000,1000,6.299402432314446,0.213,1,29.070637126490784,0,False,0.25906806368128565,0.07949150434612047,0.08632100677561172,0.08399215406194852,775.6629623409801,770.3532708401473,245.27940660960246,73.29748147197361,22,5.1,
ausprivauto0405,LimiX-2,4,100.0,clip,50.0,1,2000,1000,6.299402432314446,0.213,1,29.070637126490784,1,True,-0.014808142464015536,-0.024670220242101096,0.0036406962391108896,0.024291287849456097,785.3090199111145,769.8247082721623,244.87261713064328,48.13039591285149,29,4.9,
ausprivauto0405,LimiX-2,4,100.0,clip,200.0,1,2000,1000,6.299402432314446,0.213,1,29.070637126490784,1,True,0.046550216894536624,0.015565720673060288,0.03598101537733677,0.030028916826432966,782.6606687979395,768.9866931323792,241.6270165324668,53.370721695725834,25,5.0,
ausprivauto0405,LimiX-2,4,100.0,sd_cap,1.2,1,2000,1000,6.299402432314446,0.213,1,29.070637126490784,1,True,0.07929477406750697,0.020318022131448153,0.020050843231988642,-0.003936038092353669,780.9584655458682,764.1507848236971,243.76431900005335,54.30892998015828,26,5.0,
ausprivauto0405,LimiX-2,5,1.0,raw,0.0,1,2000,1000,1.0445523851698721,0.2035,309,0.07621191265550337,0,,0.0,0.0,0.0,0.0,806.7142981302061,781.4268169523021,239.70187244373244,49.74361282536929,19,0.0,
ausprivauto0405,LimiX-2,5,1.0,clip,50.0,1,2000,1000,1.0445523851698721,0.2035,309,0.07621191265550337,0,,0.0,0.0,0.0,0.0,806.7142981302061,781.4268169523021,239.70187244373244,49.74361282536929,19,5.1,
ausprivauto0405,LimiX-2,5,1.0,clip,200.0,1,2000,1000,1.0445523851698721,0.2035,309,0.07621191265550337,0,,0.0,0.0,0.0,0.0,806.7142981302061,781.4268169523021,239.70187244373244,49.74361282536929,19,5.1,
ausprivauto0405,LimiX-2,5,1.0,sd_cap,1.2,1,2000,1000,1.0445523851698721,0.2035,309,0.07621191265550337,0,,0.0,0.0,0.0,0.0,806.7142981302061,781.4268169523021,239.70187244373244,49.74361282536929,19,5.0,
ausprivauto0405,LimiX-2,5,100.0,raw,0.0,1,2000,1000,2.5017833173650863,0.2035,1,7.621191265550337,0,False,0.13851001080739456,0.0787917710372514,0.05302887111801241,0.061050670144283295,795.7571496191067,783.9699105989843,240.51182970545582,35.88088122724205,19,4.9,
ausprivauto0405,LimiX-2,5,100.0,clip,50.0,1,2000,1000,2.5017833173650863,0.2035,1,7.621191265550337,1,True,0.008741824341320679,-0.011739718845744852,-0.002801061225387521,-0.002064997533027861,801.5622440980072,783.4261285431564,237.42712775227017,53.15261767194098,19,5.1,
ausprivauto0405,LimiX-2,5,100.0,clip,200.0,1,2000,1000,2.5017833173650863,0.2035,1,7.621191265550337,1,True,0.07887773426665752,0.02844805133684341,0.030936426348752998,0.04824151121495068,798.417172866468,789.9654356175163,235.9679399060451,35.07968153000606,19,5.0,
ausprivauto0405,LimiX-2,5,100.0,sd_cap,1.2,1,2000,1000,2.5017833173650863,0.2035,1,7.621191265550337,1,True,0.1106759321360944,0.0323571679729555,0.03806174086594344,-0.0038502192879538337,796.517322277845,773.3000244713036,236.02574549011197,47.668879308855324,18,4.9,
ausprivauto0405,LimiX-2,6,1.0,raw,0.0,1,2000,1000,1.0706009645257135,0.201,334,0.05555332034920233,0,,0.0,0.0,0.0,0.0,877.3994391329354,872.9666015670947,241.15780379259934,64.42647749691153,22,0.0,
ausprivauto0405,LimiX-2,6,1.0,clip,50.0,1,2000,1000,1.0706009645257135,0.201,334,0.05555332034920233,0,,0.0,0.0,0.0,0.0,877.3994391329354,872.9666015670947,241.15780379259934,64.42647749691153,22,5.1,
ausprivauto0405,LimiX-2,6,1.0,clip,200.0,1,2000,1000,1.0706009645257135,0.201,334,0.05555332034920233,0,,0.0,0.0,0.0,0.0,877.3994391329354,872.9666015670947,241.15780379259934,64.42647749691153,22,5.0,
ausprivauto0405,LimiX-2,6,1.0,sd_cap,1.2,1,2000,1000,1.0706009645257135,0.201,334,0.05555332034920233,0,,0.0,0.0,0.0,0.0,877.3994391329354,872.9666015670947,241.15780379259934,64.42647749691153,22,5.0,
ausprivauto0405,LimiX-2,6,100.0,raw,0.0,1,2000,1000,2.275970959664511,0.201,1,5.555332034920233,0,False,0.09995244358249408,0.04052587606016485,0.012815628921044105,0.0696611600597104,874.2789375243333,862.1972899375804,257.0158613070739,75.60783463168305,20,5.0,
ausprivauto0405,LimiX-2,6,100.0,clip,50.0,1,2000,1000,2.275970959664511,0.201,1,5.555332034920233,1,True,0.05366288125806921,0.025806780820338937,0.0011191604719384247,0.022927670109210145,874.8089781903052,864.9152700446441,245.327493569004,62.18186355147286,21,5.0,
ausprivauto0405,LimiX-2,6,100.0,clip,200.0,1,2000,1000,2.275970959664511,0.201,1,5.555332034920233,1,True,0.060183071984785314,0.014594557975344414,0.008214006644281058,0.053031550934196474,876.0427325677189,869.0852301365011,255.4419546461832,72.03202874562962,20,4.9,
ausprivauto0405,LimiX-2,6,100.0,sd_cap,1.2,1,2000,1000,2.275970959664511,0.201,1,5.555332034920233,1,True,0.12588054517045758,0.02923584610892088,-0.003989661012623133,0.019308972208472504,872.7810094647921,863.6546233135987,250.80455610877112,64.56118554036061,21,5.1,
ausprivauto0405,LimiX-2,7,1.0,raw,0.0,1,2000,1000,1.028758584733694,0.21,235,0.1169936892300439,0,,0.0,0.0,0.0,0.0,858.0796574697048,885.9813490513792,290.564600931834,77.10221962586998,26,0.0,
ausprivauto0405,LimiX-2,7,1.0,clip,50.0,1,2000,1000,1.028758584733694,0.21,235,0.1169936892300439,0,,0.0,0.0,0.0,0.0,858.0796574697048,885.9813490513792,290.564600931834,77.10221962586998,26,5.0,
ausprivauto0405,LimiX-2,7,1.0,clip,200.0,1,2000,1000,1.028758584733694,0.21,235,0.1169936892300439,0,,0.0,0.0,0.0,0.0,858.0796574697048,885.9813490513792,290.564600931834,77.10221962586998,26,5.0,
ausprivauto0405,LimiX-2,7,1.0,sd_cap,1.2,1,2000,1000,1.028758584733694,0.21,235,0.1169936892300439,0,,0.0,0.0,0.0,0.0,858.0796574697048,885.9813490513792,290.564600931834,77.10221962586998,26,5.5,
ausprivauto0405,LimiX-2,7,100.0,raw,0.0,1,2000,1000,3.0689607801071523,0.21,1,11.69936892300439,0,False,0.13502073619081323,0.06693575542929547,0.04509856749485046,0.05284217640109994,852.1319020151899,897.2804102144759,332.38138494475317,86.46848853391236,24,5.0,
ausprivauto0405,LimiX-2,7,100.0,clip,50.0,1,2000,1000,3.0689607801071523,0.21,1,11.69936892300439,1,True,-0.014120181892217656,-0.03417376426672383,-0.002998901532657987,0.037589676073529595,857.7564531021011,893.0388522837206,292.18365706969064,62.94196013604117,25,4.9,
ausprivauto0405,LimiX-2,7,100.0,clip,200.0,1,2000,1000,3.0689607801071523,0.21,1,11.69936892300439,1,True,0.0327745741338414,-0.000516056361980045,0.001710757215786592,0.02580552983999851,854.3948602382026,904.5844843103886,320.1531999802054,57.586402579776596,25,4.9,
ausprivauto0405,LimiX-2,7,100.0,sd_cap,1.2,1,2000,1000,3.0689607801071523,0.21,1,11.69936892300439,1,True,0.06440672719467593,0.017728910242569333,0.024820959696960198,0.0315852102747215,855.3182839978736,883.785278339386,293.30290578537165,56.797590427558326,24,5.2,
ausprivauto0405,LimiX-2,8,1.0,raw,0.0,1,2000,1000,1.0364307043103653,0.1945,99,0.1873426701407928,0,,0.0,0.0,0.0,0.0,783.6330195214222,782.3850344805419,201.99854308022427,34.22139123637771,15,0.0,
ausprivauto0405,LimiX-2,8,1.0,clip,50.0,1,2000,1000,1.0364307043103653,0.1945,99,0.1873426701407928,0,,0.0,0.0,0.0,0.0,783.6330195214222,782.3850344805419,201.99854308022427,34.22139123637771,15,5.0,
ausprivauto0405,LimiX-2,8,1.0,clip,200.0,1,2000,1000,1.0364307043103653,0.1945,99,0.1873426701407928,0,,0.0,0.0,0.0,0.0,783.6330195214222,782.3850344805419,201.99854308022427,34.22139123637771,15,5.0,
ausprivauto0405,LimiX-2,8,1.0,sd_cap,1.2,1,2000,1000,1.0364307043103653,0.1945,99,0.1873426701407928,0,,0.0,0.0,0.0,0.0,783.6330195214222,782.3850344805419,201.99854308022427,34.22139123637771,15,5.0,
ausprivauto0405,LimiX-2,8,100.0,raw,0.0,1,2000,1000,5.257261083531559,0.1945,1,18.73426701407928,0,False,0.23670935918442534,0.1185518034660345,0.07077654706910635,0.10653829774340876,776.2928808651699,764.7661280012389,215.15780146058088,51.31762937417424,10,5.0,
ausprivauto0405,LimiX-2,8,100.0,clip,50.0,1,2000,1000,5.257261083531559,0.1945,1,18.73426701407928,1,True,0.04627878914424571,0.040333492945902945,0.00896386645109914,0.044297455534383995,782.8682675435743,779.3962855676624,205.53537369640267,26.31707004002913,14,5.0,
ausprivauto0405,LimiX-2,8,100.0,clip,200.0,1,2000,1000,5.257261083531559,0.1945,1,18.73426701407928,1,True,0.04835438079584378,0.041925450476586,0.03329788261146181,0.04901483415182808,781.012972703132,774.7860787235632,208.70677220477887,32.86896544082365,13,5.1,
ausprivauto0405,LimiX-2,8,100.0,sd_cap,1.2,1,2000,1000,5.257261083531559,0.1945,1,18.73426701407928,1,True,0.054493510407090884,0.031706624310251105,0.025914347786765254,0.045077041354343095,782.3989318792331,779.3249557494319,208.55271178364015,27.8145498601122,13,4.9,
ausprivauto0405,LimiX-2,9,1.0,raw,0.0,1,2000,1000,1.0613147118775703,0.1925,349,0.05568850829028786,0,,0.0,0.0,0.0,0.0,810.5980131716211,853.0414176590672,242.87432446961398,38.30422409661332,21,0.0,
ausprivauto0405,LimiX-2,9,1.0,clip,50.0,1,2000,1000,1.0613147118775703,0.1925,349,0.05568850829028786,0,,0.0,0.0,0.0,0.0,810.5980131716211,853.0414176590672,242.87432446961398,38.30422409661332,21,4.9,
ausprivauto0405,LimiX-2,9,1.0,clip,200.0,1,2000,1000,1.0613147118775703,0.1925,349,0.05568850829028786,0,,0.0,0.0,0.0,0.0,810.5980131716211,853.0414176590672,242.87432446961398,38.30422409661332,21,5.0,
ausprivauto0405,LimiX-2,9,1.0,sd_cap,1.2,1,2000,1000,1.0613147118775703,0.1925,349,0.05568850829028786,0,,0.0,0.0,0.0,0.0,810.5980131716211,853.0414176590672,242.87432446961398,38.30422409661332,21,5.1,
ausprivauto0405,LimiX-2,9,100.0,raw,0.0,1,2000,1000,2.1689242444361243,0.1925,1,5.568850829028786,0,False,0.09233983479487062,0.06356408918444312,0.06497885600759665,0.10776892646443184,812.0177078428588,848.7059816839665,253.762375184621,39.630988243105335,19,5.0,
ausprivauto0405,LimiX-2,9,100.0,clip,50.0,1,2000,1000,2.1689242444361243,0.1925,1,5.568850829028786,1,True,0.04348684533510308,0.039174090563862674,0.021790392447980797,0.0841207902067635,809.1479971117898,849.7221703947598,242.0863145858914,31.760423059443653,21,4.9,
ausprivauto0405,LimiX-2,9,100.0,clip,200.0,1,2000,1000,2.1689242444361243,0.1925,1,5.568850829028786,1,True,0.0580568319610713,0.040309332137061886,0.049316444146332766,0.07257950016454251,809.7567205306419,851.8814474278,257.7343799990481,42.82349336800181,21,4.9,
ausprivauto0405,LimiX-2,9,100.0,sd_cap,1.2,1,2000,1000,2.1689242444361243,0.1925,1,5.568850829028786,1,True,0.06710309804298713,0.03178088942526974,0.02002860790309953,0.0645305962977685,810.2964628101275,851.3755779639583,249.45968884550388,35.117507993160324,21,5.0,
norauto,LimiX-2,0,1.0,raw,0.0,1,2000,1000,1.1309671189312487,0.283,16,0.2262,0,,0.0,0.0,0.0,0.0,7049.734545762178,5894.209306181867,1349.492668612497,249.02968133191877,11,0.0,
norauto,LimiX-2,0,1.0,clip,50.0,1,2000,1000,1.1309671189312487,0.283,16,0.2262,0,,0.0,0.0,0.0,0.0,7049.734545762178,5894.209306181867,1349.492668612497,249.02968133191877,11,4.8,
norauto,LimiX-2,0,1.0,clip,200.0,1,2000,1000,1.1309671189312487,0.283,16,0.2262,0,,0.0,0.0,0.0,0.0,7049.734545762178,5894.209306181867,1349.492668612497,249.02968133191877,11,4.8,
norauto,LimiX-2,0,1.0,sd_cap,1.2,1,2000,1000,1.1309671189312487,0.283,16,0.2262,0,,0.0,0.0,0.0,0.0,7049.734545762178,5894.209306181867,1349.492668612497,249.02968133191877,11,5.4,
norauto,LimiX-2,0,100.0,raw,0.0,1,2000,1000,11.017274346972306,0.283,1,22.62,0,False,0.014785872952920184,0.026810154465872003,0.08455151063816423,0.2670206066915695,7044.311871166903,8314.337476183002,2374.8626919803432,992.3059469710312,8,4.9,
norauto,LimiX-2,0,100.0,clip,50.0,1,2000,1000,11.017274346972306,0.283,1,22.62,1,True,-0.006555581776691509,-0.009721840473699209,0.005429461836484061,0.12928923253704053,7050.885328590909,5920.450904942363,1371.7310787842787,318.7114923914763,10,4.9,
norauto,LimiX-2,0,100.0,clip,200.0,1,2000,1000,11.017274346972306,0.283,1,22.62,1,True,0.012834363864233755,0.029369049252130054,0.067330140234058,0.0658893460208599,7636.097417874077,6692.343123808412,1668.07575426957,515.4886641836783,9,4.9,
norauto,LimiX-2,0,100.0,sd_cap,1.2,1,2000,1000,11.017274346972306,0.283,1,22.62,1,True,-0.017239548129559995,-0.00798720443250971,0.016242614104450794,0.10329357490914523,7051.636017709149,6017.58613272216,1539.304012549347,381.65683966242847,11,4.8,
norauto,LimiX-2,1,1.0,raw,0.0,1,2000,1000,1.1670461837849448,0.332,50,0.14057571428571428,0,,0.0,0.0,0.0,0.0,6873.749740607431,5524.340350382892,1333.6085782960383,273.7738383305866,11,0.0,
norauto,LimiX-2,1,1.0,clip,50.0,1,2000,1000,1.1670461837849448,0.332,50,0.14057571428571428,0,,0.0,0.0,0.0,0.0,6873.749740607431,5524.340350382892,1333.6085782960383,273.7738383305866,11,5.0,
norauto,LimiX-2,1,1.0,clip,200.0,1,2000,1000,1.1670461837849448,0.332,50,0.14057571428571428,0,,0.0,0.0,0.0,0.0,6873.749740607431,5524.340350382892,1333.6085782960383,273.7738383305866,11,4.9,
norauto,LimiX-2,1,1.0,sd_cap,1.2,1,2000,1000,1.1670461837849448,0.332,50,0.14057571428571428,0,,0.0,0.0,0.0,0.0,6873.749740607431,5524.340350382892,1333.6085782960383,273.7738383305866,11,4.9,
norauto,LimiX-2,1,100.0,raw,0.0,1,2000,1000,7.565134285598177,0.332,1,14.057571428571428,0,False,-0.005503791687461924,0.03320905122715616,-0.007200701816643533,0.03382423822156275,6881.812714052626,5780.573640055394,1834.8211792598097,758.7498076341136,12,4.9,
norauto,LimiX-2,1,100.0,clip,50.0,1,2000,1000,7.565134285598177,0.332,1,14.057571428571428,1,True,0.004637247507744787,0.007081821255477382,-0.021846469432887143,-0.03935356632601679,6872.455017022559,5519.3349583755635,1385.136578969751,318.91857246713874,13,4.9,
norauto,LimiX-2,1,100.0,clip,200.0,1,2000,1000,7.565134285598177,0.332,1,14.057571428571428,1,True,-0.007763053948794313,0.0009676476665513994,-0.0025302726647299404,0.0533011046234209,6882.579753644423,5541.193667806633,1541.426120945707,605.4670818142109,11,4.9,
norauto,LimiX-2,1,100.0,sd_cap,1.2,1,2000,1000,7.565134285598177,0.332,1,14.057571428571428,1,True,-0.0005137672109160959,0.0043718915251489635,-0.025431179748685022,-0.019208743555727745,6872.612299971512,5588.385778170575,1410.9362722554006,344.1583725449679,14,4.9,
norauto,LimiX-2,2,1.0,raw,0.0,1,2000,1000,1.140094619020263,0.286,502,0.03873714285714286,0,,0.0,0.0,0.0,0.0,7384.678445993978,6323.007506745938,1665.0888634165942,214.47019021857517,20,0.0,
norauto,LimiX-2,2,1.0,clip,50.0,1,2000,1000,1.140094619020263,0.286,502,0.03873714285714286,1,,0.00019536890351325343,0.0007358941089770636,-0.0005516771973559134,0.0025000251777645166,7383.977969278157,6323.92534565877,1679.2571585719475,215.9217034520395,19,4.9,
norauto,LimiX-2,2,1.0,clip,200.0,1,2000,1000,1.140094619020263,0.286,502,0.03873714285714286,0,,0.0,0.0,0.0,0.0,7384.678445993978,6323.007506745938,1665.0888634165942,214.47019021857517,20,4.9,
norauto,LimiX-2,2,1.0,sd_cap,1.2,1,2000,1000,1.140094619020263,0.286,502,0.03873714285714286,0,,0.0,0.0,0.0,0.0,7384.678445993978,6323.007506745938,1665.0888634165942,214.47019021857517,20,5.0,
norauto,LimiX-2,2,100.0,raw,0.0,1,2000,1000,2.1552518320058334,0.286,1,3.8737142857142857,0,False,0.02024252447947852,0.019382296785199732,0.05626186335835846,0.04979169807650286,8565.44274045126,7604.992121786654,2229.870625237812,500.6108405512053,13,4.8,
norauto,LimiX-2,2,100.0,clip,50.0,1,2000,1000,2.1552518320058334,0.286,1,3.8737142857142857,2,True,0.0033851984873780375,0.002256088393082394,0.016562668720176688,0.04434917567206426,7696.479943433067,6455.35603166366,1936.8743289276883,398.97398660173366,17,4.9,
norauto,LimiX-2,2,100.0,clip,200.0,1,2000,1000,2.1552518320058334,0.286,1,3.8737142857142857,0,False,0.02024252447947852,0.019382296785199732,0.05626186335835846,0.04979169807650286,8565.44274045126,7604.992121786654,2229.870625237812,500.6108405512053,13,4.9,
norauto,LimiX-2,2,100.0,sd_cap,1.2,1,2000,1000,2.1552518320058334,0.286,1,3.8737142857142857,1,True,-0.008306441284404293,-0.003444136137770119,0.04824321617670327,0.07893264778358923,7813.271486086447,6521.343007828042,1899.3621098240055,278.78637824553346,15,5.1,
norauto,LimiX-2,3,1.0,raw,0.0,1,2000,1000,1.18002312948043,0.3255,601,0.03402,0,,0.0,0.0,0.0,0.0,7120.533480334654,6007.416685495821,1577.2733749019326,222.93044246633517,19,0.0,
norauto,LimiX-2,3,1.0,clip,50.0,1,2000,1000,1.18002312948043,0.3255,601,0.03402,0,,0.0,0.0,0.0,0.0,7120.533480334654,6007.416685495821,1577.2733749019326,222.93044246633517,19,5.1,
norauto,LimiX-2,3,1.0,clip,200.0,1,2000,1000,1.18002312948043,0.3255,601,0.03402,0,,0.0,0.0,0.0,0.0,7120.533480334654,6007.416685495821,1577.2733749019326,222.93044246633517,19,5.3,
norauto,LimiX-2,3,1.0,sd_cap,1.2,1,2000,1000,1.18002312948043,0.3255,601,0.03402,0,,0.0,0.0,0.0,0.0,7120.533480334654,6007.416685495821,1577.2733749019326,222.93044246633517,19,5.2,
norauto,LimiX-2,3,100.0,raw,0.0,1,2000,1000,2.1019894286168324,0.3255,1,3.402,0,False,0.012495978184584481,0.01251408500786322,0.02444422959753901,0.11227836348482534,7113.444583091093,5916.815597619006,1716.0489217843103,455.89593805005813,17,5.0,
norauto,LimiX-2,3,100.0,clip,50.0,1,2000,1000,2.1019894286168324,0.3255,1,3.402,1,True,-0.0037758731880974,-0.003087186782729592,0.01643617534071738,0.06514111623926935,7120.524095750756,5981.5181978129685,1551.520491191389,277.66909141852756,18,4.9,
norauto,LimiX-2,3,100.0,clip,200.0,1,2000,1000,2.1019894286168324,0.3255,1,3.402,0,False,0.012495978184584481,0.01251408500786322,0.02444422959753901,0.11227836348482534,7113.444583091093,5916.815597619006,1716.0489217843103,455.89593805005813,17,4.9,
norauto,LimiX-2,3,100.0,sd_cap,1.2,1,2000,1000,2.1019894286168324,0.3255,1,3.402,1,True,-0.013770630685545716,0.0005933961642892178,-0.013218943425868171,0.024543832003387965,7130.344462405167,5995.152698823048,1616.1817432729997,298.75505230320874,19,5.0,
norauto,LimiX-2,4,1.0,raw,0.0,1,2000,1000,1.0713948536918907,0.34,144,0.12026430765237704,0,,0.0,0.0,0.0,0.0,8646.715046142706,8072.004766651374,2403.544111950941,839.4073366978537,27,0.0,
norauto,LimiX-2,4,1.0,clip,50.0,1,2000,1000,1.0713948536918907,0.34,144,0.12026430765237704,0,,0.0,0.0,0.0,0.0,8646.715046142706,8072.004766651374,2403.544111950941,839.4073366978537,27,4.9,
norauto,LimiX-2,4,1.0,clip,200.0,1,2000,1000,1.0713948536918907,0.34,144,0.12026430765237704,0,,0.0,0.0,0.0,0.0,8646.715046142706,8072.004766651374,2403.544111950941,839.4073366978537,27,4.9,
norauto,LimiX-2,4,1.0,sd_cap,1.2,1,2000,1000,1.0713948536918907,0.34,144,0.12026430765237704,0,,0.0,0.0,0.0,0.0,8646.715046142706,8072.004766651374,2403.544111950941,839.4073366978537,27,4.8,
norauto,LimiX-2,4,100.0,raw,0.0,1,2000,1000,4.637548186387296,0.34,1,12.026430765237704,0,False,0.033511956972338636,0.03519282787224151,-0.007396992329295496,0.21640505446073588,8369.20564786863,7779.662113930967,2770.6097640699586,1192.578160308835,27,5.0,
norauto,LimiX-2,4,100.0,clip,50.0,1,2000,1000,4.637548186387296,0.34,1,12.026430765237704,1,True,-0.0003580039641011648,0.004222403915270702,0.0431009157165132,0.10334770587097011,8412.696839894727,8037.969446235132,2472.611762893632,882.7630704748963,26,4.8,
norauto,LimiX-2,4,100.0,clip,200.0,1,2000,1000,4.637548186387296,0.34,1,12.026430765237704,1,True,0.022980184459160183,0.016326753054558746,0.028494153115438865,0.14260460096031197,8373.105999503732,7814.1844198614535,2623.0661164105345,1024.6158660291069,26,4.9,
norauto,LimiX-2,4,100.0,sd_cap,1.2,1,2000,1000,4.637548186387296,0.34,1,12.026430765237704,1,True,-0.0001660641888593052,-0.004218414689402706,0.023176694130144213,0.11809563325790252,8403.599880980782,8024.682904020797,2514.741321075783,886.1417114528748,27,4.8,
norauto,LimiX-2,5,1.0,raw,0.0,1,2000,1000,1.0208563732823832,0.393,27,0.49480858502935304,0,,0.0,0.0,0.0,0.0,7097.147334153805,6356.3092272244785,1747.9738128978581,494.81230420491545,17,0.0,
norauto,LimiX-2,5,1.0,clip,50.0,1,2000,1000,1.0208563732823832,0.393,27,0.49480858502935304,0,,0.0,0.0,0.0,0.0,7097.147334153805,6356.3092272244785,1747.9738128978581,494.81230420491545,17,4.8,
norauto,LimiX-2,5,1.0,clip,200.0,1,2000,1000,1.0208563732823832,0.393,27,0.49480858502935304,0,,0.0,0.0,0.0,0.0,7097.147334153805,6356.3092272244785,1747.9738128978581,494.81230420491545,17,4.8,
norauto,LimiX-2,5,1.0,sd_cap,1.2,1,2000,1000,1.0208563732823832,0.393,27,0.49480858502935304,0,,0.0,0.0,0.0,0.0,7097.147334153805,6356.3092272244785,1747.9738128978581,494.81230420491545,17,4.8,
norauto,LimiX-2,5,100.0,raw,0.0,1,2000,1000,11.085521645515893,0.393,1,49.480858502935305,0,False,0.020703553173671608,0.05713254352943507,0.05105881273587502,0.0968887686366412,7804.8578898699325,10492.18717157276,3228.7879480039096,882.6570860276611,15,4.9,
norauto,LimiX-2,5,100.0,clip,50.0,1,2000,1000,11.085521645515893,0.393,1,49.480858502935305,1,True,-0.004410311630942654,0.005219960438599359,0.011145621350450866,0.03756234110129422,7091.742607288549,6500.782601041909,1912.389135097246,551.1574221438053,18,4.8,
norauto,LimiX-2,5,100.0,clip,200.0,1,2000,1000,11.085521645515893,0.393,1,49.480858502935305,1,True,0.013487760651512668,0.040452709894626925,0.07097226025664227,0.08745360025276443,8160.327069912017,7508.866611098245,2239.6213556365606,659.4605278577721,13,4.8,
norauto,LimiX-2,5,100.0,sd_cap,1.2,1,2000,1000,11.085521645515893,0.393,1,49.480858502935305,1,True,-0.0054531063350096295,0.009682663876735137,0.02191917819988618,0.038614209010117195,7092.319286941366,6510.080943125417,1919.5744481436693,551.9900862419894,16,4.9,
norauto,LimiX-2,6,1.0,raw,0.0,1,2000,1000,1.1736930899899827,0.335,316,0.05175,0,,0.0,0.0,0.0,0.0,7905.005864595313,7498.459485435629,2217.992570377936,291.31985204754625,27,0.0,
norauto,LimiX-2,6,1.0,clip,50.0,1,2000,1000,1.1736930899899827,0.335,316,0.05175,0,,0.0,0.0,0.0,0.0,7905.005864595313,7498.459485435629,2217.992570377936,291.31985204754625,27,4.9,
norauto,LimiX-2,6,1.0,clip,200.0,1,2000,1000,1.1736930899899827,0.335,316,0.05175,0,,0.0,0.0,0.0,0.0,7905.005864595313,7498.459485435629,2217.992570377936,291.31985204754625,27,4.9,
norauto,LimiX-2,6,1.0,sd_cap,1.2,1,2000,1000,1.1736930899899827,0.335,316,0.05175,0,,0.0,0.0,0.0,0.0,7905.005864595313,7498.459485435629,2217.992570377936,291.31985204754625,27,4.9,
norauto,LimiX-2,6,100.0,raw,0.0,1,2000,1000,2.9583429054302504,0.335,1,5.175,0,False,0.0043564663020958586,0.013109119451793067,0.0113447923967572,-0.015978197619135687,7899.9823310287575,7425.032587146094,2357.112472488738,542.5907971552276,26,5.3,
norauto,LimiX-2,6,100.0,clip,50.0,1,2000,1000,2.9583429054302504,0.335,1,5.175,1,True,-0.01217789338027131,0.015508348499826826,0.03917020098768505,0.008271329709923536,7901.727378226165,7431.623462585293,1880.851925942318,324.8922641199462,24,6.2,
norauto,LimiX-2,6,100.0,clip,200.0,1,2000,1000,2.9583429054302504,0.335,1,5.175,1,True,-0.007620163174940273,0.02555830954305835,0.03477176881851958,-0.02655631222110147,7900.027558365222,7407.1391835477,2323.4906927205666,568.0261331105478,25,5.0,
norauto,LimiX-2,6,100.0,sd_cap,1.2,1,2000,1000,2.9583429054302504,0.335,1,5.175,1,True,-0.027961206635342982,0.010382143127620192,0.012654272826698834,0.02902994941802233,7901.941156484957,7442.438457994471,2157.5832746494666,372.15655329277735,26,4.8,
norauto,LimiX-2,7,1.0,raw,0.0,1,2000,1000,1.066972442405627,0.3355,324,0.07885755072024916,0,,0.0,0.0,0.0,0.0,8044.395337113685,7545.472433173666,2136.691889313148,683.0481105744828,20,0.0,
norauto,LimiX-2,7,1.0,clip,50.0,1,2000,1000,1.066972442405627,0.3355,324,0.07885755072024916,0,,0.0,0.0,0.0,0.0,8044.395337113685,7545.472433173666,2136.691889313148,683.0481105744828,20,4.8,
norauto,LimiX-2,7,1.0,clip,200.0,1,2000,1000,1.066972442405627,0.3355,324,0.07885755072024916,0,,0.0,0.0,0.0,0.0,8044.395337113685,7545.472433173666,2136.691889313148,683.0481105744828,20,4.8,
norauto,LimiX-2,7,1.0,sd_cap,1.2,1,2000,1000,1.066972442405627,0.3355,324,0.07885755072024916,0,,0.0,0.0,0.0,0.0,8044.395337113685,7545.472433173666,2136.691889313148,683.0481105744828,20,4.9,
norauto,LimiX-2,7,100.0,raw,0.0,1,2000,1000,3.0491160788724057,0.3355,1,7.885755072024916,0,False,0.018723756868900803,-0.00593477650877856,-0.003082207412109863,0.2365592230269911,8037.314101396676,7535.096617536919,2518.4403698710275,941.3309846760211,24,5.1,
norauto,LimiX-2,7,100.0,clip,50.0,1,2000,1000,3.0491160788724057,0.3355,1,7.885755072024916,1,True,-0.009522201533765925,-0.00021789182776054273,0.005650969425155314,0.2238591635355717,8051.201121439242,7523.793397834868,2142.4783042873632,622.4388426083799,20,4.9,
norauto,LimiX-2,7,100.0,clip,200.0,1,2000,1000,3.0491160788724057,0.3355,1,7.885755072024916,1,True,0.002497601177949065,0.0033242585732770145,0.022295522955432898,0.3499730671013548,8043.07103198349,7515.976349801923,2416.91022192401,825.2584194881211,23,4.9,
norauto,LimiX-2,7,100.0,sd_cap,1.2,1,2000,1000,3.0491160788724057,0.3355,1,7.885755072024916,1,True,-0.006849133719233793,-0.0009150530466157514,0.006180205099721088,0.19817094646546093,8049.683907779914,7519.14398218772,2155.504752798759,664.3952358999156,19,4.8,
norauto,LimiX-2,8,1.0,raw,0.0,1,2000,1000,1.1378553192040508,0.291,336,0.05100428571428572,0,,0.0,0.0,0.0,0.0,7605.965758692055,6209.118107291341,1318.9717789198337,240.00528677261508,14,0.0,
norauto,LimiX-2,8,1.0,clip,50.0,1,2000,1000,1.1378553192040508,0.291,336,0.05100428571428572,0,,0.0,0.0,0.0,0.0,7605.965758692055,6209.118107291341,1318.9717789198337,240.00528677261508,14,4.8,
norauto,LimiX-2,8,1.0,clip,200.0,1,2000,1000,1.1378553192040508,0.291,336,0.05100428571428572,0,,0.0,0.0,0.0,0.0,7605.965758692055,6209.118107291341,1318.9717789198337,240.00528677261508,14,4.8,
norauto,LimiX-2,8,1.0,sd_cap,1.2,1,2000,1000,1.1378553192040508,0.291,336,0.05100428571428572,0,,0.0,0.0,0.0,0.0,7605.965758692055,6209.118107291341,1318.9717789198337,240.00528677261508,14,4.8,
norauto,LimiX-2,8,100.0,raw,0.0,1,2000,1000,2.6961786555154355,0.291,1,5.100428571428571,0,False,0.00548724681588963,-0.009699678548885187,0.014435586072998642,-0.01065646816823279,10818.165647506858,8320.920110266403,1722.1928632355368,511.6003138307607,14,4.8,
norauto,LimiX-2,8,100.0,clip,50.0,1,2000,1000,2.6961786555154355,0.291,1,5.100428571428571,1,True,0.003747593628774031,-0.004481724057959758,-0.0057375526693730534,0.0063288283576784735,8325.62636172034,6372.964030207096,1398.9189917782344,273.2248494891607,15,4.9,
norauto,LimiX-2,8,100.0,clip,200.0,1,2000,1000,2.6961786555154355,0.291,1,5.100428571428571,1,True,-0.00251946266985833,0.0006886649894526085,0.03263411366938348,-0.010015547269815657,10070.641251195402,7948.633657847665,1693.5814277053032,536.8211669640478,9,4.8,
norauto,LimiX-2,8,100.0,sd_cap,1.2,1,2000,1000,2.6961786555154355,0.291,1,5.100428571428571,1,True,-0.010425733136778803,-0.007567034074069115,0.01744845006713362,-0.0202870712780929,8526.067435884184,6535.630038184135,1490.5928385425473,304.76922983583864,13,4.8,
norauto,LimiX-2,9,1.0,raw,0.0,1,2000,1000,1.0733234530114801,0.347,193,0.10740796816195873,0,,0.0,0.0,0.0,0.0,7639.431696723433,6554.712839024886,2131.788216632088,805.0980603205934,17,0.0,
norauto,LimiX-2,9,1.0,clip,50.0,1,2000,1000,1.0733234530114801,0.347,193,0.10740796816195873,0,,0.0,0.0,0.0,0.0,7639.431696723433,6554.712839024886,2131.788216632088,805.0980603205934,17,4.8,
norauto,LimiX-2,9,1.0,clip,200.0,1,2000,1000,1.0733234530114801,0.347,193,0.10740796816195873,0,,0.0,0.0,0.0,0.0,7639.431696723433,6554.712839024886,2131.788216632088,805.0980603205934,17,4.8,
norauto,LimiX-2,9,1.0,sd_cap,1.2,1,2000,1000,1.0733234530114801,0.347,193,0.10740796816195873,0,,0.0,0.0,0.0,0.0,7639.431696723433,6554.712839024886,2131.788216632088,805.0980603205934,17,4.8,
norauto,LimiX-2,9,100.0,raw,0.0,1,2000,1000,4.21344996483823,0.347,1,10.740796816195873,0,False,0.0267362128426277,0.027399872655491264,0.010093793377820126,0.18409648324091304,7621.456527178788,6526.57379876402,2214.699109025751,1012.8014561024768,20,5.2,
norauto,LimiX-2,9,100.0,clip,50.0,1,2000,1000,4.21344996483823,0.347,1,10.740796816195873,1,True,-0.01333036249705426,-0.00881896857833847,0.009558782151457237,0.1602478254163586,7647.011882611726,6586.284326584503,2165.2529613174124,807.0939235633351,17,4.8,
norauto,LimiX-2,9,100.0,clip,200.0,1,2000,1000,4.21344996483823,0.347,1,10.740796816195873,1,True,-0.0019926210344334222,0.007662007182661518,0.05420827359867554,0.2538210869602312,7635.802399496666,6544.234873697973,2171.6161245211297,1000.0195960867132,17,4.8,
norauto,LimiX-2,9,100.0,sd_cap,1.2,1,2000,1000,4.21344996483823,0.347,1,10.740796816195873,1,True,-0.011506540235657135,-0.01048706622235624,0.013790304066006284,0.11770764684231202,7645.534338498723,6609.170586214577,2162.902082822576,829.0157071316987,17,4.8,
AutoClaims,LimiX-2,0,1.0,raw,0.0,1,2000,1000,1.0301437608272141,0.268,342,0.09802860721094207,0,,0.0,0.0,0.0,0.0,686.2527101509203,664.6254767026657,208.15169306106424,76.07774592016963,16,0.0,
AutoClaims,LimiX-2,0,1.0,clip,50.0,1,2000,1000,1.0301437608272141,0.268,342,0.09802860721094207,0,,0.0,0.0,0.0,0.0,686.2527101509203,664.6254767026657,208.15169306106424,76.07774592016963,16,4.8,
AutoClaims,LimiX-2,0,1.0,clip,200.0,1,2000,1000,1.0301437608272141,0.268,342,0.09802860721094207,0,,0.0,0.0,0.0,0.0,686.2527101509203,664.6254767026657,208.15169306106424,76.07774592016963,16,4.8,
AutoClaims,LimiX-2,0,1.0,sd_cap,1.2,1,2000,1000,1.0301437608272141,0.268,342,0.09802860721094207,0,,0.0,0.0,0.0,0.0,686.2527101509203,664.6254767026657,208.15169306106424,76.07774592016963,16,4.9,
AutoClaims,LimiX-2,0,100.0,raw,0.0,1,2000,1000,2.6959690641336485,0.268,1,9.802860721094207,0,False,0.02043615929502706,0.017051900758340198,0.010189512933579123,0.04720143741350548,832.556519389427,745.2889461048139,227.93299756263298,85.80184051036677,16,5.0,
AutoClaims,LimiX-2,0,100.0,clip,50.0,1,2000,1000,2.6959690641336485,0.268,1,9.802860721094207,1,True,-0.001997317986022497,-0.0028935309238055005,0.009522850860484084,0.09178912658636701,714.0308131363387,670.7978809309528,212.3864968504854,74.998567551966,15,5.1,
AutoClaims,LimiX-2,0,100.0,clip,200.0,1,2000,1000,2.6959690641336485,0.268,1,9.802860721094207,1,True,0.0038373533457100413,0.00873320347793016,0.0072738360074734625,0.07678278358746354,800.121367065551,733.6153976269484,225.65142164679744,83.30099621910364,16,5.0,
AutoClaims,LimiX-2,0,100.0,sd_cap,1.2,1,2000,1000,2.6959690641336485,0.268,1,9.802860721094207,1,True,-0.007429201941898629,-0.003719052071449921,0.00482502829068383,0.07503639282271032,722.49024500772,673.6735730155557,215.80360598417883,76.22216870044184,17,4.9,
AutoClaims,LimiX-2,1,1.0,raw,0.0,1,2000,1000,1.1210971132289702,0.24,427,0.041696876768834615,0,,0.0,0.0,0.0,0.0,609.8583788274817,517.8509533232564,129.39865541881287,22.410153308388864,8,0.0,
AutoClaims,LimiX-2,1,1.0,clip,50.0,1,2000,1000,1.1210971132289702,0.24,427,0.041696876768834615,0,,0.0,0.0,0.0,0.0,609.8583788274817,517.8509533232564,129.39865541881287,22.410153308388864,8,4.8,
AutoClaims,LimiX-2,1,1.0,clip,200.0,1,2000,1000,1.1210971132289702,0.24,427,0.041696876768834615,0,,0.0,0.0,0.0,0.0,609.8583788274817,517.8509533232564,129.39865541881287,22.410153308388864,8,4.9,
AutoClaims,LimiX-2,1,1.0,sd_cap,1.2,1,2000,1000,1.1210971132289702,0.24,427,0.041696876768834615,0,,0.0,0.0,0.0,0.0,609.8583788274817,517.8509533232564,129.39865541881287,22.410153308388864,8,4.8,
AutoClaims,LimiX-2,1,100.0,raw,0.0,1,2000,1000,2.1755509457921,0.24,1,4.169687676883461,0,False,0.0011746889295336667,0.003916879230501366,-0.02579557312004145,-0.037229383865106394,609.6178195256227,516.6421379732263,134.96775120644804,33.997029731224515,9,4.8,
AutoClaims,LimiX-2,1,100.0,clip,50.0,1,2000,1000,2.1755509457921,0.24,1,4.169687676883461,1,True,-0.004343766923520068,0.008355484813087585,-0.01347547461332677,0.00028521037393489904,609.9487593907106,514.9925245864396,132.40808442941423,27.01353723732282,9,4.9,
AutoClaims,LimiX-2,1,100.0,clip,200.0,1,2000,1000,2.1755509457921,0.24,1,4.169687676883461,1,True,0.00122211089601821,0.00570081647544898,-0.024668964642308427,-0.03262593240444197,609.5969007818079,516.4961288075144,135.33509600241092,33.94688061217434,9,4.8,
AutoClaims,LimiX-2,1,100.0,sd_cap,1.2,1,2000,1000,2.1755509457921,0.24,1,4.169687676883461,1,True,0.00519371080616324,0.008648117082003248,-0.004884405746062909,0.0003966171154737103,609.4965765549575,514.9897398095961,134.69395123240162,28.89087898306142,9,4.8,
AutoClaims,LimiX-2,2,1.0,raw,0.0,1,2000,1000,1.0287715968553148,0.2855,205,0.1429383787702531,0,,0.0,0.0,0.0,0.0,620.5192991363883,566.4933225915219,147.64538821603554,27.514031394621618,16,0.0,
AutoClaims,LimiX-2,2,1.0,clip,50.0,1,2000,1000,1.0287715968553148,0.2855,205,0.1429383787702531,0,,0.0,0.0,0.0,0.0,620.5192991363883,566.4933225915219,147.64538821603554,27.514031394621618,16,4.8,
AutoClaims,LimiX-2,2,1.0,clip,200.0,1,2000,1000,1.0287715968553148,0.2855,205,0.1429383787702531,0,,0.0,0.0,0.0,0.0,620.5192991363883,566.4933225915219,147.64538821603554,27.514031394621618,16,4.9,
AutoClaims,LimiX-2,2,1.0,sd_cap,1.2,1,2000,1000,1.0287715968553148,0.2855,205,0.1429383787702531,0,,0.0,0.0,0.0,0.0,620.5192991363883,566.4933225915219,147.64538821603554,27.514031394621618,16,4.8,
AutoClaims,LimiX-2,2,100.0,raw,0.0,1,2000,1000,3.7269180915848863,0.2855,1,14.293837877025307,0,False,0.06035808391610906,0.05128523013053922,0.022636744532032793,0.07829846976395222,620.3050497451247,580.9083120784093,166.48173368209,48.87642016440173,14,4.9,
AutoClaims,LimiX-2,2,100.0,clip,50.0,1,2000,1000,3.7269180915848863,0.2855,1,14.293837877025307,1,True,0.0003720523422416334,0.0009200064770510177,0.005159970622469222,0.1350252799379955,620.4900626739463,563.0888079379732,151.59325860255504,29.03428949166476,17,5.2,
AutoClaims,LimiX-2,2,100.0,clip,200.0,1,2000,1000,3.7269180915848863,0.2855,1,14.293837877025307,1,True,0.007697718724084283,0.003726112083645801,0.00609899299159207,0.07370171908925777,620.1578481653687,583.7227185772546,159.95984395198954,40.61253719658518,15,4.9,
AutoClaims,LimiX-2,2,100.0,sd_cap,1.2,1,2000,1000,3.7269180915848863,0.2855,1,14.293837877025307,1,True,-0.0011517331037478576,0.0038889854328196484,0.014155183855803607,0.1360647069219379,620.5164558913447,565.0452306442958,152.60058697813878,30.059734701723805,16,5.4,
AutoClaims,LimiX-2,3,1.0,raw,0.0,1,2000,1000,1.0469245516044636,0.285,178,0.13933579781214636,0,,0.0,0.0,0.0,0.0,673.5804521023922,650.2914624582162,216.0981826300781,71.30351828769938,21,0.0,
AutoClaims,LimiX-2,3,1.0,clip,50.0,1,2000,1000,1.0469245516044636,0.285,178,0.13933579781214636,0,,0.0,0.0,0.0,0.0,673.5804521023922,650.2914624582162,216.0981826300781,71.30351828769938,21,4.9,
AutoClaims,LimiX-2,3,1.0,clip,200.0,1,2000,1000,1.0469245516044636,0.285,178,0.13933579781214636,0,,0.0,0.0,0.0,0.0,673.5804521023922,650.2914624582162,216.0981826300781,71.30351828769938,21,4.9,
AutoClaims,LimiX-2,3,1.0,sd_cap,1.2,1,2000,1000,1.0469245516044636,0.285,178,0.13933579781214636,0,,0.0,0.0,0.0,0.0,673.5804521023922,650.2914624582162,216.0981826300781,71.30351828769938,21,4.8,
AutoClaims,LimiX-2,3,100.0,raw,0.0,1,2000,1000,4.469714497416519,0.285,1,13.933579781214636,0,False,0.0688866688722723,0.053745352733441734,0.014912055368677329,0.05636614073491919,672.3440452363111,644.7571666350441,227.39723384151566,84.04740273795466,19,4.9,
AutoClaims,LimiX-2,3,100.0,clip,50.0,1,2000,1000,4.469714497416519,0.285,1,13.933579781214636,1,True,0.0013470486776462807,0.008372140105984284,0.006939804171875122,0.0938132622353843,673.3221739516923,649.0987836713449,212.15362558527437,65.9290456889277,18,4.8,
AutoClaims,LimiX-2,3,100.0,clip,200.0,1,2000,1000,4.469714497416519,0.285,1,13.933579781214636,1,True,0.005284053775234752,0.01470493537431584,0.009025445579184646,0.026133958545836125,673.1585656200128,648.9772898025458,223.07644598113376,78.68265441017778,19,4.8,
AutoClaims,LimiX-2,3,100.0,sd_cap,1.2,1,2000,1000,4.469714497416519,0.285,1,13.933579781214636,1,True,0.002316833247300894,0.008835989365052596,0.0178734978564367,0.07541039373049052,673.332167041698,648.9735185033956,211.28643221362788,67.15966310071096,18,4.9,
AutoClaims,LimiX-2,4,1.0,raw,0.0,1,2000,1000,1.1327210218261945,0.2325,193,0.06829783333333334,0,,0.0,0.0,0.0,0.0,710.4971110260464,696.6472442804451,210.89761848762888,65.63643950377424,21,0.0,
AutoClaims,LimiX-2,4,1.0,clip,50.0,1,2000,1000,1.1327210218261945,0.2325,193,0.06829783333333334,1,,0.00017192089947722322,-0.0007450664760565516,-0.0025740097830607286,0.001373989409999327,710.4906515244355,696.7483746618499,210.82964200734378,65.24109686414027,21,4.8,
AutoClaims,LimiX-2,4,1.0,clip,200.0,1,2000,1000,1.1327210218261945,0.2325,193,0.06829783333333334,0,,0.0,0.0,0.0,0.0,710.4971110260464,696.6472442804451,210.89761848762888,65.63643950377424,21,4.8,
AutoClaims,LimiX-2,4,1.0,sd_cap,1.2,1,2000,1000,1.1327210218261945,0.2325,193,0.06829783333333334,0,,0.0,0.0,0.0,0.0,710.4971110260464,696.6472442804451,210.89761848762888,65.63643950377424,21,4.8,
AutoClaims,LimiX-2,4,100.0,raw,0.0,1,2000,1000,3.441951562115243,0.2325,1,6.829783333333333,0,False,0.0504833921102926,0.027932245512239377,-0.003115692206748915,0.20446734982084677,710.633652876287,741.5967849750192,245.50080718223228,91.21673288903246,25,4.9,
AutoClaims,LimiX-2,4,100.0,clip,50.0,1,2000,1000,3.441951562115243,0.2325,1,6.829783333333333,2,True,-0.005640532666859159,-0.0069778356034732435,-0.007588928703433545,0.07644195739099054,710.3105255997527,699.1620608523239,215.46983333073726,68.29952597199515,22,4.8,
AutoClaims,LimiX-2,4,100.0,clip,200.0,1,2000,1000,3.441951562115243,0.2325,1,6.829783333333333,1,True,0.006453863215832035,-0.0009703545378544516,-0.0009211136326074846,0.16944324451797593,710.6894253033411,733.5650416652069,239.5954705847372,91.03693038589411,24,4.8,
AutoClaims,LimiX-2,4,100.0,sd_cap,1.2,1,2000,1000,3.441951562115243,0.2325,1,6.829783333333333,1,True,0.0011806833032440619,-0.0011065001576907947,0.00015480475168428158,0.11451076894435214,710.340993455486,701.5778513107472,222.21769901842612,75.99250778679814,22,4.8,
AutoClaims,LimiX-2,5,1.0,raw,0.0,1,2000,1000,1.0412605027475086,0.2665,360,0.08251044888721237,0,,0.0,0.0,0.0,0.0,638.1214602133314,589.6463855353871,171.6911806844541,24.77625158010446,20,0.0,
AutoClaims,LimiX-2,5,1.0,clip,50.0,1,2000,1000,1.0412605027475086,0.2665,360,0.08251044888721237,0,,0.0,0.0,0.0,0.0,638.1214602133314,589.6463855353871,171.6911806844541,24.77625158010446,20,4.8,
AutoClaims,LimiX-2,5,1.0,clip,200.0,1,2000,1000,1.0412605027475086,0.2665,360,0.08251044888721237,0,,0.0,0.0,0.0,0.0,638.1214602133314,589.6463855353871,171.6911806844541,24.77625158010446,20,4.8,
AutoClaims,LimiX-2,5,1.0,sd_cap,1.2,1,2000,1000,1.0412605027475086,0.2665,360,0.08251044888721237,0,,0.0,0.0,0.0,0.0,638.1214602133314,589.6463855353871,171.6911806844541,24.77625158010446,20,4.9,
AutoClaims,LimiX-2,5,100.0,raw,0.0,1,2000,1000,2.620068953708262,0.2665,1,8.251044888721237,0,False,0.0068130509714257595,0.029890380178670132,0.03026977255147971,0.03415828992469419,637.5078149677151,585.9492980126869,176.75440925847857,42.155313425061934,17,4.9,
AutoClaims,LimiX-2,5,100.0,clip,50.0,1,2000,1000,2.620068953708262,0.2665,1,8.251044888721237,1,True,-0.005343099722861988,-0.00642823800133775,-0.004651378044276058,-0.029986411762895775,638.4966427271679,589.3760407524351,177.67999614292992,30.03488870078933,19,5.2,
AutoClaims,LimiX-2,5,100.0,clip,200.0,1,2000,1000,2.620068953708262,0.2665,1,8.251044888721237,1,True,-0.0024834045551965084,0.030696075967209184,0.03022001599314432,0.00046262073393121193,637.9585717285462,585.2895092850422,177.34531748829096,39.539929273316986,17,4.8,
AutoClaims,LimiX-2,5,100.0,sd_cap,1.2,1,2000,1000,2.620068953708262,0.2665,1,8.251044888721237,1,True,-0.005948651698471533,-0.0008603288562368451,0.003267342348734579,-0.018429924781503224,638.4588673992547,588.7271996415489,178.3188154818088,31.855355254666758,19,4.9,
AutoClaims,LimiX-2,6,1.0,raw,0.0,1,2000,1000,1.1109773218098262,0.2305,109,0.09858733333333333,0,,0.0,0.0,0.0,0.0,660.8233642487386,621.6300013007259,175.03170403058525,37.36754998081288,19,0.0,
AutoClaims,LimiX-2,6,1.0,clip,50.0,1,2000,1000,1.1109773218098262,0.2305,109,0.09858733333333333,0,,0.0,0.0,0.0,0.0,660.8233642487386,621.6300013007259,175.03170403058525,37.36754998081288,19,5.0,
AutoClaims,LimiX-2,6,1.0,clip,200.0,1,2000,1000,1.1109773218098262,0.2305,109,0.09858733333333333,0,,0.0,0.0,0.0,0.0,660.8233642487386,621.6300013007259,175.03170403058525,37.36754998081288,19,4.9,
AutoClaims,LimiX-2,6,1.0,sd_cap,1.2,1,2000,1000,1.1109773218098262,0.2305,109,0.09858733333333333,0,,0.0,0.0,0.0,0.0,660.8233642487386,621.6300013007259,175.03170403058525,37.36754998081288,19,4.8,
AutoClaims,LimiX-2,6,100.0,raw,0.0,1,2000,1000,4.534584541859226,0.2305,1,9.858733333333333,0,False,0.03790044935670728,0.03538376357471119,0.006981571183932305,-0.02599776612923735,660.5165409249215,614.230988625698,168.50533799722953,55.6371120419466,23,4.9,
AutoClaims,LimiX-2,6,100.0,clip,50.0,1,2000,1000,4.534584541859226,0.2305,1,9.858733333333333,1,True,-0.0043094147301044,0.0008137648734862577,-0.00675050166538991,0.1455580631731229,660.8421789530844,619.5416018465844,174.97493362101994,39.64737900536563,19,4.8,
AutoClaims,LimiX-2,6,100.0,clip,200.0,1,2000,1000,4.534584541859226,0.2305,1,9.858733333333333,1,True,0.0013848320115603715,0.003939595828347903,-0.006669666741479407,-0.013912570015739527,660.7392549733297,618.8074699728292,183.81598250436787,56.41027017223686,21,4.8,
AutoClaims,LimiX-2,6,100.0,sd_cap,1.2,1,2000,1000,4.534584541859226,0.2305,1,9.858733333333333,1,True,0.005627830747585976,0.006227513906672269,0.0022521240645714314,0.14879632184947475,660.8521912034756,619.235670491347,177.8696330088043,44.61373260123019,19,4.8,
AutoClaims,LimiX-2,7,1.0,raw,0.0,1,2000,1000,1.1315127774721951,0.246,77,0.120814,0,,0.0,0.0,0.0,0.0,680.3650192515664,644.990570391682,188.59123787395242,37.15123085602508,19,0.0,
AutoClaims,LimiX-2,7,1.0,clip,50.0,1,2000,1000,1.1315127774721951,0.246,77,0.120814,0,,0.0,0.0,0.0,0.0,680.3650192515664,644.990570391682,188.59123787395242,37.15123085602508,19,4.9,
AutoClaims,LimiX-2,7,1.0,clip,200.0,1,2000,1000,1.1315127774721951,0.246,77,0.120814,0,,0.0,0.0,0.0,0.0,680.3650192515664,644.990570391682,188.59123787395242,37.15123085602508,19,4.8,
AutoClaims,LimiX-2,7,1.0,sd_cap,1.2,1,2000,1000,1.1315127774721951,0.246,77,0.120814,0,,0.0,0.0,0.0,0.0,680.3650192515664,644.990570391682,188.59123787395242,37.15123085602508,19,4.8,
AutoClaims,LimiX-2,7,100.0,raw,0.0,1,2000,1000,5.912031064964751,0.246,1,12.0814,0,False,0.052791873935853606,0.02852832276317386,0.012747269681761415,0.0442956220219271,720.6799944437754,811.4437471894503,252.58076655948784,73.16342485915395,18,4.8,
AutoClaims,LimiX-2,7,100.0,clip,50.0,1,2000,1000,5.912031064964751,0.246,1,12.0814,1,True,-0.006197559963355653,-0.005545897878121726,-0.005676466524230827,0.11543912861420715,681.3949712439359,652.4167771729558,192.2768497177984,36.84920303174401,18,4.8,
AutoClaims,LimiX-2,7,100.0,clip,200.0,1,2000,1000,5.912031064964751,0.246,1,12.0814,1,True,-0.002027315891981231,-0.004004822987970672,0.007422404010285633,0.03247340097943905,749.7655092939501,712.0261962146715,219.3233775048459,51.94387996939811,18,4.8,
AutoClaims,LimiX-2,7,100.0,sd_cap,1.2,1,2000,1000,5.912031064964751,0.246,1,12.0814,1,True,-0.0063468585415782635,-0.0008405095215047484,-0.005479819653315552,0.12875178069870435,683.0286523096197,661.2859056100398,197.14603930227014,40.03740577990617,19,4.9,
AutoClaims,LimiX-2,8,1.0,raw,0.0,1,2000,1000,1.110648729078502,0.223,346,0.04807433333333334,0,,0.0,0.0,0.0,0.0,628.0635187721152,571.3230694597491,152.14120679085485,30.91915817662763,19,0.0,
AutoClaims,LimiX-2,8,1.0,clip,50.0,1,2000,1000,1.110648729078502,0.223,346,0.04807433333333334,1,,-0.00021391940594360086,-0.00026811990512119277,-0.00032926574205360674,0.00046687107786043744,628.0434577677876,571.3222171024653,152.10911761150123,30.837387847076492,19,4.8,
AutoClaims,LimiX-2,8,1.0,clip,200.0,1,2000,1000,1.110648729078502,0.223,346,0.04807433333333334,0,,0.0,0.0,0.0,0.0,628.0635187721152,571.3230694597491,152.14120679085485,30.91915817662763,19,4.9,
AutoClaims,LimiX-2,8,1.0,sd_cap,1.2,1,2000,1000,1.110648729078502,0.223,346,0.04807433333333334,0,,0.0,0.0,0.0,0.0,628.0635187721152,571.3230694597491,152.14120679085485,30.91915817662763,19,5.0,
AutoClaims,LimiX-2,8,100.0,raw,0.0,1,2000,1000,2.367766615488044,0.223,1,4.807433333333333,0,False,0.02135749975070325,0.014185326481961951,0.009742148474324329,-0.007643181787198002,757.6955721680844,701.921751451336,210.06411813127556,52.816500438911746,21,4.8,
AutoClaims,LimiX-2,8,100.0,clip,50.0,1,2000,1000,2.367766615488044,0.223,1,4.807433333333333,2,True,-0.0007690859126438043,0.002895126008381048,0.010993203969235957,0.02922161036596213,657.3823411386853,582.0194664475187,160.5489455479449,34.89364558964377,21,5.0,
AutoClaims,LimiX-2,8,100.0,clip,200.0,1,2000,1000,2.367766615488044,0.223,1,4.807433333333333,1,True,0.00430960513755284,0.005343141162876989,0.00767268719940546,-0.02417483976336728,719.9501178277471,680.8446570921664,200.36402390657844,50.680575659480624,21,5.1,
AutoClaims,LimiX-2,8,100.0,sd_cap,1.2,1,2000,1000,2.367766615488044,0.223,1,4.807433333333333,1,True,0.008112844633939074,0.0035864297173392496,0.013052805650236423,-0.0036086663128248953,671.2226009416196,582.4849598180341,166.1968514310076,38.12473479566718,20,4.8,
AutoClaims,LimiX-2,9,1.0,raw,0.0,1,2000,1000,1.040318691378277,0.2765,377,0.08018951339117315,0,,0.0,0.0,0.0,0.0,630.8493228602069,576.3840142335973,166.92417811027514,29.763354988743604,17,0.0,
AutoClaims,LimiX-2,9,1.0,clip,50.0,1,2000,1000,1.040318691378277,0.2765,377,0.08018951339117315,0,,0.0,0.0,0.0,0.0,630.8493228602069,576.3840142335973,166.92417811027514,29.763354988743604,17,4.8,
AutoClaims,LimiX-2,9,1.0,clip,200.0,1,2000,1000,1.040318691378277,0.2765,377,0.08018951339117315,0,,0.0,0.0,0.0,0.0,630.8493228602069,576.3840142335973,166.92417811027514,29.763354988743604,17,4.8,
AutoClaims,LimiX-2,9,1.0,sd_cap,1.2,1,2000,1000,1.040318691378277,0.2765,377,0.08018951339117315,0,,0.0,0.0,0.0,0.0,630.8493228602069,576.3840142335973,166.92417811027514,29.763354988743604,17,5.0,
AutoClaims,LimiX-2,9,100.0,raw,0.0,1,2000,1000,2.536187549731722,0.2765,1,8.018951339117315,0,False,0.009170695856545438,0.009217765278566513,0.014311910034855494,0.05369823856903075,705.8118210213769,697.6484707289919,195.66908551234752,44.00615735959912,18,4.8,
AutoClaims,LimiX-2,9,100.0,clip,50.0,1,2000,1000,2.536187549731722,0.2765,1,8.018951339117315,1,True,-0.0018055151869339732,-0.0005336434042055597,0.013997467545986842,0.035647516784774666,630.9629007451359,576.5866424078589,169.2969491514145,33.29428204836224,17,5.0,
AutoClaims,LimiX-2,9,100.0,clip,200.0,1,2000,1000,2.536187549731722,0.2765,1,8.018951339117315,1,True,0.004698668139912407,0.012273622895461089,0.017306262101739717,0.06200569635348603,705.2468844988945,697.5607666113538,194.42704283790277,43.28852756238014,18,4.8,
AutoClaims,LimiX-2,9,100.0,sd_cap,1.2,1,2000,1000,2.536187549731722,0.2765,1,8.018951339117315,1,True,-0.0047737977069586286,0.00581229204063411,0.014685095641375644,0.023391968425017208,631.1336773965988,584.2530132708702,176.12065444953694,35.5053090866216,17,5.1,
MEPS_2016_TOTEXP,LimiX-2,0,1.0,raw,0.0,1,2000,1000,1.4442657327068682,0.0685,47,0.056510057867181045,0,,0.0,0.0,0.0,0.0,1773.2900664911633,1974.5449799890937,701.8447273093038,217.14027584229416,16,0.0,
MEPS_2016_TOTEXP,LimiX-2,0,1.0,clip,50.0,1,2000,1000,1.4442657327068682,0.0685,47,0.056510057867181045,6,,-0.05913505049358412,0.023981963058068028,0.021018188675667508,0.0119861008864177,1769.9610900464254,1878.458132066021,659.1096603305825,190.7941547918603,18,5.9,
MEPS_2016_TOTEXP,LimiX-2,0,1.0,clip,200.0,1,2000,1000,1.4442657327068682,0.0685,47,0.056510057867181045,1,,-0.020886163295573728,0.002573984950589317,0.011098485805921557,-0.004083796601155372,1773.1406287051936,1947.4202901278204,667.8981033551358,205.22932597138515,16,5.7,
MEPS_2016_TOTEXP,LimiX-2,0,1.0,sd_cap,1.2,1,2000,1000,1.4442657327068682,0.0685,47,0.056510057867181045,1,,-0.0177961986363607,-0.0008659467567301274,0.003984817919726206,-0.009158812994040002,1773.0583621300366,1943.9497103036638,660.7608931607664,201.57245299496006,17,5.9,
MEPS_2016_TOTEXP,LimiX-2,0,100.0,raw,0.0,1,2000,1000,4.2234338220447025,0.0685,1,5.6510057867181045,0,False,0.4614652408900503,0.1524898287709608,0.12127276687695654,0.26201888775308246,1759.7765741351652,1927.440615527137,866.5913295199579,483.746600246256,15,5.8,
MEPS_2016_TOTEXP,LimiX-2,0,100.0,clip,50.0,1,2000,1000,4.2234338220447025,0.0685,1,5.6510057867181045,7,True,-0.061204114796307454,0.02665241590477111,0.022271134960935496,0.013035869692688256,1768.0162639209007,1894.1642537459882,663.231734476245,185.9931065845207,17,5.8,
MEPS_2016_TOTEXP,LimiX-2,0,100.0,clip,200.0,1,2000,1000,4.2234338220447025,0.0685,1,5.6510057867181045,2,True,0.007606293817848371,0.00502532001725017,0.009964447185417098,0.022947960193034106,1764.0543828673847,1944.9452291026694,673.51067841419,198.4274115296172,17,5.8,
MEPS_2016_TOTEXP,LimiX-2,0,100.0,sd_cap,1.2,1,2000,1000,4.2234338220447025,0.0685,1,5.6510057867181045,2,True,0.037568400594667706,0.01989928136750322,0.03238947244738145,0.055464947456891706,1762.882579761579,1952.1505753566614,682.4216086898125,208.93203124039186,16,5.8,
MEPS_2016_TOTEXP,LimiX-2,1,1.0,raw,0.0,1,2000,1000,1.0559628362590971,0.1055,148,0.08035967270939949,0,,0.0,0.0,0.0,0.0,2009.946845427667,2199.3872725320675,843.6500300570042,230.76278239076987,24,0.0,
MEPS_2016_TOTEXP,LimiX-2,1,1.0,clip,50.0,1,2000,1000,1.0559628362590971,0.1055,148,0.08035967270939949,6,,0.0003709015514030831,0.013636448880299107,0.017109871357777546,-0.026040991721785207,2010.626499961729,2204.412450569953,873.4169649314841,331.2739836365061,25,6.0,
MEPS_2016_TOTEXP,LimiX-2,1,1.0,clip,200.0,1,2000,1000,1.0559628362590971,0.1055,148,0.08035967270939949,0,,0.0,0.0,0.0,0.0,2009.946845427667,2199.3872725320675,843.6500300570042,230.76278239076987,24,5.8,
MEPS_2016_TOTEXP,LimiX-2,1,1.0,sd_cap,1.2,1,2000,1000,1.0559628362590971,0.1055,148,0.08035967270939949,0,,0.0,0.0,0.0,0.0,2009.946845427667,2199.3872725320675,843.6500300570042,230.76278239076987,24,5.9,
MEPS_2016_TOTEXP,LimiX-2,1,100.0,raw,0.0,1,2000,1000,2.8226272964999652,0.1055,1,8.035967270939949,0,False,0.2831380195377825,0.059450333483153345,0.01325461228107943,0.033144799966862315,2008.9001058650217,2227.13870805494,849.0988120647514,343.4179194681435,20,6.1,
MEPS_2016_TOTEXP,LimiX-2,1,100.0,clip,50.0,1,2000,1000,2.8226272964999652,0.1055,1,8.035967270939949,7,True,0.0005047913420522589,0.023366669155985953,0.032720719984700164,0.01327364092594691,2012.611033437435,2194.589249744786,838.0134392521155,367.7746068440982,25,5.8,
MEPS_2016_TOTEXP,LimiX-2,1,100.0,clip,200.0,1,2000,1000,2.8226272964999652,0.1055,1,8.035967270939949,1,True,0.03354776817671957,-0.01507824312820889,0.0025373728579081004,0.04727592425966745,2008.197496647366,2191.9450052073603,768.732239526353,244.75780065901262,24,5.9,
MEPS_2016_TOTEXP,LimiX-2,1,100.0,sd_cap,1.2,1,2000,1000,2.8226272964999652,0.1055,1,8.035967270939949,1,True,0.004056239471907768,-0.0273763882093469,-0.01312791146828704,0.03074469623681557,2007.7652829733167,2193.094240794876,793.3052209211882,239.61132649319063,24,6.0,
MEPS_2016_TOTEXP,LimiX-2,2,1.0,raw,0.0,1,2000,1000,1.0396554262771633,0.1195,225,0.06659384824360563,0,,0.0,0.0,0.0,0.0,1621.0893321788956,1651.4112106725918,540.1944758087368,76.54611294834712,17,0.0,
MEPS_2016_TOTEXP,LimiX-2,2,1.0,clip,50.0,1,2000,1000,1.0396554262771633,0.1195,225,0.06659384824360563,1,,-0.0025731335175024055,-0.0032638210452292085,-0.005584638341139157,-0.008536569909566671,1621.1220216840763,1654.1355578134414,541.1907822518417,76.57749128695691,17,5.9,
MEPS_2016_TOTEXP,LimiX-2,2,1.0,clip,200.0,1,2000,1000,1.0396554262771633,0.1195,225,0.06659384824360563,0,,0.0,0.0,0.0,0.0,1621.0893321788956,1651.4112106725918,540.1944758087368,76.54611294834712,17,5.8,
MEPS_2016_TOTEXP,LimiX-2,2,1.0,sd_cap,1.2,1,2000,1000,1.0396554262771633,0.1195,225,0.06659384824360563,0,,0.0,0.0,0.0,0.0,1621.0893321788956,1651.4112106725918,540.1944758087368,76.54611294834712,17,5.7,
MEPS_2016_TOTEXP,LimiX-2,2,100.0,raw,0.0,1,2000,1000,2.124484992463223,0.1195,1,6.659384824360563,0,False,0.09710489148357886,0.004538941315711677,0.046980031827948965,0.15046774272683627,1613.4040126751447,1715.1177165923925,646.0038499251305,133.26943452025787,16,5.9,
MEPS_2016_TOTEXP,LimiX-2,2,100.0,clip,50.0,1,2000,1000,2.124484992463223,0.1195,1,6.659384824360563,2,True,0.0012557640188437284,-0.0016342388807645855,0.004780405195395451,0.028273992431868566,1619.664880974374,1647.3653397674236,533.3100255890237,71.49182897051026,17,5.8,
MEPS_2016_TOTEXP,LimiX-2,2,100.0,clip,200.0,1,2000,1000,2.124484992463223,0.1195,1,6.659384824360563,1,True,0.012910144923548859,-0.032645807801708795,0.005341800527029015,0.09903545709708657,1615.0935423615172,1659.1992193628923,581.4214693499711,99.09148513460936,18,5.8,
MEPS_2016_TOTEXP,LimiX-2,2,100.0,sd_cap,1.2,1,2000,1000,2.124484992463223,0.1195,1,6.659384824360563,1,True,0.00211874912557397,-0.01962840284539568,0.016829952702888177,0.11629708480877357,1618.197570730669,1648.5564514121484,545.3050344273108,81.21034097011972,17,5.8,
MEPS_2016_TOTEXP,LimiX-2,3,1.0,raw,0.0,1,2000,1000,1.1048765904450133,0.1065,9,0.35742612035961263,0,,0.0,0.0,0.0,0.0,1839.3624894673833,1821.4756619665616,461.3628474898217,65.76025788994049,22,0.0,
MEPS_2016_TOTEXP,LimiX-2,3,1.0,clip,50.0,1,2000,1000,1.1048765904450133,0.1065,9,0.35742612035961263,2,,-0.007598582756758872,0.0007114107388215055,0.020935241059086077,-0.028360717224949178,1839.859176030317,1824.2014655575754,492.6258509012069,61.51189355639254,23,5.9,
MEPS_2016_TOTEXP,LimiX-2,3,1.0,clip,200.0,1,2000,1000,1.1048765904450133,0.1065,9,0.35742612035961263,0,,0.0,0.0,0.0,0.0,1839.3624894673833,1821.4756619665616,461.3628474898217,65.76025788994049,22,5.8,
MEPS_2016_TOTEXP,LimiX-2,3,1.0,sd_cap,1.2,1,2000,1000,1.1048765904450133,0.1065,9,0.35742612035961263,0,,0.0,0.0,0.0,0.0,1839.3624894673833,1821.4756619665616,461.3628474898217,65.76025788994049,22,5.8,
MEPS_2016_TOTEXP,LimiX-2,3,100.0,raw,0.0,1,2000,1000,15.683624843967117,0.1065,1,35.74261203596126,0,False,0.9889274182520341,0.4541242204565299,0.034491675073425376,0.1615621594227799,1852.2660999522764,2271.9989149159674,2116.6879504567246,680.5520235376907,16,5.9,
MEPS_2016_TOTEXP,LimiX-2,3,100.0,clip,50.0,1,2000,1000,15.683624843967117,0.1065,1,35.74261203596126,3,True,-0.0034762268894410436,0.0033585364760222365,0.021747968027990432,-0.0288293030310836,1838.2442720462577,1824.1488059162261,489.02212473530136,61.292820766968,22,5.8,
MEPS_2016_TOTEXP,LimiX-2,3,100.0,clip,200.0,1,2000,1000,15.683624843967117,0.1065,1,35.74261203596126,1,True,0.02473367270282239,-0.02012236213950158,-0.02387127463851699,0.022030858990800192,1844.6093870207778,1805.9081661066923,487.0548661616723,79.62543297201948,21,5.7,
MEPS_2016_TOTEXP,LimiX-2,3,100.0,sd_cap,1.2,1,2000,1000,15.683624843967117,0.1065,1,35.74261203596126,1,True,0.0036061393520620327,-0.01886274884568781,-0.008878321055194307,0.021805633787829452,1844.9492151655825,1820.1531383390693,479.99276655489655,74.17536683367085,21,5.9,
MEPS_2016_TOTEXP,LimiX-2,4,1.0,raw,0.0,1,2000,1000,1.1339659063183642,0.147,95,0.09146904404427741,0,,0.0,0.0,0.0,0.0,1656.425416158504,1688.1312058310687,544.6805730314378,109.22633368946067,25,0.0,
MEPS_2016_TOTEXP,LimiX-2,4,1.0,clip,50.0,1,2000,1000,1.1339659063183642,0.147,95,0.09146904404427741,1,,-0.033687387990148095,-0.0366676283856318,-0.028716368299659525,-0.023658489004826033,1656.435252062601,1686.9473217846137,546.0384151776051,108.26482766475918,26,5.8,
MEPS_2016_TOTEXP,LimiX-2,4,1.0,clip,200.0,1,2000,1000,1.1339659063183642,0.147,95,0.09146904404427741,0,,0.0,0.0,0.0,0.0,1656.425416158504,1688.1312058310687,544.6805730314378,109.22633368946067,25,5.8,
MEPS_2016_TOTEXP,LimiX-2,4,1.0,sd_cap,1.2,1,2000,1000,1.1339659063183642,0.147,95,0.09146904404427741,0,,0.0,0.0,0.0,0.0,1656.425416158504,1688.1312058310687,544.6805730314378,109.22633368946067,25,5.8,
MEPS_2016_TOTEXP,LimiX-2,4,100.0,raw,0.0,1,2000,1000,4.501908195503005,0.147,1,9.146904404427742,0,False,0.31261757796467615,0.05251948458983349,0.04352231784254862,0.08309661427867168,1658.996854498828,1693.0557762908106,576.1293965377719,216.5173068224722,23,6.0,
MEPS_2016_TOTEXP,LimiX-2,4,100.0,clip,50.0,1,2000,1000,4.501908195503005,0.147,1,9.146904404427742,2,True,-0.024331568119027983,-0.01824994200092171,-0.007969241469448135,-0.005833305426076144,1656.9492785315165,1691.361966986938,542.524299726754,108.90167638095949,23,6.0,
MEPS_2016_TOTEXP,LimiX-2,4,100.0,clip,200.0,1,2000,1000,4.501908195503005,0.147,1,9.146904404427742,1,True,0.05159939641609738,0.0017984912630603911,0.003282308007122525,-0.00564661120500172,1655.222134050188,1704.944478889885,565.7257321394317,141.45997883560008,22,5.8,
MEPS_2016_TOTEXP,LimiX-2,4,100.0,sd_cap,1.2,1,2000,1000,4.501908195503005,0.147,1,9.146904404427742,1,True,0.01301625041022203,0.0030698034729599068,0.0002159973075205573,-0.008951009488219594,1656.557542337445,1704.2897250512829,554.2580704840451,121.38135130128651,24,5.9,
MEPS_2016_TOTEXP,LimiX-2,5,1.0,raw,0.0,1,2000,1000,1.124633266735652,0.098,76,0.0928347762018788,0,,0.0,0.0,0.0,0.0,1706.2365857913542,1784.5585708706196,753.7286660680841,235.66579194389539,12,0.0,
MEPS_2016_TOTEXP,LimiX-2,5,1.0,clip,50.0,1,2000,1000,1.124633266735652,0.098,76,0.0928347762018788,5,,-0.014527853362528015,0.02070330256574962,0.023254351734087873,-0.11168823560027982,1706.0342206927198,1776.9684064036753,778.7068820532011,323.78740915060695,11,5.8,
MEPS_2016_TOTEXP,LimiX-2,5,1.0,clip,200.0,1,2000,1000,1.124633266735652,0.098,76,0.0928347762018788,0,,0.0,0.0,0.0,0.0,1706.2365857913542,1784.5585708706196,753.7286660680841,235.66579194389539,12,5.7,
MEPS_2016_TOTEXP,LimiX-2,5,1.0,sd_cap,1.2,1,2000,1000,1.124633266735652,0.098,76,0.0928347762018788,0,,0.0,0.0,0.0,0.0,1706.2365857913542,1784.5585708706196,753.7286660680841,235.66579194389539,12,5.7,
MEPS_2016_TOTEXP,LimiX-2,5,100.0,raw,0.0,1,2000,1000,4.425401339737228,0.098,1,9.28347762018788,0,False,0.440469723077801,0.1275671423339711,0.06900453258044661,0.08201975803846878,1711.415967189782,1946.6772983871929,949.1041427727705,376.38288188189375,11,5.8,
MEPS_2016_TOTEXP,LimiX-2,5,100.0,clip,50.0,1,2000,1000,4.425401339737228,0.098,1,9.28347762018788,6,True,-0.014432706519048894,0.02165597855468171,0.02615031593994474,-0.0668652040254614,1709.3356887014108,1780.9999672217036,780.7556383062177,315.0218792599321,12,5.7,
MEPS_2016_TOTEXP,LimiX-2,5,100.0,clip,200.0,1,2000,1000,4.425401339737228,0.098,1,9.28347762018788,1,True,0.031374963185077834,0.005123231228495548,-0.019383463153813108,-0.0368323681872796,1705.662378490428,1801.5522985351286,771.3737107963277,256.20103023393705,12,5.7,
MEPS_2016_TOTEXP,LimiX-2,5,100.0,sd_cap,1.2,1,2000,1000,4.425401339737228,0.098,1,9.28347762018788,1,True,0.0286677862277028,0.006311111741997822,-0.01887791232728336,-0.03692298826437314,1705.6383673004914,1799.9703895983657,766.2579508239967,254.3287521958223,12,5.7,
MEPS_2016_TOTEXP,LimiX-2,6,1.0,raw,0.0,1,2000,1000,1.0463821346685465,0.123,100,0.12565761321015934,0,,0.0,0.0,0.0,0.0,1809.7580724141242,1946.3697796246017,859.1805463831444,390.0825877216852,18,0.0,
MEPS_2016_TOTEXP,LimiX-2,6,1.0,clip,50.0,1,2000,1000,1.0463821346685465,0.123,100,0.12565761321015934,2,,-0.00803975536214628,-0.006347871483935629,-0.007806850636445195,-0.009914835800792617,1810.343513184927,1946.6015786935104,859.8821326637509,389.9887597463515,18,5.8,
MEPS_2016_TOTEXP,LimiX-2,6,1.0,clip,200.0,1,2000,1000,1.0463821346685465,0.123,100,0.12565761321015934,0,,0.0,0.0,0.0,0.0,1809.7580724141242,1946.3697796246017,859.1805463831444,390.0825877216852,18,5.8,
MEPS_2016_TOTEXP,LimiX-2,6,1.0,sd_cap,1.2,1,2000,1000,1.0463821346685465,0.123,100,0.12565761321015934,0,,0.0,0.0,0.0,0.0,1809.7580724141242,1946.3697796246017,859.1805463831444,390.0825877216852,18,5.8,
MEPS_2016_TOTEXP,LimiX-2,6,100.0,raw,0.0,1,2000,1000,3.9355514880131395,0.123,1,12.565761321015934,0,False,0.1890212740927038,0.04174024355335978,0.021729340522431223,0.05791013058611352,1814.5862387635054,1935.7539503886244,965.0580992931448,443.5645659129596,19,5.8,
MEPS_2016_TOTEXP,LimiX-2,6,100.0,clip,50.0,1,2000,1000,3.9355514880131395,0.123,1,12.565761321015934,3,True,-0.0022486911302933748,0.0022397769291184547,0.004567550547363923,-0.0010949162844461843,1811.5056749210228,1954.5780540612154,862.0131575394196,390.21600859720087,18,6.0,
MEPS_2016_TOTEXP,LimiX-2,6,100.0,clip,200.0,1,2000,1000,3.9355514880131395,0.123,1,12.565761321015934,1,True,0.012207580369803751,-0.02902046104060883,-0.008392338495148796,0.030750626388145588,1814.3664387296453,1972.609582056707,886.3952178246823,355.95724553812084,19,5.8,
MEPS_2016_TOTEXP,LimiX-2,6,100.0,sd_cap,1.2,1,2000,1000,3.9355514880131395,0.123,1,12.565761321015934,1,True,-0.007813614715620108,-0.01878373681034393,0.007113295069661173,0.03720605522300863,1816.3358622716446,1967.1944056899724,876.4244741078127,367.6575745290448,18,5.8,
MEPS_2016_TOTEXP,LimiX-2,7,1.0,raw,0.0,1,2000,1000,1.6156651262011348,0.068,17,0.08328568476164233,0,,0.0,0.0,0.0,0.0,1915.3304612319885,2043.5250241520025,776.2722638839341,330.6832164570148,18,0.0,
MEPS_2016_TOTEXP,LimiX-2,7,1.0,clip,50.0,1,2000,1000,1.6156651262011348,0.068,17,0.08328568476164233,7,,-0.02637774192011236,0.022912005929349312,0.012938974444135241,0.002168928242604822,1957.2506207742126,1969.0389268938484,723.0464353466306,304.94510863973437,19,6.1,
MEPS_2016_TOTEXP,LimiX-2,7,1.0,clip,200.0,1,2000,1000,1.6156651262011348,0.068,17,0.08328568476164233,1,,-0.03558281916528716,-0.008079205118902288,-0.005898561167947764,-0.010129935405312557,1918.0461615424754,2024.800883976481,748.0512348719913,318.53750429868296,18,6.1,
MEPS_2016_TOTEXP,LimiX-2,7,1.0,sd_cap,1.2,1,2000,1000,1.6156651262011348,0.068,17,0.08328568476164233,1,,-0.03853570479772732,-6.41344579521329e-05,0.0011441624073975805,-0.0015322342856459994,1921.9290712646111,1995.281817508588,730.5182644752883,300.5989553835308,19,6.1,
MEPS_2016_TOTEXP,LimiX-2,7,100.0,raw,0.0,1,2000,1000,6.664999772786585,0.068,1,8.328568476164232,0,False,0.5520924054773487,0.19316361912978858,0.07488246645041997,0.20246564881680826,1919.8317199072912,1975.6688656180356,1001.4033014843101,673.1903580299522,16,5.8,
MEPS_2016_TOTEXP,LimiX-2,7,100.0,clip,50.0,1,2000,1000,6.664999772786585,0.068,1,8.328568476164232,8,True,-0.03103317677363526,0.019268279202082073,0.015934671370361884,0.0006835935074153141,1942.8639546489328,1977.7313857819759,726.2958651783507,304.8547594199889,19,5.8,
MEPS_2016_TOTEXP,LimiX-2,7,100.0,clip,200.0,1,2000,1000,6.664999772786585,0.068,1,8.328568476164232,2,True,0.012275830878371936,0.0032195313208036157,0.003999826176146994,0.004994777444107407,1915.3796928375953,2029.3930279172737,770.8937320570881,334.6181984676035,19,5.8,
MEPS_2016_TOTEXP,LimiX-2,7,100.0,sd_cap,1.2,1,2000,1000,6.664999772786585,0.068,1,8.328568476164232,2,True,-0.0029859045792899608,0.0004359279171071025,-0.0011280694786273042,-0.006447309795855368,1917.1952344497204,2033.214832347721,776.5665051816338,332.42407858441976,20,6.2,
MEPS_2016_TOTEXP,LimiX-2,8,1.0,raw,0.0,1,2000,1000,1.091768665299509,0.105,210,0.04275783833361493,0,,0.0,0.0,0.0,0.0,1504.7350654869047,1485.359415020205,382.92991734300983,81.01661882291728,14,0.0,
MEPS_2016_TOTEXP,LimiX-2,8,1.0,clip,50.0,1,2000,1000,1.091768665299509,0.105,210,0.04275783833361493,4,,0.01389934847244333,0.01625499641086246,0.012280875858282386,-0.051586931447218154,1504.3764882119538,1482.9444526723473,368.48725256476234,74.51233153381251,14,6.2,
MEPS_2016_TOTEXP,LimiX-2,8,1.0,clip,200.0,1,2000,1000,1.091768665299509,0.105,210,0.04275783833361493,0,,0.0,0.0,0.0,0.0,1504.7350654869047,1485.359415020205,382.92991734300983,81.01661882291728,14,6.1,
MEPS_2016_TOTEXP,LimiX-2,8,1.0,sd_cap,1.2,1,2000,1000,1.091768665299509,0.105,210,0.04275783833361493,0,,0.0,0.0,0.0,0.0,1504.7350654869047,1485.359415020205,382.92991734300983,81.01661882291728,14,6.0,
MEPS_2016_TOTEXP,LimiX-2,8,100.0,raw,0.0,1,2000,1000,2.008207782905664,0.105,1,4.275783833361492,0,False,0.1492985583959922,0.03720139041752475,0.05595453974569873,0.14371882902300365,1503.1104474128451,1519.3628934600997,479.50104281093485,159.85820079853988,10,6.1,
MEPS_2016_TOTEXP,LimiX-2,8,100.0,clip,50.0,1,2000,1000,2.008207782905664,0.105,1,4.275783833361492,5,True,0.017894810702236228,0.022423651395644367,0.01640942069311428,-0.029798501658869107,1504.415276441648,1496.7518705194555,357.85435704126627,71.1513921838951,14,6.1,
MEPS_2016_TOTEXP,LimiX-2,8,100.0,clip,200.0,1,2000,1000,2.008207782905664,0.105,1,4.275783833361492,1,True,0.0730358742362251,0.008953199551309212,0.024622902682310766,0.10001998904753923,1505.6260579417246,1502.552016279095,400.35176527419407,105.38718526837972,11,5.8,
MEPS_2016_TOTEXP,LimiX-2,8,100.0,sd_cap,1.2,1,2000,1000,2.008207782905664,0.105,1,4.275783833361492,1,True,0.04153280555521463,0.00197986176092375,0.016007993564345634,0.0893843560502259,1503.5766187041654,1494.7187479630834,388.42018509447337,95.06923101001206,12,5.8,
MEPS_2016_TOTEXP,LimiX-2,9,1.0,raw,0.0,1,2000,1000,1.2198751625850321,0.069,58,0.059748414673468205,0,,0.0,0.0,0.0,0.0,1594.9325097964859,1732.9017651064091,640.7065150148375,267.0889012689231,18,0.0,
MEPS_2016_TOTEXP,LimiX-2,9,1.0,clip,50.0,1,2000,1000,1.2198751625850321,0.069,58,0.059748414673468205,8,,-0.06831470554458458,0.0004953164379251757,0.026220985722057874,0.0756215127655015,1595.172362717859,1728.28894023598,672.2957563261857,315.67645704730023,20,5.8,
MEPS_2016_TOTEXP,LimiX-2,9,1.0,clip,200.0,1,2000,1000,1.2198751625850321,0.069,58,0.059748414673468205,1,,-0.0009807749360327923,-0.00042491624976410914,0.0019669434537134788,0.00675937821145561,1596.4369187061193,1731.3033375218906,633.2966069183622,264.55791080278743,19,5.8,
MEPS_2016_TOTEXP,LimiX-2,9,1.0,sd_cap,1.2,1,2000,1000,1.2198751625850321,0.069,58,0.059748414673468205,1,,0.0005613048700668277,-6.99888347233593e-05,0.001921562688190849,0.0040666107192081895,1595.969681394717,1731.5994439464882,636.527252222711,265.4188354588688,19,5.8,
MEPS_2016_TOTEXP,LimiX-2,9,100.0,raw,0.0,1,2000,1000,3.593132194951931,0.069,1,5.97484146734682,0,False,0.32805853733986967,0.12916475309162306,0.0562630083199937,0.1740162247058144,1615.9274953528518,1706.7414897012843,718.2916813065785,409.06202688557494,17,5.8,
MEPS_2016_TOTEXP,LimiX-2,9,100.0,clip,50.0,1,2000,1000,3.593132194951931,0.069,1,5.97484146734682,9,True,-0.08089686686846059,-0.006196810642066775,0.028429178429839285,0.05672181208149141,1606.0123302331563,1736.3330213837637,686.4753025168852,325.2012470255059,20,5.8,
MEPS_2016_TOTEXP,LimiX-2,9,100.0,clip,200.0,1,2000,1000,3.593132194951931,0.069,1,5.97484146734682,2,True,0.0016574299557287394,-0.01785406537729848,0.00833732023428646,0.06240957509921338,1599.0691790831002,1738.7495509448813,644.4332137470269,258.50624012946565,18,5.9,
MEPS_2016_TOTEXP,LimiX-2,9,100.0,sd_cap,1.2,1,2000,1000,3.593132194951931,0.069,1,5.97484146734682,1,True,0.030170760340801975,-0.0038928271795475814,0.013248759197335147,0.07163496001754566,1599.1829842574382,1738.671730663922,652.8330522361827,270.0126559139603,18,5.8,
BlogFeedback,LimiX-2,0,1.0,raw,0.0,1,2000,1000,1.050051094970537,0.0795,21,0.3944636678200692,0,,0.0,0.0,0.0,0.0,6.359587806286157,4.905916312160698,0.8693227694085531,0.12950640449167022,19,0.0,
BlogFeedback,LimiX-2,0,1.0,clip,50.0,1,2000,1000,1.050051094970537,0.0795,21,0.3944636678200692,21,,-0.004167687292191679,-0.04069828249552524,0.005861541684622294,0.01716020395179843,6.842380633650087,6.315653503964843,2.8694839482571957,0.20079416832080524,29,304.3,
BlogFeedback,LimiX-2,0,1.0,clip,200.0,1,2000,1000,1.050051094970537,0.0795,21,0.3944636678200692,0,,0.0,0.0,0.0,0.0,6.359587806286157,4.905916312160698,0.8693227694085531,0.12950640449167022,19,316.8,
BlogFeedback,LimiX-2,0,1.0,sd_cap,1.2,1,2000,1000,1.050051094970537,0.0795,21,0.3944636678200692,0,,0.0,0.0,0.0,0.0,6.359587806286157,4.905916312160698,0.8693227694085531,0.12950640449167022,19,305.6,
BlogFeedback,LimiX-2,0,100.0,raw,0.0,1,2000,1000,12.442161591325378,0.0795,1,39.44636678200692,0,False,0.32236659631636577,0.7763043514379485,0.248987626410538,0.07039696214509655,25.14574322851536,14.686273583669285,2.996683601340702,1.5555251747471097,15,298.6,
BlogFeedback,LimiX-2,0,100.0,clip,50.0,1,2000,1000,12.442161591325378,0.0795,1,39.44636678200692,21,True,-0.004167687292191679,-0.04069828249552524,0.005861541684622294,0.01716020395179843,6.842380633650087,6.315653503964843,2.8694839482571957,0.20079416832080524,29,260.1,
BlogFeedback,LimiX-2,0,100.0,clip,200.0,1,2000,1000,12.442161591325378,0.0795,1,39.44636678200692,1,True,0.01804013735905679,0.007571071338049613,-0.0003136809835381673,0.013466349385447596,6.35090570584305,4.9122598062778895,0.9204226243651044,0.1604050789982273,18,307.3,
BlogFeedback,LimiX-2,0,100.0,sd_cap,1.2,1,2000,1000,12.442161591325378,0.0795,1,39.44636678200692,1,True,0.026121944789610503,0.012010838549978812,-0.0018273153389306738,0.019208341866821355,6.35897589251942,5.242922720214517,1.0665605793180135,0.24592773927420084,18,247.4,
BlogFeedback,LimiX-2,1,1.0,raw,0.0,1,2000,1000,1.0363614327623412,0.088,107,0.12048192771084337,0,,0.0,0.0,0.0,0.0,5.895404760192483,3.931950433964945,1.1472742014293718,0.3417961506343164,19,0.0,
BlogFeedback,LimiX-2,1,1.0,clip,50.0,1,2000,1000,1.0363614327623412,0.088,107,0.12048192771084337,18,,0.0033856967936432072,-0.002768985857382674,0.004536063081354999,-0.0015746891833896758,5.618689834257563,4.391720247205729,1.3924833281338822,0.3801311621419112,24,192.9,
BlogFeedback,LimiX-2,1,1.0,clip,200.0,1,2000,1000,1.0363614327623412,0.088,107,0.12048192771084337,0,,0.0,0.0,0.0,0.0,5.895404760192483,3.931950433964945,1.1472742014293718,0.3417961506343164,19,244.9,
BlogFeedback,LimiX-2,1,1.0,sd_cap,1.2,1,2000,1000,1.0363614327623412,0.088,107,0.12048192771084337,0,,0.0,0.0,0.0,0.0,5.895404760192483,3.931950433964945,1.1472742014293718,0.3417961506343164,19,231.3,
BlogFeedback,LimiX-2,1,100.0,raw,0.0,1,2000,1000,3.4031183685584767,0.088,1,12.048192771084338,0,False,0.13854714506218532,0.14113099743474053,0.06272263019966488,0.14808411496865848,5.936162538070198,3.9072761539494905,1.4391643334089577,0.6719505848436322,15,242.1,
BlogFeedback,LimiX-2,1,100.0,clip,50.0,1,2000,1000,3.4031183685584767,0.088,1,12.048192771084338,19,True,0.006709431319886829,-0.0019060694524198913,0.009953978842711238,0.009138596333351278,5.603289352852104,4.419602350029007,1.3952152421475184,0.35561120436487154,25,228.6,
BlogFeedback,LimiX-2,1,100.0,clip,200.0,1,2000,1000,3.4031183685584767,0.088,1,12.048192771084338,1,True,0.016542017628347686,0.015400539849506074,-0.002325683905253081,0.015515480051607751,5.944705660616168,3.9561173310842395,1.1829306702412112,0.36796384086959927,19,195.9,
BlogFeedback,LimiX-2,1,100.0,sd_cap,1.2,1,2000,1000,3.4031183685584767,0.088,1,12.048192771084338,1,True,0.019099951729752332,0.022000840509967874,-0.0028784115355385675,0.022227860076960974,5.939620155177647,3.9503312554224848,1.1991783946847112,0.37777625241976753,19,202.0,
BlogFeedback,LimiX-2,2,1.0,raw,0.0,1,2000,1000,1.0530406375251873,0.0755,20,0.32548179871520344,0,,0.0,0.0,0.0,0.0,6.152999798258818,4.810386449862662,2.004430045427309,1.0337132578815225,26,0.0,
BlogFeedback,LimiX-2,2,1.0,clip,50.0,1,2000,1000,1.0530406375251873,0.0755,20,0.32548179871520344,22,,0.006677794113623393,-0.03851253692385891,-0.03130503960289822,-0.019691718084543706,6.147054258166143,5.8066348607165255,3.3864282988149514,1.2973214274793958,39,226.2,
BlogFeedback,LimiX-2,2,1.0,clip,200.0,1,2000,1000,1.0530406375251873,0.0755,20,0.32548179871520344,0,,0.0,0.0,0.0,0.0,6.152999798258818,4.810386449862662,2.004430045427309,1.0337132578815225,26,260.8,
BlogFeedback,LimiX-2,2,1.0,sd_cap,1.2,1,2000,1000,1.0530406375251873,0.0755,20,0.32548179871520344,0,,0.0,0.0,0.0,0.0,6.152999798258818,4.810386449862662,2.004430045427309,1.0337132578815225,26,226.5,
BlogFeedback,LimiX-2,2,100.0,raw,0.0,1,2000,1000,10.522277709802577,0.0755,1,32.54817987152034,0,False,0.3082012259406176,0.6785032189990786,0.32111697937090516,0.21201861491643398,6.0459299226328245,5.263407574711959,3.5614563383859497,2.731281395719581,20,261.3,
BlogFeedback,LimiX-2,2,100.0,clip,50.0,1,2000,1000,10.522277709802577,0.0755,1,32.54817987152034,22,True,0.006677794113623393,-0.03851253692385891,-0.03130503960289822,-0.019691718084543706,6.147054258166143,5.8066348607165255,3.3864282988149514,1.2973214274793958,39,209.4,
BlogFeedback,LimiX-2,2,100.0,clip,200.0,1,2000,1000,10.522277709802577,0.0755,1,32.54817987152034,1,True,0.02245712352745264,0.005157748616208857,-0.004002449541772467,-0.003705899234953603,6.228737749977061,4.807351256998456,2.0276941310011423,1.0417538378436673,27,211.4,
BlogFeedback,LimiX-2,2,100.0,sd_cap,1.2,1,2000,1000,10.522277709802577,0.0755,1,32.54817987152034,1,True,0.029708157804798307,0.005587428067198833,-0.013912481191674368,-0.0031946394604735265,6.210506136190604,4.937216196192217,2.1024813529676756,1.071831844719917,29,210.0,
BlogFeedback,LimiX-2,3,1.0,raw,0.0,1,2000,1000,1.0530024321805462,0.0855,67,0.15455594002306805,0,,0.0,0.0,0.0,0.0,6.170171511143706,5.180993561976565,1.595169816115128,0.1705550890785744,23,0.0,
BlogFeedback,LimiX-2,3,1.0,clip,50.0,1,2000,1000,1.0530024321805462,0.0855,67,0.15455594002306805,19,,-0.004648632998944859,-0.03541308583965383,-0.05036860349552924,-0.08152229896786425,5.975079600832775,5.7607346109421265,2.346945379306422,0.41348389061420415,31,196.1,
BlogFeedback,LimiX-2,3,1.0,clip,200.0,1,2000,1000,1.0530024321805462,0.0855,67,0.15455594002306805,0,,0.0,0.0,0.0,0.0,6.170171511143706,5.180993561976565,1.595169816115128,0.1705550890785744,23,193.6,
BlogFeedback,LimiX-2,3,1.0,sd_cap,1.2,1,2000,1000,1.0530024321805462,0.0855,67,0.15455594002306805,0,,0.0,0.0,0.0,0.0,6.170171511143706,5.180993561976565,1.595169816115128,0.1705550890785744,23,197.0,
BlogFeedback,LimiX-2,3,100.0,raw,0.0,1,2000,1000,5.057390832957393,0.0855,1,15.455594002306805,0,False,0.1610257778756274,0.31773202794286154,0.10669167605029145,0.10333233784957438,5.962043030281369,4.930090733072946,1.796530166630968,0.459690072011571,16,197.4,
BlogFeedback,LimiX-2,3,100.0,clip,50.0,1,2000,1000,5.057390832957393,0.0855,1,15.455594002306805,20,True,-0.009788565168803491,-0.03777994704437945,-0.045232415234127646,-0.08297038523125216,5.972464300579941,5.792073316179913,2.402941355980117,0.40516020289602594,31,197.0,
BlogFeedback,LimiX-2,3,100.0,clip,200.0,1,2000,1000,5.057390832957393,0.0855,1,15.455594002306805,1,True,0.0016980533749310581,0.020591424207568168,-0.006921445107873136,-0.012081677262652964,6.117203608626369,5.118172238036814,1.5694016913912108,0.20430115718644057,22,193.2,
BlogFeedback,LimiX-2,3,100.0,sd_cap,1.2,1,2000,1000,5.057390832957393,0.0855,1,15.455594002306805,1,True,0.008252849704075754,0.022376201542795602,-0.020484399569223884,-0.02272072260883512,6.086617098653355,5.108332721925908,1.6031619742366188,0.2208558857802939,23,193.6,
BlogFeedback,LimiX-2,4,1.0,raw,0.0,1,2000,1000,1.1245972372611686,0.0755,6,0.3862359550561798,0,,0.0,0.0,0.0,0.0,6.001218277032825,3.9373625453695142,1.1139890690451302,0.22604207135218835,18,0.0,
BlogFeedback,LimiX-2,4,1.0,clip,50.0,1,2000,1000,1.1245972372611686,0.0755,6,0.3862359550561798,23,,-0.0269349069256857,-0.04881391731891101,-0.003614789361109876,0.022339222390880258,5.719663630466712,4.650696856329098,2.0587904189121202,0.24687158916707472,25,248.6,
BlogFeedback,LimiX-2,4,1.0,clip,200.0,1,2000,1000,1.1245972372611686,0.0755,6,0.3862359550561798,1,,-0.009286022585530554,-7.290968511657207e-05,0.005521017935209507,0.0031188482476958513,5.882440819719731,3.917686260227364,1.0947988085826876,0.21728700036623258,17,211.9,
BlogFeedback,LimiX-2,4,1.0,sd_cap,1.2,1,2000,1000,1.1245972372611686,0.0755,6,0.3862359550561798,0,,0.0,0.0,0.0,0.0,6.001218277032825,3.9373625453695142,1.1139890690451302,0.22604207135218835,18,225.2,
BlogFeedback,LimiX-2,4,100.0,raw,0.0,1,2000,1000,18.216368733057628,0.0755,1,38.62359550561798,0,False,0.4194932631919046,1.497013883402344,0.5623320661494431,0.39920607707035577,5.996528823699339,4.372166605107062,3.0981694074487534,2.016327860567097,9,245.0,
BlogFeedback,LimiX-2,4,100.0,clip,50.0,1,2000,1000,18.216368733057628,0.0755,1,38.62359550561798,23,True,-0.0269349069256857,-0.04881391731891101,-0.003614789361109876,0.022339222390880258,5.719663630466712,4.650696856329098,2.0587904189121202,0.24687158916707472,25,207.4,
BlogFeedback,LimiX-2,4,100.0,clip,200.0,1,2000,1000,18.216368733057628,0.0755,1,38.62359550561798,2,True,0.003985769386532209,0.002055785210270113,-0.0009375732648634447,0.004125708768281829,5.872714849977963,3.94872842884092,1.1077558737058848,0.22522003839494703,16,206.3,
BlogFeedback,LimiX-2,4,100.0,sd_cap,1.2,1,2000,1000,18.216368733057628,0.0755,1,38.62359550561798,1,True,0.019150504021094642,0.010888594737431218,-0.0016282239037571024,0.0282355217814773,5.975073817964443,4.065396880807867,1.1718308547886598,0.2567114561836399,16,215.9,
BlogFeedback,LimiX-2,5,1.0,raw,0.0,1,2000,1000,1.0878575648035167,0.0815,48,0.16666666666666666,0,,0.0,0.0,0.0,0.0,6.257091326382175,4.725384025722919,1.2533020036372473,0.19708014406668758,21,0.0,
BlogFeedback,LimiX-2,5,1.0,clip,50.0,1,2000,1000,1.0878575648035167,0.0815,48,0.16666666666666666,24,,-0.004290879846728269,-0.014200101539387059,0.00869513941281708,0.00538175568305733,6.244450255779278,5.67623715312499,2.2660664129287573,0.33404070217331444,26,188.1,
BlogFeedback,LimiX-2,5,1.0,clip,200.0,1,2000,1000,1.0878575648035167,0.0815,48,0.16666666666666666,0,,0.0,0.0,0.0,0.0,6.257091326382175,4.725384025722919,1.2533020036372473,0.19708014406668758,21,189.7,
BlogFeedback,LimiX-2,5,1.0,sd_cap,1.2,1,2000,1000,1.0878575648035167,0.0815,48,0.16666666666666666,0,,0.0,0.0,0.0,0.0,6.257091326382175,4.725384025722919,1.2533020036372473,0.19708014406668758,21,194.8,
BlogFeedback,LimiX-2,5,100.0,raw,0.0,1,2000,1000,6.759700465277112,0.0815,1,16.666666666666668,0,False,0.24495983612523003,0.31050645786288145,0.17672833124467896,0.2037688499798574,5.9912264728245885,4.669132304427674,1.7768458017232225,0.5401875925637503,11,191.9,
BlogFeedback,LimiX-2,5,100.0,clip,50.0,1,2000,1000,6.759700465277112,0.0815,1,16.666666666666668,25,True,-0.004877689131420254,-0.011025063205788464,0.010120108259302926,0.0032024651509485707,6.272329658502176,5.689989843099498,2.421035997439525,0.33666089616376077,26,193.3,
BlogFeedback,LimiX-2,5,100.0,clip,200.0,1,2000,1000,6.759700465277112,0.0815,1,16.666666666666668,1,True,0.008307832236555616,0.01011438143372171,0.0019343650812870062,0.005464546430830584,6.174679745672826,4.672956578077199,1.279504378314931,0.20931533466735677,21,190.9,
BlogFeedback,LimiX-2,5,100.0,sd_cap,1.2,1,2000,1000,6.759700465277112,0.0815,1,16.666666666666668,1,True,0.030474762760104114,0.024120671821283544,0.005553989617783414,0.007958768058899777,6.134962869981535,4.720638148410869,1.312545955504757,0.22200696991180166,21,192.2,
BlogFeedback,LimiX-2,6,1.0,raw,0.0,1,2000,1000,1.0541876188375285,0.08,145,0.05767012687427912,0,,0.0,0.0,0.0,0.0,5.793103219491672,4.919526246579219,1.535851596351252,0.4448765534285939,25,0.0,
BlogFeedback,LimiX-2,6,1.0,clip,50.0,1,2000,1000,1.0541876188375285,0.08,145,0.05767012687427912,18,,-0.0081385720460409,-0.03423237576719135,-0.035423252953664594,-0.029397441104950146,5.853838875393631,5.118328342939643,2.030614095152721,0.49141264769705356,23,186.4,
BlogFeedback,LimiX-2,6,1.0,clip,200.0,1,2000,1000,1.0541876188375285,0.08,145,0.05767012687427912,0,,0.0,0.0,0.0,0.0,5.793103219491672,4.919526246579219,1.535851596351252,0.4448765534285939,25,190.3,
BlogFeedback,LimiX-2,6,1.0,sd_cap,1.2,1,2000,1000,1.0541876188375285,0.08,145,0.05767012687427912,0,,0.0,0.0,0.0,0.0,5.793103219491672,4.919526246579219,1.535851596351252,0.4448765534285939,25,189.2,
BlogFeedback,LimiX-2,6,100.0,raw,0.0,1,2000,1000,2.111809978839709,0.08,1,5.767012687427912,0,False,0.09275121984007584,0.030622357106500114,0.04024286092466399,0.12523118322284524,7.369039258071484,6.2501515103768215,1.8060679768219023,0.4824065908416839,21,189.9,
BlogFeedback,LimiX-2,6,100.0,clip,50.0,1,2000,1000,2.111809978839709,0.08,1,5.767012687427912,19,True,-0.0172584035008821,-0.037368347414421424,-0.01774655878278293,0.029375920537660194,5.834688205904093,5.147982225032662,2.0923635481821212,0.48014244982302207,24,188.4,
BlogFeedback,LimiX-2,6,100.0,clip,200.0,1,2000,1000,2.111809978839709,0.08,1,5.767012687427912,1,True,0.004646398265405171,-0.004792653313884615,-0.000747890411767767,0.018782582311136144,6.318869916678199,5.070099589344938,1.5928525501819526,0.47378866660618163,23,190.0,
BlogFeedback,LimiX-2,6,100.0,sd_cap,1.2,1,2000,1000,2.111809978839709,0.08,1,5.767012687427912,1,True,0.0074709370994630155,-0.003275133264871493,0.007509770375968705,0.035033337295127184,6.5921996448291535,5.134592580195794,1.6764577932630118,0.5310864176788274,22,192.8,
BlogFeedback,LimiX-2,7,1.0,raw,0.0,1,2000,1000,1.059335618208761,0.076,148,0.05353319057815846,0,,0.0,0.0,0.0,0.0,5.7840976383339635,5.626282037601834,2.1116589750032215,0.49226520460277007,26,0.0,
BlogFeedback,LimiX-2,7,1.0,clip,50.0,1,2000,1000,1.059335618208761,0.076,148,0.05353319057815846,21,,-0.0035896112082056805,-0.005631476059388088,0.02265797419152332,0.045510667627177315,5.706392822266328,5.9460003560720365,2.5507322547625932,0.6335324995430068,30,192.2,
BlogFeedback,LimiX-2,7,1.0,clip,200.0,1,2000,1000,1.059335618208761,0.076,148,0.05353319057815846,0,,0.0,0.0,0.0,0.0,5.7840976383339635,5.626282037601834,2.1116589750032215,0.49226520460277007,26,195.7,
BlogFeedback,LimiX-2,7,1.0,sd_cap,1.2,1,2000,1000,1.059335618208761,0.076,148,0.05353319057815846,0,,0.0,0.0,0.0,0.0,5.7840976383339635,5.626282037601834,2.1116589750032215,0.49226520460277007,26,193.4,
BlogFeedback,LimiX-2,7,100.0,raw,0.0,1,2000,1000,2.057676633150568,0.076,1,5.353319057815845,0,False,0.09402247171590288,0.05286525170688289,0.037585595608400454,0.08289019574415059,5.789686754572687,5.821152356021521,2.399492761537654,0.5479638377137234,26,196.9,
BlogFeedback,LimiX-2,7,100.0,clip,50.0,1,2000,1000,2.057676633150568,0.076,1,5.353319057815845,22,True,-0.0011716666825545303,-0.0033929010348269176,0.030554616289507792,0.05263001071328982,5.659966859683889,5.965067105848313,2.5119241876601865,0.6379063918002655,30,197.0,
BlogFeedback,LimiX-2,7,100.0,clip,200.0,1,2000,1000,2.057676633150568,0.076,1,5.353319057815845,1,True,0.009289165699678349,0.008244252600663332,0.0023699652926330523,0.008948402233366681,5.774623392862631,5.678753007095046,2.169056546416487,0.5298720637679278,26,194.5,
BlogFeedback,LimiX-2,7,100.0,sd_cap,1.2,1,2000,1000,2.057676633150568,0.076,1,5.353319057815845,1,True,0.018675422081995026,0.01112510809521184,0.015589914306654119,0.04245180987471214,5.7866363376955725,5.758635387098499,2.241886300824698,0.47206300239942184,26,193.3,
BlogFeedback,LimiX-2,8,1.0,raw,0.0,1,2000,1000,1.0768207717132097,0.081,50,0.1544256120527307,0,,0.0,0.0,0.0,0.0,6.390154562653083,5.526823692159238,1.413871597765289,0.33358564126962587,21,0.0,
BlogFeedback,LimiX-2,8,1.0,clip,50.0,1,2000,1000,1.0768207717132097,0.081,50,0.1544256120527307,16,,-0.007311262166610344,-0.023578352904482465,-0.0017313295841258475,-0.010565950570280012,6.44222522144287,5.790467007816277,2.084404215743091,1.0156478676252996,27,191.6,
BlogFeedback,LimiX-2,8,1.0,clip,200.0,1,2000,1000,1.0768207717132097,0.081,50,0.1544256120527307,0,,0.0,0.0,0.0,0.0,6.390154562653083,5.526823692159238,1.413871597765289,0.33358564126962587,21,216.1,
BlogFeedback,LimiX-2,8,1.0,sd_cap,1.2,1,2000,1000,1.0768207717132097,0.081,50,0.1544256120527307,0,,0.0,0.0,0.0,0.0,6.390154562653083,5.526823692159238,1.413871597765289,0.33358564126962587,21,377.6,
BlogFeedback,LimiX-2,8,100.0,raw,0.0,1,2000,1000,5.922899038134819,0.081,1,15.44256120527307,0,False,0.19909431832742447,0.24995859931783942,0.13334591917483193,0.15311244674757213,6.508816278699058,5.816728152400821,2.009688325041185,1.1338592023072094,16,344.5,
BlogFeedback,LimiX-2,8,100.0,clip,50.0,1,2000,1000,5.922899038134819,0.081,1,15.44256120527307,17,True,-0.009989864799762526,-0.0287317993416419,-0.0037058202834774,-0.007835481669134578,6.473261425148975,5.837502594471929,2.1068193542380738,0.8661430807949795,28,308.1,
BlogFeedback,LimiX-2,8,100.0,clip,200.0,1,2000,1000,5.922899038134819,0.081,1,15.44256120527307,1,True,0.01728272034147376,-0.001253401924341849,-0.005301169519097122,0.012682817806426588,6.460636542995571,5.7515824789625745,1.508960290899999,0.33401460737360716,21,281.7,
BlogFeedback,LimiX-2,8,100.0,sd_cap,1.2,1,2000,1000,5.922899038134819,0.081,1,15.44256120527307,1,True,0.02294728833006285,0.0014158587779845642,-0.0025201076473484003,0.02961966292124623,6.4598282305924855,5.756467682490551,1.555887339460588,0.3684250774576143,20,264.4,
BlogFeedback,LimiX-2,9,1.0,raw,0.0,1,2000,1000,1.0384043800605232,0.084,115,0.09816753926701571,0,,0.0,0.0,0.0,0.0,6.295265472366308,4.869286253205505,1.056286857629818,0.20776228114552303,20,0.2,
BlogFeedback,LimiX-2,9,1.0,clip,50.0,1,2000,1000,1.0384043800605232,0.084,115,0.09816753926701571,18,,-0.004118854010482434,-0.01660350003967212,0.015109871690723966,0.017669967042403364,6.428893359479271,5.835640624748515,2.5546013833344454,1.3551670864545036,29,396.1,
BlogFeedback,LimiX-2,9,1.0,clip,200.0,1,2000,1000,1.0384043800605232,0.084,115,0.09816753926701571,0,,0.0,0.0,0.0,0.0,6.295265472366308,4.869286253205505,1.056286857629818,0.20776228114552303,20,472.8,
BlogFeedback,LimiX-2,9,1.0,sd_cap,1.2,1,2000,1000,1.0384043800605232,0.084,115,0.09816753926701571,0,,0.0,0.0,0.0,0.0,6.295265472366308,4.869286253205505,1.056286857629818,0.20776228114552303,20,253.5,
BlogFeedback,LimiX-2,9,100.0,raw,0.0,1,2000,1000,2.8927359393591683,0.084,1,9.81675392670157,0,False,0.1337388415734609,0.13456258407953686,0.04530880747468243,0.038515516945447976,6.406945899468679,4.969637750612351,1.472705966380141,0.42026269568330493,19,348.6,
BlogFeedback,LimiX-2,9,100.0,clip,50.0,1,2000,1000,2.8927359393591683,0.084,1,9.81675392670157,19,True,-0.006908905772969102,-0.010060531575151627,0.020824975684409847,0.030636153481297057,6.39419892237255,5.838719941303396,2.531240007691546,1.1421200988834357,29,336.6,
BlogFeedback,LimiX-2,9,100.0,clip,200.0,1,2000,1000,2.8927359393591683,0.084,1,9.81675392670157,1,True,0.02704475594466515,0.028661109021296007,0.010861627256337353,0.010893919356639192,6.279953072202373,4.783911151724227,1.0826647010280759,0.24452406538304913,19,254.8,
BlogFeedback,LimiX-2,9,100.0,sd_cap,1.2,1,2000,1000,2.8927359393591683,0.084,1,9.81675392670157,1,True,0.04344017837804761,0.027861959797251992,-0.004315094519522665,-0.0039641514566423645,6.2968968662946425,4.83976679408372,1.1037697689885788,0.25478532282125377,21,192.8,
